0.09438072474089931;0.8987041573354435;0.19687352857379425
0.6151998760486274;0.7560103386907823;0.7235813795158569
0.3347112774629686;0.37288664029315044;0.7463652848953303
0.4638117214559735;0.10005223053508794;0.886178622297896
0.3997141628852564;0.5915433653487538;0.17611730499738754
0.16190821350145757;0.1855559828981722;0.36994785671523056
0.5630742764595107;0.7742092951768309;0.027382972752784118
0.8489059089173596;0.7713766255269153;0.8222634281863183
0.27318113868392746;0.3913424897834259;0.23093677360618192
0.5523992150710696;0.06008527723343582;0.10327437853235533
0.9583175865232707;0.3173842718737706;0.19861478547161193
0.09804796048333653;0.2743586269281114;0.2789987012572497
0.7569153307631978;0.42186806064846305;0.0061689307444897645
0.22724282086418723;0.4248163180594178;0.07368796136376721
0.3179721074132603;0.139932874935341;0.6932219178388868
0.31624792677969915;0.9294879754855782;0.8305691022566227
0.31224331688517815;0.18515867654494678;0.061292408576131496
0.6338141494856363;0.9152989242437592;0.48577646177968514
0.8215294399817603;0.9474010240541387;0.8922691657098553
0.9803164949165015;0.3348551936747244;0.27500785682008655
0.8404531871858385;0.9352629527572863;0.7759427531390458
0.532778330718713;0.3788977890481603;0.8784700744095566
0.035383132123494865;0.842331533124447;0.2677589505312079
0.7409239558606037;0.4979048883724275;0.01787891492160476
0.0343238317112976;0.4502198245002813;0.6503098751710286
0.203968451511636;0.8360719004623398;0.9381046964983136
0.7511160815696888;0.32648849188622775;0.7749051658522622
0.5889408342259517;0.8107345230417186;0.30212664685549284
0.03173135736448662;0.6124613418699828;0.03016253984358397
0.8913274210276498;0.6690716177609506;0.22413954750229892
0.00919637730106082;0.48518575591335744;0.8010137720247864
0.5658092617816717;0.2938076980856593;0.6675243828782892
0.980257557808125;0.7802003741397696;0.3751299277581811
0.9584367267963918;0.4847913846633566;0.9365962392019519
0.769872550158663;0.48299972456358076;0.09945687206008469
0.8247736033846499;0.880391717152823;0.8385183305245536
0.08651992173123813;0.18776568589617593;0.6824205749682273
0.7269904099647738;0.32498954702215266;0.6378615429552883
0.45236678561991417;0.421612730074274;0.6168809427175267
0.9431922514391617;0.9198989490034557;0.004273934962177095
0.36451425822867756;0.3046807694022654;0.7669520925390386
0.39866548833694015;0.5604332763870528;0.529374002816526
0.5291789918936841;0.7602005124215129;0.5504416961532145
0.7591953391516104;0.5054327106265483;0.5745618314357205
0.458273445955961;0.12290739612046764;0.007779393144921487
0.04441997533722275;0.4751405253270248;0.6904787794529103
0.4597851567607799;0.2806329472416452;0.004148087560371216
0.44267049973339156;0.27727588107527246;0.4315436275923962
0.8442459359735617;0.015331381547549539;0.6848308891383191
0.9282223607620874;0.04739812009758615;0.4421282633714606
0.6483444700205977;0.30468213513729403;0.19561389892806813
0.17960701449155847;0.3939261126643332;0.5717833620523447
0.629131131812118;0.217002629197259;0.7933450258781491
0.4717717684654098;0.6078697223543537;0.9916006220507906
0.37062694301258214;0.8905279707923277;0.7357642585025764
0.27444859289440504;0.2165333146627192;0.7382002562494884
0.9894725973782007;0.8559267545206494;0.2557724707789387
0.33914267813964516;0.4553854988070175;0.6187575597870404
0.46587309985393066;0.2615642182998401;0.10039913393901867
0.6517777484820101;0.6558903621579031;0.34488053892094106
0.13654398560140013;0.7757681090374683;0.9403828677676812
0.16043640724943709;0.9154185700441128;0.35997265553709246
0.558391401924017;0.006421512420382247;0.9598865904636925
0.8870986010988031;0.5488722230180563;0.5895233656257056
0.32278924768778827;0.04888702286830693;0.905602866778351
0.18071561598967822;0.5146375955388633;0.19334413505932246
0.27565405850406277;0.7257824955082878;0.16322947977151658
0.18048225781530025;0.9925630308042137;0.09662433461422504
0.3508807637254837;0.8200009774902487;0.22361706190097697
0.22933469825800323;0.25435016728017956;0.7658475923452635
0.398040815825796;0.13437690785729595;0.5764146926833185
0.4939625991351678;0.5093619747961746;0.07230295803936249
0.628675208420481;0.04885218426189786;0.6063600962130977
0.4635694040253059;0.17556679255013674;0.6261623445870633
0.5990035486471852;0.31889779141402463;0.5947188384064104
0.9328475049528393;0.977493764381427;0.08389726994845659
0.28292945229153776;0.8748522621956496;0.336803600831016
0.6258590854602456;0.8759115778676428;0.5263122847792645
0.5527140020238878;0.7941435879515858;0.022585536556952723
0.6705698536754455;0.09679573533240227;0.8995072582789909
0.061528885895012375;0.29345708739769494;0.739229332300109
0.3292331262080376;0.9436173537057169;0.47070323509353373
0.286836259006219;0.08934503118771453;0.055505137117366266
0.979744547449727;0.8574561834236718;0.7630067813808198
0.48752099305403285;0.921578731212669;0.7933133054020874
0.5278201458564933;0.9572092991943807;0.2920570663141424
0.40893875870345675;0.09694002368631971;0.937940966127298
0.058541975776012056;0.4538768412580322;0.9364395297564485
0.2117314370059019;0.5053833730793614;0.6778903753287377
0.6524939306802928;0.4390737470936973;0.8469207985609931
0.49239400226177354;0.27920531509747637;0.38473249953879696
0.7125782013984334;0.9052469619869935;0.18720003684526376
0.0776332613314159;0.2171467702928197;0.1678175956237664
0.4654599124917762;0.21095664609091602;0.7936376737917846
0.5362969985775216;0.5572032104106033;0.8039528286257326
0.09572365349935397;0.8511217082513578;0.8136056739421137
0.15741645289776895;0.6952860391260507;0.3604008549801002
0.23380277765410318;0.9825867944237935;0.29058140859361803
0.6697480746529267;0.008855335124194452;0.5297569633983912
0.0906094802604559;0.8418591925897227;0.8775050585052924
0.48864554633884694;0.03824155467007584;0.2621034319156681
0.053190781875338766;0.3356839291734419;0.34694062943338977
0.2948375733307279;0.5765134317621251;0.40268537950257577
0.03084095797826425;0.49627717709852526;0.9410651315759437
0.42458383315062964;0.978700666286741;0.7084572631991007
0.6408711474082726;0.08300479198382316;0.9291603865402102
0.32781044582247076;0.6629976216870579;0.1396132171457385
0.0578045828579008;0.6556903758313445;0.45350596569793866
0.075570117982515;0.6885724389018572;0.4573595709726548
0.576182152807826;0.7199724821924484;0.537981625942617
0.4657259211014124;0.5187144771900322;0.07517972826622654
0.8833827127856283;0.3807327563529733;0.023904640703077074
0.2761658863425034;0.2536425753496512;0.4050585571492914
0.5309352551889637;0.6024396996901561;0.07264363621013115
0.3949671563125934;0.3338805768708665;0.7288916010921923
0.9045136041210442;0.10235241603123146;0.8528324276171995
0.3163487239728169;0.6718635742732273;0.4665946188703959
0.8881775786172577;0.19574057505797138;0.09248239671297154
0.32907760055258894;0.3747921516197745;0.4100119967697292
0.5770127551925516;0.505211293151885;0.5824392328092185
0.3578854040151854;0.6822216648301843;0.6435054760034213
0.0895029820214921;0.7215484506872437;0.8011600175024031
0.24385785819523975;0.39484852929947833;0.794939536678433
0.8258168793034913;0.8398608813710604;0.37039915665314294
0.24010567930153714;0.9016874170250865;0.7731231357992191
0.847701998801991;0.9145905103950016;0.1431307800180215
0.43875392440631344;0.31480444379203254;0.8218584281713076
0.016918958564200337;0.46449975646627384;0.6991124636662143
0.15297831087914981;0.9913046039235537;0.9666724504662055
0.7022366745983728;0.7623434436114629;0.11481822801662178
0.2168634810485609;0.847581222766627;0.5550298631544747
0.585212809576679;0.1979612327493655;0.16494069209493434
0.204255587036006;0.8988363097029741;0.5999942465635041
0.7205375004118947;0.14093809444788052;0.010377623798064839
0.6682143762212163;0.4614359694558656;0.16856426526261625
0.2964355909304184;0.31963753258356253;0.8384227718298273
0.8469179429872072;0.4945904410493739;0.37030103704123885
0.8383861566686149;0.9711592423865819;0.8931699401246606
0.19203078496922554;0.5328202267333682;0.6618401313614694
0.41739343770573234;0.8929359866059925;0.3935536809755764
0.16674710247055535;0.09336899334254845;0.5514255900939883
0.5668146904273683;0.3807281283134313;0.6358032103517239
0.08227627594406683;0.11846436536691618;0.8493846751216266
0.8779946074918592;0.3331687900618512;0.4925132365674971
0.16410020678188364;0.28823052730221344;0.8746844421478686
0.674609206526808;0.7349219487964929;0.9920291312817149
0.9934044446350877;0.5524067368040001;0.7837735467830673
0.6077497204908848;0.9403744522638056;0.1433403416287118
0.7465497892055861;0.06570853891754747;0.7174323599903887
0.5800880985364923;0.13941000042080998;0.2698157194050297
0.3539300597883971;0.44613206071839584;0.6244531113267086
0.23910203718088685;0.22268113397233014;0.5208241506669777
0.7079513598915622;0.1693369321861795;0.4044885472308992
0.435882334623409;0.6005901737752225;0.8387125063522783
0.042403517235276245;0.5405753368208633;0.7366210542950468
0.31300535825439413;0.0656206985761334;0.2952513540220655
0.7429595766417233;0.7925123083927098;0.43111584975654205
0.31418479972686986;0.47484968157123897;0.07382867129100434
0.10438673700561996;0.2288732512064957;0.7688504004742676
0.11340867544110467;0.5613458567176571;0.11955169856815273
0.6413946252273266;0.09087192909809061;0.8004424956100833
0.7264237712064129;0.3046178482813964;0.7584233991372946
0.5477673894994733;0.6113317893591801;0.28777716128900055
0.9507452252437256;0.35298636696328256;0.41184012148368343
0.5190248683509995;0.9124489869081055;0.9720012639388604
0.7273904923649304;0.8080793328071191;0.7274579639656451
0.2028764356619186;0.22184304185292492;0.6174222710151586
0.15663125326528415;0.06842482019435836;0.6373384706255989
0.4318162263910389;0.017382243417744303;0.1703379947042979
0.4233731593730856;0.29162222599686893;0.7071301025883431
0.3298714419402994;0.06201486804494305;0.06778163355147204
0.7860396937715318;0.7416409034761636;0.2627880667347058
0.24877947958291224;0.7263013192196879;0.8431774429797656
0.11139094785173165;0.9307012570645972;0.7413685377133762
0.6600887895295849;0.3032806096137448;0.22012429140596812
0.9619931891224557;0.5741159586718854;0.9865391519872188
0.5074967024596692;0.5288597375421697;0.2524380329979452
0.28924663461862243;0.824518032369038;0.011485959548555025
0.5764697398188912;0.008777405353315726;0.9986650587242021
0.5864041502289006;0.0976596990965869;0.8231822434047674
0.0052173665189071405;0.28877413612220126;0.6530730262021759
0.900881373653866;0.591472424467269;0.7823942501806531
0.7490047504419263;0.9424686070783802;0.29583147985344715
0.522194096914266;0.8817228556374053;0.7876013317167235
0.5157969326522501;0.9222389107216931;0.6221968853311558
0.149462515953953;0.9934558169640432;0.033064821962218716
0.14646126934523596;0.22169984290920464;0.2008936285591597
0.2863627177759779;0.6121519900229776;0.60195517910109
0.24747457789662985;0.6200674307033887;0.9057604684170153
0.6863165625740798;0.0789658742826912;0.25520382852311496
0.6180519907157609;0.843554618175946;0.597915676397337
0.9519001443689876;0.17553830249939273;0.312034177424532
0.7012481282195355;0.7692124084885391;0.8782094890634461
0.9348725279558628;0.41109801059826134;0.025219947939126075
0.3856152229604003;0.8655663483935652;0.5265189588715118
0.38080521369188103;0.5697543030308079;0.5669931269144907
0.324398526639771;0.19269132492220853;0.057653104245149134
0.10376900938901856;0.38832306614485956;0.40964309718638714
0.7286523995786226;0.03681128102396092;0.2976802054181026
0.32915168518765103;0.8218719556106063;0.48763238521871166
0.5109845308952581;0.5904691854204029;0.7963558470012879
0.5664334670767411;0.20329635898290466;0.3312772611809055
0.9783684275302894;0.21117242530297553;0.004900815823482119
0.9368705145931575;0.4055851049937733;0.03193138141702312
0.579332456286974;0.33967731757908104;0.649153329423943
0.30136499824780216;0.8136774327691114;0.35210101442282826
0.02629479549237368;0.18316393566355083;0.8556566506793355
0.2211175904259477;0.9598328081834486;0.08261556042918772
0.13880622451949753;0.7157701622791024;0.643255126175957
0.9698909994962297;0.58004483179287;0.9775081244517485
0.16973492381330124;0.9251344015159414;0.5753900750400106
0.6538039451936717;0.9234790946664914;0.68453154016609
0.22499369501541877;0.013671970764044472;0.07795941320564292
0.11049555747480866;0.36618826012660455;0.6581946547073704
0.25339348056819755;0.753799301780904;0.604249653435956
0.8541191833397613;0.29901231902212677;0.25524088352929686
0.91750183473577;0.8839497532112361;0.48846019765446447
0.8732321705561391;0.4149337772778192;0.8622806087916526
0.014220272915191456;0.21480024733525116;0.30465095250431984
0.48822164938648627;0.5832470869685059;0.9938248066441432
0.3021662982291575;0.48702105154309816;0.8452609838228908
0.8098785007813247;0.9857499804490406;0.24821192638610545
0.24211964630074911;0.5294918844124967;0.21998481227684263
0.15531807795719632;0.48395822899851426;0.7077057835449843
0.31352431208279885;0.4133827300122397;0.4771296806098513
0.38889075763104186;0.6344090223876225;0.0497716059612765
0.892135500472575;0.5090341908035425;0.4665949105480206
0.9485294546546205;0.05535424496117969;0.7708775650984201
0.05394686738779664;0.6848202882976766;0.18685742059876187
0.12439322968641187;0.7870879736507194;0.3475960845085615
0.8014826508625359;0.6325167557084651;0.5808143211411627
0.690244549713312;0.7592895780426796;0.3680139299599595
0.6979547045976705;0.57838447102716;0.655086768029334
0.9273094204819392;0.9393866727099768;0.6934766411202475
0.5950802409413342;0.5441723535047382;0.18218974831438373
0.08465426315968183;0.32443552367157524;0.40883448225766117
0.025145575949750865;0.14884344913763925;0.014062648275129375
0.926914712521688;0.024684631450891725;0.9758623010057037
0.20329828223759383;0.0003437408657629426;0.2784539736433943
0.15536011990165677;0.9595185841534589;0.27316133421695143
0.4528678641611743;0.9675960727633225;0.12818090566114482
0.9781657548794941;0.2287124757796265;0.5449036667344226
0.6136967862100219;0.11531146558228322;0.27643070250021684
0.4986323439928151;0.4395466946518273;0.7360526685196948
0.35935044447347564;0.35176209506734246;0.23902375501731354
0.9727636668574137;0.6040542733943356;0.16338945637784497
0.8224940574461765;0.4874882217946849;0.390877996584852
0.7891225005687375;0.7009184097735386;0.38682374089417315
0.48359262974698414;0.5160143613526833;0.01437262169471476
0.9417238271638972;0.5352792760234745;0.145223806730157
0.7979558980167317;0.44733657767909174;0.7071013680216436
0.26069861358370094;0.3329772779581738;0.4540248245630537
0.729478985030494;0.11234194196915637;0.44673300276340566
0.2579629000322934;0.666981422003847;0.13003464035495937
0.5993421225401968;0.6453203487585545;0.15502585711604489
0.7084066019978791;0.6539288147607891;0.8501431851625847
0.16913600503929094;0.22420002115902615;0.8944978514819352
0.8714853672404357;0.8528289170957204;0.901305669579913
0.7478741861743424;0.21083312262874154;0.6725347726964718
0.09892154894289185;0.6206540506581864;0.7089608929715248
0.1651479086948633;0.8747199077566647;0.9062883311676218
0.72744853277673;0.4302376384080667;0.15631803917797726
0.594552073665188;0.6415349645473805;0.030666378570503472
0.4426713385825952;0.372625997370298;0.6986848880398568
0.13338271363961707;0.14825897603718352;0.3694895639904948
0.7784076306567332;0.20051807058817817;0.17042595340734223
0.07858199763125984;0.8908074581153961;0.07155989753230618
0.23412069193998253;0.8781901229277702;0.6208015953211471
0.3776453792322878;0.3980077418339045;0.6163760531863233
0.8111136729151166;0.17307368834453596;0.6154690335667398
0.8369961958668775;0.43564241994012787;0.8332236993546432
0.26706903713297836;0.735652268408387;0.4281174603530188
0.23439114529385086;0.286422341095665;0.07552861602522154
0.9866183630589963;0.6916793155961501;0.7228833887092752
0.7169715418849635;0.981455544225594;0.8630289219732065
0.23986701787378684;0.030944758482281176;0.7070337723533553
0.6959576575126046;0.9367535491790774;0.6980323098819914
0.35527755351309487;0.1205922942990949;0.6507464554741932
0.3358317341844924;0.2932512439822724;0.8280597763394676
0.68124673128736;0.19038282532977635;0.7033883005672338
0.8444301517305318;0.2917672165113224;0.849437706967352
0.24237253395612557;0.8247134516159047;0.07697705484223871
0.8696998522909052;0.48358099081736783;0.34785393202144677
0.5192423643044368;0.9715299127757098;0.330227939177566
0.28862184667987456;0.9487860591061019;0.5258942385175971
0.597987946005528;0.7200491124768809;0.8864512205360057
0.7633242922607792;0.7666860087050588;0.1281437051482709
0.31568363757942497;0.004239566749325574;0.06742455917925827
0.3330126204948849;0.5825315544714982;0.20392778993856941
0.4698090990574697;0.3584795142846896;0.22571123582125419
0.684286769405753;0.05790480570786838;0.2705313906551602
0.5008114924795787;0.17147419218486348;0.17917413088864664
0.9490760339902866;0.8493329526103126;0.049523283971350196
0.09545797472077167;0.5041194920529729;0.7113922119093707
0.7116983252164827;0.3866866614109059;0.14022286946458629
0.22239723042522463;0.14459000644606468;0.2573132904704344
0.373596934403266;0.11600872412507546;0.7857797103857388
0.011594810111800746;0.06767634929217226;0.6506818754338166
0.8263649769126403;0.7131370170946911;0.4592670155427253
0.33413276294913685;0.18461646162276446;0.18287033409986087
0.37075606673773376;0.48964271049483843;0.923865413018466
0.612845548839384;0.5570075798120925;0.7836762921444922
0.5416928751854353;0.4727320881273043;0.25289066950375594
0.4505372200898896;0.8885335847482202;0.5733845793317566
0.024242877009593933;0.32330531376390037;0.020308215509801775
0.8043923548959797;0.5437296705344878;0.5419710618287392
0.47162480671394114;0.9574462767895662;0.7806365343783697
0.13975889641494987;0.3138906927304741;0.786766691739881
0.6360793380859904;0.5017933013633945;0.8044104514252166
0.671079777055737;0.11766110812581243;0.8317091654293335
0.3056726011294194;0.20959697143337752;0.6068119268076215
0.9956486588464959;0.9345388865504186;0.263069567565146
0.00017620778616389554;0.6329798365812765;0.04617982231328899
0.7083013240324834;0.632087862625529;0.365507065981556
0.23663853346770225;0.1822261947813959;0.8991181430856233
0.7082636197352281;0.011090520246281654;0.24536687547766345
0.99295377813101;0.7692626928504445;0.7019420689972018
0.9871873667704391;0.02846046807377889;0.5789340821506814
0.7243333410186077;0.08568717288840988;0.0108735118562715
0.5828436009365765;0.7378733037933177;0.09408348029434
0.7399492971383048;0.8212160410384479;0.8023835680702984
0.35211481201760364;0.8913216911916598;0.11628589700571235
0.23306696506852076;0.8612061272387392;0.8586984661220708
0.22296361979833823;0.06892702193623002;0.9908456868552661
0.990213059573978;0.3127909048752797;0.4144342650798961
0.8247074991414298;0.1953779178663887;0.5740931761435545
0.8198413735978397;0.8462942649003727;0.6080639249348159
0.39923483570002083;0.6017670284241213;0.8704094829979235
0.1427216337513968;0.8429355515429989;0.7303169202870086
0.447680865264784;0.4754466021652445;0.003639807191246347
0.8199009895354162;0.5340142381137655;0.44273284424607795
0.8942675122776133;0.2670763825802833;0.7352400341716199
0.4974569097406454;0.76833823646624;0.006548817674530749
0.044665107262683024;0.32921752637858626;0.6556578740241881
0.5906909674941907;0.029763739226519204;0.9755197519323703
0.9531322549658833;0.6558568229877235;0.2062389998487516
0.014705808509075768;0.6243233417634383;0.05145755922276196
0.4418862193958375;0.3443041159253999;0.7973639578175111
0.7787459381282898;0.8638292846121806;0.657850478001958
0.7549118685740259;0.9788046783153601;0.9457272259675275
0.8108017254102201;0.8548222210210407;0.29708187145228193
0.685797463080116;0.20446822673325193;0.02993707872323481
0.365840349722121;0.8552820129210427;0.6089511851492885
0.11637999474236693;0.670600251156908;0.28943249375885693
0.026364854788820113;0.06569498734529977;0.7099250790801442
0.3084895710410911;0.37990909856090027;0.7128525801133095
0.4575114115844995;0.3754197839523299;0.6905028657714016
0.12778556670360952;0.6777725686047941;0.8694654029989858
0.9404501720897869;0.3768661840640142;0.16980089984731805
0.26475326297872714;0.42656917366587066;0.08856275951407433
0.7683984957529625;0.4963200802677038;0.298765947991234
0.6757354705178488;0.9736468531439172;0.738942841225496
0.3998319231777677;0.34436987674615027;0.41170876211975327
0.4215059260487818;0.6953735219732191;0.09754421202431407
0.19097402255217089;0.9191502983907867;0.7128905158287953
0.9380054337263947;0.6585340278676409;0.3046052789300593
0.932525021425285;0.8344348204652732;0.771880312597062
0.9699315070408215;0.9219259644530207;0.48451359745516254
4.9603680115084536e-05;0.835336117277563;0.99415499470096
0.05428980530009242;0.667259841665801;0.6264868782499171
0.3142648718371227;0.7432008159713049;0.475721766700155
0.33998124512989747;0.13092018045620357;0.16968392701465773
0.4679856181490889;0.7292357162818;0.3270521547439845
0.37537739410879145;0.20428936087743843;0.8726168409089611
0.3258844538836334;0.444056756636969;0.8550540878306808
0.7348191354496514;0.1691434391679787;0.7438493815087722
0.23791652212912084;0.6673987671620546;0.29456018942352136
0.9588588232026688;0.9852721319308212;0.6606161617858705
0.17981074810514974;0.16411946320521875;0.189152566263054
0.589099295458549;0.8768579054096162;0.48102914791256257
0.9417003924412635;0.9674249627393521;0.016797843233706256
0.9700835881489765;0.8815420333399971;0.979210681928659
0.5756692075883052;0.8665364099789928;0.9479388633616151
0.8508193376363623;0.242100213718476;0.027309401846488557
0.34466850673470806;0.3459212008296326;0.7983775513762028
0.8599189756246737;0.7946205880621857;0.23874092555227466
0.2551071071426282;0.08856259266412159;0.4089859649128872
0.0016114140222905915;0.18361490102149547;0.37118304177972683
0.03294595437209302;0.6316384882841718;0.5829301827884655
0.12941076704922627;0.3902847355166911;0.5477700685076011
0.4579369359005574;0.03290072482754525;0.922026862202805
0.3935040696107165;0.9123078766309924;0.490346091646245
0.036177968434428665;0.4386476848343601;0.7001170891852668
0.09128481619749373;0.9043651204757345;0.8663227201441774
0.8319711383987027;0.810271874119635;0.7423234250395311
0.3592947311224065;0.44637503877199525;0.41561480165857834
0.7292682838141538;0.288200767759737;0.7319563415420092
0.18854588225585556;0.7994870275317552;0.6625454212269044
0.9123747660005381;0.6287875057174122;0.834163408360059
0.32460546380539435;0.7798278138668601;0.050005122078102926
0.7696569345716866;0.19891058488240498;0.5455047950410244
0.171386384009673;0.3709609139185649;0.3505228690810386
0.049853252976615026;0.22616977321523124;0.9628650093700889
0.1103966541447865;0.31126052529335047;0.6800031870136612
0.023793284211811927;0.387587258082711;0.37159052548429694
0.15987082977573186;0.10533002093574495;0.23233617982904442
0.5228472946113643;0.2846084964632236;0.06843771541440069
0.5570215322756111;0.35370994013906654;0.6696243866346981
0.055137119257184564;0.6411195136309442;0.8236337831464832
0.5857939289015895;0.653764628459705;0.2171832031429406
0.882594537106765;0.9652089113853058;0.5460886550723257
0.0004444142264392603;0.1094065250818016;0.021805929501875765
0.8696837359016607;0.6922093652385035;0.004586804702625957
0.688308608828484;0.8563447488559536;0.15965338585904054
0.6957897519898718;0.28996947583873045;0.5858062885389708
0.15064297643557045;0.17778120788269747;0.3575724185981205
0.9197263088710632;0.8144219264183273;0.3552757329749898
0.017079772802854665;0.44176888431003236;0.7221198132384833
0.5139729961003521;0.4334802916054903;0.4244652087085563
0.2276168808080663;0.4397611995896703;0.16975705581836276
0.3606086908377464;0.18047865924631168;0.18374987555891242
0.9210278650106959;0.12150080579948885;0.012374909876041174
0.4330033188273823;0.16577518316950335;0.055885306751712105
0.3589034959069257;0.49517731927357955;0.9918156700995522
0.43057118285035756;0.30293351056135365;0.12011860634496385
0.5435572522316036;0.03476801023126763;0.07011609885719605
0.4356445176295156;0.6284705727757918;0.5072303809672464
0.3344143829971029;0.8087916056168544;0.9212071235337311
0.8501701134104631;0.8402607034757544;0.8044743598952788
0.7888436969849104;0.09637702300150774;0.7741427663994079
0.9157267565589474;0.8973955282117754;0.1984061830431465
0.6146922626443135;0.9344026539582002;0.5790804261496347
0.9853898790309578;0.7725297859266256;0.24571840368634568
0.2507357225334652;0.16893594402514112;0.02091858263485724
0.04438299556543357;0.9189494001854591;0.3326075147771578
0.10168747085032381;0.7216019421503995;0.6418723121618436
0.419766291433905;0.803573025361835;0.36051707849077885
0.20492767336293927;0.6156898426424386;0.4408916121625277
0.41056844988718144;0.8009881817007113;0.5115879202140017
0.7868650967760588;0.8817165582154676;0.8669314089954657
0.7043656025673118;0.18548028236264535;0.5052510606910663
0.9584695672633651;0.7582004284091772;0.22157437088652643
0.751125380906122;0.5617892993554675;0.09514801119043947
0.12553830468351146;0.23057155427620257;0.9137050883404103
0.24317375899661942;0.5083555058943936;0.6849158673948387
0.8694560774426289;0.6479973257346088;0.9801180750442281
0.8704815036158877;0.20622721908831565;0.2136047904547107
0.37647414608964336;0.0792041081134306;0.25930111950712764
0.6223959262034768;0.9838955118714504;0.7986560219839184
0.7520115976264092;0.21991609084849228;0.5422061333637668
0.21688738949539554;0.15709775804940995;0.880180763433288
0.47402660881418557;0.8622759175359583;0.5508716446007853
0.5360660130464728;0.9373865460393609;0.5770594170265632
0.4494160499426829;0.22607911150496118;0.6109055131115106
0.7474207070045649;0.5064668937306888;0.7940130922851455
0.6618567822613436;0.1756464318733908;0.49051538748712387
0.06503929587140644;0.4399523034831744;0.39673153879820977
0.5839646458667217;0.12630182524317812;0.4910573429561288
0.2093609967187947;0.1755360872970917;0.47603823732364414
0.33834293203871924;0.7537975589139049;0.5783657945928595
0.05541654696284992;0.5228636779989224;0.8637654126747225
0.23090621894810237;0.0319342326518286;0.4794535103693264
0.14411338930945083;0.6640678908827602;0.8806286908794861
0.3556772286255777;0.004129551198214343;0.6811973674643104
0.9014258732255332;0.9710696196188251;0.01029136125516883
0.5337227039325408;0.09684679633046722;0.04424174865809494
0.041618607999264756;0.5312548208924259;0.56094676151169
0.08285888673279451;0.8180599725960247;0.9651971280817532
0.9820049863842959;0.8525305676803334;0.9436610774260616
0.30266451676226924;0.16977051160355416;0.6063543547198018
0.43513872915817564;0.8547667194999541;0.5945077578318634
0.5754676273861682;0.8322471246433818;0.0669658750272375
0.5423899700637467;0.5649953591168362;0.9441592713389877
0.9256300789277403;0.15587774270086474;0.16117503003040845
0.024579510517180214;0.3097746167319093;0.41999796960441416
0.43113756469119735;0.15707538507424523;0.38016408765621656
0.11447610048874424;0.9841941470454495;0.9527654145329953
0.28699187037164287;0.17159345480739474;0.5300105242245826
0.6970499115215791;0.09151527720476038;0.5725034040257221
0.17016738675625798;0.5082460130487708;0.12124972634936548
0.37046492890529403;0.30033325326021376;0.3470368294586671
0.08504039745095093;0.165586668582424;0.034082659734351095
0.4733359645113129;0.9054028382062008;0.5762836091820841
0.9909875548888676;0.9504015084842381;0.5949852807738775
0.1719891820058782;0.23594506431251272;0.6248681463754676
0.3311644813713549;0.7523852626094554;0.6998238153449929
0.9147989704328542;0.17042050729819114;0.45637410641538523
0.3204532747920734;0.45837126059188993;0.22240768867772243
0.29129524706791643;0.16688170138776082;0.7645658831716486
0.6645858191963856;0.6075088850811098;0.24303687462570167
0.451225708258967;0.5227219353064192;0.18191191373936222
0.4711666604530753;0.945965434415247;0.6922588977466669
0.47455913955366025;0.7168945524924851;0.9400575310407989
0.07567084999202744;0.007575489372306565;0.6418289836733838
0.4912585317206922;0.1615259506091875;0.6474329519375759
0.9894334944044875;0.5391583531377586;0.1054546647270117
0.6776439839062087;0.9995723038075253;0.17910819279682078
0.8023562636200758;0.7187075675072607;0.47159784696306206
0.6260355164110054;0.48148888842201776;0.03354688380664006
0.6090296156111157;0.4971686030653676;0.8564332688101085
0.021994142079586276;0.18184990297609616;0.7172627854952427
0.06889429433461192;0.2683337141408072;0.9603439673923756
0.16421864192107316;0.7253116056220132;0.4224208301310184
0.0029840791393492827;0.23060399366061446;0.2433329864090713
0.6506977361012977;0.16758333642809364;0.9802829147989494
0.4147620470733069;0.2341371776358735;0.560234093147372
0.013019240042120073;0.06726567598736433;0.4883280323139808
0.9266635830276413;0.9846437699578963;0.02453893730341028
0.2526601462769652;0.10471410579607732;0.7936142546002606
0.21889933333359046;0.9145361123860741;0.4657532455923129
0.2536750015074525;0.3175306455146978;0.5853563593643885
0.19108127742869574;0.4591811944140708;0.6418892722646551
0.07858903710983611;0.4789156673370737;0.8999951649993263
0.593616108675862;0.09016854773190242;0.4109504215982813
0.9267684417108708;0.2626939788434416;0.4875244740754683
0.6560885579967778;0.36747124822566357;0.29608158305334764
0.555355325108758;0.34297057719319235;0.7180508512680884
0.8601676409834754;0.95389311914014;0.1948601393257472
0.8431077075418034;0.2281879546729194;0.31664431886388567
0.5717180027305973;0.343618660461968;0.14198189524982718
0.07214546126445942;0.8441693326653149;0.1283388009125075
0.6578425211340468;0.11689317812348587;0.7023219909091358
0.7515625721458449;0.12184001447203252;0.2958365212171997
0.8360669172878529;0.8247722591861748;0.27970503191474927
0.13487885849194958;0.07576279729963131;0.8412524485830186
0.017963192419242824;0.7152239442000252;0.32218441596644554
0.24893150068111436;0.7988759203435921;0.9626964226325134
0.6544736286615277;0.8769394399064968;0.18098504944425442
0.7537515734122787;0.729727914524783;0.4608964043158703
0.48030694699112575;0.7852127475046332;0.30504524756793927
0.7491453442070348;0.5371542406307093;0.5200449830389691
0.23927805094501564;0.43851109032972146;0.8555543279087227
0.17286614292637503;0.4954877891077154;0.8126727535950518
0.7218408290075754;0.4957117996182804;0.1708602711749968
0.4155462846294362;0.7001892594105426;0.07047960564349487
0.12917825701507535;0.4901538344816081;0.16792985433655605
0.8861708552464701;0.7164236400560168;0.27005634918851573
0.5870390400627874;0.9851177393949607;0.36428128260918125
0.2621716365594572;0.3308919417159122;0.7301764047482601
0.208450859577207;0.21137193506846919;0.3895185380484537
0.4978201417993662;0.5797688664272391;0.9619419940155892
0.5621307953234701;0.17004357471450326;0.007391115145182203
0.9501693927876801;0.4438146469036771;0.8071294319756457
0.44813674615989263;0.7437604528790946;0.43785593058047156
0.41923810897831615;0.42208443677364416;0.14539244839891508
0.6835892131551009;0.8006294017431005;0.8820185030355525
0.01324660093283292;0.5873369818957236;0.5113540843686879
0.09312307106297357;0.6251636233511769;0.7196940527420566
0.12719716650720858;0.4984844514326192;0.11585342041465241
0.46746605820083387;0.037909068157619075;0.31619070055581255
0.7495565754752269;0.550809621128502;0.5918571051718429
0.427046172846841;0.038530674360561346;0.9402395136974413
0.3225081846950111;0.965687930619485;0.8629680851673607
0.12247133114874953;0.7796101874437821;0.2329948033313115
0.12477753050897378;0.19701376141735993;0.11201113308400135
0.5258625066326824;0.41125353508411555;0.8911215195824187
0.37259395979170706;0.3366941907272273;0.7155554791551666
0.6132531912039979;0.23639118252603641;0.0358761205103747
0.7210086771880889;0.037400334901647625;0.09535532959954629
0.3895823578363291;0.8433312432019919;0.15620899650724518
0.5982272417521183;0.05656708072700711;0.39806264620039833
0.9741037964437879;0.02021868392279713;0.11157668611979765
0.6536233260141546;0.4547707678245534;0.21957372417413823
0.999337085537648;0.7917552301274062;0.724680721511755
0.07262413202333884;0.8563676023371624;0.3825494337485831
0.823247862834117;0.6924516779888439;0.3352791036798739
0.25882175809802177;0.34881656275918826;0.5040430403324698
0.9831313452348517;0.4146729038611845;0.8498677675020813
0.18214790413164716;0.10833817900883924;0.857753274330431
0.3961958494594989;0.36694057748144915;0.6062146913925496
0.29980370773778386;0.5447092170581959;0.6083478739537396
0.4753503574741188;0.5866052956099933;0.8255105829352046
0.9449987115839042;0.778797418149278;0.9663378157455796
0.22113685344178224;0.384434751742993;0.5969068177312193
0.713623577306078;0.8645485925533329;0.7996906831866475
0.7269453389770509;0.8909945838170468;0.7725148463331465
0.36919913660950243;0.2720148890117714;0.8425220789011924
0.28207299940092556;0.324816301767776;0.23601583418980876
0.667839559115688;0.5714228222633726;0.6215423876697054
0.7869921397329275;0.5651697355656455;0.92811735831514
0.5748689043444419;0.340970981545359;0.030315194584442318
0.7591556018249045;0.3206498513717351;0.7103774656501357
0.42522414583395085;0.22861065787446744;0.006159197627972124
0.2208675122700886;0.46040739694052735;0.29418242238354075
0.6509112805068729;0.618663805730769;0.8247536211536829
0.848388058960599;0.5036079804995233;0.5631406355339306
0.6174076038498938;0.13233705972207388;0.3089292380435782
0.20101977808635563;0.3921903666730817;0.38771735978905175
0.03272829258737575;0.742995641548267;0.25267487412734435
0.6291247398124911;0.9141848655845913;0.5121724319272165
0.3381531873459702;0.3040180796528542;0.9371516504989713
0.7596730917835398;0.5183947216681715;0.1135024712713324
0.5999768997702166;0.44272372342248445;0.33370781409274475
0.07123823841224242;0.30149964969142495;0.3294018830704234
0.1877680050517524;0.8944722141208953;0.617400749654188
0.5512134674875939;0.4835858638138606;0.3274655915229272
0.2813012290959721;0.018026574430703546;0.48038292167551233
0.807375346352482;0.6426728421989826;0.35947601564346965
0.6353012932683567;0.17777398352334162;0.040271269865131076
0.7581522300184969;0.21962655780105733;0.6480019999195203
0.20785894221972945;0.22549947687769445;0.9052391932399012
0.9325173738320357;0.7806528391602143;0.6891486731868703
0.9829830240002131;0.057981276645391655;0.11708246065396899
0.41402127487035034;0.3134445182662391;0.8361598513898776
0.7122994369229826;0.4039553907318899;0.8871112133022275
0.7813449798396369;0.6060478041304334;0.14522176103143125
0.9886855515638192;0.7238862768294118;0.13134099466934024
0.6417666810736185;0.8652577911703699;0.35794444675441117
0.45340293329204184;0.4241360092660996;0.9203252904974647
0.24523414379561992;0.36421754940205575;0.8397764649421153
0.1877051725453417;0.3472323941416313;0.2739209786200598
0.9725323698733723;0.812793581331892;0.15695115347879385
0.6419401899681804;0.21782406662941656;0.190407280618345
0.5584225465384914;0.8074108183776727;0.684105310168165
0.6108854675759305;0.6826669048519091;0.981610810080363
0.6740177489124285;0.331666526283544;0.4630238690727466
0.35701117656860126;0.13299240302197846;0.9791327558271188
0.7045980742419251;0.8701569115623085;0.21060225809703803
0.10972104967916729;0.30377815296984134;0.3106465266253835
0.12630018884087235;0.2659619919765297;0.76125715318892
0.9507392884402971;0.32351090714836706;0.5824787213833449
0.7240870402359921;0.25379733972142515;0.7136855922102169
0.7203703622429546;0.12669345595668602;0.27802727307198793
0.3430902617465559;0.5171728075454068;0.0638379182190646
0.7618483768727768;0.12584821806942692;0.5124395533785896
0.8929507538307776;0.45917376042455404;0.947998744587091
0.755930426854916;0.8438043428377326;0.8908818419125386
0.569694868882129;0.5822007719149551;0.6736130584768252
0.5079076170787167;0.1408007353786137;0.39208282623142243
0.8964102910767079;0.23017636841036626;0.739406586943366
0.3570925037479338;0.19572148046589266;0.3115589533235137
0.33405793018138263;0.6311903163663107;0.46339407202974126
0.7137588545891059;0.3420151814888388;0.32570920502922296
0.2819754215830471;0.7528992582854359;0.08393858538129817
0.06219553803432043;0.7093156934091993;0.6871491041724241
0.5078606322490978;0.883334790509014;0.7843753803567638
0.06603883710809832;0.5107434034828892;0.20920663351418411
0.08988967540746096;0.811881070837833;0.3955212212495087
0.6563469079887115;0.6258077727327601;0.8080489901326436
0.3982478312305894;0.6647281000374347;0.7825277819216067
0.9731384687324375;0.7253361156548412;0.18631362280710106
0.601109701565932;0.23634609576098875;0.48673331354239
0.5417667854361703;0.1849898990683878;0.846362635150792
0.48383975952249647;0.603107620239235;0.6229575377959027
0.6266255319249511;0.05404916186046449;0.04024307557882123
0.11690121546380894;0.01791058170341331;0.6578341579865683
0.6320757049598887;0.8598126793898234;0.5618376765927435
0.3240377293193377;0.9152176029560295;0.9782474987015572
0.13774995859818562;0.7780677494054251;0.07167264406997664
0.2795272393896694;0.8051718719095832;0.21279598235837827
0.8882296927613755;0.13970261058443934;0.3473387475219959
0.8710214720296955;0.3147631381849241;0.11450909733184256
0.13438412505672004;0.5464278133762869;0.22683878339822217
0.4888986970208955;0.6289663290348424;0.2948701835377697
0.1298625698623126;0.6773536907420572;0.03374501015422848
0.6130371775139271;0.01910064622113572;0.4586511539169126
0.9408588078366762;0.6771160624422505;0.5301808541759221
0.21492889173328023;0.6617250124600681;0.0691125298473142
0.03150575491682073;0.08324051118161735;0.44435073813631554
0.8097672919753479;0.4972478528879736;0.5259394814637558
0.7274570811056139;0.9659396579521764;0.6353226640245478
0.9249789431514253;0.07482185203337177;0.752473539653274
0.852508716139323;0.9665121551710881;0.16437996317890657
0.0004466246241842109;0.28337020164907745;0.10947030857581763
0.4418865122894766;0.15795584833594833;0.3553821848616249
0.5951317668530723;0.25268149062943235;0.49941276622302333
0.08913174517718714;0.6210610561502037;0.20007246934390344
0.9996827259666559;0.6177360699309031;0.8883054054363074
0.46429097971195965;0.20077208978216543;0.9935107286747111
0.47221958649851725;0.6093607752210025;0.44106140702322605
0.5284194165593021;0.49262585746882803;0.2308282915527663
0.9432381840373363;0.42604752460009276;0.3271966218290858
0.978891314756208;0.38540100038682445;0.2130984597953841
0.4123638516817726;0.5877148532724262;0.05201403255169279
0.490295669283244;0.9321489879625616;0.39291233816391313
0.4095637766644724;0.19384546894217558;0.22594534470640493
0.1672715497791114;0.7318304461483386;0.8586791884525128
0.9028708463013537;0.12280861033629231;0.045684522012063966
0.6015489200375136;0.7200821568121062;0.04731729463650036
0.8435568121902444;0.05738965504439986;0.8746192936161944
0.7134873319400201;0.17602576237758882;0.020642810015441326
0.3125563564258975;0.9672526836326935;0.26822263625712983
0.029322870948758517;0.6455729626855282;0.3261131986614997
0.964878652575695;0.012754545304052733;0.8087894710591135
0.633152738621509;0.5722103957474889;0.6799292914306041
0.9063586040089354;0.5019333416280783;0.26150242731612217
0.14400908198166373;0.3826997584316014;0.23699706007166055
0.693269736378698;0.0012990132692318745;0.10462567334186268
0.8815581063165037;0.47810043520146794;0.6782082812494444
0.9933625640917466;0.06016963900541028;0.5433940879061613
0.35834452487705604;0.2955923606696613;0.4158260474115102
0.8275656992299104;0.6402645925710136;0.15252690099563815
0.585420381983353;0.614364315794684;0.2831062773506702
0.5251465809993605;0.5595706861378699;0.1867056414034144
0.17225267263788813;0.6275878610793714;0.7335595063857248
0.18739683732788748;0.5145196167421228;0.31999270970415683
0.5724033501707931;0.5987695028772508;0.40259097112105735
0.8216150505089129;0.09001551196858848;0.4014198915906194
0.6102193088977472;0.4738308022133709;0.09237747223465809
0.5170599634050574;0.38101713849737484;0.2867871989935764
0.2826350052737586;0.7514082364167383;0.1380354167496317
0.6566937334955653;0.14915549786633864;0.6725410401245842
0.07923596918213638;0.8085406863626283;0.6978246028305675
0.003951484257274873;0.35434833769590135;0.722830730543034
0.289553471212487;0.20184444595883178;0.3304562120778586
0.6886818047961072;0.0929418254033676;0.8756170242977235
0.20133894707595001;0.5204818677089172;0.32423905616702464
0.37055331743138176;0.7977831563446617;0.46428764289848745
0.9378667043802162;0.9476376204721357;0.991237610736758
0.2073905527422859;0.6505715707304558;0.06557103330141789
0.6205094259047608;0.09099663468700192;0.7588474540030425
0.7339911255153408;0.5776459231844168;0.9479991325492134
0.1812076113752339;0.0513303328040382;0.31331067064133833
0.9243272966134769;0.5148079198395836;0.38466482360888543
0.8288982460877629;0.912832233539083;0.2880665720442551
0.863761897014519;0.30209101973100594;0.7559168457841128
0.44376358042235553;0.5491454484696707;0.6589732498222092
0.9591875637104031;0.7373816656708352;0.9301416933794265
0.25783293497081405;0.7580842244579531;0.23538239965493224
0.32131325497917707;0.2072897771694594;0.6548631272574142
0.5415963735014994;0.6604943431487353;0.63310705438342
0.3116884532980607;0.031722878079434746;0.9656602328631293
0.43595120957587996;0.031455944835026006;0.5495914691496085
0.2727693913863869;0.9378992760076194;0.15652744752570558
0.03708936079380165;0.9710557008944931;0.9478662628977192
0.19807892676880612;0.2100037442137742;0.6271268646401595
0.05763547466497565;0.47025695381042854;0.7387665660829098
0.02667248568833247;0.15984479008910046;0.2633084921314679
0.3091174490657346;0.10169928836894537;0.25413374507133135
0.2672495415670727;0.057228719359670555;0.893536699715513
0.22825810654734546;0.24908644068897678;0.6299288410969389
0.3994568631055835;0.9733991202136769;0.6117060443010995
0.14085864201760956;0.35708713184781005;0.5645700806498475
0.7410919731468033;0.4431514877282404;0.5163768888453206
0.6057418059706164;0.5962644388333973;0.17131405143054568
0.6777171195703463;0.5681867916510644;0.1727141185222879
0.25181116467156905;0.11251407451247553;0.45999203655323884
0.8432656815599836;0.16299772915240873;0.6816885985067652
0.7648389255352904;0.5197073728750912;0.6940485980107045
0.46146000483632943;0.30523444619412077;0.7287814957215585
0.9247009843947328;0.6663965070616353;0.38960662380917466
0.4229104833634272;0.5468815562473177;0.18010360368797185
0.9667188596173899;0.09367932011919;0.7779517526211369
0.38972311473432864;0.9544443755877438;0.7550908420057383
0.3949469478455533;0.38695916185275625;0.27322679401300065
0.7146224114022584;0.053959544154298045;0.3254266127106984
0.8125269374247431;0.755798823917863;0.6755383024422136
0.0896711882874679;0.6104851128335773;0.6773229626459843
0.19936854648190616;0.8438726287192329;0.02555919726703315
0.05468338607582768;0.7104871956288993;0.877169718530625
0.2047475547470019;0.9106754787377569;0.5242087344094798
0.9615728939500283;0.5228446388798486;0.28527182585699806
0.8866857740626339;0.9505956741895074;0.9868850472865448
0.843995156283815;0.08687287060383964;0.6740890809025533
0.06250463658364735;0.6025139780561706;0.718982110072482
0.09921607846154457;0.707598144154521;0.4815034352788755
0.13699577670751417;0.08353705234575004;0.6197469382562697
0.7964407577749852;0.4015469110586819;0.6933434953193317
0.22688705912827023;0.4214596529399135;0.12938439026541326
0.29389919259585195;0.858729798931185;0.5673014864278029
0.7498548177575833;0.21813537019061635;0.2688202292558355
0.34828909882403025;0.8759805765185804;0.1133204736447514
0.5927758784961077;0.22283044091842819;0.27913557899278163
0.5517111944285138;0.4887012350626736;0.7173775403178353
0.6696368493601024;0.8772110436534362;0.7595680255132811
0.7381358447149393;0.7646534093262666;0.2602000881158103
0.30914579659443586;0.5481819126104768;0.4575365218690437
0.7760481736205993;0.576510679759851;0.5653191563900651
0.03442126338899376;0.30736482076319094;0.10932187895429335
0.33183901627386847;0.7094547378608055;0.9830365836141605
0.8683605400815124;0.5075597832214098;0.8439427114984216
0.9722526281972576;0.15698210791547396;0.14359596508866268
0.7935234888935859;0.4478113220071821;0.2635417814329619
0.4529143734898109;0.5593972237218978;0.5000653179528247
0.04162172158390598;0.5419099390075144;0.06654270828400055
0.7548173552420733;0.554353984356625;0.2771992960560432
0.8368454960268465;0.009718006448594219;0.6361481634238788
0.013376398539869161;0.8462416214000891;0.32680777492107593
0.45659940438181335;0.8990834563976134;0.8782030234161747
0.08218650228687152;0.3143408962244142;0.7007463189388602
0.8617657260517143;0.4114836246417314;0.37537421105168367
0.22120846894302304;0.25930306575423157;0.1357032413405388
0.9278680107901242;0.15014105629498198;0.5869012526964809
0.21079963326511286;0.4825588969538178;0.4903345065382092
0.14387462119719996;0.8487282775462399;0.1792362704276147
0.8283059771671193;0.5066420619884828;0.8758629636665001
0.3986574024308067;0.17382758226160733;0.29981451023690586
0.4946188711226983;0.5182810717883131;0.9548613345488389
0.23401335901797427;0.4103065165618377;0.09734787640288978
0.8780089835518798;0.3523557882172811;0.4184011872466974
0.14279118528026968;0.3151666283796315;0.8314414128227401
0.8958685413358154;0.6520534091936442;0.3766587084465173
0.5840945822645721;0.21701238617642538;0.44456228613503845
0.11052648221772055;0.7425689641501476;0.6876546435214986
0.46097302485596525;0.03763449564075094;0.9851021505592238
0.37487598899378727;0.6360033748903178;0.3266081604219804
0.9627550070975052;0.5411730855944489;0.2687494581512071
0.1966017319517953;0.5784630017851665;0.255411622349879
0.9889921735059515;0.30876039590444027;0.10313874508230592
0.47177406121417187;0.7937747168066259;0.010272047236148274
0.4641639967602956;0.5413917133027422;0.9719059830355371
0.6071814608893827;0.5334596801766578;0.08021228008601211
0.2997059698382384;0.4557971866366376;0.11425862973383294
0.1363426078583666;0.7190726772645067;0.288703970706083
0.9976441102821159;0.3212302121808195;0.16582863433299544
0.9499460472841131;0.6231488311851416;0.12751915855878393
0.07139753884041733;0.7308930611685477;0.7289681705044413
0.04058093653812822;0.1207502124083718;0.8531874773087297
0.788397861540842;0.15223141471394408;0.11530050409266945
0.741447348698185;0.8583611285912204;0.3944076798841565
0.03132013913470555;0.01977387963902899;0.6612751454750192
0.5475428566863894;0.19456581694101482;0.026549987884695425
0.2150463876492793;0.4506064474835364;0.6825266687919591
0.1314089059401129;0.6229268338449491;0.2553575156749489
0.4411698439968813;0.7422268514377495;0.4108206463841162
0.8726862733334502;0.24698305162763645;0.5813936341440231
0.6340353092768076;0.7594015251569642;0.841428412627948
0.05282011419658128;0.9856392292941011;0.3935708437512947
0.5813784299966995;0.15944366452329928;0.7073046018493045
0.0479068382448925;0.8339436563775993;0.9905172088874027
0.12888020755540341;0.830798754450009;0.8757952183108508
0.288422799159492;0.35991054315696724;0.33261642713645256
0.9335212955101457;0.9205512688731349;0.17559362396005507
0.34351335445114495;0.27362535354943773;0.7250396883875688
0.5718611514082439;0.09578474361813771;0.17725383647056803
0.09132747480568315;0.13653311343508334;0.6629577362819437
0.5810285746055043;0.69232911739147;0.8250611112626667
0.4923951386910158;0.7315331013667835;0.5797558069625198
0.49563515732494035;0.9991056230558848;0.367283315400203
0.5223237195793946;0.14284870043056297;0.40565188159220855
0.3816656881913635;0.11399752148195441;0.4346095750908282
0.8355822279020337;0.5915724597749974;0.6743331216463151
0.6542166390887314;0.15377515108050466;0.09331361031275487
0.9598109012513246;0.8171342059556199;0.16773069907752103
0.3343734511159593;0.33507374110622967;0.11116959872711962
0.18250832750061763;0.7888233922591641;0.6650221617041777
0.10836860783429758;0.16391880491841404;0.1830655675441223
0.6493171376159772;0.7573862368237737;0.2525344440376547
0.07575712397812095;0.05374035097982044;0.28609390554665437
0.3037753927126863;0.6985462140765099;0.7755197286888933
0.6857599791477019;0.39198348184797727;0.46742199129154605
0.5821654567277168;0.06522421954988744;0.06426053472625337
0.27182377992432294;0.7822559930178131;0.30302395089072
0.29293204737373324;0.7567632173297159;0.14009346816658186
0.6032383559972343;0.3192772544551671;0.2689319759814668
0.39494588913722395;0.2765097670278547;0.44879167660010366
0.6453300924907125;0.08718646470369829;0.7386963216360865
0.4104624236431106;0.19017479105058133;0.5083309642301722
0.19518579101765576;0.24944933049892815;0.23639149622897082
0.9328606408776393;0.681791687258678;0.0891934299383178
0.7228179908534047;0.2304097937167653;0.40491755763457915
0.13326384368326072;0.15514478144378308;0.3771564082909371
0.7911340988528325;0.8393152755117395;0.8593419104529625
0.7839342360617458;0.6498204217180373;0.22333939108126255
0.7744884925899955;0.04495862473134993;0.6265313029728328
0.08516083421038878;0.32008992564582706;0.7175678696322574
0.5476501510602722;0.6612192860992502;0.40636885700281344
0.7441206527989414;0.08802040668881428;0.8713964020666964
0.7773054768204775;0.44948673065462885;0.19417058602430892
0.4506681490748937;0.23633215321797563;0.1982767272539987
0.1710907205471749;0.5129217622515171;0.18175100461423666
0.39766468616875383;0.3406958103278185;0.27618818781859167
0.2925908675687835;0.1217243364606646;0.21903236056729325
0.35380320305631796;0.2534853137097227;0.9492871106099556
0.40253977068654023;0.5454944222027139;0.9776194555695762
0.9746618117046336;0.3730407763303871;0.4053001422086382
0.6747311910319225;0.2574085217097347;0.021407934006257512
0.08045399150822086;0.5269349083759819;0.17683347425889162
0.06729330751213558;0.46228269975106895;0.8381130190749453
0.4711286607562031;0.6234886729875609;0.258893318015497
0.2893135650243278;0.7849175716764871;0.4091531032732203
0.6040519569434704;0.9204478268135665;0.27363041005281374
0.17916169470186105;0.3898208347008876;0.06396171120829341
0.8988474219169189;0.7043517495067703;0.7812707270818303
0.8177435444390365;0.2255129879544393;0.9222354084700537
0.1873256164221916;0.6784589385651995;0.7416600833311325
0.8915688089215004;0.6035039196125722;0.7199012377916322
0.4130310374777193;0.9184630670493836;0.9439110483985802
0.6444335134312513;0.17912292287906295;0.3468562700833555
0.7452688626944916;0.42923402308388336;0.5177290186890317
0.5064650275732191;0.03767200891659106;0.11790839284364618
0.14982242876803065;0.997341662891675;0.07600503022895155
0.10505533304248749;0.5160004778500755;0.5767891377955129
0.12097574515185905;0.23813505768739884;0.9697642167775666
0.26777956948947446;0.10118110697356009;0.9867288785768077
0.27751841345853845;0.7369379044680171;0.6799151844997325
0.8852129551752007;0.9245450729184183;0.802911288670344
0.4414652639460901;0.6510359923001952;0.28104482637538686
0.8118023399363528;0.039410424309429204;0.48679199063168854
0.7812857339503961;0.9972986623676244;0.33639833125118523
0.8752221430475056;0.36379288250500785;0.779907654218647
0.5719199300599869;0.9509820189874166;0.002160248738062309
0.29524267480779276;0.5310423698220367;0.41210336070597087
0.7410718152062777;0.756474997355768;0.8011479270273503
0.6957409119423856;0.7740288202313705;0.9344291243384018
0.5272070983372321;0.6349289242110213;0.084032122032765
0.7504658504656818;0.8729795528830734;0.7213313598356473
0.2567178702215466;0.5623705490817688;0.07683399158532656
0.38316595859567615;0.7084796296195621;0.08185896181175467
0.4326987158798349;0.8812521584352898;0.22491851040174726
0.3763236222789478;0.1818792184337974;0.7766044749284405
0.5592266357287125;0.0027390269498606123;0.5259046567273694
0.3021073617795581;0.741688249517468;0.1106621022401042
0.1545920389860711;0.05990306823349045;0.7079447648370071
0.3171422788367846;0.2569128789113776;0.7241707442349761
0.10904598734756288;0.6020117325461133;0.24431280737721972
0.6501158426297843;0.4351698192116752;0.47050634907041844
0.4518008626296077;0.8314814447920403;0.5978514216285634
0.01547371475109438;0.9003045571288031;0.16738921034937648
0.8964726194131493;0.10461084654034813;0.0683574369384834
0.8276977492260221;0.22186224668607335;0.3389382306328016
0.8868586733461103;0.3324937922640935;0.7090215023547715
0.7447071229483457;0.7765753024661587;0.3234572386169844
0.41539693304032266;0.39186889670791747;0.09445546607167377
0.6996881606794112;0.14847085948238814;0.8905127684184873
0.11677785201459256;0.7004433875043466;0.4314043902772793
0.04824636548563077;0.6995835386092784;0.7714452942795419
0.8630831405645081;0.8598916457026077;0.7197682881544089
0.40982419121294;0.046318440231082225;0.88513570279194
0.3527319911798267;0.8975987786150607;0.12340952376354442
0.08819297118659664;0.8725710626323299;0.013810496799831706
0.6662668561105328;0.5036655470894419;0.4821710835012203
0.39703157791183796;0.4034077534929793;0.9396016718098535
0.5752200218398789;0.09133721379232651;0.31754677128411335
0.4109011635275651;0.034433810236441986;0.4841505456887911
0.46953965583126867;0.8664966233201828;0.9671644067953528
0.27594464132280716;0.874173060729152;0.5178991432820381
0.009871148985122424;0.4790505213323524;0.14834844120368906
0.7657402050867378;0.6177641549824594;0.990917379948005
0.1657522545933794;0.916355606407797;0.9146681819443102
0.40622528753558906;0.07298526977002073;0.9744437914149379
0.4858232518156006;0.5762118684738124;0.3355534780484517
0.6905517104638427;0.7750842892820331;0.4956209966924584
0.8668526863636693;0.8329472560992147;0.8028098502125721
0.6703355052542215;0.8632532876693108;0.581322072826414
0.8262537294829985;0.9236936133515459;0.607657148716316
0.5447906048538828;0.3463605607115229;0.24214257193509625
0.004256845376505836;0.9645121297980201;0.2808215808387391
0.25543723663653606;0.8593928146397982;0.22428712402402284
0.024677840332028467;0.22255685109746803;0.11237879145760876
0.7718973984523773;0.7689665287655009;0.5802756584300521
0.9529719840629889;0.9721373371168175;0.37766910566015754
0.4484507257898026;0.9359440275190691;0.9695151253343396
0.6707580647807241;0.6028619037963208;0.9806428995181228
0.8580814219498155;0.7660462974096608;0.07046045933175693
0.40229445317064993;0.6957533657363961;0.16054019300379818
0.3911758306790962;0.11931287906188226;0.5040281022238671
0.30832236658625645;0.9826141319259123;0.8092597982940741
0.8861237708723885;0.9139964696188569;0.5999099183261262
0.743674255894166;0.32436575116180844;0.3587104775991069
0.8568165564272352;0.7760602210617452;0.6040322093725083
0.7274843648396345;0.5802628000308457;0.0418765004509446
0.18467297684934392;0.8076918296918971;0.31627183161962025
0.8309086372497724;0.28643838466065086;0.15362620061512378
0.461574425867174;0.27845859031037523;0.23048263544900305
0.43311161154360334;0.8063046108478402;0.3526076789587822
0.6922942543077443;0.9456638058914346;0.42191221993467154
0.4436980215770734;0.6382674425011478;0.7125333627578619
0.9381693157819112;0.7110880391907953;0.8192141552665281
0.861282649739226;0.8122063133307752;0.4248366019958377
0.3064207139902567;0.5018975722918367;0.8616726383069626
0.9302627293475876;0.6519378727523076;0.12597128186763762
0.08186375105276245;0.10980444132352696;0.11515990491826544
0.8018169328780118;0.8499721871633494;0.3172213723215359
0.34139497442598055;0.6101216531278254;0.534389374251529
0.10965997080098377;0.2614377329154598;0.6667177186712029
0.5050665798123071;0.1710609701717548;0.5157916015104007
0.675425929980618;0.5414740032049731;0.5091267048790734
0.013201195458089066;0.15103651943529084;0.6276232661004777
0.500245439743311;0.29677201318752455;0.8530626364214184
0.16323669777649186;0.5684851402051311;0.2693534532713071
0.10166125991522512;0.9245542497980652;0.9420129445442356
0.06425194162219439;0.5155901357244538;0.42464242029869226
0.12717399413350505;0.28351128801699854;0.8081322377185812
0.5086943487443322;0.19539139144040452;0.8142355969581216
0.8688500005748959;0.9739893865963574;0.8493563451047348
0.17552764360963335;0.2937133768707164;0.7262984276475108
0.8127230363469741;0.43883572272691895;0.2676059302691416
0.6325195443137906;0.5428176287973084;0.30644418683424157
0.6360983425064619;0.1731881441751847;0.9728584368538017
0.47668816471253883;0.6193089854757018;0.31602404021409014
0.9290696566286741;0.36351818570700467;0.7318131084588818
0.7616894857197901;0.8835380619419468;0.6629018440776943
0.17892242362223776;0.24914977086266055;0.857929251792634
0.6444271268766806;0.06672506894519259;0.026225855307366763
0.3831760033730225;0.3552049392978862;0.7576312513479373
0.3257176026021552;0.4713759486500315;0.1064242087955024
0.43875470785846193;0.13519766125020405;0.36332197757850127
0.6321838031735841;0.8860402168516179;0.5657663174585663
0.5958608355052156;0.38889123698106687;0.8494222353708751
0.6110137046976117;0.3022588689425836;0.46912455789530527
0.1604770041734569;0.9894259212161084;0.9055291451199159
0.9608748824701662;0.9812201090837269;0.32087771674786947
0.8787385641147036;0.9522056866960186;0.3873514110087267
0.4031711093997391;0.3696983819167283;0.19631480535788182
0.5811768207831111;0.017974798899363598;0.6176748036752188
0.12956037463216918;0.5515345232550599;0.558332720732272
0.7369163833571759;0.2687012373110311;0.458900308211563
0.1456920829607894;0.2938809750278475;0.39159952349881344
0.15223456496022802;0.6114409982321783;0.7278474807386508
0.044490294344028514;0.625775911093522;0.5575391643880443
0.996594079027845;0.7686929130969541;0.24082272670900517
0.6612406397506014;0.8657181379839843;0.2160466323878285
0.7361742891056201;0.8659459549347747;0.2653844673910377
0.09969594250205416;0.5731678060231159;0.47302953902843337
0.045710275586462235;0.6212350747883193;0.8380533770164142
0.5669359796511465;0.8126862016342954;0.45630566612487855
0.8636431703964594;0.6794990415728607;0.5780022528744221
0.8370486260253481;0.8577423709267633;0.20354327204669787
0.2955303005283023;0.3133391149160737;0.15665502683773502
0.8511874131336971;0.9098906449067855;0.5051279134233061
0.8635212258948345;0.3376910470253369;0.40079845158758776
0.3294424620210873;0.42886675043242417;0.5187056806440654
0.6195937788387873;0.7315339876992362;0.6544555603360123
0.021572072169319667;0.5080051590613135;0.2556172611887687
0.8690491309687131;0.0972292891014217;0.026218341438822623
0.45318536274579835;0.2768793113296246;0.06241776012814415
0.5010880290161567;0.5795246103262108;0.461586095830654
0.8470100948269493;0.3438586874787889;0.9794076231325041
0.7766872229425811;0.778276171558092;0.038979648308435366
0.912515849128651;0.226083892129611;0.5079941690247829
0.46977765049999776;0.5715236342511794;0.9441649937713462
0.029326311710042408;0.14879478990685568;0.08779078797677398
0.2914922717810309;0.6579358175855852;0.9745221001088031
0.4508554917144334;0.5346191410128956;0.32110193168240253
0.34825229447662764;0.5193298357907399;0.6048673389195048
0.02322142503210245;0.3156663370964732;0.867668272775774
0.5705032673212023;0.03427984203415868;0.9227448461676189
0.8949261827348036;0.051074604803829415;0.8742313701123069
0.7603606819397555;0.37867770476106777;0.417997678150146
0.8163095270576011;0.43550588024896897;0.8677043104466464
0.742312191933967;0.797772425965978;0.16905351878534836
0.453421251342213;0.2149927754971349;0.9490787713565535
0.5804218072768941;0.21079376683900952;0.4310820061624583
0.8024380591796811;0.18559230991263298;0.8222235005098396
0.028364015794041242;0.12545680571643825;0.2561367869424992
0.4497895685338722;0.6821112924450555;0.806823498740837
0.8517472552932508;0.1265581114252251;0.40714623035961717
0.4533246188055663;0.9308090878195043;0.4037453105937402
0.8989912899391603;0.26571218213311387;0.52342573562747
0.8692524616973001;0.0022677065688616604;0.5426764327529898
0.5521817480893315;0.07340950610871388;0.41937119532200773
0.7512939424707329;0.32590803926659995;0.37198938922481295
0.6132279745568262;0.9624532921316215;0.027469511854077755
0.21860443340829705;0.6065928932626441;0.7682448391582881
0.8474752462853158;0.04853309523905647;0.8792838905899232
0.14755232613687952;0.3521549507931556;0.8163607044560237
0.08026248097931521;0.28738251634177103;0.7016687075965145
0.01126273440829284;0.4584675607063592;0.10152183107261126
0.1367808057316805;0.41068142926433526;0.7064298639532748
0.6059398801460576;0.1827958313274327;0.1798011322303088
0.4902063560257435;0.11110332206178908;0.6206842531371879
0.38967935236753615;0.9303297210011703;0.8958478981298402
0.8585889679565125;0.9992517057603015;0.6065728888150878
0.21596608504508064;0.4383644754142998;0.7885299572481343
0.9667930381475635;0.24621269201762053;0.3637175608276436
0.2865839338887717;0.4323185651807935;0.7404276790514379
0.2061559916802309;0.03659702115802743;0.7565367134720223
0.7172785143860722;0.40122587956937517;0.6225251206284816
0.3171101672786707;0.8790712831733533;0.9002432928828294
0.7678279765033633;0.47959540094543873;0.06835006169848812
0.08705587841152551;0.18302274467846935;0.17025487497587433
0.8097103446395024;0.5810001146530057;0.016855393893428716
0.8294741141259003;0.14457425450377848;0.4612206654774411
0.34604832080548587;0.7303038324127984;0.5294795873313618
0.819475369707174;0.6013688548213701;0.7122559389194233
0.7111143204735302;0.12227674372381625;0.040152946665195643
0.7908951380712497;0.3194909692127639;0.7211778329306427
0.49791679117853394;0.16278219996587528;0.1929587720294752
0.7376897281011794;0.434924039935653;0.7300769350679102
0.05587928905283779;0.6060850779560536;0.7521781615411745
0.8348931532245523;0.5300619434687595;0.4061803880948188
0.6299387371241931;0.7362165007028035;0.08454875974479659
0.9678741347961941;0.3489496628830089;0.7718153127707506
0.037993005874149666;0.8220299067810374;0.9220123625204629
0.3077294115941702;0.16323352113698097;0.2020019081738006
0.48469856937683997;0.592477201862454;0.9523043287798677
0.7746036791739376;0.6723861789229395;0.9393618146628497
0.5388509459912034;0.7776222211610857;0.6359513657411129
0.27072528860076495;0.3575566293676159;0.324947941123768
0.3684902052292369;0.17955569682255768;0.659368643665584
0.4905001359095481;0.01134541156995994;0.24546406794028575
0.5896284171818409;0.5019782129654202;0.7522483596454623
0.15279879018542086;0.11609371342262009;0.7127303347854236
0.24010386325139843;0.47843444335067986;0.8189952101238974
0.3017101393192205;0.1162378583271021;0.16922335483589268
0.3737837431146779;0.8014287762733974;0.683926324360234
0.012377051639593684;0.5410873734493589;0.5228708769710221
0.13169288503809495;0.4523443948751915;0.6435520899712959
0.434518668937389;0.5754339561276186;0.4000414729809163
0.41690792385500075;0.4981530882279839;0.10628701986827416
0.5881257179107648;0.28297280717207474;0.5094078862603293
0.034637593016814905;0.5634560870998646;0.925168032715531
0.8310557192494601;0.28862370811983484;0.3430307934696043
0.28402162294336153;0.5239609759483971;0.6711736471724278
0.4071753450538609;0.2017308863174243;0.46397912092183136
0.9402652491748309;0.8782457357395624;0.9082704117668484
0.509649749641538;0.8097430441123588;0.13901956824146422
0.7137487611884944;0.14184780618690707;0.31899560989273334
0.8075308541650223;0.687387689605787;0.24878059547079545
0.7627305546560402;0.5269417867469581;0.9881943394401635
0.10750052074961813;0.6486752545608138;0.27170732427672306
0.7302715648120103;0.9956160148737134;0.7431535455890559
0.956708040700267;0.09699150826299918;0.10463578528084228
0.8288077908742476;0.37601548271567387;0.06004466812632614
0.5620591088130008;0.5371371334481321;0.973067876899728
0.08086386002893586;0.0666924327623557;0.029304669400500694
0.5788714019484829;0.16000484826003514;0.8543272356905347
0.8422752601564965;0.9879937380581352;0.7920649637666024
0.7194801117439519;0.5734464687995171;0.18235958149232068
0.9138850129052323;0.5902997447118044;0.6045019368309289
0.4661920160591865;0.421844702346162;0.3253006364233614
0.3199834008368577;0.7464898463392271;0.6606727738535487
0.39072950446983157;0.15570440350193637;0.12270258362535791
0.3553309328733988;0.6062185998161089;0.08032913148710619
0.5476910810884847;0.7117928563378743;0.040720558961331754
0.5695445816081273;0.3917424537148323;0.2626171621926825
0.9724830007040208;0.6043117671221763;0.788627528168573
0.5085702858994954;0.7249937663331834;0.6802119045811486
0.18194430902537084;0.5097096961420391;0.7898257227919155
0.8876502270626301;0.4020317034205295;0.6288641759798953
0.31752099028566816;0.8747137806447128;0.5281056413272355
0.338422479324057;0.005585118803546063;0.061849238061032374
0.8473067160424081;0.008752649386880917;0.781620963029964
0.5128892123745125;0.6790527918833007;0.4988294700027469
0.7606259642884323;0.4920968462602915;0.7955193834514221
0.19526465614013033;0.36994386881641683;0.41101580998461196
0.2311637563612764;0.9743355167131083;0.45665307298142255
0.3250630558527827;0.004870709794158601;0.27794722321182475
0.3502390197486157;0.3355224335520772;0.15780159109061198
0.9733918487814196;0.568149061789472;0.4597508920234682
0.977546848915763;0.7244845797600397;0.8463099618963524
0.5475412278416247;0.6890052893302541;0.15471836656542126
0.939516605109409;0.17936357356838872;0.38517684953333975
0.5038242427422671;0.11764051573025858;0.4852492152635519
0.11447135284624244;0.34811781847586687;0.49137299527160905
0.35079485430829127;0.19542013465746355;0.8836869565301041
0.4661082636161378;0.6665362712456571;0.870410598863183
0.3352902142635782;0.2145979667308735;0.4038995841026989
0.3766315920029458;0.20451936195915044;0.677277921356754
0.8850027709845967;0.45402164928838096;0.3646140922275427
0.26625035331590663;0.8313987447754666;0.018066166462962885
0.042095446003862724;0.8415777865434944;0.8267839715568961
0.35325595992065617;0.0501507916563968;0.9745347899748261
0.3416728743839941;0.08486446301259654;0.541981758503367
0.41278451568657804;0.24239051993535043;0.8320031397208754
0.5809346296411776;0.320212760215681;0.9263361342652642
0.03854853326430474;0.9470967642983065;0.985834196270688
0.2904035958656038;0.6270140154700354;0.8759721789449604
0.4084241738348592;0.28049660797991227;0.7392645793642366
0.9629789152077171;0.15481151929805415;0.860718398724127
0.8425372393478275;0.38632127104876846;0.2648031298927741
0.876163225484678;0.5438654879488529;0.3722482556633119
0.5001557781417066;0.7978212748613915;0.33137966039281797
0.9402041713959577;0.15649678774546183;0.9989583869099397
0.8095067534599384;0.6609202055149986;0.46759115021556297
0.15462816239179378;0.4234914055961556;0.9937416609578931
0.9410527910417639;0.8103793497847367;0.1366019237368672
0.6835454629344047;0.28109151133255605;0.3897410858708189
0.47292121202552395;0.7561678176647402;0.17880323137389142
0.385792833626053;0.2986384973977627;0.8485429588546919
0.07210612123225513;0.1730456747167226;0.21232562707107538
0.8186596110334466;0.794496996678373;0.5527359737765393
0.1666016226209095;0.5253108162570856;0.06269613788221318
0.15224088710048445;0.16836431494979132;0.3644792853948364
0.17926869320250582;0.5790254413158081;0.4229592827310812
0.8514055725209683;0.8296168048507897;0.9334216464010276
0.3640181471211307;0.14091722642633564;0.0841620731381667
0.3890958645828164;0.8085093605543487;0.8121822614111347
0.5525402710806222;0.11114493005380466;0.8740044796758069
0.3790270779885029;0.48274570950887796;0.04479781684324169
0.5556098722969003;0.3178840355197533;0.4553635196143616
0.16317651415833734;0.4824552660236969;0.9646351036958044
0.8133411417850589;0.49390958392253326;0.19323495331320029
0.22548827175136898;0.26907764238495935;0.5799048775759849
0.4455278448350354;0.8185762550587143;0.036040824388268056
0.8884719687463799;0.6197571867656797;0.7339643514086838
0.007971315898128828;0.5541020974140436;0.19710205179805262
0.6777523608910921;0.1693027349446492;0.0899723697394943
0.5358803948409242;0.4822205291508773;0.6382764412845745
0.7854622522791066;0.4215586311299475;0.438132281654229
0.6637278575066035;0.665031987083259;0.6163855690310985
0.9484237529433579;0.19922077614681177;0.2742149946104333
0.5996879061563319;0.05364284147975895;0.8922209314271553
0.01249255441238628;0.6894987616498497;0.016896981189952975
0.5317664334443001;0.3167860733603979;0.010643701124738114
0.8143450244617981;0.4800041745176534;0.6169467764207431
0.4220327388338212;0.9121331476400608;0.014124540595144897
0.8480223273693793;0.950511645098275;0.6206530911170649
0.7702962081904169;0.8685727172765862;0.3428070225007187
0.16133407953101953;0.9075492331385606;0.5046692331728466
0.12859165911764414;0.4941733328566883;0.7204348823551142
0.24793331902161164;0.4408890315693339;0.15647837563372824
0.83259701865329;0.2988831653702715;0.8541939346753705
0.9107619521027354;0.5810277374750928;0.20592785369933042
0.8185513884600467;0.45231301290269;0.8813769105845309
0.6355670000447342;0.864389727071036;0.2697603499451008
0.7673211844058214;0.8100704665212487;0.5075453647718039
0.8946357096150639;0.22582860949971972;0.7283645792474273
0.37912480870463683;0.2812087162201987;0.19328620253629558
0.8784136670343993;0.5429521776880136;0.03172343774598663
0.3546824020771109;0.3729905996169929;0.10686288519507481
0.6596562888004213;0.2979420705074223;0.2374659658424123
0.37424097677088264;0.8760243751465654;0.5564473755416735
0.1767903756948107;0.7798506674340329;0.4271155192796372
0.8165901123332588;0.04827414522089035;0.6642786596098605
0.9553429108685313;0.9630306812807317;0.12048874647629815
0.6151483993685691;0.18111724462323087;0.9184932001047235
0.03335390252690473;0.21569351968733352;0.11048322206339012
0.8958531640876718;0.8296644711314684;0.5732490804982519
0.24440398435329913;0.641880997139924;0.7027809190368653
0.14321955465565983;0.5716432231318463;0.6263228994776171
0.41243124775810847;0.21588482289323796;0.3354139482514372
0.7282226263125439;0.24553145971072754;0.31881572567372374
0.6284798182815666;0.5953456500930334;0.4424145166643876
0.0036247356230101335;0.7379333911547161;0.291912273882737
0.4457527562513709;0.4254241739702306;0.8893811039546147
0.038243770371923946;0.0497375572305907;0.9441060983084613
0.3471177923587211;0.6490342216922471;0.09162711481846353
0.7588749268114507;0.14532590764012032;0.8281131586776603
0.14852059611658663;0.48481101350884037;0.15025363951463977
0.2652992368195035;0.3288131785815521;0.7955025389766252
0.7989184354187516;0.5333141163998585;0.7304633490067017
0.5199805254569072;0.8547614263698798;0.37121754877237545
0.2494959065266008;0.5557711504696651;0.7685248860399105
0.08301981406460479;0.08210752804108123;0.3809818863965744
0.7269602901386235;0.8406727805550079;0.9834544096075967
0.14992757943646673;0.5370708417153253;0.8703045341605935
0.406297032013173;0.505804280422738;0.3623851576270942
0.14946240845685732;0.690164413839263;0.5405661874360298
0.8792507489277847;0.38430085479449994;0.6800058234712447
0.7532696925666332;0.6266007757314812;0.24063027021627903
0.5523676142041087;0.07007697059006812;0.27209714678399677
0.09661166914973496;0.24668874786350525;0.4919479545778872
0.4799951276806881;0.12913857477125823;0.07394606722394448
0.3153972875261519;0.6357677343195146;0.11724413795023636
0.976961608167324;0.03514865219630692;0.6236472965980545
0.9266945074398514;0.0006801107298414211;0.14774673202461786
0.7411650769268373;0.6263656343856928;0.993623546512702
0.5759373527703109;0.059131676328152305;0.3272943045599864
0.9317693358180786;0.39816640981848017;0.6478734484237391
0.9416074991115817;0.23776810174812824;0.9551087491375236
0.6341285290919549;0.5703225431956255;0.28218032720801667
0.6105979162530287;0.3204823616274598;0.3786508910561306
0.022842088072787425;0.857655317039986;0.04196108275586774
0.06012593733164284;0.9103914121495307;0.22090003695935723
0.08181460751384784;0.3196279541565358;0.49476721619686304
0.700792202937709;0.40885756404339924;0.9500162534114617
0.5180079089764885;0.9529223469225737;0.26251854723783175
0.30842465776029304;0.5351452899526493;0.3537887020324717
0.3603125889076988;0.5780716129685618;0.70315279749917
0.30568503186834506;0.9614542142681083;0.43822885777439324
0.5401537281195616;0.48748077415532665;0.9769794400526295
0.7597810514654245;0.14808233306916585;0.8249360233684329
0.4906703045344297;0.7565052898944533;0.10862895087691793
0.25946788278428146;0.41114827977862767;0.9124948161628246
0.2409837620367289;0.16729312615881564;0.4866810799033032
0.1253847790441034;0.432536721950201;0.44061103143278646
0.223793982799262;0.4329023320468103;0.10868638411210962
0.06179561760330765;0.7273140140446169;0.404006005594562
0.6198233529354511;0.7569754277072832;0.47221728449840705
0.8848020953408988;0.5013835646213121;0.6461954084317386
0.6209769148472122;0.0211723710015026;0.66437706823762
0.696909497627067;0.6787632478368228;0.030872321947515213
0.76000447826889;0.06651479184601061;0.8381326136577413
0.4493557666069832;0.7903826152481433;0.3214508169616431
0.4972105968728242;0.5037609701890786;0.788342896243371
0.8587564148577764;0.40945158699846695;0.709479158528162
0.047702752096894896;0.993341201593977;0.16591577872864116
0.8115091871755009;0.4228246165999624;0.9962988469755737
0.5518705423719487;0.09121805985851028;0.1251899166423538
0.6951866293992188;0.36721622925252717;0.9860823327180337
0.6873232147193804;0.7168903035475842;0.6363292645922428
0.7777995730288025;0.6350400881976886;0.21474928022253703
0.29504020151403276;0.44496809007006677;0.6392196373707794
0.004848537941648967;0.8000963612256847;0.6655075114573076
0.5561657458073657;0.5591143282613519;0.8670443371562417
0.646910878013609;0.5018028871910092;0.0477488779573676
0.655057893483199;0.09625452614541463;0.18984111392693115
0.7854712248721097;0.8289339426003013;0.27893520362584334
0.4102143065969984;0.29048649879845734;0.0745255694700021
0.2779579255652068;0.1593046606798887;0.23585570438402437
0.3527892321342304;0.9879028827122077;0.6328964862968299
0.0745432120043581;0.35871344907926883;0.8252378054686057
0.0769661794716574;0.47828621866327004;0.31164991483698856
0.5170186425221315;0.7562853929831553;0.5433152889135933
0.32507649424031426;0.6907465162430841;0.22747923422401994
0.8982178387511469;0.04606207438468546;0.06269917249117252
0.8684051135391455;0.7390831251971361;0.08566227253989478
0.8679755740615409;0.958072160829448;0.026570276031541717
0.6803423331150712;0.13441653640343254;0.008298961796569193
0.08719417870136914;0.35071252140039033;0.7215839156080088
0.35054219761756367;0.540986877778211;0.262465406604372
0.04096854673727879;0.9330354987402514;0.8400167754079328
0.777375795153209;0.2903204963335111;0.9594947229187116
0.7852253896028417;0.9579632961632245;0.18460868359484783
0.9762971041426903;0.9876107582773774;0.5638998971638873
0.5078278346127697;0.14902063489169126;0.6963482507759636
0.6577145575179228;0.779995524899327;0.8008448008441064
0.7094968555311802;0.33531770244487946;0.010307062012539836
0.0993209783392831;0.10152855022024587;0.012311201966468621
0.6265157695366916;0.7322236172269726;0.31301184055527265
0.7917033163204523;0.6791173906581827;0.9060818963382394
0.002307076075541148;0.8573006137291038;0.17506468003368814
0.28549423126885387;0.0034304740252744104;0.013843299846157842
0.41529759405168076;0.9043797863228413;0.6959153659860856
0.6263835243615972;0.12499259048740563;0.7297287764031509
0.021400160624513442;0.37727708940599325;0.9116426026568163
0.01642505038423414;0.03532624697139797;0.8026499987973018
0.21838481449217173;0.029039836231517846;0.6208588730490059
0.4692650324800852;0.3938133666546948;0.13241761666326102
0.06150855856552073;0.4893064432164882;0.14572756269143428
0.12377870836073634;0.5799643195600698;0.3552700351786011
0.7441230302873465;0.08511536379137796;0.9794297476850078
0.3623426819716087;0.06264595916441895;0.3881412075648123
0.02361101994175485;0.9128711660619296;0.08621765379885515
0.16034283248785186;0.617778393476644;0.22957970764854108
0.02600603793520384;0.952892562637122;0.8447254127181044
0.4870792500792247;0.662997670140227;0.4097918367576291
0.8653460836018516;0.4310670360760267;0.13222437976330093
0.44398927000775834;0.8235083483092903;0.2773981141323393
0.8852958434605999;0.7157191227173562;0.48895915126702216
0.15609999932411434;0.07662218610663529;0.6193925418206965
0.0031684768201128977;0.5957671273137803;0.16127592070061114
0.7958091128940101;0.49955446669075276;0.9599107087181189
0.2530574913663215;0.4320516132155201;0.6189862384542134
0.8558132993906881;0.7208101589889829;0.42607312884550175
0.07137943075831032;0.2441224737943989;0.9939250058149482
0.653038852661659;0.44774829195563126;0.10925579170086275
0.17368632306212972;0.5138612719715528;0.8747957805871167
0.7515310279991677;0.477780147791637;0.457742855718394
0.4031524242837188;0.6417515565852614;0.9706165430859748
0.37641476511725;0.5395969262334096;0.6943293349937889
0.6684775088002404;0.07721704568660714;0.9562473110781402
0.7790174856044199;0.5332206638379737;0.263010517925073
0.47530976419003956;0.23896374261362596;0.4312633544650992
0.8341771279634307;0.6965542519575953;0.11416307010750837
0.19860279108528955;0.36672293544317947;0.9282459246208241
0.28455434713011174;0.5401313016746666;0.7954338836582664
0.3874314055615503;0.8779368724902853;0.3144642534530867
0.8266273986004652;0.5605581672587671;0.8178674746263561
0.0779811995905142;0.1887318281560285;0.5405842474315387
0.07419804006894837;0.21126800361465803;0.725857800017137
0.37045072073825935;0.368399576822554;0.8636963673684173
0.10038649028781277;0.16848991063552787;0.8732058292857584
0.9248391726103296;0.7747481612633155;0.8613831866148421
0.4159730088089906;0.6879834270529348;0.28297197383928796
0.1815634198842656;0.32481002855516905;0.7028808952271397
0.40133005455770976;0.10926232181910056;0.8117583357401461
0.589134791700624;0.22628322189913286;0.7117630065377153
0.6003859585621655;0.10543458647222959;0.6016329797041042
0.9763662028598121;0.4485982133596448;0.14577445698502212
0.2847332405554852;0.296176089233661;0.278527911640845
0.5744158745105462;0.2870945624454435;0.27629727516706515
0.26748610551316576;0.0798294183660756;0.6422414822251535
0.9620041343581497;0.7207489643408291;0.21026833697856306
0.4782321406567762;0.3616820031606913;0.7504803184060548
0.5741003032923;0.550650053673017;0.3343362577934271
0.8395746223758944;0.8094876421463711;0.15790368957110756
0.7978547640254429;0.11662124982831401;0.39456976559450474
0.4426194975094968;0.662174530521827;0.3614920867611928
0.008561796932982202;0.8354982739422804;0.09851676946050403
0.8490841080851577;0.6957639399961415;0.898231145429142
0.5884944744301014;0.627234115391523;0.6639899151802338
0.8654388731883499;0.929781450977304;0.7887199677878393
0.25460935655376504;0.22665428630599926;0.18553431836659673
0.4577393838924877;0.20325678318738505;0.35718940259841536
0.5327478110996137;0.26704463136467815;0.42295831894930647
0.11811607046752803;0.13111402813384454;0.8568031302218627
0.8909243714759808;0.30472572210368765;0.3588345277160174
0.5215623946186426;0.12710598148910912;0.19400687058983557
0.846339415161788;0.21188985595829413;0.5708777011206658
0.4122205402402468;0.4460864117929535;0.7877761742921388
0.38930860247987165;0.5160590680510191;0.6465112517438478
0.4929596430382145;0.46740603374133205;0.9831928615850225
0.8456958279810658;0.7602788119010883;0.35740122846664446
0.047276027053609226;0.015656301674421447;0.46435859097783305
0.5739625049026565;0.002658437078884579;0.782218498215634
0.011666683089354923;0.7533236856588286;0.16797837561804185
0.4892212655902334;0.27422928658782686;0.9289394991466532
0.09785522915948308;0.7975170846267419;0.40343432120025924
0.26268272193225817;0.8367750536161274;0.7240002112176792
0.7314208426423657;0.7437924597499276;0.611595552680353
0.15933897540955355;0.9406978490088553;0.6882077047568989
0.5131773030078457;0.5766062785603034;0.481408606147559
0.45117723155078693;0.5367516457952364;0.41585968579429533
0.8685270200153665;0.8569253619302722;0.8602240374320202
0.4290088977974511;0.666176198731189;0.7150928374786908
0.1265700692406434;0.5061130261086126;0.04556537812007866
0.188834988410146;0.9683138597085363;0.1289953300424298
0.41029543737147556;0.22627765099404507;0.21158264222007228
0.35919885429973053;0.9629829265482281;0.9531016784823603
0.41922636657171497;0.7461795286142495;0.5578820716532282
0.081005310880647;0.7037254483456463;0.32638730462152643
0.45840743257044436;0.8073425096025637;0.5875217158179586
0.4727784404000456;0.9367473604473324;0.40702727056361354
0.7869999684192915;0.5744193668604256;0.13283569418586905
0.8835628077320068;0.27865202208676243;0.2018230812862325
0.3554237325133658;0.4600364405583034;0.9534759829822336
0.9890391683984908;0.3384388376796418;0.08049247340663557
0.19199037117145945;0.30460605816908803;0.7463800228077057
0.47446156958157537;0.20711282255869534;0.42775123499631373
0.5992751809553952;0.3216491696141456;0.7012624200182397
0.9670841525815299;0.9190590727211232;0.32218677415887864
0.3630307411459105;0.9719443348832342;0.07923501073817985
0.6315273633199521;0.2414650034672069;0.057800934189688236
0.4086710526492975;0.14778870823695733;0.9479529627093487
0.99018241034937;0.6263637094020819;0.7043216550739325
0.07074417071944084;0.1003248661971925;0.7192883612611307
0.3165998454864075;0.08657051697500462;0.8211089623359183
0.32071570944385297;0.5346511598044343;0.8225265099840238
0.702798127279528;0.6502448935010092;0.974185464285716
0.24670588184145392;0.3206114450546218;0.4414054624404279
0.19620836660178465;0.8878533871759454;0.4092724250166814
0.6518878628557636;0.2828171803829628;0.4759847398484266
0.23887455434256588;0.32937948865229794;0.6563209636798224
0.25489256628906587;0.41167181652066465;0.48232847813567237
0.4632388284002529;0.6144468791611912;0.42805465530429865
0.2716933793898285;0.8115477453018228;0.5277436656647927
0.5168664890363662;0.9698646726818974;0.1932205213812842
0.549184309734591;0.18417602024789592;0.053040810498488966
0.43677692556127357;0.30616143638205773;0.48754437396237305
0.26489998465204434;0.6021329861347016;0.4537745372972183
0.782275679617447;0.7486528669080195;0.6319777723233441
0.40626721686926803;0.8985313047741184;0.29297238019166927
0.293114123070786;0.5428423327937691;0.8698932231253791
0.7665246988247364;0.4782313366574965;0.5625399940920175
0.3040736001794595;0.4506373131395679;0.1363461131112016
0.009231711675520837;0.7423541027749396;0.6644488631672789
0.8354526576402382;0.16429438282356557;0.8018361237041087
0.4754585224503225;0.862973526015738;0.3515220786801927
0.025764880260341627;0.1980652436859155;0.2957931677203518
0.9691242898721252;0.2866722819347568;0.4327952326184641
0.6945733303231092;0.46408980605038375;0.833366728680157
0.5733193413707195;0.1363047517886875;0.2946917202558105
0.9645157087289788;0.524509076568177;0.6206913073497283
0.1469647450790602;0.0972889620740579;0.16938167146626748
0.28327797777334385;0.5349638845624842;0.08576392438942992
0.753171950562425;0.8384135062366904;0.38595424053739924
0.38584130049157295;0.5813683319434918;0.645009695332161
0.2663712221052974;0.9170040149685548;0.8276371333805276
0.02605288278520501;0.9573302999365616;0.2146263524266936
0.7543231211948377;0.24987146923415327;0.25419865594842483
0.8583831926473058;0.3482295593527872;0.45105154587710417
0.11878308688141248;0.8523960297065615;0.6479944833949515
0.37885492822262656;0.23115814572753934;0.4366877375892938
0.8532671399454246;0.44523507373307336;0.7542344626883153
0.747738729542197;0.94842841485136;0.31244794253932007
0.14455706833851634;0.28091068053236923;0.9786242191620642
0.40768235971672917;0.626359248453366;0.12740374437842295
0.08403568058761846;0.2556117934461609;0.06983890058344022
0.9895923714151141;0.5998510560745268;0.3808627667654203
0.27939614077305586;0.6289245503932067;0.9696268358212626
0.9370930331504932;0.8959506786158616;0.5711492930938935
0.7546735356153779;0.13589367159685828;0.17983757882207985
0.01566820093566401;0.012430125332728026;0.7989907617872226
0.15860511126364651;0.6525079817692667;0.8217005461297591
0.4181641222726068;0.5442761863241133;0.5002097748463171
0.7748268093756668;0.06434635240642472;0.32270283794590804
0.9211788943345673;0.5090684721988731;0.03762849682047076
0.5826930870863666;0.36867195587933865;0.5334737811999926
0.04968046030904094;0.9400363236184089;0.5843232115557344
0.19936080208896823;0.6205093588832937;0.0651259669346439
0.839066087417;0.6620411164260229;0.35217956848985255
0.22782585689626456;0.19346443157286286;0.5307773130324209
0.9239545388772527;0.5814709357187201;0.27895288590111655
0.42230113232600064;0.8748064055628808;0.6949990803791848
0.07648400539972189;0.18540847859349574;0.31701430078935133
0.32174511521744664;0.47421906128614477;0.8394003310829107
0.54244504475889;0.7276986395504221;0.45190783143320834
0.2837020579751547;0.857458955515595;0.8095681461843577
0.294338412151528;0.4328948171558009;0.38004461761588104
0.898589903266231;0.17368624100322405;0.06196910907293074
0.0029119830880431907;0.8065706793746662;0.21522188299882583
0.13439862509003186;0.239918732981782;0.5186905453356685
0.3697283491556398;0.9493753271079614;0.2938652054684605
0.9185211021535051;0.3801368636983875;0.04877647252439232
0.23054154467686527;0.4847274487790194;0.6769267489627264
0.7108075932317197;0.6267239947085055;0.5554766842984686
0.20164780304617813;0.23175359381925165;0.3301981459623108
0.33725265419096495;0.5853238638604263;0.6850278971135441
0.07320037706575722;0.4833285652870539;0.6349556471476454
0.7367150116972093;0.5799358398209981;0.6132315895345177
0.9486364931160494;0.09968152174203193;0.6124650680350125
0.5022968404935667;0.2954108571938713;0.9675966617691634
0.20077868555057043;0.5381946733383774;0.8670374816500994
0.07378831429390653;0.9052888419473181;0.6776259299476985
0.11494503094884367;0.4893304500376602;0.05798267867649831
0.9367134514338011;0.4738407784446971;0.9809728262422955
0.9688348491356137;0.12670601346490895;0.22496718356576229
0.7278867154204661;0.1361623497944996;0.6675696296309589
0.45394962335946176;0.8702249802800621;0.7569969126192837
0.6707471323275332;0.5570429953045217;0.6341814659513215
0.017894393563371747;0.841056556892084;0.2878526191798719
0.4182863484214816;0.38439657090954527;0.4344071499422253
0.6813305941650234;0.16034291719466853;0.14077505051881556
0.7120551943212556;0.16691901398070363;0.7944113399962862
0.9091361099545752;0.2117307181940864;0.7715105597139692
0.7210066255667685;0.6233792347063467;0.39976543763295413
0.5741956584083772;0.012547712312114934;0.6768549986181948
0.37942293621964585;0.4660735741993828;0.49222866656672626
0.8018707554471878;0.2540187983973151;0.9357296917627722
0.21189578264512765;0.4078016931186995;0.538522103681119
0.6633769178598073;0.19027624969183032;0.5192843911032998
0.003151308702421418;0.5424413780142878;0.03786515915230648
0.20526004480054472;0.3912907869396275;0.38568512845536385
0.644957347966261;0.8519362405054004;0.2759611037090697
0.665173707441251;0.545855518976505;0.04041652800260476
0.627308507760054;0.7901944600337291;0.7925125243133295
0.029134424962671268;0.36737960464721753;0.004438421210083643
0.508065668832966;0.9853586451148163;0.8572702888326447
0.9600090815679647;0.7190689825100106;0.9567924613230693
0.28386006236356776;0.7027459236490483;0.7942496832608227
0.40920758159330517;0.6078759731842908;0.20495849558611
0.8733672972871029;0.2378631224171378;0.15656196983276172
0.6925049552399987;0.003954578484996807;0.37579697055213646
0.8368123485911684;0.01782164792820462;0.4824790708468498
0.27579796029261927;0.5503434964776114;0.972002429716419
0.5223443697316628;0.5102698660943785;0.5321707741944567
0.5981097764054046;0.31605926637997617;0.6217957192677066
0.8847972735155624;0.8346562809270963;0.6208523516889642
0.858479146027687;0.7327769954123151;0.4432810912788788
0.9660871566285246;0.19889764402892351;0.5765123754885303
0.10129479840510824;0.9571407013499362;0.18181590875139775
0.8282981953330648;0.06400407408350328;0.32534895931074326
0.24804393892860643;0.9268240436243952;0.9416875498388448
0.8206812435719947;0.7832464850512882;0.8178849763042022
0.5253945022864791;0.7321172721809113;0.1789093381933673
0.21533626015464213;0.25752979138589727;0.00935820373204943
0.7829950509152759;0.4294846901260969;0.24314733365681107
0.5216964618679347;0.8225670812836631;0.07048682498476289
0.4682743173344367;0.9758787666302572;0.43803132066504435
0.5262286551360883;0.29959017266994237;0.5268469076102485
0.3590681576815188;0.2385555060999921;0.5120424310925086
0.8249454959769863;0.9684692216641748;0.7474417482099067
0.6038510579968139;0.6111846267527479;0.3246316966546158
0.4202802994281518;0.024074942744724215;0.9962175880366083
0.9409663135152886;0.8406539428901171;0.16941550614576817
0.5134595690148075;0.38166344799685514;0.042618333804463115
0.6563167616347886;0.25072675590186844;0.4967140762505198
0.74702121194562;0.9692754693404316;0.533570998603986
0.8191577297378227;0.26882611552177194;0.9167615815403634
0.8020065723684359;0.5326095993770157;0.7705572990723939
0.8816629754702835;0.007687349928057863;0.7083236012214593
0.5153354667896733;0.28743228918069097;0.5968147898101871
0.8210719975571908;0.512859301273018;0.9621995860402964
0.3807799215601364;0.1688476079673097;0.29019805430334855
0.8462844013516273;0.1368053010410537;0.6122932534810626
0.7584641831951987;0.31642713554023116;0.46568565823626173
0.9146896883145843;0.053251305924011394;0.16207521606800868
0.4655747810748927;0.055270158772156464;0.36288265143869836
0.999912828740776;0.46970512398431663;0.9244708210064613
0.12053543889083773;0.8573951016324403;0.27298155345528974
0.14807784728035633;0.05040917313815452;0.13581633570178508
0.32728032676289176;0.1407196728273682;0.7134579515977976
0.21751570150724575;0.34637074415423974;0.7323287282325485
0.32154140048701996;0.6862868944097917;0.3865529771965629
0.4741519136311739;0.7161126267292132;0.8118587251510819
0.36242235295531944;0.9760288738270976;0.6190082844353318
0.25843410562698554;0.1959832988620821;0.7664803438327161
0.41816019205414123;0.7896809346741221;0.8743698418572281
0.3909166634371565;0.964903166712697;0.7143907244653139
0.3710061060534021;0.9137955291157798;0.43740344996084035
0.672362478434243;0.8667763011489032;0.0771601670539428
0.1167246993514307;0.08626886055489802;0.7398004286185853
0.8540033527308335;0.21397724303571364;0.013365054578302615
0.8151866597101635;0.05268333122290425;0.8466977445094153
0.7451769426340269;0.385025862996367;0.9050441255538025
0.8962596297589328;0.04740031602433237;0.5018587291302439
0.5016996521879459;0.9870660158077169;0.7826733319455139
0.9656455615160253;0.6415666127746397;0.37873074033202614
0.9286469956399247;0.4342277653465343;0.5360777548639871
0.4219381325956679;0.6309952181262217;0.09601975357012771
0.1589645705144972;0.41181706198878;0.6404483453591212
0.35419575383414126;0.3920668609854341;0.6744980825259879
0.7399083317676712;0.8131326070918763;0.48046305989005544
0.971475115272733;0.8953368380313539;0.2556097276618685
0.4605258703464127;0.12023908502188974;0.6177704266295881
0.22299411724196883;0.26844632074294705;0.4450618532763776
0.243994296604771;0.2440411374464756;0.3565730322469236
0.4477263942775942;0.9542894095595453;0.08620979924881822
0.41012164940110063;0.20020182171636025;0.06299791933828913
0.010584722190714602;0.3439678745943896;0.8535825719271419
0.5791832274127678;0.03552427815345249;0.95990454939755
0.8052362715321904;0.9281057583140114;0.3556795994061728
0.9770608104240328;0.5250680842312305;0.22905020237813767
0.7213909492121874;0.973826630631957;0.9804927136457805
0.14707041194443793;0.6289777958026133;0.41653251323162765
0.8135104193465499;0.5392148081597701;0.8718254060213425
0.40354719631567737;0.03882897536402896;0.08340943191426942
0.06405675232848473;0.8327049568848837;0.7777955520639596
0.6147796104887153;0.024906014274871047;0.6246741888671122
0.2318681882333835;0.01812115507942813;0.3548835890887274
0.46362842595270115;0.17920294078751076;0.9772139600923054
0.9448481023216369;0.9039795021379107;0.18627389346767698
0.9383595659971729;0.12432340468407421;0.972388952468802
0.0394712949450059;0.9984575893637311;0.28452210071118755
0.32887647623620686;0.1450904594859146;0.010323421273270461
0.43665906713448166;0.3795767562715252;0.5691580027587011
0.9239257826750904;0.172251973338846;0.23738707511940382
0.2379108995970698;0.822322348938642;0.5463145560349343
0.19692479012327035;0.4061982764659209;0.1515933605376344
0.016056131530278073;0.3490437160329576;0.22021778253077173
0.36598347652165686;0.35197738263781;0.7524579739981595
0.04002357106390786;0.2791937438303117;0.4947002181233906
0.7075257176406511;0.5581762298869362;0.9095187713157858
0.25161840938244573;0.08183245094721214;0.6764992753857905
0.3926072534129459;0.6925186676529578;0.20092097401902642
0.9866667728561833;0.9335605023712507;0.9577337183160999
0.8018885866844285;0.6654349496728549;0.6752884338804496
0.15721606638273045;0.4426894433619928;0.016029142052101264
0.9422510988415462;0.7286046504578718;0.20867255791325268
0.5993031703357126;0.3545953500167248;0.41714833355346614
0.45669265028897954;0.6300346448870314;0.9465239267211016
0.7114922024537405;0.4066167962667283;0.8481071238038103
0.4093472760370197;0.734757645404655;0.045200060492541216
0.7591744647929145;0.2757897507548762;0.7994480296330099
0.7626798050264694;0.04531981159529619;0.7464417669461206
0.5275610814243886;0.5298917562379656;0.18966933507363848
0.8297612634693241;0.9963833730091094;0.96432609253544
0.6566109297590778;0.513244452090112;0.24899326487273643
0.8919358786758185;0.05151850580941675;0.5241042447374509
0.0325948263875534;0.11228779135389344;0.3302659456457737
0.6250284836551759;0.9352529634582851;0.6963313560770792
0.21035538903754325;0.6886546904456943;0.18484957620151254
0.1763910631347687;0.9436577767142642;0.7459055673584656
0.46082071854545736;0.5376018119925282;0.9650017267433872
0.6230768865196379;0.8543840483263753;0.4714680951513288
0.6482802911970423;0.6702531662274633;0.5179977106953725
0.28441196721767903;0.3353983958145631;0.9424905053576367
0.3593121306434456;0.6220989031852233;0.46784002534873326
0.6160981319422633;0.572134744183784;0.2725348535817419
0.9685352639616666;0.5794494761079283;0.39580453952895767
0.7591139577423085;0.24503119195898748;0.3173304726132682
0.6115265352536209;0.15141367267995187;0.9424010326860477
0.35406275737228354;0.5545192441956299;0.3249864723025677
0.5284372148752268;0.9963300502640267;0.6055362274120482
0.5637880558097661;0.25218893842714396;0.6390387533061099
0.286336834510008;0.870534041341186;0.9994091786212745
0.3795688590524031;0.764837918167085;0.32379301372218383
0.7576839724771073;0.764213446364903;0.5707290887109777
0.30036191341366336;0.48415523298095764;0.49713876063300577
0.9948368894497095;0.6681648687832603;0.5934424025013486
0.09225924852153577;0.7929842642643534;0.001105140993783671
0.766848673886368;0.16875132455091124;0.9410643158197164
0.6791766810705709;0.18093128595392505;0.31374921226765995
0.6399177032824851;0.4994173446832567;0.6579339638551855
0.8286066552996209;0.6312635035675946;0.3481577885239726
0.6193321375727661;0.3119368453893533;0.5368813583481309
0.23923327100498715;0.2944023039602177;0.29511649178590316
0.2563787602690315;0.38562142125962173;0.06581668866943391
0.7303670654512263;0.8112489656416147;0.4706232580348866
0.9642890350106033;0.6235531117577748;0.30472787811476365
0.6379216900421988;0.5432785735019826;0.8291039482201273
0.8849207057345678;0.5929913382298015;0.16569919708854708
0.7011109271966706;0.6970346696520691;0.5801874610948021
0.10382979000372117;0.2856424834669057;0.49072344677889523
0.9337363636346827;0.1462990477878825;0.06719876764738786
0.556241228826657;0.9279230689719261;0.6601620724843844
0.3849942417288882;0.0626792640688516;0.038607522309334286
0.20546939641234696;0.4557399678291356;0.0157975619360321
0.731018566670571;0.20484436142432783;0.11101827658429375
0.3743352239080948;0.6233245762892683;0.7007059097463075
0.7050829295711343;0.2561441716159344;0.6563517647839923
0.7494933958249286;0.007712226153214874;0.02524785230430404
0.1772194884127134;0.917199924964483;0.2493491504722508
0.09248445426428975;0.9259336409227026;0.26667070775288815
0.8853961818500731;0.009576093522887574;0.32384034659901595
0.46103857457012487;0.5488162164671783;0.10354881450684217
0.8776221225627291;0.8076852755608787;0.7558181473801714
0.3140057877597453;0.1182926353741065;0.9514588674229476
0.6560123908590243;0.9342787924343396;0.43283438034764155
0.8977409661419828;0.5603069051534262;0.6549433820860284
0.8708955436769624;0.6830086040569783;0.02492556390924161
0.5560039488628258;0.9004713946112397;0.8752930683314846
0.7547030231964177;0.6955664004884995;0.16673684086256946
0.012047778507778162;0.6558288326748597;0.9183425404978983
0.6554937212112824;0.8133696997308669;0.021247816557412147
0.7120987749307064;0.6487118989742613;0.427573178562735
0.23297324644121664;0.28277721339881;0.32616198274403296
0.6290763460361081;0.05978229513282618;0.9955217640129544
0.5963234705475109;0.5600710083629601;0.4372088039246095
0.11324662857041723;0.8536486304977572;0.3118138102015243
0.6995266178397934;0.8911490755543675;0.3667844183633775
0.5868753669880382;0.4650384128593824;0.08026653661715744
0.5878714009626475;0.131653989430926;0.23600489478990594
0.8760799978627243;0.5715966411025176;0.5665286508814831
0.17457497466286742;0.19827555304514988;0.7851813146338231
0.5475129597999203;0.1819169734093009;0.8490673516540789
0.865442809558639;0.6357063846196;0.5742123674426021
0.4343935440497507;0.9135192047925045;0.47392717174891685
0.7556146115352855;0.27985851929913086;0.5717307283742903
0.05925676972470251;0.9836826673970831;0.602363273074173
0.44018280020821376;0.7114608048119146;0.3601525983279942
0.8754882240798019;0.7626715314285165;0.32478716466461155
0.12068375552210275;0.8821258269375155;0.7929719331707237
0.9412239279661336;0.7325017478534197;0.5329600666710111
0.11197651000532227;0.8107373783286429;0.5993102382748586
0.01106276932682082;0.4018194679015;0.3851272074299117
0.905534829674794;0.5994828991560126;0.8839410287425854
0.4443781068441819;0.8929382856696891;0.24382572616423726
0.03237500372337776;0.7124023535231018;0.5812001558045331
0.4817256537365703;0.007170013941431352;0.11173958819042829
0.09255368844227119;0.4956833865851916;0.22844104379504493
0.6284167776140418;0.7152869552595235;0.21634959263313713
0.6885129353052456;0.6451931902553205;0.578490671698031
0.7587729701558766;0.8377822958122496;0.5946390395437596
0.770343298755417;0.5179019351860151;0.5500729539479481
0.3824556370886735;0.6299690416636733;0.24278159233772778
0.6904558532714328;0.11267465414403743;0.8075751375492528
0.9372499584809935;0.12253496712803336;0.4252364786710304
0.8693285310367541;0.9407969341312358;0.6880581035191342
0.18330045857546817;0.6385500053514556;0.46592557363816545
0.008176645534949345;0.297275403086541;0.0423697436557714
0.9764063839571173;0.9265146322820544;0.41136337658973154
0.22215806102307445;0.807922901302837;0.11796950101186454
0.49734509942420224;0.5508310339006613;0.6772574371555086
0.21165313192553992;0.04074876421295137;0.31531905467731747
0.11802965784961816;0.18851808168783812;0.39379521326334765
0.8283652294010468;0.9438021730924855;0.8818116254805879
0.5377266796335801;0.31655198337591706;0.6523127246368583
0.5428511348816719;0.8094053792033565;0.8004852073736277
0.2311388789628559;0.21952432527940346;0.2520622242058105
0.03125799949017538;0.7099743687541675;0.5720634751048159
0.13935339884351372;0.6370571427774073;0.8288532840846586
0.11601874094934106;0.48660830588336057;0.112168650197211
0.9698055960056947;0.1851884749448418;0.5976136171830161
0.31483071207862967;0.196323738307848;0.8679565180230452
0.2358837084913986;0.06625360267453739;0.8680893873094758
0.8438919339172308;0.5032515994498172;0.123158674941239
0.2020693912772763;0.40473718051499286;0.8736349576093755
0.8543815831094802;0.3545359833426428;0.6387020630590409
0.7060549535213323;0.16667315211634404;0.8075710236378415
0.08905539357007108;0.3765177240452007;0.8338852679088736
0.41810633021928567;0.29899101391378513;0.6205944036487595
0.9854012678057376;0.261270965069506;0.8268715167626101
0.315995030877642;0.787981830550016;0.0887814814748743
0.867636285615441;0.29721483387026026;0.2905084244892785
0.7205928353986444;0.674623741313927;0.8023565638535669
0.5733191407313472;0.23036103101555983;0.2631849851239493
0.560281860704992;0.2265725497344241;0.2711703504940056
0.28595527973782287;0.9377167923472287;0.586102056776954
0.6864134507692964;0.7271446607648046;0.9221488535082629
0.4588801637827824;0.7870416262536856;0.7778082432805165
0.6750999742956068;0.8794977329779855;0.43381349176591155
0.9505943104044456;0.18258043410922842;0.6789676919761972
3.588017264255505e-05;0.08687559191695049;0.08948929593005439
0.24023681798253427;0.9261353714909358;0.47992375845802493
0.7117967860967298;0.1849199544757133;0.350841102980204
0.13883828990188063;0.8988201128069755;0.5379727333385741
0.333576126443901;0.6734962364049314;0.7439741630175176
0.9727821592908867;0.44691065673848496;0.8220514724635838
0.6291465752226814;0.08808814036802437;0.913959600949852
0.6937715124427403;0.643115527293025;0.4042714548182246
0.24747679690460422;0.4536662718084893;0.6522255543367983
0.024634940683686435;0.5479564840711799;0.15387631819239345
0.9961330321511795;0.70884732969803;0.4333693323227086
0.06730013299462434;0.21584032455179225;0.8683925450580899
0.20434605767964542;0.19646701977026315;0.9639659060311447
0.8211613216262974;0.4557763426110294;0.6099543923630337
0.16680999125558882;0.8420332819470971;0.1605877202853918
0.3653700619757382;0.29483744174139526;0.48970550108360245
0.43436577465522996;0.435183379268983;0.5847831280636235
0.8379892711028526;0.7279566440462459;0.09357197762259217
0.367841209322572;0.24473327188710492;0.24943253149574673
0.6329942676171175;0.8491459385504136;0.7517080438938624
0.5090560465867099;0.560481871236517;0.7705311471984364
0.4529746611494381;0.9592933199647263;0.7061840907694178
0.07735033583949236;0.779870343181111;0.5809845004821527
0.16950009723856074;0.5194740718190877;0.4112596644999226
0.8886911202853655;0.23154381370714838;0.26772010542722413
0.3314633399585962;0.4708007715373266;0.6415503217412454
0.7532285751941067;0.21613823010735722;0.04794048582232935
0.6386939949633335;0.5735517012951001;0.4128353130323167
0.5868518211908824;0.47759861729059316;0.8093726898056725
0.1409121904872539;0.3207739958857936;0.363803868453094
0.9693455927413087;0.1306989739142106;0.6797308476931025
0.2142521203708555;0.9143657130591409;0.5367515423024639
0.2815073132864073;0.056307954184592446;0.414924285731201
0.9891552667095311;0.6480329947837842;0.367555534786555
0.5561287669703434;0.7111394446732665;0.17056950676692884
0.12775023048145995;0.08154414219399697;0.9592874644845146
0.3306010373872723;0.6162895817646044;0.984300184666518
0.11886613199253149;0.7355951953377923;0.10560062852001917
0.8463330729455173;0.3082064945313653;0.3522394748465727
0.35287965397969545;0.7858959728708227;0.028998223261344935
0.8750443794370006;0.8120770764048866;0.786428009876819
0.9818817804900227;0.43242590167092554;0.4222734244214078
0.370425721704396;0.09838985359907726;0.2240135947355405
0.07907025883175145;0.3829206194489575;0.9684590097702445
0.5655563126716703;0.9623287762396942;0.9788418293295335
0.4218404699819942;0.7375035557843478;0.9252028230879077
0.9920825183442145;0.40981535099221544;0.694131865009569
0.9702195831275232;0.9443602952423594;0.8852322128125476
0.955028449557908;0.9868370986947486;0.4031147598511756
0.83855274979447;0.5550537516903389;0.20746233040887574
0.8755088852930283;0.17940500311152519;0.9651091230819248
0.5085385054383289;0.5721894301293939;0.4142263426265853
0.915483060333352;0.8849600871543541;0.4509714557498987
0.5951522106577558;0.13621298475389998;0.6616389278817468
0.10171884620055394;0.6628692071847717;0.5667663879676391
0.6424852241535578;0.25968504896456357;0.8519073824701758
0.7149184112788064;0.35422400115987074;0.7445644722470759
0.5393425687485193;0.8206135077481643;0.35893836330187046
0.3466584299045705;0.016307384225866972;0.4708844022019514
0.6929726172692543;0.30180985804737925;0.5488220423809874
0.3926691961332167;0.6454820933074903;0.8521003926561548
0.8543903323866046;0.8782525779213575;0.18524258609355437
0.2891759605482721;0.3160254658873973;0.40727180573311494
0.5657371271953684;0.7539086546572531;0.07599292412829328
0.47517951383736023;0.6564577153519993;0.05677664525862325
0.03805081244744546;0.3322510547684443;0.8374599619305311
0.7169148296054505;0.9420351527285836;0.7491628233095702
0.18749604948846355;0.3511057859843113;0.2483202754556868
0.8749928293278435;0.7003889328600832;0.9284284607361546
0.6322585652362347;0.547887055487455;0.5655432248303667
0.6780468600772557;0.8488556362184297;0.57389993337598
0.5639168613079885;0.24822650386302647;0.12356519651787012
0.21402797590455402;0.007047353511204668;0.19141712219392426
0.6768873892325602;0.03942328680118956;0.3535092251813724
0.8799535654503337;0.6505858291477842;0.8632444002198513
0.9394418756648556;0.8076984881119299;0.5857220443816575
0.33706559540054326;0.32237211536238564;0.9669553105395372
0.15889420602742166;0.55205042981632;0.863362079956139
0.30646042002170093;0.6223439311707457;0.9433818641835537
0.5019051128007961;0.6179144731360736;0.34055658336659267
0.20929283509119623;0.9225481833952415;0.838295256096831
0.21233024062854433;0.773967207797519;0.8259857637852974
0.7829816738149334;0.33038981544289925;0.9404975751517919
0.00010486986779567609;0.9609186428400949;0.7878700916962762
0.9484128341592999;0.34622810232346557;0.8496573141077342
0.12198855743870496;0.7399082470032766;0.05840055800329669
0.644712504723653;0.48652370342644247;0.7139870259318808
0.0474771358155629;0.0666451109509677;0.3283516674736493
0.4035637049004398;0.15677643080090564;0.6799090722970401
0.20380627893251313;0.6884839908259128;0.9056519584551774
0.5367967705729701;0.7697446447099892;0.48550273800210275
0.6926100498235179;0.2476214479287394;0.5787290207575104
0.6826700941279813;0.5278475184991688;0.30452982864298317
0.11115118107605859;0.10714192472531647;0.7289861380008538
0.6409578649881349;0.39929290400919837;0.6008817082473342
0.5516698104695946;0.8549055382369499;0.5361965858714229
0.7438192699162032;0.5926110784343254;0.10058673423607412
0.8876244598151349;0.5811342805013662;0.48922471539950685
0.7660577784296232;0.6090118928008268;0.7802314364201905
0.6064577566663122;0.7967325220608679;0.3155426351929177
0.34317327273439;0.5160352095372683;0.6048991109308035
0.3162114423492499;0.8305494168790757;0.7591460997294106
0.12125477086230796;0.5711893292764963;0.6023800409451151
0.8485863253885862;0.526427329898795;0.7682778115887253
0.1736959480178869;0.5462528609201011;0.3817218098591758
0.4107665337713249;0.7442429622311729;0.5459373248901236
0.20860148721581706;0.4207277237589917;0.020634764382800763
0.15940488214098902;0.4012774919705244;0.37121780691912676
0.04579698124321552;0.9676909317495014;0.13721247732244335
0.9952390405978289;0.13888768104740667;0.23140184715293466
0.8805945151820819;0.06917532875448729;0.22017115276591448
0.3714594058770574;0.271362875773163;0.5369295491559418
0.21970003821566275;0.40849219760824207;0.9043575225453488
0.5372349966286678;0.6237933576978409;0.5098744929302282
0.8059074832874731;0.9599053666668851;0.24568106456580574
0.9880442144777026;0.5802056533352525;0.030030888671932376
0.19769945533441224;0.7842195609995495;0.9806383484471829
0.24712041268083995;0.7821419556482624;0.35528732936434093
0.8558672154188252;0.4515986814500905;0.395667723325538
0.5873342947292024;0.1455252981147468;0.26144455778334985
0.7070654150733735;0.5751838093119769;0.7203430416686744
0.921091381696338;0.24313981328714196;0.611879413417761
0.46410275459101413;0.9215952517895863;0.10300673743107436
0.21807254036021628;0.19516071060679407;0.4670418339402552
0.2311917730905685;0.7943532406522958;0.05426558678516957
0.010841469230323808;0.3941061008264489;0.5648025648200969
0.4388908790778697;0.5278262971553108;0.8334521406523131
0.1353803832273468;0.3119503006204136;0.6229037149138467
0.6884003422453766;0.29208306916587623;0.04541903168329531
0.671555195924291;0.9897641582588609;0.21115252916120797
0.43596190844851757;0.27967815542323293;0.9959264218373833
0.18796057197576743;0.8748638062374247;0.42948438183192084
0.38757205860834854;0.8969491964085877;0.7262615589671799
0.8200009203363883;0.2260619319135594;0.8102669285206792
0.9455500925515811;0.1845648868551809;0.6741398157224103
0.11601044565376217;0.566623605724057;0.6819621627644702
0.3766286548869314;0.28356020178988073;0.20870136372022052
0.3337203229058535;0.4797801756531118;0.8304856972918541
0.7486677027399073;0.7148951954916272;0.24400387642177868
0.42408748458014156;0.2641067871742475;0.6766432702941884
0.695479639122248;0.549191959400897;0.252391607066928
0.18539248827017007;0.1215276814184244;0.4846131877057879
0.8434146300647732;0.08356770659667012;0.5468655037165054
0.00483637149052718;0.2806873214802529;0.947923898682036
0.2421099165608832;0.8726751230960977;0.2875826527907408
0.5390479165487131;0.04080081185446538;0.0024839417880081482
0.3108576892704863;0.4049325322187368;0.3654267671244642
0.5796959084069694;0.21645909922281736;0.61003933413504
0.3510452916380885;0.575319000289453;0.7919020000146081
0.5692294495329272;0.4206573855901574;0.16152034229757084
0.1340663483772231;0.3795878120773305;0.26786225145956966
0.3869183612267537;0.3678320378565315;0.6777382767662891
0.49024491502439627;0.5632549237680425;0.2641323983039785
0.9291611051817453;0.3022656521061048;0.3223723056058252
0.9318017154419626;0.9552981970303034;0.9926282656772814
0.46394520267737116;0.6204398541253354;0.31893648207970426
0.7222570681836322;0.683331402275322;0.12464571185600559
0.4272869971118042;0.2646354387843596;0.8677781391664424
0.7192272326047171;0.6403335093518058;0.9043689926499353
0.4209163846831008;0.6640033633651369;0.36755473787881066
0.8258774198755283;0.45576353141087256;0.9340940256610526
0.01950364893514911;0.5175602064055674;0.254336252737563
0.08843428294817446;0.7338868172606855;0.5878395722862992
0.17548199387553354;0.871354985506276;0.942143665636526
0.41567859842007493;0.6714359073291404;0.14706152585921928
0.6036370524214878;0.47406196598093786;0.1885692911597744
0.5406479502004236;0.9096550823011631;0.16469757097972892
0.7341417884366642;0.629034149787421;0.8677076425477881
0.9846864304883829;0.1804603109545605;0.5236398140701684
0.9352314358038818;0.5820541071567481;0.8883851888420683
0.4941169661067756;0.5611499240333728;0.37133240826172986
0.09456248227406594;0.7403407351116856;0.7629177200507538
0.8949023499621825;0.20091036159104791;0.5419972835324816
0.8881399005165628;0.32025389364873313;0.061870871915508996
0.00555048141869019;0.09715235853065907;0.791667717991591
0.08799819645220908;0.6653897056311692;0.959121125226265
0.8393923762691539;0.15887106890389724;0.9735698091856364
0.8102530706665481;0.7251950849446759;0.3374458197505579
0.5431745559956336;0.9728303985163527;0.011668535213958386
0.23769752303586844;0.5832506935357126;0.3946805443287449
0.8211495698282331;0.4354843636566712;0.388481672589553
0.4050065925756985;0.7681852423825044;0.9374859247507595
0.8754975905464156;0.3110799266006793;0.44523319571334474
0.9859914227929192;0.1321686881769244;0.6856439479688149
0.8765516857956488;0.27449919726958916;0.65784550855414
0.98489697111616;0.9527812921848041;0.1203597387530575
0.029510297566024968;0.12439904976438765;0.6801006191253747
0.33453168892034857;0.3283670597011754;0.7157807220323247
0.7147025177483531;0.6580143361013598;0.5897152989151901
0.19376036118015016;0.8001434078175496;0.30504903724090315
0.4355509229890093;0.1123676676250368;0.5216860795648416
0.7628748093282988;0.6691843879972358;0.7121265195591386
0.9812603358772056;0.04560862108447117;0.3845539877382548
0.17515825789802308;0.5053454471677633;0.10320656955176999
0.6819957621704978;0.9715718627454945;0.6652190464297026
0.11980050348487559;0.7134223264497997;0.6105460108343393
0.15075212771565394;0.02380790837104496;0.17025024151245038
0.11855817203655172;0.2557096366637177;0.8404925237159804
0.49382131065351387;0.31700453858517863;0.04064194935381704
0.6410315839168114;0.871175029150382;0.32572336922502876
0.13511678250799908;0.7132904666741586;0.2745477292557462
0.007145341869060351;0.07021356071733476;0.18428472478288638
0.26233362099821367;0.8812117514757525;0.026039770849507926
0.9011432929261447;0.22748308097749326;0.2826899123172777
0.4921069210143978;0.5709038971486199;0.19193240244743026
0.5202654797134723;0.8174766798511546;0.6946921040596378
0.47783801337854637;0.41430120040178564;0.6644104767264879
0.8759374356931675;0.1090982042354035;0.8939140436801076
0.8009446858537738;0.22094097333029938;0.5721748311472119
0.12979836921113852;0.7968546174345064;0.0017616010739402999
0.6531584482811199;0.5266038060307916;0.3772336378260347
0.8869697113195953;0.39996792362215994;0.479452577971319
0.7766992138706732;0.11625992895383375;0.08186205730868545
0.6181763818681105;0.2368957724691655;0.3906661553844346
0.447880950711261;0.9007435060473581;0.9766893604498744
0.6906579465639593;0.6022320756033572;0.2640897844090031
0.31161096082363615;0.3818799447161074;0.6510523350636103
0.059411199304399864;0.1481258898718658;0.3285383807804876
0.8192346872272314;0.6064941252734086;0.3802188234269137
0.2744383122569851;0.43389478335272225;0.05294297804613768
0.9959335351453971;0.6661639601769619;0.04580057077750377
0.7649064400900165;0.4580640591628339;0.30931128389240037
0.14226383598573467;0.4753737571410027;0.9638832709472723
0.531623657815545;0.06955911588550867;0.9685215191217197
0.6030745680763526;0.8554513317390073;0.09870849766045975
0.5078011082853154;0.5162896885715874;0.03576362351049389
0.7571828032373962;0.0359533772581202;0.9608962871984482
0.28004937515546025;0.5165171735604206;0.8343863637781217
0.9829145349300401;0.43083669432009486;0.5002901531294106
0.5260831469487669;0.9736908693835462;0.06633637302217021
0.19791378057768672;0.22587747630266464;0.6292480656727024
0.6101326599965111;0.5253862275441744;0.059542882033099764
0.46392313135411845;0.31981051772713376;0.761489123878913
0.03466290747025924;0.5584380978288472;0.9565802010009669
0.5465668896345766;0.7928439830558904;0.20713244443521117
0.785893523519533;0.9404274219626237;0.10278555039007231
0.945203989093179;0.5982139125276121;0.6915625430250939
0.3220508894306263;0.5296259277026011;0.7876053191801944
0.43999037476865976;0.858182876947483;0.13725212387161034
0.3337751401707538;0.2204568597223341;0.4777316030572203
0.9392887649862887;0.16998707680406733;0.9309375881885964
0.10665106285020087;0.9575329722157375;0.6263608531371843
0.7791274751393091;0.3424154165187273;0.7965918936177621
0.43694075188039605;0.013253451066143618;0.7602827558105496
0.5846868972117711;0.36008369301275456;0.8290026598695536
0.13747256295315435;0.8170520774492772;0.938134148114786
0.39401651781408487;0.887604513061061;0.40866350507633786
0.7122230493726852;0.7210122843746748;0.5231880501564475
0.7821615665430114;0.25034629203092307;0.761917284555765
0.592011749934082;0.3992785429764687;0.5467146961193805
0.6285410688351807;0.8573421041850681;0.9695024501729987
0.7605053356339815;0.6187599154959155;0.3145030115886728
0.10676663581674584;0.4361148316407202;0.6239549690034318
0.01860526013278785;0.8718134119408774;0.5366170232175889
0.2613669151357505;0.15956283902601143;0.6754352208644127
0.5867164564371724;0.9255003752512939;0.19987574459529178
0.8792881038091348;0.6464961256620922;0.8223530681984728
0.9202938069495953;0.433340874963448;0.7684905725579406
0.28848180078344043;0.7826839047874502;0.6297502256753392
0.14543982998518645;0.8593008837567726;0.42339480046388367
0.24614628394690952;0.22847533958358435;0.1946094312470047
0.18473328914438158;0.5535255781325666;0.257998237751361
0.41506017850768695;0.2792974556485357;0.6556597245912186
0.6760767737403114;0.9785349534072101;0.2715056770573101
0.9439377716223253;0.08125837162345784;0.7079068263407102
0.6535196508465078;0.032481923409189206;0.9162294746913308
0.544001085458017;0.9308743366041746;0.4736558602606352
0.19317728830585357;0.6116756666322951;0.919633694638957
0.10052111764013327;0.7373702185365302;0.540028533385443
0.9065132191343208;0.3277721649630583;0.9267436542648916
0.03363923947685987;0.6368864302074664;0.9907839470436436
0.6499154212177275;0.23936134540362353;0.09706065689723098
0.18498505212011063;0.06999464285655799;0.6605264864006365
0.2221820497494894;0.04529694385718441;0.09941305897497554
0.1342566124205372;0.3242341622189209;0.14517882137293703
0.952954645527316;0.43083454857226156;0.7335667649948331
0.16743786300259988;0.43376663389548165;0.2947183889150482
0.017364981313994554;0.8532506738060524;0.36594101759139197
0.8073108767371295;0.7764618403624216;0.7102300632064408
0.21092448060941604;0.19055425121622904;0.13552108016982423
0.30252212147370716;0.28176555969257144;0.81748684887277
0.604825147714955;0.6390609615055252;0.45440288425385156
0.32570331880850434;0.75152132981641;0.6397511014449463
0.8349526269177049;0.685637421293136;0.1168997805838764
0.5538040605916761;0.38727033553220336;0.6077318908901057
0.6528420714899514;0.36582458630719783;0.43603928548007465
0.1914678930919771;0.7804044028554298;0.5087677917359805
0.14166871708837214;0.922151911447843;0.3490631554180067
0.034987315056987156;0.09159122621723104;0.145235683724817
0.9550763465179996;0.7724829964840019;0.15253201432569885
0.01691604241724809;0.5500995474041437;0.5555701601695131
0.2525092650331676;0.9811963773979605;0.6895876149181951
0.7529945390242362;0.232222141134249;0.3490062115588073
0.25914664089034556;0.4703489571113809;0.8089774919600345
0.24549702724657196;0.3154781514923949;0.20414096454543684
0.3184476332933136;0.8158449371142813;0.4682022227549314
0.8112800576497997;0.011667890202719078;0.1609758451424096
0.27816740172300725;0.9655191006671318;0.29279457607965464
0.03397697241229225;0.6212500970674858;0.6522146372527104
0.1406008996914585;0.19086928441595752;0.41097942660618436
0.9949570042144517;0.011136173868527055;0.4496332990587234
0.1514066778499642;0.2909998525861396;0.7200783624673237
0.5027245398585759;0.3417110615757054;0.1656043883033792
0.8391748216107745;0.6546725511126553;0.6171721192943489
0.2577480001623773;0.20893692235567773;0.4772501689219517
0.3938587174300092;0.7425992749100724;0.48632670720500504
0.433087379154403;0.5426362837189743;0.5245135201125939
0.6657463877842018;0.4148476218812942;0.25305440290932424
0.6754418585676534;0.9457553111097085;0.6451395120429504
0.11794723075820224;0.9858390917114535;0.5461370302606087
0.8414200922594747;0.7988042847372382;0.20227932045290808
0.7911137260292265;0.03561906748070642;0.2509994848904601
0.9121408444985778;0.14144060610472642;0.5669974881572467
0.13737588205450768;0.18173705285384012;0.9447086297334644
0.5711704695879174;0.1097204040923172;0.2987777196849676
0.731765509633895;0.0013894009272709118;0.4160288823415219
0.16734144655794525;0.3783849533963548;0.6669342002319428
0.46708097081554245;0.572416564159828;0.030504827519911903
0.6692083123583433;0.6369153546304629;0.517121695269695
0.8176153458826958;0.8818702678303765;0.2069808925738459
0.5956684425252431;0.6069056955676603;0.07366766944390324
0.44399761782807035;0.4980465917665815;0.8314031670705727
0.12551857528497268;0.44562253446022526;0.9479827805316806
0.0167947128081517;0.23723000319231813;0.8536511484560064
0.7841942874926284;0.004283637620507652;0.39575924021700226
0.7310063006055758;0.44447087144815456;0.9468270863093612
0.7334085153097782;0.042032425774818694;0.6410725044437666
0.380496359869649;0.9130738719013904;0.798086849565812
0.31070297198511754;0.44507472760867406;0.17970639567557156
0.5025169711058668;0.9988272549949142;0.7311752953472413
0.6202938913077933;0.010635639215107906;0.1782154874185442
0.05707875106583227;0.11299661996172428;0.11451237041144646
0.8838687586488807;0.07668742893755987;0.3369724127563942
0.7928362576520578;0.45691855817389926;0.4321621461603993
0.12244000011702072;0.7407887694015973;0.5880923493112945
0.8621450991282923;0.5751385149759092;0.11747194802976457
0.6204643870778951;0.7161742216538373;0.26478058555129114
0.39255004489979284;0.5798541073014903;0.5816664860101677
0.2534243956181178;0.09082286212041069;0.7112738953813856
0.48160439971222113;0.25184762782119485;0.7024199634685885
0.2935489129177896;0.5546665506091237;0.073468566260398
0.48210104759961414;0.5750949861080151;0.6806034019483858
0.13818405235140996;0.2529834283075728;0.6415559487529638
0.9189388179811351;0.27454335089097515;0.9018226820694052
0.7040527215697773;0.7387857798391908;0.4246150760976326
0.4456484140882736;0.44787677309624785;0.8842595632654072
0.47316744780521003;0.971104008589309;0.003834089430656107
0.5407410955952306;0.23112866033708124;0.1415569946237899
0.6275310711098124;0.9512504850594953;0.5388394723957076
0.463967250014523;0.35998961823439346;0.15428402097195515
0.18533965691843246;0.2613210374559115;0.2847750310053263
0.23110902726790694;0.5080086154989699;0.2703682871779458
0.963718626993058;0.41879127076356115;0.07253757939135208
0.040755603808178886;0.018824611832016336;0.47661265312243084
0.5637208451815066;0.31394898493867784;0.6611546195393135
0.5754733453345837;0.47038875241454814;0.2114375013469979
0.9007068576853468;0.19483377096183974;0.8882228953498194
0.8699636594258877;0.1613837361036049;0.4708797280997713
0.35522346830652873;0.04730912477965599;0.9479132269527675
0.6134173329776247;0.8513184151089054;0.31641494185844077
0.6533974388060111;0.704163470712888;0.044448280397561546
0.9083533295608519;0.04312895581651044;0.7480816133989339
0.6245658789319635;0.983198878106876;0.6888175648888403
0.7411408944224954;0.7183907799308419;0.7810460614315211
0.9808126223752102;0.5771665465458102;0.4001035739160853
0.8229289958561007;0.42476255790762085;0.6296146803307179
0.6006569852009408;0.450527594722669;0.0051380201394002345
0.17815946053651943;0.4493783397701816;0.7401426152965492
0.6550927982831012;0.8969267288449869;0.02042647233068562
0.14011719842279136;0.3655173838939161;0.7014036167549343
0.30246247269498294;0.11562988811554487;0.2650040345114517
0.16513563213524463;0.2922517622035973;0.36036009073247033
0.32339376849333223;0.3464053176633075;0.5992298793270392
0.3835894048253443;0.4106724541517812;0.9212973359415519
0.4920514602356636;0.11129162708776341;0.5029628063284091
0.9842525592136561;0.32932477339669863;0.13030958028540873
0.5044950959777726;0.16851037168812588;0.5688014968429755
0.06848349828447498;0.9780278478265796;0.9905025144633195
0.10060892489786688;0.5834631492346491;0.5243212995451373
0.6377943383596004;0.4650456872744063;0.18353445720798645
0.47846336991729976;0.6357068232475233;0.5335444089884024
0.4890748108895383;0.9784535814050273;0.809411183465904
0.600595215407872;0.09451685419438172;0.4572979236700653
0.8722490988144964;0.572719354731794;0.21319435526331632
0.8849167451338714;0.10416445138211605;0.733361098123063
0.43280197406966847;0.04170855549965302;0.9575506060299819
0.5657881773201573;0.30107695156104586;0.2841639198210558
0.5359285398282501;0.31277387576006666;0.8925190648399381
0.3001149101562287;0.07174257654973126;0.17633792650142077
0.160213190652848;0.915804735932163;0.979416399415341
0.8460638210745717;0.8153565147469932;0.09775134284285703
0.4410008961831887;0.35577175756328483;0.09671024172680287
0.05627652038860442;0.2807489274879226;0.798102558025987
0.5087500266607258;0.3573423688619215;0.8544521027965006
0.5599797442601354;0.13465731300187433;0.442519929768561
0.99364511121178;0.7273079135600145;0.439231139092751
0.722299028912817;0.4289174709404634;0.6322703713398019
0.8165416279637792;0.1701172158394284;0.4442856288170327
0.18413559823725956;0.9114290476903449;0.3320581449747856
0.4118189990652755;0.5486113955336437;0.48193169808405056
0.4873530689491937;0.16892853775258343;0.5239599937934795
0.9029950534528591;0.5360703777832132;0.6255283865520553
0.7419465203633006;0.5099088035681479;0.8896957236456873
0.40551983439832984;0.010631412958389985;0.9086797381800117
0.9538931818116675;0.9780036914776494;0.6286475785489138
0.761316985603408;0.43988080142408603;0.011432550274922071
0.2896403710849771;0.551208624619005;0.9346461653944438
0.3078283190767901;0.4101459016492984;0.9927736345726319
0.9347076035254935;0.9203958955318374;0.7205126849621654
0.39390116555344346;0.32930613085236726;0.4828059895043112
0.3316142027960093;0.7638711323525;0.6592676488072345
0.621842603435396;0.8559091937481783;0.7669053691663381
0.6748772663486869;0.2509672287138417;0.2978741736416709
0.891514371311966;0.3250301857341267;0.05922390002686495
0.10067934110943266;0.35100361510182476;0.9744111073027553
0.5141494088636368;0.4049495037448123;0.9820994331578249
0.9732293372474634;0.9019192228549685;0.11913587488389688
0.9056868495754572;0.913846123701079;0.2958985224857624
0.1963867722571856;0.06699745462852369;0.35121042101906474
0.9416816949990994;0.7129523360470095;0.9259063891097099
0.583915737731162;0.8842783358621702;0.14055215508509078
0.8757842634956178;0.3582162982522704;0.4464664333084576
0.19459897873946075;0.4639489467186745;0.836074512718718
0.4002732456921384;0.6086028500196419;0.6151624604688819
0.3609908170685521;0.4387374283500176;0.9261336450708638
0.7130478136076815;0.2092389702119194;0.40001564267622836
0.550111341336911;0.08400740973665977;0.9011516869413353
0.9967263690977831;0.4190197743606535;0.7475394150087616
0.4995700409249286;0.021951984779125633;0.794050485914099
0.7879933999771348;0.830362653998176;0.8326955269982582
0.6348459883413464;0.34328566607873934;0.6089509583233719
0.046499188511664236;0.24565552691069037;0.24318776481284254
0.222160553585671;0.7424496839063652;0.550089195839125
0.08363481739639056;0.3049042647469119;0.8149369560119131
0.4314718455278552;0.591108364417045;0.29464040868833175
0.8154526087246013;0.09998797391260517;0.9142239186171978
0.11871601560949463;0.5597545043784149;0.910656493519682
0.40917348913198814;0.7586796973646363;0.17074805382439395
0.6065974022475203;0.96154802890853;0.5506838146068543
0.43401200253954064;0.613940151892452;0.003365972373934545
0.25840513046227775;0.5496784604892839;0.7941984326569483
0.31494636526986264;0.14888873068090636;0.2998160653432915
0.9587604948020554;0.29050946588270576;0.03687353020123363
0.04072977414607548;0.05068226444719892;0.6469973400598509
0.4685198412836151;0.536995698011346;0.5637803168059617
0.6873912696656603;0.5340814397061244;0.4915185867931008
0.8194881814015713;0.14757144584571746;0.3438585837235215
0.61152423124707;0.5870759912096638;0.9805227678119229
0.7829689557157952;0.696972577957175;0.8847541978648517
0.302195639520762;0.11239780971677982;0.03211842052188563
0.501992803673607;0.8902736668678078;0.58830135626253
0.1480561666992406;0.7786320575221012;0.8960652251977441
0.2939787441796531;0.7107364686753908;0.14789916779515178
0.3706302862630356;0.7437572533644706;0.29176878328026357
0.29280414834038604;0.9242430818871754;0.7572805567040328
0.8613665525550177;0.14515606710478945;0.1165528210575858
0.22561848962848108;0.02850324865994558;0.005554705080485722
0.6395366761846952;0.6726195124558937;0.7633676451742145
0.9832159375962142;0.9281787444837037;0.46021403592233456
0.5480224631602628;0.47760210082171106;0.9350279437563257
0.8591338169161584;0.7840984467610338;0.22620832121126633
0.8840905840586314;0.9542000629337846;0.05959652320338871
0.46987414248870774;0.984563070873588;0.6269999343532053
0.43650525316770095;0.6728388963873939;0.05130936034841971
0.9773976549422696;0.7471528834444788;0.20463559534566944
0.3924608803210381;0.9010734325008775;0.6658679472148251
0.8134516623232776;0.8136524354097688;0.08292545227083581
0.34150343653353177;0.059444294624588556;0.8210261693821643
0.20666446481612277;0.9578940218471912;0.6590200080458324
0.5817648842702374;0.6111653849002348;0.8338106101699017
0.09962810744935813;0.5873109796588554;0.3851737901561846
0.008701088703836346;0.29451300063850094;0.22062831324852028
0.931791935557096;0.3854539059987916;0.7999967628588953
0.03438927307877271;0.9365212334321975;0.9799995996825951
0.1840958336706372;0.8584270043958315;0.49644437496105176
0.43909542098294874;0.31829044540729134;0.7038908493471192
0.23595259541244196;0.5024864357934048;0.12111757417298563
0.38691677898523236;0.3382545426682747;0.8161172881143978
0.23506430174967097;0.14881441064256684;0.36940897665680483
0.6756894668842808;0.15493369194040585;0.07242063572057045
0.5491739398454011;0.17157716177307147;0.36783937021044333
0.16652497235119756;0.2923262981631485;0.33262161957159964
0.7347040880546958;0.5472595525325469;0.07672820587246831
0.7585749140837574;0.8705543098137468;0.49113085505063836
0.12078777287273668;0.4748917408916894;0.020278667803027006
0.8735188144548741;0.724030499486622;0.5476935663919473
0.4663844957834017;0.5635677198555012;0.8762416617768894
0.03820741142000372;0.6121301683694854;0.717595237096838
0.5033136100571715;0.41946588139212226;0.1420381575442986
0.36030014696534785;0.9232461671330633;0.48110607221148327
0.5928931440030893;0.580969190543364;0.5144394484933661
0.7423066938274454;0.14060485502128284;0.6577606506964904
0.4087765810722773;0.8025788103283058;0.48728586626031356
0.45426680266297814;0.9626377750428333;0.7689522632905
0.867610066368155;0.4621702442656722;0.09149892273951299
0.6405573172333695;0.6597008970185473;0.8777488393449386
0.5079635437016807;0.37095210094349107;0.6977847633718468
0.13874606998141847;0.6931904395949857;0.8813382252514811
0.4140255666123025;0.03857278593651026;0.3904770359909798
0.36902235705741626;0.05966988536336526;0.16655981279459964
0.6338249084175684;0.36117864901564456;0.18814722093100755
0.5710435744375492;0.6895077007916014;0.5983885973059779
0.40909680552862593;0.09051107811900072;0.7741975123695826
0.9623156155076613;0.6522472613513317;0.44026631199587307
0.08384512979589043;0.7511104892688225;0.018294546919077947
0.029874561533275723;0.5264998778638326;0.032624661465984306
0.11620750874178776;0.2734589014041008;0.4624070601361495
0.9110070389901324;0.8573463421692091;0.3057135500409639
0.24314400845578854;0.549548958099735;0.896951158244816
0.6232472950940203;0.9163550398411122;0.8419324656885546
0.08048659544516745;0.05220967225700013;0.8228800326289539
0.3993246691051576;0.9416643320478935;0.1511475988314417
0.31514016284522783;0.5791260350926017;0.7214221293558688
0.11452885852536598;0.6311943543574288;0.6284679177695375
0.35677312736387634;0.5055646054161195;0.5471047709032202
0.03396675298657126;0.2147103178713501;0.20012117515867778
0.9550169927482995;0.6680251303154323;0.5964365804960876
0.6519509770857254;0.7616904678209293;0.1337727139392606
0.849536209253679;0.2585779110953288;0.3831485070082472
0.22796392260357168;0.5011625528381927;0.983281166300072
0.9361124677800374;0.29559608925786074;0.3497038607333135
0.17499776882151263;0.5902919320267923;0.7280066848168871
0.8271621049965432;0.3586345757495436;0.37097279182712084
0.09795231770691604;0.9518039916329479;0.7605102007557106
0.5038140581805004;0.3615896762190278;0.8300473416511774
0.4346104259387412;0.2144186102489003;0.4477221990785041
0.04749146151158379;0.42147972240396603;0.9503551222452303
0.6250705929667307;0.6532956993408445;0.32302203817317754
0.698228792742944;0.9882948144505125;0.628431420242101
0.09007182577183737;0.302728885713911;0.7984451238338733
0.23851927113222904;0.03262542929000778;0.6531279856164134
0.8866855537589176;0.5219951026926009;0.416089805344223
0.5723757888548192;0.4912925345017686;0.09094718330195906
0.3542261657036915;0.07302856429936422;0.14136684745247974
0.6049295654508509;0.4260826274056274;0.5063967771103849
0.3079523787120805;0.310410828636548;0.29762828483432957
0.7649069126586123;0.8966047819164944;0.8731304408812034
0.8250264471513208;0.20921278117034559;0.27571603360837893
0.9741724466509992;0.12309324451658177;0.007399527074775758
0.2927341338950836;0.7974719978430519;0.07795736405793952
0.8285454794598878;0.9498850663285919;0.8162458465573812
0.9312412155264507;0.8821457078943575;0.12740607961866257
0.4184870004189034;0.4888857330658022;0.36847936140354165
0.193361917864593;0.4808620767559144;0.06468236314940778
0.9074916770749952;0.28269616689735566;0.8957833215376427
0.38203255606443165;0.7198458589232322;0.9235803606705733
0.9549297803182011;0.07140708793459771;0.696800259613306
0.8182875386652433;0.09579451487528745;0.30041163183399333
0.2885549533575855;0.46326833114149646;0.7991671654133801
0.7013480351114729;0.7956981079637812;0.3572827321178478
0.8693142380068812;0.84368257483041;0.006239143526043378
0.7714733828570469;0.7191890179280443;0.3820129502222104
0.5342627229938729;0.6201103157307764;0.09167419984529213
0.34647100418371934;0.7811615681025631;0.03311990173588142
0.0327102359838497;0.5395240126839765;0.9604714567922754
0.9533862703078034;0.9651110164123184;0.8944144351993525
0.48756640451680255;0.7364747874762494;0.5574865101653725
0.5574579188596347;0.931656812453137;0.1927935681643832
0.803181159341261;0.6329128094131266;0.8075375335322695
0.3984406732064685;0.25399324237840337;0.93592477854358
0.13020181698647593;0.6394486226859163;0.584207203614144
0.3175474387504972;0.8068500691812954;0.8480531317992522
0.5255906794870312;0.8686143078213099;0.5136114114715374
0.5323567089946306;0.005960160964052497;0.752065162130752
0.816464212272301;0.8641745662959612;0.4368214637316403
0.9160928516333945;0.9075370057738228;0.28446305309793696
0.29600547387396203;0.9605455168267439;0.7812826050119536
0.23937900788360278;0.20541429427360858;0.7002601279152205
0.3133883773720554;0.8114790218104669;0.585866578489504
0.001702774674614882;0.3195555408020483;0.9812893674045535
0.37288188101120756;0.3767301044465845;0.9902129501860384
0.2052933245609152;0.02663245372101042;0.7851805434873977
0.28360590385412254;0.8818291687738714;0.5919910904356444
0.7377738722037016;0.6330479943358561;0.12245472129195734
0.4141169944804135;0.35890390020088836;0.2513773308038595
0.4605993038567672;0.5304555607024247;0.4539251289497612
0.6541386949677636;0.09850109489266412;0.8309334003412573
0.29233345561553903;0.5622896118615762;0.511455501841066
0.23323112655226497;0.23440779639524445;0.5955660429474899
0.5449290609634034;0.36914428319699644;0.8304302370422062
0.680528281052873;0.35571666536686763;0.8712366107099226
0.9103508407047458;0.23302911891022526;0.6893109440320027
0.5330070114907446;0.7835416105391984;0.6739866310919514
0.45576517383193516;0.003506361884085485;0.6072683786167036
0.40201203927690365;0.620649646582766;0.6852173089079829
0.056848503370558134;0.28338455867855106;0.8875901632690519
0.1962922987725897;0.8704282625948991;0.8775804884213495
0.5378911665227859;0.36905454039677077;0.07058532182748933
0.6241567083490711;0.816715339374097;0.2863666880097343
0.9862564110517043;0.22637612119404893;0.17869674660925383
0.9726254902903708;0.9866655087891906;0.6004526288909388
0.09874674592051291;0.4740881213011856;0.41451999194971945
0.3482507151846155;0.7528795800272599;0.8613667443257251
0.46871356584870305;0.9788673084663475;0.6524947083650654
0.6636926834442428;0.6354992930763406;0.8834929171143066
0.4203439820967936;0.213694662416687;0.35717289415553966
0.8148406583643284;0.7116478719693602;0.48524592414673895
0.6728288739752705;0.26735471980468195;0.298800512663995
0.5239005995567606;0.9523373148850022;0.8402217518364681
0.36651571277414696;0.817765100522986;0.6336855740397431
0.7332236194371472;0.07567357425368004;0.3132992763052892
0.3404435057599665;0.6947445956221087;0.648914290863667
0.10083243899497474;0.8415957600566356;0.818222672241881
0.5693363646941259;0.7220789196041952;0.26095730386604055
0.05553258310203879;0.5063349910099225;0.10001800292541241
0.11836791921897494;0.7947129286277363;0.46731867497387225
0.8598634597461912;0.2343961185849902;0.6271802755398024
0.3095053807449599;0.15394129939420798;0.6395829225255674
0.7484859260610875;0.09091309487838839;0.3965753435909445
0.5605530803490566;0.5424592045622336;0.9311858010327118
0.20468690199933848;0.8507713919491929;0.33919811352996265
0.24006887578273906;0.36787124260730486;0.6874312350186129
0.964217964109875;0.20772963957072066;0.25619845801711016
0.5820136790914542;0.6778975359346333;0.4722266683431381
0.3148860911205654;0.9484921857824721;0.6777276119228374
0.5749175785145759;0.3011871864618386;0.005041081291600191
0.2548042249372079;0.8010531706829108;0.002536829518532846
0.6587005773524424;0.9940963962506277;0.03234230604778132
0.3880630277979781;0.6022791186611294;0.5403254545636118
0.39853105119021515;0.2454626353092103;0.36298937091956873
0.2934470604788624;0.3769169656624455;0.1326008582445567
0.871101722595047;0.922109506634549;0.1453077464989081
0.5635187269006527;0.101726316792082;0.4504543355817777
0.5530276266127745;0.611200246651693;0.5638527949901785
0.19936450021409968;0.5913247249097352;0.08538689983703907
0.6345618623050924;0.1728474899060617;0.3495377192268435
0.4579205259620598;0.580932103604386;0.2923113799018371
0.3028550346811092;0.9956992845560785;0.24138459440705506
0.8112117032745627;0.4192955449570518;0.2714284402401599
0.20348545277395147;0.48500390449145336;0.05577698510928719
0.05880826735487399;0.10589856383833396;0.1610207886117132
0.8111043862275124;0.28442255990935383;0.9182586001135359
0.13743551587614544;0.9898061099090064;0.6172152631485881
0.2445848353410749;0.5413787724380189;0.17655062349498685
0.9286149504758839;0.9981751895263049;0.7743850230856479
0.23406714247692317;0.4850702820122341;0.5660993745964471
0.7471980358258968;0.8912046090538783;0.44146628697936885
0.5639391275803617;0.9963561440762103;0.44871112288767256
0.40396633124227554;0.3225397176646282;0.21627025114556608
0.3417820077434546;0.15876164146926453;0.09127158809012992
0.6472601378080114;0.7749711747340984;0.13458598524998988
0.04099142993448257;0.8356210788097753;0.9125079549168378
0.6406707041765854;0.33872572925204025;0.7014261820398106
0.6720401422962977;0.29399106093578287;0.72580507833103
0.23999773689802073;0.5934432850346604;0.6100168384683322
0.6863348245097123;0.15474291016518416;0.9203793411546989
0.6611256099888752;0.43634825274849054;0.3943682906955831
0.5253762424967671;0.9991645113196881;0.9644503049329063
0.059114287873660354;0.773087222998809;0.161465180318214
0.9815413403189653;0.22255391689971338;0.9212516081591674
0.6477910873810677;0.03473965175841187;0.07778209365522992
0.3346550888141737;0.6750711863446182;0.3976967724444328
0.3031878623657728;0.19075128388612705;0.569267466202436
0.7148524564192532;0.5251832719169968;0.6553691448037857
0.5259753605164895;0.07640068992128779;0.09967621708174512
0.6788961446177573;0.16140070834707998;0.8044497297804324
0.6779169160811783;0.003474664212841927;0.5495325122582325
0.20931749622434526;0.09579845503685591;0.5581020433648596
0.4244336777956855;0.8763021150033811;0.04063160617885975
0.6126202020526889;0.5921749321368591;0.9696110371596385
0.8646552173747657;0.5304573804460747;0.9267742258799951
0.47396193553074173;0.799809706210374;0.679471439622262
0.39788597074522214;0.8529218515238173;0.27756464253052615
0.8812694540483881;0.22621767183575214;0.9128712090811423
0.7300062218063299;0.9806161592097153;0.9112014653640259
0.2394554292647164;0.4827937410707812;0.4713066945432065
0.5620996965607207;0.7570910600125264;0.9520041344450716
0.6257739078779754;0.9450717231809985;0.2714492438211794
0.3537175451344543;0.5104136619424801;0.07969099961754489
0.4472159855697754;0.15063312574925225;0.8208381586687484
0.8637586204051738;0.33084445365278314;0.23984185850736717
0.8685651200702125;0.7786059628098296;0.1958451328235431
0.3483007398711725;0.10217099390387219;0.3610211958811921
0.5094226254383838;0.02138518999918204;0.5658497582616225
0.5704583437267667;0.5838919101482822;0.8724461860425743
0.1246838499011812;0.35653250589053986;0.9321399491917886
0.37606425530737264;0.928592492288827;0.8824771980521671
0.7093705095086148;0.3053775573001649;0.30760423685992866
0.9185142637328255;0.858396643676813;0.7312295090506228
0.20966861842244566;0.06062056066625632;0.24822701606789055
0.555975390551554;0.9645584082413431;0.43792201268618947
0.8933969648648269;0.06528038409923809;0.3656513773721626
0.608107804233383;0.10123759356073825;0.1398979355212111
0.8562776419687179;0.29372066622064186;0.5593112949686414
0.9851124978018837;0.6751276716953005;0.1844731268051124
0.27344593357399816;0.009571281523706787;0.7596346764457785
0.6505216995318336;0.7698322075916746;0.9220871196720901
0.5631694226719529;0.35287535490451594;0.9806711713231574
0.9933119708614696;0.9254482530467231;0.03848575193319104
0.2882717405962013;0.1428931111913263;0.4294547481935671
0.7453068862949372;0.0365163722279096;0.8214513936049124
0.439692043978246;0.7858429794309545;0.354076134743214
0.257108201250588;0.6421623337087462;0.6162664432147278
0.8570383295749439;0.3609106135141743;0.5660601512555922
0.1985656850199562;0.25577855867391386;0.1809656559328192
0.1663366218047887;0.6242852780854473;0.8725348936358718
0.023662104515358773;0.08452265568182182;0.7290445498968253
0.5088717023085448;0.09946192917700447;0.3680282200212165
0.49923285911188564;0.320086697520648;0.5494973033710041
0.7866809953666407;0.1475868999386628;0.2685381086304135
0.7101778889416577;0.7239525740275107;0.5869727261741314
0.13762097794552874;0.6377586899746683;0.9878328881582926
0.06189568532734335;0.4439310085131395;0.5303338624170262
0.5883857511252766;0.30887959709601875;0.3216441322133222
0.4114392914620415;0.9236787970611534;0.13338820176549693
0.6978099509138129;0.7221187092893617;0.8952080939799728
0.45705058707916013;0.7563406417244756;0.3033211675364166
0.7260991842982804;0.05578433968572738;0.23349589635434587
0.44168132969218754;0.7484857580263575;0.4241169793606929
0.01884159264846852;0.07538332638197853;0.4838966505880542
0.833488605520085;0.04222652883328981;0.7390776967806821
0.8403755444103802;0.3156749586114076;0.824115737655188
0.12602480423158735;0.24168933455621533;0.8091429141208897
0.43638856105607204;0.03573120893875992;0.6620651625994707
0.6700829029660621;0.4354613340866238;0.6402056407499884
0.5420861907834137;0.6675144755396433;0.7637963406454403
0.4690619211267023;0.6014656798289234;0.3922525667188984
0.30577009830420376;0.42967325894860986;0.37349995628622035
0.5346754019335108;0.3716209939656182;0.4575576065016872
0.0941241881027679;0.3223497792402068;0.6906128512554163
0.07427132724468954;0.1843444449402446;0.8395016921767768
0.8238829829161942;0.7476681161231619;0.2725791046882595
0.8724910968578959;0.23299487002749553;0.6866319403665457
0.24927965388521067;0.1661510137998793;0.638699080017751
0.5563162137202746;0.7130845371785246;0.7986421897894234
0.7265010671554643;0.37256843439466547;0.9723390943487995
0.15423088848097166;0.8153140252200329;0.19520729480206822
0.12905235952062788;0.08737924112072992;0.19376722778596978
0.4563918303585125;0.8605818204556555;0.4171716517955387
0.5368335584048242;0.6862738357124563;0.11208090408504601
0.9256530960423149;0.11719833130229673;0.9894398561011235
0.2606977503701855;0.9217851497991093;0.1597550484701965
0.6674084167879688;0.04111061308604491;0.8649915736017391
0.26817899124120836;0.594240600483256;0.46416393765553576
0.2934134850677045;0.47537369860128964;0.483465244980391
0.8070349164058351;0.16690784136307213;0.3726257103926832
0.8550627205480048;0.2096795992712227;0.5573772028054536
0.3432170915235263;0.08908919903035983;0.4958873752127416
0.3105083178530216;0.4972368671299956;0.8346746859777241
0.16866653518181052;0.9456267424100099;0.8448048869598688
0.7504953224065725;0.45926036294173567;0.9582584181882331
0.4517931532151849;0.15806110355010283;0.9495106476130822
0.8853957418768644;0.15415530750766993;0.015441750336812388
0.1778305647145958;0.9805375292448315;0.34071533241488083
0.807622801027206;0.3136284457331995;0.6665980770028033
0.00038956175473192634;0.14896451070116634;0.6971635851452671
0.7782535273065392;0.12740139680640328;0.949442127831644
0.8860963961085938;0.15147736709790371;0.8152869616753194
0.42652643100031085;0.6293907345719547;0.5377409648800938
0.3032224258121846;0.9305944968122851;0.012478291367330252
0.9655582600810558;0.8370942352378719;0.16781001777508042
0.7883401996321802;0.6547494722149281;0.9229701369593318
0.6979909227741085;0.27775775457538543;0.9066580235451677
0.33847937494477354;0.8000484845918049;0.47553974719471725
0.7913937990403105;0.22128481414784196;0.13493823840092767
0.4689282159308198;0.648823848773812;0.35721945747697836
0.2796799780925662;0.019832107219368456;0.933045854377668
0.7742832601073527;0.6470579403308122;0.4660727604611119
0.6729224754257789;0.916604810554403;0.3432914590160969
0.36230751047182796;0.9702137422727017;0.0354868628951126
0.24022509365388234;0.5452672352882966;0.30845828519008456
0.9408210143834258;0.4904662299161927;0.5729936473975972
0.48154859587798504;0.42469872165420286;0.828999108299884
0.5804642337844536;0.1750893952341458;0.15053295107229525
0.8581632335905224;0.2220028459594947;0.42340223867765847
0.44058107324792295;0.43926710520720136;0.15826036624472462
0.5691176855783302;0.36658382851690885;0.8696445417732396
0.7587011541222809;0.14664599027527503;0.08702427869881846
0.5178751042490025;0.2814135944735724;0.2089822578247177
0.3128021024221145;0.9487772372323816;0.8806398294733406
0.9509617988531556;0.5398896926501785;0.5156910097449441
0.04777514538048211;0.5138342589482401;0.4025424479342459
0.5453835704029425;0.9129880287235003;0.8859969703827564
0.9219613327873178;0.3661035697373365;0.2724257958627254
0.7579325853600063;0.44041706121788393;0.8749702046298726
0.5867565881975998;0.9847299480458057;0.6389118081667251
0.32489491547813043;0.6364077068961606;0.09975856950089079
0.5393244618202467;0.9804376998944776;0.5753874559330402
0.27382505684094216;0.5198565761132544;0.6443089135312894
0.047785912768469;0.03142135107956634;0.4436006038440359
0.21559810183042638;0.006404994387962493;0.10470774551020012
0.6908082234707525;0.5163244429400077;0.9077962804470474
0.027235802537508236;0.6877980500397105;0.23670490397571375
0.6115475070391143;0.4684392824678043;0.14565894613742536
0.6214793902001254;0.2907740289132814;0.6168156952269482
0.17757166540326796;0.20692860718262085;0.8249062809513636
0.1673063327900013;0.8165188764693402;0.3729878744861177
0.518842923507993;0.9210046456589593;0.7822421199887191
0.8352042759018902;0.08691052061314186;0.179401816495544
0.28506472965879137;0.9096983449787657;0.9795547835591409
0.5241166626257042;0.3895517584272885;0.26806701266787114
0.9350754271954593;0.6180081945304158;0.4648311008479311
0.24792321847908594;0.9112367242512409;0.6598963543341335
0.5983942127939623;0.41524330517847685;0.5073883233912363
0.7772444911141159;0.5363278698979551;0.8224929330561196
0.06190530162659036;0.01974883692881657;0.13338160533555243
0.8567318053152851;0.3321838063335607;0.2533117065371234
0.9218264465841524;0.9535954791755663;0.782839862476576
0.8660646862652969;0.06076746756731455;0.24304724193625815
0.261332955034392;0.8435243364491574;0.969448195634989
0.9541018716148609;0.7153508430073633;0.9786611196480065
0.246829063410399;0.040317020409543214;0.27787799986760375
0.8194343891911983;0.4226378030277089;0.4467528926730795
0.3514748055902398;0.23351758183339544;0.957384287938493
0.8873160675040264;0.6054191483591836;0.1815411589849918
0.9023271282206753;0.26074771501344496;0.9576085742915784
0.2526341278738845;0.27183784694342616;0.5046582419329882
0.8414655165561787;0.3243745675640013;0.23253304990787715
0.04305240409705846;0.0905399572360116;0.09146061565651598
0.10288234164769505;0.9420294084162545;0.7904824782478628
0.922796199069881;0.09223519750955411;0.9716167415741163
0.2486633870642122;0.4312006874363432;0.6552070330090496
0.49307663675316304;0.7149906915293506;0.6222516289103861
0.0986232671734446;0.18472288883131194;0.7501463649740339
0.0068462809239525635;0.9446377058922751;0.8973496203909824
0.5220641728418528;0.21347661728160894;0.9321337781048766
0.9676269221801422;0.6102951653133887;0.6125873731011949
0.13732591303083086;0.0777332824053073;0.05432759018307265
0.22077761328710088;0.9932021947013793;0.8234055996978923
0.5411758369166095;0.5054731828310743;0.7101807651916391
0.587885011598156;0.3908931906950932;0.41902898550445566
0.8368509383968764;0.5895537032490779;0.026308672178139147
0.6820266314701326;0.24269296461158119;0.9826059367762073
0.19649917046897614;0.2823270333363955;0.3000866929337741
0.30864845294892074;0.31626283188426385;0.24877677753374605
0.0008514129378123236;0.48158172355403406;0.6006894490888989
0.7270157672074131;0.7844556165785652;0.2039528639489815
0.7790389347048627;0.40921550321469713;0.22447918309810488
0.04626905833424544;0.18604064431083966;0.6911585084074534
0.03028593357448217;0.8644774034411025;0.15485811659055326
0.9032442766908408;0.6893512124854223;0.35655906184000097
0.8895601176877608;0.7526319639117248;0.5244947298134528
0.5251932814633594;0.9449412716744491;0.15845045134367874
0.3067677198576999;0.6779517208425192;0.9949186672806599
0.1754624800417236;0.9246667126091773;0.5013604226271927
0.6267725391868719;0.019819502496595365;0.5665384087382507
0.10417551631212418;0.9724560932322894;0.4382013436776864
0.2759469190938534;0.4678017212083919;0.9205959022706285
0.8355780699617491;0.7569044961553248;0.05932268550313391
0.6196056645019605;0.20685832844781205;0.5223190014501458
0.5154065366702701;0.3580741560758034;0.26412483267424147
0.1953071859988924;0.6570760423459349;0.8562252526444034
0.26214792662557507;0.360377229618974;0.4715841452070696
0.5706115002256039;0.4163941812826758;0.6752156339466054
0.0698284685222168;0.5754359186572681;0.6618480992673001
0.54852832436361;0.7100247105979269;0.6073098501088463
0.11317305820963919;0.7001129447276725;0.652989552848756
0.21804623768799236;0.5418099783368944;0.7572512102613228
0.8345592259961931;0.8229178581716072;0.908385477818478
0.7893945218482271;0.3621711386138976;0.13989709763900704
0.6598228541528084;0.4145631489438103;0.06502789830348354
0.7613253521265058;0.09496796117962736;0.88231936992739
0.049686936654211644;0.5649321747251995;0.11348296956717685
0.7866854332890397;0.03376909178203591;0.0624087972210855
0.9261615866017853;0.3094599334020396;0.6571354316775929
0.10188132273222661;0.6503284034186269;0.3486810397615816
0.8016852953807175;0.5394351627889292;0.5040140364071525
0.35711667492352206;0.20383443504939225;0.4714743173118394
0.2872479381917501;0.3312308153066953;0.9362535689355532
0.5153929596970478;0.36186049187770164;0.8918454805572359
0.6777624817951843;0.17097702330420472;0.07354941586796271
0.658739545485244;0.5969173595333079;0.23758461628769167
0.20625672191989608;0.13538669445467966;0.7129015086572998
0.8005759303235319;0.9733013398979695;0.990238214275049
0.21021597215651033;0.0351922428936996;0.8952913898081432
0.7944750894154249;0.8443182491007816;0.3880898743742798
0.032026966822366165;0.6333827750842648;0.35127042939456965
0.44681337179562464;0.9120916394504665;0.9729321271012167
0.6749013624690173;0.6261392088224745;0.3564874013846394
0.6657336324043291;0.12307574740092231;0.9119356537938561
0.6157878374874325;0.49147422401083785;0.8235949454590638
0.22868087325974285;0.6892366912721399;0.18879465808947016
0.8992679553162484;0.7953244039251041;0.5243702096655827
0.5083588112226344;0.700337436905978;0.4571752444174336
0.684645792976053;0.37840856528770794;0.7248300611023425
0.7913497564517724;0.9161600651272305;0.7372479545286036
0.8126775724284565;0.2383273517300093;0.24274960913883037
0.8821827938357275;0.20919574022386866;0.11175722461752946
0.6624915109200817;0.9462943098852643;0.45364080707632926
0.9131318855214183;0.9949926456526771;0.4721271888545112
0.804181130211535;0.8990689531942604;0.5125176449437517
0.023125820567149846;0.7194996984992291;0.5782431836942881
0.5291474676006612;0.7087742676300864;0.21493423313927162
0.6554860316453601;0.29762579799147126;0.6427563529938733
0.10017331640038518;0.26842328223479806;0.8137330265148329
0.8307853106304451;0.748360076685419;0.7063581891170956
0.09271318251621774;0.9742069751803694;0.23029002476490046
0.5813443464079496;0.6717238563833687;0.5025900548126075
0.4707681711110847;0.19197317509338085;0.43891025164489195
0.7829371102567824;0.5410005787596289;0.9621490936142436
0.6779394684175795;0.009347672299474863;0.9449152773962064
0.39317630895663813;0.4210046015159592;0.7066533471647065
0.04457699731865006;0.5764181207734134;0.08361765534504317
0.1325231483872923;0.08344583823359042;0.14860571565473235
0.39047907415512917;0.36743107441775025;0.959286246228314
0.5646729746241751;0.7645174346198721;0.1510449606105443
0.7632674626164953;0.21033032267704055;0.5358776449216076
0.3535562893919676;0.159589688567651;0.42388057286484837
0.734945116737724;0.1852226725653825;0.8171481652784739
0.806834809815677;0.8316036884491346;0.8412942727301571
0.7958188536150075;0.43521451306598546;0.19918274140474657
0.05761847584664692;0.16945530403247977;0.4389353426970388
0.5137393918222535;0.8960094367305018;0.3458581619864227
0.7266826656790821;0.2409742006649822;0.6328518527683654
0.860988416161729;0.4210900283302672;0.13693737207903534
0.9383449961357452;0.8883128630964456;0.3292747716701582
0.09974139829947581;0.3575899994393308;0.8697358041604946
0.04551794371285611;0.36509714551432915;0.26613858973095694
0.7167488128769391;0.1628467265691581;0.2289438201909768
0.6873421935097189;0.6420440955127147;0.24174301583885782
0.01846442173706142;0.6603406919503495;0.4986322059196181
0.01802529995305502;0.5530003475420788;0.44941172545620944
0.9298353350102253;0.07447943138218072;0.015526250464438673
0.6816914126415243;0.021713307038285556;0.4023303483194568
0.6795696055623219;0.5848575762987087;0.6802726775177433
0.0697640418309875;0.4319349522831085;0.4250537114823816
0.49840249133756787;0.04567884652034804;0.8541635795615126
0.050156113603622265;0.8220705249430209;0.11430883651315038
0.6577806843148886;0.6065420969126364;0.5591338766416226
0.6565841949418703;0.7841625268429928;0.4987526475285986
0.7114029676533736;0.6562354141485428;0.5487798233927808
0.765359596296344;0.6032332911431002;0.6555703351815348
0.6569947900889677;0.8353071953828364;0.9553843637163607
0.5978134793984957;0.5863444415068265;0.36332444305877676
0.014875926042993481;0.2419916924008727;0.43210010020715806
0.1154778259427035;0.018806388355740222;0.12890426053438786
0.16169691759614757;0.18381747133893211;0.45627873666227026
0.02910069962674733;0.9006030547895149;0.7434223347571863
0.8217880894841961;0.32259510856496865;0.5606590381303364
0.48662362555778427;0.07927690195701365;0.5216105108214979
0.2207829376321213;0.7739039914226913;0.18711097417634592
0.20863333909294302;0.4910126901463856;0.001963034084253912
0.7078485851634824;0.3332156953836636;0.9389943621283522
0.32388361154413703;0.41710356913645485;0.2091096364327596
0.8340594199318534;0.8107919954616339;0.06048677900781452
0.6686531210946995;0.40473437122591327;0.01905734305627871
0.5466127409978725;0.6199109490956746;0.3682275170647439
0.5650657274290379;0.11766547425402163;0.17841784419404239
0.29625758863738993;0.22771397306790542;0.09763208582148653
0.9715702992351367;0.15758215161318112;0.34994782833822
0.9351494602606057;0.9661719643286045;0.1738362764705177
0.1999667517072905;0.6940683593854472;0.27202176580606197
0.2718111650448978;0.25197347251851065;0.8356452483674021
0.6947458247460162;0.7478348383756872;0.4249684813869895
0.4810668841617892;0.08287998491079718;0.9293263360842903
0.2247672632608807;0.7882165239278213;0.9682552129256508
0.8452607070457724;0.6772775059255792;0.8734254617780367
0.42950588246516586;0.1877718260310446;0.2862602106625509
0.16575379942606472;0.2278107053508429;0.7767171629739098
0.45309922707558203;0.7161460660158623;0.672790116322922
0.7759573972960618;0.7737701547633639;0.22076910849343945
0.20806053452263817;0.10725994222016422;0.777522844134873
0.4383761956444525;0.6824859725471427;0.6813328082576185
0.5363668931052845;0.5736233804341503;0.5669322567701179
0.12171119139344966;0.218558629786891;0.9365058087849708
0.0034171446929504024;0.6035056106408786;0.5558585834798839
0.2609961228978027;0.41658637161769596;0.10571634190133339
0.5430900706464962;0.3897691624518336;0.9711397057635279
0.33827503085886756;0.6762905509083943;0.6358382208146417
0.19468347535052355;0.9845624638756678;0.23616165712818105
0.8368806862547009;0.3379441592219048;0.8942059476543212
0.18206961061855198;0.5994422205547666;0.26308671362883984
0.8223183566255365;0.6970579211160021;0.9738976570933011
0.12231048866899819;0.2238919062430662;0.17345972368341023
0.5644602659965763;0.16791772662274207;0.12464774134036083
0.2335625298823626;0.7262807287034478;0.300558487025129
0.39927529843393206;0.5151460341434954;0.5855758204643279
0.8002852380515686;0.3379781954357791;0.8572049881587318
0.8741460191155026;0.308848172042818;0.0963162731013355
0.46459194010354543;0.7967034606499325;0.9803071190115885
0.2798264419981944;0.8994075277515504;0.7909659224380865
0.7328342844282323;0.14488948526185663;0.9014209179251587
0.1329416533665777;0.7589049004558932;0.09002485264422966
0.624122952825799;0.4705098218237096;0.7467000317120591
0.08886088553946514;0.703538842142796;0.12781906479139016
0.36528010725268634;0.7004739872369822;0.5733432233783794
0.14241108462625673;0.41828998269276185;0.04903763345699297
0.9150326524546549;0.8798840020735591;0.6061782385252361
0.04637467339928347;0.8880661845122803;0.3463350278475923
0.3141840410182294;0.6467990528452328;0.3875024856445204
0.7194866007294112;0.8309182302639455;0.4335575573294641
0.057054706718702164;0.41253583231793356;0.023717237925082735
0.058926157288020864;0.41848580989298056;0.10668140671632409
0.3937999006807248;0.3063813934646218;0.08132456648367181
0.2404096050979463;0.45234503961963235;0.6703363839281199
0.5899076716151229;0.6669998542081447;0.805179175474581
0.4815251938073639;0.3549543506897397;0.9092957380408686
0.2740984890626448;0.24823538303045622;0.7526455786944513
0.694679377355837;0.944323221110698;0.7560642172086594
0.4119833063744677;0.8193576282052882;0.5861803542378182
0.9315274220950268;0.40189545763704926;0.2325415150467257
0.9686484875946952;0.056762543780426444;0.7707514751641706
0.03708655387839854;0.8773438438173673;0.5135536055262522
0.19887612458414217;0.42347013859728344;0.22792853831148063
0.0494524209335947;0.3197103340484456;0.04126954218173351
0.03922240140627764;0.6913869889924417;0.5475449843413853
0.8812208373574174;0.5012937925003551;0.40448706664667344
0.29141901158397676;0.8031004899403293;0.0014967678957309438
0.14668928833181538;0.8585401007948261;0.5378464495389744
0.42548951735981544;0.7715059200469543;0.7513875659075778
0.5634452344335548;0.45348240954569596;0.4175753934280326
0.8375866694030372;0.3275266393425883;0.5900883277329961
0.3874901188241463;0.5646382989522205;0.9331630705625288
0.6175765906969873;0.36983133515868016;0.35822916504622104
0.8235296416046071;0.5463873612672948;0.7063000472309904
0.48007624850574726;0.9169634008678326;0.3029432984708179
0.7286304747219886;0.6299152980993352;0.5694222157436947
0.4523330080042677;0.3401422031796565;0.3916046026238478
0.8644430035568587;0.3328397651987648;0.6912870818962978
0.4786470601154331;0.28850107515202295;0.6058804992661482
0.6715232681460594;0.9671399530767955;0.8047804325604907
0.8532902699722529;0.27973936592390425;0.19014256965306597
0.9700017892881544;0.5743998965189818;0.18327169063246218
0.3267260459686586;0.6625416038569366;0.1864035796753829
0.050955562278873434;0.3981228146709629;0.440500891518952
0.5559154493621198;0.003279166342324502;0.4365811124667437
0.6074902915892658;0.7513206658347918;0.8993561665122902
0.9549883673444928;0.746850154784417;0.3891748007330449
0.8495106904689049;0.958796526341595;0.21968369310910196
0.6198474953206935;0.7653224547833114;0.045263431374439
0.24879034751264095;0.07172935878834164;0.25578358144590585
0.5021274686519421;0.9540551561406445;0.03143739484384922
0.04929872925746226;0.8319048733424484;0.30165317127976055
0.14215164528002222;0.2391973492181546;0.7485113363600782
0.049725826629018255;0.07761684964475324;0.5786672462452737
0.2617026807651319;0.003616705171812784;0.17049706882566895
0.8064700178628686;0.5464678486313831;0.44836712412759017
0.30935776799323256;0.09573074563559625;0.16820305463295537
0.2509024920111208;0.05063458595480075;0.8759343327186396
0.5233324672619456;0.8710766973808856;0.8553585717784488
0.2677609144102655;0.5342031298798534;0.9488859456474015
0.051034081686057164;0.10113651830600845;0.48265499568613335
0.9471468751781763;0.9341619531077175;0.34493156117091206
0.7466759856583577;0.867941837554067;0.9184476914556069
0.33293672326905854;0.03570045152322854;0.2897395800153494
0.7159853362085833;0.8721541263297851;0.0033604499338967253
0.4167264962351791;0.7581449435284469;0.09421415495141994
0.2028760337234632;0.5737645275919376;0.4142191194791218
0.8190764760355522;0.19252761658762774;0.9749888573220442
0.15960590779893424;0.7006294641833276;0.6761012676437458
0.7256765683154127;0.16193372196024391;0.10893382817235153
0.19546078568451597;0.6335622139003982;0.9847506604235577
0.4811255380140791;0.14803597603518925;0.7936652822026948
0.3283442296012826;0.016766301730589905;0.3318199626571753
0.8605905310015026;0.8878668473919825;0.6057222605494199
0.1705561357707206;0.8997840071314465;0.5269591837467474
0.5606704171559848;0.6378288649674265;0.7880364952909432
0.4792688444135056;0.6533758980376401;0.19641900519660815
0.07376889505300532;0.11598510712808319;0.7938455751800334
0.8468688825370617;0.07104698719577862;0.9480546759655212
0.22188217695384194;0.46347718617544287;0.028676927094027582
0.46402390732663235;0.3117500047524857;0.46332962901688435
0.554054349575059;0.5874475253970316;0.2943071248775869
0.3658180222652553;0.014556560001344865;0.1407060971646764
0.3103487571817789;0.8518105480173562;0.5992178944036192
0.3421858436827979;0.9722347962618078;0.9724337216231534
0.0053536549722438265;0.7709920023754702;0.9848164358422085
0.5714237314189278;0.8819922357632388;0.1696561887505651
0.8996107293016369;0.6861685975148675;0.9692639637297102
0.28290502084666336;0.41451768863895355;0.985923861615856
0.32975726482773227;0.722587150926576;0.6500231678056133
0.5720538270932861;0.8412054843528032;0.31044810972154846
0.4856640235998003;0.9353794324244917;0.20169391652011737
0.3165961753244195;0.45575093929289023;0.496771227988853
0.5134955601513491;0.6431996821202285;0.6983973704432287
0.7993269260361104;0.6704484867319025;0.8933042848122195
0.8475852752232154;0.19546293998712094;0.3792475684115445
0.6801833577584662;0.32954232966382213;0.9308375165628944
0.6280835557008011;0.5789018511077159;0.3354274661445169
0.03433853014588728;0.6242482560800987;0.4587170327802721
0.7816316941928518;0.40875750439963365;0.0882001721438217
0.6392500542897996;0.9265553712092738;0.6296310539937776
0.6041047547912798;0.8420629115807226;0.9649269606984933
0.09504501202046178;0.2142745862514226;0.24978669674097653
0.3612820523080287;0.9306588023372455;0.8282779633912754
0.4800673811980626;0.7260470790841371;0.30604699127899726
0.42856316990070153;0.5932500647199201;0.7660213953361603
0.2833509401635921;0.6489506362538857;0.24125297696009917
0.20840628466090916;0.3436349564246225;0.4843927101883182
0.6204852723512108;0.3823133975590265;0.8991637570338059
0.2868077151663724;0.30538853076586525;0.7728097920642922
0.724674316901713;0.9753915485135496;0.5802327294137837
0.484594257767875;0.9584753577986893;0.9609923328937566
0.1248909329720761;0.590593070698754;0.5377775910912714
0.5025753971972536;0.3785054865623577;0.512249772476252
0.18831053112939478;0.9168381295964434;0.01474480064032091
0.8135145564741556;0.4169202498280252;0.03956350417984256
0.29240978927043315;0.07605336969076726;0.5981317279655691
0.9504558345026666;0.06862965233299734;0.4705154860904742
0.9062356034790191;0.779359951575157;0.9599052030248562
0.4938809716577931;0.6817084905788032;0.6216171471209593
0.4777092570556686;0.5369305966242314;0.46874532495278565
0.6007396374079732;0.26997716689309625;0.7118265475073347
0.09773058741832985;0.34070374719044494;0.8903064204731765
0.14712806378842458;0.040147851710872096;0.61623597870345
0.37357135411773645;0.28883373434660364;0.7684718883179109
0.06262235739437028;0.7972789123323482;0.11751142246530555
0.4230692250638697;0.3297389398082423;0.06491905941941822
0.6005974570427226;0.9966959785858023;0.7548636871502112
0.44961124672391617;0.7654677122631036;0.9085955932867427
0.5242362981265969;0.907545612984721;0.7578212726230995
0.8990369558830887;0.7700212083478934;0.8483091939207532
0.23889963845759654;0.32995271585602903;0.7725137967441777
0.9647060941183395;0.3849551348819531;0.14594203262386174
0.4990492891468039;0.9436217337560621;0.1259472433564477
0.65979032391308;0.47276942038700054;0.6996437656523623
0.4449091315643715;0.6093606544960782;0.8704585051239324
0.6356662294311308;0.2453396479964849;0.7781428421180312
0.9030362718720536;0.045739317354774656;0.38171396082325715
0.44472312252846413;0.6962566449673925;0.2466441688836336
0.8799087012588562;0.7238459257264154;0.4952716158927717
0.6567065362984716;0.1848378417802099;0.514424963553521
0.11083239951828283;0.8938309628306621;0.8968399555788736
0.09766424889034508;0.7477363308376802;0.880422014640456
0.04964787505798751;0.9512416534042576;0.29957960905012593
0.7241994559742512;0.18692973404407232;0.06037114672692334
0.2615089043027702;0.4653442596835554;0.8063303927032517
0.7075413173651091;0.6523384182292591;0.6191808119947618
0.17004364489648305;0.6357747891126694;0.17361865546881305
0.0015160879905518065;0.1625531366390549;0.9396452084336068
0.7086327610553028;0.4492765859701051;0.09236617487821763
0.4357340543785153;0.425921352998213;0.9182563930723949
0.3645550081490755;0.6110820693299451;0.7710635232746476
0.2941708599880891;0.8959874403003925;0.526137304903023
0.5340563511237895;0.9246132744687444;0.6583820043551052
0.6971897198832763;0.32507115258006825;0.46688523380518
0.9130641056900157;0.10660213572354948;0.511566844702928
0.7320681513581374;0.5928230084411091;0.3672503673051415
0.09119906673241707;0.6300072265309659;0.8638146541407457
0.5459100205790796;0.859071835627614;0.7966044300361852
0.6300873585141521;0.26719534207116835;0.5489622501693543
0.1366037753355437;0.761380138674598;0.03230631254520855
0.2827001024415733;0.3696790309979425;0.019138883209872115
0.22606668859699086;0.49343072646100816;0.18612884248460926
0.5275547503648556;0.4562261081161997;0.7827649414845017
0.038676572106226104;0.52113237413069;0.5564763036736997
0.4802427390885028;0.42996270738612363;0.21640630545519424
0.28340598211593215;0.18047380426974546;0.7006740213971427
0.16835071837545035;0.14880405992344437;0.6110266343882195
0.9152065204323067;0.8741134767304602;0.6038449047312049
0.609224029568661;0.6124992782939437;0.13411718646471038
0.9504326002448608;0.3167336385915709;0.42273482445605215
0.6869156510057163;0.6753573373171756;0.7322468800633949
0.8098173329110786;0.2653851659090938;0.3665823959116321
0.8545796678233126;0.25286559877170167;0.35450222429898437
0.21365771063223538;0.031106315436169707;0.982250128868525
0.3330280643372716;0.2344296268438103;0.28274410902215763
0.959269796127208;0.3558028232583881;0.647055082919145
0.10528212418965777;0.6462647690667535;0.5803439450931249
0.5123221787123583;0.21590925360446445;0.5133407078991741
0.6077714335485149;0.17171564591140442;0.9601621479027643
0.29951915635817583;0.4277491849146524;0.19085326741277198
0.87871593632371;0.2715695223886829;0.37051238060005176
0.1824932874459001;0.7525215475756722;0.4961320236693869
0.43102253766093157;0.9681811587866811;0.47275848383950825
0.38104920203579795;0.3393771001724656;0.3456082011710283
0.8888197588309904;0.233544230695388;0.9537206630280619
0.1976306607221242;0.05332107094485283;0.3421876858446943
0.2719226226200223;0.028125004116486108;0.7203517455941573
0.21898124584216971;0.5154302379742786;0.7325224428498642
0.1628135249605015;0.5809583212490825;0.42972644000551385
0.3990540451313165;0.2957656535697393;0.3607948256867979
0.30668738572447984;0.5413412020821774;0.6466195195503148
0.6927568709822911;0.635488094747298;0.47711246621799086
0.7932361687880839;0.30026538484592646;0.533225723821819
0.44526520861951024;0.891333511558696;0.20793732997665992
0.86227269146116;0.3425202302247481;0.33023491507176306
0.7152634466410799;0.4285849674014426;0.8624067287447399
0.9623449293132386;0.946021395742446;0.42476700854736793
0.5991659618859038;0.08938988825812577;0.10578521866309631
0.8287928364261404;0.13386188704311652;0.45198752225329286
0.45447787344775536;0.29927555941501804;0.7225019290535357
0.5261657826919494;0.9673837555368172;0.8244073865130872
0.7532580746828194;0.14722974246688647;0.9120548566166691
0.49227499837231825;0.5332975278876863;0.3339494181513424
0.9928753620233446;0.6112177196254948;0.008638389393911927
0.29226493866639824;0.5152376979033547;0.4577922861781709
0.06905442441089837;0.5398881864910616;0.9751909190737943
0.11471866761351412;0.4769809520390633;0.8219509126268336
0.3890859931640952;0.5995511904093637;0.4115943906924613
0.6457909009230011;0.19814205434134302;0.3491419285356019
0.3779852725952182;0.3218547476586674;0.5408718256509835
0.4332572828937771;0.4350981296389814;0.5658941920474301
0.38144846593968407;0.409672616931157;0.4637991970400056
0.6803968445821452;0.2683550851745563;0.042739736162594966
0.7456002767474342;0.6269107464117551;0.197755640555053
0.36266362016438436;0.4809584102160148;0.5753169286197573
0.2719367463730109;0.1491573672386146;0.4303708224215186
0.10507823555126694;0.2501995482909769;0.7462683252733544
0.4553091304872542;0.3345217834491888;0.0915427962910138
0.5300429358368604;0.007395029398502451;0.42701362933981835
0.7569673299465365;0.46556621863639724;0.05689614223800088
0.7098817551688662;0.14209776453797252;0.6742657796799453
0.8690242560052017;0.9732356813143986;0.6948522210764423
0.6461903665269743;0.0823587104196134;0.2090076668337344
0.11045607667273738;0.8917292954588105;0.8187719642229115
0.954970703596654;0.39123653602143194;0.3476556816068407
0.6541881333617501;0.13305052614369983;0.16227097599609053
0.9886244981146664;0.9479987090111421;0.2638566943668884
0.455553130849386;0.5305423006070595;0.23416766067771266
0.26051605085295526;0.675883304221757;0.15138258505729774
0.38679861074996313;0.6798213583565202;0.7614359867540823
0.679712017379935;0.7070295789870579;0.8491605652088464
0.02825039116646766;0.2756460390287022;0.7173054757053265
0.3785993585624968;0.12088455420618083;0.5214702508734539
0.37578873015344494;0.6054928523833424;0.16571533026798746
0.16649937829305794;0.6526273172484691;0.5304711198399674
0.36465372520070083;0.9103161044965318;0.10733293934513777
0.4197280712089402;0.024198110097430225;0.46902468522041285
0.6528619791248719;0.0193386428810578;0.43936970245866047
0.5321276386440902;0.8500733352652631;0.17920975928648453
0.7686041924129272;0.17461977895120373;0.8554484903611101
0.5816229350333556;0.8197943262730529;0.558394310585956
0.9797078820235052;0.35609069333003507;0.9819390115179912
0.44685855689011345;0.5352951546238478;0.8321300222844522
0.5701799766475669;0.9186645957146804;0.3460873721574993
0.2403621145386451;0.3844949202496265;0.18360612454834724
0.5567644635278631;0.3301692116060041;0.03877894629722822
0.22507991683336226;0.10821529795191498;0.29686045600363986
0.5410740918278987;0.16325840921123647;0.03414288782282515
0.2848768914528844;0.8041185976295083;0.5790009575949594
0.13535311656436677;0.6808491588082471;0.26027423813065653
0.28752228957762416;0.6915051382805981;0.2758500318761056
0.3572473944778668;0.32414896089862577;0.5241261109184102
0.2295045982963555;0.9807307114952676;0.5009437899350228
0.32304357821704954;0.04065810609224674;0.7168477675689175
0.385626506807603;0.5822849580343289;0.037198098092258824
0.7813461874794598;0.28174617016932024;0.12000057441445666
0.3523826146138892;0.8591742039627066;0.4399476183597282
0.043460922558392845;0.24921893094253833;0.04434655565216816
0.8914835980219608;0.5256893843559226;0.7202839134103703
0.588624563578896;0.029126286628910925;0.9773079428785306
0.8048716359254324;0.6184109745497822;0.7340375146429109
0.06967046446277647;0.4155146904491932;0.7006213523468652
0.2727698707172407;0.45459890474944487;0.6906908822338985
0.07985217519114318;0.9309250007140101;0.578606191087127
0.20012393494609615;0.7017853503103014;0.6703543120672112
0.5766766760407593;0.6905982486198792;0.11182646339921021
0.7937581364560498;0.6754203485114183;0.07307835546944486
0.6977852363928347;0.4090958777582293;0.9239896822645146
0.02917073722708108;0.6335520174519057;0.1499240092517179
0.4208005991675067;0.5458572463946051;0.06266139720635178
0.11849266123832591;0.9286754654138086;0.4508025652922074
0.5438093813006617;0.9155872932439529;0.7725224884644654
0.8258526425184674;0.38449976185578416;0.10381213557110502
0.19842668972694377;0.7103782591651876;0.9653578765094283
0.950446126165289;0.47455992659348045;0.22354273569218142
0.9927660081806059;0.6221591883673652;0.4473960367087121
0.8507072960274633;0.5035719758684674;0.5908265210270065
0.22012011393580344;0.7595941013479367;0.47262422795477443
0.9969229148316988;0.02913318769740192;0.3682544549260196
0.2884309603431503;0.4074547381413087;0.12659634118545848
0.09981091601028103;0.634600977520465;0.6152894664505534
0.9117410942885641;0.7886300649026422;0.7333535751646566
0.7033911139152103;0.4887486466429529;0.6873565291080677
0.7738432780384964;0.18024079425109985;0.9248755513769156
0.11525698180623889;0.45201943555973223;0.45824023070109665
0.5854707305736498;0.40505772782858174;0.41009102001052067
0.8266926450212979;0.7842024580981641;0.5931534514620254
0.7548346881490189;0.48318783360345696;0.7350329981505443
0.8944004241854399;0.18386647188656147;0.3061304335328122
0.509210105759361;0.35949505871027376;0.40429851647310067
0.13081461083246415;0.4725689811396515;0.4061840700888858
0.557710416948578;0.6505427296535428;0.21036668496847233
0.5439378963053833;0.5980035504990963;0.3326618788595006
0.8314072980315096;0.27134584331972056;0.4013854760109705
0.8590310112268067;0.03927838595941091;0.6762473077623383
0.8913689235242755;0.8740372975229017;0.14481472404751072
0.23492570775643618;0.9588170279502494;0.33159562947181
0.020012523006668226;0.7831334358032104;0.2436681672088563
0.6677489807148357;0.019432495822992557;0.6763605704039841
0.6483619684816349;0.6629656094223362;0.29662070084786973
0.3827809627289127;0.8462232656490595;0.9943831957948996
0.29064020871148455;0.6741411862314496;0.2657976739750154
0.6044181450624638;0.600244645943549;0.15700798833782814
0.31386650011553086;0.6943293578309027;0.27988255758938196
0.13116785329097613;0.3858717336329739;0.9306462026717898
0.02182114037257976;0.06392300317361621;0.11234944666118929
0.8253275554598318;0.11198389119879637;0.1494795839408224
0.008847179605383393;0.5401984878183564;0.34001316955876326
0.5797383957836041;0.2695948872674666;0.4317632620717209
0.931948376111425;0.700419677900412;0.5309027147231835
0.5787265197029724;0.5985398728089565;0.9707283050552338
0.5424639070634842;0.6319508602390284;0.8561926184062345
0.0037158025526904392;0.9547022612520083;0.3383967821372459
0.3214202420764992;0.03212228350144741;0.2048526532285101
0.6610787917108412;0.9668317904917013;0.6677854235137123
0.5581453780229753;0.02760570979204946;0.010392309587578308
0.7733288257093309;0.42866030128913823;0.888742997042753
0.006544035377046953;0.7222828638207497;0.6837178392305479
0.37394014268892584;0.6350634021943717;0.8741337631198546
0.3221621025171475;0.07785592284039422;0.24321278314488248
0.58863588153159;0.4874448551402941;0.5004899231181503
0.45551869734850825;0.6898357679530331;0.671809493300155
0.8325088181579807;0.7573550002848238;0.8347376988430146
0.32203475707110707;0.402906045682074;0.8980998643641462
0.7420164591296372;0.07522852695183091;0.1110473806437362
0.6618066409228872;0.5852375209295141;0.3063801851229604
0.8928935718837171;0.40649083531193186;0.3329217659711239
0.9131979298799975;0.8158458194402234;0.2995071781798103
0.8376426578059322;0.6649136613603694;0.20784465872819502
0.7673365415405113;0.8127943467953299;0.9992717495637271
0.7412408601568693;0.9225595186711326;0.6118333686975613
0.38655129261980337;0.19142344426930835;0.16238673516771318
0.9246142837867004;0.13189195779929108;0.8108773754339439
0.6965904412472306;0.7778982122791724;0.0019045041824339304
0.13436085689511346;0.5581846392635702;0.8965143060139211
0.48117268045929085;0.44429107477447194;0.9068200667385311
0.03714611974149229;0.5144367200484457;0.5231908823332099
0.959221584677124;0.9697306282045154;0.011410515242585961
0.8417971941221821;0.39493002250683973;0.6781675353099491
0.35843529912902583;0.6723565071005015;0.8538216382592648
0.5027446793572199;0.3590451321917212;0.7170793999185722
0.3615207929079307;0.9719730291806375;0.3397672632906894
0.1970554241107635;0.8841208753659682;0.2345145570318269
0.2843915003399593;0.5602849409902355;0.5781863562389294
0.4181019975380801;0.06573441391118462;0.1926661592055816
0.9893170848235021;0.01013254072867753;0.8816110373886805
0.03973581125622028;0.6217746818089186;0.23981278431261022
0.5255669215571623;0.07198668800623664;0.5461902735986959
0.24862293929470736;0.7802434734751427;0.9993602261104074
0.9870908852806274;0.22121569348153036;0.2877369817601927
0.7482040052411922;0.831553077465489;0.7080341595058824
0.08158246714366824;0.5196645474979741;0.9204318240581302
0.7334805430971402;0.20862422755091792;0.345929641237506
0.18767345241427147;0.6377854757816823;0.43018102943606307
0.9653608534550967;0.6635298560967615;0.6106717664697865
0.6053444283500724;0.32945117725742235;0.19355122873935626
0.4058519908310436;0.6473099088396791;0.3815535777179333
0.5792349787416974;0.7398030552800073;0.6129033021597179
0.20865796908867673;0.8025170301031193;0.25659343196384476
0.12572996593842722;0.9753231596081732;0.8100615310487732
0.2643213037475798;0.18228974899652994;0.9672849174990654
0.12932202048708485;0.09356493460158377;0.29843111581434145
0.6444721322405143;0.3166521154367935;0.22361503759041124
0.884960808352265;0.7311441900943003;0.02634398011837591
0.10765133458354026;0.3006779322165395;0.5012240136516635
0.7796096420100075;0.7184586223999261;0.5123290988502359
0.36304014077041136;0.3163544141581103;0.7342033528729416
0.1535103027682877;0.38713534165091434;0.2568799789790236
0.7952247958537756;0.16056985831570247;0.8263238880697231
0.8126386512697252;0.7625354427171717;0.9357494329545682
0.6171725523959649;0.8785525275441632;0.023346077732027237
0.4677078317229727;0.7541765080906219;0.29580446532626015
0.6033746244741385;0.905037914172063;0.5716153383696987
0.9407082672086511;0.7425838141111377;0.08386182989625746
0.9594982284077438;0.5839487117009167;0.5006634448646294
0.4905440277822054;0.6391274818505102;0.2422367220506786
0.5592114657282712;0.16445008481526457;0.44536013403578123
0.3398509305185351;0.7354429033798743;0.7587060865359359
0.7196065123770381;0.18935789741696862;0.560782700875361
0.5907912243782288;0.3766621036006398;0.5829876226118917
0.6514539157900617;0.2254003263170189;0.004418652735365569
0.8216484486867466;0.13870372067039283;0.35971196117263526
0.8031181576347517;0.6426475790592691;0.26742787049823513
0.58589742134886;0.5775205147947412;0.5293202108700837
0.5022808837192874;0.41849659860204547;0.31739380474950374
0.8579179982367167;0.002647877369232443;0.44150747353816777
0.8061720798108833;0.5825672982926939;0.626097991184825
0.45650969532935337;0.48477851668714866;0.1347982648238949
0.34949575915616904;0.6960328486809433;0.9481860125274084
0.12011185483165487;0.025082116488392314;0.6302025368405796
0.237443650617006;0.8310213956138238;0.42115002262629875
0.6408930654142867;0.7444925683223804;0.7473683486192072
0.39877840209762827;0.07759117774319046;0.5271609103187368
0.5611963010802042;0.4272527828362277;0.9387180659973088
0.6996387681052144;0.6081707351442626;0.24939970466959038
0.8680076334858684;0.21355918915317484;0.9565851794500275
0.14771742920496234;0.5272978333512172;0.3209689914842102
0.02427888870483541;0.06517843673703816;0.6389662579489411
0.224600276223326;0.2190985839325239;0.6359040790130305
0.4751786987224008;0.6478161163176558;0.4744577150994358
0.8765228415136259;0.0023478247799868512;0.7869875394895276
0.16891559605255202;0.6291474352982316;0.5612077128316858
0.9116809694449033;0.2009930238315102;0.37761752848218766
0.9153011403971539;0.12121507129119324;0.05971316663728454
0.8077585295194752;0.35438389457963926;0.5780912463873802
0.48015067235637987;0.4609729495343531;0.7015971888697687
0.2888544579946286;0.498973696080638;0.24590938846846933
0.6604622539663404;0.02049336718244721;0.14514307966320195
0.5848511988480879;0.8519509821172707;0.7743323118227701
0.32664967550079727;0.36990538585905297;0.7999292431771211
0.01736930253173652;0.5088481429434705;0.8652001359265568
0.7447482345943311;0.48636988222372024;0.6013169323615449
0.899394205539854;0.3686732646931875;0.5999328244716371
0.8997741493875896;0.7291931948553384;0.9257781006113924
0.43044539476290455;0.6107617430453579;0.7675834613169115
0.848007831558578;0.9462363894453965;0.5729264992717192
0.3031713823587652;0.45441644180537866;0.11955712248840333
0.2279132575978976;0.7868533651305754;0.8384921613743358
0.8020185950849971;0.5377170967578042;0.3583113044821943
0.8115161623887577;0.7418846492413995;0.4601317786332134
0.22526316739656893;0.5312501997673412;0.03738626542008494
0.585138821076023;0.2328946950177282;0.374733958588795
0.9901562977792067;0.15684833599931203;0.883388010004133
0.8386857426314468;0.9873210159425878;0.46221729385946553
0.18519512657698456;0.2526885617607463;0.48441753693638756
0.5348346093134722;0.7133501161610132;0.16277707584917278
0.9020043410218015;0.5301674714732714;0.3360362241582058
0.19079362713962889;0.3716189760029738;0.35149595847380954
0.5272354258548361;0.9679531170015421;0.5335145073864153
0.2641174847709118;0.5535326094780617;0.1547113526159295
0.24160964309078714;0.07660589475307977;0.017162864299644087
0.5064257087185859;0.8263419820024144;0.4239237064103517
0.5802162326791821;0.491620548308486;0.2758019728621721
0.6126525591945938;0.6547899672836034;0.3111626902330501
0.35159607431329665;0.7272401553494777;0.2965089093786071
0.7262338455766357;0.15401957464494154;0.8035680434828244
0.7434596960418384;0.6225352742982198;0.5933317873968541
0.5497018949081408;0.7025314070245559;0.8243800313048406
0.9778216884476708;0.802094306966809;0.9400948302484834
0.3772789110465481;0.20479822043513007;0.2726467546428917
0.15650816001856505;0.31882880975796224;0.12011274688439588
0.42715819427247936;0.5687511932128975;0.3452508638045746
0.09662152104676025;0.23611074223186734;0.5176691596425296
0.36815291064467803;0.09910812208955233;0.6276932984133389
0.9444931240151271;0.6704210140746301;0.8329730230760788
0.6463794691530658;0.5860430164874757;0.7815396054417676
0.6368424691254807;0.5225679547406936;0.5287332332515908
0.004012974059639185;0.2701644821000698;0.045766894409375536
0.9456413478501315;0.7427917467533495;0.6619381280100406
0.5550053914810203;0.9915098296866577;0.9952494536715422
0.34019226087476684;0.3074653765807738;0.829695870057048
0.3553368355443002;0.44771419725084893;0.6692915463435032
0.5377478257054156;0.03568507119823261;0.503444803575045
0.988789994170234;0.5664024512725865;0.43027018534177974
0.2166092048978402;0.28276952892427565;0.8087759590557057
0.8354114691714764;0.2644982757593032;0.09057216903988241
0.10497142389577341;0.5757771332971693;0.08892104973870585
0.28669486641968145;0.6247617406307492;0.9582438086237344
0.8458117359931803;0.23703695179676287;0.9845657068268032
0.1468625922840806;0.5515181379147475;0.9394777963792333
0.3224505603775858;0.23520730902383924;0.6532508777305426
0.039882159484263435;0.16016251466970755;0.900624297931174
0.503125195946013;0.7105642708272939;0.8716454369333533
0.26781935034956084;0.5491419866866488;0.8760005973908797
0.7841381964805356;0.12805821738558132;0.647535061808777
0.7703180446711421;0.7650749348236466;0.8725493091990592
0.29360210931109054;0.43376556739536654;0.7295533536063812
0.8898925507465246;0.3589755155861073;0.23895752146290672
0.11478926703506931;0.07922095505573956;0.6056783319950092
0.07249714160214593;0.32744269145665006;0.6356637503924194
0.9549316089624327;0.6562997627546003;0.43907564667837296
0.40512970110597646;0.34602083407027195;0.23819789648518952
0.15909364826502204;0.5755379133901265;0.7920128915264929
0.8904677673436441;0.8637907760223329;0.4114042510249276
0.0440074136478642;0.6958559570496261;0.31053341124648215
0.5226197290092162;0.8227056755715865;0.5171654252088809
0.5914372157694746;0.14147524778483245;0.6578765964601213
0.5815965789144404;0.48890464994604466;0.8957914421007687
0.42279010330492506;0.42335343422168836;0.327252255412523
0.7129131983799752;0.022922938913319868;0.7311298921305135
0.16507111833917265;0.8458185087188487;0.7149931185148001
0.018337839518806853;0.14172487225248698;0.9322124919099032
0.5048466026824608;0.7471364656056784;0.8478800608262697
0.1773369348036513;0.6733949407926504;0.19268965320176967
0.3679657354316057;0.46557639449795163;0.33068791174872825
0.7809497826122436;0.08261079020288098;0.8098977197135699
0.5761723488842807;0.7789456129849199;0.43930514403078436
0.2540797710127516;0.42916735653518057;0.4995130868477974
0.08603329881133781;0.18208172471764794;0.814635041629759
0.7111863210649969;0.6627469616032698;0.6487465944062976
0.9894727636126226;0.7107268550080802;0.3679863241083584
0.7003418947007063;0.525333047573586;0.8582040498950616
0.8789432528072219;0.06736878831284987;0.27268253487747884
0.27660623152958486;0.5219692231103463;0.9396876740335113
0.7358643332570239;0.33171663313627653;0.4818438524114462
0.45664624182010194;0.9971050206218084;0.6455481210324215
0.20333501864915715;0.2362638087449821;0.12993222197786858
0.21338272954266924;0.5762920436085051;0.4284522957600807
0.06136694649838603;0.935154696611065;0.9206208018243501
0.5801391154803819;0.169351767465319;0.9389440853271459
0.4865701966159789;0.11681898209263653;0.06622791680261264
0.08048683162991732;0.8671788672181698;0.5758339260676599
0.6827561212405694;0.8342918084453526;0.4891034164707303
0.3181779689127513;0.20406026047078674;0.3041159906697566
0.07939828171300145;0.30156470800379587;0.8802870066047659
0.13791619737024852;0.5729189177908205;0.9693397968175078
0.347211547130826;0.6429024503404748;0.562958113695304
0.6326595091971281;0.21329665970608902;0.31223092417926457
0.3244173123831047;0.8853628903351428;0.7854854177946127
0.5174126004746216;0.5306836472306945;0.14829219349391898
0.09984934920837218;0.857892011819531;0.7988793554927546
0.05873314110941308;0.7947908413596385;0.3066860095666577
0.5237372485481203;0.013623389093374905;0.695824745190963
0.8471689422100713;0.12150661925639328;0.4247938420585211
0.780462905045487;0.49125511446168413;0.7480742102727194
0.37201178272269275;0.657678006997409;0.9939875263620257
0.038585704476284066;0.6907668953100905;0.3019778484872889
0.08939199776168383;0.7319673748566674;0.555138674072051
0.39457554351659174;0.3783681494004346;0.9822772407287284
0.27859578876432367;0.1021330904981721;0.09338452284860133
0.16499040362151896;0.5582383460437037;0.5902937050460855
0.6733076258518644;0.8116330429294194;0.17824522656250685
0.03628388710665309;0.5618205184676056;0.9560796017420364
0.2183291626087236;0.9508912393644495;0.7925449568732189
0.6761625735709427;0.16074774680544857;0.48908283935533003
0.34836582381496384;0.08123875912577871;0.7861977032311613
0.7936063481934613;0.3126683134257435;0.5137049547586818
0.2689654448586999;0.3576591591844852;0.48836139190994954
0.8863086678112325;0.472517673694141;0.31517792822346413
0.44942023412971677;0.9182884569382501;0.8153470743579445
0.7660214481105713;0.6862777121171767;0.9839424781208778
0.16891101708480993;0.2580724916451639;0.8328541692604472
0.030480274537030727;0.6200802556660323;0.7239973863557083
0.18092746818033456;0.16877725721961667;0.3370644897768472
0.6201087179405614;0.998240820088607;0.5842119531304986
0.35641829957715965;0.7319208838170062;0.4798877781989943
0.9638259688053162;0.9373420853585913;0.09344069288831058
0.23294371894078691;0.7619723301412773;0.7858029258683701
0.9346908433883162;0.45406115994359453;0.4006767885946404
0.24532291314877264;0.03192098111182595;0.24177295675014387
0.3443467373336164;0.5215711415941428;0.7716140357426406
0.3201843162068224;0.49800047504534306;0.9508543895387136
0.452916563018412;0.17561352487374116;0.9107352999257387
0.8573261297386994;0.4745038131156162;0.04308768523639761
0.7183599365526588;0.1351542159320448;0.35016053765875954
0.5172954461175734;0.4428341635651355;0.9704275161671929
0.9724664316028853;0.33966207006997795;0.003883871576942699
0.4393374906190133;0.3113988635833731;0.8110055083939393
0.1603890421784755;0.880876719911614;0.371672131661011
0.5860272073906199;0.5960480933658203;0.18249915126578387
0.7926473420523553;0.2690290969115082;0.595558450546427
0.7334616477866861;0.7569993524914767;0.6956727317015232
0.44362045687602125;0.012742420975696445;0.026734077354185315
0.2718369760542405;0.029337974439923364;0.7622619117594849
0.47126862199192887;0.7861999169090589;0.3016187496982895
0.921444345663651;0.16910412511277761;0.5655307330502274
0.9252946219853534;0.8072665338019754;0.26615451730451345
0.14282596234810652;0.5144215997998903;0.13831447807878716
0.5610769925882372;0.2803573607782536;0.6507681933690639
0.3250127707667738;0.081238351305162;0.38616610993887057
0.8795954220803184;0.382855032246729;0.4298085433942386
0.10404630633476797;0.7813223095028703;0.26831155236171544
0.4351200065645229;0.4041855240808928;0.4959278301643979
0.43812355966583116;0.0036335659904395134;0.5361452411009192
0.518021355743108;0.5593212238222075;0.7286139516186764
0.5359599290930838;0.6374937587722389;0.2672503279865961
0.9208991871774314;0.20034099931937832;0.09486828749196752
0.4130475851811224;0.2165517498710937;0.3820406815269972
0.8991131858280362;0.49905740098745743;0.7600566684065237
0.01300927010007169;0.2510723899450604;0.3528744466775052
0.5429165450174835;0.39743008776199096;0.8221604882519483
0.5138373085974942;0.7599241290582551;0.32292710401479063
0.21300645690728615;0.6576207131172671;0.34761540751848985
0.4962645999153952;0.30423654688268786;0.7431427551412865
0.8163067681837031;0.3877806461501825;0.9186699231292722
0.909822300386183;0.22721063042435108;0.8928680697466478
0.5036502060860456;0.6633274615459129;0.47912691179153044
0.16729196786425082;0.370635730949909;0.08862540448449707
0.780442206449932;0.5346117406551675;0.6548962910677648
0.0377528369072363;0.37001284824420944;0.99660488762587
0.7636615518910532;0.1507839476632653;0.8894096760044062
0.2620058965026324;0.6977396056806704;0.2313453360238742
0.5533940961859827;0.13956694999011288;0.8434561633391169
0.40718789794405685;0.1446957949611396;0.20473220320186736
0.6898154358315766;0.3274822645775347;0.34169422659503923
0.8975494090037185;0.5515014163680405;0.8409656793249211
0.3422137812955476;0.040683622442708955;0.9093947384026568
0.26937827646521506;0.9723957212597466;0.33512341774448795
0.4474598837364344;0.5827284614347154;0.30487837861006684
0.045513884251330516;0.6377748210780272;0.4778380566304198
0.9338783025887338;0.5068142103377116;0.6765867500028254
0.7464692147553491;0.01953772794092934;0.2138078067974688
0.4174626042614127;0.9962115496264173;0.814500857463675
0.6326527021301965;0.616763396932534;0.7008409208301037
0.35453773788150167;0.9987098049552016;0.11075451881735598
0.2967172946056579;0.8522639155752206;0.49645222521571886
0.8756216044921451;0.08858921567785683;0.8897450727330823
0.16707067502189032;0.3694121082238455;0.6229838083979397
0.40429958386339426;0.43271746181153226;0.6987295536892012
0.3696808186173065;0.101030848213014;0.23395254242188346
0.7360292375539292;0.11995851703743177;0.8812229612041572
0.3235130683961951;0.04192000818082264;0.05653551140786861
0.08515931098215612;0.7009595032362134;0.0002443556330056218
0.8641708144078846;0.25897439097156005;0.9971692820455644
0.1959889810754759;0.036034169867053656;0.5505768789793438
0.1520000298783657;0.6925408002248693;0.813163628681566
0.7178391945309524;0.9479114338263197;0.9008131577734985
0.42314162149772827;0.6535093154725914;0.9123170734914852
0.9794687984227717;0.11422359750835165;0.26744539850681326
0.32807564699907665;0.5493004512466417;0.04494042710737989
0.8764783726614623;0.6065612017436134;0.6691857819843839
0.8781524292547069;0.13003813158441668;0.061233238916938215
0.7347069684075466;0.5345786354498336;0.7826502156583403
0.9405181890994677;0.4286876363231992;0.01940164009647216
0.020137200369062525;0.19784441345215575;0.43628144864116625
0.23837107921415224;0.19695461886197962;0.2359722971051994
0.7439879232708738;0.27215464503779285;0.2556548190416662
0.3071156947454612;0.1648566871499062;0.4986619946517796
0.5918138984928397;0.8254408615768846;0.4407304052212395
0.518929466626529;0.6257482719480064;0.5372239140511617
0.549336697543269;0.3521163620315898;0.05529648622314165
0.10937151184612426;0.4130426228269375;0.9894086127385261
0.6350479425751072;0.961253659727702;0.45005676795379024
0.34254710062311844;0.9596948401409753;0.688301792790149
0.6212773472155144;0.19080561268672735;0.3363940184040246
0.16992133178585822;0.03162445028665617;0.45094395913159635
0.10849995111474542;0.8083732016576285;0.8168566835409193
0.6621419279484525;0.15056512429554425;0.6596613175065633
0.9595777185363258;0.3505861240860284;0.6104940328603896
0.06725483944207522;0.28209463506184995;0.21544118345778973
0.7809052678978338;0.5938672194923805;0.08787915122625167
0.5162326057576252;0.006157352365050661;0.8130439121209542
0.6415109610311948;0.38509876431290624;0.07793964496556482
0.28493677193355726;0.08970235358737988;0.017241797242876222
0.2110732755754584;0.5554035754610219;0.16057029816865453
0.4691101921504063;0.5302103830619814;0.6033404063311445
0.633149954755472;0.5002600249685051;0.18723036994173636
0.20106999280578575;0.7511705413112698;0.8553881918672729
0.1292252438517899;0.15450464435661038;0.6524763998337304
0.6824571062618291;0.30849780738152144;0.4436718992623121
0.7077258731495196;0.73008918030342;0.429994933710524
0.8194775132246235;0.8455352640755591;0.022905742642905458
0.8827043343692889;0.620299667344858;0.39644844598783435
0.15269273491028157;0.04728824829098355;0.7591494364218455
0.024386431511462137;0.05763385004950372;0.7988575626077846
0.4199273540005789;0.18445669829399414;0.73168495671324
0.7189384887327456;0.004077079214936941;0.1808606496175157
0.23205129400653968;0.6412070927841245;0.8933610806376493
0.7751218832457336;0.06690861050141073;0.931898039363292
0.28774432510588344;0.3966200477634858;0.5046955269014555
0.4347632768908898;0.061095958318377996;0.6985598522175815
0.4621793601276478;0.9586406873099692;0.08332607322556995
0.9326153961035759;0.0469043081279783;0.6306807513634415
0.9638438558450036;0.37020673610747;0.12160430088849239
0.791471408820443;0.7873818579424698;0.9431331106491309
0.7357157014571423;0.4617557074167329;0.18689776671174974
0.8645332088351019;0.25016828427323945;0.6037231926861731
0.6427679275100938;0.4951373724885879;0.6346745017569271
0.16853276413539642;0.6165358480985711;0.6058171996400874
0.6303708189869723;0.4826039412448576;0.40320140960461703
0.14198427692202564;0.23056028582884935;0.9775548757666515
0.9914147805494451;0.548515663901109;0.9497376949623666
0.8294707693098764;0.23215926160501255;0.8492392620557309
0.6420688805366713;0.5690593893983552;0.8612446027577665
0.2524775616405235;0.22030173666817543;0.8439680545496941
0.318570043192987;0.583921751398194;0.4266179491451483
0.08312834272074443;0.7573022636309232;0.041711058030763803
0.8887025064427491;0.4478184777483769;0.06799878612065402
0.66986605895843;0.07069188908535051;0.7517232995683378
0.7647206718197607;0.9738397744200064;0.9230099431676915
0.19441212372884198;0.9595925573203129;0.6082331893728561
0.08728661063744991;0.056874011906179134;0.48864393360148406
0.7231514590853512;0.4297839592799797;0.6526638688559888
0.010744203361879423;0.37797519217230857;0.07142422025101702
0.002575243152766027;0.09051159165337741;0.6452392601645854
0.28159346202291835;0.09939267270630514;0.9074458005648242
0.2395926650991046;0.8687739787086615;0.8347571999849575
0.502497769717843;0.46266102214264315;0.4185306634363719
0.5816401202581231;0.6378814773464069;0.21714105584168275
0.702155290555581;0.19596377071181792;0.346882762439649
0.40761303188210096;0.6324503832628494;0.6157907310113608
0.3369555237539005;0.19800405778397734;0.42370600371130507
0.626345136552339;0.9752040461620683;0.233181554839471
0.08510488777732794;0.26950471100792406;0.07198128967730799
0.8673479972247231;0.7101828447246135;0.7678643474458248
0.14723176420631356;0.18157581661616007;0.9402368710333802
0.4242746063567219;0.23686398820951637;0.34361968720527125
0.36754574723797795;0.16102919025736417;0.7931596292331033
0.3503747779800619;0.460805286520251;0.6064031621376416
0.07950789599959696;0.05406229748117963;0.12961689554210454
0.5407605542485009;0.3927132019299544;0.02164874259684979
0.2944828196732522;0.5288600178273529;0.8743282802414435
0.1041181199291289;0.07697647675340258;0.21056660433699814
0.7284591408852581;0.9108189299484605;0.42813864663275125
0.04456427624929871;0.8208776078584522;0.8944300401934417
0.6811023551833693;0.6441195100816464;0.7532013152841239
0.6703387021152362;0.12419519331743956;0.35746162587875985
0.4306685263083586;0.1974341768003215;0.25592683389966064
0.30301340790028275;0.14429667838695648;0.47895185757026093
0.9887407430216041;0.544053471380161;0.18771939163847873
0.38164359258298663;0.7204344240076171;0.4326029132702205
0.3700583798137713;0.8056485925030299;0.8291926750188643
0.6949671181361667;0.20035033842912175;0.7505049000334415
0.19616905619788572;0.6999683687971449;0.3575466134967522
0.4144808874042675;0.6683021304461523;0.9328764605688725
0.1324837158318638;0.5228470077334548;0.21701384981221727
0.19729626876142314;0.39270066884982247;0.6314649084187984
0.21255820049872443;0.5833972461197352;0.14370834080846306
0.7010818936045782;0.46566168976668554;0.03882090129071447
0.642025943788289;0.4355410689509136;0.4388906243819136
0.8574663327767961;0.8271210660214509;0.4561204540417476
0.1791099931424016;0.585490061385467;0.027178279821129636
0.8798652299056088;0.8045752310585836;0.777018096248689
0.8233987271026874;0.14285478426274822;0.8337690891192716
0.5963698560523094;0.3465083716742495;0.9717237795732424
0.9704588461008188;0.7437493307731416;0.8480989802160721
0.2343480356853087;0.34708862241506744;0.7230727457408205
0.9599691529482832;0.9005433760372021;0.9712232614528974
0.8798386773092272;0.18781899203234742;0.5637470771583054
0.6190631346282308;0.649347958678393;0.7542338478634086
0.6657414175377854;0.6165969821126484;0.37986862099573004
0.8723283670054459;0.7225869595619419;0.854009371740312
0.8232112811807663;0.1949212885696775;0.288695034544209
0.19824188052032166;0.15771180186075628;0.022975551833569807
0.7843452479379426;0.5964664768592516;0.7561757572959897
0.8492584541581758;0.2806502963959435;0.3440744465846908
0.8455120327557406;0.8193612727001061;0.19558546987021064
0.5492921650522169;0.03964725175928918;0.25967992848210597
0.6803687549817827;0.34351938660367787;0.47014227202214287
0.6477126607382829;0.024068955929979374;0.7789070517205322
0.5320184930659917;0.8020033966971549;0.2871837754683588
0.1491300920528006;0.08498796766338912;0.6588628488159785
0.5145038829677695;0.8898425180696753;0.06367002210303896
0.9504617245645864;0.43068153220458416;0.8290741836999009
0.6718683095627551;0.3126626607255326;0.39343081538558444
0.46414734125297796;0.23278018653102484;0.6819220871149874
0.8760472700441976;0.41807234950821814;0.9114921786729575
0.7037793049778869;0.5295407489502034;0.7983980575903403
0.6387948999421351;0.16305788931705267;0.8500188738493881
0.08897573555847615;0.05903418450676379;0.6875383484414397
0.3817149796403134;0.6323417210627097;0.15323397791786153
0.9527981973200647;0.6452416273089512;0.5011534659887819
0.9931470731388694;0.6482753170797283;0.30321431335791693
0.20064020701819285;0.993375286113002;0.9707316883436559
0.9255726128732296;0.15126287061043264;0.6070508493372925
0.9485814237698045;0.5854056514827835;0.68281839345254
0.3725759928418756;0.42254982014517073;0.36746514778915484
0.5731601703220983;0.6272703215137203;0.29785189709146254
0.7217952647632176;0.9717132142982638;0.8389660182452362
0.8759609518264115;0.4787256047985674;0.1036726187064877
0.802398668142801;0.15021415565792529;0.04686349554884639
0.36823709375197533;0.6006530758342568;0.41133776407486144
0.3603419697756698;0.14831676552979045;0.6572069788717361
0.8331677465399996;0.8032193457579203;0.18265601244112017
0.05258723894092465;0.05480078562796098;0.48785584366833346
0.34612335048921383;0.8401789576984781;0.4767306760276171
0.35896926206191315;0.5212633393571356;0.8321024688103296
0.055810711849749284;0.5790907006329569;0.9327585296490231
0.9287712487884884;0.1880066617081655;0.29264791453373973
0.2704334692289939;0.027732591358957226;0.31997285015192356
0.4548071158533612;0.9225061484816036;0.8285489893810825
0.43901000888355524;0.5656956545567471;0.28726960004083246
0.5214526231078034;0.8334234994408439;0.5877988276314159
0.40081245213200556;0.717066917364648;0.2162777065966014
0.6277232338236289;0.4271453829295263;0.14276072452300503
0.0496297239377006;0.7675261469443709;0.46126600747393
0.2826962829794374;0.9991968862268822;0.8697445576203414
0.3577371827347241;0.2562585359343752;0.15095415033403192
0.5835057816841839;0.33183677282941393;0.4989945375866256
0.6262365609677458;0.9227877952102168;0.23137030984751272
0.1797955009939909;0.24104289395073486;0.6323092232866924
0.3001127010350386;0.3275961473573309;0.1634464923217792
0.9017949960341051;0.5619457548715865;0.6827965032591281
0.7309779326122526;0.8995578186409551;0.16413157623187702
0.6354282901315665;0.6590562031297728;0.3886365000646127
0.8384776872346351;0.3711724518189592;0.8952332913781
0.6082799115427355;0.6785342616242277;0.1383639155244979
0.18495296017054663;0.36657679938292465;0.18158868989392185
0.09730313840683025;0.5330354178118801;0.5105430697736624
0.3158456770667365;0.9555146097819245;0.1699694190766431
0.802473753035643;0.5434335913898986;0.4006682337355467
0.35306897396545256;0.7481106309080509;0.5429602913857716
0.5805640923779867;0.6086203516436295;0.7729087533060603
0.05982816610417563;0.8687459240815004;0.8128706882330345
0.20474193108802485;0.21237914328578889;0.4697162033009037
0.9434868084287196;0.8598684124552728;0.1027158558877963
0.8599074499805489;0.35031684624981574;0.2081068815317244
0.3985264288658428;0.6874399815187323;0.7694859129271752
0.6744196010698079;0.7507729834773103;0.49992454318642965
0.4494357878734321;0.7195736567745605;0.3759388163778903
0.702999941383839;0.8659334722915484;0.16732972217658781
0.754436083682764;0.8259597165830382;0.2596830206599835
0.09896420020290919;0.9891678005195007;0.3133066161981466
0.18645436474789012;0.01697340463586705;0.05275578735188646
0.8318751697452837;0.4552133837229273;0.2153730324710419
0.25294872909918664;0.290218077220732;0.5826791996061832
0.45088226744866944;0.6286969348795748;0.4429197493853809
0.2167820664170047;0.9654299431310717;0.010455182143290553
0.7264598626971764;0.48380711158843037;0.2763757710885535
0.41443303407568133;0.38122475509223663;0.2908343595652516
0.2966052877449815;0.9485571122794042;0.8050105887517572
0.9787147846165504;0.09128993201002866;0.1687912090265482
0.5963667290904546;0.8328565298352812;0.22643189844481149
0.11589272072306356;0.5148594225390335;0.7919862701936075
0.30717557759079506;0.8711030319439591;0.7110701975586108
0.6334442307275817;0.8824660479604608;0.15649003984009968
0.5947529345215015;0.08168881724230193;0.7071281853816366
0.5880313163869155;0.7139042234680213;0.7008788640946291
0.5255017145797963;0.9667690105446224;0.1739190470576244
0.6345867409658869;0.2703260294000581;0.36652978951779136
0.6734059686607156;0.00670193193053481;0.17531216763268664
0.3813737525328392;0.7566638015569512;0.8315258512850122
0.7089740611642614;0.6452361446610345;0.2862107031981591
0.04355417322374844;0.37171842639184305;0.007579289547160695
0.4923087024839573;0.08820528779436132;0.7181121812375333
0.3697564569234375;0.1502050534128102;0.4866197901798326
0.012835255705822113;0.7257940878264612;0.8616439006098626
0.04482305812205334;0.08261350968863912;0.3241347277357165
0.03857940467667054;0.9506716982324531;0.9177468610233768
0.9013977181708491;0.3210607573513913;0.9062027502432749
0.5658154574691521;0.059599850390252285;0.9570666496924181
0.971996251660276;0.07697184505688215;0.020394259643944923
0.340034562646065;0.33288881673043913;0.5384961382386662
0.49017861370012117;0.2051618872368498;0.4198969635430796
0.799550745096515;0.509915907304423;0.26162060650509056
0.12195979323812689;0.20656331748393864;0.8847608236961475
0.9647272881166741;0.5513256657674324;0.7394068128165673
0.045269650948984386;0.9258829863688972;0.13005506121442778
0.01596111977620651;0.4233386253960726;0.7338160251641797
0.5621032993114843;0.40283793083293484;0.9753304717013601
0.2209489182700346;0.38827128186957105;0.9445058736163727
0.09764467985490477;0.22253024011529143;0.49567263583828336
0.19147977186570397;0.12242490891560076;0.2498996977137623
0.7461384953314272;0.6819704086178228;0.7665423355194423
0.4276359141684811;0.636076126025692;0.3690833806723849
0.6475999821311079;0.9441716083511711;0.20549393669407756
0.17306351844801637;0.4389597464513999;0.311002695842447
0.44761711458290143;0.6974139692029758;0.20397624843983952
0.6871034873044195;0.15026998143829962;0.2529033921023681
0.6207437096213797;0.6133100565296783;0.4015633833086266
0.16949496540886733;0.23462787249148798;0.08648881203695413
0.05479871947852377;0.9549835056978793;0.03965262844074868
0.5488998618053651;0.7550858726383405;0.6516641354793264
0.14109824883554956;0.949763397961128;0.29300077419323367
0.17733546590133487;0.06075086635605054;0.8868002607839449
0.631372688569342;0.9395267137246647;0.8414230365440734
0.29642220843453004;0.334092876062393;0.512027479493889
0.8371776654791969;0.4672383882038451;0.5874898657679415
0.42774971706015263;0.30408300688768275;0.47531499939864674
0.5506376283235417;0.21285046756788117;0.856144963060613
0.9857448521834032;0.2719814151824309;0.8831076575958641
0.8691724099258121;0.6529408402974964;0.5069686613939769
0.32098490707616;0.9016014983142614;0.18221357270601968
0.7680166362716584;0.8860297981259165;0.3408594116373298
0.46457278362747156;0.19836343838427395;0.5088463035797585
0.9391061152863164;0.21100723781217856;0.8629147823947969
0.3690663643768064;0.958562950890106;0.3708275387611889
0.21704022935175615;0.9968508669352858;0.020200690805892263
0.5038787868325045;0.9683867700668888;0.6787693197445183
0.9921450199407866;0.4733330763973973;0.44856447691348855
0.40648726863799745;0.6860908227254204;0.8324866150904707
0.6084130835282867;0.3653833117253015;0.9462471554386844
0.04017476634310069;0.6273122927984176;0.5539527643862734
0.0470558040442689;0.7234416461809512;0.1483110239451566
0.641032072578065;0.95866796724042;0.23412560145344363
0.17108613920527815;0.6059523041301677;0.8413696064473217
0.8925555124647097;0.40764463316970745;0.4907679345480872
0.7859060236979786;0.5650889693551397;0.7218178340223229
0.03823597542480539;0.27062386021280915;0.1459880129249369
0.032941973647431344;0.3642104540042872;0.8972438162157202
0.6660515654067962;0.7937163959982215;0.9007863700388464
0.829046267358582;0.007562957281402882;0.24999031272654826
0.1885957199316709;0.8843580318359724;0.49085943635081797
0.8256967141441726;0.06831090354724867;0.9425309936081646
0.7377331539338067;0.8646779897170095;0.9292550413043632
0.45807641489346307;0.9871626296148117;0.22890203908777185
0.6493466206770965;0.2275035522180583;0.7994717681264769
0.6889652453287906;0.5106973163702437;0.11407055748496975
0.8809659186363878;0.5113575443139152;0.30973292941026
0.8066310517395956;0.6448782228582218;0.39310569735018386
0.5103461120795088;0.01267997168113566;0.6658123627779915
0.6287137156245084;0.10855958114686803;0.32107473452197843
0.03947773840444835;0.6730665046422204;0.44930112969524505
0.6834045535296089;0.4927625799140647;0.7532943686209205
0.5485420566647115;0.44620166920603455;0.868232581550062
0.487147779330362;0.4362465497968262;0.4736670347097959
0.24113314155515442;0.9798553947284457;0.5683369470885351
0.22452441991401006;0.16869035215939432;0.09990997976844018
0.009728401878415394;0.16855322529638395;0.11043144180265041
0.24793618877939172;0.9838775734084886;0.48221812523893315
0.8975797705372727;0.9724277523495095;0.9056581793111457
0.9355733837883062;0.10283320663982853;0.060963375831043165
0.12717697389774518;0.8518609845419691;0.8554854973860909
0.9436831803476934;0.5894600452572683;0.7387075008701588
0.6505797992105314;0.6411512357547476;0.2900187765302633
0.4895097072164265;0.6763893354882914;0.11827762313014434
0.6023152632727582;0.8136141762679829;0.01029130570811343
0.4228614871493863;0.3051598677416971;0.15048647852013697
0.7653113414148839;0.998967698001768;0.8415065542470929
0.8429231094461954;0.19163015781248127;0.07269921421006187
0.4828304149460002;0.0990736496384449;0.07762167441245393
0.2979174906641946;0.036088510551622766;0.5024337732314718
0.49138062165128427;0.4684592802691868;0.2166935749075365
0.8247409035603536;0.0413154804368675;0.9814215471852409
0.549306171795888;0.9624364358157615;0.7991298289293619
0.9378939661150466;0.6301623581814345;0.7244594394030865
0.01315325338490747;0.549019139976402;0.021269977214885882
0.7134673370744911;0.10925523035498619;0.8259839445130693
0.4997045461800983;0.2737113049956892;0.7005345807459582
0.5510736900851773;0.057274401030330324;0.1569763988245273
0.24152536521749335;0.7254830237795243;0.18977960657738946
0.37757986274548927;0.2882327642428275;0.5346041576417015
0.2909825268350368;0.14820307812661648;0.23413647975060603
0.05224306465752104;0.20606799127041686;0.36907050723887647
0.7589022701955199;0.8469696680338238;0.810818960822842
0.08536003590036823;0.5052514649891535;0.601893114029523
0.5131319406988311;0.780796398860171;0.4363554416753569
0.8676058006341526;0.6834186624002179;0.8148273361412215
0.7402193908099713;0.3670470623683679;0.8131823415720071
0.6195531976632059;0.1921742383474696;0.718309240087925
0.39875608623820213;0.6529461145703568;0.3799332649670769
0.7414211259457223;0.07328090079216254;0.8167086252096594
0.6396523282358024;0.3021201664236788;0.5375959027801224
0.9871335260442987;0.752066138073398;0.5918183197504425
0.7761135269696453;0.299082857516104;0.3357861522058915
0.5846927226479204;0.046298724246219836;0.85554154220713
0.7212577325151109;0.5085561411697582;0.09865211782846861
0.03811557002392818;0.9673917901507503;0.7552755776035189
0.4871016155008495;0.6585267982137076;0.6207935497199218
0.6120836942701328;0.9813987638183245;0.5307920138243335
0.28966863799356724;0.08469399337579875;0.021359781988086635
0.9588893181469503;0.28065484667231577;0.23756937223588104
0.9459900816154204;0.7127051483360339;0.7661743529847782
0.9359090973071671;0.2312365662714394;0.3448805215479974
0.6324318219247465;0.7614084222450974;0.29821828742112166
0.5019248926529827;0.7522724980127545;0.42311056095915067
0.12775008912942587;0.8908009782674801;0.4648908193769403
0.5224107915533994;0.9356812803189517;0.7490623541486351
0.4074046552573197;0.226742896416688;0.2308694482524576
0.16438875995390412;0.6315273555758677;0.8498204292295994
0.08772408315985036;0.3561104169632404;0.34277469575477115
0.756148475133998;0.9706867791681307;0.934916996903385
0.13158425690424946;0.5679916133810831;0.5484995470835179
0.6651065350197791;0.6486555453868063;0.9620720756841282
0.49039009396695044;0.5665622122405907;0.3160479429332944
0.47291565596327045;0.16117478059684598;0.6243593289438164
0.34974095418314644;0.6782467297215773;0.7712957299991492
0.3456881371534041;0.46191395238076693;0.21468050149387108
0.5681205809548293;0.21689470080543438;0.4826625436522133
0.09904832035852329;0.7096301354020733;0.5184582498669198
0.5789191175901378;0.15318760137325838;0.6296515169440317
0.24513585847630892;0.9189501011951284;0.815670281403731
0.76890947428066;0.4323409388026832;0.9152265217148772
0.5101929056481789;0.8076833777776683;0.8554645452169076
0.3068756988854425;0.6137964023789649;0.15300539796526624
0.33663764437276944;0.44839911455882653;0.3071991940600677
0.01977134453733065;0.484322218121887;0.31304122329472195
0.2294882801098207;0.16802162651296582;0.9252800274989418
0.2245620650899971;0.9435938525171396;0.21096086347488696
0.3551505654645112;0.12433001346542305;0.6550305362551919
0.808919956409192;0.6963248331887255;0.390857272631977
0.18707177970977873;0.07233984196335097;0.4410803091888075
0.32618197685994865;0.4572439953374232;0.8379858098364658
0.46314202435556695;0.8039220515663649;0.9492144908911807
0.90117040962158;0.006195333060574959;0.9763743033192614
0.7904508893623627;0.5400740759587376;0.017510376572293485
0.417064223172528;0.7556207395448745;0.8827805908677588
0.3625918709024726;0.4591132954225571;0.9539878539120515
0.6390436495394188;0.3871540046579228;0.9071240210249297
0.8394324986064764;0.4594867650695821;0.8636446825438164
0.5556634995827663;0.7080747449281978;0.9298444364471208
0.21359641273000163;0.6722027280006625;0.4834622438611915
0.9554949811796404;0.2261213273442365;0.9584180198377599
0.9513000608117643;0.86919963367509;0.3508594174030406
0.6342255221931707;0.8872500904358155;0.9221720850322197
0.373479953516323;0.8849819118649941;0.3922341740475178
0.21195953806422108;0.5753627668021515;0.8301267686464628
0.7934687154795124;0.4024671762316586;0.07527688509722563
0.6169377913007457;0.4778965204939464;0.4489064214824716
0.4049641046794942;0.8058789273877887;0.6109968432866929
0.03738272701488954;0.41276950282929203;0.6249935777979867
0.6805012088413388;0.902253784921051;0.6677586949619088
0.9792692805994431;0.6557683804061929;0.8970947802908199
0.9445119578639873;0.8766765992326814;0.21136365937165147
0.5365047416586218;0.37656354779680845;0.04983651227643682
0.8487903476690232;0.4080727598106255;0.18435955510185187
0.9183316632886398;0.8066472541658414;0.4802527585655816
0.4193418712206719;0.5145657944068033;0.8961683182469832
0.4977715602909861;0.06029646503997976;0.8107961762664301
0.44329229084907307;0.4208791776613774;0.871418444105674
0.3166445773360538;0.6309103537243623;0.9534072282491687
0.9884984558563027;0.8883817904007612;0.35625219254766727
0.2910832276728128;0.8044211430471343;0.8357694666958632
0.5482724589222508;0.4723451919045828;0.8922110806858529
0.0842022118889898;0.8928893252378365;0.08690042879855242
0.07048080553581793;0.4710804749656172;0.34292377222889503
0.08994660741054883;0.11251525522868588;0.6137522944713363
0.510606320649772;0.17425962229913639;0.7087972500036598
0.15156582883866632;0.3614468709908839;0.1639063724266825
0.14818697083808907;0.9314131504544413;0.13780877001131886
0.7202434416787267;0.4962113260387053;0.5185540771992186
0.20565245580230007;0.7133113427044939;0.22463281133242818
0.8748323656203143;0.8761990159055218;0.5435761811789758
0.6193887946219672;0.23536776035593276;0.5454996702264826
0.10848769509048917;0.3125418785356383;0.005206459216250958
0.46223095743856435;0.7987435432828187;0.37998044664091024
0.6593871487377277;0.5003707618336335;0.9518969233337179
0.8611636438873861;0.6418074144423181;0.14948794249173292
0.33511142939490435;0.7511842638578426;0.5086134028137177
0.20998195384334906;0.12566299337436304;0.09804348915800343
0.8646468332566289;0.8289208900901891;0.4283371565364418
0.515382133297414;0.7588718021182077;0.4446776647783689
0.9020228471664402;0.5343017671302948;0.32626758875295936
0.26958776604150037;0.9169613358667106;0.9642898778281911
0.7956207503043619;0.8871451988165966;0.027427037181562475
0.4017135180923398;0.10442462788514606;0.024376597043592074
0.9697108920304418;0.024748535811634498;0.6352832182003938
0.3557971039991378;0.2830806540035832;0.277206889013217
0.8980403912823458;0.18338532758321535;0.6949781687853263
0.0646036535907768;0.07970125361497493;0.3647110598419059
0.17255885749368638;0.22002851883513896;0.417862953582113
0.1749718929921802;0.3825193041112085;0.02172074627124998
0.35939201260883824;0.018113695923604678;0.855925944308287
0.5850549247278112;0.75457984558984;0.9667415407384382
0.6927096318876931;0.9762050456443293;0.19744677950207934
0.03758171183886816;0.6138952652721614;0.3783521547151978
0.48622133442876503;0.7588317264680374;0.6358234527975416
0.29855943917061745;0.31343493065762673;0.14740637020082514
0.3308569241573841;0.7673238664597266;0.3867814301659591
0.6056909051417804;0.20969728094239304;0.7419120506650001
0.9883401889349005;0.3090204403333833;0.5730452830861189
0.6681349058027275;0.6596145076339932;0.9172723768971451
0.22644663418932054;0.4271240404378913;0.7923990003313954
0.2666958936621924;0.8410997383000811;0.6118547638401459
0.186894542872014;0.9098782745469544;0.9767379539182655
0.5882852610173429;0.24978844174457138;0.9241853161907181
0.37308929843748617;0.23012780430160262;0.4257915153262336
0.13181461400909067;0.10945427812075892;0.9283455734990671
0.15820394947707184;0.9742531498700999;0.9093988569887331
0.1806577889201718;0.11848559264146485;0.7041156337226171
0.9831449517193978;0.7503951506579772;0.1221306797102214
0.07486736730698051;0.5988650166533438;0.23237715999034525
0.7211036227576711;0.2781351412296533;0.9142644674671077
0.18718562972609798;0.6303982698174971;0.7284724975012092
0.6086517133296702;0.20655832860059398;0.3570655534434227
0.8875804159681071;0.7892873513620777;0.015549804943181922
0.07496012538320673;0.5168742075854283;0.7426094154735371
0.4975189146807758;0.06322195763216665;0.9901393843005077
0.20415039900421916;0.9693670681741722;0.808066841582484
0.5212123590929374;0.9599643812553376;0.17392015411141648
0.285898856915066;0.2556615179646934;0.890049216766799
0.7296767682634652;0.2923085765887642;0.6197273511754056
0.36022358031587154;0.5101954416728544;0.6255752862180384
0.9633343029978287;0.8514104399830432;0.30816681144597935
0.8179827847839691;0.14071397161602717;0.3219566087359499
0.6368865733210325;0.5116423149810525;0.40177866151645547
0.5637851832123657;0.18038169477590704;0.32535696867248176
0.7235084565736493;0.5142631148601157;0.08426929727231025
0.042738218860185806;0.4346905052218777;0.3699404884623184
0.7030599073202869;0.6975431781627088;0.6475684849637435
0.5720637181237447;0.35328886536542814;0.33619044054885017
0.21976591505655263;0.1525353410895045;0.46088704356452104
0.11081220534461866;0.7958120693069656;0.6059893752378628
0.3606386861277108;0.03806055221741045;0.8772518590816308
0.6978559309444338;0.8126858573719252;0.16153243074853807
0.3783776051773501;0.6944831605149254;0.6215005589746074
0.012118010607587881;0.5486727066272018;0.5079415753452345
0.9113034553676533;0.8948589309055808;0.9070149687783947
0.5998909141951294;0.12459451607265182;0.961013681771506
0.6975989665663934;0.12125116185105489;0.9443523442281618
0.5733609797238363;0.2787778403339448;0.8547524006368974
0.8662813881601262;0.8561440480498732;0.2668462047627421
0.02010466679340328;0.7088801756533771;0.5884605190384423
0.6510022347199285;0.5085649072842956;0.7746713919087207
0.04923408901116755;0.2704646004960808;0.24304205946241098
0.1960236210090026;0.08863051351192486;0.7359565932245745
0.4441010582033794;0.08792632619923524;0.6538884878748894
0.3241965874349706;0.5961119002055143;0.47827108982753985
0.8873968606439547;0.22536970064879647;0.9050233859145012
0.8807804578333552;0.03362877258272701;0.13136163924606892
0.5686922392272954;0.8641466561250647;0.6564042787846117
0.2545769383200924;0.2683457674225681;0.5772560145409421
0.3436395752323942;0.39061422004190705;0.19235242037883538
0.23011727728488374;0.6302560650463617;0.9776129890399607
0.4356203280778973;0.9704269813949955;0.7212611769874607
0.567872644307742;0.4052967602216989;0.7630671054342094
0.48586459135123805;0.9962201453155145;0.08980487813749705
0.8610013393523295;0.5762815821566127;0.032112400649093154
0.6282825973670781;0.6779455647418188;0.17049770468789294
0.31502483358248;0.5148978418883574;0.06482134383991722
0.8194300971438474;0.21855782170499982;0.777438560245248
0.9511656380098088;0.5947914454910243;0.30886208636834656
0.7986687707682744;0.778987193596074;0.16770042733448964
0.3856330180513323;0.04377054230673205;0.31110377234721465
0.8181702942282113;0.7164711559771069;0.11546731130382126
0.07595480393086673;0.5888808410257278;0.8358284729353991
0.8511804367403479;0.6849767116531903;0.5925161158786844
0.5027755334977416;0.45344286070818773;0.3819455650605821
0.5076706500676933;0.6627833264495573;0.7441918266124137
0.9228117872493342;0.1369649330815823;0.5060662622241352
0.05372388698756547;0.017658332468471483;0.187162711048388
0.8574312103588113;0.09994270595710186;0.99317769279215
0.5479737822580063;0.32715389203044776;0.9711063666952933
0.14854279247789648;0.7218324640334318;0.17887224580485284
0.829332237408668;0.2947324238706064;0.2299616646787317
0.6500807830099349;0.2798697493960023;0.7422572906796154
0.9234778373916284;0.07257948768876288;0.5076499014913703
0.9902496558089716;0.6814385656089973;0.8391143487886376
0.9363530201233797;0.733370054049353;0.4309301187784522
0.8570028750615505;0.5761307082757533;0.7107958187801072
0.8414254308441786;0.21192300358000882;0.555358896413738
0.3562442399471656;0.8215938483702244;0.35557184051652513
0.07927146061661194;0.08095687906131799;0.2883562270579465
0.22062212793087255;0.08744664469372831;0.1364798091280206
0.26204652151147323;0.19572531326951959;0.7645962406450115
0.8995473731923056;0.8450396368236253;0.25105874499680203
0.40275457769928735;0.32589670652556435;0.5994181231901293
0.5697722990257764;0.1572906414625147;0.02669871092125664
0.8099501576820584;0.6431343936187065;0.6867694121974757
0.8051565553773489;0.7400798111196878;0.9518501695080258
0.17884023357707957;0.030340610779890365;0.49810695216068246
0.33016025551740946;0.4991466012909741;0.7974109910850544
0.11286478706234115;0.9794814859622564;0.6993686250660411
0.46194566297024686;0.033681512928209756;0.034115282625511334
0.5440046853153861;0.2523443327780509;0.4187020641972965
0.6208117489364063;0.8959212020731617;0.692262418648248
0.18516800105253028;0.6287520938562347;0.4544939136153746
0.0504971932399505;0.4030534015301922;0.34975383136442395
0.2111444939014493;0.08444263821914644;0.5010403755443443
0.7691411866556335;0.7359276925541367;0.9849130960664515
0.3369358015402907;0.8689945102013032;0.059744553088831975
0.1550293455169659;0.08622705186442559;0.17834108984908426
0.3425340988141561;0.8946528342568343;0.11319945136720877
0.5559946075100259;0.29464384007082867;0.5149735086305763
0.9312044104123923;0.9528011739400433;0.6759110516830971
0.22356356671528488;0.5369744705937861;0.789478012157201
0.0959201224994155;0.8716197909943204;0.577991686003341
0.17823289707783307;0.24528131873579406;0.5294913213110304
0.4606566413522454;0.6758711345900043;0.5228093743114922
0.15403964712862728;0.03553609488813403;0.13229053111667033
0.1322972419911561;0.6455576946533059;0.3119681938615757
0.1579031004887519;0.581168251274132;0.2735544199061174
0.5167840636943699;0.38445718865699097;0.8633149886957411
0.1789007530088308;0.035864049445453516;0.4442416263876984
0.9900311653117204;0.439362223338547;0.8437219602261694
0.31661589030135895;0.9017486237760404;0.5522876002567507
0.5941680773224962;0.8242151940926522;0.7549209721770198
0.7500221429398736;0.753235134316154;0.3160176589381666
0.006238238278350683;0.8203970312871672;0.17087229104286006
0.9792669607356178;0.5168249394279782;0.2596053127656892
0.4781915470999609;0.4316152536242903;0.5268199259117624
0.7607814984348445;0.5021846278601888;0.7652549181721102
0.7430822387729268;0.03307700216439302;0.7066039790219196
0.9370993699997686;0.1798042229484419;0.5719237710393911
0.6298758683899759;0.5389971845147613;0.43788820597314926
0.0008859783534298504;0.37935096668964385;0.3604956948503738
0.6991496341673639;0.9890656896193702;0.34953290573402374
0.05367298708450352;0.4955536077590583;0.9543758015959772
0.7284871232407355;0.037390149433732534;0.983243936576543
0.3796167493072766;0.8512631666558826;0.9307041689440693
0.9354074268769234;0.8263373163618289;0.6330393455794414
0.7066947369551451;0.1139696084284022;0.5048775814049424
0.9568698382990845;0.4561796542922333;0.3774278328605766
0.713168511313019;0.16305753497010844;0.9829342900691792
0.8183816543335997;0.5195123937145483;0.942359080542483
0.293792279602321;0.7125411073097763;0.6472829230391309
0.6378419181888616;0.14097024527452073;0.2974919466989955
0.21767777863384408;0.10555415057686102;0.288978327741651
0.5425105191222429;0.30709652985028113;0.14705190596547468
0.7008563683985358;0.6353365033560888;0.22177249525129583
0.8747461207085074;0.8240428674010695;0.25997728653737884
0.8568855844807228;0.8863366392355913;0.22651721661415847
0.7372572893696904;0.4180698428047652;0.806656880283825
0.6157743162515622;0.25345710811134037;0.9262058703449533
0.8033941570707863;0.9969397689017558;0.27053298203123144
0.17262601379505604;0.9963211909529165;0.6682575748087536
0.7636611540519435;0.18400780840336528;0.5441644867691974
0.38946086482999664;0.0042295114882668905;0.7844107721116232
0.5691975673401917;0.7128086237190514;0.1562686372960832
0.6266181198804225;0.5294940620576704;0.1632680305251385
0.02863770787265163;0.5722168770669126;0.5800117868052191
0.9139556891906545;0.114975644160769;0.2529717207912332
0.8252197202466464;0.038382593143914234;0.26254869340295806
0.35069922834778255;0.71905878453025;0.19165091341885276
0.14218121176311982;0.26567339398192036;0.057656120622411766
0.9784171714904193;0.6536093371194049;0.5050715671787409
0.6042094256876497;0.9411499968106873;0.5222589069472754
0.8830825099713248;0.001359335440393794;0.307061894459828
0.08372590089844723;0.2804503013851346;0.4299000493769416
0.6453400902803307;0.01339871451146979;0.7652409294883762
0.9035063925877201;0.04925372624897495;0.11242507717202332
0.7905904265502378;0.24974472262532443;0.15876719349614865
0.39595350217424974;0.9580344979661487;0.35861842913775877
0.06896436028339259;0.6979004672010388;0.6347389485809849
0.20523934757066153;0.17202912505134094;0.6976678196519744
0.21948656868656335;0.48549803412561887;0.6433094287972059
0.8389646172859074;0.18087594215889014;0.021404470430874012
0.15448695599530982;0.04452140288762285;0.3486788416050002
0.6738292198928587;0.5775278540345318;0.5952746543439577
0.7035959681452684;0.41010750136294005;0.12588613984301167
0.49760076999905634;0.9493764151128691;0.2581804549500636
0.026551561246630717;0.8907491248997441;0.7194639943860336
0.1839609406062711;0.3783185230281746;0.47283388564495765
0.9509899725843641;0.1385887078404925;0.6150260390528524
0.38811861441170936;0.8214118420738015;0.2163752962238762
0.24604015777408406;0.32733276975779657;0.6740626606983151
0.7608916178543783;0.9881617266726772;0.12962965191519427
0.886372445246495;0.23670992897782028;0.7214978452042958
0.6473962388615657;0.6757419696836473;0.20636724974665044
0.7380492995044732;0.9015690572705376;0.47044505990441876
0.547479907120833;0.22622790704728846;0.17901086834782565
0.7211938140182774;0.47167828527395694;0.8308587688612669
0.5523884238497038;0.516434237533737;0.495114421749842
0.6041905504832689;0.9681204413986741;0.8954092411887733
0.7107194396579422;0.7938598305909041;0.06952884854034347
0.896771458251386;0.6892052283942434;0.7694654756059119
0.9789804575999086;0.5757374965832056;0.12956754852256736
0.21384112294473367;0.6844372958235834;0.38010208517392796
0.6620124083491247;0.0011431122732010746;0.06343061232214631
0.3633900864113806;0.6108127892670838;0.5696810571164944
0.9352148928193075;0.6401209855330721;0.11800826969955247
0.5473252280640302;0.7470104851588049;0.20180804787842133
0.48953813841800986;0.9076585591821148;0.7108617648231108
0.8811938072943373;0.9358409024447266;0.36656828445851153
0.07037438175160893;0.033350353101671115;0.1471462607194196
0.15293492284588284;0.44904909462657694;0.40207618079935403
0.5534279459361636;0.6452557184398933;0.29870718730542
0.6760317286076843;0.22783191665830027;0.7732092384073701
0.8948887255026304;0.9259057757913296;0.9610530263866599
0.8016164864209164;0.5403915851483394;0.5363248335547304
0.7411261243510149;0.27526627506232826;0.27236196254246703
0.4947081152066829;0.1899527436124443;0.5049133096752256
0.15278179211139298;0.5780367241051972;0.09057551266463915
0.652347352608526;0.47832814508279564;0.017576205129070765
0.308538367095214;0.037111812107634146;0.3194059575181284
0.05339187635577214;0.3223611047307471;0.09471509057125904
0.2514785610281707;0.17153533647811603;0.4975495777715674
0.0930174479296445;0.9968468643422697;0.24217540925265835
0.7322764227043745;0.9766267463275727;0.5123195298249935
0.8363728219147493;0.49694762816487215;0.8827686589328242
0.24443803664425368;0.4418058280884398;0.8135646487040015
0.6766510812270952;0.4180458100787079;0.9407432834088482
0.32197717760353006;0.22195710931717139;0.8753195162325328
0.12989868723737952;0.11041614282106416;0.638516174047087
0.8453740576122728;0.9996824927618628;0.22462972998706643
0.9338643009604876;0.1343004808811854;0.735332885555548
0.09137157239571236;0.9176426756988364;0.03727525743824611
0.21295354281426926;0.4030819604519854;0.6952132217123458
0.7060199022132366;0.10459220484150311;0.864365808319757
0.9464741157814036;0.4761300562131552;0.1176569100996554
0.5827295015263619;0.7171022142988913;0.37011975234635397
0.16064439785267137;0.8875578656815206;0.5347008285401782
0.1787637694913664;0.5838923018509113;0.814141032152509
0.4342698787468855;0.8963492305395144;0.3347424488923645
0.46889064740846753;0.6407048015877703;0.8382992695444071
0.9759776131408716;0.47050654449262475;0.4023590877542572
0.7440683122430476;0.36148642658508323;0.5678829967437962
0.43453365765178287;0.836874289657358;0.9970229634075539
0.8554459700547867;0.5594537694486419;0.6940773875040495
0.7821241649408884;0.013497488952284642;0.7642013263622536
0.041887489968948755;0.31804196535691165;0.9539226956952845
0.5297802913846729;0.029998350087687142;0.9977337751170413
0.5578586865215566;0.15318801175475039;0.29078178401006793
0.9765871210855502;0.3338073946051199;0.40333678019923813
0.735549265296808;0.3349122716611126;0.020630719674838538
0.6210458088090872;0.8064675390444267;0.6534881928829371
0.4627361184109672;0.6921553373904343;0.7416167416383906
0.8815868679483093;0.7016843129568597;0.021900248154950286
0.23720332871842897;0.09921646955681651;0.22608358643958237
0.6592890562427209;0.4304327949308757;0.1639305612279669
0.4661536521891493;0.06570792872246667;0.8150833293063914
0.7848987787738818;0.9722421922039791;0.5819834627577208
0.02044493783472867;0.37857195974768243;0.07608247230434595
0.28356008819701717;0.48346289655781716;0.5243155662325414
0.4491501428093425;0.9288616998631801;0.3325342368142067
0.9772167374124633;0.9892483665708609;0.24432161111126172
0.4843274401020232;0.8405195396021995;0.3421084492787855
0.9528533396609867;0.8433888245704054;0.731744225314536
0.1792659172209251;0.6322634820195715;0.24468620563315469
0.8935200779057402;0.4114945913065027;0.985942053788416
0.7739029410598893;0.2942088836137364;0.16948218907797308
0.46606171716416844;0.30523721535911097;0.1314520938161734
0.8080278934821786;0.12646028429017353;0.3983706789752114
0.7392415773468114;0.7009880892862536;0.8124958130233971
0.9071299452343747;0.42327753761638187;0.6823915714761037
0.11022055552918963;0.13335753000836237;0.8347074330115464
0.31051899299693364;0.624204834752297;0.7647561098379553
0.6796149720768921;0.18960050430769682;0.46888138204129026
0.7429075241433952;0.938400187752055;0.49473015114827035
0.4496553142100289;0.8496565105375361;0.5141419591232275
0.3196882967658361;0.6031665236312808;0.3533836642812491
0.0711784310456045;0.7056541781568664;0.8865593021868501
0.6444235424559264;0.7738229206411192;0.9941663093368777
0.6774859497283615;0.5796880449774261;0.7945789274698954
0.16815029967846074;0.7069072607633589;0.7829190232800577
0.09349551371258735;0.5343778084503308;0.9547458064147444
0.21538046367704855;0.20393634836705388;0.5466546938378197
0.34153346793122763;0.9759990704810213;0.03687834802632339
0.6085172807880727;0.7054601782780388;0.9823588954575628
0.07673167324489505;0.9765415694576388;0.5423510261295599
0.5237075456790534;0.229086263342398;0.5701328715856059
0.6720905403577783;0.5492146233153167;0.9947319741216459
0.3871025479861462;0.04488824597543295;0.25247906290786304
0.49493136254431347;0.9032512909947089;0.7512299790378694
0.007376806326132468;0.7844593384778836;0.34008664889441664
0.1523258886218064;0.2764075444753209;0.9247026396335669
0.2144442169341949;0.1586614643913874;0.37204256588492646
0.788575983511175;0.053084743543868496;0.2180829679211238
0.6817617699481713;0.14001928509963346;0.5791626482999355
0.7697010912994544;0.15800741609587066;0.5251451760639997
0.5798496939214011;0.28193848186701753;0.25115964288538395
0.6947012241502895;0.08292095695615076;0.8258722107101227
0.3259431532376199;0.749072299562281;0.8901326667647991
0.36651389068862894;0.07455181975029568;0.20155423462365707
0.5765359820024193;0.5264062008357303;0.92569763696465
0.15731140398731014;0.893904468585354;0.323158713427137
0.11013682138559588;0.8682874380194787;0.3287663043622755
0.36184315009474777;0.061925190750468206;0.5940630392337357
0.16801464469914895;0.8783259346848029;0.8519374634535029
0.29352612215086615;0.05534909871272675;0.26643012541400546
0.2354811232634736;0.8220296408914285;0.6847551476734396
0.5859381708757134;0.34361896348108867;0.4744549375580217
0.04437392114103944;0.9471709104115177;0.4692837664067351
0.47371337862569785;0.8735383045181192;0.2899685695737727
0.21042886327294985;0.14140904934405796;0.7056445495310074
0.5674177340530222;0.7126436760161319;0.5335607618768503
0.5861680935324476;0.7321857697842359;0.3739516921064657
0.9174323534404035;0.5549769710603769;0.14209352459626667
0.36333885658005294;0.5422245605662208;0.9742909263779235
0.006993370928081055;0.2969723023227283;0.6838139658051505
0.7507500387285481;0.1135485845707892;0.578585282426382
0.3398637524492967;0.5361003769680001;0.15757512463081935
0.3706466913049341;0.4112761304406666;0.08112234425534937
0.7825953163346939;0.2033729881621601;0.40085516845249936
0.4308472804751592;0.9361296365101875;0.03078802518251378
0.8302047283980796;0.8469990638120993;0.11382423038954481
0.5876083406238963;0.3139145563796376;0.02808539597823556
0.6138724805038497;0.4512529584888405;0.7650089074079481
0.9355994899120331;0.5481608104820133;0.6835635759799101
0.5096767646985088;0.8067398589779247;0.5818882040843721
0.3356156308101882;0.12254227607802737;0.4025578086996279
0.848911431467492;0.4655567720665036;0.852461753646113
0.7622242299482911;0.6850650645573316;0.8256746837275408
0.5383461143130275;0.5346981738185824;0.2603007857017672
0.831316793874604;0.5066589303639333;0.7095309491242384
0.33965526885281117;0.8050466740393978;0.582753003334155
0.6252434583771506;0.6635586108620158;0.8136858342765527
0.3909584969903971;0.644598728038142;0.76236130391234
0.4012123958818389;0.7335143297431148;0.9147341072478167
0.5131541118908581;0.4909223772469329;0.23551089736618347
0.6845631643949246;0.45269618078562257;0.5846159739478468
0.21652287729920638;0.013389065350190132;0.11446431550342817
0.1612383223599586;0.5252807433771259;0.2643807026597039
0.9274359171461095;0.0815636408558249;0.5906246400318936
0.7853579122998336;0.7113966714652207;0.14790344723533644
0.19103203111037348;0.9137808355137566;0.10656816012316384
0.6131216281802634;0.9409503440513393;0.5139993571182886
0.14647153145011094;0.34100521164029063;0.3221926187975934
0.9474732874098616;0.3313939976277074;0.057993176089499054
0.8958048598578355;0.6875164294554352;0.13501674334078673
0.19200613960491342;0.6104736513539171;0.12544364716661838
0.22955100972207698;0.8419776099124099;0.5160702405874594
0.41072397808418837;0.5872435073888826;0.16886303519513501
0.11830027560809131;0.8024695880860968;0.14563901269001178
0.20367958635916772;0.27478930336366014;0.7142455700962517
0.9139971972220193;0.2749596909398675;0.3961959736860633
0.4003277288560255;0.04708686624401914;0.3974808862918927
0.6318668527401569;0.04580479119061298;0.5303471434177758
0.014912240354436945;0.5534834940984495;0.5109454063945126
0.6894826203934799;0.7601996265796939;0.23367137881662436
0.17954938313500002;0.7759038286771637;0.8077992360595545
0.6087438476703282;0.9356278815845432;0.9316263994638302
0.3275726097217624;0.9289401239771831;0.42708764373187413
0.8825685098685837;0.9268634563810623;0.0015495029700817176
0.2549144197019253;0.5641557586173701;0.8078189798707006
0.0855703925438338;0.4808026193516639;0.8721850533014122
0.2296387188992165;0.016255379550894844;0.19780423384547785
0.7524003844772802;0.40143850355749744;0.010672687057640351
0.2780589363475372;0.30028570573747637;0.8268738402913576
0.0851664767937137;0.9173968950325792;0.44508544605953226
0.2961367787711967;0.10285545731966994;0.17348274431468613
0.537096117708908;0.2882745599829629;0.6905236880172853
0.08377584142215189;0.5269349153513948;0.40896434943063864
0.9057270017646188;0.495390914149619;0.9042536812463563
0.6072379513128812;0.5098001626474395;0.9738088614081206
0.24639090631014438;0.367989413796902;0.7513001253720547
0.8469896295844066;0.8662468734847357;0.7973402277889862
0.5371514136836666;0.25378198327476975;0.7427806649808195
0.7146419024510878;0.9017839680719049;0.6546973547807791
0.6555854880265845;0.10169147765309161;0.3830915398089406
0.4196955028478515;0.28605884999385256;0.45338551426560203
0.016732330875404156;0.9543452213066109;0.8158451141033787
0.9050381279547844;0.6977733769381148;0.5664347100952262
0.3095877308666244;0.1501235046793662;0.8101560984691099
0.5718139323287;0.8223533313537097;0.5473417860807542
0.3836947671762413;0.5629357195561133;0.22072439548097977
0.9688938515443147;0.644603301777225;0.550793138990135
0.8618242473316989;0.535517029019878;0.9922662142795323
0.15082198504945943;0.47861625476812086;0.9387773591179077
0.2475405882064715;0.8308787710874002;0.9705471614132813
0.7129584244698142;0.37330209225591104;0.3252733186624026
0.855162043212822;0.4893646897121682;0.027218172915238203
0.3476887380161191;0.7069802448650583;0.2503497622773986
0.8029719011781938;0.15821201611391122;0.24414248382124726
0.32586641540058936;0.009642550647227743;0.44020576538111955
0.7038899713926516;0.4160665157353034;0.3055119756578901
0.13689362753174283;0.016893939950010872;0.25184151638886
0.23944139205553072;0.7936927269756973;0.36064719707820314
0.7116374124856293;0.7270487611024061;0.48659667028509723
0.1529821753133318;0.8281882412883884;0.8766243337481108
0.45818795480231855;0.5882896129535394;0.9421692426306538
0.5446472253158869;0.5485072118065817;0.8678654526894996
0.9908000797816189;0.6717819784263008;0.4014826227770997
0.7500030424660812;0.9940696242232494;0.6948103604600082
0.9437503421297383;0.6685222623447058;0.1609966781622374
0.8725323140010639;0.9911836798625727;0.7223803906906309
0.7823376357829475;0.614440902538825;0.12789322255275615
0.47582528619024755;0.6787902159548301;0.9289827451689991
0.11265209043125857;0.22504749135871105;0.6980514740908482
0.042823047837106665;0.11894355728019712;0.7171507069435481
0.24239129393015135;0.9258718325914768;0.21895031873552973
0.4007041736495697;0.5553230652070744;0.956051422920039
0.21398202355303952;0.9440854607723654;0.5394034843058563
0.9016881862236059;0.5517342363995483;0.0805984223213062
0.3343661025304481;0.7923334324092826;0.159083577417939
0.17764808184646463;0.8748182589122281;0.0691157105612702
0.4439208386323482;0.8243452747690184;0.7834849628648642
0.5064753467983307;0.5493520021027984;0.24207640462941749
0.16186579042195637;0.8135746818895186;0.8107647769162482
0.9991185456543212;0.1535558308982532;0.6509733255999692
0.9824197071418193;0.3021242813108652;0.21896002088188693
0.21010026570745755;0.799071469115287;0.061324645244756115
0.4459776636909091;0.09616131161252406;0.5172685273015145
0.817376618972965;0.601376195848477;0.8307231454379678
0.12041357999683622;0.15848898192398342;0.11113892177376894
0.1583019690817985;0.031092092917006764;0.5848256820199995
0.4750009159241606;0.45319263981749436;0.3595036279250664
0.40899936236633105;0.8624855715239462;0.43092291326733567
0.5963042140713601;0.7204987917707435;0.0026571195814583115
0.25403082985193115;0.14086417424346087;0.36089671206419416
0.2645304727457055;0.3411717479896279;0.760501589316874
0.3850422551013031;0.2854225443885;0.252314907328252
0.7833226650351098;0.18001856812921901;0.659035467104021
0.2710656138928631;0.7516063157081322;0.7944392351771361
0.5755797887665981;0.15415550653453025;0.25805629124455365
0.950777302186489;0.5800596985327325;0.7782604519582851
0.3246624431958808;0.40639187687791256;0.8184527190534231
0.23463897743579898;0.1772712208539703;0.33273117615859105
0.039313016673659495;0.975082750465956;0.19987023597559317
0.03204392949080337;0.6094786359300233;0.027913424482674754
0.7727945617648934;0.08799993798205197;0.9384243423469215
0.8351139302150159;0.8646161801211869;0.6937936041680761
0.9333216642141335;0.3112493991859996;0.8931716546721926
0.003845431363639684;0.6539722780454538;0.11998510967739429
0.8502165805192196;0.22932973433475146;0.07206590529033885
0.5120137789443614;0.7631974037267761;0.5403637322990998
0.11701761771014718;0.4938179919662693;0.38416402210634126
0.5718935164182976;0.20117840623316474;0.013109605549577408
0.44800695010381175;0.6925476802406424;0.5234965775170364
0.4904137876984145;0.3211565720843387;0.5110167359294646
0.23816456112538464;0.67498685061274;0.27186112603715673
0.41425753605177296;0.4035746181743819;0.519403403915322
0.07336006472380174;0.7657440434575574;0.17360772577112582
0.6599980482216109;0.0625708917453921;0.6328621043206322
0.7167017094324034;0.7355011926558016;0.36110647889692427
0.9878161996791662;0.9585813537283987;0.888414680814372
0.011335824272640127;0.6728051848322777;0.30650383682810933
0.22298379269069768;0.7321027282142352;0.4416531055171028
0.00897420842780794;0.2941507874532141;0.8067919102703869
0.29720770296860277;0.2071427995430679;0.13672216151929928
0.5023269378378176;0.6228744142613996;0.06957232953455617
0.1971125803988778;0.918920451342897;0.8035394904049222
0.3917305249301938;0.9389001210800687;0.18657810041982525
0.2419918256508533;0.9450176151372808;0.6308601280249507
0.2160083364312808;0.9978612156187623;0.2112987782536221
0.8794479524065926;0.1905925228292633;0.9535200325002829
0.6810648004126043;0.6420521473648665;0.3965503272442006
0.793350750319936;0.6765926293952097;0.1674697720239453
0.41953345673621234;0.6799166485247103;0.34524144476491947
0.4444569244679788;0.7729281881596165;0.6455266874979833
0.12646771673785762;0.4091883653999492;0.9717247727825963
0.06505742536221926;0.2265266719892386;0.4568002707650267
0.5773617733481192;0.3832097975307224;0.5156255574215524
0.35398486506141724;0.8347948216027657;0.9599570619063874
0.16529692220307046;0.07152597276576933;0.9568089314507786
0.6432606292726656;0.30633895843034464;0.6169427651592025
0.33163880751735986;0.0875937658743351;0.5783042152798121
0.9305773345254692;0.8922514993005324;0.5677559293230746
0.8845082982573186;0.5263088555297772;0.7344606425158835
0.008845672091161494;0.6170754697199949;0.8444630296057147
0.6195933418048643;0.4855301963148012;0.2073037493255684
0.16854362821743019;0.02289192866964551;0.9345000724834625
0.6261871231662943;0.8259073580910218;0.29954722170242043
0.8625541086785936;0.5660454439939573;0.3616257545788214
0.24556777827023302;0.6606731104526083;0.4821116782657999
0.8969428924231567;0.14993632814286773;0.2997338489656898
0.8292507625845437;0.8016203868431374;0.7568439636913641
0.8787034549572912;0.8406888033687042;0.23333855452834373
0.28093286607618406;0.018138656187268953;0.10273487596650721
0.11331421804538266;0.2737613608657078;0.4538530638628001
0.24313660243320656;0.3836306765810189;0.5566757311649934
0.37194677429313994;0.3369058447290544;0.9792224102013819
0.2771968775722058;0.9380024790398794;0.7516061113696036
0.501299666076413;0.5829664264433995;0.1641777319032388
0.07949454747159845;0.965266909270963;0.8619315881053663
0.34371526056244195;0.5205193712293879;0.2502220668322359
0.25672918243134957;0.5049261241917472;0.015644378450153096
0.06299036744717412;0.039425602849744945;0.19060088421067323
0.6569350704770583;0.2436388032394482;0.5554783935719307
0.474104681276198;0.9717010476410104;0.27424579137035987
0.978819399060708;0.003126121321397446;0.07591745741115397
0.23186818642043439;0.5311711630379562;0.5012021766125432
0.641271319747234;0.43077967875424994;0.4082617445329835
0.08738771911892584;0.555703269494676;0.7168396323927637
0.1511636943130753;0.45189268528137794;0.6614618019327662
0.19503094956694556;0.5108393758894298;0.9546893958620674
0.9345204771719282;0.5348119168605499;0.45288284646114796
0.3801523309281907;0.9805182127277005;0.43712168890642833
0.7958087581642477;0.10148775482249428;0.8894587712389395
0.48382142387290905;0.12304927720125602;0.3018279414761934
0.9596794596920746;0.9757838225038108;0.035522440620343376
0.5317409819432315;0.15540543312501776;0.8328030459339454
0.579553337628232;0.8910277018789625;0.2709067870696553
0.304997562337193;0.17221706334010434;0.85935432867903
0.7263500548271565;0.22249801366626143;0.1140858503127179
0.7208569332056677;0.5803155529265897;0.14619315260400312
0.5263506430550556;0.4204451018317029;0.6939229849990647
0.602831083727206;0.769879091019254;0.016289601724151836
0.10746365673004488;0.0415697648888409;0.4127285083470926
0.6640074574456057;0.7843860576843897;0.3142842298258455
0.2649297036960705;0.32474993201092484;0.7179696539758033
0.29491532943014576;0.11500075806164112;0.8120881738352869
0.6313547565399764;0.8786039633333412;0.8514648806785995
0.3280916274792819;0.5386941502027947;0.3629078824838625
0.12574163734159582;0.4814066625772495;0.3262518421391821
0.07352768953229805;0.18104333795212169;0.8074083672556331
0.5353074694830945;0.7775282045378362;0.22072778037315288
0.38024783155774733;0.870899323920948;0.639667897632308
0.9344474768424336;0.23423484514926773;0.0976105750570413
0.5080401296641961;0.670474415568094;0.09122210841310452
0.33218980712487023;0.24460101547209157;0.5715497086910036
0.7373544124502677;0.8246520480201148;0.06621781089024414
0.18711176096817972;0.438106524255775;0.03546757597764694
0.7778013073839938;0.9544509506541817;0.02756566027481533
0.12537429688464252;0.9229259331303878;0.869965883934325
0.1822102810380014;0.4468623338398944;0.6054444566541888
0.8441762320150579;0.8788800694098557;0.6173632951700053
0.3359500105390856;0.9619477308465296;0.8090043220877908
0.6857472728852095;0.8981160334054245;0.12856610533476187
0.3019623922913126;0.9832897550242987;0.9877688879979045
0.05439971213843631;0.3371647707268769;0.28601409950762857
0.17852146457748863;0.7082586473865713;0.10529559454763604
0.8415532599924569;0.4952049170266307;0.04628007071290463
0.464853514947583;0.6940863257805381;0.6416984666989756
0.5413189922238623;0.2408312150940648;0.39147647740255154
0.5965514925542063;0.6495876334501408;0.9293503484208121
0.8611390948530322;0.6727139585459526;0.4700026802117985
0.33196558318513625;0.5753575815452131;0.2984758331400833
0.40444453852632134;0.5156366094222263;0.1991349442976338
0.22911336880764455;0.3426432429608496;0.7407360750945425
0.6667865239691119;0.7349622794667429;0.2089119381172324
0.5628822297015915;0.6734422336019317;0.8219741601415145
0.5087542227980549;0.32355639650501233;0.3861188703503431
0.3018122772826608;0.6133536439622107;0.013773558248395656
0.03252092462092293;0.5267109827666164;0.8876653002383418
0.40249647594509574;0.8943010076901252;0.575992816390929
0.4384719230228489;0.35319360509763;0.18852195266108074
0.9538359389163589;0.9293018743648671;0.5528341569149262
0.9468139471989151;0.21795103062693688;0.8678124420630011
0.15546186930167827;0.5914031049781283;0.33821270467870457
0.3802770728272481;0.09246143134500573;0.5878593397060446
0.7731155390157743;0.4914118150208875;0.05004493012307143
0.7081880129536899;0.10411171666176255;0.5551644673568558
0.7353555608791923;0.08037262840138781;0.29662880170193207
0.8301315237192664;0.5263899084369407;0.8747677492191296
0.36676834362009836;0.3385404013391943;0.18343977050631566
0.9874172641766681;0.8158003986936612;0.8963001411300735
0.8280382946325355;0.7735579939091761;0.6413544631494935
0.600983650750914;0.028917089761753556;0.06439121997055186
0.6781056585650391;0.9290730799536204;0.7192888700361232
0.5585082837505172;0.29126918831343274;0.40537929396040684
0.3004581472900789;0.723881433991543;0.8487624336398424
0.7821568861613701;0.1909945711051908;0.2484131311140626
0.01594370026375458;0.6732213619220112;0.7809196305872668
0.041389860484234875;0.6186524615940341;0.9750919272970839
0.18866700040960416;0.017836813332323453;0.4299834623805454
0.6726390604856681;0.33057936744265926;0.5894472372590521
0.7604699623830495;0.6931539927335433;0.004106506504351959
0.4810849861185744;0.8064294116195476;0.7260922879908548
0.9643183324698396;0.34022075313781597;0.03243522257777132
0.8955123267538577;0.14252952709662892;0.5101561810620446
0.5682939234291932;0.31443625793335284;0.6190457538446631
0.13163176649845854;0.5364672463604825;0.7444962351408002
0.22708439730518748;0.08042389391330917;0.3922308457228606
0.5457823374112813;0.6598132148870091;0.8379133513664557
0.5566550102095196;0.2026920869973866;0.5911281847706215
0.14021064040507614;0.9873210977497788;0.5880545626044682
0.4179000778021409;0.3737904866872155;0.8219120157064633
0.8716759806922308;0.11513899300837249;0.9799439863624612
0.3909960699202274;0.8204452585010287;0.12178153097742883
0.10644894827899865;0.5137739030371985;0.8788986848591834
0.7016463199399919;0.8583605060452961;0.7270954206492096
0.014574673650859293;0.9994792238886805;0.8702481004755764
0.9092367490524852;0.08876903057363572;0.5570122692840184
0.41480960264336186;0.10459800787242235;0.5472310619490356
0.29498723387389425;0.37897750539152675;0.043367405546713034
0.35452237060733127;0.0278144949006357;0.2698388497609737
0.40578832001785403;0.7559997419915264;0.7915338562624756
0.58208123793584;0.12428265710619679;0.1468258735934702
0.7424406660763292;0.005805370589912706;0.6527779420133012
0.7014452401855051;0.06459523822738522;0.6302824381952004
0.19361068002729676;0.5281188118122431;0.9021610405137895
0.7449186192896552;0.7622635184264401;0.12807387461393815
0.2543175287675067;0.9414841979612236;0.4490781559174566
0.31806343128649595;0.7042779941416623;0.16215533126505177
0.5406438084095981;0.6400480814548681;0.2614908544589979
0.31165448319825073;0.059891828119406965;0.5783461327289935
0.2738535905458277;0.7371219744152493;0.8926433220994062
0.3474995159174826;0.3721502764811315;0.8571090528830572
0.9728169388599446;0.5507278189066362;0.8434133643466762
0.18101221075781082;0.12456698772446984;0.6926291800973077
0.2990040856773395;0.7228573154892063;0.1981543046631301
0.3661143727281386;0.9609566468414897;0.3849374605873048
0.11399471237750858;0.6907365333094484;0.1768168676915035
0.07541120693643444;0.20348512425474863;0.13724324917423059
0.13317143425203315;0.4062101663462524;0.20926705377569899
0.1058354708423741;0.29354970977841977;0.3734947017964627
0.5154866623615729;0.6547753572858291;0.16452740440045188
0.15149803853642185;0.6718861010177415;0.8342540353894782
0.1667592029773476;0.6187926238753922;0.49561294384825305
0.10036706185190936;0.7541904634156977;0.3376791877015951
0.678705358670299;0.3886574244834694;0.04233065035235606
0.6107704903452333;0.8019256925291028;0.35919051617394315
0.059941174686213516;0.602576809058011;0.11092047604631039
0.9386979035036913;0.34353362188349434;0.45396691394463207
0.14732632001149937;0.9228111302875411;0.5224381223806109
0.7286667397942539;0.05189543758123549;0.9487661917857285
0.35543240855036395;0.7148243971242005;0.9066748628923215
0.6283055194460715;0.37042281272189703;0.45949638966044337
0.0717652355338918;0.6571951201739841;0.9446117933071683
0.5095614400813057;0.9643541104387653;0.8776824240194948
0.05440011263731348;0.4767592979554811;0.6158224537248406
0.07002714685992528;0.001953658716131179;0.9603708205732046
0.6986735700602982;0.5276233993810093;0.48787673753595295
0.4224851663740916;0.008255717509002003;0.014938625073485867
0.805592606406596;0.38481850152492825;0.7301927945051699
0.7486202581349632;0.7872564004951442;0.2076200182406358
0.9745402641145793;0.29711262489629486;0.7835585257207556
0.7743105219893754;0.08210975115968977;0.7918325092875989
0.10999383048095479;0.4806812559254464;0.7526068340945435
0.36680085126792417;0.6730368920188333;0.8935332238441546
0.21748079894113848;0.9197819570902135;0.1264514757598021
0.25741719643625205;0.07656468606210942;0.4344210849038156
0.5025451743691101;0.8267571449102665;0.6195690337124408
0.5268401475857144;0.33288105217237884;0.02725426034014422
0.21760015015928125;0.9946959409151163;0.7958783175348381
0.12929561759212982;0.4224136583978685;0.5444400977924084
0.28610384939684574;0.24086097498138426;0.5776979913905846
0.5221082158668904;0.5883302047573228;0.31827751481422495
0.39462832814374116;0.5474452272570581;0.10170419062498826
0.744699116888779;0.40678105521492314;0.713539276079874
0.6975052299932633;0.3464952403126502;0.08117430266462389
0.9991898643353773;0.5559336339852412;0.8351351390498634
0.04835952728866122;0.2077190340389875;0.9787286121489969
0.9947549814246077;0.5176246409628582;0.9660909668828367
0.4768279233145438;0.38952624564750915;0.6144506044968289
0.9586810045830538;0.019810418628173232;0.8690800969348329
0.8753445656466188;0.13889498705526038;0.7712317626256646
0.14139765998813303;0.7933415380983754;0.6146691074549229
0.6511103182399977;0.6702419040852475;0.2014067401529872
0.30145420638211007;0.9078424610362626;0.5733383460851879
0.9256315782121876;0.049184707971862474;0.8840908716163555
0.35830468981952257;0.9164410316317301;0.41915689111146404
0.8187712075630733;0.6365710230510426;0.11000003355708277
0.5711364695456439;0.29080124880017644;0.10978424068668646
0.016979757827774833;0.8879082219570528;0.8590258189533913
0.359226961810845;0.16812166687629682;0.8571620751799941
0.7813989336963432;0.5649513963199183;0.8274843759672962
0.8001363211668089;0.6561936890743332;0.3379740218167292
0.43700484708306975;0.6639973326732778;0.9111901286875721
0.511404188955957;0.47566003191730455;0.37603566533063304
0.7242084336296886;0.6075376058152214;0.7106096287240034
0.43190198663923574;0.963427321295802;0.4351050019240944
0.2223776888412643;0.6993262160054412;0.5996416562401442
0.6325833145633746;0.9890384305450375;0.18211580152069518
0.6848611922085616;0.40908201211326645;0.05151948464859013
0.7811388150643171;0.9384665802188994;0.3994273674604071
0.34824065195250486;0.1441710628465409;0.3914805323160929
0.07172648388632652;0.41322114228342033;0.9795175827759313
0.27972848967360764;0.6384139346683502;0.8784500706034668
0.6247232344147592;0.032952874996102555;0.9981429004947402
0.49811717919170817;0.7459412133010809;0.6570413043599681
0.9294833178698853;0.9047725937375521;0.5319917219085405
0.5889552457851813;0.2677472922460693;0.3607433418313034
0.9904079993008991;0.20244560870759143;0.9301159540298891
0.111556170368451;0.1450310753652524;0.6273951721302314
0.896856421674456;0.7174159855069966;0.49534204884716815
0.7265678703206739;0.3836307387474496;0.31270709235896166
0.6792853958342004;0.190722954017141;0.36456568364840025
0.6578232916698378;0.2899974572146651;0.056386615657240235
0.5444354534766734;0.43535327433704885;0.40790576938441425
0.33963654453866976;0.8566560699829152;0.5223199570250703
0.11752637830001067;0.423448745016028;0.41436890852419184
0.732666650546889;0.40100360430242066;0.6921023924227373
0.14975573437213874;0.12410727203333427;0.6298671713968259
0.031356933147317245;0.00147163514499149;0.26341526040356
0.796596708856234;0.5392829191660004;0.8176150550927201
0.02426257567308976;0.63021440063068;0.02536888422636674
0.8631736753397303;0.3500581596510879;0.27881831424631087
0.9333450297259956;0.5284451972241608;0.3800846439264436
0.5211527721318595;0.15795508595265362;0.6010902470583667
0.014834906232076284;0.22070085102038395;0.6211864704461182
0.8303202693464503;0.5791494264140308;0.5329744811620449
0.1376594911304646;0.9143554217565191;0.3178376145996896
0.5447324235821437;0.5413697192177587;0.6157575676427336
0.9650322990410118;0.502026050173568;0.007077117668416122
0.49068607827339084;0.49647689927809857;0.4833507005505199
0.149531421377613;0.5647491335465853;0.25366486660209275
0.06503504063013155;0.7025230891839513;0.6349215284539207
0.7692908319698295;0.3285033741502883;0.6086817406698968
0.6082436953794105;0.7860071840640471;0.7952517319131863
0.5264962880295893;0.5168387747363319;0.20805522697277556
0.11718171108999997;0.63475126708976;0.7412653777214259
0.5697804427091732;0.7368390196285152;0.5608003957933706
0.6196145044099612;0.31588697946942323;0.734749297789008
0.45672546064923203;0.46807387216205487;0.4997405809501416
0.03326531980355285;0.06513667795670408;0.5307282901948321
0.8539904682643397;0.30147853299530025;0.6675313406285639
0.4867757481164864;0.24147982281305858;0.42279390823217233
0.8857267942391098;0.23325006817710703;0.18465373598617973
0.5064295304781379;0.45972367452756957;0.026168434565887022
0.8081046920009937;0.5660139974595731;0.7028105250474499
0.9023982564813958;0.47179292390972594;0.9686071775098272
0.7370506806114069;0.07796864443716467;0.10736400515508826
0.2922840950790313;0.6205548761317924;0.5550489577110326
0.27922551013269603;0.7438750271909976;0.6002829295984602
0.5018148213134541;0.0978404152295762;0.6933321810129498
0.24207373687091704;0.5065270977045917;0.9146597703416058
0.2459478675782879;0.31579105452165135;0.3207345488884815
0.18105580952787304;0.89825057804553;0.7834980978112183
0.35566276457941315;0.31830906052645924;0.4110037210456461
0.5742097195483776;0.44238199017486546;0.5151252594536921
0.673266924094082;0.692044712930709;0.4790120008245
0.6479128508978638;0.1688884371196585;0.4011268816126844
0.1692851344670967;0.04457028066844493;0.6428961643556563
0.24389655776647834;0.8197871566395046;0.4621269688487142
0.7866154798151036;0.07081112427275771;0.4000390006107025
0.5212963478655607;0.12789874441528093;0.9818828316326739
0.6926409806394063;0.747286321423693;0.8374962092031646
0.623269907223426;0.6211074547244491;0.8006369582336635
0.8763158680896047;0.9512442256381772;0.5382774679206969
0.6990982888912334;0.11395030673789386;0.2651060783881918
0.27311312224238116;0.8569743053631265;0.1431790416427855
0.8687250116220515;0.7344400870838227;0.6025016980571266
0.8002478887269754;0.19930334847464548;0.2944292191412562
0.6976611248993351;0.08054458138746468;0.23291791652131622
0.6864064271883723;0.18557630060062846;0.7011627556103446
0.15394289306010878;0.7224052296981512;0.11461574811006947
0.06704823552796357;0.8517183479486912;0.19339768574415006
0.6021425523235779;0.9598111883764759;0.421020758707492
0.5834906010407727;0.797169262726682;0.024246996300457124
0.7276002979925161;0.8677652553011762;0.3038207131314459
0.7939273616268293;0.5736137392302639;0.4455718870556725
0.7762198778337436;0.507332464106178;0.7203582165012269
0.06233586554061099;0.5821937977081086;0.28637276828208846
0.6640195357427694;0.7617638194061455;0.06309927239549706
0.2576701606325563;0.5919632335691412;0.037365887083496974
0.24069406150340722;0.8512759600350838;0.8308482639932326
0.19240704874030812;0.5764170535088956;0.6111381529831238
0.24763057108179987;0.025013106470102353;0.8362167933121505
0.2397501017153818;0.07206786872985438;0.35311150090978793
0.19499852703952947;0.7922266659855631;0.02094764212853706
0.8990956990890869;0.28200751076115693;0.2725819652344379
0.8118985780440275;0.31091830915972485;0.6150254512968395
0.3496141490314192;0.8333461019247599;0.16200361134337804
0.9220061188510883;0.9738399996627638;0.9502916003092695
0.06676801867718352;0.35812990412763857;0.9577614632135525
0.4466763484411084;0.6129123043787635;0.16653624232182596
0.4957897571812365;0.4049066384946033;0.09184016912071413
0.08492877779079133;0.1491057900897429;0.5497112893530287
0.05330892137847332;0.09482332242686509;0.9386320929124337
0.4213328591768323;0.47939852111942594;0.13648485777227193
0.648428164501059;0.881394058412014;0.195257390198587
0.23551396321094742;0.6615041012697213;0.8486547958357533
0.4309382718604995;0.243234406452014;0.5982965051429063
0.3470707158941977;0.08882251531063579;0.18049504157559104
0.7756508515285683;0.4126754858087819;0.8726894832914892
0.6274035625324929;0.6378335148258241;0.9555795908791672
0.8399867062827642;0.34982360232239273;0.8467736707880302
0.22714037063470582;0.2590653041112231;0.04244949402860565
0.29499992406090114;0.05943636234610783;0.09908317034058678
0.5620206064317493;0.8523020121924381;0.03083327860363816
0.4320910964675988;0.8527352943975188;0.4239761338966628
0.7345356349138842;0.9143875279230049;0.6262590680404128
0.9889027100287711;0.12908288306795124;0.7675496122031522
0.13786282893456892;0.6130500262614732;0.3516041647132908
0.46448713498519434;0.7175877802767594;0.9840367230792808
0.5700060802905854;0.1010241091101447;0.25143897008017024
0.16194548317360502;0.8210525085539183;0.5861820631798124
0.638057943322606;0.567622624395578;0.7252483480072254
0.4938748414628331;0.5296495291858917;0.5426615240510728
0.8193235855539762;0.22498615354738016;0.29546007068144076
0.3984058244372036;0.9180948824473097;0.8119528196649792
0.08802414428042948;0.9519436596509334;0.5425649427163258
0.12775605284597313;0.7952228917786208;0.45234701308754965
0.3079596560694057;0.5048551984569108;0.7943007243858693
0.14548608680744857;0.13786861050581156;0.4002268563611263
0.2160161413067726;0.9735784277488865;0.21118163804885048
0.21314328718378373;0.5685474936290597;0.5321552886428131
0.5337375327534419;0.5067579285136601;0.045806230587183694
0.8793833998217151;0.3228054101540888;0.7284166549342141
0.1710256329106169;0.10320038098504847;0.3529729002284714
0.9191831351375627;0.279636423782745;0.3749598108547212
0.6144967355302936;0.8876789367347845;0.3213747636047142
0.2625049167337088;0.02374245072811687;0.6147573029684826
0.4524511919252753;0.16385382868336373;0.9717570840855008
0.07744706989087002;0.6597354937708587;0.1339140922424702
0.987995304532942;0.5284942656771788;0.5557365754251411
0.12605650629278964;0.06184882471201736;0.27255185422581363
0.4365153364789468;0.08058262353374346;0.031393772183264446
0.5188442198210679;0.7662782791956575;0.10042493303708833
0.5656171854941515;0.24189470452920614;0.5728508361116592
0.6728803397881317;0.5916064431289185;0.5583313387078118
0.2820268567103126;0.6645497921138309;0.232951362149319
0.6908185394367823;0.4822442357163227;0.90557108943821
0.37912024826459867;0.7886169294164995;0.9864436218760828
0.6737766648953865;0.7345163903820312;0.13154671227574666
0.92680656363787;0.7762248986418399;0.37527861486866065
0.40458951274726973;0.451918476370452;0.13853592190735164
0.38923538127198276;0.9336291961067138;0.8180233967967709
0.38799063674951806;0.8992510811362686;0.9633310837627989
0.5113444614800258;0.9144563469839945;0.3339871368519599
0.7230181570723199;0.9177550948964588;0.5712254241851755
0.6260354365043919;0.41553996850972597;0.2909021718692604
0.03181236665623233;0.5102835485300206;0.15742899000602928
0.9445341023235588;0.7855567000279556;0.6393565319499444
0.15368364665315037;0.877773765518521;0.6850152819775095
0.8062831211827303;0.22260481627386897;0.8213004356074958
0.08182560509002246;0.970867800058331;0.1196069058215865
0.3842036746062367;0.3236656507430451;0.7001971794627454
0.16146961733884468;0.939741741568158;0.3471031869852734
0.21052732277740593;0.4900109024869087;0.5832205132676341
0.8210264916106883;0.06206283417109537;0.34633622133344877
0.7130460538560404;0.32371826522752767;0.11249351875429825
0.8758175757139295;0.24957899107692527;0.4417654603753869
0.6738671878341997;0.1446002737190878;0.5664830134201605
0.7512806510732165;0.8237323639133745;0.37755171091167716
0.29764364401201837;0.38871529640271185;0.9144822788956806
0.826133138676857;0.9819856131940502;0.3976506493226537
0.5576681822695585;0.1800585212488096;0.19674394346599677
0.5474547120962033;0.3595271853988319;0.4701803832450042
0.3934194131501232;0.6884135466815375;0.5127283427558036
0.41228010737625276;0.3185386355695714;0.3171713691605672
0.28543845166304416;0.8742692729236546;0.9173140198044399
0.36257595987417623;0.3669155509132931;0.6594481825031339
0.8854223588881641;0.6271923707337614;0.5789082463074104
0.488937735809407;0.4015002016444982;0.7981287960150129
0.1753228179518428;0.7615152689978514;0.7297293650516812
0.9003377606241295;0.2397401767425824;0.7845180324762724
0.46872070483839234;0.35103990462629153;0.4945371577956944
0.07841069010573776;0.2608051183240173;0.16580311019941962
0.2069523780661513;0.7449588009200264;0.8493292398903224
0.664758258229231;0.4356227338505617;0.9768597948153392
0.03069539234526808;0.4658248832800327;0.7689420830798263
0.2790161986604639;0.5682296271932573;0.9365378966769632
0.8780316736789073;0.4765303098917988;0.6206207992428745
0.3446096530907822;0.6475002789166947;0.19487978886055646
0.8587859548456561;0.5254028857382167;0.26784852118048097
0.8399146338957753;0.8325948400368692;0.75508722052628
0.30600751740022547;0.5673710718916013;0.5709432062921814
0.0722986211090515;0.312226776192147;0.6548580869383227
0.9174888771649959;0.26275260232839726;0.2955167341003584
0.1588814273719129;0.408040056032845;0.4544462803551741
0.4476746342627671;0.9032176316227459;0.7868142950890211
0.49094432907195085;0.8773323876909495;0.1461153374493821
0.6298183499972595;0.7980335028919447;0.49442964218856367
0.25323373849394215;0.5154640074516584;0.8356921531248289
0.4064495558639988;0.4783220982434754;0.5962731961413941
0.6630103841980752;0.30854815539408686;0.06574756517457625
0.5469862004899276;0.3601991733817581;0.8014114644397894
0.7077641019610916;0.14680713000055012;0.5389352936173074
0.5950187571072103;0.9527387584118148;0.741223264639938
0.7825745691286319;0.5024112936242352;0.21193238988463892
0.30485761231877617;0.08714972265875065;0.9234997384236143
0.7098433819853988;0.7289073066426264;0.8482191067450603
0.23691837142292327;0.28749708118580286;0.6651173679164428
0.6591951940348365;0.6782047399939397;0.3049536197337763
0.7850391146461319;0.48010759947268766;0.4652424289466117
0.62241475192331;0.35026893100724465;0.8572391133757409
0.8163427553267852;0.9520816340744813;0.10389120159669862
0.6974114539757833;0.6200366363984354;0.9706384797577574
0.3676992010566199;0.3018364091385999;0.3597211662556463
0.25119005150076423;0.9864198226090687;0.6234679304659035
0.057620889163071065;0.1536323054688602;0.2105877499376586
0.512163499233758;0.05080156516187029;0.9552280703659869
0.020779519887538234;0.8399711776011729;0.643940883252218
0.9495305023630403;0.9016525146995292;0.49643312097210635
0.9404327720880202;0.7315003834804505;0.28579998059055
0.5687023813426855;0.8369684261193817;0.1612246857000026
0.8328623730664487;0.007455220197867374;0.4566607709928906
0.8442453980845983;0.17941769790474826;0.6470196571925683
0.2636280915790573;0.9632632535146058;0.8731218962720768
0.37808059947713435;0.14685454774439066;0.7389229655340198
0.9473118912174541;0.7956905093474105;0.49361714422872105
0.5669200978611233;0.5163549922852825;0.14745924365421847
0.4410066209238679;0.16934492809965285;0.5331093173001625
0.2046456363470075;0.6670917350417667;0.7083913787290218
0.41872602557790195;0.7395947223880079;0.453729421623557
0.4932106382178857;0.7549918172453384;0.19298107906131723
0.789753961267461;0.03987777509902246;0.2325949099443836
0.9351296800946952;0.5636315679619639;0.7113711721080647
0.2595728333348275;0.8333494232811657;0.47099464154602166
0.1827797165184547;0.8431863578060046;0.32128861850080637
0.1751208569227446;0.5580215276376539;0.802857918856608
0.09066766016189931;0.009514561169402747;0.027143937469446877
0.6712463197801867;0.4773295617014398;0.4198745070407369
0.8786765248709512;0.23619362675394318;0.4357404749535153
0.5141745002464149;0.6207569567029595;0.09936791470006168
0.06755745440292793;0.8178384230093801;0.7411377534921606
0.13042955444860138;0.10505237310705318;0.5322755796347332
0.9687233439981511;0.10413113682253639;0.9581969116629981
0.3101890024053886;0.24733371858535447;0.8261229068898155
0.9851268373420408;0.9983944274107596;0.2620588192084664
0.1998737611077458;0.889845865161701;0.3552502375311586
0.6019616701013215;0.8517708272115851;0.8127360475595905
0.22360790704602607;0.9013004455528988;0.058654957949903164
0.29576584263124295;0.708367018490253;0.10207349226426465
0.9062407981746026;0.3365693314953645;0.6536551260872718
0.33552192937415415;0.429203070167989;0.8084162486903493
0.9570800515249007;0.18655361600432663;0.4477727801779481
0.8862652975738273;0.4553846292158713;0.4993092027740951
0.3919810415599767;0.9035941669261611;0.18506374358872923
0.11369427510822838;0.3647992978831063;0.5837384298602538
0.7168622897096456;0.5546455262184766;0.9772585652677718
0.598997012065191;0.04001596838921284;0.9627721788507047
0.3073875907854198;0.16720550659359557;0.3287487291172687
0.8639803275940572;0.1852876421268117;0.7677434348461276
0.2606570319233612;0.12758308458172762;0.02862446324433876
0.14517895668225322;0.5812152366002301;0.29256469082083536
0.12155994161872863;0.01632693883316627;0.9622691514322432
0.9440492947829081;0.5235940770563297;0.541708635098423
0.46488623197020584;0.9607101420501597;0.4075293193319447
0.37549253924811865;0.40147935227332665;0.557413836707234
0.09262187798810684;0.2828244322705208;0.18996691947328526
0.4431008249149553;0.24370756204227506;0.9307261014860728
0.8453571689111832;0.6794056240628442;0.3934577291795124
0.5276341516998444;0.7278133391762525;0.6156610039583479
0.7349819316996541;0.09376907274097568;0.8043658471336276
0.9992961413209276;0.22105363629357944;0.607439996014929
0.7175048788962283;0.260720707061191;0.3951687070643721
0.6024888832081906;0.8101776519556956;0.568995483486077
0.807547299337554;0.5357591319028385;0.883438232337145
0.4932731487090217;0.9670619347009985;0.6416874164787586
0.773186950840702;0.7396496994694568;0.2637347901517155
0.43097122359382367;0.10395254343143367;0.9618944028967659
0.37536608247740677;0.8681217482872998;0.09194370665066576
0.3935811401725787;0.7333058790770893;0.9964643473662155
0.7479378010739252;0.8754148137321358;0.788726883881697
0.338415119116273;0.46680638802336283;0.5118230832987496
0.008431247678013842;0.7217712814780118;0.5012844105721885
0.44684090779938956;0.21441410262803395;0.2669640867029255
0.8116083181799262;0.8871895079953432;0.6623159933869479
0.9287550257647861;0.10000633957389149;0.13034911450838504
0.29358583722129883;0.5433416418380158;0.19817733542185945
0.3000570410504336;0.12575404420413683;0.8041148245780819
0.8445738784962586;0.2134251906046365;0.22899490783572785
0.9081137882916867;0.5252181742805091;0.7001869917502153
0.7071926389155864;0.4122263688275756;0.0336761974487545
0.8101213524556575;0.6886487723257106;0.2922921653372451
0.44668300193693145;0.2888234754902631;0.7611131523724192
0.7222619896022651;0.06173798385723772;0.4062591796035081
0.8786455294572953;0.03707840485241087;0.9122986929167411
0.9476102233022858;0.6757083717633185;0.5612141585447527
0.46767425561893505;0.6568757948055937;0.9523971674775149
0.10918164150479837;0.32013994076820274;0.23717543215270553
0.025887824589280517;0.832700147105288;0.752667374420337
0.015405102462045184;0.24881831498816576;0.5614000603464134
0.5982006267325272;0.6960622321349325;0.26560032173570414
0.4723817106298869;0.013963534388859888;0.3901246935706689
0.18300118280361188;0.1294638989342246;0.23927854625618983
0.7973008573097925;0.7712554171191262;0.660546333457082
0.29292255840502746;0.024485927903576177;0.33857309503870603
0.030184236279759635;0.5510890482847659;0.19604931899834943
0.022457450925195355;0.344468338951065;0.593904058437155
0.11425176953013261;0.757292391721684;0.9516730096254699
0.4300630236614158;0.12287995161784493;0.7885532379479652
0.695230191092017;0.7074476833587715;0.7930728916911368
0.9601798188843016;0.9711461261452201;0.8241233433399668
0.9098256850530224;0.15910589337755976;0.6439567872554867
0.42882732921997413;0.3810967243201837;0.25691050999530185
0.5643305500119433;0.5015466715649782;0.5018146836663977
0.7931511789417165;0.028848796183143288;0.6530273283212917
0.33929939377237406;0.6240909463842639;0.9817407063073013
0.36096973395259024;0.6149014788278097;0.782712831741408
0.7206243997444766;0.19936594079138437;0.8910460845101741
0.8937314291331648;0.8150765578382593;0.7717719172019286
0.2780957395915552;0.9133897256859439;0.9080327388768199
0.13098943371922733;0.7133249222733636;0.9901852969096436
0.43629782020762;0.027679028384556936;0.439144666542583
0.5879706212165517;0.7761176544855907;0.5306210598642951
0.5243266958086842;0.5390934098643724;0.7413384739671618
0.35036117330364613;0.9823761830025021;0.7931571793083821
0.7810018501628435;0.4529603781472554;0.6087779342586745
0.48865609006325605;0.4699701838710705;0.7079938983728733
0.443106637645457;0.1148921480732642;0.07425243224901645
0.7857267277237704;0.6800008762785128;0.47120197144517084
0.8541325473070078;0.1860342942033032;0.1397776411467614
0.07028051369471122;0.37009709536452307;0.4362362075595183
0.2693057066692266;0.5595245490641673;0.15447188508521315
0.33591688749493376;0.8768094543197993;0.8230848801935318
0.6351817012643448;0.39336513517660854;0.8209057130322541
0.8897998404731524;0.2583250980259042;0.3588155352449429
0.0343383908440027;0.4593412963151535;0.9174921014175453
0.6891783223349333;0.12035259562402123;0.9092700478124032
0.5381940115323256;0.2555818962989719;0.1526407246979461
0.4991281860592415;0.8098973882107471;0.33236602247449987
0.03360282052615471;0.5676597890525288;0.6097240692632928
0.22475574992363034;0.8159945333752411;0.3062488752952114
0.059536302451798306;0.2930859133053847;0.6940716541157966
0.23348223321213257;0.6993578364783439;0.12078315420708619
0.2118701597634418;0.3851949837529385;0.7162734277688666
0.4775179388063703;0.9733258754017705;0.43878291407908576
0.42117541156498184;0.17224046983508245;0.6600378143762853
0.6120882197161075;0.5555641321160518;0.9754469272185289
0.8659557204179729;0.7958247247471988;0.5348309931606615
0.5877219045150527;0.17130181457038407;0.5663898374513134
0.1464798760960313;0.5320900909860901;0.39336155066299183
0.6991656756999963;0.6083303253500968;0.719913148078027
0.7626672137667064;0.22446071729627604;0.37503412507226586
0.9243984096066244;0.9829019903597086;0.25629579327921337
0.21691594449964424;0.9416740790447116;0.557643181522039
0.26792337998879523;0.12546157478598552;0.19187866504243645
0.8671897164462921;0.4282813648564954;0.6365219230778717
0.9496545789376418;0.23134740294355316;0.13124017872718763
0.1608700825172018;0.10961526623724704;0.8856006219554708
0.3816698235683854;0.6067389667944892;0.2653846340746796
0.7202916340127363;0.629580630793474;0.0049221327568346185
0.5923697373131077;0.7925443007125215;0.23133127373515994
0.11586854286293868;0.6471176332747868;0.7509090075385112
0.966789876502713;0.39974587718900867;0.9107339384614942
0.03364667785435749;0.21298027477033776;0.4592735264350005
0.8772438959472928;0.299661199538219;0.07422960164238512
0.8788196269404357;0.9449910870429543;0.7004880649397035
0.24186164957608036;0.5168766777043309;0.7775683436204751
0.7108723416754066;0.026362920211229768;0.7280595328136054
0.35949144780055986;0.5440557724868592;0.12932553841275152
0.34944765310834636;0.8653386243683258;0.357991275939574
0.9488211687688681;0.6900931353529259;0.48420207958234296
0.05336636428737074;0.9012078835021055;0.926543049414722
0.5060539766815487;0.3256656308797494;0.37042473430364087
0.4167009409246497;0.22654458010842615;0.7330304739572787
0.5289776055939894;0.28950396793238486;0.4804599444655624
0.38466002557759427;0.2851790863929986;0.7009175680129137
0.1195474673637299;0.12819281203720045;0.5648079619581508
0.894939071265093;0.6523675274122576;0.4668988728360325
0.8132837584697553;0.9334501800625624;0.49651039122407037
0.4460427775657897;0.8200918203343505;0.42083699711077716
0.4801329631071084;0.46023720556693937;0.7388518247461072
0.4309340304346774;0.4344704376148071;0.6244420936977592
0.4143583595512067;0.6346221077196754;0.7984649044195478
0.8958597805138147;0.6571244186747939;0.5894261539589204
0.06407661129054398;0.9167473826187728;0.20016245991322046
0.14448101651402134;0.3661703263348859;0.43168862093767013
0.1719859240722944;0.452560828009024;0.4048378269787387
0.7241668602857906;0.0997306879929919;0.7992092776774044
0.21694789877520082;0.8822697948604803;0.6077003781842428
0.5740840358663234;0.7812533885039757;0.3606349353877
0.6275697625658662;0.4423722827387093;0.273366990402509
0.09624099810012998;0.2719444094036422;0.6501432585474286
0.9969494760593842;0.5264807901747766;0.13717832875402636
0.984515155247315;0.9640746768941947;0.4052751826901465
0.5848583343679928;0.57998015737355;0.3874660206087862
0.5355293166833702;0.5568488420320455;0.24778609044794297
0.4948880148381941;0.4169333501574244;0.4494395935188694
0.5865504659132218;0.7931558903557065;0.13974556049940956
0.9753588437345286;0.11922893536069534;0.5606685629158461
0.18275988603331783;0.7911952298299695;0.6984109249160425
0.7145425520676109;0.408914714055845;0.3610844248154499
0.7523842373526957;0.4230473759374942;0.3397586409448303
0.41225846610381833;0.08279857939389179;0.169145997671452
0.21650743309419296;0.958296540106807;0.373827693119416
0.7238242419829702;0.3619472406408887;0.7711081030769144
0.21939945202171607;0.168473784095858;0.6889950050124656
0.14427219274797742;0.898566086517026;0.9175179665824968
0.4192753470163342;0.047703371403865824;0.5737433186669539
0.42962498451974007;0.7334592186697493;0.14428145321565933
0.3934910842152103;0.9669544674965744;0.3224768281594249
0.9616240204536488;0.07666863850021544;0.35106159674415993
0.6566174148796392;0.8701541948197756;0.5099013073743152
0.7293276973214606;0.44932487046480396;0.7882915812501982
0.8685758694477145;0.2895390040357252;0.6807279641350532
0.5239811584714943;0.02062961029549526;0.1428859728693389
0.607727559450321;0.6824660638930902;0.5433321091000061
0.8615761348283303;0.7746581956699211;0.4887820776523888
0.47301582047507473;0.19487510640406402;0.8768999761114123
0.08432385959827504;0.8317757966080642;0.8803645676338938
0.23750536171474834;0.228227536695214;0.71539307439049
0.23274958284844371;0.7814423006194546;0.971923698935798
0.7740688618628244;0.345758819251373;0.20816900217770706
0.3223461904080045;0.05937809232534308;0.9254142744040988
0.17091486641077502;0.807348249292232;0.5681914609659829
0.31865626587231144;0.43309803177858497;0.9253970375037766
0.906697046857416;0.7080345540057427;0.1335795649574527
0.8079204502757217;0.7961615404675184;0.43146515467670987
0.8708397617971346;0.9722791866903879;0.7933900024984708
0.8840873082927215;0.032277366586537126;0.5330042242189986
0.49910843200001376;0.7259694237710281;0.6075634487177844
0.31914688558950277;0.08314981909504504;0.7772392108477049
0.147027250139663;0.02945327086141436;0.5573055393031778
0.2936450463562501;0.7782651110704754;0.7687386711661044
0.41202525935474665;0.1558883418275111;0.01776621005802026
0.5442142941646896;0.8115184927283902;0.11725757418221139
0.6673026122281739;0.013003083636212387;0.8255834474759752
0.7609059010424952;0.11228178684392343;0.27894062260112495
0.9322301920482127;0.7371788409812626;0.01616039221736021
0.5763066776525088;0.7234331565507671;0.2176568499302941
0.03034512617310081;0.5034882956198616;0.825538747121223
0.35383721280036895;0.9323049366407373;0.2879724801190259
0.18239671336458296;0.36607161051803994;0.8915647424054073
0.8928964989450198;0.7771475161773709;0.5109179339354843
0.3425593346690796;0.27532319374117653;0.9454374634435376
0.4682015683138423;0.9800624049985759;0.3774949362230582
0.19368826455455002;0.817680949202137;0.998589607751938
0.5783833440913315;0.6536885567260708;0.8671336836575162
0.7400797025104611;0.5617030460026005;0.8583673897179555
0.4853960817078674;0.00413023889523112;0.23746429569994543
0.41984922975966144;0.17905185672294543;0.5184580682569598
0.4232227728322956;0.06263273085965959;0.43093910992591433
0.7324685053092613;0.8924119166656334;0.043268120588656256
0.05155026950265651;0.5906317533798198;0.5850240184853922
0.06866141909901124;0.8606038356422946;0.9192045049717759
0.4077268488338831;0.40748855845779064;0.5914481835084598
0.4201562132782489;0.7574699591527178;0.40943738150183295
0.9129646548798122;0.8289977388936305;0.46361733048219034
0.9273719222916955;0.3533449123589911;0.5730136053816125
0.8172120307986122;0.08709249785899109;0.7053399144068155
0.5388148870566561;0.09943086398205325;0.8168102076204304
0.814518281461091;0.35872001246428087;0.9296799629132075
0.8502180051931365;0.7259319324748077;0.5778329369936117
0.8690234998058661;0.36641558912930783;0.8478794256217439
0.2423001167922879;0.5303242688178856;0.8613821616633982
0.9378536085245913;0.014447914250004246;0.4539585707142745
0.03720218325201119;0.48407910169890334;0.07717043109291255
0.2831903942007933;0.17147494919740613;0.485988123033232
0.6618738728596424;0.715349996757795;0.8728651432750296
0.07702061369586444;0.07068614198075363;0.08898196405444447
0.21700052895060729;0.3578259485180413;0.715781854377951
0.46134918323907337;0.01090879452671878;0.5313827930614511
0.6081043345810794;0.3363636856814435;0.6142942252794653
0.9961092538423415;0.6526107420818479;0.01853680872727359
0.41691793496732876;0.231925647053561;0.9696362659394772
0.8260327959191082;0.11607698085980367;0.35914242073979874
0.14610689961866452;0.06919371645612105;0.8286706444011366
0.7022857638942536;0.48454569796111446;0.8754170391088719
0.6973382941114903;0.14498191939155192;0.8165286963192412
0.6861291215986807;0.40317664409383747;0.3172712928116066
0.9330192781629729;0.643681194704241;0.6402101767786732
0.24905686808102112;0.9555542714842533;0.606457570163804
0.7127502728360444;0.6804702795208813;0.327232529133313
0.010382242947818754;0.7506902519472285;0.7475598376360805
0.4616978961029078;0.2024958343873563;0.2545108626988104
0.9644327982578015;0.5846375015468762;0.28050030061731235
0.27004254177823395;0.004359759879593361;0.4972177423051164
0.7501290038891277;0.6809713369783843;0.18557406751966443
0.5468718403015771;0.4772660875015844;0.9082645719153816
0.026140352834733704;0.9225912791500923;0.10571716870156778
0.5902856243001455;0.4524531950704491;0.5510415095740921
0.755631785893323;0.14876070284860066;0.7796070074015392
0.2922180766946567;0.8287798676124146;0.12297588264583215
0.01638311187960184;0.29717979728580124;0.5140268179511917
0.7597908899078561;0.6504624526357947;0.24856071338441976
0.47639459283404395;0.8592520295162306;0.679388284921327
0.09856540813613979;0.9409612584532939;0.6406651291457118
0.7536065066286498;0.6555059723974519;0.7375095112342123
0.5760526905005842;0.41331271908729483;0.8449038250521821
0.4752135117108066;0.5401176566432119;0.5057020641971066
0.3533879902057985;0.9524386778925824;0.32877401568714504
0.648097008963266;0.19563486069647096;0.42975498911315757
0.8445480906769776;0.7845425195847504;0.8628865793483308
0.7012829416955896;0.7552984567838232;0.27449959830207515
0.5934411773255268;0.4803483888388469;0.26580235571119215
0.19783832618150743;0.9190550448926865;0.08820748863357475
0.19358297789489187;0.534476611449092;0.6803137877395583
0.501671443262178;0.3989053431839894;0.41728206162825043
0.8574778813816066;0.17299460759341767;0.8245446220577142
0.5054156308104377;0.7521747699783202;0.4088046645915029
0.3041162826523246;0.19079210239938993;0.014633687739586398
0.04212943171766115;0.5654561482790109;0.08607117836348455
0.8107742000190201;0.009814250301226513;0.3829674880671734
0.7531280058156417;0.7172877689276711;0.5390723758390591
0.9340607452161638;0.002770158039463455;0.013310325599086403
0.34105356486583593;0.6361579031199707;0.5669135419408392
0.37660980300643754;0.7524938870720325;0.9378943232465654
0.2044245997526276;0.058581018638518056;0.5107059267839205
0.9584524058796948;0.7537295010736552;0.17171062841588103
0.16597104627906234;0.018674796473236666;0.6930702665172384
0.4866146755930214;0.20651047361290253;0.01280520626810977
0.38334822896901033;0.17271690596943656;0.42533313621729196
0.08435815687321668;0.817659881939552;0.4073360127463289
0.399341328682682;0.6822023444082257;0.23365301469705257
0.8822373782164662;0.49614516405268017;0.8029169414144498
0.9262024906546057;0.31023439716663936;0.31631106313828794
0.6637346769137897;0.9074835220757307;0.6127947617034208
0.31131460021532986;0.8408398008270473;0.20977600849278455
0.8654820583693716;0.8579225795536652;0.7492215794020698
0.4448705794413854;0.09016332474752897;0.9134505251669675
0.24096837630637669;0.6404396656151692;0.003884221453442027
0.3640686876919449;0.8925949638550512;0.33041508534784936
0.23707462039185578;0.5773979044164586;0.6014459259868625
0.1485642144502093;0.6126213927368561;0.5173892232193834
0.0607661925714863;0.5159022170174127;0.37710954325409907
0.017484110088145988;0.36356031148325274;0.7662587860681842
0.32040998265731;0.4282356634960627;0.6624008072983847
0.6158602648071079;0.49191439926582947;0.5877760104317007
0.4423024388893926;0.715721905758157;0.8734243609860076
0.028219118265732757;0.2687281955332944;0.9834493887673613
0.7439391410063462;0.008540582467258973;0.8768088743678584
0.7259272388225587;0.10067111547436658;0.8393651955680387
0.5354671145360855;0.373986138556756;0.690887014952557
0.25666656261163534;0.25477140140256005;0.7313893158881901
0.8383215801770371;0.06933372476315558;0.47738566875514954
0.631317779618648;0.7634441820645862;0.6491569533855844
0.49262384359413314;0.24454181070850745;0.591494041402972
0.9247942508202517;0.049509348093069505;0.28391024654359676
0.9578150240001283;0.7645313646975108;0.052709516347787755
0.028202212435896046;0.5223456110368465;0.658679275956318
0.3369460905418462;0.18031773642395454;0.9310134802405127
0.5878525019180261;0.26134457125401966;0.7766189218534002
0.025968899196702533;0.9987058208836347;0.6877985175795267
0.3380972473612195;0.6815455268439079;0.9651340586036261
0.8090669999931333;0.21716253793701046;0.8688288357519752
0.18716861431137188;0.8170799258177839;0.3491049145292896
0.02407365365309211;0.34420913909799644;0.9623396274237658
0.6815484845193099;0.9697416260190141;0.2607966493586127
0.31546670878968985;0.3092895039313467;0.6883001235824872
0.9871941547221523;0.6339660401145881;0.8811519917152941
0.1678173449697249;0.8158631397045758;0.43179522484986155
0.236926482015265;0.9469241945800118;0.782253833216684
0.2706767150674948;0.5534583421466656;0.13676647873251024
0.9036819423633475;0.7012308122557476;0.4338984947056379
0.0964650266162459;0.6876612437676259;0.9044705396640831
0.5729043626076089;0.24130496918280264;0.5871441361520584
0.14975110608264042;0.5760140950882356;0.1471234131997483
0.4371676496494278;0.2043632270344442;0.05219359960375114
0.3855526761422937;0.020110550618010037;0.9487184625203127
0.6328219169287088;0.3695309506545076;0.19892063295098428
0.10903836360712882;0.29014291899137035;0.5849074938809118
0.19711632928091372;0.7741411741535207;0.44305528455149923
0.6316090602093163;0.37626865160613876;0.07890646524769873
0.6665018128716501;0.7446983314793395;0.6515951657163039
0.12298161448458511;0.20859770662697785;0.622922796169278
0.3240141605956357;0.7591681019619669;0.25176012799243186
0.40830356214373464;0.6076495766573172;0.5810867619658775
0.12628758264975481;0.8803721103081033;0.03748935025563471
0.6306143337357318;0.8984094909607092;0.9088586375005212
0.9435710190633042;0.4098611932640075;0.39322877995290983
0.40692088614678434;0.055388885796833875;0.8932919707652043
0.6021052884493566;0.623057525353497;0.5052168284117731
0.34375333184986745;0.23234238754069825;0.3395650794312284
0.3871701024654083;0.39870267041588503;0.0200938634282416
0.5435861669245795;0.4339396611042702;0.858361821282737
0.41371052819098;0.31732115428071184;0.19758548410059984
0.8853199250653144;0.711495440151866;0.32317730714728166
0.577099168253084;0.7136596084146439;0.941640366729423
0.7465077331672859;0.2622033428960292;0.7286277157522797
0.5611331423055798;0.4886824256799045;0.03005268380578674
0.12699905835188519;0.3815852923546026;0.856681181731279
0.8897641729327918;0.7529639996218533;0.40792510295783335
0.8401639357445938;0.09780240436797927;0.21724569330622356
0.828429624026785;0.153935215328176;0.2850793727690243
0.7399099642516598;0.8382724661933131;0.7585971200014736
0.38649134619866743;0.4056423370201836;0.28615093307124484
0.9709222947481622;0.3065840815641635;0.7919936082788726
0.4864726069150057;0.11680978515512397;0.6202624299135648
0.8139608366772965;0.30587453694821465;0.085090254210207
0.370593388585546;0.9381080284258073;0.9234859580605654
0.836703572885191;0.7618753239580288;0.3707300120872524
0.6778091441395521;0.42328668841083894;0.5890626771141785
0.08387528048909032;0.3355058221828662;0.12651131929777293
0.2372823165406549;0.38301174832020224;0.05110953871440971
0.4370848948449816;0.7770508938971395;0.0043324776285348365
0.3693995213081478;0.41074548563981716;0.6392617848547647
0.62686717337502;0.5506015458252858;0.3207324943482185
0.9750515933769047;0.33771089158115253;0.9641920255812236
0.9047463565489005;0.9514352429009226;0.02425032825361173
0.26019293707756896;0.4859260906657785;0.27180533173671406
0.47537103598188923;0.1726304734704044;0.7076150498761289
0.8031030657921054;0.7226682984297828;0.4088512070972016
0.7474609577226248;0.5866444229280993;0.59096040775266
0.18083470121469059;0.180813356046566;0.09140560303016287
0.8801081512534489;0.04254912491202134;0.2520256253717278
0.3314865211875059;0.492621552015042;0.7374062737966836
0.309081019903479;0.8469028998891596;0.3226556503026531
0.6654829583841967;0.6976630613938495;0.06870678849486578
0.5740965644329837;0.11684991246625709;0.3215274298625074
0.9687109206702189;0.6742754866708445;0.37484407960707367
0.8352920823667012;0.7150718660675247;0.45806851387240255
0.27503273633277003;0.21833081672234766;0.02396723136941592
0.13542598372710757;0.41363560793095444;0.5810650566342392
0.5440549390226809;0.7061337397786803;0.49778319617746136
0.1933735037463561;0.043288632434890006;0.7563419588786363
0.076086557813968;0.5731627700144003;0.4248233295605782
0.275025851972477;0.04795753094969302;0.03809214973410824
0.8674585557834763;0.804639168164423;0.9233713133837177
0.48827847537105096;0.6176279868692647;0.8648144541476332
0.3040244907510832;0.013311334790918505;0.27792640346938624
0.48056201450043523;0.7726119700284693;0.10713246216578831
0.38916566121796725;0.9553525824886939;0.5229008359736208
0.2697110143075834;0.7321439745522416;0.3999873361886982
0.27022440547234583;0.5131239810855276;0.906930908431819
0.3446799525742811;0.5288798635469532;0.8543112475346434
0.48531157651599477;0.11012965050788892;0.9202450219291078
0.6940801089250833;0.7881921034257036;0.19207090761508128
0.5304260386526947;0.3860818915599332;0.28771582402918394
0.12611923186918894;0.5344701797046298;0.4332884484011045
0.7042404820965081;0.49121067304586064;0.15522120625989821
0.5044300474042258;0.42721064114857954;0.5899431033628334
0.19328982867356181;0.5989615736565991;0.3694009883831533
0.979968676764676;0.23873429775294686;0.1961109709267318
0.07217447234738172;0.13240337062837804;0.8529990915387614
0.0015899003383647026;0.6535970828039538;0.9969584429410602
0.7793534482164618;0.9109950949770308;0.2153598506142973
0.24784331654132297;0.7504496106286435;0.1538022103917921
0.39333065588995575;0.8200702707478283;0.09833726024291078
0.454972651603335;0.9559963963751803;0.6727032847550056
0.5914458324386797;0.3922380020822478;0.6016865383270111
0.9320278654687225;0.49339678252065666;0.33958625980278856
0.1729990847725753;0.9667745654954769;0.8949066799945412
0.7723617615816019;0.4462192726428563;0.32443590152558843
0.8639881303351548;0.1662196377981453;0.2834089703195677
0.34024722798551144;0.07617521579769404;0.6732172872786234
0.6747181749620246;0.6609399386372595;0.13885191267295427
0.6778144739979887;0.03590540544879062;0.7492820730996026
0.16330682360648663;0.7501316422756106;0.8170131778341578
0.26112759417863196;0.7116075146079931;0.8519387366887933
0.7456762616044831;0.7713042852349405;0.22647584579864832
0.6341531881158375;0.8073902791677812;0.6556483781643578
0.6779731187024903;0.39103253325436615;0.33359285286784846
0.8144560757784033;0.33604944539389314;0.9804213223960533
0.3780871058043822;0.90348225254376;0.9966614512994227
0.08495603402799246;0.8723714760948642;0.2148981543790437
0.3581709996794201;0.6377151082593506;0.33971058440309587
0.13486307967321343;0.7049888221946731;0.30200205406419667
0.15532921996354865;0.7404884654567226;0.253372017092801
0.9815590254066844;0.5808229629813614;0.14436805709514255
0.7997698965136754;0.29400377461258154;0.2519526994118084
0.3907665450969865;0.36925760145296516;0.08197895559429991
0.5313267979425739;0.33446931481503295;0.14075839641305032
0.7769002777068436;0.3691607809703863;0.3117815904145851
0.1650484943419528;0.05250252883993156;0.33767707706558203
0.4644266296224099;0.5329680504942483;0.598087561786015
0.8696309349127731;0.9057867110930914;0.1894559390248638
0.22415037322098508;0.06326131199853746;0.9461720812669417
0.18396436225330015;0.8684692281424835;0.38967175012276567
0.7831122680423077;0.7315616857937343;0.6385201966096048
0.9140373095934498;0.6137245950222205;0.650803596448197
0.7204846071210916;0.9672561287103184;0.3648624622594433
0.4391633823492491;0.17018806125425678;0.14169562417453507
0.3264582562029974;0.24901704990540352;0.44597576232259595
0.8584225794360248;0.8745220047436764;0.38694169659461053
0.8368596454123164;0.2838896392119781;0.5351531487515662
0.4169648639904324;0.5880811779359132;0.949634450126229
0.07995955269930832;0.9821897597262264;0.6696078296298429
0.30465863179807406;0.10601559103740932;0.1262232117607348
0.3426092708695898;0.0004689235737065367;0.6988874471199928
0.3349998537662434;0.40396796544009883;0.7683406065303638
0.9120299069787221;0.4015231855749265;0.7591805102388628
0.1373312641440666;0.06098285773402934;0.6740567692942006
0.8366213646168035;0.06490950218782576;0.40224007703780196
0.10650655432370448;0.3319968519356936;0.3842542251495905
0.5290861422600737;0.34588503778277835;0.5988306037033932
0.2709909118216547;0.5744799201348232;0.7748352940903087
0.8950027334951778;0.46523165798883126;0.07636275478548937
0.47611454034432776;0.5718361691371998;0.4758489702980685
0.3751936657744338;0.12238795530818325;0.53809594929476
0.34833249194404425;0.4205232866029385;0.6077872080674671
0.3040255593816402;0.7237994442558103;0.6293591048997461
0.5033209304552474;0.6264385694954087;0.9001053045610964
0.03757180337306831;0.08701889284183262;0.3444642085058528
0.9394980100743384;0.5631497729099708;0.1528999847893141
0.705450212347147;0.36864790581614626;0.2962038274533202
0.02090579636894374;0.6046770547413216;0.22420226084611783
0.5213595107525045;0.7878050258939834;0.87412294651998
0.897421752722091;0.1759657127322296;0.8419229939787465
0.37805480759693555;0.14618562258529977;0.28333802507954853
0.1324532191008747;0.556092792731002;0.5593885600607439
0.694554218766794;0.5888861196171792;0.8857318150171962
0.4139364723821086;0.2956869607031003;0.5778620283323392
0.5536101765521596;0.34509604690736984;0.5239202550381239
0.46388351165218544;0.5712390047185785;0.8899891863089957
0.8224033896171156;0.04882756100508201;0.047264569087752895
0.13065474529544752;0.31936239207434347;0.3859147052685359
0.9056473009879907;0.7376490734008275;0.9888940567628463
0.4989249011665101;0.4165771707410051;0.2449560176409118
0.23113797104444267;0.4810382825625229;0.13764163392459972
0.06319609303179907;0.6324861925272857;0.9266767702537432
0.7624616929393697;0.9166698642319625;0.5689601289718293
0.9200543192472705;0.4415686082391035;0.7634948104852733
0.87228070864334;0.5281328951636457;0.3087058654051603
0.6169683882555722;0.5852130641639475;0.055152578541769914
0.43942059155116686;0.2561459112157324;0.7207372876547753
0.02116390862843931;0.8211637582141237;0.7610151628875041
0.7605312199535912;0.31222018197163137;0.5025830101152916
0.49584754193639236;0.488108542902551;0.6805935109441663
0.7119216121708001;0.5423166572792922;0.9140438182964629
0.26923006966904217;0.5710052679016915;0.5218888490412062
0.1789770463495305;0.5163977248450847;0.7147445895895734
0.27078768379348794;0.11972721986440582;0.12865536881781758
0.7414194551239665;0.7952013538097988;0.2667819489127692
0.360228865658366;0.017174344647771123;0.23268081685431385
0.10015051230564787;0.8150481031431319;0.09686019667602919
0.03339033163373617;0.17334706578846282;0.10959614795439421
0.16789132471675938;0.7651777926389078;0.7919873955099795
0.17243700228878145;0.30327081256236266;0.2587184293497836
0.929810629199485;0.6939133896138046;0.371474343462186
0.5871706993195248;0.5967967863438784;0.5752064183000487
0.13334764424518886;0.31805440837533017;0.034882109127495564
0.57816254806538;0.41749497183999384;0.08031674525653987
0.5838567368000862;0.9977674093551158;0.7510477803592507
0.7524905123145714;0.22959913239186636;0.07651984379678545
0.9926052386643359;0.21634344185823362;0.8854542254140764
0.09597017266568131;0.781109763743701;0.8212816093252188
0.804640254120941;0.0483616577386089;0.4063597173016711
0.8716031166864271;0.6351207282175514;0.32649490001295534
0.7837766932647222;0.3178191556623847;0.38196744838926877
0.9221957144206068;0.8448114484005461;0.9875869949097877
0.6092943608608686;0.5927187436269569;0.8402144118769558
0.07329899179065225;0.9892922007249281;0.1501874333183576
0.8526301601926314;0.3020490886583481;0.15075765463762614
0.46049917441988464;0.052388242573768395;0.08243728493432634
0.4099316785446505;0.7580575606825712;0.14045325083650462
0.14747662661642424;0.8835733217345821;0.9172116723598923
0.6419729484199908;0.6602139473692351;0.3504918692677548
0.15252926514916798;0.03075707592024335;0.2801032321301241
0.08282209225206327;0.7916787293906477;0.8492836406795857
0.7513197918391412;0.005494378835655733;0.20244924090747007
0.8356482880145696;0.03476389159142024;0.42117042500433666
0.8402609424916536;0.613040124221439;0.12736854522443675
0.25075919848897155;0.21515195619880234;0.5981888880187776
0.9553513293492109;0.004718791204712636;0.6631184207470004
0.7562037558039727;0.5814240369372166;0.09481673548974534
0.45244650944538733;0.8216520419241955;0.17024093069416635
0.4445475992523278;0.29322209547039824;0.6752961004201764
0.9850166766539772;0.07090901745558598;0.660232923571204
0.5198109329424996;0.6586577068967251;0.7366597778961758
0.7565069377565254;0.43659346547427114;0.9288824628422403
0.10800453413725897;0.43097776298554535;0.8301297682259956
0.6325016351679209;0.23436387840811068;0.3403227777620925
0.12713003208046925;0.2503293151004453;0.9209052473566994
0.5332617140642727;0.2963859657442809;0.07419444974416733
0.629085866525305;0.252528567604984;0.7638991431286312
0.1102826715066435;0.9696430096327595;0.33924440285870516
0.44948452876559974;0.3465785302945188;0.5355085784292782
0.12403521672292472;0.5013255641899447;0.4420185278982375
0.5418207331517226;0.1860522019911829;0.3101207107522368
0.6239019625314632;0.4482403929227964;0.6585604238613073
0.8422826824945924;0.17026144525820575;0.9091458413442827
0.7343283658658254;0.800281717993991;0.7040392249691664
0.729472109409303;0.10206339064240078;0.8117501845814807
0.7556649116355393;0.9135365008085702;0.44510811952508467
0.7949215293458698;0.8579627125670511;0.9046711051413633
0.06922734005203035;0.6510886587024434;0.17696808296377353
0.7709949421183879;0.896234569010691;0.2621004107319037
0.52088758380247;0.25325120326646666;0.48005111304652315
0.35045431692318885;0.03941333400755653;0.9084551089840853
0.3767339534549812;0.13262637920197373;0.11162408435696458
0.8181831825861722;0.7445572954253515;0.0985331096375488
0.7522252015667558;0.8429234445915832;0.9923136980865986
0.8640096417348103;0.25816692831833166;0.62527865491246
0.03908740094188623;0.1365092492545884;0.48824351840085445
0.8414123977877078;0.30148808715756026;0.171641003905026
0.9245081276813746;0.32320893275121254;0.3666536080256404
0.4820441712556057;0.16849027882104473;0.2650351957794207
0.9422009434733066;0.7772414600934127;0.41685848169160367
0.1571641266457129;0.19960036017031435;0.008684207834395052
0.47809143712025937;0.6655336299440066;0.6733482949235662
0.049543784374903144;0.6120626776007909;0.619894524432466
0.5584042207331734;0.5198787181749749;0.06598273754021011
0.45698474338093276;0.40059567053525624;0.260292479100933
0.20102175617481144;0.540861872840833;0.8388396974921913
0.3747592115892786;0.8006144761435842;0.48049284459060426
0.5659209830430115;0.2713403329288099;0.4401752664076075
0.6100670541861823;0.22433377388076492;0.1429409779084796
0.5255618060316075;0.7379501156385123;0.12639241766071552
0.020236155958248125;0.3994417001362981;0.27474375425932496
0.4209003929664673;0.550108171821151;0.6847414158505277
0.9926692897977125;0.3755504186408386;0.5113377631683077
0.43396730598411626;0.6478638992668385;0.6110143276936799
0.3315619401254969;0.7918792800541908;0.2218043786658076
0.6220346891669971;0.1586671809720016;0.6674357088981434
0.3405418040370306;0.4369938656689982;0.26813273715860686
0.8212504036752221;0.31212423792993627;0.11974098899676267
0.8720802961387271;0.8753841084664106;0.5569071227399267
0.21045749389289836;0.18700707649733062;0.5163246248775005
0.37090899742658034;0.3192990016890439;0.8273106782886885
0.49253840783716296;0.7982350467487705;0.9603234947088943
0.7923152185766725;0.05112197635994076;0.2931460037598108
0.24705264735034682;0.37771127364312684;0.14674350925206192
0.14924199663269822;0.02571987624047123;0.21366266866104522
0.13476777122215022;0.6037738621427134;0.8555866113289848
0.8444448199137703;0.5990759879321411;0.5591562825527869
0.7976808787803759;0.4086509211759879;0.4851719438568731
0.6748407652896996;0.38909943753428944;0.9249925042480227
0.26775653573742464;0.7742000844324156;0.29937211358295657
0.7766585251572936;0.21399607221871053;0.15089613526259793
0.3679300565413983;0.45061871251700414;0.5832595417199938
0.2216176254927391;0.9006565711735284;0.8428798851949131
0.7648786280985053;0.5782632699427209;0.8464837919309897
0.7358652697523963;0.43855983807154153;0.5766765936297521
0.7964052207155969;0.02938978381521906;0.6652820680522036
0.970329646271016;0.1395051461631751;0.7723504329365161
0.3461071640150154;0.16089486742783154;0.38209620309230163
0.26951974103578535;0.1609623298994911;0.052826963445883224
0.4455191331397038;0.38654566924990486;0.8525260812681993
0.6337430167930664;0.6015801660378861;0.44191109594312517
0.015360475595690204;0.16316484206259518;0.5499371801281266
0.7148594683355305;0.6545091068044404;0.6350971724439314
0.3235612831431033;0.3477252691484748;0.5603230676913419
0.05272531210667042;0.3754503251862924;0.6271823650719476
0.5559344220048764;0.6890720630763287;0.7725578239264977
0.4915786013703425;0.5643701003214229;0.8723249471209781
0.4202206303906071;0.3206516760392992;0.6539853317535065
0.33254798393716667;0.6347597625715328;0.866755511247672
0.29645743841995753;0.36314395318629933;0.028503638444326906
0.2526470669941171;0.3357603158186402;0.9939201387676894
0.7072517207410748;0.9151052065023634;0.9686067351049771
0.24368770886157265;0.0062524892781884445;0.21404933844281882
0.6674818955244031;0.35064937172523925;0.39095999017328587
0.8281173467256263;0.7886883012674949;0.9687810662597283
0.1169745865623466;0.25863731959983594;0.6906921474332418
0.051285123136899036;0.21599423834662124;0.685788652431614
0.22579884780250115;0.05747855715896988;0.3118727759146057
0.8319952399735172;0.9318241586744859;0.981350704539314
0.7557245679566972;0.18318299135387406;0.10019097140813915
0.682100712158105;0.8541272324447171;0.6964295808670301
0.06779113292400463;0.24022951189656538;0.21458277845250284
0.1544322057129941;0.33334614540045215;0.3503074269875398
0.9859960451759228;0.7852120800836704;0.8764139257920291
0.2362215081286928;0.6180269354206042;0.48331530852181526
0.17380652215020842;0.15812020523285042;0.08524360362433103
0.09547665561619134;0.12366653149956497;0.16447384750678085
0.3435230689354294;0.19001500580651853;0.28876621967325344
0.047901460990040445;0.4375200528846148;0.8636396740027671
0.9555757387237022;0.7042168005960527;0.9474306784753775
0.5662120509296336;0.12437452223811019;0.993948989885985
0.08950742242078469;0.6265775250590578;0.9555942653289632
0.7693767843909193;0.5897470255864272;0.8661468339955818
0.15497201586799758;0.022256413834110145;0.8338010646094922
0.17504522204141437;0.03982856493887266;0.8856967506973864
0.9149360670044654;0.10590702750840975;0.700631746756053
0.5995932286327279;0.1636159299474692;0.22895927048941123
0.35246974266844244;0.34779002180957774;0.06593560022441325
0.18210469107849847;0.15460990057170143;0.07919735834711694
0.33248595858179897;0.7971367097636213;0.315020521226007
0.8966087995064265;0.9424185132489983;0.9408426388779623
0.43701058948260985;0.14667842058252978;0.48807597100088385
0.195369543330568;0.8320058322646054;0.5440413079302128
0.5480851207531551;0.6170993256746771;0.425118068956543
0.867899963797207;0.5062935643678873;0.2633255913277057
0.7446120336285617;0.036514306950143904;0.9884982494909887
0.7788587596679781;0.2303816282521146;0.3872095181049263
0.7692528138892064;0.2240214601808589;0.8749860668171228
0.2335875655211045;0.5116165509028168;0.8827636837725901
0.18604373505570437;0.04780647931197701;0.1537254304575566
0.43035791017143743;0.09778757279696304;0.5982838791389247
0.8590486634820772;0.2438850299335924;0.7575029771768248
0.5759630044803986;0.6622068667020452;0.04109942729967564
0.7508866138094125;0.22949131852179783;0.004318551992490649
0.5416883083032372;0.7534376707647138;0.9495084953433622
0.3293065297965986;0.17791208307784012;0.5512293834450696
0.7697608773411003;0.8245910334135321;0.003623345180117754
0.9679489721501525;0.5374985550955464;0.4640556526852906
0.944504334354322;0.1925477674162126;0.7304163924484803
0.18854870939676216;0.7786891188912463;0.335617942335648
0.8075701488771171;0.377894034253935;0.280222697493285
0.5610053847195203;0.3755643186534201;0.9147250644805196
0.9237653511280962;0.4706146674516053;0.14603268154558324
0.040297533898390414;0.7257860684129559;0.3555067237749562
0.9273200395495051;0.8397205129821704;0.7086862329999165
0.8122005660032265;0.05533644467529453;0.5290244245273413
0.43663293187168417;0.32960233842986697;0.837725345948936
0.8289794011673187;0.4880957172022119;0.1301270577343846
0.21483556558768824;0.22685555994911688;0.3553230883021965
0.20248747819372492;0.3795304965314621;0.4366904276287833
0.1276972997286735;0.18563938524071555;0.5290609126655277
0.3324471397904857;0.6590370681738927;0.44625057139537183
0.9311527919623092;0.36041050057953694;0.45349144679332787
0.44828856281411655;0.04145095692387213;0.5103854255041271
0.8738866660477532;0.42145538938234317;0.24146827706495344
0.2970955692189857;0.10502365427340288;0.6147700104928129
0.7414408969952357;0.5142306210353776;0.7922302379792131
0.26769605017277565;0.3019463351892636;0.6395120975644307
0.958365678646871;0.7432342353569823;0.09460744196583437
0.38026999972455133;0.6209224350015654;0.6115622668591543
0.9702373712660125;0.6071138753897;0.362018582896131
0.009466847495383846;0.8819380138205182;0.3681572437077584
0.2524287607551581;0.742561597256905;0.3323983382574436
0.2881294302406575;0.869832977815946;0.9630612850850023
0.6536097700373618;0.018363885610021002;0.19447342698507009
0.6000075408890118;0.5455158340276681;0.4160731094868546
0.11600905801276595;0.501362624520164;0.13470311412276226
0.5341129955897584;0.2880841851375807;0.20467612594659912
0.15392687116042902;0.772454080094105;0.3427518507922166
0.9261690032002001;0.2783252924415106;0.5586207614560632
0.7573815484258103;0.9967056427981398;0.08495524472832394
0.1629708798154451;0.34254627778212765;0.27572494268089653
0.24705250557142644;0.3217679005817836;0.902281727653017
0.30113339297166875;0.22877878451370037;0.05014712893077211
0.7171050869438756;0.41521666792095835;0.5938164208800175
0.014590737588466518;0.40793577190134434;0.3262147909495251
0.09269890818168935;0.004017775308740701;0.4358739523069701
0.9032689827991343;0.5107170014937027;0.42787304731139075
0.02470293292601633;0.7501853230761822;0.9205037052259641
0.7166396939832703;0.5634467549214613;0.41749993928921103
0.4709830604926101;0.27338334148356125;0.051549447146363114
0.21545519668014046;0.030875141647496496;0.04026124192708169
0.8576271839160807;0.46340610114994263;0.7998148627392221
0.7292803437092323;0.33711201126022394;0.8397669388724731
0.26967169732499463;0.9621239405195063;0.6645028374122747
0.5533534942414918;0.3815409872547637;0.5709443619964701
0.14652594984096812;0.6048173115258706;0.7103220481310607
0.42016633598993725;0.48717011513060693;0.769606065038773
0.23875499128901567;0.4399470844050558;0.10137649285872152
0.5944372474301413;0.8686760972136294;0.6586797248110453
0.6920633795623152;0.8359003752016344;0.760780628227971
0.9403363693825606;0.21516517600997187;0.8685165021818013
0.8500702771021708;0.5000695148214076;0.637753045955702
0.5137473295732351;0.973414991243622;0.9599382911792791
0.6599295295477936;0.4864632600740778;0.9383792674166258
0.770203487452682;0.9085346176749477;0.6135954039744449
0.8208850432565632;0.1544487791896969;0.5259108281731966
0.16625916513486771;0.40244298867432426;0.711432967167824
0.5926268264494109;0.26612560415056774;0.17851168698592013
0.8030863622521335;0.17627231967647472;0.4593000534770746
0.7926548482694035;0.7507234612568583;0.4565570639773703
0.2651305082614931;0.5991077013395466;0.3549735023911931
0.36794001363323525;0.10108457779699342;0.5401851354227345
0.33448751206267413;0.2351236615541491;0.2690564346826617
0.42797817600283583;0.7416784239139738;0.4964295925446758
0.41507972156174033;0.7977773558128386;0.20959463294241842
0.22361755316764753;0.814443141806605;0.06906370794206707
0.15690686945451926;0.7932412687587133;0.2079515754906741
0.0931323293442009;0.9341463885627272;0.10463947257219786
0.1576917454165595;0.9053393861847566;0.8134629569913624
0.9363642642086589;0.36810916905196833;0.7947206846283967
0.4511562133199448;0.42970569373148293;0.5710024159486302
0.9468073289395995;0.5778294067802037;0.1317763364175737
0.7952628200058895;0.20156512972037988;0.395077280035241
0.30309697886178755;0.8204291723950943;0.4875273853041787
0.5971732668503771;0.09488912115180836;0.4593793529566549
0.821596789783285;0.8272324737042225;0.40179717773376333
0.32826105743879064;0.49791777334860765;0.8755676214875007
0.4712301982218894;0.26410388808285057;0.8193640749194205
0.994479071239693;0.0560148743736687;0.2378035112222261
0.8775303136510685;0.37767877879226097;0.22294542001553863
0.5236391215276575;0.368959085949785;0.47299348705802335
0.6427703989163955;0.27946157299355434;0.7448249332716402
0.97297360379238;0.7136648416973869;0.48377640664186594
0.691092673900301;0.5825765891854554;0.8643881197485818
0.7857006324536058;0.6449762747111694;0.23665734659409154
0.4909340851954177;0.33833186616675504;0.6464363689248017
0.7263919843526467;0.31412755436527207;0.158799778923971
0.15541122309919286;0.32074837527046285;0.48965548413490667
0.8710938830166071;0.5209466189331055;0.5805966628751789
0.3126537503801152;0.3919518306742785;0.9028534323280906
0.8366732939128669;0.40710125114735374;0.30415816998359757
0.9794194515424132;0.7847628772152667;0.7081650016362308
0.9458129553164649;0.24938368411011835;0.21087180429462182
0.17681065214114766;0.9613189566692876;0.7773254245728682
0.1259132450686713;0.6535108698932269;0.18944423843900005
0.1373268813929931;0.661369909663098;0.5623959191357094
0.7084985705789979;0.44087887988602115;0.7787565490213202
0.27785682292335034;0.5660788667577379;0.8828167366751493
0.445408871395339;0.8896743646000079;0.9962645913710045
0.44730642077694616;0.8760782196867923;0.3867701689207915
0.1012152800210856;0.02986223100164409;0.7933507271651448
0.7265711986581923;0.6513830245243267;0.9148493661811937
0.2620684333337665;0.09545236853498984;0.9396823745202039
0.6797031952121168;0.24409462753215927;0.05725692061814325
0.5097850064151731;0.6193712318329847;0.44420152246189504
0.6243112345676274;0.4981908878479079;0.6448526512306341
0.485451777628938;0.5613676302485435;0.9150750010678029
0.796818856610677;0.3673036733544327;0.36378157059204996
0.4942771423988601;0.5347703739879549;0.28684895134111876
0.945695841149331;0.19273347565858778;0.21509297109653802
0.08736465872325294;0.10141898932187376;0.5924345014498059
0.4165322705620065;0.13525409467837346;0.46960965746976135
0.786746474707641;0.01597365558742292;0.19653962134657377
0.1475347245052584;0.5534745762030927;0.22567759017889122
0.9932925828940639;0.8776165456596934;0.25798096438248386
0.591367760059266;0.5421687740155423;0.7642579657929797
0.6186908024168613;0.8537734265634194;0.8152226698732067
0.1750028214918039;0.6931497465369306;0.5292331953236726
0.03656069324457767;0.5000571286903809;0.8974183385269748
0.6802222945995571;0.6194284303546361;0.9915741552954044
0.683117397854067;0.8829145817609804;0.34997508569344504
0.36759695068370013;0.7515287962036332;0.24107725694654525
0.15270513040813738;0.032306696946157176;0.9386337513051108
0.6109670223028266;0.6087256809945099;0.5716781984510042
0.6642159230396012;0.6504241602682426;0.922186800924679
0.5614831129572123;0.6440929745410022;0.44584205361683527
0.0595238153912927;0.009960843272276199;0.4038458873159323
0.5539585631609131;0.1804936176964893;0.15228608159371626
0.534976575692357;0.6215688227779926;0.05498313779636821
0.1636025726364988;0.7187749605849529;0.1130112423015257
0.4342455089954824;0.015968437103486388;0.10563799703607857
0.11989324476795193;0.9883454987737345;0.6214986126038505
0.9875733364941263;0.21489653966653077;0.24227805996185048
0.025632492334521473;0.14124444939141167;0.7346370926057543
0.5472305882174765;0.15336438138787334;0.22594147684037658
0.17307813788052062;0.19955645086057316;0.28393462507356504
0.9900471048796767;0.580094222363159;0.9419280537207214
0.16942508470688644;0.5187080781342261;0.3016593254489547
0.22468891674295144;0.5787098476145611;0.054493162803950224
0.537352339459523;0.9701211942744054;0.2843002347507272
0.7274892179370784;0.269617358054551;0.7813138560667459
0.3340869827657633;0.2032612578204811;0.9548444195483191
0.3090703348401991;0.2245243975431379;0.06886927296457279
0.5847138029627729;0.22181804762755075;0.003603719689281193
0.5361346146838886;0.894765663078665;0.02952898126853809
0.6197505905817896;0.776895283881584;0.2686314024418306
0.1859514062917934;0.3165257758186877;0.2900615038623755
0.27355196193538955;0.5065261357639692;0.9334941388859962
0.6374166410860808;0.21391914603683226;0.5218411119100915
0.5634433581610269;0.9793094334864996;0.5349077566300269
0.9898670026964416;0.20649287706034292;0.19760615321249286
0.9486613902912732;0.2510333818798183;0.9527999273933566
0.8417923075600016;0.42562967410068;0.5718559480462201
0.21558650436902327;0.9989074018724341;0.4312315264857399
0.4177610122496984;0.6436230393978339;0.229862298099767
0.3634664959246171;0.9221941388226711;0.6673677062255781
0.9552670940271105;0.6876016857384983;0.4784236114093905
0.07325829709982024;0.8064600302176719;0.21531151145309724
0.5399534899625194;0.9162347398700006;0.730667094922379
0.5946007565158117;0.023949193095378907;0.6877013875257604
0.5798911947271934;0.46989336160299333;0.3860252633678385
0.35162303668941286;0.6816185911281096;0.6574757883282261
0.20412039352147993;0.669825065529543;0.6780929264738622
0.46096951256544283;0.3096144987791192;0.3461588797270321
0.27470958386903965;0.7220091608404453;0.8844529047407436
0.9891019274655455;0.7073418090128687;0.697218569448153
0.9181356194560745;0.5151655638152022;0.7871547109846607
0.8255642467272548;0.9997189246989743;0.4255654357934955
0.24430393311260923;0.1916051452184645;0.9755467014761764
0.8664533921704992;0.6293599641340261;0.6839596358422396
0.16340069715825745;0.1885163087890156;0.01351988503986612
0.3983565539426249;0.0629216085769343;0.6601955191781927
0.531519505481301;0.11144267702133259;0.5393775224408839
0.6693951307516033;0.025154172186533597;0.42411052280786876
0.5953376833778592;0.1952701059119233;0.22632116545650527
0.6403845018001626;0.9089391012934737;0.4877218223741664
0.5761048119027077;0.31162373796495735;0.15615425646683023
0.9701586334577603;0.6827740853352935;0.860590224066689
0.7367579731964734;0.1592527372635817;0.1454211463098367
0.8479346213021843;0.5081938182159785;0.6641655486268918
0.39535312228271347;0.7218740879364156;0.09637966425912359
0.7998699092423105;0.7554675968190009;0.5486861989450582
0.7377394163737521;0.3129921556231662;0.385918596626734
0.0007247438289160746;0.2584996103730758;0.6769795440728046
0.20405918220270114;0.5746882522479404;0.08496782723591867
0.37812426178097436;0.743341909497827;0.21821478175434894
0.6885022967502563;0.11564932360938052;0.5966329245516988
0.4972584300224978;0.8517940627176176;0.18337104240484703
0.8684091473061973;0.08356970805940056;0.730541841468869
0.3292079895883562;0.8376614800320505;0.6055676037420392
0.9768556179122746;0.9767167100928097;0.6401688065691299
0.5944749146035381;0.29922938297372603;0.26422504370075306
0.29723433761354023;0.6743072460022121;0.9392561370744552
0.4223312373484227;0.1915306566922974;0.19732979880130241
0.37532056012593173;0.05880843553375159;0.8719843399760528
0.15008149633025736;0.38520127030599993;0.5177593659085568
0.5787692859983459;0.9987561976953626;0.333910684928593
0.6127332419527171;0.27493483568981336;0.27370945654526313
0.6929277929600737;0.9695157291722606;0.6099970330075429
0.36198868353844693;0.33246162512418664;0.3153440272596093
0.9123506613481102;0.7337870967536867;0.5359205635438702
0.3562536719425595;0.8759074436674823;0.9370012163953187
0.8367135067849523;0.2879935606711532;0.12556878608884903
0.9291526572538413;0.13403923525497397;0.9239814756169493
0.1858939090162134;0.5852378388975229;0.6113034120828378
0.03089013926682882;0.5728620891664621;0.7517074666661664
0.4961867726677526;0.5595731385229773;0.8725555583861607
0.38135789743486503;0.22002504906776166;0.2219602389131513
0.6169311116775049;0.9168894093851752;0.7442133170780709
0.21134968065446957;0.20346964814559299;0.7793573054762079
0.6719602757725013;0.32136292195906657;0.7991651920241689
0.2897928284482496;0.0976243914344479;0.8095074480486079
0.28984090199681845;0.8180308527180032;0.4826506922647966
0.503025014584995;0.5220213900167211;0.5808392949511944
0.8914713891887435;0.6721152626715445;0.8089900597395948
0.06294540474152432;0.9263318564977197;0.25427313751012026
0.23976939404092912;0.8942838155732942;0.18993026126197765
0.29932745131529814;0.3643934643629859;0.36413433348045
0.6065774082394502;0.6370906580221747;0.151755735956967
0.941358447947393;0.40936269222385246;0.9837429185932028
0.06041023398409129;0.7395969983623119;0.4489830807982096
0.7375356519343816;0.8796746586686583;0.3911214359235339
0.6455164227563509;0.8153753586456316;0.993365198446111
0.03415520529706806;0.9989066615156695;0.2265128129290095
0.56760816786521;0.755926817078112;0.5412638680009058
0.5184395812772278;0.030053582309415128;0.6732734878519727
0.49081590138811304;0.06158901250857041;0.5093836990153913
0.10926914957924772;0.6495267119347037;0.6356114854199861
0.539608465051821;0.30112284047924975;0.9239782250332635
0.49435702098227097;0.23157451169856702;0.3002891664276842
0.24199737275539868;0.002888083308653533;0.3228543076316339
0.15482368275479064;0.9069216011210296;0.7424957658093381
0.7109833288088986;0.7187258525289301;0.6722202296460728
0.9358858865177265;0.8454664623181445;0.6421548483194812
0.28134714547652695;0.40447573483321997;0.835322954971367
0.9472740800144789;0.4700611937168879;0.4684886454618097
0.64732077124752;0.27386773176043067;0.24623544523030338
0.7910815146037694;0.8966200291242802;0.5415615519925283
0.22204597690608174;0.5584836453915261;0.7418604417310868
0.6198656437457231;0.4061925989041949;0.006646792745499175
0.09724348464496835;0.3690629611265439;0.9078425929768414
0.6534834861659733;0.6695273904423656;0.4253821617322642
0.5145368344774681;0.0405950098029374;0.2557462311467167
0.17000838747539426;0.44823211346876446;0.11904975005697815
0.9828703544123146;0.5556823102976408;0.35913055944116723
0.0023467530380144597;0.6356459010951163;0.20394980753785663
0.3316858578562617;0.2507104162130491;0.24803509219191278
0.8821607357816209;0.5297661428548708;0.386596836053118
0.808261499085258;0.24349450875033685;0.5759149032408274
0.8671616794134355;0.9429748301490217;0.9606033152677107
0.5548916910581646;0.9531588913810514;0.23452563126311532
0.60466477252579;0.3289280046965303;0.4443180991587862
0.5588502400558968;0.9873206032357926;0.901213410364588
0.46140887617124327;0.9581376460105475;0.712215103285177
0.3354775027408632;0.35711560930131314;0.5183859560323301
0.5035077076981158;0.08730341628707206;0.13314081765947816
0.9689915925341465;0.9969938617418789;0.42273522696286847
0.3956506652959977;0.8098311624425255;0.3831289164323948
0.31207284567987414;0.06840216689670786;0.08750865638070315
0.07232859971733507;0.8660075682306451;0.6292373676996201
0.5945229775204642;0.5077280657417554;0.18066436456738832
0.12858118880499814;0.24554540873997155;0.6699210898917679
0.6100951453178769;0.9566576457122519;0.5611208526642938
0.6358350781763358;0.1054419139015711;0.0026936291200293505
0.5907151385854134;0.2746501273022621;0.5073824658840761
0.8353019872783581;0.32724262648163305;0.7337863644348316
0.2002056638969033;0.15684621175379188;0.8637892057210946
0.10386063540966128;0.5130895468172434;0.6402714667472875
0.9193524528993466;0.8077990803458305;0.9333763753649238
0.5956406690154741;0.3262909865596144;0.31972393746969496
0.7871003230432934;0.833559794498895;0.7142900527017739
0.3886789358515512;0.2814797901358356;0.496112196472165
0.5601500602038173;0.3386208452210011;0.27478144108746494
0.2899544585951651;0.10653430303744749;0.9976156113144021
0.6905979712949519;0.5113149866701389;0.496622234909611
0.584137990653245;0.10950933749637293;0.286394392759742
0.7199587162959669;0.13736667819140946;0.13452561181509093
0.7408820997943503;0.8447259073335678;0.5759008849839715
0.8933925217497438;0.8743350243985222;0.3157794633748293
0.28906290538945023;0.42768859309192675;0.27458031973634944
0.20467244940502038;0.32702180938184566;0.7130610383849646
0.5654525315173955;0.8497856596843009;0.09304914215263893
0.9839715598834673;0.2596551165498632;0.2510783491971127
0.6684156007248263;0.8842637292867064;0.11877256847661755
0.09012987556961083;0.07379840073419242;0.6475958829175709
0.7247155250555983;0.6174828834148188;0.09996029754677727
0.9188441142128856;0.17533965546958397;0.294853065910216
0.7340766563788822;0.029776397524066467;0.12196463254789924
0.2933241586866254;0.6033137004934427;0.2285987354574852
0.028971195824327722;0.9330003115594268;0.6721887156938108
0.16871608519802261;0.5252346223000023;0.8099689032186127
0.4757093017214873;0.12974800676431752;0.3338460488242604
0.9814657746594875;0.7769365409380614;0.45035740592339335
0.9996480533987092;0.4116529324964444;0.8175135654259851
0.03339509283472486;0.11694573195397173;0.727836646880905
0.7059271827586023;0.8885695737430478;0.1450246933441699
0.8136757444379128;0.3957853845445398;0.6650797152512609
0.2289900454967293;0.43266746542322876;0.2599670428290778
0.3519999067488607;0.34032176485414367;0.3121525808058182
0.683080214991681;0.7247713539800976;0.4417573092559649
0.4938647884125793;0.5218453417386616;0.6323503604749272
0.15661178941636933;0.09706321865166312;0.3572674149585978
0.34460076040607746;0.6738650411978896;0.5100289491035204
0.34255575708204367;0.49371871961060776;0.8475649976290345
0.43921620957602325;0.9491230974144967;0.8939917819541194
0.5277664227415081;0.4490244993511865;0.5017388111670997
0.7957345822413897;0.8173747045810494;0.7117093736177244
0.4168212302418465;0.11692219842200813;0.9988566683313843
0.04066125066935333;0.22395222481671606;0.48340140835771994
0.6966191083254483;0.9417824723197127;0.4378276009283234
0.9252356260309275;0.47508406844770423;0.9322523325147045
0.30725915115106406;0.8588444884731626;0.3280329827982785
0.618179582371734;0.13919125498933815;0.48349397709416897
0.17777279487083453;0.7060831226233149;0.23298238723696596
0.6649013350186843;0.9566811251487842;0.0013489725055846336
0.7019218100418444;0.16853551219186735;0.12151060628257249
0.5556329286246865;0.05567169895592883;0.1187606754292242
0.8273326844283115;0.186429953635587;0.8663995064395527
0.402249055127733;0.10657828956535642;0.48365042720719587
0.5880654903273104;0.05923266391680071;0.013810563827613254
0.39042591887203826;0.922715495771446;0.1615399287244318
0.4927433109329119;0.24462249085191734;0.25515512240163707
0.7876281249973547;0.3857484826654475;0.7166615964196672
0.6995270462680816;0.3438805544057244;0.2262753096661967
0.5491015827198339;0.984632957292218;0.30472654515116093
0.2606907831569464;0.578719145957936;0.06340085074239743
0.7436065751992657;0.34041017627880055;0.325284989933055
0.998769787529163;0.4675254723364294;0.19382634586843084
0.3310891532009209;0.06822819347269227;0.6231526447354002
0.2725629306916132;0.4545980196016428;0.1232602047197141
0.2945320920976088;0.39407423452029;0.7372992279749074
0.7231972295586803;0.219282801464869;0.7474717237896442
0.3403098223585266;0.666210776280752;0.2406477135577062
0.278177472938974;0.7643683563477284;0.25226895923087334
0.9484491680545034;0.7592469723274405;0.38155314969026444
0.24190480360756816;0.2071121385482413;0.9720982473452695
0.47073463470235577;0.7065083417301734;0.5193273133640179
0.4475582817291174;0.7555193965697946;0.27655683489937655
0.06597975939007206;0.9402507057534027;0.27405882110728597
0.6986710396977436;0.303844342024179;0.6362418044013591
0.5415701572036236;0.7819360987748377;0.20731483654559024
0.5707035546416688;0.44662513930866166;0.6476038179629574
0.5685825305546666;0.8699501163103561;0.5876887649616739
0.8901606334205707;0.2612496753921646;0.39354137821065704
0.17985938388574063;0.5756420501202267;0.8537471174781309
0.957231666648891;0.8605909376313583;0.2131692886547597
0.5029662007240483;0.6511836925178772;0.732820964602619
0.8557374968528586;0.3721325437155232;0.6548810143273907
0.04138532725616528;0.8939726672221907;0.3573952994889821
0.5495699286244723;0.4865779926044711;0.2668406665521198
0.7592521395092166;0.13848389642264647;0.3990685640644063
0.7658301364525233;0.9606019061347566;0.4643523251803354
0.49072931878321946;0.20353473102773445;0.6188171104717738
0.5205541729721485;0.006875157384980568;0.026108913623761887
0.33113761440993517;0.06422726490141661;0.6743710483160597
0.9669676621428975;0.34118135036443054;0.1744739478807139
0.097133116854353;0.7662924181009736;0.4184250176928863
0.5163507330985504;0.06006991920267701;0.8946785289764746
0.07238269302551581;0.5300344771228721;0.9398053097788865
0.14683672714203155;0.5959810908392399;0.05872972858237202
0.8167579817325972;0.9296386053661372;0.18384142592766184
0.37723524561561217;0.19850531570473595;0.6917383599485496
0.2292828796959312;0.13408558477714405;0.3737726732571649
0.23174743037870593;0.6601948472607152;0.5485745370299833
0.9722313996130166;0.05017154850973926;0.9682859610240071
0.8118637259226699;0.6749336469750146;0.40295372367375937
0.12188290934212243;0.894346450350215;0.21879190646900248
0.8732142489922068;0.7105946582850194;0.21715238047206198
0.35747175165545464;0.4882998775916553;0.1617261578791782
0.10737498716240068;0.3561702187018053;0.7531462217305729
0.8871149207153978;0.39884380332093106;0.4818360631006833
0.7456887482341529;0.6649294620907623;0.9614837847421819
0.5975858448583469;0.8405457627308965;0.2950281448107147
0.33259735549000013;0.06683852821296055;0.6059870837675139
0.9311570193616585;0.03924273461429517;0.5020759910821744
0.0919956027051253;0.7470062907804944;0.29148247660162396
0.879443242044602;0.19125543751845486;0.10641610583465966
0.36397562195381483;0.29842783957109775;0.3338615548502012
0.06888165690138193;0.608959888354731;0.3385102852366102
0.25809015493908427;0.6808613705760697;0.9864635615827976
0.015082089056473014;0.04904783671935431;0.5136794773631378
0.27830728967864393;0.16590069357478177;0.2155743897603558
0.3320363950087455;0.16053711464630216;0.7683279617857491
0.03412413014960003;0.7935690657830057;0.8290523454523069
0.21643209205665692;0.38597577595586074;0.20372908173638393
0.2570269944731497;0.7065006920259385;0.9743380911232052
0.8605548596039767;0.32477537608318363;0.10365723277596695
0.8345307481107185;0.035016498942085916;0.07150652886918218
0.5568205080798053;0.04749346401245569;0.8388366058805892
0.8491099040076772;0.3551234126670074;0.8430855009867398
0.6875424738093742;0.8519206002183517;0.5968513121163279
0.18832307313756458;0.23641833422050218;0.8628148652648866
0.34388617397232213;0.19464651458918136;0.8846918525373327
0.34494212052632334;0.7041538881398895;0.9324193991875247
0.9737065831058045;0.5447972506104912;0.722323389037003
0.39040846505495663;0.08627752769907837;0.2664165659101211
0.6935109597592019;0.47772601314294927;0.3565754521239739
0.5564348954035369;0.5455611271675069;0.7676069923432286
0.12968362183792514;0.7963858811737315;0.4795285295355153
0.3148575173743048;0.149691106471583;0.08210249432118488
0.4362033046953605;0.19551172891293356;0.3532883982807974
0.7824047737415375;0.3030864348259321;0.12018789145061715
0.9415841608212541;0.9033978085925731;0.559071748273252
0.8014973216277766;0.7823646417267724;0.8160629189460352
0.09901782282538807;0.5504401781208327;0.31242700296044057
0.4797712076020858;0.8271249710682467;0.9576402619679943
0.0563282617185874;0.10140421535401456;0.5678176340913822
0.7732592441419476;0.54576560607173;0.5870680712442573
0.6315853593549886;0.28589676977196765;0.41273094086882267
0.9016367243450286;0.7464831041069326;0.6329751806971254
0.7990062543624223;0.10521253337850522;0.16795891073761937
0.18475008581067576;0.6670449418239812;0.1620969963477008
0.13912244110251037;0.7133779658227313;0.4997432613580921
0.5359114479108481;0.8666640029047322;0.5199277578139825
0.8013513740949901;0.6101950741052116;0.4624309404210798
0.6417183409556395;0.24818422895940517;0.20204456140924199
0.16440233082383504;0.12139884504275356;0.19482490536814523
0.8853008730733126;0.6838946841585405;0.7029478417570502
0.18647929683369513;0.3206710420914435;0.0002303385257446111
0.701841261142454;0.7157772359493882;0.7202786729147451
0.686146020472516;0.35528031640724966;0.9724538343626553
0.5023899207896305;0.23252846047057496;0.3101520492231371
0.3704937506143149;0.5569892641044959;0.056997905175329655
0.21746510271716346;0.6076825597670351;0.871706079532684
0.5767870774838146;0.9545360517548472;0.8824101156545028
0.7525061151511161;0.45560470835328715;0.44270071142667045
0.029498014126966954;0.621734046840636;0.9131057759914825
0.514079854105804;0.747940641385918;0.2930978684175909
0.0737954217356499;0.5158300058783905;0.05926382906261107
0.40173392168437794;0.16362672534265932;0.20403064179165342
0.14821817177175334;0.9158327266843479;0.46448630672191293
0.5413174349227332;0.9096573718298162;0.9081332438701721
0.6655195683197392;0.12296124707937639;0.8098307619001546
0.7462039628468339;0.9136216860343888;0.32758193328435914
0.10411401036390389;0.1323026411966003;0.1856997613323519
0.028660718996951884;0.8395629358249515;0.1734355416595642
0.25462186582600044;0.35852167662952705;0.24896993698021652
0.39075354651922;0.2800501518227141;0.4539673473955227
0.951496445132097;0.011003766551525351;0.8176538074823181
0.5575792253444564;0.47877624396427376;0.3592662111610214
0.43373131063904424;0.39888423734335865;0.7398989678528084
0.007584095382311529;0.001246392394627427;0.43739251484704456
0.090415634621975;0.18510055605111853;0.5875910462250933
0.17063320598967113;0.5588803972426264;0.897630163997062
0.17190412020804446;0.20523262487518934;0.23136382340799266
0.8179342152054156;0.6218393109275353;0.7588881973999111
0.8778603263380039;0.016031958506923627;0.7399347289800883
0.09584707926204106;0.09546757057744204;0.8775947332837767
0.16246881636890664;0.4609593420073511;0.7528168413656227
0.36701302559525817;0.8490311098020051;0.5267254211815254
0.28066304001742504;0.0350472019037501;0.2563154169636832
0.4431217789693982;0.6872631904901144;0.3540515452614933
0.5095285837562962;0.9814302715232283;0.4908022836145829
0.3645501565271837;0.3031308511816744;0.2744780198994754
0.5470223012955556;0.20751596846873221;0.317072445391938
0.48203601181757527;0.6248243725513333;0.30435904228532573
0.7584367879728231;0.4153764975540061;0.536221014522029
0.06873390213564534;0.03376629138041287;0.4653366396546411
0.20302805022073966;0.005072832615066858;0.7943374705843096
0.8831275036693804;0.9701602009367629;0.5603142854243934
0.8737393049221852;0.7118164196345343;0.7121982118236598
0.3723318019444727;0.23370683659429936;0.6385561563799543
0.30112619539659724;0.7207641937512825;0.5063620912399412
0.31741600431053396;0.8774188849747121;0.9439081602129269
0.5753338227324658;0.49361093230648534;0.5425461105850184
0.1318301799553423;0.7653629220378545;0.3724202644445155
0.8873376914465336;0.8682673088578152;0.5213822408793545
0.9912261829434361;0.8403668591715953;0.7862726137641053
0.6060980000241106;0.5526039060048477;0.7770535983742195
0.34630648924216445;0.604585865806903;0.5789111940002332
0.9481872208012425;0.11770889718048527;0.019680813064836822
0.7423313537702074;0.7266526078289425;0.4955985294859304
0.9520092881055527;0.4756774413297631;0.44586848982570937
0.9583950743577238;0.13959524950752822;0.266780854661664
0.4617433546806061;0.36284903248109646;0.49038646439466416
0.807174434759355;0.5784024466332541;0.2956643227445045
0.7012756288169069;0.22042719040287762;0.08425067369761519
0.934402532119985;0.8398109775778323;0.9228398247462968
0.38883075382908105;0.9762407571455081;0.464974276295369
0.4555083215655402;0.10066714373960572;0.1775827206856283
0.6696631766659176;0.6819154712559585;0.544711531058655
0.7074853666423825;0.5082710048985866;0.8075469335617464
0.7549741312485738;0.9411180235166225;0.06931224758000754
0.4148533887888606;0.6388443600191503;0.8153842806471067
0.5736561417669641;0.9270263931142824;0.8500773423902742
0.45518596416056434;0.1077934886913331;0.7386396019796764
0.09081225258029957;0.43552750552503783;0.13761154402198983
0.47304806702060853;0.4469689679886386;0.5685194157457041
0.44130953427028197;0.31992638014646135;0.7705190043470028
0.7971699959127129;0.7713698246851515;0.40404148110198046
0.8833435569806798;0.026503339045018115;0.5751860843669553
0.007912735485079425;0.5195005857538227;0.5205273114810621
0.586667763607464;0.49966729826281253;0.5183356468629663
0.3083858200243452;0.7945214870423677;0.7693628178233497
0.3790504133011289;0.7996354883264476;0.7659162584392684
0.03683632244271595;0.46269699505592843;0.1240916743034649
0.4193998297131958;0.06025485721645629;0.8525898017377056
0.8750662002747934;0.9631118976587161;0.040043146803614205
0.2440416459001129;0.8690842896925144;0.32058514606323796
0.9191864524932957;0.8117001711527977;0.7344300219746206
0.9841302798727147;0.8993081769532285;0.5159005520016723
0.4042781886953918;0.47675236060949133;0.6599523289465368
0.5397245156740207;0.599909040344072;0.9581161635566141
0.598176822180949;0.9836477776674126;0.9621495024123193
0.7891949044133583;0.30840373165986834;0.09993552755285107
0.04282266318574901;0.5878176023530665;0.7843160011731226
0.5289920056223547;0.06131088764442372;0.09922325773354246
0.2561892825329448;0.43625343032775943;0.5446132215684473
0.16387691482090938;0.02733794719113969;0.7479524150335002
0.6168713818237795;0.8535183653763578;0.18891935606712318
0.397588459107194;0.5873449282331928;0.9570275293635181
0.22915490131795602;0.08149907645397547;0.2806587079312991
0.31902992024546395;0.08866683914669304;0.4979410162149357
0.6401862002683587;0.8107364726805927;0.824505883141072
0.46221137918166155;0.9343754000195726;0.901629775976479
0.9108971657961995;0.2092796201557765;0.8348277623617714
0.48321358096752276;0.9187676666370795;0.44444249805489167
0.4129489151558433;0.8166849045039285;0.750801286514
0.15198147167696896;0.16116532859209598;0.9152505840643371
0.8770884344086135;0.19989015814843647;0.24816731362508093
0.4763055931765068;0.24134817616695803;0.28114166096123405
0.5219292925515724;0.030211244326839637;0.22997113270437974
0.8414401270042133;0.7026079732179501;0.45235331649143107
0.586421560027385;0.269274366323915;0.010366701576920878
0.6896269853238729;0.6897443536425832;0.1606386768244179
0.059170983155894974;0.9977785357766199;0.4735894632162696
0.786969211685445;0.14320801254992466;0.8759706326043906
0.8298270093290863;0.942836748918961;0.9828775021316526
0.8511360972124629;0.3398452373130505;0.8206147806464639
0.9853997532468373;0.25118799777059675;0.8285302895670724
0.12102682565849565;0.20402378824609857;0.23758282300104283
0.22387946947896087;0.7778327456622739;0.08078724743087429
0.6715738573389369;0.34389507684052456;0.8391774371226162
0.19718725624195965;0.5471980120142514;0.16591887556642548
0.9861684431740143;0.2623890310269402;0.3169726590712315
0.8777979813426078;0.4776887497968504;0.991934429391413
0.9263318774654486;0.7665965026007662;0.9730784061216209
0.7538852961202798;0.5517809975630927;0.9523876399216444
0.2714916872168759;0.28062004073229097;0.9839869605906287
0.03852577389844081;0.3735472210960674;0.972964162051972
0.23979776578004552;0.3122846875089226;0.010149240365707413
0.2090815618509041;0.8819113291046492;0.5717085331319444
0.33622740633313697;0.5684252818086087;0.309063781749113
0.2678858008228462;0.5492085933453158;0.633913439043379
0.3057899309298311;0.29329985503738165;0.6101566676485152
0.8256650627888995;0.1391506500550308;0.5286212968314815
0.8981289869209778;0.11712855693236057;0.9070618306864383
0.32024661556404954;0.8251804927405454;0.19219664015246174
0.8009942963337485;0.22808537336112167;0.7592215084968849
0.5235006718878352;0.20582365010507375;0.5637562873010388
0.4307728431054678;0.7907292666328163;0.38978158427734066
0.06104392311089213;0.7394309591986749;0.012138198201766093
0.44517459579357654;0.23927611805512095;0.40273661834585883
0.4097989963332477;0.6071117902067082;0.07146823410840897
0.7308095366666757;0.12405142837036465;0.8191367027874666
0.7522530734984382;0.7128355754635713;0.8717880330136734
0.3338153098683072;0.37519588840627194;0.04564413919604915
0.3952317153057151;0.7096801127077935;0.26430171685977355
0.6901994581110761;0.726999085009436;0.20271362592435826
0.8338589753462017;0.9590753528737455;0.06453361317397743
0.2373671074895578;0.24458223242069788;0.06252436980212017
0.28794090871387457;0.012929557022464233;0.2467259354815723
0.42704333035304687;0.31265173526911705;0.6011780105578224
0.8127371304079698;0.5577653194961127;0.3279153307617545
0.41977041388844794;0.07558810565434293;0.05563118110822496
0.764420212591351;0.8275119746075464;0.6717257428121792
0.6078073965682086;0.8306349481853933;0.6347113576789633
0.2562419922976751;0.24752521579297693;0.5625199047722965
0.6141162056730255;0.12336369557642424;0.8181935637518706
0.9725304140910211;0.4705500410299246;0.20684363175474818
0.3192306294481235;0.15361161699440595;0.6122754208442225
0.4547537190048411;0.8047228175732272;0.5779633133445796
0.6833338722163196;0.14322760532378176;0.36855936923455335
0.09159442616447766;0.6510823748647899;0.7092186105646386
0.6050566563275726;0.887440231169254;0.521385136505246
0.14769801360432233;0.12150927345980078;0.4869461122968165
0.2711972363062972;0.1319205038933181;0.9884538350500349
0.48894549833594647;0.03884228701216319;0.5069628682981665
0.3852183804281505;0.270974501744929;0.3665231444391366
0.7693930430679368;0.448206969343546;0.4796954047162231
0.14170194844922546;0.7909250274657968;0.5885974736504833
0.21075112264773965;0.8014687555657244;0.7117820087911823
0.9071518516876633;0.469939881051158;0.30234712706974887
0.41246225071482845;0.7871687401294116;0.6080043802649189
0.07585197255025145;0.5685436762567642;0.8254965160147002
0.7668588590394343;0.2324699935515352;0.03983452811632526
0.5774851353785799;0.6110074373484939;0.6196604694252112
0.6290940112721611;0.572363443929033;0.7135363781948106
0.18467360780694952;0.12100997091277865;0.9586294457109537
0.10919998527257824;0.5710011842093812;0.32300036198033866
0.04546975927671992;0.5465965176476822;0.5069748211004909
0.8430400921099865;0.8507411581457557;0.2509574111273889
0.6837201089333326;0.819186150688975;0.6313907131059403
0.8799899482494197;0.5156535175532118;0.9949222068642262
0.47190358407501765;0.6631436267500224;0.17916550876633097
0.5836072501203224;0.8673181438870221;0.005807579132123819
0.48403257414792156;0.022854277627260777;0.7193561005575259
0.49815631341677413;0.30788239773636894;0.4056636787757414
0.303260737801603;0.6529433389190028;0.8749200799114165
0.43329019771271715;0.5531964535207331;0.9799619172149232
0.6880697518356609;0.07259442275673977;0.2895831458857423
0.5320765022141027;0.316340342820958;0.5329125782091957
0.1238577208417948;0.8327488854549803;0.6463764807987672
0.09736648922707947;0.9246175529941393;0.4797668695607077
0.23216396260227246;0.13280999421907935;0.3993559312580238
0.15454013008929557;0.8161807566642691;0.8566873333821555
0.27575106407672667;0.8329668276389073;0.026384001934921852
0.3501930221210947;0.6422308458492479;0.4133404682118129
0.43243936003063044;0.7704065569081235;0.37464086922850404
0.18543767538841793;0.47116177103534185;0.7747759303291594
0.41855521202875434;0.39956440605915833;0.6647753930558772
0.6636347305045311;0.03520994395115984;0.9367193304617702
0.9755979336331387;0.13975926273341077;0.21998324631310218
0.5982554041548019;0.5712509942645573;0.9265847184738147
0.959310918185911;0.120344639600662;0.850390037309781
0.8406436442804603;0.7939092721333915;0.03756714888992119
0.6790453288748961;0.847093892872287;0.7320649482643933
0.1435348775482832;0.8243803570256514;0.4883086226635087
0.5502369774448618;0.7532947233425057;0.6713163715808654
0.28073220715186753;0.13858857282557324;0.026857029647746722
0.5119662845105875;0.20489229776311557;0.5343135777169284
0.26598057844426437;0.7689074957048686;0.3409459630867241
0.18901533334481346;0.3028744211866835;0.22684875623028133
0.06349500598015267;0.5325238044996584;0.6393610427282835
0.14245433427699827;0.693901343178481;0.6041477975914746
0.48905071509102527;0.8227586585692998;0.48030066310754005
0.12029802458871985;0.2653613076078697;0.33256420310196144
0.9778681935083723;0.7130970495949946;0.4153816319170276
0.006676304044302861;0.7115732311444471;0.4406950526281216
0.8655472108395387;0.9488760667171532;0.4910867232851098
0.19907959690391286;0.5944614797989328;0.5216985693471733
0.30232387522727644;0.12259119568998644;0.15168224266306607
0.8564935635168404;0.4580837030536633;0.03049758788123358
0.8091043537225516;0.4161897080821423;0.19041969411994775
0.31368741021046254;0.9728468427292946;0.21469189190192217
0.18874498183497734;0.2943618126530172;0.18185565425689398
0.3542933627372792;0.10382664714981893;0.48050199987061115
0.10122067074703078;0.2314441651425233;0.22816525279678368
0.9869053857483749;0.24397341188300425;0.6417879457209886
0.8130485496542559;0.12698396780090526;0.35260114226094585
0.8033044893394119;0.8007421364450302;0.7730268138227888
0.6814696435548238;0.2677469352328511;0.5664380101446332
0.17111961352229954;0.20610937554406172;0.8900477460126652
0.07046752145491286;0.500821466110293;0.9876217310693065
0.24638165881716567;0.20320700963984828;0.4694580726965569
0.26675254474259735;0.12299667878351384;0.4744530306882343
0.2621203777458553;0.359226421912368;0.026964170123751185
0.694992203831876;0.04641601622898295;0.9314869871887403
0.1579405904852037;0.9948595500653258;0.46805845720744566
0.06515564813185537;0.7074413415759786;0.31057050023404165
0.3033568130963903;0.2989470193459387;0.3668503272438898
0.638419398885334;0.6534491760456461;0.6110222517208848
0.3212824920296252;0.9979693291379067;0.5576957733273289
0.4989240512146319;0.5156989632071518;0.2028333551226481
0.25324125000510667;0.6103871990119931;0.7751609886589411
0.05963618525272263;0.42522552334876396;0.4248412882908571
0.04114765710225099;0.07099282404301799;0.439414534063559
0.312759038683026;0.9145598300755072;0.33465756060335594
0.5854442935300537;0.8121964776986548;0.47416575380812587
0.9502133960158254;0.6216069463865412;0.8703875620720015
0.405547360836239;0.793754516208203;0.7533922953754061
0.35957823967364966;0.10936475669976975;0.4937686847509737
0.037374516156982396;0.6603415012399277;0.6655805170871726
0.5098210229124456;0.9749389072859087;0.10359798982050128
0.21673310598366236;0.1767448411907262;0.6027914718766305
0.04624042903712666;0.13379604475510354;0.9585101511538268
0.13601800271861297;0.5651267109533061;0.26183223308683956
0.48575275615698343;0.7223049495641836;0.3979093352186477
0.05496907352472924;0.6438858057258087;0.41883453810611504
0.9743468874664261;0.4894878490648782;0.13460673445116667
0.6325584748843643;0.6746461786439375;0.2671347060136917
0.4975094574401523;0.3040501950694595;0.6006311751595914
0.2642185869871362;0.8742581159492263;0.7482941325852626
0.8059803038178303;0.23547265137501072;0.5876114636335208
0.9396726168730786;0.2488283348131184;0.4565538331269122
0.25705711634240924;0.5821356139636172;0.6668180588944009
0.3561903871120452;0.17161499675359926;0.0900336098963741
0.37789859675335746;0.06121047057827722;0.7533050035932578
0.6604593548501181;0.5406775881858111;0.4841357482986317
0.6360820133761967;0.9307710209072652;0.2769989178950303
0.4705804278190385;0.9558070471921037;0.1675787679484203
0.8169486593016465;0.5271401253301569;0.5733610330336588
0.2161676965909216;0.4328372773056375;0.41475063497848486
0.4775173150837887;0.8322099447513966;0.11148317790053985
0.022659383974495184;0.8782480581549281;0.7329201500452968
0.24504325343647992;0.2540719159208289;0.592297332254551
0.45694606252868375;0.8456930856781076;0.569505948012037
0.0352595836165418;0.7357877528782346;0.05804824330223979
0.3381889461236468;0.9095799276417885;0.7297391855352886
0.9732487017012681;0.4929964485467444;0.6528061237186777
0.8694353229240638;0.8509350137268183;0.1441561655570568
0.3483096391989472;0.7966865280236346;0.06140153631438505
0.7822348177108411;0.7688854797072137;0.32383318260071825
0.3611214753659876;0.7677221653750964;0.5054629515485868
0.5374388202599286;0.06278118776026409;0.786514923307625
0.00994094748663732;0.5098145331630332;0.38204895780933923
0.680241225039956;0.5705636220984993;0.1893279011470591
0.7082688814418776;0.4387388140323083;0.907750876861382
0.224251760883158;0.8780501172252723;0.5659247053336811
0.6904423593741704;0.8200016600297513;0.5672326691402325
0.06108304213612614;0.029117415854847506;0.9385507197129893
0.6098613817472566;0.7942225290879228;0.8055414221390252
0.050542777864771016;0.6261723330368197;0.3461760450758977
0.03186024267128651;0.022192876448739907;0.70327827713905
0.008312083553757343;0.8387572852895228;0.7999285109140781
0.7015751210926886;0.537847874402554;0.5830306877183922
0.5416597009208182;0.41595094023818024;0.25211965516549895
0.30147342468813176;0.6539534038078614;0.10781859854048326
0.8196460031205158;0.4711492891912462;0.05690606809697585
0.5495612515381259;0.7210097511341506;0.6750709914911157
0.25425595258386047;0.3188715790929475;0.06526593964997851
0.8211849580921671;0.4887316150985568;0.8723397587177901
0.49496649610609544;0.8004990234646803;0.384632731446813
0.14708981518585107;0.4662625588256618;0.8594101700159441
0.588552883747602;0.14271060677421776;0.5585140072792373
0.1991890957546668;0.17060825275274605;0.19895186662599862
0.9065107995548001;0.25968942114307136;0.8790208938182567
0.07344832224401387;0.8682688967360007;0.4448270074264826
0.042278682845783955;0.9739848309890726;0.7267563758206754
0.4621804480525292;0.17613486667086675;0.9611558042979944
0.030807267415017048;0.7002528176649061;0.3449463028291585
0.28794798634211227;0.22649979986272828;0.7111760564091909
0.6006033460222618;0.7678827627932311;0.43275970359585036
0.9147960928932388;0.7497856210158562;0.45574780773855605
0.9101188692204825;0.39320561225855755;0.32654256243774105
0.07446751763884318;0.5993511768703601;0.3635539350915833
0.9076751386575762;0.8799155935690242;0.37327501345475256
0.01201407898494089;0.8606039256900712;0.8418871222269974
0.2823239912707921;0.07310403002556609;0.09500349132272201
0.6575378208994083;0.5012208750029017;0.3478297202630575
0.4794231623117806;0.9803958989825825;0.7956286345999181
0.06453504622386719;0.4553637562698276;0.2710404620041712
0.7187026403962138;0.3190778624531614;0.11823824866683852
0.24250608411418628;0.6031293150851635;0.15362048684649177
0.8723501491115386;0.63248437357154;0.13299113168695464
0.13189635425061497;0.5595754880175848;0.5479792064512247
0.4145138719552033;0.7556705633963327;0.6638244292189632
0.15093491788012736;0.45826592179145553;0.4124621038252302
0.32525457318245965;0.2031761057313104;0.014946580044883251
0.5772874241490642;0.3051784495874138;0.1669479209926098
0.16288517490297716;0.11614152190546789;0.5208802056581213
0.11550071471091872;0.8807925366618058;0.8793985236981174
0.46108148792998693;0.12815828101322535;0.29692143996273024
0.5985803849740521;0.46400324285676164;0.34588486133273455
0.22331092828841503;0.33334752119895783;0.0939868711677796
0.8811766421248788;0.06408609117269848;0.8646472189345323
0.11810317185108743;0.138955672308824;0.77361867036042
0.8854446234856014;0.09755423019701481;0.7590849398187525
0.738370151996356;0.7653383491089096;0.33130815981551787
0.8935615655972147;0.3414500445343782;0.7835465402533629
0.6955501050906346;0.1648597770707667;0.9162714436775047
0.44351996045789377;0.21027733634377688;0.10225707803299933
0.3042689145606591;0.27606550299029387;0.4130914338222851
0.9148450062285828;0.0013085261216708721;0.9472524957393389
0.946625567862195;0.025254489601202357;0.7064198449593359
0.8915265181334537;0.05724771271336271;0.31508405843882736
0.9273017356474778;0.7828870830515255;0.8084239494081946
0.3810756153942739;0.34334484026268164;0.34132801964944715
0.7712458981480816;0.1711956999267954;0.05983729170087437
0.8063614912678778;0.38956756392862135;0.837658650351518
0.7410479347647484;0.11066674036785518;0.5362841159501336
0.3078875702884667;0.738761672325328;0.9963760696553678
0.428491237227273;0.30261508917551616;0.6273516810194619
0.009638355432647239;0.8127007210636467;0.3128386652097638
0.131788304573619;0.238137885133185;0.2406786781768966
0.45690742734621637;0.6001602936532682;0.10648007759650657
0.9922115613859618;0.5272726631739475;0.11429523615823556
0.2656125308880041;0.39275402503990275;0.8543898938832198
0.4059213677087603;0.9433881614075849;0.3291767726541277
0.1398091509702173;0.8276187262119123;0.8473343994989302
0.3366780784158613;0.9458220601677628;0.27983102367099
0.24782489246658312;0.8661209376818204;0.7455800774166532
0.6381645493364261;0.8483585514606314;0.9451613157611193
0.8436697600016125;0.5346161243938362;0.47035622018746015
0.6638777298766005;0.028119648124142027;0.6520396384657817
0.5942920047631558;0.924045017432553;0.432664680856649
0.18088957075987855;0.07965021336369382;0.5033317515778315
0.05444225706047834;0.3987143316209647;0.4925232980239974
0.20838893300885564;0.456195570201149;0.5767577690220002
0.6538813764026711;0.912494868063276;0.39728609515434166
0.9532497160765575;0.4055307616717768;0.999123014487999
0.8127511384075683;0.5034126416480009;0.6718756252549383
0.7665325303044573;0.317572983127702;0.9459271114402168
0.8105460703206956;0.4371763809801107;0.29415012543103713
0.06922318201084876;0.33483408323839536;0.09020710767841555
0.6305729043224444;0.8404388328358287;0.439008523905854
0.5708161368872342;0.9147556019889581;0.968097773613898
0.7703869291947072;0.25123252536441854;0.6061263803263958
0.3987111169034627;0.13956498067181367;0.5947608527357887
0.7079600998386344;0.4721286443813876;0.36575052508705763
0.18424739818783642;0.47740646052818203;0.8543469162006302
0.1408853035490265;0.7342212229002655;0.730450900661983
0.6991830745803376;0.44551508943228535;0.6059241239820219
0.34761364006206574;0.09099747461316454;0.5836399966315813
0.5609393285486877;0.21418509387247409;0.12665490116015365
0.5226377231202798;0.6851009655937236;0.8623562897612475
0.6165385432309791;0.38379468748857315;0.555048680447953
0.9570631208343248;0.1805437570312005;0.6655857386899897
0.4957388769968478;0.8266060847903958;0.006975383227378229
0.18541892783456115;0.10675489565322283;0.5311477916326803
0.06196600304353217;0.49928518467012306;0.9609790867191841
0.9717929051064158;0.47908416592029435;0.9781845799923883
0.020926130926080533;0.30610461972190084;0.5509865473143645
0.49596909583543414;0.6142024675007304;0.15398968308603855
0.7202745696456979;0.5799210588230705;0.5023450480883156
0.7492183422777147;0.3656070040801931;0.9832166777358227
0.1258063551465164;0.37641637831737285;0.8566735684428758
0.6871048060037986;0.5553689923329863;0.46150692913519564
0.11865211802778652;0.28232640562842204;0.37961164845999695
0.10313726043586435;0.9131118423621174;0.9359294080145886
0.2382438752649585;0.9708013818011406;0.45080523701626396
0.22302752857329422;0.505498547508965;0.6758038084986921
0.6233902990703933;0.365739596216906;0.46947601215826384
0.6735697130516045;0.31150339650340897;0.20140933806908423
0.7180043376308404;0.8483684176159034;0.3278682314194288
0.7632572282968607;0.22860625318136785;0.3308807182853659
0.6945012263390753;0.39395641558691363;0.7842936060755058
0.13241114047796676;0.8645970246566519;0.5854235740190374
0.4859394576944984;0.35332792984904604;0.07842362674574099
0.961479085590525;0.14074487415763215;0.7483388898077157
0.6150189936635732;0.6988806270634249;0.5107007384941693
0.37431068790385924;0.7743402289576415;0.39436822698123963
0.4574692938036381;0.7971930190232712;0.4600423015637346
0.12435122796237952;0.1738865539075154;0.5525921574821037
0.12616905751925456;0.4610729571092761;0.2630794608411602
0.5619447112131687;0.7236540595180986;0.1576690316689181
0.8139730399395599;0.9539758134376057;0.16644391741994957
0.5660702712619607;0.8802748625045037;0.4152072267769312
0.3939493930925163;0.6095136990511673;0.29000812278744714
0.05965478268836677;0.8435169015637619;0.778508313091554
0.2827574117475251;0.5758377919890553;0.4717239963923312
0.6797479446224707;0.006223157620393938;0.25108528555089515
0.7854037343596961;0.9386269689885316;0.3639775824696482
0.1397005109829239;0.42342597533624826;0.9432517741903137
0.023595551848571983;0.5594860799748005;0.25019742067539896
0.24110944954359703;0.7307633188868484;0.9871128159877415
0.35792180682699093;0.9586510049811952;0.26483290636228096
0.05081918984159339;0.048084323803992635;0.570610367014565
0.3238227219856953;0.9865241208821736;0.6254249412798094
0.30512736306444865;0.463379948501079;0.31589065701399377
0.6512653453420534;0.5050105718329306;0.8012891942490697
0.2023003246644821;0.8966167560221432;0.3608784565016271
0.37619013468473284;0.9620061159204949;0.2539301164264527
0.5330345470232649;0.6327902660864081;0.1466412558194362
0.4639828630420588;0.6201521436534024;0.5295264151418291
0.7075714672184074;0.29197766038414863;0.7943802588717522
0.7783074523769911;0.7292042283504221;0.6694258964875708
0.4297329783442363;0.2937505746156801;0.8830608313766536
0.7217684395036795;0.31106039509938377;0.1688151824347226
0.0990585592148363;0.04254186775023294;0.392559397461569
0.6687902453963944;0.023753201472858088;0.4722322437123254
0.7243356942792448;0.38088110286170096;0.1899472990197607
0.33002731440636;0.8085339339090832;0.5072279961413924
0.6409673129267626;0.7126772555996699;0.9587949609219738
0.7500650755939293;0.056408244779461936;0.9628196234293483
0.6743072289038095;0.8514110936752253;0.6587313669849796
0.8268579388301388;0.9134744401089543;0.4946522844414697
0.04617970212059308;0.8846777123082022;0.8056959463362219
0.10781530231655001;0.07443705735111772;0.024750956289740667
0.41536356159201315;0.35410023826063486;0.023710441147422157
0.8926424750057853;0.8134098969946056;0.09621182952763174
0.7426583737459145;0.16133377413664918;0.2840943878590718
0.03676653889955683;0.9327222617156017;0.46945937664984083
0.00395465264767203;0.7835546898199663;0.6507131861065716
0.7365161834099302;0.3849601807466132;0.43129408232953215
0.7409268172644361;0.28293735500438233;0.3793408980538123
0.08222386705464646;0.037764139527662;0.7149081426350213
0.6679475470830011;0.6475242254648719;0.8937242446331365
0.765205123026009;0.4939723819562791;0.38332658757716054
0.6514915530918766;0.9273661933551034;0.8723558114039641
0.8650087129167819;0.4146678034710769;0.5079953586814833
0.02021895246746641;0.2694631920657089;0.07323387613163923
0.14633234731998124;0.28403071514804057;0.7401622948823313
0.21413832365854113;0.7240590664000636;0.05695965782886658
0.9176898306061659;0.2558658993108037;0.615309952821809
0.3491275513892961;0.9025667027617429;0.4105116698588911
0.7807613424439562;0.8176474103824577;0.8583682083716032
0.6640499004244516;0.24739911905840617;0.9533086289435887
0.765924429362928;0.9698415227124602;0.8560454722966631
0.7371753355098185;0.38250943958219585;0.23298917581114054
0.5745806932460772;0.8819265848028334;0.32550992529526346
0.2214297363536598;0.9946009746743689;0.6963958177307619
0.3432887339977153;0.8766344174308183;0.08569915187561095
0.15232692005041037;0.4937270024323154;0.4304272991922401
0.8906752200212738;0.40966011135916425;0.6044651754656668
0.07650474971240617;0.8461674314703246;0.6660362030376799
0.09399386351656747;0.6041037121118642;0.671996848270121
0.2900580198183865;0.041558869733591686;0.9327719889802687
0.8928121050297161;0.17577432583371566;0.8037704150303971
0.37816266616539596;0.1708175973345808;0.26295668656969373
0.011792991610526049;0.44921364923495677;0.4288072538601344
0.5795657790861759;0.3447345826019319;0.5742232114563418
0.27547658218461946;0.9115340356320487;0.23640679894245276
0.46699045923260574;0.0922334439644994;0.7636898709751956
0.11842169238521627;0.3411152682517261;0.3625700574652839
0.7442987736151541;0.529020314105484;0.2710492895344855
0.7422841337409978;0.2409773118023688;0.6601837481283103
0.87444544175444;0.7351518639473195;0.7881217026536826
0.470547662805194;0.4839554806713301;0.5304751522616187
0.7311021150096816;0.9620056149868544;0.8156487336552026
0.8785281756427212;0.28026770241756216;0.7106530632654977
0.14150735457382513;0.5403415627243306;0.14413840829108704
0.5562457675933996;0.5210058188733544;0.3474358624676309
0.04300852757628337;0.1495659800803183;0.05849878571042855
0.23599623894318977;0.03389887279383008;0.48951886611287276
0.01514178181476633;0.98896579616842;0.606256215602159
0.10063947181476074;0.6926538597020143;0.9033852553189596
0.7901930678261787;0.8016294516903854;0.9659917687653401
0.5502603683425942;0.3883744168545801;0.10043868374392151
0.8049206199311034;0.5746854295279545;0.24444724863344225
0.27245534501779634;0.31466430163985715;0.4340279013046199
0.0742758455525826;0.9869293851411037;0.6055886830617729
0.2449938287405119;0.19887669936713326;0.8105357001883525
0.0018850573880492272;0.9077813128097854;0.0850108282166343
0.61110249117613;0.21363914509547566;0.8796149657499243
0.41276640045494317;0.8779052900526095;0.8028689701019307
0.8875329157686292;0.9382990716917253;0.08518171481052128
0.3900688516596694;0.8730033244725597;0.04811998386115535
0.5918452458620623;0.39071842284556024;0.3620846707366687
0.39570807949618925;0.23864245296676923;0.2286890398019159
0.3580185196751734;0.6152802662651634;0.9204301026586811
0.1994651578504537;0.4096479100681689;0.8478188629050081
0.9396336111127992;0.1423135377726451;0.9187019913147116
0.6931342511287905;0.06044945741280161;0.31095421196342465
0.1226141081441362;0.7126648095314311;0.7416218682243921
0.2936116273781352;0.6586262740021441;0.1392190877734092
0.04001435904512762;0.8671216312357475;0.013400926927130574
0.8082353528616433;0.737527735375317;0.48310920180573846
0.12736133516220538;0.6597047062571127;0.0922306417954104
0.28751848246575296;0.7086624364385872;0.1029428225510417
0.10433954855795524;0.8484459523925022;0.7292440339881474
0.08007190418607468;0.21001239596865917;0.8344320993733507
0.3953979934068884;0.9821496574262973;0.10151250067959261
0.5717083210360772;0.7009564705772297;0.967616892297447
0.3522621126076184;0.9313087721778671;0.577853840444704
0.48099081549327505;0.7935203681841947;0.8266790913591037
0.8963603851198014;0.04562068436901967;0.25086182012459
0.9298945006121236;0.11756411030771541;0.28953304468917573
0.7473895862827691;0.2606455829042914;0.9374741041741111
0.14932265558791835;0.6211211287595227;0.6746131351295629
0.7239742957017092;0.14440096977492378;0.937290230100853
0.5882316482431654;0.30605122484789093;0.902891886736971
0.1824146975871629;0.7043815356130094;0.6638171881005496
0.22880981218772523;0.5941054443004654;0.4452815059039521
0.7081936441063966;0.6680952724417245;0.9165615942604276
0.8804006329870007;0.4361091325819987;0.9045344151053758
0.7195895499020114;0.9941260071309882;0.1604588293621012
0.2228211727179864;0.40763060326645517;0.04045452517867376
0.8862741825964423;0.10289997248424754;0.9274441907723225
0.5761611758940884;0.896362464131836;0.09330388982390392
0.29398003132975037;0.6892535619864454;0.050892658412950875
0.5292570386209007;0.5680865823207275;0.2696530664153002
0.5687183137604354;0.827810958664715;0.6452922632602016
0.8641184037404286;0.724399038624207;0.3608624841119329
0.5461608197099876;0.6444836909062535;0.3772237159187687
0.11555004631516164;0.20846386115404925;0.7524425224174356
0.07578279741680527;0.07848249589913503;0.8510468221669609
0.06852770226507476;0.8818674363679938;0.5281529118606529
0.6016862595626741;0.6339719999033014;0.10393977600560367
0.8237450471666414;0.3936119317209178;0.10675503008005072
0.8669778901599351;0.6399948290318794;0.8650767671063181
0.6988772722964002;0.8249444431245383;0.8946689922890496
0.035369052674036006;0.5065204268847119;0.6722840598290981
0.9800226558641781;0.6318275840733248;0.5426966869792609
0.5694650318083383;0.1522246186723918;0.807204151426181
0.7860391962264359;0.25525254674276;0.5080519969348225
0.25309275425961664;0.9666614581026156;0.7966158144484612
0.7675990504779167;0.6249905810417297;0.23397798761233746
0.4764421986901264;0.4045844601881763;0.9256700620357187
0.058838698286809654;0.9967164492847663;0.8270216282073265
0.5385968233989464;0.5434970449006341;0.7679930366060528
0.814479806320743;0.5635808841814988;0.23908315834076688
0.5063115281685624;0.4989268715877395;0.2935012384116982
0.22506431107744818;0.8531617247635388;0.9618090238544896
0.40677028477383204;0.22845500157758092;0.5449454910630123
0.17113770516265603;0.39126447846699486;0.8634713645795694
0.052725767697851644;0.05794946827453884;0.7869083160805611
0.38833282220032517;0.8519673387334572;0.23447939868746726
0.13225589682327854;0.8872594971235026;0.2953996457508352
0.17863761004965817;0.6148286009438075;0.40235960094078893
0.6719618476272049;0.40275713844151073;0.6523710255309186
0.831409196598753;0.9436272570189296;0.00838433245677861
0.18310615147416853;0.9651156256392953;0.6730102667321515
0.01942361238097945;0.9825621738582744;0.07696634792002544
0.27359280279054055;0.518218411269534;0.8362911228850972
0.5679336447568144;0.6331211822904503;0.030019075233465586
0.013044291629967342;0.9595227659468792;0.9573159306734055
0.2884229631153803;0.3646018154796612;0.4529631578827097
0.6733870577990728;0.803362392144606;0.22135692516299021
0.9388685845923982;0.7930736652986129;0.970622231498285
0.3654482292602378;0.01805256539402711;0.2188522074429281
0.5079127395572176;0.12463332401611038;0.5185240770731937
0.792135535029155;0.4784516922291455;0.8814756942747579
0.8815583044762564;0.6428229974392522;0.11597900706798958
0.19559143421756064;0.3231207842277244;0.8725545383770527
0.41238583277281593;0.48311307214976273;0.10629092152673592
0.5117629599086816;0.21025082399508455;0.2464799776727501
0.4258490604732841;0.4056390288978464;0.4638558617105323
0.269434248045581;0.03938900386326649;0.35386308787118836
0.8632977729093909;0.2941298236886398;0.7545383785811555
0.9369689074533719;0.7749292535203721;0.19850088303959712
0.07053601567042411;0.10824599537215174;0.7003235940778825
0.7517253205264682;0.6666836913981214;0.04263861310655803
0.646056621986508;0.9889600537093964;0.9077438320388342
0.6923887922630253;0.7257868234300143;0.15883046918968213
0.762988108169479;0.7233425179018929;0.7964014001390544
0.14716552025737284;0.38028466333462496;0.5757693834401864
0.679148814159181;0.8845572881730057;0.20601042232434597
0.6594733942084248;0.7104135750344782;0.6184521945167983
0.2653101290932336;0.3322073132279698;0.2728555470103313
0.5643574971584298;0.7499266994450543;0.13101988603439552
0.1922312037964442;0.7475787081431204;0.4138832847661398
0.21132156389069323;0.8024171457393469;0.4251948072845626
0.3272244299305216;0.5292346478938607;0.7456716582538364
0.1766167483153941;0.13390113877462095;0.16590138339590443
0.8207464145745944;0.9723920024850935;0.903892929799413
0.5209493176404194;0.24277492208460438;0.5677423458078936
0.18657223705976467;0.5633839413547268;0.9132041773682017
0.6201096273183374;0.928158132514663;0.40455042229711946
0.81350754570796;0.30597278231545355;0.3103665091929103
0.00859775089701953;0.9929225908991626;0.6409910632081209
0.2532563605727429;0.5169739094177199;0.6748862677583986
0.9858048687218458;0.9478704354276651;0.5873424605594286
0.8285445766183696;0.6373161937755749;0.9103421733664628
0.7059839508304856;0.3210963601337584;0.9479442593619845
0.4878181712056815;0.6470934084147801;0.7023893001834166
0.402259522904187;0.3157984583150727;0.13969812419205363
0.323060490856398;0.4156722917500686;0.7906560237570461
0.5798766569145566;0.8217469825410144;0.05224008659083268
0.513311705457529;0.9754989374441873;0.893514285315377
0.8520939328955652;0.8538790409064188;0.6605835076930617
0.2066537103607946;0.6849616965198331;0.3535835921234244
0.8223102405175928;0.6170424884326547;0.4705260778379253
0.5082130884852004;0.2755285182171925;0.03959793316943727
0.3644674432570517;0.6750289323881163;0.28986344935098574
0.9981464689032638;0.312066278247218;0.229710306956442
0.2791333542246066;0.611127610275756;0.502146959216126
0.8975012111886942;0.4817194363878804;0.724784688693092
0.3084087426082406;0.18889641087776887;0.7357749205263658
0.42939332158526966;0.2863273691268149;0.8740182810655365
0.4670185568828723;0.5572131522961509;0.21513270002827678
0.2764786276657748;0.7993361280235417;0.020533090283780253
0.2649017153104698;0.16699743718688698;0.5106060808242942
0.10843813223279608;0.4590402962049638;0.5487368019695277
0.4557465748715257;0.6044677570839471;0.9438618880005383
0.43419194239115466;0.6401181644160414;0.30519647970221386
0.8765142159243459;0.4183982428222819;0.44006332502404444
0.33446488834422927;0.0802040884384293;0.3428541365761191
0.5104418193488772;0.33146655090137156;0.6818482892858279
0.3684435506196553;0.3186345528268334;0.8640908211119656
0.42501118408219873;0.45641114994141396;0.30981228528486404
0.07934619607691007;0.937342166759185;0.21775895288828295
0.7826336772337613;0.45318507783030904;0.930251097178737
0.6784723871600351;0.8411263946688676;0.1832900527535717
0.6501840121073487;0.934123258771912;0.9302287782330356
0.9132231891793786;0.7950540294114753;0.3689795893642692
0.014605293439103106;0.6907062209229813;0.8952949580706754
0.34962713288159486;0.6980126925180579;0.396693335449553
0.44022923187607965;0.1938684388326528;0.5090220463964293
0.7485006909203474;0.7210039024498356;0.8786307241454376
0.6872806714679978;0.49531448133870914;0.13276598471665768
0.8601443771040191;0.3112217258879709;0.4579398619828926
0.4925168992362786;0.2159921394530231;0.37869354578116265
0.46489124374689683;0.27500214344250873;0.31392804168789645
0.6884941968745512;0.6466531273685678;0.6735723046939517
0.2685867208971139;0.7135383972162731;0.15038497576554533
0.4766091437765537;0.6640707180208976;0.3967619102733809
0.8128676565988476;0.8954669895256421;0.5625381108515808
0.25405115667784706;0.10394793856690232;0.8662895424368856
0.37906468647860814;0.5605274639829602;0.3211275028349876
0.3170851174476752;0.5548854408002136;0.6615980845480439
0.873739922104663;0.7310807918936877;0.27377738201347934
0.8591789943808892;0.9461172491444658;0.32147870998227135
0.7389089983530367;0.17320385753765644;0.09739823030709738
0.611238683544246;0.9142374906376568;0.06368356949221732
0.9065657743222356;0.11689435647317226;0.7139695992292876
0.1690345555729572;0.4802635335636679;0.2975844888829111
0.8585436684225533;0.7565133390640812;0.03572655912917588
0.40154430676382136;0.8186390113187428;0.28550019729261245
0.45116633119130356;0.0008214161848976165;0.5727261020619868
0.18719197468544346;0.9368092454540696;0.6805617866922502
0.21906198729621085;0.09258226807204584;0.9063301015062597
0.3305399946491626;0.5152569362089602;0.16390229845449178
0.4987992830714608;0.4823846965421086;0.6794777098801819
0.3938533687404061;0.8776725192463023;0.9785219076537574
0.8898975167730142;0.6300002847087082;0.1419093191619457
0.4360374277407538;0.5737846861761793;0.31148828408249885
0.3322701885196867;0.9855572388567498;0.7133694364925306
0.7042809890176692;0.9144564944688467;0.16716140437761173
0.8671598512580045;0.03849172803869472;0.3631082191642494
0.7291063280110693;0.9390596822634278;0.9153950465930273
0.5651476910237024;0.002257023566996974;0.14317341186229393
0.5186503393903691;0.3532131535723708;0.9240029111254413
0.038575977970153;0.18440739940004047;0.4018795546464733
0.024922772614629385;0.9669662867714427;0.5255089232067608
0.6233405716736093;0.48096334272716035;0.22395599918862863
0.5353334355487328;0.4652021484095513;0.21201654225141475
0.5104296631489046;0.45591248725989075;0.7415930015689542
0.8437471791015158;0.22000063486395216;0.5427089770889255
0.7525954660527957;0.824065541451418;0.11288077756436765
0.07385697495999988;0.8742440597979654;0.24608732767626973
0.6412026718887448;0.6558424490946233;0.09691687317336017
0.8768363674708723;0.23418196343844278;0.12598929499787692
0.16949266134452856;0.8886680581105465;0.9489259092856223
0.16733648371061294;0.6163418021805815;0.11017858221693111
0.9074688776831094;0.1831386028509029;0.49047856962418257
0.8837884331974938;0.07522430881473763;0.385028735261975
0.1951050234922881;0.2528188875066528;0.27288622557724773
0.18641967905514956;0.25047575021819635;0.1349611748140772
0.0297927628678053;0.6083713606687818;0.730992392861998
0.3063605275656116;0.7681721034957687;0.6823255764212682
0.21049724823125426;0.22579516504589703;0.1969879704239631
0.7179821360113423;0.2801336837331152;0.11074943642805646
0.2172709974604501;0.08053173912990186;0.007340487252288086
0.17528785790322043;0.9224690232003792;0.6105668433748068
0.9887942987238192;0.9966947578080629;0.6319062352571445
0.5356400383120662;0.20063741269603919;0.27734549972035316
0.04022354252305027;0.6216052640320988;0.7437572306624465
0.5352529967231097;0.627018491986473;0.00041813907182886023
0.39250116929510126;0.6580997061208175;0.6040536751400053
0.8624575555810233;0.7744628938554641;0.1866352492241531
0.4782744600096682;0.6975239827735129;0.13790544540854122
0.17539909630559658;0.7127997369288885;0.08267960378803119
0.41018337196162846;0.9586908733077749;0.12467529936981658
0.8098526354424598;0.5252773566354171;0.1898530733986995
0.3925019167732251;0.9926409694911948;0.4854134274144378
0.21114123541627405;0.22138904478457277;0.9640579118784284
0.7517972893384132;0.4575663429550588;0.6388352884503212
0.06088981416425132;0.14747403472906861;0.2069839476708767
0.592902390855698;0.6754131265485726;0.5045061216424993
0.010896784724322095;0.900996149903142;0.1270464843316529
0.9677468912427021;0.30806904819569214;0.6715489375717301
0.4778662679961112;0.5683896233330221;0.47858758029990933
0.29282320733653067;0.17389425973985884;0.8735409627532273
0.8342057444903012;0.7604524314034811;0.9118846804611953
0.7087949328153037;0.9097286848170756;0.9113122714209615
0.5346466841649277;0.6464008730220642;0.7898718560752245
0.11257602527684996;0.6582585847750299;0.739602461948662
0.5089693292473445;0.06611077396962495;0.6066902239424306
0.17781499035635762;0.12628962494660045;0.17692767767103224
0.32699106894447605;0.040118680467030376;0.4837343072802399
0.9666728811297277;0.4887322866912954;0.2842703948750619
0.12991602286299497;0.7354179869301956;0.305125529016786
0.9641729106927612;0.7294485495618734;0.6821592150336636
0.9542291833087043;0.2360502828066141;0.6016153780947486
0.152097912616052;0.2712561429381458;0.9147710290951901
0.9980662987825593;0.46483254109189176;0.42660707220503513
0.8958504125933549;0.8090693765671567;0.4297195815428073
0.45919432331877363;0.010153127161455;0.9036966223656967
0.8095612569606118;0.7830479341457178;0.6032043667777239
0.5776438743523947;0.9504715433777948;0.6318313954101941
0.03572216651815774;0.7546467924358371;0.2204980940683262
0.8343184057035279;0.029984083340249712;0.7784800138082902
0.5892448365011231;0.3858621949636101;0.7522876652231858
0.9183276956666647;0.20843095209763807;0.1255152335547045
0.09959849533239062;0.46482632126447;0.975533104989278
0.6858865312422361;0.4967095992529028;0.35195780371806296
0.6490987876814207;0.2714560090770233;0.6152832988491308
0.5877129399126124;0.6882091231210823;0.29340007969784565
0.8834211516601989;0.2497607469079196;0.02141883388120791
0.18451015722567787;0.6619454035778561;0.13817758859623175
0.08102196369386927;0.591756613582937;0.3556665646792433
0.25485292941765947;0.6593838479740847;0.49783709074390803
0.3070406529929687;0.6313421606110685;0.13136087736302138
0.2729512974921263;0.3643077159334408;0.46261684334983866
0.03468419871302486;0.9455190379765509;0.08533155590872588
0.7636390840987122;0.991622295088468;0.9250857118475434
0.10788485699867378;0.48134329677324406;0.04974710541147398
0.7465169630566199;0.41365350781895815;0.7836243897290376
0.1611047365741196;0.989771386946082;0.19140847964046837
0.9536748313165784;0.5247823623681369;0.36688091719194127
0.007846301752343132;0.2854979721345259;0.2971112468300552
0.7821862777947954;0.09798114834489013;0.15700535337117572
0.5227822422701814;0.5226628564042571;0.03764132596200065
0.19653612286827482;0.9544245290445295;0.8549391035894242
0.5649296126199934;0.013246561914214472;0.9437063852929888
0.6834310225080734;0.3222302874324052;0.504044151680448
0.6216381802027784;0.35020760397788453;0.29304740943489715
0.9353379437234524;0.40203278898258954;0.2193407567370005
0.2306850318049355;0.1337676846066822;0.8113269248829668
0.7561022390047439;0.05743464106527596;0.03745923146324193
0.9796245376905007;0.38995108951128343;0.6909809267049863
0.30082551429522353;0.19663748315295304;0.494012823408188
0.5665844606951707;0.8706083742788395;0.9400836476606652
0.7753206767677049;0.00995450534889708;0.46381515754403846
0.8012322283991812;0.7835905134895461;0.4405408684533254
0.04076012204375634;0.729025431683529;0.7698219738991945
0.40357120322153284;0.06668592504935611;0.8406756337977048
0.6397167849243897;0.14629581529196056;0.05782007648222265
0.33449990980065303;0.18096607722709024;0.5871867606749074
0.9419688522237489;0.6328714401708984;0.5967821220839485
0.8966468856756129;0.3100188679586965;0.903864780951726
0.26402723998995437;0.8937218089648092;0.4676973946875337
0.8185202604419964;0.01790154691606849;0.17822289782111678
0.06779678881334816;0.12055009960900986;0.07515189588566118
0.3539570480058787;0.1401504204044024;0.6662993289192825
0.2947999627933866;0.2841452172821637;0.42920424448546857
0.3610492003901431;0.9574055509597247;0.4052731131316917
0.6587911893463596;0.2580926857813137;0.9243550445619038
0.11667731273305926;0.6603604077812868;0.8940546519345355
0.2565689342408931;0.4038831899764661;0.27499581686892904
0.43720759657735697;0.9996349491184795;0.6753338765979137
0.736972835324707;0.7468308626164479;0.9663969784383983
0.5480607170415184;0.5280321027977909;0.41740866625922524
0.47513045729489534;0.6165064060022315;0.22852842525988182
0.48170905494513727;0.6861771719694979;0.8715700591909308
0.19687294754774298;0.6746264298468142;0.6191752066787326
0.10635940164208946;0.8309211379782311;0.9785357197700443
0.4348406757318659;0.5674004591538123;0.5432422171384644
0.9352103617125754;0.19732390547825274;0.43822427893393734
0.5048737995667252;0.819378985414937;0.3922471811804765
0.3640296193882231;0.7105631668008447;0.09066972166890563
0.9528514455212139;0.37935111720266546;0.6858939212776434
0.4532420701036023;0.540392898041529;0.64007820910728
0.6458861685535009;0.3798986671520971;0.26273549573534294
0.576727586824416;0.17800067030082278;0.4998965546928207
0.12392992510037104;0.753998919246936;0.6389595146609809
0.316064983301766;0.26402053760709354;0.9741197070503983
0.5437396582890426;0.7073310969602535;0.13584037447068764
0.584864583445606;0.6057470486687279;0.7693871812898317
0.9564618032084278;0.08301366645337982;0.22983348589628094
0.5085912581373787;0.25198364702338516;0.02750459095523916
0.7297576564653298;0.004707303172419741;0.47036487566087515
0.5611197309078814;0.7702228824929411;0.9541972239746682
0.24934597059406938;0.6017767612839053;0.6623343179499851
0.772570780286292;0.6896316525236212;0.880954951459033
0.8074065705004093;0.24881265104165795;0.9225688547016251
0.668015848501946;0.499768854770414;0.8541370250516096
0.9412878137887066;0.8187082487954324;0.4544654092968399
0.06305427482258807;0.3302971596477503;0.2069171778473068
0.3103041194368661;0.6535215715067744;0.419774802719424
0.5959958696140867;0.05437065709181965;0.9417311456011239
0.5775319313965919;0.012144808387668404;0.6990272665668534
0.37670691425173364;0.01715336913378862;0.10671888510973149
0.20135625520624634;0.2045712214572335;0.684875396457556
0.9893552040248339;0.12533406501211986;0.2385469710820074
0.8025436976951057;0.006597680359807012;0.018902691889070233
0.6260583156300077;0.2293111826813975;0.7998699418798377
0.1198291887037094;0.19857045277689134;0.5469934739045266
0.08813429360795788;0.9556006563387557;0.6899864262749401
0.11788699973530781;0.8959142499481062;0.8047466395602182
0.5162561006760602;0.5431925705666555;0.09080945568714383
0.30977991887479783;0.2995886940011605;0.8294073359990458
0.2849653206544711;0.02471851557727056;0.8321258794033793
0.5959001025047034;0.44010213907078877;0.31737588231570957
0.749489738542606;0.9926834335606249;0.06144375694318238
0.4289928158075036;0.9172580462460512;0.7020301268853277
0.7592988333066438;0.9426604791773233;0.7646363959308501
0.9625511394763826;0.9253139107848376;0.5897303672301053
0.13054822224368656;0.8788993767037343;0.6866323682459489
0.28998662784506213;0.7880225846208643;0.457278416859185
0.30872134772091653;0.5691331765407821;0.9421764785495861
0.4437085151504143;0.2063299792709069;0.7264698899981094
0.49786548456271196;0.6856805812984207;0.25291698763442216
0.7916967145745254;0.3301175349281996;0.8058299846268203
0.6612662589104071;0.7215919814274755;0.5585929222660129
0.2366560632944078;0.4826434882130046;0.6952383257661208
0.8421965844383462;0.6855085260680542;0.20430860172284893
0.9946093715950088;0.6687023676824444;0.8124614996359112
0.5646940881515027;0.8536622353447382;0.9145931246302886
0.36345714757227743;0.7593933016289859;0.02858631049404803
0.130890063295371;0.660682104256518;0.4474530176157294
0.0841021590032841;0.1992527456050761;0.5251225298521113
0.48302755565717526;0.6792577032189321;0.23671086332383917
0.2253834583631389;0.44641632510594487;0.41499828890270074
0.5808761113029152;0.013741570229751865;0.9699208118648731
0.9244208328784917;0.31116564203994823;0.8028304528359903
0.390610711258764;0.5988020410863185;0.02118964309071103
0.05928686618180823;0.786438797820672;0.9590424949562231
0.24279291042837736;0.06550184317944785;0.01672789163655919
0.443135895062309;0.982315789804723;0.4253148207203019
0.33892628003562475;0.21164352113429374;0.5779451886782481
0.18218970172705196;0.39360990971995724;0.9422040509802752
0.1575660421094981;0.9058646034464836;0.8002854737871857
0.841989429745051;0.6790675837725519;0.3050888021149515
0.42674808695692046;0.5414407950273712;0.35442418309633383
0.9192932022916958;0.16987911395015431;0.09237425813725719
0.9776718767440606;0.35938266661671014;0.8308845634464619
0.634299487601152;0.9431240038425792;0.012521340983553286
0.8584562877010248;0.37401238163707584;0.020426086197721904
0.18218342818879896;0.6961199445178453;0.6351576483203606
0.8020953983922886;0.1885463757506889;0.49852808972317275
0.0947438831902957;0.46724087062026054;0.9196563709003308
0.7185524688965842;0.7248641514842972;0.26783060842939355
0.9865087005875349;0.7750231003001046;0.444631632106532
0.7454953280977976;0.4108909444638703;0.04183952928702084
0.16782277125335987;0.1209279562678569;0.14287449331447621
0.5336343178814759;0.6826478245163276;0.1721088713521427
0.26476673689944896;0.4981012742529535;0.2629647661291308
0.05208719186728927;0.5176029718602033;0.13208639209958073
0.6746569502564492;0.4040537175106508;0.9094188839414731
0.7673859746527315;0.7314687554688636;0.9496312265838852
0.5302401298052706;0.28931237384639596;0.054315636749191265
0.8761764431328433;0.017845762108088192;0.39006420825424193
0.1635806540870549;0.9546073062683341;0.8013966792169696
0.18232426391070966;0.7977071797595058;0.5423753442652208
0.5829005837676123;0.6739920150235421;0.6241659662698624
0.1960172351545303;0.1068797850506692;0.5310189692242735
0.8742885190872944;0.8957010978556706;0.975222300830509
0.569902981366508;0.05091810236609551;0.1306144831594922
0.2761330013892619;0.9134169569670094;0.15349654777527322
0.6778585388878255;0.07794255027559571;0.15665541312930042
0.8176657986345455;0.25863490602265493;0.5543912736150454
0.5450963681085721;0.10583508684880372;0.6808856684464556
0.85474816894225;0.09001131523870654;0.19247297853441114
0.3825868846784305;0.28400531724418443;0.8588732005794094
0.03389657401843971;0.9178254894019727;0.5405147939081411
0.3604210666746277;0.24581625160643028;0.8511003052175721
0.9835251007769472;0.44262606210511735;0.8353241472258682
0.342707175162133;0.2676126742983922;0.07020220459587445
0.028409014596902926;0.13369992326713687;0.569040043221328
0.9473944883180733;0.80439630785137;0.10508895087008274
0.8870499226961683;0.9031039047788982;0.197102549458818
0.7856453793856033;0.40332404396421906;0.16398415479925033
0.031195975810045073;0.5791450406826485;0.8342599938957834
0.9085330654635428;0.4581030096570742;0.41441525731537
0.3137563786666151;0.8622898396350371;0.17131019153472848
0.6916765712925537;0.2657395557379689;0.9171207165944616
0.47246133420809333;0.8538608736252026;0.6894461818571447
0.2546362828908223;0.440386849721049;0.8113528369667752
0.045719100030605864;0.9046085867030812;0.6374832201760403
0.342758740072712;0.7529944952836656;0.3905566082321186
0.085787226264043;0.30535281568515804;0.6288225031596727
0.029020062866099594;0.6988262704768294;0.20463329058528734
0.0965244579447776;0.4583115341906283;0.5497890823386752
0.2858431204960916;0.902923704010898;0.738757303377489
0.5252015849864864;0.23438543380620314;0.1713323808709346
0.6539909642270678;0.02369715590749688;0.5302207008044469
0.2324374496206678;0.29027351134702506;0.39625341062883
0.8931523823696556;0.32331571821833793;0.32867012438529186
0.006307393932443506;0.02916205613320977;0.3399042013697552
0.6856150234723704;0.22064509396489818;0.5182607240103148
0.25183853564600744;0.7895498790068404;0.728815247599925
0.7771814524266829;0.3167548319837612;0.05664935915399505
0.11632716824268419;0.29612783449538593;0.8627273818047841
0.1359709100914327;0.17946282817282655;0.7122831297136173
0.8063271670852467;0.8287921838891785;0.5670886836519773
0.9020477275509918;0.7134043500396173;0.8455710870050364
0.9850597726815254;0.2558568605216055;0.6077704894513356
0.6478114069103841;0.03974365999609397;0.11299773959726322
0.6333516167830832;0.16178383117500794;0.16854397683411204
0.5839100106456139;0.07463917119569508;0.05921641501277386
0.1908693880143053;0.40447163224926075;0.6509477218925976
0.011235905687849157;0.6941252107544744;0.9190976328544099
0.7271634993765477;0.016200976897803088;0.3453488862167525
0.12883145554144237;0.12820022533467068;0.4958178339586514
0.370023139962243;0.10747857597603983;0.16414439933520686
0.6306229718328169;0.600978690333228;0.6769099231109239
0.6205127607427854;0.29329229313304406;0.5411865892818034
0.6803064720484121;0.16838226026237946;0.9884272688137341
0.24708918077414832;0.35790216110897044;0.2738853809584333
0.11585121450867797;0.4621832159723588;0.6227199115406892
0.9815516705114641;0.07093939781389658;0.5177120672741445
0.6268495771707719;0.9266212854781417;0.03520388281380027
0.964489300256628;0.38491827499585674;0.6412448430742167
0.18601415474326988;0.40155389509329986;0.400069100024102
0.3662153492417668;0.6726234735368098;0.7677962367322712
0.7735573621464175;0.4212641083525591;0.6720161652704444
0.7859443926134624;0.23675212495815523;0.8462224546684105
0.12962287602543587;0.18642003709205424;0.37626698469941133
0.13158073394049186;0.25468675485550774;0.05562715657340833
0.10659971983469474;0.2105906095834006;0.4346095706784123
0.5775065891060894;0.9921710111946045;0.8095292166442785
0.5274880110043301;0.2831496376825662;0.90510422093421
0.8457017876847872;0.5633805136430639;0.4308932079321647
0.7914184312910286;0.8147981688658716;0.28799029949635147
0.9963628764492621;0.25805702559449495;0.703286796656474
0.5656219550884249;0.11576105075072352;0.998799606955322
0.6453255847852091;0.9034179830153154;0.49927244964687933
0.8588978906102317;0.37976634850554025;0.6563074405752296
0.1592533770841149;0.7313853471350388;0.5942405838412794
0.23164108894468727;0.6207536318999999;0.9811816301984583
0.21320083706877924;0.22837034946524826;0.53743552695548
0.941714980322437;0.08386937351177282;0.8956286714442032
0.9379847510112013;0.9940707656787238;0.9415624594946984
0.40532663601579066;0.7755213606355909;0.5941274127617558
0.8177929499485872;0.33519309317407764;0.6767074716345534
0.27314718951724626;0.9379456102459448;0.2065848478398984
0.39443103275423486;0.4914209619856884;0.5532640552154403
0.35531692027494033;0.05482437031383869;0.06558811870110381
0.4939375045505363;0.0033204972582018266;0.11490515764478626
0.9886647282171197;0.5679622368799706;0.1649850360930114
0.4228650869177162;0.43801882567347783;0.3072713536428461
0.35311897312438156;0.5025342664223487;0.5846409567779275
0.9740319581873328;0.4293851886705067;0.5943370948150002
0.04668064027209806;0.34320078032918067;0.6356451652544262
0.6496531708526628;0.10213553388906926;0.6331401536678193
0.7091449205234475;0.1573536435052988;0.6254847054019486
0.6035392586441514;0.811596770611817;0.031578874362790055
0.5212548001833652;0.6537347135254942;0.02925529830792284
0.34172993511764527;0.3349692181891508;0.7525662648966008
0.41545832578279995;0.2640846102487394;0.2886283184394488
0.9275899748592532;0.5145208773138318;0.27028647378935744
0.3345157383376225;0.2565501726247359;0.03944279896966274
0.5126105358553396;0.04646602832757796;0.01792246621878235
0.45153798461680184;0.883483612724612;0.4770801176554834
0.8785876624871478;0.010237591621920061;0.1167103415674755
0.002227558071654423;0.811185814383732;0.9586281455327438
0.6983847660063432;0.15621357231333055;0.19528048397930076
0.4566978163531058;0.7562080404476297;0.15957674735954275
0.5476405245849107;0.6434131147824591;0.19556411964650355
0.24833581824110595;0.7975178347461931;0.8851013569985097
0.8237121814385787;0.3455505203404998;0.7646759583337072
0.824398593234227;0.37379188877820657;0.236543178341322
0.26220602086577904;0.550124655530667;0.39511850626348455
0.5789921526939266;0.7704721512761344;0.19095126402293017
0.3327892237555532;0.14885061817384848;0.7999209304508177
0.9884127599240639;0.35906415118477786;0.17157446812934551
0.6835988761083149;0.7501601879638192;0.41382626057312355
0.1275612774035293;0.774533663312646;0.32374286328799684
0.44981556345281415;0.8383385884550946;0.09713063638263675
0.3862313798920395;0.579618827277109;0.36953415171880677
0.17472999264087463;0.7334788904987685;0.21516003311286125
0.9042574326001069;0.6076753423883766;0.553599654332573
0.22402330928060177;0.7928710455872345;0.9982663411909317
0.3245007160367085;0.07920306376693587;0.6351774821929077
0.3517935146326292;0.4686403235370804;0.06549447606027714
0.057020585677771574;0.8999393081528044;0.49873084381505683
0.6300196335145962;0.7482724585983316;0.26909268407174647
0.6960365588185061;0.8044148029603192;0.4828125766813368
0.13409238917882704;0.9130784257072508;0.7765581248341591
0.8959134091463762;0.01918292625918394;0.13182743190087443
0.3005891712861768;0.2965574911083607;0.20064891651318417
0.5926274952392094;0.6865106194853567;0.9081235261219278
0.9090477745920168;0.9199199644877135;0.5470309298232389
0.07382071362839215;0.5665649563237339;0.36773765458960916
0.5116673064260656;0.582702250013402;0.7319396008379241
0.5803842784177481;0.6512397836923293;0.8650292678272647
0.31261125973793746;0.09396254668749537;0.0022025743790518026
0.41404631754203813;0.6473515619033706;0.40779863258091753
0.7051231090550842;0.8422381750693019;0.09944119347087588
0.12813538105554867;0.43079686056770905;0.1295512907829024
0.20574498860446744;0.697115652315144;0.21484753628457476
0.3231256803599004;0.027486929216701594;0.582595026659471
0.2664087815736822;0.9993825039401903;0.35078738500133233
0.4728900438524304;0.6689659530826091;0.5701165112851366
0.6330871442779212;0.11432222549069171;0.91911593113565
0.45168018677835164;0.530397236804112;0.5291122794721341
0.42794536332418365;0.018439979333770284;0.3622679423058459
0.7209907779290543;0.32959763253644436;0.7125880541864634
0.4593296350823154;0.14174043883087606;0.13073926805536018
0.20848742556057986;0.9989581984708095;0.228627576443587
0.5078555746705079;0.9845808815451913;0.289671080856869
0.32004746887257474;0.8605123517918689;0.8116754561094829
0.47551110635931304;0.9290202215094754;0.1344696805004172
0.10347539091888613;0.5012628162837984;0.3668836070055531
0.6306407705997995;0.2791090427149939;0.7261064673853828
0.7913396265337331;0.8844191770231677;0.01936244436726986
0.6277179730008693;0.19932601551406526;0.10561418914743104
0.7708314507790319;0.2599721385206961;0.789095078513742
0.9993796575802194;0.37946327129999036;0.7234704613442084
0.23521145522975107;0.22888979844056834;0.39775389115755655
0.2531898842963547;0.7981302354869572;0.5707006999786847
0.277079838053124;0.7603986596371648;0.27058025680119535
0.7057265407262557;0.1924791919569513;0.777891518006834
0.5952128376491541;0.09466107080627162;0.4709091990419726
0.47584626141522013;0.9073434814880587;0.9165963015319895
0.6665512307512559;0.27920112689818544;0.47872278236837473
0.06746487743090035;0.678600260070893;0.38321756960637454
0.3901721505383685;0.3057934150544699;0.019908709722270324
0.530792801676558;0.40483291809134103;0.040567066646404526
0.44161092432218907;0.7114011734292707;0.18163256978398234
0.2955418399189884;0.962356585737343;0.1685047052009615
0.654359987609039;0.06522931380030872;0.8136533497649658
0.7788199251113622;0.36378177022016367;0.7558281327712804
0.968333387152882;0.4808957832276871;0.413425269652303
0.20981630963282139;0.8287793689091071;0.3641550488257588
0.12890221086843656;0.9440584084115681;0.9369725561449939
0.05282823408972426;0.6021053529169387;0.2543347031046289
0.3138976352950239;0.050802954720093996;0.20308162204202074
0.704697053575954;0.8295620162868085;0.23804506505605127
0.4952572146139008;0.4023850012806395;0.8796716528524015
0.20947873880173373;0.9304925419922004;0.5209776390465463
0.1719444224730291;0.6444133198658288;0.6477889566827573
0.9892892720672903;0.881337805060622;0.9960994002752641
0.232485491295637;0.042273570745157474;0.7323796999090212
0.2674803727874915;0.2090924553293394;0.577619711023807
0.7847265309021835;0.8063622050189946;0.6571924224871593
0.24631104486533073;0.26019269636356746;0.6328682016318944
0.7427173261157545;0.5057976212944238;0.16253350110977516
0.9113440757751429;0.5721033986646406;0.699268734224575
0.03465097875075751;0.39862061286633066;0.942354939583753
0.4774248019282903;0.4682490593971014;0.9020427402211172
0.028233635031262083;0.8885956694439513;0.8119423105602654
0.1288152728248494;0.4758982249086876;0.16762507472260257
0.632963528940417;0.4116208062810851;0.13420894811950723
0.7501781693216373;0.9650847865933839;0.09893354390266929
0.38254301216510744;0.9339106058460261;0.3245870635452821
0.6228743168064709;0.10675977086144661;0.5367000419548685
0.8816557791478324;0.22181158625218889;0.24254252020261735
0.21807348984204478;0.4489249558724203;0.6077627443431856
0.2414255985885876;0.2742989682484924;0.44731927148976647
0.3521792509413142;0.8737379278373554;0.4667068051131795
0.5200188377111062;0.8793033432990126;0.794469927205831
0.8797493103157527;0.7960124327527167;0.010826503978770496
0.13538458817911958;0.5297734901759115;0.5048438627425168
0.023835773019758366;0.7817034190355335;0.17348255081431352
0.6500078698274445;0.6815229522053418;0.6938100160674207
0.1407494970855745;0.8151419251896791;0.383282231256841
0.7470937189961152;0.2733860861474757;0.40550791449324886
0.7022064063017313;0.6488280410000258;0.3366919961232586
0.847477164891616;0.39080097543979553;0.9250523301053702
0.6561224572254092;0.6779080706069439;0.23371618841323505
0.4578920379084195;0.786390102580145;0.40599302210356436
0.7498493513106893;0.9233504281009915;0.7742860416547285
0.18702919664421913;0.8846089529770716;0.3155910214901285
0.5700269327006986;0.6551791186504304;0.30204344221604007
0.7009876976522987;0.9834519100345609;0.9576018114792917
0.606236972366078;0.34063126016101;0.5767690355028431
0.7323075786130957;0.20788036070712246;0.40680247235708566
0.7890567915723318;0.01013231367306644;0.1440254430237613
0.2806339513032913;0.7628366475880501;0.4800904862897166
0.39633964458323145;0.7819906006109149;0.1487274460279523
0.48190849665363267;0.07611179354601894;0.10313468592744712
0.11317139853102864;0.03794491850391235;0.49161532572663535
0.7069398661680336;0.8179097951272514;0.0467793431730702
0.3295287299959043;0.9112302957523021;0.007141312707019787
0.4502915008746793;0.9471564880151417;0.3872989619928535
0.2465518628492258;0.4097337899039385;0.9627273867689846
0.3677790466161014;0.6396317172855185;0.7680094078088546
0.5426162484803272;0.8408163902757504;0.44923055188071326
0.24847656753770453;0.24745871497111882;0.007302232739349934
0.1051612955389708;0.7925496405754611;0.759667496731127
0.6740054203866644;0.2966987890744537;0.6783889377932981
0.6868547310676058;0.8035519290466289;0.7031379508422697
0.5675023081031215;0.017701940582913966;0.4023316987546557
0.24005383348680098;0.40977614983056176;0.8760346460421473
0.8930149484764941;0.6933401445313447;0.4510994851587802
0.03109196884840193;0.5340877828869981;0.6787038266017144
0.7304669245731443;0.5937379045768861;0.5359256433418919
0.04044326125545972;0.2113670440041041;0.7294801616609022
0.9336564920367395;0.20468354931864596;0.10538794312377875
0.5235991078602563;0.5180499725689889;0.35351826041769374
0.48566704781844394;0.544692054752381;0.7145423666906805
0.21333170901813747;0.516234977707416;0.9680597138912682
0.5805482749343315;0.9568518548662872;0.8821536904400296
0.6225128903099257;0.9076542926653574;0.7350385431765428
0.13121997862722923;0.7214541936059102;0.9573250436862373
0.8979119358244964;0.3230853910536632;0.3073593903743643
0.33457577545210504;0.25490705835080363;0.49316051756668355
0.7397783416019978;0.46390453662430364;0.08350871898480705
0.9053114200974214;0.60191188569526;0.8173802126611658
0.5055450785981006;0.03658938591757266;0.11078785104808164
0.1521933569995827;0.44659217720354083;0.2509565435672475
0.7732837125628823;0.02230662539813888;0.9807409057170863
0.059997790080442925;0.5149135397157133;0.7197821142483531
0.7741890613511222;0.5951588082224493;0.9324326865925783
0.2501954635698851;0.8575919996293929;0.34496499852024387
0.7610653529486986;0.6057736284086936;0.9681354889832925
0.6878042004732521;0.5282635047810779;0.28312324644438114
0.6614084326483959;0.8869199830646063;0.8566211290311189
0.276693909910821;0.7973682177047641;0.28311650599745464
0.8965352252177776;0.9170435189680274;0.8302270013998225
0.2569974347094981;0.5578378389971379;0.9613213105944578
0.5311617461025786;0.8735996891864823;0.43692686432654637
0.13471522596409158;0.6721163579976638;0.6656980019673958
0.9331484564986122;0.9228256948961406;0.5101654687169908
0.48295357705961295;0.05463733129229231;0.3422361076380189
0.4762024088674103;0.4257730601679699;0.08979571022800592
0.35916992003810844;0.4487631892007906;0.7918092966567787
0.6595308973953938;0.9189788686355196;0.3029710937719631
0.6867643316697077;0.43429751159027474;0.5111815966839517
0.7595688128219454;0.482075688681311;0.3250685089234351
0.6612975813069031;0.07684454647584016;0.7332836274703325
0.4485750570319693;0.5937306315447272;0.6872453283769678
0.5903966171336258;0.4821473637220258;0.9957809067749953
0.968150610794056;0.045710156741336605;0.3423267469226352
0.03218825341204401;0.48265158575758993;0.7755665219863789
0.2272407743258279;0.4289505505451512;0.5611291623563104
0.25208884089684336;0.5259950860721789;0.6027233135540635
0.019076000249706793;0.9880471809486118;0.7712121323737904
0.6773129377239376;0.7026683081217132;0.21816452239664974
0.9653910893416002;0.9759772426147003;0.7139073824391704
0.31403003624166226;0.5563847014514763;0.6193417687911785
0.17130695149444508;0.6949427517088282;0.8201628189136656
0.4102938248519262;0.4797339823064978;0.6177270042902582
0.4851178059220139;0.6586308562689028;0.2287597914366607
0.9811309508343843;0.5558791820689651;0.4945671394582657
0.9430729730213421;0.7928829896040154;0.359761940217581
0.22066169891298182;0.35756746912299153;0.889544884230573
0.9493507076987604;0.6645699505202125;0.16287593058312744
0.7058511316732053;0.7203998106576802;0.17397020849464695
0.6770601462697382;0.36253734805746063;0.2580076566089975
0.5097307838334293;0.7367145084525768;0.23611487997499248
0.11592918071598379;0.5446473163674117;0.9881880948420662
0.6896372875908914;0.4401109917987056;0.5362316763737616
0.5249910797698774;0.7447015027134343;0.06331857221344095
0.46778294176026936;0.3860346367894699;0.6097464124638502
0.6697266664268288;0.7907557475584869;0.9413821051558721
0.0076212109168875;0.9760089911201912;0.8857321077875026
0.19462698663703115;0.9973861976709881;0.17829036588323655
0.778916702486747;0.03559098319209075;0.3247598019064477
0.8567642687101864;0.39673234413205916;0.9619430399391399
0.11638106259936976;0.9830259709566733;0.43134594955692085
0.18885666318919936;0.9827626882555328;0.24887359295186862
0.27005817103333296;0.3922313434751442;0.9642390753900894
0.43424560055794104;0.6071819167355709;0.2962426510938373
0.14105915441859085;0.09169010623187623;0.7503752053899376
0.9176810550834825;0.20883776884469396;0.5815473619078052
0.20227277767312823;0.6845818939907231;0.4559346321452684
0.7336716709411429;0.12654734688152125;0.6529144681542315
0.27752819298214115;0.8802013430457127;0.44204526283108836
0.42434016049595713;0.47215287582651555;0.1740874907101989
0.7444230263536679;0.0645393789675367;0.04484457963094135
0.36453071868731657;0.7554843136024696;0.7734955455678023
0.6439796824893451;0.6602111522115577;0.9121102598166855
0.3533716036404607;0.08486779832985525;0.01225922795594614
0.9783123690310478;0.6611646348445528;0.11421955856660171
0.16187953356042806;0.41043706328169294;0.6828107741371301
0.9979614089113202;0.2639672524504715;0.291672107899841
0.06128635069517918;0.001370417857220918;0.6601751906222822
0.08837705422166031;0.6785974732502839;0.7435361031035447
0.328625325911449;0.7788194704308643;0.38667759299124516
0.8026856796222033;0.9634493662240866;0.3590443284040593
0.6639251913913781;0.12319861206169469;0.8128031775302295
0.8743150729279863;0.6379573732317751;0.7922649106213123
0.24638234648868296;0.5781074430102993;0.24428775180050266
0.36075941188920524;0.7778193760619316;0.014897473059181987
0.3189343247870573;0.6983195766388356;0.36814493163283946
0.5013889881286024;0.4525737710776946;0.10733549128503062
0.7209893331516568;0.759173931850493;0.3707780176577974
0.670034637479138;0.8933799367330503;0.8896706645233216
0.37200964285260707;0.35960439162246594;0.19789609734809255
0.018538313211944102;0.15336286168833968;0.7724568588125302
0.15880413959935025;0.905542933221573;0.877862518883524
0.6929521859861792;0.018966053521092596;0.3261001839984624
0.15229350560417187;0.25908939980459345;0.89719157244542
0.771354682850779;0.8110468629357928;0.30184987397519425
0.210557121403104;0.7710023773274681;0.7477113330174809
0.7237663193591886;0.2653009309687928;0.30584737337629087
0.8368568244275222;0.5416977311918775;0.10119962402884375
0.8946091537632703;0.40043213860571325;0.8108421974356343
0.1129653076610071;0.5429799732483749;0.49707764646299835
0.12449549585804032;0.9726676393128495;0.2000092256851067
0.4314431889401671;0.683390846271882;0.9048115775106254
0.5706239637657315;0.7573529795184013;0.29275126583201894
0.3801600097392853;0.06927583254100345;0.409600095320231
0.09648112564863476;0.32529013597675005;0.9455372209635948
0.1773790782891176;0.579577552561271;0.5649454756715747
0.5548032173520988;0.7058929754700558;0.05842423150089926
0.7673333759791156;0.7391024365812443;0.8380998435248065
0.652266375057477;0.2838845578370982;0.9254094386854339
0.3662875938436093;0.5161494367131148;0.9118324365114142
0.31504201914359786;0.2717207047159682;0.7061612686696537
0.1273406166951142;0.777960995964145;0.5159191458513566
0.8415050278194786;0.17884580552603013;0.9627327696620798
0.7421481316343285;0.13931884701708996;0.2531607214707635
0.27991978989941524;0.1615019485942184;0.33182670183559737
0.41558936746025343;0.737356832884291;0.4371769206009961
0.11912135992398165;0.6567261930718318;0.9837005250963897
0.6022548153819114;0.7713549369243551;0.927910403089855
0.7378023509086438;0.8652645881299612;0.7412646428527908
0.6807785703211178;0.07997339790443081;0.46170109423289296
0.8869960725600511;0.38977395510018864;0.14888644583572563
0.06905356057640033;0.60468146491895;0.7002410336432163
0.6044157071080127;0.004371080773534097;0.44572878283019246
0.5705045293227363;0.6610023228106938;0.6332120555105047
0.28333836221120534;0.13272512353458066;0.17988812718509595
0.5001291613470634;0.7083342657998757;0.8713540005263695
0.7514180939351266;0.8884870135589964;0.22045184716461952
0.6995053502475154;0.00445180886940677;0.44348583002162867
0.6823986033858822;0.3754298378477322;0.8644008150713133
0.3390649103417137;0.8244731919212008;0.694858828787984
0.4888925470928347;0.033292353979509914;0.0380905538876154
0.7908825475967225;0.9237621630689378;0.5433021101480678
0.8253518800151916;0.08748276395491694;0.3138090010827983
0.5378015235066562;0.9232547911400407;0.4150685694410351
0.3166045740938803;0.7371516870061476;0.18742859480402507
0.01910487035204722;0.5030001134796579;0.6403213415038868
0.5078291455379677;0.6455432505767852;0.5184348471719793
0.6887631565483397;0.27187616093979616;0.9287526172355637
0.9910447403965839;0.5258280805340999;0.23206449639583726
0.38883210020832004;0.990051954802827;0.4129120431465221
0.6580825701438191;0.416884967378773;0.5742271141395197
0.26739621556954296;0.9635398193440574;0.32841216631276005
0.7933310460648141;0.7691957027180413;0.6859809204337182
0.2788753328092787;0.08549950571698273;0.9251483263744941
0.05048442541537479;0.20639365999931525;0.8155126886614416
0.012700751047434178;0.3220303693456652;0.04650762964303956
0.25771863174059706;0.8566061938062042;0.4426337179755594
0.3120418686492845;0.4094928768705586;0.8601333227112895
0.4999916928361998;0.12490065271142603;0.2547114670110411
0.7114461702568826;0.21167291612036732;0.987506677854261
0.9592671205383327;0.8096558671806949;0.9353430279458708
0.16904685982300816;0.6187976656655176;0.46536883261271467
0.4717050031026123;0.8508770927444166;0.37685210884859643
0.04150713219508362;0.060415426579720766;0.37193838291899817
0.6814865694052309;0.9403929364458128;0.6768356997397535
0.37287917211725075;0.8188737339733442;0.6959213905014396
0.08964888736497412;0.8931463703430933;0.8595729060866808
0.5244797550259817;0.6895372001163764;0.7609307050921182
0.33945179663195;0.14862004311119292;0.5446592071557357
0.6388029442276112;0.9818706188838278;0.5662481192173728
0.32535116501472283;0.5448231356073422;0.5216506537702911
0.9942802225551681;0.9517399983515396;0.6994261476400421
0.004569230632818333;0.6915770167949965;0.21012685881343995
0.8284697141605005;0.9869268065854453;0.6658162678759332
0.9343375326698943;0.6616475108639532;0.8792345077475768
0.42856492654133205;0.011434155697991;0.1781151766513508
0.22205872305034646;0.7893992530300069;0.23941701891066858
0.35514575941617343;0.6398130489954028;0.9611233373877041
0.8804100619855929;0.6405511127177252;0.9764103381203704
0.408778143002536;0.17957368010273367;0.3559201244286886
0.8540884739443796;0.8841197544311208;0.9133595169044343
0.17121499920606054;0.587563092194559;0.6694033817296516
0.40409186869982927;0.07242822732593168;0.09896948752347312
0.9351528729399745;0.8413305458987832;0.9747183087960596
0.47655603475631203;0.8334748395520595;0.7239342846946025
0.9130336875709554;0.040278122626352664;0.97446104905802
0.8961186114893211;0.6707597175197404;0.4171635899944558
0.6045185860959703;0.7738841891594366;0.10279084058708599
0.00454188256086252;0.9943178496210157;0.2510051769498669
0.020510120467766013;0.8204847882009584;0.7629942896694447
0.8363056323190845;0.2230247735576112;0.7263035898660148
0.620522454944654;0.46357873493927015;0.4182521164145693
0.4988346830788497;0.6109851842036732;0.8969860103824514
0.6156418895802108;0.028484458023719017;0.6073157592460058
0.12249126007639843;0.8738274254077099;0.39104365537272356
0.1034376600120317;0.010392171166316078;0.1746963200735916
0.996994210872908;0.40520103119062534;0.7912861764088813
0.0530239735776451;0.08653609943854557;0.8443046885657137
0.42089861717612775;0.6390366010595744;0.036459842504961926
0.5275420137369364;0.8362723085854211;0.5769840699490048
0.5793139208944577;0.9991881559918047;0.11633583387150115
0.5158194448740036;0.9922519761768768;0.7306329555423293
0.8308352655083817;0.20544714024987099;0.33852652130137795
0.5240992293206959;0.2972784369184043;0.5610693507195847
0.19452138661820184;0.19664971424333066;0.32608557596741816
0.2959870210529145;0.5336159698551841;0.1992309084721614
0.3940155208438625;0.4031229065990122;0.3145722357278574
0.6438807468243667;0.4227482355305652;0.9250191504119538
0.5272789316211853;0.5855905632561565;0.8338808076654464
0.048285617202404096;0.9784335912327007;0.13558852676552147
0.5643342440228011;0.42818057617317684;0.98064359098695
0.24406617203397774;0.8958616818329809;0.5940671928170546
0.7454151430188956;0.8002157040194035;0.3013971846043185
0.9930476700091273;0.2673671973568372;0.7995345013493613
0.7030526668529642;0.8448877246454427;0.13743910554404126
0.46787264997309064;0.8782508404208559;0.3253830987524774
0.4764604021257848;0.6574107703782587;0.34282043095908465
0.7671968015669256;0.1437400771398034;0.6850769005971971
0.7641758280198354;0.8923284877199136;0.3718921343244258
0.315089644289279;0.923788757648145;0.7520054017582334
0.6827110450972905;0.19808923346276686;0.8941444152172897
0.21032705458122058;0.2743741041282034;0.8202235020693174
0.3121624714498168;0.7292736805264256;0.30076299957127717
0.9298052368164991;0.8813164661347462;0.2780318021984164
0.3846084393398045;0.8989422688767813;0.7552437294379352
0.46278233254602885;0.3504048119830556;0.6254773917581615
0.6835079293070467;0.68256643285303;0.6483749785941875
0.0438703052927496;0.3945066405758695;0.15823066038136435
0.7286637640565526;0.786874500342955;0.5453770497239788
0.5928159008081827;0.0897343601061733;0.13069577530208054
0.6227378988897355;0.7255940321209636;0.7629352638800121
0.09783249650531856;0.9695115808606067;0.1808530340817841
0.5412338418887788;0.23292252118317425;0.7930839041092594
0.9818041131917421;0.8235294092274557;0.7615049743761846
0.3399181694624357;0.9204573049758492;0.927255161009465
0.14998130853341818;0.11437213788444989;0.91273976478889
0.7533698182140859;0.250191717922573;0.35037509817324397
0.49743944259278106;0.6649496053463108;0.4382717088666832
0.653993413955593;0.9255492169064063;0.09884973582659207
0.511822480019307;0.2417077223134293;0.9371843261253934
0.29086862467557595;0.4611042750080614;0.27031926503641046
0.7247152834638341;0.9075387689760767;0.6441459286635008
0.6367996643054865;0.026620989484150703;0.09211699854909183
0.3415940692614782;0.333099897842541;0.8263596188161293
0.8895652226078181;0.1277462128628759;0.9520044703827247
0.9064270648289187;0.4843932783878765;0.790229643807707
0.23991638388453496;0.6558699098435806;0.5362383567919747
0.940256846612722;0.3183612809915217;0.2882512805620997
0.0797009010044577;0.650159898491815;0.9875942610644406
0.0042600933005702;0.058598739228244656;0.31597916002484505
0.9512893749131737;0.19350344119443819;0.3678833239238325
0.12192434179608236;0.1333241642486247;0.16056917121772807
0.33577638323445536;0.5053586124658614;0.7554430525737068
0.14105005925215763;0.7174403240015748;0.865034467506578
0.33241972178164014;0.7942661606740935;0.14256988596067477
0.007643140268981163;0.9803006608694347;0.7196657634619869
0.4882284102354574;0.2625574813886006;0.033741209635710256
0.701639432416411;0.19950508605768724;0.5942986451370652
0.3765283371427427;0.7289564151398219;0.48428316754216394
0.36784994944477156;0.6467623845881862;0.8482237179177146
0.15339418467462185;0.3224867443649768;0.06622461621876907
0.7845973033208217;0.3417455654476471;0.8063445499310907
0.07775684837182895;0.05216677180449103;0.09715022523028116
0.4112004245361546;0.9911041087559271;0.07794103943659181
0.4529928992155341;0.8152509965378842;0.13321730990608305
0.8239763898700423;0.6630608133607689;0.7338151500807272
0.3143791358129372;0.08028029899947886;0.7490421400344771
0.21906065225743065;0.5951203818160945;0.4705547777053767
0.5851723224953811;0.31173125615365715;0.38870545235917153
0.1368453826047097;0.5672327232270961;0.891478089599857
0.6139943069161437;0.7203600027033188;0.03792662728723306
0.07464052128544851;0.31308411702072314;0.9742267463898703
0.17804382937272856;0.43739459364652;0.41167664543419125
0.7873610417782508;0.05250866769117357;0.7757360763396199
0.5433361579681638;0.031241382775265447;0.7600517238506785
0.9226466491940228;0.5187400881990403;0.6589802981181515
0.8481641141121018;0.8188021861545205;0.4400858556583115
0.7322647020839199;0.28096490341268465;0.8978471060196996
0.7992167427228956;0.822634701429498;0.7561410904609879
0.8320020208083699;0.6934846013729895;0.24937517266770237
0.4380027932673828;0.6534716342486024;0.7633945107098274
0.6746906946735937;0.3354550070015829;0.2774298638424251
0.7615001422809003;0.3554571011641414;0.8907015438006654
0.4932159565156603;0.09730780778542292;0.47930800121822115
0.3801318636647937;0.5325466602488902;0.7496662719361813
0.021925878473418092;0.9882243053953614;0.9047812159040725
0.3314180396384151;0.8911454628735108;0.3468075408087583
0.5316151821488534;0.06075084152214083;0.3261503029196131
0.14853961934737325;0.4244950619124648;0.5825221949666555
0.8692599390454576;0.07349138787976894;0.8674955750000668
0.21258934427854714;0.39108152839146004;0.8283463564025858
0.13810002595992854;0.40237572298197877;0.0760496153014466
0.3040224526583014;0.21921567025007616;0.4108168790450598
0.8235021330537283;0.5545388150894577;0.6909118394935602
0.5875466726877159;0.5482769458120829;0.3465945330598291
0.18009859635732328;0.9653114176980186;0.35949281274633615
0.5456615333925424;0.12777736642649584;0.2567495414011216
0.5513991199287221;0.5585357332841746;0.09734914969734154
0.3526671672869791;0.18451871422603205;0.6256048578947334
0.7208067285885478;0.37380835527347733;0.505277007971874
0.3773758427529824;0.676285175142157;0.9550848915392319
0.44493872729039874;0.6791103656905817;0.2555348878371353
0.3455284027138439;0.34317482602673866;0.5012144096462824
0.8999114261720936;0.521287289389543;0.3816157420962184
0.6916676075273627;0.9003959247094016;0.7192491877990792
0.708464016107565;0.3526200538353914;0.5802585276906811
0.7971288349744339;0.7222096798768092;0.43935512796044673
0.6777295926587517;0.8500866579119232;0.4108133185527316
0.7031679898474634;0.5798897333442778;0.44022322955225246
0.4089929298712338;0.5918859380352385;0.1064904487389321
0.32598940187349734;0.17106855924970077;0.8003751413917249
0.9288120370817875;0.40352852861917077;0.25571588873020457
0.9381036271961539;0.7460370298346809;0.7523777689164204
0.4626007190252982;0.7357213630588136;0.42830388841364464
0.9281867315321427;0.0823997941846103;0.5659496702240452
0.2087629162962925;0.5731131268203528;0.2975441916523588
0.07173707050762246;0.5451447455316538;0.5953468761323328
0.6721929326300785;0.2674946916015586;0.414806649456373
0.7195690261834286;0.8995686020986344;0.9035586870517488
0.9603441411917315;0.11282074723549351;0.24190091019561455
0.432820524019374;0.19758276329526436;0.1963138883042378
0.965694984291679;0.5856299485063137;0.18993891365269533
0.7520680907442868;0.07620202695082867;0.1155389492237634
0.531595238417133;0.4889069660595503;0.6886570997227609
0.8690854585959596;0.5836158086011567;0.25338036565079114
0.7179427708407736;0.38283113760253595;0.8082404402883092
0.18632651564140634;0.47020650973859013;0.8578804168521439
0.2322697757224801;0.44862572434244063;0.2679112913970968
0.22424089366107658;0.07848260710522925;0.6900243963084607
0.6171211028449385;0.2380878326853385;0.5297725808735648
0.9201344760442312;0.7790252755189017;0.6528364011614028
0.04354143102209851;0.31234958610073227;0.6145072035199972
0.5497248272164156;0.7242904885290115;0.8554030701759452
0.22457993320182335;0.43539260272330593;0.926054336481586
0.3881426850584836;0.6487719630525711;0.8827796889515065
0.8581171669313326;0.22248370380779614;0.8787772082258477
0.885424910665791;0.40965483762066934;0.3432357252403829
0.6178367587557752;0.022593473171312106;0.19627787192887935
0.26108937951450495;0.04111150494357729;0.933275199160597
0.2987951001319973;0.8789547487390555;0.9103748784003951
0.731599315999715;0.5640792250826996;0.8013836078249637
0.19865016935696667;0.32648039595592293;0.3162208581471243
0.3511491651401857;0.33172665006940893;0.9198983422562041
0.9022841484308456;0.9144994816364597;0.986693886668279
0.07625505767617546;0.06156947721853345;0.4367515410117525
0.21530367365002734;0.6664830494520715;0.8576715732659542
0.9115913828942859;0.908614709874851;0.8506603969903582
0.40658780832160435;0.11954260645957704;0.2542314346137736
0.7803325140352558;0.13458484437510054;0.7869259619847765
0.5357652988230132;0.05378921814976467;0.17625745762580003
0.524300036367636;0.276251091750661;0.7510687768902231
0.8329124182322891;0.9641893468442885;0.28467254418875376
0.7760425198196628;0.6129913923689368;0.7687437355512166
0.7144662014438303;0.3021340714815056;0.313156411837776
0.0636377885239654;0.15733346921646774;0.7370664413439226
0.398600528289916;0.3397733570988092;0.1852337108626423
0.048715810045044994;0.3614010901525866;0.8600676265972557
0.006212408293071792;0.337293341965486;0.17416092082134615
0.7461532898426391;0.8626117852269596;0.32947102457630384
0.02216482173263501;0.5452449965074958;0.08675740930711162
0.419404636869923;0.11761899285080857;0.7392664290605374
0.6766969182873318;0.951806392638194;0.5789001838963722
0.05391277876786149;0.7621155714336884;0.7367275130957097
0.7375304430765441;0.09642013334387944;0.409985639729886
0.0033428829217619915;0.8425712349652492;0.6293366357876153
0.9856226899272948;0.6009419719423619;0.27862208170873737
0.6822591357122378;0.47147432683132207;0.9659832147539744
0.8162189978381499;0.09103652334356283;0.018937779383127795
0.3926194909055185;0.05845595835404915;0.1874739197987666
0.05806452206103807;0.4785113969878063;0.17689786975090105
0.42378293063852746;0.6444567642117784;0.5793348770469776
0.3309304226983929;0.4013659212285232;0.4510602708036415
0.45960547592626533;0.37489505978141724;0.5921241280723768
0.6111008396798923;0.09862418406751627;0.42153852334748665
0.7931173777690578;0.9682672637641059;0.32455674186127803
0.8910281880713583;0.9611947754968775;0.9303022218076642
0.7478243288562909;0.6979615579753957;0.09443183061205762
0.4608724044934841;0.39567951330902984;0.23241493795399626
0.3412918712465166;0.7826451452017994;0.6831552764545535
0.11507668762494216;0.7977804024543168;0.7800972893838566
0.026843906187744238;0.796253914934756;0.5517590666438161
0.8579007921774009;0.9689312711362661;0.582474553899011
0.2657687715448154;0.06050687171534419;0.9341156656041679
0.27637436520828074;0.7604875308043109;0.4836237327744959
0.9584610975832152;0.0933872369821328;0.06318999715205365
0.8459269277497841;0.636842509993467;0.6920291732306918
0.04539461739652351;0.6349751341451839;0.6349376114470573
0.07073357067432107;0.7472316555932168;0.13979048618870982
0.664264453202101;0.6571079853163992;0.5848505440539171
0.8321050335460616;0.6814865115018817;0.2503453440258525
0.9855182488925961;0.11162452211782137;0.8833206821838451
0.33638675063762835;0.24595022983732928;0.771199974611713
0.8778412165085865;0.6682338495483257;0.9766386586995208
0.8716296099975853;0.5271602559558888;0.9946578447189232
0.8142705520438283;0.29201053769500573;0.767995900585909
0.5328710520391613;0.8249736739326429;0.5019392759116605
0.7514957996104721;0.9780230152674518;0.09592712662942549
0.3927226586422232;0.42237850255005693;0.5433620660117732
0.8265078006280376;0.9195228321653861;0.9075360835907385
0.7464241605685681;0.30925032516488193;0.29072450221275203
0.6276345336189048;0.6600054905426107;0.1899652741215463
0.8552740500679564;0.9077691318112254;0.19062370503154147
0.8320366418971247;0.5351733512536325;0.5325247534242822
0.3240838207413369;0.980728939413969;0.20172667006617095
0.42610851493286117;0.7253615107892228;0.2656511528300519
0.836505050348372;0.4352760646377478;0.1901743714696439
0.18468379699088178;0.652508877164632;0.5243575341359835
0.3694193594811739;0.5945101037145316;0.5703963499548446
0.7928754046701337;0.0016339117296221284;0.28042203458735904
0.9171761756593497;0.07558632584263714;0.9259454636463383
0.7366180239146086;0.7272479870492717;0.22918598122714817
0.3345668003435832;0.2837700960621933;0.13961103411962938
0.6445111287438801;0.016068344611330443;0.6626312820957748
0.45417379109885236;0.37620474488499134;0.03510826235317943
0.5718366719928615;0.9820622973923561;0.4431502111246607
0.6977026641081256;0.10182394521041105;0.12741952750758823
0.8272129790211447;0.3987394615927119;0.9448107480973965
0.023469857122475513;0.42313209305705923;0.8063899394379701
0.048940002767918545;0.9077589560039868;0.07628976585015568
0.7533822489615325;0.29281201131060075;0.13751744603567229
0.7680060977476866;0.8107203846501688;0.26438110271286597
0.08059080457265189;0.9705778944105206;0.17434554702076033
0.019685900371575915;0.8694034075557786;0.676329474465908
0.2777531262347087;0.14935770328869857;0.2877118915074922
0.11909403397883922;0.528971173598425;0.11921785118779127
0.33898401325132865;0.13759922674653025;0.5949249517831152
0.7043023898980466;0.867931998032892;0.06485969896735455
0.6825960183369647;0.8880714193049537;0.6055966211013508
0.3455010111097122;0.7198677866744219;0.9766536538119805
0.37816538676168654;0.7854644867196026;0.6117301698691271
0.21632246747694683;0.2873902443163342;0.8767308354555469
0.5000685052691054;0.23168554604468194;0.9563962983682692
0.8132321671401498;0.13803706862428422;0.43441939920517203
0.7418653298574619;0.5912052885768921;0.2981546903854292
0.17596039251949214;0.7978198843094774;0.9406696762580632
0.3271458066351043;0.36864544939938226;0.9713112221859435
0.47556137181256297;0.024697575775544878;0.49120421705818706
0.5761751903014337;0.38438243935957084;0.564257225002318
0.9721397270810538;0.7493263094462284;0.9717095940040175
0.9980453305466258;0.32070966456397765;0.20685662089124057
0.6460353961384587;0.03781875294594783;0.17482183697891795
0.09905632219223004;0.0031890691564153695;0.6208021284647651
0.7895691718135311;0.9826550682669469;0.14320451333603101
0.6619644992981056;0.16435308248923752;0.6028010473642259
0.5649707245723995;0.09546322453560008;0.06981382208483555
0.1828450159822591;0.8025037289604599;0.09726728827661202
0.5613311069234748;0.6717192441211514;0.5712512715851452
0.24015601076853244;0.5670400385558193;0.13727186064456143
0.3153446287756231;0.21773104263287169;0.5193238148154391
0.3143876453321748;0.29040324745758483;0.19876870098698218
0.358819037563864;0.2724117704543946;0.9914373318275459
0.16283760366449873;0.6433154216230271;0.8347375475744733
0.9786282647834327;0.3833810260508299;0.2183205292869035
0.8459349870436571;0.11011191274166465;0.9502345215654301
0.9338224926815752;0.8889416115483061;0.10959771062491352
0.0418272141651741;0.8798149790857511;0.9398210494154746
0.7920787912772802;0.5884884622445654;0.41444468610948126
0.14396788697382235;0.569111406258234;0.7477859520415033
0.34976192558719854;0.6744136125301999;0.06263552213724921
0.9623395628334184;0.6924727816545369;0.6496639646109413
0.31494428781891315;0.034505778811786514;0.9690452170971481
0.08966354327437676;0.28902831308616184;0.5112965886400378
0.3804942042945405;0.4108644453391924;0.05582304871180688
0.353841361466539;0.4623115018664674;0.875011715588905
0.8573954919562677;0.5012780135133831;0.6729301872318215
0.253699778349747;0.8693186117303355;0.5960446008281173
0.537147138209689;0.9176244368914643;0.3594884734316385
0.18576560763572225;0.6465387594938992;0.6555152808969602
0.14363386716239424;0.5485558031158129;0.19663463505915202
0.5223630115629337;0.7712569493114401;0.6037097450922798
0.20052904847525788;0.787812500203279;0.4788249690822072
0.13626368219743246;0.25389620362516074;0.3274643063473952
0.7416479553305868;0.20133769442532512;0.996343042620387
0.4411161351735877;0.02371831331284291;0.8727927915022273
0.8008662230852553;0.26850759855043005;0.5410750906446772
0.7209443256075793;0.42088599230112034;0.4900202968338042
0.27995484440220353;0.4839381637929214;0.07161757783981293
0.323488358976311;0.9544127697939034;0.9891429456496095
0.9218743956151125;0.11500638331255775;0.44625127258057673
0.21407605434911026;0.5082710800137671;0.14042122769669707
0.5968223305083074;0.7231893705324818;0.8433451921550271
0.348339988916996;0.4004434665135215;0.859417550972172
0.8098948342194731;0.5032033990413717;0.8870903038290946
0.4004688686472878;0.04854178789242902;0.9419199496325358
0.9610351163799865;0.14105138743715862;0.7357239981918828
0.5634006215625252;0.7972809757903304;0.43105395553681336
0.8354218258914481;0.5130313709181492;0.1625925322997358
0.38867488640311154;0.7332025661364103;0.8601123915353843
0.9968307421891248;0.12778783582500597;0.20640338100201505
0.9232226454574111;0.5133896489973233;0.1406737038706185
0.03339139388895851;0.8853333035667906;0.2908599213426172
0.12292716116471003;0.2159217791937238;0.12825909568770766
0.48210719881554165;0.2018349403388049;0.22988729786908868
0.9167377629148449;0.9343785149269227;0.8657611329227313
0.2406197278765857;0.6795855923285216;0.23927296308548718
0.9749275376626314;0.891004345755285;0.04474046722074798
0.6799617766299257;0.24840770212871643;0.634461368847174
0.8999100656923434;0.782715544457751;0.9671151302378828
0.4383419129712153;0.87471839011426;0.8524555837108125
0.24195130463044012;0.5727343173536239;0.6557771857697358
0.4234987238674228;0.11668545895928772;0.021536431868573458
0.3806793888430394;0.9567243702326714;0.458714256797662
0.1063315363757723;0.5061624108729172;0.5066602755450186
0.9199155348488763;0.5003669551258154;0.16968705778629523
0.6015146527112841;0.9151516775786268;0.5900421278086343
0.6470255771383333;0.43396051791249113;0.5850618254348058
0.9098875639785519;0.37202774777672654;0.4190619786728704
0.3327994013626282;0.7029507237463148;0.5435297702641512
0.5254337177911673;0.5464275335565573;0.5104411801283203
0.7225669483696899;0.12807348953869158;0.8362915285308834
0.6457431685419127;0.46638687048930916;0.4344434351617533
0.3079650316861602;0.14180530581145723;0.01793157504621201
0.5069652470072685;0.5548371777445109;0.5484506721902839
0.61012378240549;0.30247843564908006;0.14404627604252107
0.8983146843603548;0.3828307302229944;0.3847118432193918
0.365937215053325;0.05297914910414181;0.7213465087175844
0.03667184168876414;0.3514641367427902;0.825111893631062
0.5126528644413365;0.2384789828100643;0.414247008709714
0.6049430591433156;0.40661031559971095;0.16849548840974526
0.15163021349646422;0.8451477265066779;0.46722706437078176
0.8353188285342874;0.4864409868252322;0.883331416555216
0.7393908833752987;0.43898800567717666;0.4526237426755765
0.037413659952390765;0.7127876926290502;0.39972008621602584
0.5742298854358627;0.8676132265697832;0.41374934560877974
0.8017760358471336;0.054743054592147566;0.13980506284530014
0.1850307318312825;0.9772494430418412;0.3152563866059378
0.22700947070965782;0.4416469956156317;0.9439059374717221
0.856597563056761;0.9541105496669274;0.6905347330024805
0.9277698191268077;0.9870575629150369;0.48175798986829965
0.6418356899422533;0.6551779974222707;0.16120853065807528
0.9510015390060711;0.7961275772018855;0.2455218108099526
0.04774454728201705;0.6721561752300418;0.8352233639905807
0.757473997284743;0.14067268491843188;0.5202513489754519
0.0752136733823674;0.9712723092732333;0.5965315614750998
0.9035493112567657;0.2130881974225587;0.9787731311488606
0.16185381534374488;0.7758502251433863;0.22803294844637823
0.6160462678413733;0.8591047352981873;0.04359909471000545
0.22998454544601;0.27590466598089336;0.49962829294751865
0.15018747663377197;0.8161322705234847;0.8621750454876376
0.5149838555882649;0.5124144467350324;0.6928816032087741
0.7530294063840446;0.009078555137587263;0.6442075907976926
0.3825100991660907;0.9040620337561607;0.8146845565377129
0.5285425658476484;0.5704764083125619;0.5207986300606701
0.6676285250358144;0.9767444413753703;0.9111939791164505
0.6860231637379431;0.8998380693685843;0.2369554771571536
0.6326284442698598;0.9691607718439772;0.711300184122859
0.5204863829525235;0.3901271733259202;0.27644393097296294
0.13198576488210623;0.32818140048969724;0.5663901401959378
0.692439961134072;0.24243885536184717;0.04994743250994238
0.7823643210536462;0.26559077256710406;0.5993265375549398
0.8561900624514445;0.15284914417477125;0.0113746298488554
0.86867904211347;0.4574933971000983;0.6135884414045333
0.4707355006349939;0.6864833311164535;0.2500948347128943
0.7071465011510745;0.6234049222654239;0.7227970224157305
0.3303941813892427;0.6158605217533806;0.7694563037202488
0.08480370918402336;0.04848446465983802;0.6636613708210937
0.36264924471171933;0.9630470378611986;0.8304410684057731
0.0984187773581624;0.561876188660123;0.28462728476417043
0.8788525911082847;0.2069009429356904;0.34246981808873855
0.022501133307876953;0.3394059403578732;0.4616468619958688
0.9001776553362068;0.026376541920596464;0.6184132064051481
0.27755133727334214;0.4261134902416668;0.373266671774643
0.6008798742885878;0.8269353192547751;0.008209670291124294
0.8596985491086083;0.37115371311724243;0.7058050124195125
0.5971829698349298;0.21315075859665655;0.21095559981453593
0.6481471783291383;0.2853142787882462;0.8655436499244826
0.5211408915284326;0.9522776852320061;0.5674198860293903
0.003429300981614536;0.4121842323158216;0.8499225143138394
0.3686355832081455;0.7083616369478531;0.15951155418262408
0.70787610636862;0.4572808214873406;0.6595101202114573
0.8282750980752324;0.2406500489757204;0.42731587331342624
0.799551250393984;0.6531451778097924;0.31655511073554077
0.9473262326396287;0.12026094754699301;0.0032048491445204608
0.6046499489133473;0.048939786686004516;0.5393390934353489
0.16439915785991355;0.7984496116734066;0.2802983278133846
0.5362004324291854;0.10050824117551083;0.9950629210470647
0.785942615725855;0.9617047517418592;0.5450948373888135
0.4288324153552018;0.4811724278385092;0.6002827680362797
0.11408052325891838;0.13569424810300623;0.366463750352066
0.33171581004007145;0.4723892044588319;0.43223754859474595
0.9323497829058618;0.7789892388321177;0.8122589790204378
0.14720612770894947;0.014080173937304985;0.2541791349526136
0.9621891104470913;0.4880099282685705;0.13140210832678711
0.39222337740813584;0.8607953670705352;0.857655872796092
0.28794843644223134;0.23328866540420867;0.2635147288803825
0.7863083882190738;0.5339704079730921;0.88331753923243
0.9863068517542447;0.26207261183629693;0.6515250516494254
0.2564203013029026;0.21677289066663707;0.23960244877953119
0.28132131694689433;0.6503871850808076;0.09693143404314397
0.05019873824915533;0.38886145413343387;0.5175736799129123
0.6200035675044955;0.7564246306766317;0.3397218251139591
0.2736020209785801;0.7695320619540054;0.21731934239041584
0.2544688787907522;0.29983472273258627;0.38523481786677316
0.36652948198027613;0.3820608627996871;0.4881062014077602
0.23211501962702696;0.667472615258313;0.3629610763697285
0.14101071264931497;0.007044886332023603;0.8210250205325031
0.27935368282569595;0.15862332998087458;0.8121158270802894
0.6162656205716833;0.1760218997579599;0.964709888109869
0.12936654120521585;0.9385320924738526;0.5725010770133321
0.9042562203650157;0.5936437037194715;0.5176881840069134
0.532654617353271;0.9006393331390676;0.9768490153736893
0.2587859469959436;0.06906651153132337;0.5521799471278418
0.5645938223872051;0.9124953927194198;0.11103200098280619
0.7134635931521728;0.09858389778853927;0.8798426041174289
0.14461529899371162;0.15139091410685113;0.5842679118823656
0.8011898782499408;0.13599790113629961;0.23207072668013706
0.19399040492791986;0.9016713381984831;0.8830825372316722
0.36958021902700644;0.689702709918237;0.9631793111406146
0.012037961118158913;0.29709243273218156;0.6495819864673846
0.17555385090561593;0.5337543560718739;0.1004897897696535
0.38924780852891194;0.30500410761152386;0.3062795187519576
0.8847938801179728;0.5325991959795667;0.10950991989113112
0.9374216617495015;0.468183715282521;0.5563575997537291
0.24670345030453233;0.8307426863161738;0.8927538497798012
0.5456037407617489;0.6432506489674686;0.6464143751181451
0.07624146191823844;0.45369037453493866;0.41396454923334636
0.3115799681020338;0.5623892182027305;0.23491640941207215
0.9156451790510634;0.7319807273106584;0.26408857958237686
0.4103231827740599;0.9426116558255938;0.4559176168196063
0.013916729190380228;0.06787214886592463;0.22575287212781336
0.8190974872808802;0.846938599393162;0.9639283380957947
0.7631306657190702;0.44610236992129315;0.5189887413317805
0.6756093190293211;0.5968612270290079;0.47580582398808047
0.24153867748438718;0.33946226706381244;0.6358293428373433
0.7814514249690163;0.03854539654364075;0.21939085463590358
0.9546698888155185;0.0672213960241429;0.5847678893760312
0.8721367763416149;0.19596910702399017;0.34120870772797207
0.39832678057266113;0.2615091685745542;0.5396951570558959
0.6053407211709649;0.24245445300137325;0.039368699304572985
0.09219658003840991;0.20385682850205922;0.05387794213922292
0.5314644821307205;0.09132070507745715;0.04169251875806701
0.24933096568265234;0.009038790394793605;0.15285703040846144
0.916406965359049;0.5954565836956863;0.471939931534907
0.020825534694727477;0.48921626769711046;0.9934526725229561
0.6076576821651631;0.7573637871404579;0.5091472990116607
0.865315518476081;0.17317553417964981;0.004704075986419087
0.6904174941617515;0.8372596172446136;0.21978436105315247
0.049183183167634814;0.8112391323586373;0.27431641238938587
0.5514267644097693;0.6495126692271384;0.3271836197627026
0.37097287240592713;0.03564591904518899;0.23304312004149985
0.11793955904263476;0.08927139810365681;0.624223664102223
0.5922494641749513;0.011757757416756442;0.9491056178745628
0.5816476253884313;0.10603924807264398;0.014679674188022518
0.40326005752075966;0.8871566750528191;0.6701588505133775
0.4962003873013572;0.8101796291414554;0.19266339073830852
0.211150857582163;0.4655004648788382;0.3338538688112829
0.17056342353874643;0.779969338608963;0.9572108945331357
0.3406249268140522;0.4850182102911439;0.7748084298492888
0.7650960139240321;0.3537994535429325;0.17435497997223226
0.3914141734654093;0.4089839425112711;0.09665090231498663
0.33218030900603057;0.877378290463167;0.9624374632647457
0.17485807779313622;0.41883979642267577;0.5560110466053108
0.07859355066043183;0.5376052958427692;0.29718895489229835
0.9844377118047763;0.3411666243381477;0.36754490861647104
0.4023614600306473;0.6180926576233682;0.6429596346635326
0.3629740367573647;0.7825421404557604;0.1016359258870082
0.30135939737786765;0.14900702622203688;0.8519287317649277
0.7360654282339631;0.23770690644380443;0.6488868090743305
0.5819888101175308;0.9893542805586902;0.6758618722568641
0.056369630004488136;0.4636259467163718;0.6769490009042404
0.9362138020999803;0.9654646903110595;0.9108712748978851
0.03451348814077149;0.1767820665388259;0.6754098478734574
0.356855333065906;0.8725574960045185;0.025021195171114896
0.9929907792714564;0.12023617047300617;0.5363109642034992
0.061236804589063665;0.5887344360148222;0.6917986652638224
0.09649197724002256;0.3090661126834007;0.7648500631292192
0.40275796360839067;0.9973002861729133;0.9423338757135085
0.7660635469623801;0.6050152847570726;0.630530809675425
0.4747533590708717;0.4624196562556453;0.05356929926521903
0.3444917803096941;0.5122940476248735;0.2550799430026893
0.962789691683587;0.8969610145433735;0.10209414472200085
0.05229524241344308;0.4504889631165421;0.11169420055471568
0.9349405363620523;0.20079231600287584;0.9441200532025171
0.5126921308192104;0.6589074268297324;0.6711139187540018
0.3324366243611997;0.5355862480702441;0.15387325270629593
0.41988391502036426;0.40823282602045496;0.325576339442734
0.7994897843593533;0.525730014200722;0.2669065534023485
0.23290329358103623;0.18051376084785997;0.12927569548748763
0.4314178959065337;0.5016464708849124;0.25709098344333214
0.7211059083622359;0.5977691439965507;0.9067889650849036
0.0004753862600773706;0.4555735495906936;0.9298320304049427
0.6569577918929522;0.7122736714357203;0.2332598694389303
0.600327446476148;0.9436586203963819;0.8447584843182212
0.8966499285226404;0.11161794536538394;0.6572274450354371
0.3365769423316197;0.7821599820099128;0.05641199388483731
0.870893569203793;0.5939637624725432;0.0305913241230924
0.7716184938258823;0.5598686392518064;0.7315251229002397
0.35528683846989917;0.3833348475720805;0.14075014569219957
0.406598098432677;0.8788064113084516;0.3372964554790695
0.945557199972194;0.08503076607675375;0.27827853492828314
0.1692484664057593;0.5683846879030394;0.3186549590914869
0.6712749901755212;0.4835149030280146;0.9487699156450997
0.029750291290045916;0.45282684570073695;0.42093076283718345
0.8974530728464318;0.29584381361998113;0.8413027079662487
0.8252906477910682;0.38442973533012315;0.3074427264488018
0.6545511245254025;0.1783823615337209;0.9010507427811023
0.9500628153450105;0.12265795100867338;0.734170342327301
0.785305737648995;0.19681590071125932;0.9228355204296624
0.2764017771165559;0.7704263739879942;0.16542643832755244
0.9981688462495294;0.42944298371615763;0.14559704181887922
0.2742251247284808;0.8635811097622239;0.3992095489639156
0.30607449738884585;0.2107516633989832;0.11607304825680731
0.7842063721724121;0.9424434957466994;0.7293876547138081
0.4749863300574858;0.6888840024270109;0.6488555468775389
0.5352504566279043;0.5488884981705618;0.572269424276301
0.5870371346392276;0.4941304166978786;0.37202773509445575
0.24694021866850369;0.7162607477023577;0.49467978926431033
0.2209429629249674;0.25078806131320963;0.21071000056028855
0.3979220116069352;0.3030715765829457;0.6604942189358393
0.07366026038329443;0.2714160030098679;0.660710315889083
0.7215481387439125;0.38657000185583357;0.09154544641801332
0.7095542324602412;0.9900676560959406;0.7025415245540767
0.5113284010566053;0.3968901407404857;0.8506797614741494
0.5075205848875302;0.09077666307847099;0.4376022480238051
0.6640230071540855;0.34031611225327574;0.07775900504358402
0.527402625139569;0.36976249567790676;0.9531670612683639
0.7349465274840283;0.3580274376265413;0.00020369071805048655
0.8536664381517101;0.3983865643697301;0.6763423576540925
0.15284309104484428;0.11186144034197765;0.36933073152450757
0.4658394362058914;0.8354082331426527;0.07610569097929698
0.5556841228800484;0.25776196142484553;0.25992828577816607
0.9024262437489352;0.6310999271423849;0.7347987209405406
0.7080011727650379;0.5720371819986946;0.39937150840485824
0.06061490459269081;0.11513791444845967;0.849628920408548
0.8751962863674052;0.5983554864628599;0.6632996203720433
0.1569262843207021;0.9670890997196763;0.3326524840765167
0.15493789800064905;0.3201273079309408;0.8104711892989559
0.6092760151957343;0.7005609045393527;0.5696416766025822
0.8156512564791486;0.23342223784493066;0.15667743993498573
0.01874246191365958;0.5587159271366047;0.0355684738397859
0.1798392700821858;0.4168008431747432;0.46483836448799953
0.38877322700998596;0.511885158250808;0.1267923010664137
0.9523812643009247;0.12453413944890046;0.57474172784221
0.2227189692820143;0.08473883920785141;0.7410272654281581
0.8809682506108615;0.5889885168886001;0.4258168720568767
0.7101363488496856;0.1600584061657061;0.026555570540141127
0.7271582022088756;0.21791691714826023;0.3860502569734966
0.16399599769183437;0.14558380889220457;0.18606884413805946
0.7221448277559452;0.25632806525038243;0.19652046092398145
0.4464839403016756;0.2693259226269539;0.23341536342953917
0.7041473754578046;0.9351264529634918;0.3893536845185497
0.08179079041038717;0.7455621435859049;0.4649461247674016
0.1141068777687434;0.7696944077578182;0.6403802587741084
0.7128085226114452;0.7049819040422259;0.412272289169871
0.9673125450326795;0.9100653383916555;0.6537811321126438
0.31243057797539586;0.16370498593971605;0.2702431066050549
0.8638671401125999;0.9117400116829437;0.9936928955042664
0.21679083599568294;0.7176628050755365;0.38831089804895746
0.6954222221893096;0.34936635299038654;0.7909363932512461
0.46543404260995336;0.7208296083087846;0.3860700735564223
0.9277124612906414;0.28498771732949935;0.22122826347871993
0.9155158840860838;0.4984002699996797;0.27071343381845614
0.7274911019451262;0.3928055223371204;0.2646013080507781
0.8693760755954575;0.4596037033919249;0.1740738697478813
0.6607543254892871;0.5930834758216154;0.5217518408833899
0.5876961668241925;0.4820061873555638;0.09989736698951468
0.4533759141504903;0.3241438210514215;0.13847061908043534
0.7256239287287692;0.6166319001369767;0.2713117940923161
0.6921278956307841;0.017959362543426005;0.9187580482298016
0.4437506461293318;0.5018900971175331;0.7171649155708895
0.48592864739585884;0.5680030424941931;0.41522453481528354
0.6080529232674706;0.5669811912866082;0.3200650483136719
0.22991794938761112;0.6587023074083865;0.9679722090647194
0.7358060784484454;0.3885516300508902;0.19978974060052146
0.830135122963582;0.11966591386131453;0.4651769274412796
0.6814674418185998;0.3677987711402594;0.44383771881876954
0.6662249797910246;0.9516317333202522;0.71742019865422
0.35027938673699943;0.635166350314436;0.8679710494979485
0.16890756541050334;0.6503053760139952;0.18564051056781683
0.3256416365685335;0.3310071071914552;0.8960609353151828
0.7023707446247204;0.05656131613511295;0.526815479179579
0.9524862932082315;0.9418130000701282;0.7456265966243184
0.02549461117054508;0.34374995348784654;0.5748443080707712
0.43191665259782674;0.065987719603677;0.30947972555553505
0.8213106450904758;0.8519032344766103;0.9681097339019613
0.4434707317333688;0.5370487583912708;0.2571558920318807
0.8289479195092099;0.3576809067491312;0.8093121620250041
0.8301576605709452;0.8778220002224759;0.9884077931760014
0.997649825235077;0.007682051889323249;0.32911148066470264
0.0654396406677068;0.9126022765506393;0.7076002516116469
0.5756287614708739;0.19989792030769116;0.9262357341021632
0.6742810227759957;0.4610656310494029;0.6086396693912547
0.8948833125294549;0.9883626032872634;0.41262811766741747
0.25774791299645694;0.5260336871796006;0.5611561824925152
0.8073333377575304;0.1664238445719668;0.5841239268863079
0.6840476792958327;0.7228589009071691;0.45854253040486725
0.5123154283204554;0.4443804618618137;0.7903191073188582
0.860879218268379;0.07390205526524829;0.21574565081070318
0.4051456709026049;0.9494740396744856;0.36344352720433026
0.4045884221150058;0.5349333614987888;0.46044205933333693
0.5941899373683721;0.5292449012200283;0.30228860834921256
0.3053678877185084;0.11220878662222833;0.7242629531991006
0.5176200400342079;0.6078275042125486;0.04906435781208274
0.8472561445110413;0.9221462623233293;0.7586656792549851
0.937955193291709;0.12988487958319073;0.3341016998269212
0.44645510163772584;0.20217925269803094;0.28569919872578164
0.046348783499915;0.7204707032334896;0.42182384435190146
0.4636533416314417;0.7372011276077086;0.4328132045463632
0.2807159317006336;0.9397438514734701;0.28576307724949057
0.129527064949287;0.5224956361552054;0.8113662294247308
0.5464237718594277;0.8902341436755044;0.7448137516718863
0.8528637728270931;0.6301336023017726;0.9781165667026016
0.9114226541033915;0.7929193515454989;0.5444504243322507
0.7197392397957909;0.8448062264532693;0.4094583093032076
0.8170585861104643;0.7739693219216243;0.41626331037474384
0.8174780750440627;0.15918015832633725;0.8557253931895711
0.8222044215358988;0.9356429289015867;0.795160052393614
0.4272278421809774;0.14303506434742086;0.6549356573072718
0.4774384694001852;0.6035977309595482;0.29661463903548135
0.6099474660064234;0.943081144810423;0.11695500394576563
0.7433493820388208;0.25082345862022737;0.803280575230883
0.6967896963063656;0.19578323739603287;0.3006402354376079
0.9323531093193361;0.2403914400064422;0.2304044842097498
0.9426603358389961;0.6334913183658936;0.713267898318519
0.4916307444384531;0.6714015426662205;0.18204494126757664
0.18198142530764505;0.3424703025910645;0.24747863194789455
0.061608309433600406;0.33238978592222934;0.9023599930021478
0.16061155417114115;0.8543306110762613;0.754772435056971
0.2283616799932635;0.6363592940096315;0.1359383393280117
0.8821061583738441;0.5378140607721624;0.6104925040967675
0.6577975100921236;0.160291561192908;0.6143796057491477
0.5150315085820987;0.5759880313108096;0.5822921067697534
0.8351827611648548;0.29687270882132355;0.3138226882340913
0.16486384546175048;0.5058188751562995;0.4211713553604539
0.8665708563510683;0.7267585961721846;0.18312968129173623
0.25069322866016264;0.7217028528752302;0.8056827743781689
0.8632947793411936;0.22262786012690727;0.2150820088839842
0.4319716729300678;0.05631390800870639;0.590356628072512
0.9955276062712552;0.8873380224613888;0.1335631958421989
0.4199637271210981;0.40191312611401697;0.9096340702891335
0.10859012154802372;0.5933041557024744;0.3708756006758811
0.9006669568351086;0.18116344733623568;0.6794171979863565
0.6821818135783254;0.3960973410166695;0.04585447977928214
0.2584667372297049;0.19567749671952384;0.7411387728527653
0.5005929599481146;0.07690108904802673;0.5364096695172538
0.12128397116705847;0.5258756563357702;0.5262387697665292
0.6758334770959126;0.03515942031797559;0.7998048644637287
0.361890875018938;0.5520756646512909;0.008006532541472766
0.6110502699562675;0.20031630055813665;0.5185518056706211
0.11241270467296083;0.7233150612696003;0.2782655388852223
0.738496944160216;0.0733077273702003;0.39408081164835473
0.48024482311419103;0.5335127556087726;0.18069610339907116
0.6572539474079603;0.08271779662114853;0.48168391201968497
0.8828471759141234;0.5733727089363941;0.26938250358884797
0.1408800862133046;0.38046028881208005;0.858633588135125
0.43233004749509785;0.6530585113021403;0.6337983155710253
0.44665185900216486;0.8491281419018615;0.6404596830009602
0.7209158899082692;0.4314607367219866;0.6833826447007295
0.337740710454684;0.242612292207941;0.1243246069994266
0.3035987539382281;0.7882920553208934;0.825333362184942
0.872043735030167;0.8620083699168805;0.8658931709098562
0.8806640785219157;0.35490802581446;0.4659065499291689
0.12518408348624854;0.761903312263843;0.6569532617581861
0.7809973384124891;0.929421918716225;0.1349946389698582
0.5257200583232515;0.04353879519533721;0.012430849772861019
0.3394458577885998;0.8596748614477784;0.39403672910554277
0.1581221151659581;0.36008190060489287;0.8239900072290334
0.01104617701321664;0.8782502024823224;0.7801228056381624
0.30060330702507543;0.8131950670980465;0.7540392801575599
0.8177450452056932;0.6066488683243171;0.743703557968204
0.44830631075710414;0.7914852365909995;0.6287110759542685
0.31525040663953385;0.48565765536354355;0.9617740533749018
0.961071140887403;0.6758051066776197;0.9451327420344334
0.7858920142362569;0.421007781951685;0.9112852101725599
0.82103949296493;0.5170456355899503;0.424715071767498
0.3008857886501365;0.27705032014347697;0.20569550920205126
0.12994628149772147;0.8744573566025085;0.8396401952249534
0.015032021627445324;0.11358270629252187;0.8255277510525942
0.44670940133637604;0.6363249176389794;0.061231401761336235
0.7369686932436993;0.13579788168777918;0.6301560541797608
0.4683890220712936;0.21827016764504137;0.08300088451336851
0.5229697641322686;0.1298313866335793;0.31463392545275093
0.7324146605639076;0.9245243598634829;0.22666327590739366
0.4251589935699509;0.26344737938651774;0.7932946904772424
0.2307427054672163;0.20822404400072758;0.6644739891246437
0.5890199952327113;0.9288097256649843;0.4887550654188799
0.6832045983439667;0.6618190601268615;0.04667772147726601
0.39681210828515845;0.23946390955130814;0.6888452991863295
0.1512979855357024;0.050007693621291094;0.8337676965570765
0.4374637455026681;0.35293431231262307;0.40880108449979613
0.8338524809805744;0.4195487558848351;0.09856628526204281
0.07783578072762876;0.16755958139101534;0.5633477348606967
0.9378561995207567;0.356421508007143;0.41749417146835954
0.3913128783031542;0.052163394220123505;0.5205810304182588
0.6882814798172889;0.6492153851544973;0.5783308857028706
0.8747107568476422;0.5917424733782706;0.5132515679304962
0.17244897165745188;0.01694150184606147;0.9471710821858705
0.2961173867755831;0.05043444630058225;0.4367613540296227
0.7205954709430885;0.43086646183334043;0.2850000115315853
0.6128964324733067;0.5303773633186044;0.602519252294685
0.24161416216990206;0.2873605031260448;0.7442714235449567
0.7779614606435032;0.6947618692493464;0.6569607795208827
0.5087542940504636;0.7016811121111999;0.1692608033413795
0.7638345915922814;0.741842373070363;0.9973182261279314
0.7835821527077383;0.4786685310531835;0.10521106013194392
0.4960225364450047;0.866537290430134;0.016261295954088983
0.9740246210531613;0.7915673399769277;0.7278684609341396
0.44824162162346326;0.03957999784642807;0.21616802215496955
0.5290417998802543;0.6336937798730075;0.2487508562084395
0.23630276365951064;0.5601640008832925;0.5351544763345322
0.5826038674389149;0.9773778711078149;0.22715725799851594
0.08820176305507299;0.961343018258378;0.1149264087929327
0.7379018813877474;0.3164278731705027;0.3754431263828135
0.6683533572667528;0.062110884834991054;0.11038246519882966
0.8247484144365603;0.5693763580646297;0.6913402879496473
0.2847783003115353;0.24187472401661503;0.5586889825627861
0.9921184387004793;0.7398377002898242;0.2702296171646885
0.05802180199734186;0.7352353083312129;0.18221873225454166
0.6359860671057836;0.06159070554348478;0.31949738007966644
0.6039729576933739;0.7681107129815405;0.8495468303032219
0.05034183384016111;0.01015200810789152;0.596621240997422
0.5910284736402198;0.03314583091539003;0.6352033243307823
0.658415084401336;0.8281067191965061;0.4987092204526655
0.5740058445375931;0.17458547432846194;0.36500926346032925
0.4136407693959634;0.9178050519669905;0.19005042875247768
0.5786059205629134;0.7105760653228087;0.532541866133444
0.913455628232947;0.6734282348744848;0.032071539727033915
0.378925380066784;0.6170491672821237;0.09401635969672095
0.6217013632034241;0.47169198617488883;0.1130209261803895
0.3967313223427341;0.09653816950722849;0.6031764977406413
0.9667705047608907;0.8182362746217894;0.86144124698852
0.7494973094256175;0.6212179814213511;0.4276242156501404
0.28961863585399117;0.5783983453591426;0.09303524707562483
0.9197071625486962;0.08154225667061776;0.6440585598671588
0.3510090471211277;0.8198445270659481;0.30222496145665934
0.5063540009275642;0.6463004334974924;0.008630293853737814
0.9613018138999212;0.34030657335663417;0.5229911269178317
0.7337405761080917;0.22350733256263577;0.5195608468935462
0.905436866723984;0.13864259021578096;0.847400178855639
0.6382101521366802;0.6337739328737594;0.9949631693577565
0.8448942395611843;0.39629330936040075;0.16192959461093348
0.33744004767973645;0.3565424779001989;0.9152439500837038
0.7301038640634878;0.43593837716270056;0.4478099151017313
0.5172467720023471;0.0053357439745688184;0.7272605655480947
0.389393845288703;0.23178579669183186;0.3923985045649323
0.7769657166792071;0.058837157460755574;0.5205491185689525
0.7098919397833533;0.40339382698398774;0.5135985808866405
0.5012121000726869;0.17110818466396882;0.9347943927165081
0.5399030072551025;0.636880476135052;0.6360261204079478
0.45678777960294226;0.4678118961983492;0.7470814536127235
0.6159186199161006;0.23222322872623713;0.09463164515791578
0.8660392090460239;0.5862806117307999;0.8934482205202321
0.5869298063120024;0.8819760866941265;0.9565943551443721
0.36496254010678353;0.24584564809503562;0.0458458207141299
0.5208043108026814;0.9140543474264456;0.22054584505742902
0.9249419604113058;0.5776391768038113;0.12068336708879268
0.562311062567061;0.86661054236561;0.16918283773959375
0.5062633045712414;0.45144737761536546;0.9707308913124962
0.9920689125810344;0.1554515134537533;0.9999095551199325
0.6451629937672025;0.7802075454056545;0.8233113526034495
0.6858173697923925;0.5203225848141355;0.30872086556958545
0.07444352069607829;0.09117472777774516;0.9512794653599997
0.39505193719708576;0.020897673280871665;0.6418658618498339
0.9921204929907459;0.046958175620964604;0.36439730304091533
0.5211046597759018;0.8108090150160484;0.9274306659272414
0.9447203038903975;0.9120192760188875;0.27792668895393924
0.6040145327335692;0.3296974069817302;0.05182546657411624
0.08422825242443521;0.9169397756372359;0.9788855886897814
0.4008844337843318;0.7100301483598764;0.10223192261714409
0.07899273161482834;0.30548768662992976;0.8136570014123814
0.732753961840758;0.1072421876113242;0.10361058426566694
0.3405647122259544;0.8643021666282058;0.24003698651440397
0.6268065173366116;0.688323429693207;0.0028011605153481778
0.38202275975256006;0.2117260264103561;0.4397977775218507
0.7718799047705506;0.6487393700443524;0.6057667767261733
0.03258589377243737;0.5875715815511358;0.6433911698776884
0.38237093623373264;0.016724668415012744;0.8996822009918795
0.21881070804165403;0.8834997203330105;0.08998836017372958
0.17710191144866705;0.44907202584689043;0.4281352642617767
0.06006206142638826;0.6014307404686332;0.829367854623569
0.27881207137780484;0.4357918604934764;0.34831487527100935
0.5578149035582496;0.9703915448799563;0.8646372455288515
0.46672117142262737;0.4146122408692352;0.6181596010178219
0.5790677397499016;0.9654119342246333;0.6022260204367187
0.057973873940291853;0.29976365600154853;0.3652214505421253
0.9644657791482961;0.9019038975933406;0.9511480850597025
0.8459079829495801;0.31956405581765324;0.7547573300762506
0.9223887252127911;0.7303111658311454;0.8222786857124893
0.6285551165102459;0.4082116001900513;0.5007741131342301
0.2510311331425037;0.8389470736856631;0.9755725258171283
0.3602658683992148;0.4878454487665016;0.43193432379415675
0.7897581247168984;0.5248932779954069;0.07031651870881994
0.5517929044634412;0.7708344373478265;0.9761334709916067
0.37486067770197073;0.2005779192525604;0.7907768346515124
0.20597190500791873;0.5507301456488867;0.418298526015893
0.6937756501972518;0.866435290758102;0.8694027018253384
0.05032426202632723;0.8528633391165581;0.673661493595696
0.14152123731157717;0.005100909725948011;0.938861217971333
0.06178290661969543;0.3140188532855127;0.8185640438630492
0.16508401328211297;0.8049337147781633;0.8307026296886411
0.45211300245697217;0.38074914733464393;0.4407404562424384
0.9173513774252496;0.29725867927552885;0.08361240026000638
0.9989110959116367;0.5250455724625199;0.488429559967417
0.04660515607011784;0.9131826038381837;0.7485512103781865
0.9998591208713331;0.4069132421811358;0.32549384770230405
0.7536316049764878;0.22458195675760018;0.31494306311807563
0.7759066437721988;0.9036609356286172;0.8997696028676246
0.41861445857545587;0.6636585674160864;0.3211522631007875
0.908780024503551;0.7582091613422209;0.48022821747581634
0.3197255933093225;0.8603528944881973;0.636809170891081
0.30266757859069204;0.982405966957617;0.06185851069185522
0.8413103724644004;0.32892958340633494;0.9217306475975248
0.10828528124005865;0.48075096248384563;0.8193071327949465
0.1981016203729985;0.9284787129331861;0.11855222048942715
0.14504217498336558;0.6146213227281252;0.2668913014782176
0.9734324847068707;0.8454334357688122;0.4743306456994997
0.7168962662214986;0.8513213979265378;0.6573216082747134
0.17543165288536833;0.0239170186069968;0.4172132836751652
0.3354223239444344;0.35602383492818446;0.21789120388542726
0.7534308551471477;0.5999229450478664;0.5616037414234125
0.3715622473972192;0.7772181661930301;0.5257584264487376
0.7590873767792301;0.854499483479398;0.0648759529533518
0.35540609551538926;0.5934333352209321;0.903341456456009
0.018099649912604376;0.352560115985702;0.889326763450201
0.2975196548790503;0.2733046533893091;0.8451318407844705
0.9264124909796734;0.11658671688259281;0.9105352785558094
0.985141845607274;0.6960193706357004;0.7695635949954228
0.9636208632404659;0.28616514955527883;0.7222763762599017
0.6969504773224241;0.30990350545075707;0.9561538603850248
0.5695781763700908;0.028509177410645736;0.10627223991430157
0.7863498545307135;0.7862396226123887;0.36895802110242093
0.1474001981364681;0.6718233918074729;0.13174849460404792
0.3531898892540305;0.49852388530421743;0.6554742102475156
0.8344496035514938;0.9599910395681012;0.2884709235165841
0.9606785613567896;0.8270311947365346;0.5557220741147503
0.24823799336116792;0.8287951989330236;0.23692569264564378
0.4090416045257206;0.5815582700033307;0.36628074911542685
0.9293903416639114;0.24548607165245862;0.06026916505932023
0.2485155120419562;0.6443854776325961;0.3439972212732604
0.6159580613951835;0.543065828785273;0.1845373763486604
0.8892300825526986;0.33931134004785557;0.8588035698088038
0.2904766031095426;0.2882959921985966;0.07163590843817291
0.3983909327235692;0.5704149822148241;0.12094024989714314
0.5217892027387034;0.3543512321751614;0.9758957769355467
0.6521344875124354;0.5796407488755017;0.43010697953376664
0.6038965552853256;0.3183992718178359;0.8315374049998226
0.10130876649415055;0.5594141924245296;0.3550392603156327
0.6304451462763172;0.2626836963091276;0.3726765428620925
0.9003346838702291;0.6317870520415771;0.2157131127843951
0.8490064087529493;0.2405061818535812;0.8568149502594077
0.2483268332042704;0.43751351286452667;0.876504080302518
0.6352261406984657;0.3474454308709436;0.7096484850007599
0.6955200530520712;0.13766441920006967;0.15742813098345376
0.32389890722699366;0.9385023093562227;0.40634309144048664
0.9928207452690234;0.35788382232005744;0.6541119904256015
0.6545253575307178;0.5943267640366267;0.1600244005340905
0.046515912562605344;0.9467449981664561;0.6178380663434538
0.8508388242209519;0.11409744210826656;0.6324599945767881
0.7399209916582015;0.851267421087044;0.2977593563147213
0.3331162018749704;0.5142771332656877;0.44964697223708006
0.8371086451540589;0.21946373288356846;0.9942878950185827
0.2483774591785909;0.9245129973108616;0.6687817201822436
0.20598747011311858;0.034716420411990856;0.28403097496190444
0.38308706635755163;0.23308650575147116;0.15428068247925208
0.7872715056107443;0.24879969358454002;0.9646687976127023
0.6129596147667395;0.1836531557208998;0.07491154138832079
0.4174163949994957;0.6762111686255616;0.59019734809217
0.11681699435892767;0.15102769474564526;0.10272936085498807
0.5822761865591309;0.15373708540419428;0.02860682691101868
0.11877579250285075;0.868800230077932;0.9690856265732347
0.44302855830122523;0.8406897250891794;0.06114523209822231
0.7342089791397595;0.6685968039265628;0.1089552514350478
0.3409749314127031;0.12564500122547184;0.2504248639732586
0.6131754444847624;0.8641824818815029;0.03616304972665885
0.8171224124509238;0.7986629357749085;0.8028442169929588
0.09473805311598926;0.8607962475750623;0.11332948431558143
0.08154198382956923;0.7818157202422672;0.685531113045432
0.37904962715669566;0.7538639653360505;0.8144372309517105
0.07588770822297619;0.5335243063827476;0.677310270816479
0.6550148669269336;0.7352479739847247;0.4383214641852642
0.9039684772430203;0.29296115290236024;0.9204068103805335
0.09273078828605952;0.35695566304636006;0.9689969228893502
0.5291564407787452;0.017318070915577577;0.6247488203897119
0.9912359773699918;0.6529304007015241;0.7501423401833058
0.8083482945095959;0.16600952454732099;0.03778475477321386
0.10321426917662768;0.29146947773815113;0.2655621241895022
0.1660197610564753;0.6718276706925385;0.8546103684359282
0.02550173306453052;0.7203285837714819;0.9821723068121894
0.8707652022273454;0.7931477233514544;0.9618260891072621
0.5082887083153735;0.12607963408783363;0.9360837240437784
0.7513646246731243;0.7499693164355817;0.6980291315048317
0.4287323888897243;0.7537091758567922;0.4865532744041835
0.4205895389443387;0.8558368463296774;0.8201060656202454
0.26969846258532393;0.7826900348012753;0.5462649301666903
0.9025144247640281;0.512777254044289;0.47769435338349486
0.7251082076137559;0.0516468621594125;0.5700851843498401
0.4165332230229314;0.06542746720505932;0.051716960436121284
0.6871529590686604;0.23430528466250633;0.4814183559034656
0.9042670268973815;0.6667481867888756;0.03708593702976337
0.42087092616566013;0.489706464603998;0.8010836012264957
0.664775794783784;0.6301303884248901;0.07618214058696415
0.9921035424655564;0.37503574868910905;0.11004514815739108
0.10012940705743478;0.584644716461259;0.18920373676830726
0.5622390741499123;0.886490593631363;0.3706631964167547
0.10524548945893653;0.2807185915909761;0.9759062240578092
0.2927846270948462;0.8207391259017542;0.27304724763500354
0.996570511237646;0.9546434013606867;0.2389977229571525
0.6357940980958467;0.016471091698637474;0.4109863922791094
0.3194239712081942;0.3052130303985733;0.15745645751641835
0.4371823659374299;0.5199005103730872;0.7619273753166256
0.726907030005557;0.47647947583605155;0.47759934705476137
0.5563189422504989;0.5049952895425722;0.42804816626981745
0.8458458108102558;0.6149048830318254;0.27161245241669796
0.2884435896526595;0.977131179332259;0.5848840186161934
0.3347972740743864;0.12160654242221136;0.760437195429144
0.684127500949219;0.3623792782414843;0.1028275952735942
0.29487473626898486;0.31863248400728095;0.7136692278804825
0.4165496322800365;0.7566061785470377;0.7182560803344119
0.7281256804735406;0.9506259711344638;0.333446507402958
0.015025274313399062;0.4885800004541818;0.6653713893480797
0.3370731721339777;0.29074695292256547;0.2156539059896294
0.5447840043529487;0.1850717792115102;0.8352482507666136
0.8996579822844216;0.4639457094869601;0.3926385657157706
0.31269228571308894;0.014025083523546922;0.9054200894685973
0.10532707212485515;0.2960935697731166;0.3030813462101667
0.28024402302803697;0.13654998700554544;0.04409366516317026
0.5068407210957355;0.7041954683749271;0.025836081089565477
0.6590688976794947;0.8331399536957653;0.1450487430254589
0.8884701996163692;0.8421953984129804;0.3237864123950279
0.6819249416810088;0.7671222446058565;0.30891516141454956
0.9048364152593678;0.5608732403716359;0.9565794840397291
0.24243699294542986;0.20461344778215307;0.8529360948738575
0.025411275066722472;0.7859527217533427;0.5485860779849071
0.8595092140843474;0.27105563131039057;0.7411526757861958
0.5758171491483872;0.41405166525967063;0.9943223132586619
0.8109899491847818;0.7321624154879048;0.8877090129642262
0.16531698677761197;0.8826907390150919;0.6912500887470757
0.8163758892215637;0.09857624848137925;0.11512902326476515
0.43836645841942523;0.9700844304744223;0.17017350786446372
0.7286832033121287;0.3316773727231769;0.049936176047380654
0.3927948396788762;0.6699524877692404;0.5757262438014754
0.9347023588277998;0.6715965995725062;0.495948478583907
0.9081152975041336;0.35470948063349406;0.5362397071550646
0.8652348874124939;0.7316851827271813;0.5304410773849397
0.8914061688058016;0.6933571531604419;0.639395900849434
0.7913288523542987;0.9300475992019692;0.7424137791643017
0.1799358612017148;0.11480205169535096;0.36720427627170305
0.4295317049784564;0.9798041208686834;0.7846134878281562
0.5140636891452054;0.0996057396863923;0.6901833106634863
0.18799484662880217;0.973110671195995;0.916045058341354
0.41068183320046425;0.8554123395055797;0.7990144131049194
0.2895118773740849;0.17762839588028934;0.9755037338312316
0.8960273850580507;0.09066575718708714;0.6574795362384326
0.7887768931946915;0.9064754047604643;0.4708279568332885
0.6411127846540988;0.8317891290171718;0.657624441498339
0.8791658221090793;0.2511474064184106;0.37659842537362764
0.8073514127739477;0.5943248338326313;0.8282814161629339
0.4043594295560542;0.5199484891986118;0.5475414389451355
0.2853942023454371;0.5720668928215168;0.20925464579776054
0.6165910137166449;0.7193381004839136;0.10503510778558312
0.14395968093497002;0.026429032673629727;0.26602568120759296
0.7011204505620843;0.26735814304068295;0.3319293829442178
0.10207367079637852;0.5187885000041915;0.41410711482919904
0.7601454456121454;0.33526289567789846;0.2915978115868657
0.6990202631337189;0.025946779815025023;0.7218812185304906
0.009236664735392308;0.4285342962202895;0.813685054623245
0.020903863486259833;0.02794931825815916;0.779797618285639
0.3669296209722004;0.9092609688873535;0.0005485207089812594
0.23470837413818968;0.8264338279514428;0.6746846909656811
0.4997656444110272;0.8968906330772061;0.21369185115746736
0.7510822569998594;0.4296025424565504;0.7321977510985265
0.3174118848022115;0.5008969082991866;0.7753079614767346
0.5459513270292718;0.3623330173012175;0.12303518685301862
0.1950903062403232;0.9064981588780032;0.21227724582745922
0.3079933395960799;0.2785171000688066;0.024430181005125284
0.6226330011241956;0.97723448847997;0.673215944462233
0.6189429206356449;0.9018693893067813;0.7550479149870031
0.8932979192236334;0.5012996243411918;0.19848169731837273
0.38196119172244003;0.7469220681463081;0.6267229763955061
0.844970124612346;0.44339042931633443;0.9022811697259615
0.5832285066954852;0.6393937959305134;0.04317785665806029
0.8961497144504432;0.22910750638652744;0.6284679903805372
0.8526141413397524;0.8677812582160155;0.3391018907572285
0.00565565805634749;0.4393532803107505;0.29985222904363484
0.610505092216081;0.3715805385989208;0.38342845707735573
0.42666802708153506;0.7328557922720913;0.5440631914060646
0.4219438812770706;0.0011705022100338969;0.09579104160864016
0.41352290891173116;0.23026019030843048;0.5154390649733412
0.2859398873975101;0.20383416161020507;0.20859984550855282
0.8080629230354087;0.4191321269620273;0.6518883135292349
0.010918465369532782;0.869937554572571;0.5076184931534118
0.180075274428796;0.6914681487931197;0.8099758531730097
0.3998514153937819;0.6685422275165533;0.020594685555480052
0.4580399394933339;0.12037369277093124;0.8197807836104437
0.3541936881837635;0.11733940716954128;0.45824865651532
0.29305150136819125;0.40540391903856754;0.9951655083993084
0.04573247109972678;0.5657322483478443;0.7278557766009701
0.01644666070056311;0.4576518930288823;0.09944597251125409
0.1211419277670579;0.37064737184229857;0.4262153358671126
0.03134437253899136;0.8966752104547525;0.2879925825477745
0.9018208212383317;0.479637501685808;0.08142045394133768
0.027971763797653426;0.8492281432104054;0.43578861645747036
0.5207373107855917;0.6874576386287442;0.5642150105263276
0.7319231977684282;0.33466595541026034;0.3860205865936489
0.651802372280606;0.8831188519688696;0.9929053905018633
0.22164026791588176;0.051393240059940726;0.28206473522379205
0.9871949291260624;0.6639213250315028;0.3787485151633805
0.06465550781638918;0.06359184703548404;0.7660617388101407
0.4737227289136533;0.8416924326337787;0.7298265940628417
0.9538478154942843;0.851948066867978;0.634157824338148
0.21063701956116698;0.24886680938766736;0.3150936340765472
0.6412792743539952;0.9332372973167051;0.9012203761072444
0.05697240373464474;0.25228955707409584;0.4062488569766306
0.3797380647565386;0.14714936490791375;0.09363922041457962
0.12405102790615663;0.69906676038924;0.8999811947375599
0.2581425355363314;0.37081221852299606;0.9480468345177459
0.20013048203159212;0.9665796118075228;0.8982851340460424
0.9766660008772597;0.47971452863434305;0.6034134903537115
0.7754736305190972;0.7447622219464108;0.6090792138431956
0.14543474958671987;0.006811407699973904;0.45983430043781925
0.9615519147589391;0.8264036966656134;0.438737447590537
0.2531892890580476;0.054930130686880796;0.20995008634560341
0.6508363357212972;0.5785877061755109;0.21083436609531314
0.06659746421486268;0.8417144849251982;0.8145274216981814
0.9059553758373484;0.14208936314378617;0.23254648350892182
0.7922525670016817;0.8325901031711196;0.5193151068402722
0.7153909918382478;0.3264070413066811;0.924739225605507
0.35247737361384235;0.06807187222390176;0.525122667725628
0.37884892449618424;0.9193846646599922;0.5238451166662975
0.7964647027701632;0.9860719715097369;0.49180833685243663
0.8540756510847972;0.8259329700019831;0.8659557070193633
0.39034251062503456;0.8725861009285786;0.45886527154939916
0.578048314686889;0.19598029350468604;0.21627064747274383
0.056177060814367685;0.6717081659991099;0.9052998711267054
0.48816395526392886;0.36295555561281256;0.6564538704226264
0.0425245825141628;0.8980200451095223;0.25314082540454974
0.17226601111490625;0.9620543646149964;0.8707623773089216
0.2601982839387601;0.9652346460220137;0.45839852418530724
0.9517096392589711;0.44132588581220966;0.001954420636331111
0.9696778265202116;0.47409794651524706;0.6218083797475532
0.9829980315193182;0.1916207669622112;0.11924064795589939
0.22510971412588765;0.6834364411590685;0.5885325830920642
0.10199968427085226;0.8150172002348844;0.9586949102206869
0.2640740451254502;0.6769236271134768;0.8342376992228518
0.923560679901359;0.9291958793686065;0.18376265574431905
0.11890628903882872;0.10021181672027091;0.835908862381622
0.793664147993079;0.9517638963205911;0.5986180887942704
0.23779507369678643;0.5483078859848445;0.6944622930182119
0.6733920272021466;0.3461124195996351;0.9868917447436302
0.3213095873183408;0.95337359351078;0.6326063919862894
0.33468351604545776;0.8739436840408622;0.9667322149293924
0.422554946678118;0.6724394247845514;0.7462815180984658
0.22787240646532791;0.22614599890993659;0.8724823298209178
0.5077183752255492;0.4324163739015997;0.9159814627712836
0.3937345988187425;0.15884303259325527;0.8035558053515799
0.7560917871525004;0.8593993333680648;0.3134317686861984
0.9298617189956544;0.5955651507283631;0.7711117190515635
0.6151481017643993;0.35778697998404685;0.9095290107186823
0.37794429766677506;0.03332954138742972;0.657598182039532
0.9631857631753183;0.08936206355354093;0.5335349224931485
0.919119053548163;0.6337693639987617;0.8331750597031223
0.8623087711675438;0.1580288255662955;0.017104673820496408
0.46638365296050954;0.16144419233629048;0.715323392414664
0.7150475022272289;0.9606679072376396;0.5976202507398234
0.06670435339472758;0.08653628782983624;0.9945265508519051
0.5420150880347523;0.2693972890409111;0.9327806531489222
0.8051617829866974;0.878741328209371;0.3459797453395763
0.5461534392373412;0.15467062847524082;0.6069437680911622
0.9164501136689203;0.6694640868381141;0.9800304172686516
0.9322287204466525;0.8567110788310889;0.10767467803446673
0.5765578284555071;0.520118335773187;0.33997907426888085
0.5862774394020049;0.45655378201065244;0.3873356379700993
0.1910310607114729;0.40377896480437336;0.11294380525511372
0.8571319445147993;0.7307428334100028;0.42764785600630395
0.18799471253774913;0.40749577925083746;0.8095885950090049
0.44279940315262256;0.26238614207168265;0.018955828596545765
0.35820146959755594;0.7301350799668458;0.8907821410203584
0.23202896137386553;0.30844771724526254;0.6626178721046736
0.29240443233782243;0.6990963924550089;0.06731770191604047
0.6085448902312749;0.4089237634526838;0.39981289096692796
0.6323589952152514;0.012581757502755364;0.2362516305658463
0.8008266352960214;0.38931008028879666;0.32148782048259816
0.15961845172788292;0.5222185370794848;0.2220943272832896
0.3056461080092079;0.24024426986779135;0.3279541971390926
0.44118148358905884;0.19370144075821571;0.6355439028504752
0.4690159936966074;0.26100051994304374;0.20560154057548974
0.9706812605198354;0.5673639094980593;0.4751147348515834
0.32384925265251796;0.9369563646239615;0.8845762954859866
0.8662498329361673;0.960674029050548;0.4594095180762374
0.4614450151552303;0.8834728654767048;0.8717543996324911
0.9362736037310633;0.2888743009618594;0.35820894884647336
0.953360002658215;0.6536062912829435;0.17885081123981428
0.5732558198005661;0.020847246554244414;0.6391197422439311
0.2619965740836655;0.8650661131736253;0.25732050108271953
0.06447842308458185;0.6206880554540947;0.6636293372618058
0.7220160343156572;0.45089039699103695;0.2204855274424854
0.30712096293600755;0.5900112239108624;0.25183937442858595
0.20907715126871573;0.31129127681671376;0.940249912031012
0.7764227806259215;0.24985452880840442;0.7491607502645578
0.7272760936842962;0.9451745659640827;0.03146350651196439
0.7547268731460353;0.5144235994318552;0.20813392375456874
0.4203034489908444;0.13326084583956932;0.25971968000244416
0.6286104615375465;0.15612896073392002;0.6090005530447894
0.1506327549617824;0.34659250353500437;0.560847920846569
0.48130543417759386;0.10806830537098955;0.27790759278278787
0.8700858737533456;0.9429143143066087;0.0158245197378154
0.015185361819557097;0.346746585093917;0.8658536455945246
0.2909421916683652;0.8411892671686434;0.45874001504001893
0.7839108489045148;0.8924185609863289;0.41941975409216004
0.45831119297196155;0.5404524637636885;0.8665529834655086
0.9428265988484518;0.5020178314007937;0.8594967734673205
0.9559933216473567;0.8064956810495547;0.5980200964358274
0.8776775013596935;0.678679588859749;0.2684464944893986
0.10891490215581179;0.39838187172843487;0.003197565243278744
0.42430548248304334;0.6861381835731236;0.29834662584338223
0.022158578508853943;0.9680109705792757;0.9326310679317942
0.907042809563783;0.5821485894381544;0.44453444957044863
0.9251326954743555;0.8911459639255883;0.17054555790546833
0.7932107219018554;0.3153994049824672;0.18368364379424296
0.08577280476873583;0.6692380917824832;0.4122670166617509
0.4236431731825909;0.8391144235003778;0.0722755935182271
0.01240888637924309;0.9958033881256804;0.009585966156169579
0.8045805764314347;0.1305796608405393;0.176094480304819
0.4076907906874184;0.6577067392951562;0.9902803762530488
0.8054706599963171;0.16296558302390862;0.3358685489754438
0.4267966145093929;0.7958872652690264;0.5263161901565481
0.5794651798086261;0.7009683115497182;0.581913978301017
0.20919997344012542;0.39713372361493293;0.9546391708166634
0.41949065188335355;0.6739860251977402;0.47025093865100365
0.2054623969054854;0.8690739854204393;0.2641586973708018
0.1276340988542679;0.7689579090981041;0.7458653897805977
0.757785817117516;0.7392403204810758;0.35471986038961667
0.5929887173931169;0.9353636146843538;0.5467777238239416
0.6164013281261936;0.5889328410747492;0.5285281092998754
0.8002429871412091;0.7516251943328738;0.8281698022174753
0.4049537442369008;0.8566632122426766;0.01667631029393357
0.02969143033998145;0.7841343200170934;0.34290798967384706
0.1349003369486449;0.03708233126814886;0.1172171413147044
0.2633426233551108;0.5855636294321395;0.10565423434805321
0.06910416785927387;0.97355909708742;0.2379811321987062
0.04131519808544559;0.840394517252196;0.6321214354835578
0.9146228800223203;0.055123156417797414;0.2815566557838479
0.47879875605003497;0.24914289420185476;0.5608784281167014
0.9394681714674618;0.43209282296512086;0.0634387578896688
0.3504303382632433;0.88579871956601;0.1750407032119189
0.9158587383442958;0.7230630762232644;0.9167776055342206
0.9322471183903155;0.4821138556234892;0.017327198386820397
0.2908341439760307;0.09902666078171596;0.9189529626145385
0.3208699108791927;0.6948118820036592;0.186419707907157
0.8787513003235929;0.7644835081747635;0.12274499458971189
0.7017671640710089;0.06063266043458382;0.8339598359916895
0.4855016207683933;0.7645645189130418;0.4069100261094466
0.9944396685456636;0.5052695928577429;0.9092992621440791
0.8323244910775226;0.42173430362870634;0.03379922696283699
0.42090867384591035;0.8338284242822898;0.6256899110020523
0.41982264134442415;0.6965676504134224;0.9507394705660739
0.5411991545308358;0.5798899647478293;0.502009481629202
0.16268419575180837;0.13893704034903975;0.06578971963543756
0.9727481052136111;0.2539558398389773;0.72389184473992
0.07925350031556921;0.15043602406254508;0.7653108386348264
0.7883256278360583;0.21486005181051426;0.407123186256412
0.1677875339105529;0.7296239668343484;0.6870982485748334
0.03817693045377524;0.3030451396618341;0.4835030080002931
0.961022098922986;0.2825068881620314;0.5981999905903278
0.9030002036689034;0.7902661890504009;0.8024273450867483
0.08219894454165533;0.4432488511306425;0.5475502557703671
0.5127706209655514;0.7311065582928211;0.22739275920763935
0.7047660285807206;0.6528270643558509;0.05095116280734835
0.274341126658458;0.6298569772603566;0.16148877178176546
0.8429504407070076;0.5366242674916895;0.5427311944848037
0.14143880201426406;0.6127340162886858;0.4730262768275504
0.6151481908694727;0.5246510071761016;0.5135718717519727
0.6610129138197408;0.014764705925259358;0.5449213703276291
0.9284007508533451;0.9982736577810581;0.3956937876704474
0.5797498004626653;0.15614525882938912;0.15227460599940068
0.19052562210419455;0.5459125611248848;0.6130903924165959
0.49483373141524445;0.9573929099489864;0.34535110271712866
0.9212793420221963;0.41436542895134876;0.6362976578238824
0.2273146087764082;0.790984859578577;0.9670270029978041
0.7139365104649856;0.7179381163202441;0.10037620270675107
0.39788306431617626;0.7051518016248945;0.5754881125395509
0.6345720424279336;0.4782409551820971;0.8302977230460249
0.9408372922472614;0.46362935986107867;0.15863446343043064
0.7666342757955618;0.3522611030989584;0.0756421113262492
0.7938686385687759;0.12954196071526858;0.21537604737016158
0.6234454683888471;0.5592401162779349;0.2514749605615473
0.13605513274148295;0.738141959428579;0.3796597532673094
0.15938856099250998;0.5896671105964062;0.20917657887238783
0.47669269961564587;0.5062086169364928;0.1945624254215833
0.3596679883414461;0.7702507679393426;0.2820989192852381
0.0749520284753945;0.6025519367173866;0.25453201146866467
0.573583476397377;0.6990234816394864;0.9546612772650876
0.8806120891772781;0.6182211826302922;0.4012119500079878
0.031750565952105236;0.6178666540419251;0.03506979867407978
0.690297084389235;0.6292223115808208;0.5817256454117216
0.6458078351938553;0.4855153459441599;0.21198514066819152
0.20026150965005685;0.9982217462319459;0.7997554296428488
0.1450770685044801;0.39379821239763724;0.974885065027542
0.22302559578821057;0.6340011058307427;0.2561173063993514
0.019310198746183227;0.9302846491523447;0.3212213100494873
0.5411606531618032;0.4083571584845025;0.5094755354286855
0.3140886976948034;0.09544110024002594;0.7472208697871064
0.5551995098371498;0.2991490448295582;0.6944515164455481
0.7607392219685827;0.7208440074686524;0.8186188243641546
0.5278232673643688;0.6519258261156761;0.10069465573046477
0.6877632382563318;0.7641456941397373;0.8917439907436487
0.07419111617975505;0.3584582767119239;0.4088506041539496
0.7979569983142871;0.5891798556628076;0.9593921530943945
0.3406635043031173;0.6115935672118223;0.6182425597396567
0.829232313890143;0.15065487261621435;0.8291811061054255
0.9894419343300472;0.7037994566313033;0.7158150375137933
0.044477373274446896;0.3604348427647417;0.03416361344080643
0.6369832030638263;0.6894529787995941;0.07311778094291943
0.9320123981373081;0.8600773825435039;0.3598978426460252
0.8537067398392691;0.9600053420804229;0.6837790453929815
0.6064432123446307;0.6282134015496635;0.48263259601568487
0.6629729578785729;0.9635410145378877;0.9368053020529361
0.14506984139989054;0.41459704343236414;0.715243138835792
0.45660396713957907;0.3499828530117345;0.2059286297731555
0.7630445046534178;0.32864508069977727;0.8700265489279855
0.017285103174793925;0.04573453031458741;0.11530589648151934
0.5921446791954048;0.21652955374797167;0.6826635811989367
0.6256021208564689;0.12033104529556016;0.931526858412564
0.5526139277041952;0.7667967811722108;0.7301790294389316
0.1111512273857026;0.26749414826023954;0.7760189468405265
0.8510220315550191;0.500310769412512;0.27405117235486176
0.9306534537121945;0.8067374074074233;0.13385486475407393
0.06437249226419972;0.9241069245199197;0.36980702923339337
0.8872039474873578;0.9070817487739379;0.18508611444513268
0.7021831458908239;0.01711783031768077;0.4319758745890119
0.5848925640174208;0.6287945242987062;0.7530856369411443
0.6541807189088988;0.7215966996150354;0.6766086029486826
0.055594085963616036;0.23389561548476678;0.6989833623394894
0.446579534124422;0.9509967183825262;0.21399733390138143
0.21949754764014384;0.7010359458177097;0.19925805025069765
0.6328284320703498;0.07480732353154496;0.5659826374159148
0.6908037344619345;0.9547494576778031;0.9129204721983988
0.7255283441770648;0.06990156493191735;0.58328465771082
0.2584040673481557;0.8332585269069439;0.8217445860887937
0.8083726309648974;0.14031247927154045;0.043905049047304634
0.13395180718163968;0.4124333917688766;0.36850416236010675
0.48414383899932956;0.4552424951196141;0.21279574214242813
0.6962461049570253;0.29305642111406693;0.4645668951930658
0.40430407306984517;0.8062503522536357;0.43806132080329463
0.29141063390550836;0.7342560729306038;0.0635014224670849
0.4945140966670013;0.3378175780797533;0.4994132908387806
0.5317575129054098;0.692546328142341;0.544985719423852
0.9328515993448611;0.2246129375519672;0.7467288832037484
0.8624687005073093;0.6914368680931109;0.48709018339259225
0.06847089629131853;0.429019797814296;0.7554362996820128
0.444218852784935;0.14281748160004037;0.8194954664586336
0.07824657437841054;0.25008676280458464;0.1571871332195519
0.40946452941388956;0.2115312757890333;0.8089607122510641
0.3272441511656802;0.12959417866783274;0.24164019307847673
0.881261555993275;0.4993765680598101;0.6075710545429195
0.2800182059287105;0.18411273154219998;0.40194290382068665
0.9522854890862229;0.6309138663238653;0.4471960028530818
0.47214708687922036;0.09869077224759315;0.9224640482709925
0.11528556821684777;0.1488897358550585;0.5090495547279923
0.24243423380040696;0.5206288747039783;0.12979854011234504
0.8443864714015586;0.10585393660403775;0.5274573033498677
0.5133199300400566;0.0017947783238743131;0.38334879655043874
0.6860996084740574;0.5441120384074083;0.3899488381745727
0.10596380709181485;0.3877614001077234;0.8104551995531959
0.5756320691933947;0.19453648783979816;0.7859922103627872
0.6786171545263671;0.20357573467133905;0.4644307732143309
0.11721669481907715;0.07267026777225072;0.8835042070656639
0.62359067777487;0.6486292081150395;0.46420638270079617
0.061881232802549646;0.2194311222474814;0.766425591248752
0.42325668404606986;0.591533699766333;0.09948877046718185
0.2512180988343763;0.9092655184526666;0.3080841893965669
0.7440280079929459;0.8684951534851661;0.9329885109285777
0.35465684260500474;0.18654950206811816;0.6333131314909008
0.28308317384789705;0.20292438787546696;0.9809076245229701
0.06626192427847177;0.6631208065217628;0.13269363667684209
0.020631633134171157;0.588360838963421;0.913358595772578
0.6915329119689853;0.06960327384247011;0.6172309449291955
0.3720780879120168;0.6001470111315264;0.358436036820149
0.6214370519701473;0.5511277388567605;0.9520120459918349
0.5743956561888721;0.23870464679858083;0.23678338461045523
0.22814853067714957;0.9166809501804573;0.9323066185917112
0.8044994879381532;0.8589990692747013;0.22402501745733094
0.9619401584627069;0.7252053953373808;0.6910962561420304
0.6563084563665601;0.3828087582898918;0.32011731191469395
0.1225717968231429;0.08808525635168096;0.14292015793181678
0.790675639198814;0.2546784830397254;0.15454806742647653
0.6660653232977364;0.9868637050124149;0.11050745774468751
0.7830022375470629;0.8038101860786399;0.38967121453716447
0.15622674374595802;0.2569563806858398;0.5918792447471529
0.5255923319626655;0.005135729131131583;0.9606733808900835
0.5970411941006415;0.3390437057646768;0.6682684136404118
0.8970814521649673;0.6633122909862469;0.8741008825343067
0.2561861235340054;0.7147934178427802;0.45885645449164003
0.1518011602548358;0.33207390909801116;0.999625798952047
0.5083759014466211;0.800221354221311;0.6218163160271118
0.24138014189442192;0.34354123903702494;0.22654718371925286
0.03581509530908178;0.7279042329736415;1.796647523777395e-05
0.34325248556227794;0.2349884410847286;0.9712416328948779
0.32024298104174187;0.7521122642036744;0.66371583278956
0.07691586777241921;0.16937983667823375;0.29529355284738956
0.590577947836055;0.2968837957844117;0.591008623075888
0.1789095491548396;0.017773772724621106;0.664343710047831
0.9568453104285127;0.41218874855290444;0.5326514266847522
0.26348146353307844;0.6442820027851435;0.6767661061385808
0.6014695907164933;0.9761623212115806;0.4102765238566308
0.006870019604349853;0.6138436991635525;0.14008494303812047
0.9719413889540077;0.3988722649583911;0.442614840227715
0.30141972202690837;0.021059041278096546;0.4145203079185873
0.011654696329916336;0.22845652600807675;0.8066388196742844
0.5713697598299025;0.11944548231381291;0.5367316591516287
0.5728543151810941;0.510004297532851;0.28876210431293736
0.35049836171768123;0.9784440772342273;0.4994476300342304
0.37051108115974896;0.7840513089777041;0.7602669437677203
0.48392086994814676;0.2901550763423264;0.03509605406403926
0.6196691104188032;0.6967757590293914;0.5999120569739368
0.8918182811904233;0.9771514128189152;0.2803717001753402
0.03772779841222107;0.6017071444304234;0.06421500158436533
0.4517407154656705;0.5101762126053143;0.18397604283044477
0.8609287597648022;0.8136407539927907;0.3042107549426114
0.8696574761277919;0.016825427439836838;0.9088449325529318
0.3508060050622501;0.14599798130861152;0.45720760511275793
0.0762326363781407;0.9419720332946845;0.014338971172045745
0.6797721082080405;0.5135685890969335;0.6085140665836518
0.35395987871830037;0.5258970866768368;0.7501226919901051
0.5118292667256669;0.15363209347826667;0.4336828498192705
0.35759310059263427;0.7733520144275421;0.8855217762698464
0.021055968005296077;0.1767639489670474;0.6789718405479079
0.301470364146327;0.835903655306729;0.6972077917448771
0.02496211611826127;0.5375767727441823;0.33858162977326467
0.23704095225215405;0.5151825841913942;0.2842904579151284
0.4976132272898448;0.6378312560943699;0.9062803474028784
0.9419849909335446;0.23051727650216813;0.7894662004829306
0.9313365854102369;0.902115229356728;0.8462865091524046
0.09719910102451923;0.1980980202435213;0.42935497122227606
0.558853117391688;0.38181585611551727;0.6371897581434017
0.696774682960166;0.030025287861000227;0.02792614866144405
0.6216710543808699;0.8259487590975242;0.13794328627077757
0.7867212445530185;0.8518583207689904;0.31543319792230073
0.1340525374580046;0.4705117138532091;0.5450456722662675
0.1386105734123355;0.35784781663896825;0.5839161156094435
0.2737697011633611;0.6948834504060944;0.6358885664537757
0.49962751207662714;0.9478131958123889;0.3457348599143504
0.5032134469617263;0.08310044421456608;0.18114532576595588
0.5908250165297358;0.8802629906032547;0.660125101586298
0.9607561924740338;0.43880322704193064;0.7171289032259888
0.38002006143942746;0.4753791505399595;0.18748278280828323
0.29659389076711773;0.9700798272765556;0.8819027758457708
0.4082383772144351;0.3696651770960466;0.32695740197207546
0.47285676743858207;0.3624391032486537;0.6980269100730832
0.04644328128673636;0.23474729994047105;0.10775727103344845
0.71733446710149;0.819819256643386;0.3478491052459527
0.7534444542658454;0.8867414938068751;0.6687074448274156
0.3248745828440529;0.232867944887998;0.3151653601752229
0.5646646953890068;0.699905022181496;0.5470025176943148
0.6135033381375996;0.6235574166450185;0.17510925394840715
0.8848865972471857;0.17446827280578503;0.3308527364382974
0.9124660408163359;0.9527577089741874;0.9816208437929707
0.9748428254005548;0.5167161334664099;0.9672492493507244
0.9681721901871442;0.7726584833201747;0.6344322367660066
0.48407288996702535;0.35295459803852536;0.7948838498680628
0.32287237660145585;0.16106967059676436;0.561568457996736
0.3806136625565839;0.2810272781823774;0.8277128612718342
0.10507627856868818;0.4010197656120501;0.2699273393743362
0.9998297582973813;0.36742152000053274;0.04890254567191665
0.37055737889020424;0.3169348995983805;0.19461287758963086
0.6264753243786194;0.12043707682416138;0.5542858185388092
0.2469421733660092;0.48458362829805446;0.9740081615427915
0.8760510772501721;0.18285581594792655;0.6937633489761114
0.6796683631411462;0.05663094500767496;0.5099886506036162
0.211837021638711;0.8989989731682219;0.8825460986422404
0.36947192136934137;0.109199954189382;0.4048039038601555
0.3983995834251346;0.08219912386509876;0.10056670103881771
0.9548312416248622;0.29876357866249126;0.5983527905019842
0.27652139719346125;0.656228805011452;0.9327427673090173
0.7702981443057209;0.8868461119369977;0.4572356597107633
0.9923512559766056;0.6713369908014982;0.1148218033974997
0.16835509353605915;0.07351276065357681;0.9181027890362621
0.2333733061218981;0.24781183303097465;0.1466011594072505
0.2828923688078382;0.8166596826287197;0.6177781068556374
0.4420232346843591;0.2915747456216795;0.06716213684009764
0.8299775675289683;0.6079200271034003;0.4471986284609678
0.0869235109225237;0.4715931187704495;0.23876580303475314
0.2328060923016365;0.02816653485271725;0.8776501903012472
0.6884828531579328;0.39520028026744836;0.943407795064896
0.14003473044474235;0.9935969220147529;0.4027574882772521
0.016496199927115263;0.12812975337047794;0.9623735371725615
0.2499143794041303;0.6930084031246772;0.44425176507289166
0.3120667461282629;0.7540307011791071;0.3668134376459199
0.19321198133708484;0.23227587159966667;0.7952897351824672
0.9741181057851593;0.7774375199758435;0.3234810452745598
0.2387125145874871;0.2121716102070016;0.1280382501783941
0.5976822504595041;0.01972073257784046;0.3461949248881723
0.19740258396057875;0.5437157939745187;0.5456798947189918
0.5944702500848804;0.24793860726037942;0.8433518665418839
0.17005616113226718;0.7033109104945532;0.38300051680655334
0.2404882693646696;0.4897207828838731;0.14708483413382345
0.9474525623842934;0.17733715013435192;0.6663135249718414
0.7865961661980945;0.5635628537204366;0.9829799635262575
0.5740592873306422;0.012614270399152194;0.6910839872184742
0.4923189067716981;0.6680904482556388;0.28432699419564156
0.5056187977575096;0.45771361442280867;0.9661439603290173
0.8115585516106449;0.8832818920891955;0.43420738547913806
0.6299165495599831;0.01274939149445875;0.8204030107851817
0.8538700984312151;0.8519405019595728;0.15175138218745676
0.11092161792621635;0.557067915122787;0.5185799844584968
0.7699034984613605;0.07881203192097352;0.8593016915612114
0.06061462713871757;0.6926460839348009;0.8937152005191201
0.41919201638339554;0.8075198371939354;0.4593028574330632
0.41056671447491877;0.38755307731962985;0.027183653364454385
0.440272416044877;0.00022545576366406195;0.74412279059112
0.66703125703641;0.6599638617739038;0.7128315837408347
0.39139913450628194;0.4507550754374432;0.035799050706279534
0.9546747987653195;0.8938282274781914;0.8655831241766784
0.881586105394383;0.9628695912541327;0.05534500578905788
0.5345823538624085;0.1727206127685701;0.7910291188913348
0.369422068144152;0.19342194120852196;0.9685262730129204
0.7512010112303956;0.6349411245642851;0.6321263027648155
0.4932074650729932;0.47231336319346773;0.5876357740717463
0.8187508287036066;0.43023966185891505;0.6427492550148668
0.12576049516607735;0.8029834179671684;0.24263679685475414
0.6215613606533125;0.8309130519553071;0.7689947799904756
0.4993399887838781;0.7072023349182622;0.3327961966106665
0.3112632517426015;0.0034078593709722105;0.7359316931948665
0.5029583636472343;0.43110415351527087;0.9000812223832313
0.015692381753427243;0.9875551383511026;0.7139751440531903
0.45694188811504755;0.39731453574274833;0.3855509008422683
0.21381002730569287;0.5491704717939458;0.2390194988954587
0.356747717223991;0.1112102472348786;0.8631247963463637
0.8631570697752445;0.22888755698389984;0.10926472739426529
0.368848698586992;0.24019492376757656;0.7880223113868008
0.7724223184536075;0.24485134369071238;0.690553739904354
0.8731877938392366;0.9783055131292132;0.43303539266460755
0.19646135692902067;0.42390384927397107;0.27029098114699457
0.8729787834695856;0.02383139007745272;0.9076222792376571
0.47638434187482337;0.4622232509478673;0.44322621335115664
0.44565903838249143;0.3554423471347846;0.9313409465578922
0.603081232756417;0.7744539405330533;0.7807428116558949
0.03826664041354344;0.8575442260771028;0.47955903033945335
0.11232930682550268;0.7127474404633873;0.5411694376525461
0.41737283956755045;0.38988411635545217;0.6251518519603649
0.6656035341218192;0.1969191555417784;0.4171563246148434
0.874140158780519;0.48333343652052385;0.9972700426719657
0.6548967255971877;0.6501883414995856;0.18893241176626652
0.9928424356661458;0.01640808383303949;0.14382129244364272
0.5328822328368684;0.3245156088463407;0.0350406350700887
0.2793639887765529;0.9245951264113248;0.5185833543427462
0.1825762490054641;0.14747337051211495;0.7719119011321643
0.5430460978175907;0.9204027166989212;0.32159974323099183
0.5038031771456307;0.14500071778073687;0.23638350126759722
0.5753920304741446;0.8927541991893584;0.6639298193520312
0.6319347968637415;0.4269648693344056;0.6354703860265528
0.3021359508629845;0.2729576584240795;0.22206729246044432
0.6357618103696556;0.11540658829768102;0.448666606145223
0.7214385078487608;0.14303751180635305;0.8644567371509291
0.05756554021837068;0.0818875713110736;0.11678135584418603
0.28443815891631086;0.18851045758514606;0.7591560753072923
0.692999414179347;0.6815274567609303;0.46159103119084954
0.3339277270629948;0.774451096988095;0.42632964406035234
0.7736651908440789;0.9104041793369936;0.9624912031551777
0.9900370583876584;0.014535700465607149;0.253138276364671
0.4918447891912081;0.15407189818256262;0.2787753603172912
0.4190730028934003;0.9595262116890176;0.8784002879819299
0.8928930760191272;0.7995488554001834;0.959830756479103
0.11235850719316232;0.901080548576294;0.3665564159923682
0.40876408987427726;0.4501479243940594;0.9170256692586166
0.2778837636179554;0.10501165691285619;0.7173570202250676
0.5182517127594983;0.7396503191489298;0.19396667428046988
0.635485045168901;0.5351071276215731;0.06955020670295653
0.9750320670752071;0.8626323934193079;0.7241679793410207
0.8287082040169552;0.8821014187759475;0.9749473439755142
0.799607673780044;0.8777904046853393;0.8155715292205007
0.05199583035880018;0.175284077388426;0.9905962660952364
0.30657501309063306;0.9837639641279572;0.8989052648623828
0.644033195607315;0.48574603797966887;0.35169336155046826
0.9937077511533179;0.952506895540959;0.20846071450740078
0.7914365546176825;0.625099356159393;0.8226303461900117
0.23062901325153218;0.9126277581948576;0.6575621108453094
0.16849191403600916;0.18837649252855426;0.5363972778541869
0.46092085056311316;0.6300128273158366;0.643537504679558
0.2779671648292549;0.7585228110499702;0.7890906557565455
0.2707689891422237;0.874726303849986;0.8561207643157114
0.7467424731871022;0.8319435250713576;0.34266003224659103
0.16145958541932315;0.18621651369306458;0.38482948393403094
0.3903788263096186;0.8529259372239026;0.6923222633761995
0.09486109568366696;0.9923184831665824;0.2810173689150558
0.8379891275233367;0.43733162323732166;0.4609013830158212
0.9886634647047576;0.7841670426893509;0.7339510118925303
0.557371436760508;0.4624040902763267;0.6213139664962182
0.3234392232056933;0.3904730026201395;0.4577503884240932
0.11670288392508144;0.017161762149411453;0.0872751287222755
0.07944828478477406;0.8806094608872024;0.785646947792301
0.04756497555290806;0.8255654841320723;0.9983795229961787
0.9310947421077724;0.04194142015990454;0.9806451403198536
0.34789243491500843;0.4558129940465321;0.6042774134879911
0.9139332093950964;0.7917973667372372;0.2094255337093045
0.08709816206545673;0.536141562606708;0.7011130625247821
0.020918144256951265;0.58285201355128;0.21300424406378582
0.7480363949927185;0.6560006748154491;0.08674404595037866
0.07952025176844191;0.3126567194334554;0.9099029853781788
0.20389789869992447;0.3932315469092096;0.48078442104386576
0.26651323805890414;0.34887029221217036;0.4242774287376777
0.9670903381299261;0.10294668050843137;0.6801807881051866
0.7648190658050306;0.7927591379639295;0.7107419606337007
0.8405073509592642;0.5891206478186126;0.40586064483049744
0.43675042762077165;0.16879675650132975;0.5145436083462507
0.24907299081669598;0.9145928848568995;0.19862930335447326
0.011521071405837358;0.23409431220490728;0.33097341496100274
0.5317525304528116;0.6455134491307571;0.9532998901840415
0.6163786876346296;0.48291870897899447;0.7757316512972288
0.6739097420953991;0.8183128545966619;0.49619548785656487
0.9978674130556447;0.9253734855578072;0.13129082092316402
0.19380446667486195;0.7386203408595993;0.8459395287583116
0.056161674500645686;0.8354512150383211;0.4126983067461668
0.8846684332994249;0.60885874121945;0.7072021063792587
0.7953767326910401;0.8224573900377181;0.7425418492127608
0.9969080847106735;0.6350880843898918;0.2586476572083687
0.02026523326654317;0.11236801478905578;0.6095273332871322
0.06351546428893262;0.2777663741212263;0.11353833450535278
0.5392158602451558;0.3526313320465958;0.5313829873907244
0.3525170873863286;0.6209443663305427;0.46121033601029526
0.026756946630467904;0.7376133738445138;0.24225215496836006
0.08128818601120924;0.8883693977689107;0.9763606000422744
0.04647359631401393;0.7542109848330115;0.7160624392298922
0.8004947733983597;0.5412168541646346;0.8407598162841102
0.9717700243313196;0.5178720598285441;0.31524778486290095
0.9885626942618561;0.1272649271848334;0.34400089615929974
0.3435086186395251;0.19491805365253223;0.038927827245445856
0.9319572638404482;0.6851551858997383;0.2864527411825326
0.5417693070450439;0.7396022669393351;0.8809296494582035
0.775575879442442;0.06574763223935831;0.7777263954234069
0.2812235600824514;0.4001585425860116;0.9350026222459923
0.0326758431418237;0.9514244002460722;0.013776279792096502
0.8860746496768077;0.0881796321712246;0.09171794336440586
0.8798928487881889;0.5054466320281991;0.4852251030099478
0.32316274367922626;0.13653804972694472;0.32976489761670325
0.5760694406944373;0.6631789809895416;0.5562453366869562
0.8576511549374277;0.4592532911299453;0.35931271459896974
0.08555473229970267;0.2083760059854073;0.17329613366283492
0.5293631346457593;0.08119499591938495;0.6750811736535285
0.8811795825177834;0.17212556964501502;0.4522604627838944
0.9483622955476738;0.8081506696320097;0.36696997906347817
0.1959756294488243;0.16710359727517388;0.9043316559264231
0.5877689057515267;0.8654102604486836;0.048396208118944184
0.4055141317940908;0.22455701593812838;0.05652922159089824
0.7619543602906282;0.5501443430299273;0.10592222965560982
0.7872729458852156;0.8888229543918271;0.5996327182444229
0.9696785959023025;0.5118147871963574;0.8325862397008369
0.8292949114857345;0.8705725493347956;0.9978851654662239
0.3884754773482709;0.7148861039225135;0.8495095635305738
0.12266897007206501;0.9904156205421064;0.3639905758133277
0.06205016944578323;0.3450253216944972;0.587445849507464
0.9037002093111149;0.47096966585718936;0.5739201757987141
0.7021857906634901;0.46721889504058645;0.9004760488045567
0.6819320191783016;0.4928556284326445;0.876338718225023
0.7355480052035641;0.3194074323859807;0.5087648267542932
0.18197849079787454;0.30131869328176475;0.4843271867940935
0.10208677320095216;0.5141760536519455;0.5591425376941314
0.9276435901262072;0.19481103300342606;0.2751841897322943
0.7368337181865993;0.2734722860687061;0.6081581670386055
0.3246180195559212;0.6034524814816999;0.6311282666716477
0.9085932305425249;0.22183604281107805;0.433952229270269
0.6550698612138841;0.6567629614272164;0.7489121967454434
0.9271809872063924;0.5320177447055602;0.6402168368600615
0.790065998785503;0.10611988838182762;0.9742859200688061
0.34960166992986597;0.3245471817604889;0.1265331372522953
0.9624512596106747;0.16041191222202023;0.21252760576493868
0.7981947233196329;0.6780002090812306;0.821991569275086
0.23309199929974644;0.24351187868319768;0.7902849667095307
0.493829503453331;0.8493185570247161;0.10680395966107903
0.7867250188154239;0.4783615388706033;0.18912068682771177
0.8178630235281863;0.052960509680835766;0.9016807870794192
0.02860462694208854;0.21666972864426726;0.6675171901418642
0.8735499600700616;0.7577862389294928;0.7971074155899615
0.5171552778841051;0.768052101090034;0.9344162585035879
0.9186572154494929;0.8441163392025139;0.44399666430206586
0.09476710348314543;0.11534487606004085;0.7636755840107172
0.9341276558945854;0.2642302631114053;0.12746297116166172
0.9264027740535107;0.3427776015831143;0.9533084938107287
0.14217071848556673;0.03799930030536802;0.5387925707669291
0.010112410988871723;0.6958524728563468;0.3498931736397074
0.9028987208336934;0.690381429544348;0.8590550318662645
0.7914414822637814;0.12196494573423966;0.14299182927693888
0.36701286476041883;0.7023029197842808;0.8183606833221138
0.4200418332115081;0.6452070680985184;0.8519773009026866
0.9496053939151236;0.466905526867999;0.9000975339622697
0.9532107218587184;0.09343729729575734;0.18812138578011528
0.2995076594299132;0.8630109272082508;0.2768819422339286
0.7376877952757839;0.9622359257400966;0.1763154930275399
0.10984780141439776;0.14213540716067374;0.5573162623697263
0.3051885526424476;0.34372986407676576;0.4840233316720858
0.38533834864147554;0.914124037145216;0.7388278363057049
0.8917364631614507;0.4183377057944695;0.342309508424231
0.44301065295937425;0.1707319838605863;0.36276332308429626
0.3950568634915318;0.7466236861859967;0.7545824344684651
0.15869002580170188;0.8795315757824007;0.7182809391526446
0.5859596247057783;0.03867562497918453;0.4533210815159282
0.7035427647584609;0.4379301116484663;0.032771019497031983
0.3751032402040866;0.7633540292994693;0.36660722961591863
0.15252116785064718;0.9509397906272278;0.74421702027766
0.5769298513213311;0.12275911293933672;0.27016273117218137
0.08776511401981213;0.8421631648386184;0.7263208134686531
0.2899017408347613;0.776408084816888;0.390153783863151
0.7247905189876965;0.9036526720643572;0.5591460476512612
0.2657271510910121;0.7487226508306283;0.6645990868652228
0.8600484103238385;0.27969872494271153;0.4705470291462003
0.20684278439198323;0.02157261810279043;0.21337108142417527
0.7748986962677031;0.852648313557188;0.5333480119898483
0.4009792624592421;0.9660307915288789;0.8134690925550768
0.2923215173603593;0.8591449869457535;0.524908972402591
0.6567617340458385;0.5834204978759641;0.297340843246513
0.7248059979535251;0.5671218557740668;0.8158500569584943
0.86103026293476;0.012939381645770354;0.40329991302838275
0.060594477983019646;0.5303456938132572;0.8849884987672769
0.12679273593674667;0.2889347753338256;0.6432282562066153
0.5218315814251464;0.1474577457606423;0.7135612230086599
0.46749508928912364;0.07252038617426937;0.12412032168349674
0.6677369210041665;0.9585912126854145;0.40458465626229834
0.9622999755607352;0.24175027498134438;0.8262359157067702
0.6770787467595505;0.9690361755750873;0.10618203988858854
0.6459672089300631;0.33646346189769105;0.02585520083039905
0.7325588803997152;0.5550460525195032;0.09453110877491744
0.1725256536708596;0.34020869961234124;0.38487440873853174
0.43989392106662273;0.9339507055785539;0.3170062366482794
0.13073179311485383;0.4797101620768507;0.42188000822508076
0.1628307433779944;0.9099042617212738;0.8525156973448396
0.8518651511933834;0.3363633509078161;0.004668873329426448
0.8604039570818938;0.9392291036497259;0.6840141849237973
0.7841773199070025;0.5223574749195646;0.5827000210278102
0.9102471862965404;0.7918738046631931;0.5582181501713259
0.2215505393473085;0.7561671588915608;0.5028252113536886
0.06711807542192416;0.596060159493334;0.9252648983214669
0.17704063678138304;0.576431569193037;0.31914707264041897
0.3191816813560784;0.4084938063899344;0.8416642063870307
0.05370927976512052;0.7831727074316901;0.33469435844868867
0.2515565977277846;0.7675605969876894;0.9422797737878318
0.24210224303551964;0.7221891163476097;0.41296067791120883
0.7106525245839294;0.7888742984017144;0.4342064489294559
0.27844912751536466;0.473570394142117;0.24927184811915526
0.7812307812741026;0.4703008429993638;0.6661123466981458
0.6863517976003963;0.521702560048681;0.48556741092155
0.9725961329057636;0.4522821349690488;0.7661720042313703
0.4005531632439705;0.6350401075801768;0.2806603737245603
0.4614111487107859;0.8864901736865967;0.0007298915532150119
0.43682539334859716;0.730126267474285;0.15940678313762602
0.13671024332712278;0.5700381118727096;0.6268720151002081
0.2764845627174306;0.8338856264154771;0.3958533624972205
0.3942095678558446;0.31376580496081896;0.018181721609266344
0.26566136526946216;0.43300189075291207;0.6223993782496716
0.22655352980103227;0.18961947570058324;0.6386931163817874
0.7725561683446404;0.6778434728911433;0.6766854429570093
0.45196612066218766;0.8718241293425528;0.4674128944998235
0.5532815256800074;0.7182341089297437;0.8330043212809438
0.13549560262106997;0.15049598165560607;0.19753299915824407
0.680761655366144;0.7453791399081834;0.5436766696897699
0.8313452380229984;0.8226173571117157;0.08189270049489783
0.3386829931480815;0.9154113320526867;0.04188093340590049
0.10492787871310671;0.9550932921752368;0.8935703250421919
0.08770652964115089;0.6989243599722487;0.6443366542044205
0.9027962041903183;0.7581142507338583;0.8235300634863496
0.5815464204712385;0.3442816864500313;0.14554546769857457
0.3799025987046698;0.41943441032737927;0.1655981429204343
0.8401433439080432;0.44000101911317446;0.786839940546626
0.28881098430981267;0.07103722694427483;0.39209490500913247
0.7712074262909892;0.5818546825425664;0.7074282859573897
0.10986894048314633;0.8780552133952809;0.11039054795402803
0.6157968595297441;0.7995856271604069;0.7525688285591231
0.45561574420903517;0.15750625200325497;0.274313092420124
0.4503862639706334;0.2130992419515818;0.34016868968127767
0.9628753452299884;0.18111997701685278;0.7442444778176254
0.11859115356380401;0.6518540749106414;0.7742413783641845
0.1911597382107395;0.3323737806903527;0.37145880386614993
0.8165637568190025;0.23675754069725374;0.26925886714222336
0.9783852397678873;0.22984277216999272;0.8351276044802947
0.7671419975929917;0.7931435538610039;0.04286494467659585
0.5979940390944766;0.2668129365439035;0.12502035036429227
0.1947571327673867;0.7080286668437669;0.5766848640022885
0.17647760690522107;0.05003530905002285;0.21917019043021868
0.5067436543317849;0.5628464095228674;0.6173755605163583
0.8034879987842586;0.7320819507949201;0.4774185900757828
0.5373770013357434;0.6437457466059484;0.9898925645571464
0.41142228352597454;0.7828994881943954;0.3414609052102061
0.8310215840395374;0.28682709364344616;0.7333172818009944
0.7125429398781634;0.055479845296735664;0.4935630177824222
0.6337499313757758;0.2533687358572255;0.8088112889653666
0.7896627905103594;0.794575424319703;0.8957270200883627
0.4444232405938904;0.7180048429563934;0.6640179237198857
0.06716103915682681;0.8228828717010407;0.9388824577689627
0.118420373634602;0.03292956806561742;0.5958691635518755
0.4314233214282902;0.7431279835942097;0.6058864715828033
0.44645180824830377;0.9935712098745114;0.3775235585177463
0.5215730271314367;0.2756631283387896;0.5780574463342502
0.8112009435345353;0.18390709779996273;0.8548347459129868
0.7522440859399697;0.3358444874921531;0.22516469564925656
0.2681296535121688;0.57945755412043;0.8555879281521486
0.27305860123701375;0.21793213461028882;0.449178653614401
0.45506905696110633;0.3117026642172167;0.7142184702139116
0.5996549196051065;0.11926514203029226;0.09164033749272238
0.8251135488054628;0.5089338857666736;0.07908796563621079
0.12576967768247993;0.9384872580612286;0.4337195821469747
0.8373744361420956;0.8749628330983638;0.23812499272112475
0.4938011047771246;0.031977542042277984;0.3818775797410203
0.7361009723370616;0.48312395184399526;0.14122246515261017
0.2867912911020192;0.8974517059862077;0.06254440805856798
0.6966592770474556;0.6913042466964678;0.10961890786183215
0.6737230148567469;0.44244135439918;0.022218272205813294
0.28903884474645614;0.7030428247768281;0.43900627383263147
0.27847737886493096;0.5130791032417636;0.20148319502511425
0.5354294769956436;0.5565045647026707;0.9282425250088516
0.23924918755100855;0.8325707521240135;0.5441570203862236
0.9425540638539348;0.6157897051373054;0.6619375774372347
0.9407778647509146;0.5109288570206841;0.5001118776206145
0.8122148705923884;0.0509649457857122;0.004208479815645538
0.6838257953026952;0.5058138635518666;0.5145380294101249
0.49857469261131404;0.17209756259901632;0.8037260029930243
0.8806146932188137;0.46767438119270455;0.09042844269307881
0.7605298135764205;0.664357452717816;0.4725541743582099
0.17049395181694016;0.9330642069897018;0.7199143658049985
0.7104007579562402;0.47053486359414376;0.6874412074150472
0.8498776393462671;0.27144008286489263;0.890986921393096
0.5861488851044306;0.16657122676866376;0.08618246818499409
0.09518258987940753;0.297201213515921;0.6094990835723116
0.0779986653801843;0.11370841455658531;0.7002367853079386
0.008736010380006376;0.8654731501382548;0.8725671822611214
0.9810986205629435;0.7155555147780559;0.8075911639689342
0.9964425861160193;0.3872673516790267;0.045402079034692844
0.34175372007481686;0.3828778347949767;0.8308437082631706
0.9123162809546853;0.18483693273060187;0.08378613927176859
0.7073895506067861;0.4280740162915896;0.47985344663761653
0.568772999341886;0.16090106392939485;0.6985389841463839
0.9647519999773296;0.7840578582269692;0.9200660803814681
0.6521142993726549;0.9692377815242275;0.5815317888137651
0.8345635571562711;0.5693628981500212;0.18506067911691915
0.011322058737604945;0.4720256808482757;0.6111264228976433
0.5942405771840176;0.7718160531307979;0.05680501917193459
0.5354243108690361;0.8469009713384801;0.3191179848404514
0.3126498850851036;0.2967567585240537;0.4359634883693768
0.3828182603586917;0.525432164273201;0.19366889561032474
0.48386170396315353;0.8808457650497479;0.5072582745139175
0.5876525343707277;0.1474041099740233;0.05803639037698938
0.5807770005096385;0.85658253357643;0.9985213508603292
0.16292157722719736;0.15606955253759958;0.7250428234718284
0.27114346645902454;0.024255112161517878;0.7449226162330458
0.5318966578626924;0.7631341140572426;0.23036986998848596
0.0440288088094718;0.6268421139614825;0.2960750612887967
0.3904819225550531;0.38075355857103876;0.38689958944267633
0.2323537133095831;0.39757543261246564;0.3544474661524064
0.5168883703867576;0.29796895316558336;0.6897309663701432
0.2629884950739162;0.9693909954695349;0.051786787243801924
0.9711224552236313;0.5619182280946006;0.4331442367353535
0.9773558543753295;0.48732227327450783;0.574912267470876
0.039823979578450075;0.3000552893632058;0.02855965778768732
0.6162820330576625;0.38101727720886214;0.47421259584279873
0.24865746936757716;0.2521535157074002;0.6631784053604346
0.7129150378396256;0.3935206411116666;0.43411247855942536
0.6404912495319942;0.7085061003136109;0.17655363652125355
0.3603110711370271;0.8888134464319903;0.7271233373654026
0.14311622493147047;0.9832268678921054;0.9996114697888574
0.4575571655316686;0.684417675993334;0.19309511132687063
0.2627160969467892;0.4690292184209848;0.3771202015420031
0.6663500960460556;0.1738684398751904;0.3937797138858439
0.6982639422705501;0.2044373146352061;0.762539775337656
0.9370516876512072;0.908297242264799;0.5685103996046668
0.49691706992165696;0.30686174708597125;0.8958003701023693
0.2409134347979217;0.3838116966771782;0.4852147927029484
0.9439800800604238;0.35832901634217973;0.496108833011792
0.8974262137764173;0.708530478763127;0.8142631118860328
0.6754566583385551;0.3473314866450704;0.7602023520190664
0.17263985000908733;0.10159124658327134;0.8141732121080529
0.8414389054604167;0.7607850829547848;0.5178716066362483
0.33321418203054487;0.20222140416063872;0.21627812960963588
0.476862584274917;0.9537954764490607;0.6916868917370582
0.19374911597232014;0.7343623915816645;0.7819395907355455
0.19522126444846966;0.9601638397112402;0.16089341936286217
0.708924578371331;0.5800846881168484;0.40314716268991546
0.10661017742515355;0.39108116117779035;0.15398216373951323
0.8614757724541896;0.9606304849729735;0.4924403257816531
0.539707125002941;0.006509519678563724;0.808921610642957
0.4941238341743406;0.46616280637912155;0.36784996981266105
0.4418852286731363;0.18566239505476312;0.8339492718584375
0.17948980985101226;0.9014480024218541;0.7415184124884239
0.2100496136258363;0.7171051769174855;0.32232871382540396
0.48503303837701206;0.29110866006368297;0.9040870346031947
0.4666642633200452;0.28857063635554814;0.5501686502911477
0.4585822347303251;0.4790252240269406;0.10366529154982695
0.15992914742887865;0.6703200040199281;0.8707662914559409
0.18020735129923826;0.9462685640204991;0.4226721516281865
0.2865154560717085;0.32814305956507517;0.7491869739263642
0.0939996401726273;0.006736130642308824;0.7637469844652428
0.8132191322646926;0.3837084912026508;0.6897943457724215
0.18560068011192155;0.705702992028409;0.072332427318197
0.8208220908274293;0.959677946250148;0.7735468059166424
0.33634426819074004;0.9144306314394669;0.7072525502173577
0.6725586376275278;0.41350361945760694;0.7830618366514264
0.6810247424028172;0.1145010673932827;0.324867855830832
0.3376619777719484;0.8684017237144129;0.7408152324046761
0.7397235661255323;0.3903622577020094;0.9716514970907056
0.45151704163077677;0.5144843552534503;0.9069088733891972
0.23286603506295978;0.16652139558018075;0.006094846953820343
0.7953480432126331;0.1809672491921389;0.6186330597900253
0.21977265030753534;0.9531431780820216;0.8540955527233145
0.612477944296947;0.8691189046816131;0.021998118956729096
0.17789693198432144;0.7664023326162116;0.2997210834722611
0.3249678005514969;0.5970303184707487;0.6371902090566416
0.9223077871876021;0.7466309248847067;0.47556672060900973
0.45047447336529634;0.9612887983655383;0.2322499690079225
0.21642562302506818;0.20504248938245928;0.5565350145264694
0.05373197915678252;0.17069964821623573;0.2888701815136251
0.40090427689659125;0.07995823790390444;0.25548367034428787
0.8228688407319633;0.8879829459674567;0.4815414916928351
0.2290215601412744;0.8985022022821925;0.8393077957498252
0.38820336831783786;0.8324358711999036;0.38398172946978404
0.4200863235683039;0.7974152214880091;0.9028555146801083
0.3824740152056727;0.9998474218518557;0.6774597253888217
0.9548943833007806;0.0807725136982822;0.45016798056884755
0.14787413542351613;0.31349518926253184;0.922961457579605
0.5879750970311097;0.18153898542758662;0.5354645082883202
0.09426140074842981;0.24213411024148446;0.06223416159461537
0.14773315988258606;0.07543808537300734;0.8345801730297312
0.45941261785860765;0.5511338859584798;0.9491348704460685
0.9732596010406264;0.6244486014402393;0.14501257513548982
0.18237211149929855;0.8633277397782197;0.7989417419978991
0.413039150282265;0.052404661232338556;0.47620546681638287
0.5742292211593769;0.4479468646900181;0.25928881582281704
0.8416747190965258;0.12543429500987213;0.889893195940776
0.03148140820756651;0.7830820443388457;0.2222452804600873
0.09033829464884269;0.23316199755356837;0.6296511848950177
0.665083331287372;0.03308112349570236;0.3587241153142555
0.6742616761878639;0.9289289282011602;0.4605633785321841
0.3771421966007129;0.23344301387763866;0.5982928584819721
0.5512936758725446;0.3518523514437486;0.9678322898694784
0.48985296550702107;0.7746450564698552;0.5917817775348387
0.386646033520869;0.32830304671273414;0.7843307540366786
0.3855190365142681;0.6245513586831266;0.12571871015859493
0.010843679002392359;0.33315453549119867;0.5151928541013909
0.8231566987232483;0.7587683443212846;0.47878490730920686
0.8197222346912878;0.6315753229852172;0.5066075335183798
0.02339295603898739;0.001914441377899867;0.7992230569576333
0.2848019847328227;0.3034824933418139;0.0699932263206795
0.3702036030885014;0.3920903651913902;0.5928347742107757
0.559395221867356;0.49890051293604765;0.13481895419582024
0.02193717985630783;0.6139985044831109;0.31571852975632386
0.43305478562716937;0.5766514067757876;0.5213154608039159
0.003270443250307231;0.4125437189261628;0.1846149702492642
0.8723539317521735;0.30434368027123915;0.25378399963287745
0.7840179611178488;0.09236961068158633;0.11807252009965918
0.9617848281241193;0.97249157805197;0.6296118694135587
0.7272618939784994;0.044335190213698694;0.37864284076469634
0.5385620643190744;0.6412650742827765;0.9998463920753233
0.09928280165511827;0.33699786755322547;0.900130912360857
0.011688220395195015;0.5367515727040921;0.5399303980767977
0.35192853549042746;0.19005250447586042;0.16386009148851932
0.13263567236315654;0.4712817078684184;0.498006022237092
0.8079713708775722;0.28864657109557323;0.44441605281467444
0.36586517501188265;0.9847368085012305;0.35338221759727884
0.5779347810899942;0.3037561059291817;0.5753926880202895
0.6458224032208194;0.45858207377622295;0.14869858085020116
0.03447619151676695;0.22137685381321903;0.4693294665211515
0.003991223821302903;0.38937557624731545;0.3577088003127453
0.20369639978886556;0.07503470238471421;0.7563992395227092
0.1363355956290636;0.023738585302829462;0.7429101239959958
0.8628409077307844;0.7570026287048166;0.39405551959942187
0.03218611522929937;0.8119411084949831;2.1702562713610263e-07
0.8069667795134766;0.9742983937468075;0.3341925940316022
0.14406882946882693;0.3701169714516471;0.1604942902753672
0.8050646857950224;0.6028761448807892;0.3443127727982298
0.18513089034390506;0.6259357343657482;0.6568088505176082
0.09038405651622294;0.15863657818652732;0.098876071567778
0.658599987566162;0.11378756736215401;0.0019747333934728717
0.4347459116597516;0.7929890223866196;0.05985998489076316
0.993068424636695;0.9381313546354247;0.9486238897647681
0.9787195326470765;0.7096459660168812;0.6354245356129472
0.4168182694222001;0.4671606551573768;0.9278862991935172
0.1209999364701333;0.7379012060025533;0.14078734848030838
0.8659010499402799;0.9731337918810478;0.67095175236614
0.7065006989906948;0.44339533889627347;0.3434667157025535
0.49282344752241103;0.21524387876546214;0.7671348903742229
0.269924349901417;0.7006285798311541;0.9913706221089073
0.7139453701519526;0.1477039864851084;0.7125678372252127
0.32765302285464726;0.07755595602305476;0.05935968448166029
0.8263892724665288;0.6018068863866826;0.057598381870435644
0.6369198827850909;0.33893287412648065;0.7865952072520117
0.7204372975452303;0.24656572978769553;0.11249922672375623
0.30159025996455735;0.33100839656854175;0.019437106664206394
0.5239383892064173;0.8725150270513969;0.9327298793871396
0.5942703027516409;0.2668298381049068;0.617342031360392
0.44739829910248563;0.5261635597196174;0.43102296077118707
0.38056946005644365;0.6052059289639075;0.040572075804334196
0.5918359630002664;0.25610798154423076;0.5318422867014786
0.4886118963945695;0.17242831805269354;0.2689126993273677
0.8966760213797539;0.5738863247035626;0.7077129745539246
0.46636389075496176;0.1949817838909622;0.7733625718077866
0.8308032166152739;0.14376545668326457;0.7119093063996309
0.3257602255795683;0.16294986014690405;0.7259574559406098
0.37470208615557565;0.1278378403807353;0.2747347087457025
0.6368190793507182;0.836664943628129;0.6123066684249916
0.3055708279672672;0.7268008776887012;0.6747046629724536
0.16528702259387207;0.6221271047650648;0.12831557579304587
0.23855300091478182;0.29381743856720277;0.7183499322856495
0.7520886468247601;0.5752844235156549;0.947541716580106
0.9580709066306462;0.9646914423080095;0.4480627547880055
0.017632577590971144;0.03991889093822332;0.6979383052142049
0.701342631222231;0.022259884759893933;0.15277930453134836
0.9819365968670881;0.23406280949736813;0.21559242698340808
0.7582578781674187;0.4751036824150261;0.6525722457363959
0.13209511269336227;0.7364470780785481;0.36689862579549226
0.6154984302630062;0.23763989532017038;0.9739176144386189
0.7847837408033762;0.3800457106837306;0.5256698182286931
0.4547048666294946;0.40003072454590394;0.37245292541503594
0.9456137489960488;0.13319620844855207;0.3629214616399331
0.8579402577700581;0.8507560936286548;0.59880262164003
0.5507147260370499;0.12858369255826796;0.31594826018618594
0.3768703778945597;0.725306433780933;0.27882186657667485
0.7672527275433881;0.989673528952041;0.9394301848610455
0.42491042436688664;0.24860379951169342;0.2945883223692427
0.790980950462161;0.9582905363030461;0.34942763554618184
0.3775515174219637;0.5766198185544827;0.16053993662883126
0.4219154346068298;0.26802462021551865;0.6821711670866021
0.6517470406910164;0.29833195581428207;0.027556257450649824
0.7298442307078208;0.904232151873774;0.1761003104321176
0.1128419080993388;0.10501098902523853;0.1938177401732034
0.2622618973074191;0.968331620679092;0.1225439841069762
0.9389437615796693;0.8999231038657204;0.19686684851566205
0.052809747746993874;0.35868334568891247;0.5434553855397299
0.8933852285992148;0.7069268135731612;0.9474141740132994
0.6956763383968235;0.7011280981446498;0.8877404270731917
0.15294760220060089;0.37938767605432056;0.09420498373734232
0.04979115435511938;0.048856301448034656;0.7857159685081639
0.8766251591556403;0.27945048213467916;0.1260371286318609
0.007746762594177281;0.3583612958844774;0.14546886009651194
0.06102954800144078;0.11868184020287009;0.20737077865331832
0.16375397788422674;0.24982809619435553;0.652568940213708
0.12318930124059835;0.18315900335124058;0.5942754972869219
0.6165498577952866;0.5217745225756051;0.8981238270795432
0.2025532052482487;0.048253972363190845;0.49774683290682153
0.9988368267762519;0.8709892825202746;0.5382288077706384
0.023168643377782017;0.06758609146787908;0.8697234932244851
0.617753828765517;0.5673212826778627;0.9346133327441746
0.3195147992181556;0.5508458635198091;0.3106363554343039
0.8369317497398984;0.1191319735759575;0.8300880213800637
0.5925209539997116;0.8768736168665299;0.33797502267784274
0.639899216039025;0.9347517200633245;0.6428683302178043
0.1715132212546232;0.03381447585459674;0.42905940021057876
0.7435145912616622;0.018868449398356746;0.995428779061572
0.7736871044304701;0.7030734571242022;0.32343395770864714
0.6192955412251309;0.4865215283334393;0.33819972802870224
0.9830919094470709;0.3535847157432077;0.3322967751761994
0.32556791154098574;0.2880801997685004;0.9329277790486927
0.20496643022082428;0.23920125834092432;0.24173787931341228
0.8733119092151329;0.9694064420211443;0.054335161238746266
0.23661149491303213;0.4280450747961799;0.031021407480903318
0.5444183559431678;0.2043535202713882;0.9432493984551553
0.611655075531853;0.40237381429952546;0.09744990445009549
0.3273670495770621;0.2573843314355536;0.9431987814361269
0.16122925731959514;0.6402516341901764;0.7298372263983068
0.00827916119096006;0.14445100046992354;0.7855058677351235
0.8913734818777325;0.7526290777577948;0.9785225147286319
0.6581001976525176;0.4883587125987565;0.13677344972195904
0.8644005117339045;0.019473366007548232;0.17799737005275607
0.661286302253409;0.280214504285236;0.791987671775352
0.025357773436184172;0.23574730070107386;0.37817253973108644
0.2760112537610895;0.7201137796968787;0.6211075530211928
0.007330468979697913;0.2929706623147791;0.7486602394362598
0.8850079676857378;0.598390721243712;0.141809794299238
0.20705902159675083;0.44093088727420593;0.9637045606817537
0.2434647552491116;0.5505904328761615;0.8628503372745351
0.4052452000053439;0.122240235414254;0.931929156568657
0.9840489542357739;0.3011412005676498;0.00034716449394511795
0.8963818023757598;0.09606012477262149;0.030052224303519393
0.6991258473757317;0.14324323701419017;0.9053869373176779
0.9804121123508687;0.019804747971499226;0.8664280002050088
0.8085326182408699;0.4770068522896066;0.8640044268982714
0.8523068107517229;0.18467724177083789;0.20728622856726264
0.23489940555821254;0.2648455779231903;0.26153421700867474
0.8236371611154497;0.84500032726712;0.17241194314781494
0.6544289052574537;0.5998140648973292;0.44708049075754486
0.7979499771110956;0.5100934944795806;0.29247112707329204
0.38721044550447237;0.07229546020574973;0.039367396696768364
0.2027646771619992;0.4330801857145431;0.8365716306001993
0.5579041046031915;0.5989103788769571;0.35440797180361794
0.019769866130129765;0.11759956228099955;0.15493620726658008
0.7996259787040674;0.9670104369472883;0.2590360286890425
0.10136351760917539;0.9928834746556926;0.1517237496127809
0.6947542107512036;0.754018063828545;0.5960976340099141
0.20246621749292315;0.17499877130732866;0.036819734341286714
0.24825710668345047;0.35959075956722686;0.36664876862572027
0.5472663392871175;0.5774878967716697;0.8122433886348225
0.6750458645550065;0.8735197988019852;0.1923846036002016
0.23672172823885873;0.5592182273329801;0.19901603140516555
0.37780106808168357;0.6355502371730508;0.8461242488022535
0.2624654555895254;0.20569215072722302;0.5692845435328516
0.8347584025748658;0.36857587934683367;0.1317720909846729
0.031988212847488984;0.7918121924478541;0.6248707878968771
0.7715443847451249;0.5529018792349375;0.1736390097959819
0.41902282783161426;0.5749641723657802;0.3715272120081756
0.18033209732772937;0.7092575642606865;0.7221724241894127
0.20405663508173255;0.7177587710644608;0.7587913664434462
0.044976197094115045;0.8034307531144296;0.4567800916360131
0.3467990818376615;0.4876100632456444;0.05031194069891842
0.23983713561323072;0.0025494674554487062;0.6226051285714538
0.6043929875391343;0.9506006196269896;0.6194075244085091
0.04578054413245214;0.19598588200994072;0.9996202628680012
0.8768008563434971;0.45323449262631865;0.9655074142724812
0.04268187690763936;0.5379638394733837;0.37546980034593536
0.3852222272756185;0.27379915683005807;0.007042218636405084
0.07924693000140492;0.3563414331243183;0.3837622327314292
0.47156365790175925;0.05291490633679907;0.593716812980014
0.9961265025420171;0.27539858157336516;0.3257032033017362
0.7075797845481798;0.8285046895312539;0.8971119623883606
0.16172564351324203;0.6074115754470467;0.6013949670729981
0.43391368068763003;0.8082127024110911;0.07476347831599017
0.99692934027547;0.385933846718142;0.12327815871615155
0.15072783575770643;0.3941326685521275;0.47494432288016575
0.681464110388039;0.5792034252437834;0.17403548362507937
0.43354354900031067;0.9791663440049496;0.4479155347436071
0.20198076428104483;0.33802168879264904;0.058242759765489205
0.4505447546774206;0.11470077267341727;0.6434487834387563
0.11217719346358057;0.9861270374320603;0.48968599287547243
0.31420552676262115;0.9364677145715228;0.7669663306444684
0.8411760559109329;0.1976275262443048;0.7603031337414311
0.8682749544186319;0.8762301491598861;0.36995919138684974
0.3744734828197348;0.39268281862331256;0.15550196511458136
0.6583717433769801;0.2115931139826237;0.31703847562362886
0.01078511133976301;0.3148944720611875;0.7592386107931071
0.804319520425687;0.4809580975248784;0.793288215056719
0.9665175089120137;0.4855883553793683;0.8767106601313156
0.1721299641352304;0.5548735723186562;0.38372355320225904
0.021428665472695285;0.7647348260888467;0.9947905995693289
0.2638596156089481;0.1541832480270715;0.49535623566411713
0.6053209734798185;0.15575213790517783;0.3563841767852495
0.15234997174322784;0.6695818757366258;0.11038951387013851
0.3800483637178821;0.7135971647580923;0.8786874267236625
0.1660223299142951;0.41685572252383496;0.4197864542261893
0.536371598847619;0.3706451809041127;0.9342920276197746
0.06700612883214208;0.9584918388001613;0.24450086479691302
0.25717869362792223;0.7021785435408282;0.537532745251981
0.9961945306398255;0.5075694534508813;0.9378249473684656
0.704961215073884;0.8754770880697869;0.9105782626936872
0.41806525927386506;0.38822162230930446;0.08086167686683121
0.8259007210196558;0.6260658624947487;0.24953100949701013
0.915501057924022;0.21619202779991387;0.63601836882327
0.4580151556717438;0.8046074145037931;0.33582019599884283
0.2551894647998353;0.5777411317266857;0.8416773616524712
0.6146213230484894;0.8214201057226963;0.27830831057843275
0.19655670738832598;0.2930539384343446;0.20500322328034615
0.4005830028064268;0.6318590308389271;0.6437554827777157
0.521481651395696;0.18410621217424195;0.5593541738599945
0.15979155829489122;0.5867797497805806;0.551585638425086
0.8203470743329833;0.40798031112665123;0.974747735159202
0.8224646565810508;0.2700050739834716;0.280909269840271
0.6590144055270452;0.9864254462714946;0.2900103372272679
0.5001022943122168;0.45220432788150977;0.15570712496102457
0.5067098496046333;0.5970981641817705;0.33370146588107163
0.11510088075757663;0.5496681610907163;0.7202524762081014
0.6292901282402434;0.7523156614722649;0.5047366251788021
0.27542035236474727;0.508674430534635;0.4024492613645696
0.6321876659095348;0.8483106177514873;0.09845101327620698
0.5915436669712019;0.07250311966960199;0.8901622407565164
0.309182435711274;0.32164309600011176;0.9480942404800652
0.12974888292698883;0.350732622071945;0.42085746392268775
0.4705508397704318;0.298683627338734;0.43838511959359383
0.2557487939384071;0.46893197104280393;0.41441429235601734
0.4358349025330338;0.7743947081352105;0.7786291657272135
0.08763318300626999;0.1925957270477916;0.7582260423981602
0.46539683199207404;0.8961604995769913;0.7925219437958813
0.16298301091567147;0.295484513621449;0.9174901554875531
0.41948916522441504;0.1705730498873942;0.5334918170437688
0.5026061671539536;0.9167133440598905;0.3605016561495714
0.21006228234384772;0.957947987861641;0.27318742716357525
0.5081901660490108;0.9836321205694963;0.14596208071859695
0.8256003772779442;0.7395685657763649;0.4317044207443421
0.2720627334823341;0.28420266292592644;0.38988073819964886
0.8541899066050591;0.5061332997983218;0.053827446911308585
0.633211286113865;0.7939340305686468;0.14606796842305603
0.5311046026972986;0.6717892331462586;0.21559487712057834
0.637961612421248;0.19091417910369513;0.34583767227767015
0.53427281320195;0.027020968996242067;0.7896006350749205
0.32783025674845834;0.3643496166265987;0.006932984974960088
0.161753570765776;0.7452157498729413;0.8605975153575504
0.8874921772728318;0.2788361999236285;0.8248121095381215
0.6645344140758326;0.35954551604604534;0.9814128329281265
0.24858006089148288;0.5929061670014482;0.412415779399283
0.411919146447021;0.5777713282765831;0.9606762651855971
0.8550859944841273;0.3210196018255297;0.04696878276674965
0.3261765743314;0.4989300538559932;0.5395908117017308
0.10315225943605721;0.7422084625649108;0.7331174488278515
0.38486188113893616;0.16018818205519336;0.26527341949632044
0.5556081120138326;0.7585994827934978;0.3707788808319371
0.928998051839283;0.1426976305365918;0.6796940571382819
0.8703955873691346;0.5507847987809208;0.11185120286874162
0.8239525425195909;0.8146755230287196;0.7276838744426383
0.3781047014991742;0.7595705707814793;0.7344930599807373
0.8015625499722456;0.5496615149645406;0.06611468855088865
0.7609278140078394;0.5797406112242773;0.635601429645235
0.031681147479966754;0.9625298723745792;0.8616119665753502
0.6103895857578368;0.2904995285788897;0.8935045137660862
0.6912962001206049;0.497948105541707;0.5936414960801196
0.18837487452886137;0.14018945141157269;0.18287369201976733
0.20470808618553593;0.2984052677371317;0.15320932498881934
0.9716687503723492;0.193822617221588;0.015566560760232995
0.16735379826061947;0.21412491400192268;0.018068303484668924
0.194043346331366;0.9789702801386575;0.2646587007962433
0.20481703429063092;0.6113671025332637;0.38058414519620865
0.6086517716413028;0.8688297191508358;0.4043484975990915
0.1457057980805544;0.9414602882497507;0.5513163565272965
0.57698983525982;0.9229026371190922;0.3793682099630945
0.8159120287708425;0.5994872849494713;0.4655249840101584
0.6953416982173845;0.6353517509937642;0.651371922479326
0.015416100133439636;0.43176881479135243;0.4937926765584608
0.8148906218839792;0.6330340414668452;0.5897922995279348
0.9156657655194482;0.28636018440573674;0.6256982420726193
0.36633507761802386;0.8242144291155132;0.7472003886399585
0.7682730930756199;0.5889425448471705;0.5374099911356287
0.13588801615790502;0.47346127096316304;0.16802230976262889
0.2939501858762248;0.5404753596518765;0.21695556173216923
0.5386986576436325;0.9604101538567864;0.5150776792225407
0.11354623723022816;0.6745536597442897;0.7968976186608525
0.3217157825940665;0.6612353659059483;0.1808573133458059
0.8354798843439807;0.17100913566070097;0.5283376174165205
0.3033115280889519;0.12534874674649032;0.9091395878537263
0.46631572650168973;0.5363394537625299;0.8219615806911198
0.8432546180382204;0.899863263551792;0.14079022407452224
0.4198469056886871;0.0030780047831793222;0.8396878526304763
0.43651146673685814;0.15449246730377852;0.1827645338782472
0.3872395861496468;0.6318366956898985;0.6602345929355374
0.2518318076560708;0.25175148227588573;0.8909686158581904
0.8435118349623766;0.8429604952536034;0.9698393435606619
0.5935917490870053;0.5264228177878865;0.6225617243466985
0.29485103899070664;0.3147832240406713;0.5463001472088052
0.8281081721166195;0.2674183875975923;0.3514014779906022
0.19984688604602197;0.37041326689506926;0.9705197269980671
0.692727197594694;0.004944724818279234;0.886946312001009
0.398492276578979;0.4500385646100271;0.48359237161544943
0.6278748162822788;0.4693937004101789;0.9896135586534958
0.5802841046432905;0.4239779739418378;0.17296967748412018
0.027141443844519886;0.727021054072362;0.8925336309996853
0.6205275815399073;0.11890291933910813;0.9966217808000105
0.2814178760865438;0.20554759120986765;0.1896139554186167
0.5710756358291437;0.36318261858935175;0.826960350511984
0.04320294500898647;0.011277363959113385;0.7479218814125738
0.50515999288231;0.07222373064325116;0.39467696279823605
0.05732071931948801;0.05542818757035928;0.05202282967131233
0.7757507259040604;0.47239795293335507;0.0657775613371393
0.18310641714269127;0.835418494831861;0.05446150823669449
0.3860923829997248;0.5501310815035343;0.9092149681425604
0.04158923636539569;0.8469670347412034;0.26063337254717467
0.9606799497952992;0.5702740523732104;0.7148448978679112
0.4213885949675298;0.7265608640493206;0.21562995943086571
0.40350673407379334;0.7389250854565127;0.3001142000472937
0.2886972295955399;0.13845663526755403;0.9734219876765978
0.5554410501042713;0.07046282917774027;0.7420744770113199
0.6927042746503786;0.009923723868029422;0.5047463854488732
0.9713217508214564;0.334454381120578;0.9272271811738462
0.7544708481152517;0.6369625521375654;0.16935889933060033
0.29117545496558306;0.4281308407918536;0.7436586557076189
0.2908547380536459;0.7398828439053193;0.28859689488079865
0.8113606961881001;0.8957769105790792;0.5858163357286038
0.5964262625016886;0.25603402118158936;0.6709185344932418
0.6129696427144099;0.8946601235656558;0.7551528509394267
0.24760793130001602;0.48668394398850534;0.13734594026128633
0.2945798783587038;0.907315033248363;0.9042474079703317
0.20793216517060575;0.43017192808979565;0.354656379177438
0.9871909024865502;0.11642617438346059;0.7279381922167205
0.45083043401471046;0.6142623458086726;0.07321752127757641
0.07673742092139979;0.8135778883856865;0.19174246417355256
0.14262571007130054;0.18548166959379686;0.7809414634752544
0.7163715040389786;0.5919821240302413;0.4138053258971143
0.4676339577892338;0.14544115516159573;0.48856930515036734
0.5992961188924989;0.3801707263918326;0.686348357027489
0.9587813291718454;0.8158216551560806;0.26075395093180365
0.28366669693947955;0.2185210846269362;0.834573501881663
0.8288349109957955;0.13578766065938974;0.0030413024593843874
0.5307088436172421;0.21969716993306088;0.9536901194050847
0.9057622680243574;0.4843170069338115;0.38418957550653243
0.0935453313285658;0.5570830425648424;0.23215280299737284
0.800309910869065;0.43721895419279455;0.027605693587385627
0.09159376136619168;0.3271700893027186;0.43457734139776394
0.9141227476109542;0.7299996138113339;0.7472544995396759
0.4292187298777971;0.8451814618114057;0.7318417167152106
0.15583386551332123;0.03219162763348227;0.8456417105101818
0.9613695768385031;0.3784762344353718;0.2009073467810163
0.5509680139055859;0.4245598615530106;0.4384734850380817
0.9817101576448599;0.21365636001942157;0.5367938251761974
0.9551500670550211;0.41854881504245434;0.011132411272207654
0.15015305365630371;0.7941436958514365;0.2090301608910421
0.259450442904512;0.13072806708126816;0.39171594943877397
0.9616326770430692;0.6938920075076631;0.5633837189761439
0.6999917819154367;0.7655885107510592;0.5626404951606776
0.7545881520875264;0.010191334879745884;0.8093897271002811
0.6823355385595503;0.2177141981689399;0.5017404792580984
0.315262943328499;0.7645698764721119;0.9350575470392904
0.9752570704980968;0.05672831007898327;0.5095266978668771
0.6044454040340144;0.933310714036908;0.9300306597677082
0.6763874933849591;0.8707616706175615;0.30204813791810214
0.0863284384013574;0.10134510013063946;0.007518225467592177
0.46766573072621787;0.21709273944758434;0.9223969119987413
0.2063996664959149;0.9579572357039433;0.9684972739671587
0.9660440888848517;0.7449386085630214;0.4910005121841958
0.694606889867118;0.45142078289211596;0.29975677174422277
0.8606530031705407;0.1721744291549141;0.5485848570111365
0.20025468192346207;0.8889324981286495;0.9069677889960219
0.2983653400492331;0.185310740798183;0.33855874055782276
0.9674182824981636;0.5606334035890628;0.9090639750762299
0.2975463574417597;0.10438932813481783;0.8117058869868072
0.061824672356511234;0.6762092034843123;0.3017750648444907
0.073028250918036;0.2582552556254326;0.027902345297406317
0.9963198192063759;0.8040378378492964;0.2755057160424188
0.009331042581566362;0.9048145792820684;0.9690158139187579
0.23090467334837728;0.9422882925456394;0.36250736818805696
0.41041777763247034;0.2887646193778859;0.5898427982633077
0.6604908838075539;0.2825960788002875;0.1448857337488253
0.34418196702570314;0.5326642143217026;0.8923625468004512
0.6142079476798668;0.6231457675590454;0.4612727957495283
0.9903142917344084;0.49718160512191545;0.7963686630144938
0.15150644703371574;0.814370223883168;0.4743820326937732
0.6286097661541229;0.359794045243489;0.10734872382824567
0.6444742414022292;0.4681564252773118;0.36556108217307515
0.22936028105359163;0.47697096898037383;0.7942448335291893
0.8940386038801876;0.3657822663010566;0.33713797564435266
0.08464346582323334;0.4901909907826726;0.21015896068217865
0.6308302749837014;0.109285238843423;0.3675318871941994
0.7245130442053418;0.8165529349543608;0.5175657965182815
0.8238725542716859;0.24520599034635193;0.2929232008684365
0.3898351414427622;0.42090940613077465;0.3915302301839274
0.7620158325314889;0.9221114007044564;0.788593611591843
0.6579924167130722;0.7567582109260922;0.3819448629644975
0.05048104495925221;0.7273938251910963;0.4093653228629984
0.22330083772927278;0.20437449422893317;0.6267370150483391
0.5349862588309626;0.33356636215519286;0.6552976284798988
0.6680991057925472;0.2853685599672413;0.13347855973194644
0.6562457790539614;0.7811424690058892;0.7105665535540157
0.02676233886084911;0.10412429842081772;0.6471386260880551
0.08078071096292971;0.6282953034831258;0.83405813158378
0.24384426432697337;0.6558813213070701;0.44933395417753164
0.025033395431701244;0.5655519205306613;0.17971256170646288
0.38525612313920576;0.9283906816999913;0.8725951511927946
0.25596733467120925;0.39809537480983626;0.1598288885667516
0.45846445349583986;0.09269576055546991;0.21870691304209877
0.0197399939555315;0.588534051854268;0.024225800261181818
0.4784999211137624;0.8016540340382498;0.5018454650722592
0.6827915366934089;0.17526403437811022;0.9798937521747527
0.451795115981941;0.9826108205646369;0.6738168743148399
0.6724026581595048;0.4769330710713393;0.4889884123573458
0.7617335382949009;0.9206647168526635;0.2628462729301455
0.12982693532881595;0.5362554802792304;0.07815192407561822
0.6864234695252485;0.9437562573917154;0.8106007591213169
0.6703735062695465;0.6693731348588233;0.5927750292890045
0.9671235542225716;0.4128049170122794;0.802125042891266
0.7374106528546184;0.4107774094179246;0.5376375540913477
0.33601929954431353;0.38273096806068274;0.7562709138097659
0.15709914468776565;0.5677940830114602;0.46138771760256914
0.7349833697927973;0.25288268077878817;0.6762007718549756
0.2110370204198242;0.5361295293741435;0.1615895061762449
0.9601506275312977;0.6610909416421272;0.9688655358653877
0.2644776496708535;0.818955180748272;0.3590425135212709
0.22798767458083657;0.28396580319056997;0.2107306994817103
0.9086940483248757;0.0912131860236195;0.20984057890706886
0.0013465738925543258;0.6231778080248828;0.660707222209615
0.6058596943962438;0.6676910180508959;0.7555887913851838
0.16872634602001046;0.08594279416439154;0.5327245360353888
0.10848092566194034;0.8554491730103555;0.771692544447938
0.3137728693945776;0.7166461702185497;0.4879868809824618
0.2599174744906515;0.47132194596562094;0.3043652614169894
0.7436565046989805;0.12972859099267586;0.388951343362291
0.5227613984823603;0.5767956649115397;0.9873520010178145
0.12021897601722586;0.3902032359616817;0.9717072805434211
0.9229583835119168;0.7038763852052083;0.5109746375466311
0.23896858912319474;0.06843463618241685;0.2709928451310105
0.19268305227340454;0.30421172492905413;0.5602345298122032
0.724411193952348;0.7344916685311507;0.9295971020663887
0.6969571677212838;0.6063929377114766;0.6686065581675413
0.1538405966474491;0.3393182875599491;0.10886847191534044
0.27018972556909604;0.3447250975417977;0.5194198541708679
0.6329985982001769;0.8107642066032046;0.10721236348267194
0.7579654203608505;0.7734680332546233;0.38769686982926177
0.8855369667572265;0.2816772654460289;0.22086107172189628
0.2851440985689564;0.8782678232437306;0.033868231227620615
0.3205764343269457;0.4976537773511228;0.03883277765698112
0.5980209105034482;0.6418644988275337;0.2650650392495151
0.056037358797416004;0.7134686611573626;0.586590548709451
0.572352063413455;0.005315154902801211;0.8878562400765287
0.7112387358572053;0.24418842993365386;0.06974406044399828
0.9922583108265772;0.9516395440518822;0.43922899346515254
0.9956635629206013;0.02258601093183954;0.9959102674168092
0.07413606467065637;0.8859922136923866;0.21459704668126311
0.7354482836800843;0.30978885246291754;0.047900678728856505
0.14282925934028357;0.6638155657921743;0.0963505854254707
0.5749250990188567;0.9766141017761423;0.11205965668055373
0.41652709797259035;0.026031788593091965;0.7337536890378629
0.6099640451539008;0.4545586009756005;0.015618299537723757
0.3358510867218043;0.927952345632309;0.20186381299905376
0.18002263852874278;0.6152056870932103;0.4834626698439458
0.13733531055764303;0.8755950577118892;0.8700240383820003
0.05873162362061668;0.20347468828012127;0.3225060853872621
0.9348680287188924;0.21108322436536298;0.09458061146561758
0.6131543386181586;0.8375517084190985;0.42714725952880606
0.5657787287682875;0.6980961542888634;0.266343341849673
0.6422735487419637;0.39380731096676846;0.10429111850633999
0.8954391775057069;0.5111490305906481;0.6508306960724294
0.5023651212824964;0.9058812869898029;0.5101762140532765
0.3792292494725594;0.1462878326741105;0.5389121684880278
0.5944190291834397;0.2639546714763692;0.8900441014816174
0.1686558528083728;0.6608110448139386;0.0033022224611889417
0.43829708080459484;0.16936962003439437;0.03466899237375409
0.5013781336653514;0.9139741002346149;0.3442060787659762
0.11357324667766044;0.2901658148781515;0.7662888701890006
0.5425778870736776;0.4361367894825543;0.7190172052112448
0.27407768174215597;0.4585005124810503;0.06224375286942707
0.11014872480501758;0.6609887449182529;0.13528264528055978
0.06865805658729596;0.6156438527674785;0.022844394669626733
0.3748338121006052;0.05737821787672137;0.4870644359472016
0.2213068746330924;0.8099515829603349;0.024344565761328707
0.10614649697242606;0.5242875918108775;0.5815079894174854
0.030893468071420904;0.8026545644453122;0.007488819051650331
0.5516212654455626;0.27365193266164445;0.7858840380018959
0.7324363311797133;0.009897146079447916;0.03872381205288156
0.5509830593132466;0.7064215486474686;0.1108283344420058
0.09618981506817958;0.42751356007047736;0.6959305953716551
0.34459908991614474;0.1723397242251813;0.164533345063278
0.5192613125723335;0.09274372862253388;0.2791819558340628
0.5101801061392618;0.6750574761098304;0.19135116799347163
0.8631346963637008;0.31508344077936123;0.6261530421853465
0.7627624274287153;0.1726018924938496;0.6892720823149363
0.3429534209843048;0.7061019727643694;0.6850733076717083
0.05018333475867165;0.6241918186721097;0.642097531528186
0.26918910397528395;0.4556298296452539;0.7051710067760711
0.12753838604750112;0.13850093532463637;0.8202419831925026
0.42768501663232106;0.06205909401283305;0.09639900938318136
0.12439765729068708;0.7052346952508887;0.2695752695958479
0.5082131486848231;0.40905535554804084;0.6204677815289047
0.8636053826137025;0.9736690614968334;0.12113029232827544
0.4264124099139306;0.06612964512986585;0.7391961560297317
0.9358034471000988;0.629596186225556;0.2133629581721349
0.7407486372654188;0.13185512127400156;0.45223086480097896
0.25175079469520967;0.7877404927670124;0.6920087034633022
0.9232683322832077;0.2819114316483865;0.1789158277095697
0.8424920482515622;0.7991367416228448;0.882295930839335
0.3261198146187111;0.31439437518533475;0.5292020687294344
0.8889956707173681;0.0999505588452605;0.3315969058317667
0.37532309409194364;0.12097506130622937;0.8838824450394991
0.6652689452888293;0.7663565091047868;0.9389893539620555
0.6227362184921749;0.6142399651924533;0.33242754919533113
0.9954775556243823;0.8506179745634006;0.047904828033264124
0.5194702249123692;0.3926815130277498;0.6832493621672919
0.37266684956442486;0.3331009970875317;0.9565559851816254
0.03049044860895389;0.2659585265429816;0.8264131020897282
0.15294813220771375;0.06536903520129167;0.7622624823365041
0.9603297126941185;0.766468991593319;0.6673167235429645
0.4193286942049157;0.6674586754716678;0.22096555598450207
0.2926786010986201;0.474079408992811;0.3494196923838785
0.7713408684809067;0.9645935327351671;0.30613235798948635
0.4310627196268131;0.18992309613883662;0.4727981746112201
0.7926634464420335;0.7836832022949857;0.3962998164535312
0.040162748737402665;0.3046283574369111;0.015426959009695151
0.4651962532728777;0.009468762154812627;0.17090467263535047
0.3702078180214785;0.5566696585503335;0.7630914358528478
0.969602697536478;0.17961693548115532;0.25128979714724886
0.28414186945960296;0.8751490338996435;0.8864808472692793
0.5672815684300335;0.7808990992666811;0.4096563861639969
0.27400803299634635;0.46643873993639884;0.7487924712504886
0.3138982591772782;0.7104434867799853;0.052275948612350964
0.14169994845426226;0.9066523277322894;0.9633232462485702
0.10133786052597327;0.5216611006418832;0.20962471287574114
0.5109829529298675;0.09223100693308461;0.04450255083083743
0.886224070634972;0.9946078318388532;0.06867074277418783
0.6913453732713748;0.45188914263407587;0.5824144855397708
0.23431359463566426;0.5146713347120013;0.6789170940521041
0.5993088537478751;0.2859941606835533;0.7506052905634485
0.5086900958559343;0.7471823587652697;0.3829541188655199
0.5817743521139683;0.6979423861005243;0.07404432557054863
0.8208601818243996;0.8121383969771353;0.411856733098628
0.46142891857880075;0.07386026846045746;0.9082416282514908
0.14004029506351956;0.7246267300993586;0.9131678136736056
0.7115493424593888;0.11459561270684104;0.8390549250679736
0.7172354257133927;0.691018902819905;0.38185914947439403
0.9352369654958803;0.6989723140469525;0.04201106695181289
0.38492417537019397;0.05672669043802492;0.37794565337766906
0.11089161046541951;0.3862147374818481;0.3708460971840529
0.09950587387898047;0.5291054861003646;0.7447613025319642
0.5853166725197322;0.6546231108634097;0.6069625318039985
0.6970778994164205;0.3516865790538296;0.914581676330218
0.21556092869824572;0.4584762459872246;0.3852225613514526
0.48356638388172235;0.6699834605886043;0.5954945043093212
0.5745746716971872;0.3488569485147148;0.4803254550126399
0.14897134582094296;0.43940252408234626;0.9945945878488399
0.46417892837150165;0.14658597535427131;0.3492363922863292
0.5054185486377291;0.718590279773347;0.8952032746001726
0.3471395822031297;0.7993453825660368;0.2826536658671923
0.18864045858489886;0.41482876239667077;0.24245305312814647
0.5794141824182477;0.5814675407420329;0.7718486511055141
0.4263815469629376;0.9787364352247091;0.89814427373053
0.801981976131295;0.2645603970397694;0.5895332603488899
0.15023630239657249;0.8328561699181436;0.8403331568045089
0.27293173673285254;0.2811964710718089;0.9714199398736599
0.018460208252816024;0.1544860139791825;0.7591400025230426
0.8876395222577518;0.9491442325043018;0.6345725803437996
0.23469310653424136;0.35070411877936636;0.23598830886079103
0.5489723511123404;0.8139847211392393;0.729929848628204
0.0683136786157077;0.7825405116157502;0.6836725491289258
0.6411627402146187;0.8855128194538181;0.9375017836948081
0.3051678433987578;0.2044515389229017;0.26997962727689295
0.8350876596975155;0.04332217622242007;0.6528832947865348
0.40375456072315186;0.7900865602660182;0.8639833780102104
0.31049007766028325;0.09293145708891648;0.05736851070073379
0.8957962674988498;0.12474340792856997;0.4817201327995927
0.43518921466018756;0.879764198697044;0.22370826437661295
0.36618901803811543;0.3759234348819419;0.0008450858176829446
0.7548574737560727;0.9114099636525645;0.07413999751002431
0.5558651127282318;0.8784645753385989;0.5228694472110702
0.926305037343069;0.19260544606679808;0.5630485231378541
0.06909364734285295;0.16999224126988843;0.9024801313255859
0.6646254190169051;0.9056504243100568;0.26778464362081245
0.2141700648129754;0.37371851854849647;0.921036394640742
0.2927129358498072;0.9250483935086721;0.9009413431908866
0.7726158558014128;0.06565833116680131;0.028240390973706786
0.5300814503068383;0.14875381651754482;0.8605979772164295
0.3056935502721764;0.8165216978149356;0.8573338613197965
0.798650104531579;0.34831392305374087;0.4703345303348455
0.9403205084841022;0.6496353443601731;0.39189430909148226
0.08548557907951937;0.44934783376701626;0.061129103740730995
0.6717330148331107;0.20301499806287915;0.453437580469097
0.49460387212051693;0.7135231755916671;0.6884074719382324
0.194288779213462;0.6933200006610458;0.7178460100825055
0.24720983652563355;0.862255140785549;0.06785964102732656
0.24864927869067166;0.4862732045848529;0.04732830289582024
0.8354240158028774;0.5325372098086278;0.46062238176199743
0.8286394790219292;0.07521924292829485;0.6738025140517118
0.5659744078124687;0.05058987481813937;0.4590129730139937
0.013257323179531544;0.7704647189784709;0.8873307065927599
0.2682979343052839;0.4495397929699494;0.8202853946200169
0.25709473260288085;0.9515763657968161;0.837526055983778
0.9394841750485844;0.7755114188491614;0.5123209835525117
0.4013464217839634;0.7718079781416196;0.9811015515350553
0.8180762747823599;0.537398033830642;0.9428142963169978
0.9257857488550335;0.5568629426154141;0.7813657363815459
0.8726364042276051;0.6608695978578001;0.7580826554937884
0.49425145010508187;0.5927879077507834;0.27830893785529764
0.17418333686202636;0.04230632252420774;0.9671479641113528
0.8908034390850249;0.7852504501820996;0.8272781014085802
0.7688124674278489;0.7473640609608776;0.6764308035077046
0.38618247203649003;0.37453617048041477;0.3603215703766338
0.9913717978755121;0.6510946186256946;0.5732531231976078
0.40917808034819014;0.0693865474214217;0.03408283722191674
0.35410282627781453;0.21551915942803324;0.05346192142597217
0.6234344534385668;0.9707031378630986;0.07795607189803888
0.6279677783845514;0.5380400599082885;0.1599449227464772
0.943353137323202;0.33960040584629547;0.8013146282260291
0.1062280249188442;0.4377610195217646;0.3460712568159964
0.7082161536361143;0.5689049158702536;0.48786301662894993
0.8899313826283713;0.718202005810206;0.9305163298160106
0.7068720691806925;0.32019895209996263;0.9047065557704189
0.2958985078727927;0.9002033867686129;0.8736316843941658
0.6469155102650399;0.9040040322299164;0.7899404725419765
0.5070088284496719;0.45686696362663626;0.5323178829599841
0.9463178960558967;0.42829534018970405;0.818084836812224
0.3384004071040473;0.5242258625438818;0.2211363501686776
0.3709811074604683;0.6139215455678876;0.5172183341824197
0.22256249864934474;0.5852187958556415;0.1339782611783621
0.323586287748844;0.7268065987720385;0.056549424205607934
0.10270478159380503;0.48780211392872974;0.36791249286537697
0.921950500556198;0.558206861012866;0.2603061268841421
0.16705941591751505;0.9463737934763877;0.09082884188553508
0.05530852380952456;0.6284907714076179;0.08134758957361277
0.2732566486931697;0.9608079014553756;0.2713348363212732
0.5138124858696712;0.7242600613686968;0.34979717438501345
0.6551851210827018;0.9099740281294999;0.7605646318649225
0.4216945098809747;0.4877801457940746;0.4033926702468994
0.7848246010631736;0.3950267490136321;0.426871023375617
0.7787499224598777;0.12649201629001905;0.29158195223478356
0.7516413155833427;0.2898239355233796;0.25529702317507763
0.23992196080314898;0.0435813345333268;0.5014775220201648
0.9926252737359513;0.4223514500912564;0.8198405931460963
0.727191501143129;0.7846413159722561;0.22580680164383438
0.14676637402627724;0.8754733352142896;0.42653315156798954
0.03235541232593908;0.9016402653319814;0.8871257921017348
0.44131687073577475;0.11859582212523923;0.7857041733287281
0.009556803760116028;0.49632072330174815;0.2664525452463743
0.7915753156522983;0.25828453126056183;0.19845598405589426
0.015027557998398167;0.6387160968944857;0.6440151851162582
0.9182326126635337;0.6764487926828953;0.9347062067485025
0.44117539241843207;0.8305900662649552;0.9585148121605425
0.37873165209090764;0.5465164355867456;0.23911458110153683
0.8010236463042717;0.36078532148341413;0.8714178450437157
0.5264073581012612;0.06234848744676447;0.6138029087819347
0.5577441671406991;0.8157675112234786;0.6613465414076433
0.4465956584642071;0.7294093176203605;0.7233050432088848
0.462951836825204;0.43539524081981984;0.17401210764030828
0.7923553975129757;0.967000185235362;0.2732301058554891
0.19715147216464712;0.4965721719948234;0.31501033858654737
0.4400903898043066;0.278942491159765;0.46119623291192746
0.8874647797571982;0.048707427887041965;0.7540171849709618
0.3313177778491728;0.591301922982973;0.0009512973919216794
0.3398154710347089;0.2999671118384787;0.6764277711689433
0.3692403110528042;0.013074028126277448;0.5626225525898169
0.31811532162098943;0.6198050312736219;0.4314642606259659
0.26161776126095215;0.9680960258344659;0.32310335420627023
0.3378077966314239;0.8262497276128475;0.4153060409867143
0.7241642984737953;0.7073066863750814;0.3106153272478305
0.15501886707459966;0.05762444587727622;0.034970986833305906
0.8415069952280193;0.8656856046609035;0.9828307256668095
0.6428623443868133;0.05597820437771006;0.1293321361388804
0.6651488096416274;0.7885338927495004;0.3566469287370545
0.26845797048711184;0.7216123216755267;0.8573312020385466
0.8966360752034378;0.6507950466648265;0.45866344131934766
0.5442193765474668;0.7560199209320588;0.43068655766136654
0.432960387202847;0.3077962778451838;0.12440575046652325
0.9248984245730008;0.9447086935563273;0.6499260423660739
0.9356081346824353;0.10205011987705037;0.950689162709069
0.14117456585464128;0.5047676330373322;0.4846525755052413
0.6305743889948495;0.058918727993256925;0.5752729480102423
0.07482249522819906;0.03716193232028464;0.7133958521662458
0.7641731485939058;0.032888160542373646;0.5032611783693984
0.3741966806946735;0.48200913751454755;0.5670925118175865
0.2939128075621209;0.23216047493472403;0.5705512080889872
0.734147926033273;0.2655515828502327;0.7614909719403804
0.6272067332855803;0.2585830272244768;0.8342679887054811
0.45627918113933563;0.40217832096599426;0.31721600708327047
0.04527216270842338;0.33948527775762893;0.2297399096207936
0.18255657205564368;0.8957983722770679;0.622823930677054
0.9360316116663244;0.28431220051528794;0.8901814705635106
0.17838836705382932;0.010614031301059201;0.08467689058935046
0.12439596211596182;0.8843452419669987;0.9577869279792173
0.7261298271322648;0.9313282727589159;0.3309095829285611
0.7060287989359115;0.1940479256969736;0.6220041128854218
0.49280855892774666;0.5735195571209329;0.6767643062784274
0.7839619312639613;0.88991900666829;0.8968573894817355
0.10883079639216287;0.22556017750296875;0.5343728003646174
0.5808982831125429;0.22705316046814694;0.9854294436944643
0.27418624636543776;0.3740650282019664;0.2846095299150947
0.2757937918371258;0.2922886737290922;0.5971179598677517
0.5473482842278482;0.3963733233773402;0.7923185199158824
0.7173868865626601;0.2423978703989017;0.566101973335384
0.3215875325006631;0.2872116274631328;0.9109200706653314
0.4654024452970279;0.8353805785522707;0.391248278773629
0.8689172213294845;0.21591669405864222;0.6571088589192818
0.9466475575753435;0.3024212792520822;0.5122049014476957
0.31603045280065156;0.9808463852006656;0.7393227537415148
0.2108613821648344;0.2546345151969739;0.29315912011267375
0.05091041662594997;0.25617853548024716;0.48420143646459846
0.09176655251978694;0.29132957467824927;0.6813067946886627
0.25343143878051766;0.08265185585678592;0.7726909045600723
0.9811834642354426;0.15541267615674237;0.2899478866036045
0.14504501324320485;0.6070756294528978;0.7109723199313779
0.12252743222308404;0.4832638232421126;0.8949560400433579
0.8041495769907432;0.8662070002553757;0.19148652420562995
0.3185419039214109;0.6749292411932742;0.12670651207981598
0.7552922433921754;0.7473321227346994;0.9064885287734687
0.7327361075995659;0.9805352776354102;0.15099888274099948
0.5644781923797765;0.8007539552964043;0.7645831446793032
0.6957151284331254;0.9513779196716663;0.09709353481093852
0.8903904211242565;0.6440198265089697;0.9995889524898047
0.23047954477497867;0.27841719090842665;0.4976058792884903
0.010208254998808952;0.3966533387103215;0.9746341739629024
0.30040153113010326;0.6204500057984143;0.1042897326577027
0.9439345526629375;0.46668123757767566;0.32699908309726333
0.1960696117930677;0.5025429791782924;0.6756057510566732
0.38562416642619535;0.3817988082335857;0.5863042177040261
0.7836656774100135;0.9498116254601573;0.34265788494618576
0.5639408519141484;0.023643198700749046;0.3338212721948167
0.7132469471336218;0.4255952872544413;0.871782523065388
0.9151750398604259;0.13642297305235396;0.6186981073677718
0.9999824887166665;0.8938944717927718;0.18511729344873862
0.20705324505351375;0.7468367185614018;0.2515690913646993
0.7628665326579684;0.8532559902161551;0.23820721312445003
0.4800262580707817;0.04034746532842126;0.263889119793255
0.9172144643516214;0.7066965271703299;0.955879018508353
0.20624680875397083;0.3860689832261006;0.10598986348809158
0.8785805035768424;0.4978899813196762;0.9331500321781021
0.13340049042318847;0.7054010544083636;0.860656295626628
0.21961692503842178;0.3905633081913351;0.15366130041977077
0.7241842025565939;0.278309224040479;0.6719698727960225
0.6477961499575202;0.09175493296942494;0.731286368471431
0.051373141713834;0.0073799996419368075;0.4053598631566676
0.6596426239640765;0.3813115423002039;0.2847400707354638
0.0396161732393141;0.047550090776006915;0.7231345685437333
0.6243468285841797;0.32967811544959813;0.7380334222937232
0.8269717248872495;0.9246610640581268;0.49678985839070355
0.5141501997939778;0.2688001468370391;0.24420681969462033
0.48379490502286526;0.02681242891573976;0.5873514457653926
0.6477312991992088;0.8362338121703641;0.6288956727978867
0.5464451539612543;0.540928708342303;0.0847341262361474
0.013960290721673596;0.5722758611215388;0.49146130112831254
0.9983686488521131;0.7805358016884488;0.6098593457097184
0.7653845482962174;0.3228061715338354;0.2665727055116921
0.8894501450217277;0.6482811825302934;0.20030909820193699
0.1647020592913665;0.7274344548928755;0.6008369559745895
0.8319477411798746;0.7049240844141668;0.5483221100078001
0.47849788986196473;0.9057056476796274;0.47800802488846406
0.5106629939627952;0.6531788258334567;0.23206727937677152
0.09658789859242534;0.4952040368625965;0.32702535706034397
0.25350542553823396;0.19568936641475476;0.6050504035944612
0.21812087946739578;0.05946805737607741;0.04562006482544467
0.6863437701884545;0.31840781281158026;0.19413736023648842
0.8663563026660406;0.04093953854516874;0.8485791323451984
0.14364804489203908;0.8546752462508571;0.5025652432267479
0.06541217191457815;0.676251066889705;0.5221063840059894
0.416287042137492;0.7060437711443087;0.5511437531323128
0.8779636773241182;0.666537015617232;0.904321811827862
0.6185512137020696;0.8055791888153817;0.13555640584695527
0.6570814042377919;0.6534426654110883;0.3995324313547457
0.3427524006992624;0.7131451531505377;0.5600396001722932
0.9531051645426563;0.0055570189469326126;0.37755923808759784
0.19822851904995897;0.2980065718126813;0.12608512708353026
0.673184102081622;0.09845644685068;0.4900841382104263
0.3274310003149087;0.48445680904416266;0.5962574677372905
0.7234383843901638;0.03110362893751295;0.798194959963484
0.8473647244712371;0.5136488289770216;0.41084426400833096
0.41481227192454573;0.1947658716372933;0.7877196327260441
0.588590932339861;0.13596297383042788;0.795295142174706
0.8707660888244181;0.7089224430811457;0.005626092451116449
0.925284840528079;0.7861180459744556;0.6158598525363137
0.23884835101860868;0.39238460509648754;0.42683668982863965
0.9672999987104408;0.3364364378553545;0.12193581352374927
0.13356358188489448;0.7326883402083281;0.8043553948046018
0.5240119995013816;0.49218182390481413;0.7862503889519271
0.23930386656367164;0.8753352985228015;0.13527490024499167
0.8367632703003762;0.1484991997873063;0.2841244462660595
0.7736876282918685;0.9286473177079722;0.5293176777817338
0.5560489529657539;0.40308469781558565;0.07699252465141437
0.4904416507110678;0.4656564224117713;0.8639947012079476
0.14954555441986972;0.32214814304602346;0.5763023112524807
0.5245977167403605;0.09176805562730583;0.0921847587923349
0.19794786361851002;0.4490649797140841;0.220180287404258
0.5413761762827052;0.7928080795319506;0.4314956476621973
0.25147467584095795;0.3501826376035482;0.19125875808888038
0.5260707111551521;0.1424820955649052;0.110712383663217
0.782116460116112;0.33794381764417225;0.1764358807726918
0.566665303644443;0.669043072979536;0.8429576528077322
0.5794344530612371;0.4684501738136113;0.25352606191338056
0.6090332221584703;0.7202624214167637;0.9260193445688246
0.006912199224243687;0.15861550802239355;0.2520153258240757
0.07083357718507488;0.0221069675432638;0.46298676685776896
0.3263143014779184;0.7246190573692154;0.27979901530789464
0.23769951846876547;0.050548488443004524;0.861841069973941
0.9033530497794608;0.7536075346201336;0.33815048170662065
0.06317624464907579;0.17079049841994387;0.03490694318165832
0.05793427392068362;0.11122909704148587;0.0665889813077628
0.17656928459025756;0.2087610402814093;0.5472326502307184
0.19612041142037184;0.15199760100570947;0.6169237757586821
0.9796829717892785;0.9473847752139544;0.7429399582420018
0.28301980998026754;0.9018484682767596;0.3361963865329315
0.02793503341145931;0.412907290300096;0.9446820190073232
0.1231855087913808;0.3798419003099942;0.09052713929730227
0.9904777550680862;0.877884982993085;0.6409590632855671
0.427386493075521;0.5980749947869781;0.5193967524406164
0.8639633599996126;0.2051740956189766;0.39995925075343075
0.4569138128406459;0.9855413677120403;0.7776809448347779
0.9600284497400917;0.45256086149288755;0.48287435198539685
0.010849317913324996;0.9533504490468986;0.8615255918213047
0.20376144678896912;0.9859457262903368;0.6010592799550514
0.8813449828876719;0.04962348330098343;0.054597298367765834
0.5683047230387145;0.5391678800893375;0.9971343360780659
0.7394539671750868;0.2567660335385358;0.9763964471656927
0.1041395025139138;0.7652874465934151;0.9274623478054804
0.119708701227775;0.03625713709608103;0.43570666807506186
0.6121845815037075;0.9830223471524469;0.25449054205722865
0.13536643557091255;0.009903280960086747;0.1771050413440226
0.509158557263346;0.7828678163028795;0.22075323697936777
0.08278480464745575;0.2917052724150824;0.082490294752816
0.9830162054306203;0.18215583138264146;0.47109972490566154
0.29422864008922844;0.13680451454363007;0.5227710177576124
0.6921415044000939;0.6401716753839856;0.10377205273434242
0.33358218451847155;0.4310602564282955;0.9575637769476754
0.14531867419850086;0.6496972760159943;0.6342086157194484
0.7674078181824491;0.8957696172636039;0.17585033651630577
0.10321940945390429;0.12485352440406827;0.48776808489009327
0.5842235912353306;0.07169991940085585;0.48110468589685607
0.614437779296231;0.9997190947865416;0.7792262694877553
0.03501976179665811;0.48997786588290926;0.7682622256995567
0.6454670174235112;0.4252537106344698;0.9769406268247852
0.9419937152968036;0.9577599542592348;0.44863590799452935
0.4225249835853371;0.7541287267812337;0.09656938932252324
0.47591742142035176;0.4914917501276608;0.8477158308803812
0.1160814830275142;0.1505488304976378;0.8343290996721453
0.5498081470998133;0.9700357386751741;0.8936690925564006
0.8585167270697076;0.16713717447011844;0.6616806441678752
0.37053535096665313;0.9192099109277098;0.1612163148038832
0.5230433194580952;0.7899531222213381;0.6145217320308254
0.7118434219336162;0.710083373041398;0.4201329095773574
0.0739817583628567;0.9871986938045532;0.22204214845834946
0.8496887400638558;0.8557550667863415;0.38611468570895713
0.1984389986626598;0.7161233819239904;0.6842231047087871
0.11018255696356383;0.7657518231375434;0.8225645103172602
0.886711495532016;0.47026313422203847;0.7220784642997492
0.9481612844435593;0.05847168351115717;0.25427651464131695
0.315242408866079;0.8181129347055986;0.9905058983631586
0.7959131005916661;0.7637277529306649;0.12846629785373964
0.34243967578281276;0.5797947987659605;0.7113541729322865
0.3715190278946743;0.273421256967455;0.36352929124377587
0.47244536419049865;0.8002295934465505;0.6000832304819276
0.8688967186996583;0.6679706715500441;0.06297249335428134
0.998763530871297;0.6776581395678241;0.0552045719367954
0.7929149505020233;0.42924387603304437;0.47941385916921264
0.18984358416669211;0.6661440559469172;0.07411208529799318
0.44404268178057427;0.30894951528738734;0.5606743247017694
0.6674107885806752;0.4539433699512486;0.9565358593444312
0.23123591918904696;0.3445175825018608;0.8463170661007934
0.6096133032452917;0.8021695956576288;0.1710516184432609
0.004743620693608341;0.011472901241533884;0.7163339252221532
0.92768269763775;0.9109617631645898;0.1876051177637017
0.3654086079974359;0.4697201588923;0.04809662183239671
0.1670114532080056;0.22109070721648216;0.11181532322843546
0.2554408861830565;0.6919188750565697;0.9367084581917527
0.4167906196629325;0.3955285177234724;0.511687676584178
0.14357043201380015;0.9268682162299816;0.6058528344639397
0.03167663159784484;0.9526026703068009;0.20690136086848876
0.5713642403681544;0.8296014020703462;0.9769408462668046
0.8928125103654767;0.4665590588812004;0.7998781316623429
0.34674308007652266;0.5877258771978182;0.39885617882827806
0.43244086030712325;0.27715562232874447;0.7041835688217526
0.5391848930041764;0.4383858180571425;0.8205774265476624
0.6760199371620069;0.247826307282065;0.8922822532126471
0.4320144582112073;0.2910412663322013;0.5480245316288079
0.4952719286937025;0.826391711929927;0.41392723866067904
0.7802683636647123;0.663841818410776;0.6876034509170846
0.09710345017421718;0.4638044650238299;0.18274223610908624
0.4027471969593561;0.29729399625390995;0.8077382984567575
0.3303193228709149;0.24036843445771694;0.15981602494699276
0.5842612530297703;0.9293968767275922;0.7737857067480797
0.32063983742049695;0.2447303089667744;0.964670175231665
0.7773342058988476;0.9652530715718687;0.6385395428160227
0.44215969858450144;0.8258045407193915;0.838561791742905
0.6433546514289834;0.42533306388377334;0.09120757903038434
0.15326105401945556;0.3456554232346566;0.48585121329879577
0.09543837872971739;0.8929088045827779;0.040333901739467604
0.896729659425872;0.13229746986544044;0.7899331252945863
0.9893476934015507;0.6255219717281287;0.6378640678593055
0.6178169366049303;0.5623910214458441;0.6156187224569689
0.07207884789642494;0.15107330937376262;0.7364888041213069
0.8289180053915596;0.1959717939708826;0.43744767770512183
0.16886528114307942;0.39482848158172945;0.9142517046049197
0.1235146251648016;0.22637060444066925;0.9471182062923638
0.982813724866589;0.822722869431177;0.8722420006899907
0.6359098065751235;0.7346980686815966;0.8837144908358764
0.3131018850256315;0.13415502527784706;0.7902158186696598
0.8169659312455323;0.07609883445824295;0.026524520781645022
0.24115662731783782;0.9365932243780065;0.7912478361153209
0.5104159263366014;0.854379279146526;0.12948909874924774
0.3171968856803059;0.21915983483943902;0.8848080282012003
0.9434691794034054;0.6714542222047639;0.031899818768593824
0.8129670072670239;0.1401560977836418;0.13244133796537916
0.441609583503225;0.9122744966128008;0.09200051341672444
0.3690674164733849;0.7734656745773525;0.20572899926815424
0.6027146047065863;0.11189350294608524;0.5851055144459995
0.14265467491194794;0.5808189275355374;0.5641565673361751
0.6969016232059684;0.2372501332520477;0.8268026517998052
0.5850898285359749;0.4202117056928738;0.20883717158339965
0.6766199471771137;0.5475537665128164;0.7411373704982609
0.3897860743786542;0.643393583021652;0.3032378790479979
0.31521789118779453;0.42791733648268926;0.636834500402684
0.5918479647719151;0.6803762222464749;0.1655273622978337
0.8400063566595299;0.2524940848932802;0.7210990500871542
0.46159810478495633;0.8208849313769822;0.45855230398908065
0.7930723755401743;0.12917390736343082;0.6778394199354618
0.07260104215510799;0.7642072429312514;0.2946861947900149
0.08040068842014236;0.228120965829112;0.9427886404649777
0.2764036989527877;0.8353675366441335;0.7761616629416932
0.18897800407142873;0.36153908070490726;0.8861077512472773
0.6423543253852833;0.5565530632850513;0.8776503150002357
0.30001728714765863;0.219757815410493;0.172417018809493
0.644847712858979;0.6091927207565784;0.5076271555715923
0.7360950247709939;0.13088333719100076;0.1707256711832129
0.5597106043834125;0.4212944248020516;0.6287481731355762
0.43650036008854687;0.7938578693262676;0.6016758752940414
0.43908398739697807;0.4596494674677344;0.9755486810567962
0.2552490439463626;0.5757763038526788;0.5186961947092987
0.9746802880217114;0.34676344173059026;0.2253533568843492
0.7128749786641537;0.7773148792506288;0.9433341420243795
0.11569670327829207;0.8926214336315653;0.5954684194000259
0.31232078120364604;0.32875663808225;0.2614913951817114
0.23992901571694836;0.9608989029241952;0.5928340841228297
0.0775309389909099;0.4684514690654462;0.815234757875388
0.1495373164041136;0.1095050682831501;0.32190129733091133
0.07788150860468701;0.09854983014171959;0.617591244935148
0.2557209202013415;0.06787159735616177;0.9418561704864816
0.576979721610775;0.22076571392781297;0.9969586165801291
0.9577962498344464;0.3499246137683292;0.24948428709403814
0.1941386077983358;0.9393971428331532;0.9150715462220473
0.10141234259438459;0.9295995392904166;0.8935258566499873
0.07540634301890281;0.8838401822948612;0.36656436325122876
0.8850837237288162;0.953934708497423;0.940194463039446
0.19601944426756646;0.08628120813457274;0.5371052265925429
0.13299852968566117;0.7723473718667081;0.7774699544049152
0.47370251193333335;0.3815434214249961;0.5253428240360581
0.48328607567694193;0.612704079880223;0.7190058207458094
0.2639717214371947;0.6322570179154499;0.5608352832732817
0.92091331960019;0.9342788126281218;0.48712134093555903
0.2725944757372274;0.6278496859792704;0.2993132925733919
0.7862984292340486;0.3605828067517458;0.7786939345037245
0.9745681621902772;0.7197391976778892;0.7861278433055121
0.9871526752598422;0.6746771957953097;0.6170602507177629
0.6627062009384044;0.7107284252007082;0.5418903824531466
0.5410307149688526;0.6604803822237224;0.3667089755859284
0.04338524567201962;0.26700052261485985;0.7818843275207912
0.4139771601384581;0.3058331772351167;0.8965755966329082
0.4414394040169184;0.7263858211837173;0.3906189219989087
0.1806156991190071;0.6693600631265952;0.5587299135106791
0.050505712681324644;0.4861441752343686;0.9093033167243414
0.8224864169651711;0.26598897332093185;0.6983126933292889
0.748888133400363;0.668040791293956;0.994461847289216
0.44751858828109325;0.605491956236331;0.39970442135550044
0.06378466763348223;0.5659565852172204;0.402088906242813
0.150408197181936;0.5434385749460001;0.8506263186852846
0.48895369848498915;0.19050945744750736;0.8729342894455464
0.27327190674277224;0.49338156255830856;0.3051611245947474
0.5839328491299117;0.16996233712353914;0.07972502722200736
0.6568045713571395;0.49015750917875545;0.7729120759971576
0.8211183927782097;0.9280464090964988;0.9979455426171164
0.7509966637238245;0.6887735351721183;0.45192558701858754
0.2564789950913029;0.17715887335826042;0.8202821171577377
0.25775032587873814;0.5191812006486082;0.8678490850035182
0.22331120125940918;0.5509942851309986;0.2579770757260207
0.662465185102831;0.140598730379626;0.9204256870547264
0.10968646614081312;0.16404527654890178;0.021280586875869867
0.6949839952401109;0.29254877894246667;0.4336938664610306
0.0729005901401183;0.8797994282730094;0.11235202461626703
0.7436889235448408;0.7973559221991617;0.10479580037695824
0.8460081290288238;0.3394418987026776;0.42875103008512405
0.42666116920300845;0.2525866013375606;0.2510717396294495
0.30614905593818775;0.22077294469199726;0.040156447475451884
0.12118648981446856;0.1349849863278817;0.7664750725097942
0.7334683991679507;0.3404447478097413;0.7085418924099912
0.7795735336218089;0.3005129697460832;0.32700022387158756
0.4256004677690838;0.6602503668569466;0.7972983105610553
0.11814555451931652;0.012985026539713451;0.5198504201536792
0.9228119270081075;0.6250896021236642;0.45183406280121485
0.9241607318175474;0.3791997073298181;0.023222257125061985
0.4727959547492532;0.28361352264908846;0.1254108035354471
0.5354896690902711;0.34759649908199464;0.9361049223572454
0.03144133592466203;0.5233534228591613;0.4079837228849639
0.7344692937436696;0.1016458920186597;0.7172225242896514
0.3517408966543588;0.37709271807109956;0.6107431817584547
0.24290071103137711;0.2540842694534504;0.4358513047471233
0.21751400367978846;0.9671936704048286;0.6724382609289675
0.1630437914477667;0.634758114382852;0.7508425005875785
0.922647801901154;0.18277379012274497;0.3852072213422165
0.24820273376240787;0.06390359893141939;0.02750749529850105
0.5087693848618737;0.47382803604049484;0.911698961608569
0.2518227577897044;0.4894036362720424;0.3514316450477789
0.5854939785148375;0.11564349863514578;0.7700334309908344
0.9776853173117667;0.15296277281691717;0.5651063258899838
0.6367747767695592;0.6044455144322415;0.767702874777784
0.5454297459395427;0.7299726874503215;0.6818568175700885
0.42900122673717755;0.936572358530794;0.7071998319544754
0.2671359205837759;0.3326654666656529;0.9641383206177431
0.5372325910646084;0.7973857924914972;0.5123966837902465
0.33503753808893144;0.780004447164429;0.11766351663027264
0.671954336819784;0.7725179139495687;0.08407844217869065
0.39126798661687956;0.0966296021232218;0.021380459713610134
0.6487370935766873;0.968181965939122;0.091085838036839
0.5891400091803715;0.07357239401953108;0.9503071835830734
0.7937841161707526;0.904652939782049;0.9576591881743273
0.9066630885929332;0.7017229118921534;0.5168696423294588
0.8498968922551262;0.7560171270594478;0.7988299097280663
0.19218576736894766;0.9986201338922254;0.558790557370338
0.7630210922729616;0.7615427650971842;0.9898648294429153
0.1959161921511029;0.9966873315869189;0.984917089116568
0.35918733620340504;0.8926073901860154;0.5338077697320364
0.09641880122565305;0.7643983277932529;0.39881315958133867
0.8671383082285371;0.3232878562228496;0.08381455619284384
0.18549523556032155;0.9859582785735396;0.3977059623140682
0.23945686546335843;0.07317830955125293;0.07105427632089623
0.235421794238996;0.9908269787574703;0.46689769047338314
0.8611309350670883;0.6886121832114549;0.243902554879752
0.7951209893910396;0.14409223975907337;0.9179586380714243
0.2635037794003817;0.3788871817599977;0.2809790769721703
0.11072616243159306;0.3824579915184231;0.3321092611440817
0.24358018136862813;0.6897536468267036;0.7487346891995091
0.4441670029668925;0.6612632819751529;0.028770799384507773
0.6384136268041422;0.6076108593756125;0.8084598651103553
0.7195628045363356;0.2189237610743786;0.8280521988594256
0.5691127278016945;0.25745581838996123;0.15196047949183256
0.17881062987699614;0.3074905711811732;0.12376515506631247
0.3321835539828957;0.3130339772295836;0.8020558830756669
0.8653570334481586;0.020818582786841233;0.7680758224492725
0.4374148874586745;0.08753554750059866;0.061047769700474874
0.2808908938728496;0.718613326681888;0.28217982473393244
0.8328291263270418;0.7542770905048338;0.9393454064419731
0.20734532935164207;0.11795252547659274;0.6849179004218804
0.8873277401642975;0.5083347968051077;0.24803722437454578
0.4841746963726309;0.08105718782107463;0.2556963928604077
0.9571277442820267;0.7893334041418468;0.0943854002022988
0.6114970644638569;0.8578615606393645;0.21809553396484826
0.9011846507352753;0.739818107879171;0.070956650712376
0.9001381417259064;0.09902013746872773;0.5172982893804929
0.5443257842725182;0.46072265876319074;0.49847635224769715
0.894418713068117;0.8794654006342406;0.322134581798154
0.3375779347521001;0.9637693718974875;0.32588478658676556
0.03771567352226557;0.9570507161127749;0.8417234184334297
0.32012809416284904;0.3724582247336864;0.8848878682141736
0.16317277758885174;0.17047855831590286;0.8042607093403922
0.8375254947704431;0.7009223412690022;0.256528986735281
0.448786039704285;0.32339421022667947;0.5344934439858429
0.8114579370821157;0.7041193731463572;0.6047613795258908
0.413477708979724;0.8609625486491748;0.9634695281682282
0.3372734407152228;0.6928806154663014;0.1893409957522233
0.026532729051279125;0.9317419786665391;0.7386711733628342
0.3208657063939021;0.6096689087721372;0.7572514105210846
0.21002921392863738;0.3334153361328779;0.8517529611418773
0.830732729064096;0.3390727353498073;0.5827244660166959
0.5655134343675934;0.6751414811455247;0.1892759157172994
0.14776048884666215;0.14802077476637776;0.840280740766175
0.8571135830352922;0.6833353928718953;0.6596336688440211
0.9185125530011042;0.4198467481329097;0.5047465112310044
0.4600683539083209;0.04940341480840027;0.06275106821352017
0.05521969757622458;0.1837285108554173;0.7747389936015715
0.5697080222823931;0.9660581619037385;0.13834805832574615
0.34372876526972074;0.012115114376832214;0.23792464415523173
0.23106400806383587;0.15186285793002252;0.9874933315236518
0.02454592562877489;0.24876993493469157;0.532488756676031
0.7700726175668956;0.2550790770873529;0.09817069117520927
0.24841394627343438;0.9661554267268877;0.3557923691158785
0.7845399963752959;0.03253441200187357;0.5607844401234089
0.5674682875885565;0.5940254928142478;0.3555044550750479
0.6527950416497479;0.3570840954165907;0.6784268890790867
0.04855741169544858;0.8104754272784305;0.8033303543993907
0.19749867184790937;0.6723793715814769;0.43469766061129433
0.9941340106729541;0.5519215439984589;0.5440533777629312
0.7802000171368753;0.21981509586092174;0.8200839371110457
0.4085536386962767;0.892965889550775;0.40928776366158426
0.07835969505146234;0.44267084348640084;0.7183614149941268
0.8826521726547368;0.42155986834539827;0.9674420569632537
0.9776532409888188;0.6414481408764318;0.5977643410228287
0.25437851044433424;0.8598863251291209;0.16819257351623196
0.7505113373057678;0.2310301730728479;0.2919991832436313
0.39965609199428476;0.8040375078741413;0.7476614721854692
0.8345904435021454;0.6653432799722321;0.45182110202307746
0.3760037002464043;0.012137482701614077;0.5940629685452283
0.3076870875513431;0.07054018730288125;0.9335955328131486
0.6906356593336948;0.6045601725633161;0.9075321331203255
0.458084523954451;0.8028597630003351;0.8228581711239843
0.7009737237880201;0.015175170575071006;0.5540054590707294
0.0708492486348481;0.18984423186133237;0.06680158016796522
0.22135338783224967;0.3649636392425535;0.28894101464924016
0.5076981619624027;0.9964476911508753;0.26236312820510943
0.10770479672436828;0.6831317725770418;0.6397721402752088
0.45517052423424376;0.15051161606408747;0.8121546859155678
0.21918255479211202;0.13045353854057207;0.2624263867907284
0.7326968109994878;0.7265992988400262;0.7794900564323123
0.9092929873068276;0.037608185504818814;0.007489598776458495
0.4435887606522383;0.2130233177970957;0.4177684338229172
0.008977350094464098;0.3992681657571764;0.4570511357183682
0.48982881491506636;0.35009207066038806;0.8490460772887752
0.1434448407823421;0.9018225277740162;0.31414384446803423
0.8336176390373676;0.5581121804779412;0.43853565775841385
0.7538195276060348;0.814754334222474;0.21602370090686362
0.7205499653186674;0.32478173468936433;0.13920809842746096
0.03246751258920866;0.45775337342128064;0.6060991142673052
0.9913193858590853;0.15820128641472797;0.35945371269549053
0.06773773161474672;0.6049427906264522;0.49871821159910745
0.9307370311045178;0.25328566712819656;0.9494390113350005
0.7692193852405924;0.7708468843797202;0.0823855180263443
0.5376422958943052;0.36273759753866663;0.21362299023734432
0.47750414180062883;0.08435887035180267;0.362938056441796
0.25814139526478874;0.7417310355516623;0.2665350203285147
0.907603134366222;0.6679897459187591;0.3998621307884517
0.9298631238367632;0.8407910455077796;0.9770055031640341
0.9714078268857065;0.20817344539649663;0.38265102360376346
0.6196450651040297;0.14948340396472848;0.1253858253920146
0.8708414170815847;0.9500042474457854;0.7868141402150709
0.7987232478932246;0.6448944704540771;0.17626535604579374
0.5119166205981657;0.4807015311219637;0.1269243176213154
0.6944080334368076;0.918169257242394;0.16196583003976295
0.919796753511404;0.906165972156086;0.171493453174564
0.8490547062208513;0.6187227227115955;0.5497309735533868
0.3276911171289466;0.5774137609549644;0.9197061242843618
0.07406171494118641;0.22447739162561675;0.9445708759747206
0.9426868247412165;0.7132985743793298;0.20068154544762096
0.8543514325881412;0.9691805911473297;0.2481951378932531
0.5988581892130692;0.18937174697725112;0.6548553091637223
0.6160161084790311;0.34255155523486513;0.31884914076194704
0.6214144901672528;0.5067877197130497;0.06827540973468116
0.39853659001191466;0.3363769823909948;0.9484234928826594
0.2018195798794672;0.4288532315615927;0.033853488871088966
0.20586591598988857;0.833219351184536;0.9367068561194407
0.3474799720298227;0.8201896783759688;0.9711222576126
0.8038512381519505;0.4292044948619256;0.89591020038378
0.4596616786792399;0.45290925124704584;0.4400117786711757
0.637387269047781;0.034992533560592176;0.034843792923289874
0.6345809504239879;0.7486766087136223;0.3318345654769952
0.5616676397862929;0.48994342875836505;0.07022091549568554
0.011485992754436958;0.5268143307406552;0.41426813075289703
0.39610269398556364;0.3851671471593049;0.9641842944543854
0.24111857019561833;0.5709248377565526;0.9009932797053892
0.001576510146016119;0.3012451117754038;0.6582765794193339
0.8685921432620524;0.10704555823367512;0.9314263102579748
0.44027003694708733;0.6396987350297685;0.40195363890965674
0.8213026785702207;0.5064698920423611;0.05342882248227243
0.6887607570307649;0.7007441752522723;0.03105760322269213
0.44743821899951075;0.5305957146739418;0.825379896816082
0.5434618778037027;0.7097584274852997;0.12429655016518071
0.16264100601929787;0.05667501618058124;0.9371546824823365
0.07656361634199771;0.1820207401479087;0.3203789649150284
0.258947793033684;0.12783450698071053;0.007361432214939678
0.8823509853754758;0.13103649478787738;0.10253328075194901
0.33754965712651763;0.42969071550359483;0.7148886481409
0.6108858213134875;0.07004026879344671;0.7617759377014051
0.10767268752912906;0.2500165274851137;0.5064009238496936
0.8393951848427583;0.7921557017117429;0.5549482637255749
0.7318055031683692;0.43310761651249585;0.8557992676787786
0.21501618736103711;0.5090811731850325;0.1751217865856246
0.7996429275819286;0.03023842816066169;0.6660717200777837
0.725920883021554;0.0062211830693641446;0.5296081287395451
0.4572511675034475;0.15065083728180007;0.6115966660664108
0.12120743368985276;0.4786228483137136;0.2289526211449383
