0.5524925535301114;0.6624041987191264;0.1294925095886551
0.5374934408609418;0.7341607522084003;0.6934024480092956
0.7680789450717123;0.05807328247963084;0.96259461006605
0.6602522131196515;0.2419794518105054;0.18413537288684478
0.8405221285446226;0.5486752676161417;0.945212096931282
0.6828196507950322;0.39083986012296534;0.6849581019172141
0.9128395634642659;0.6158039034968248;0.022280278861249614
0.5623783336059066;0.24156863878012613;0.033845889348755875
0.09702945426404697;0.9114653675890182;0.4031661010228921
0.3371117688426576;0.49324218527169406;0.7779708859963219
0.17783092733409656;0.9674125471093256;0.17342051639665457
0.9549266389603156;0.6745527917425499;0.649683902414256
0.6745028739253127;0.7090073042033634;0.6148939067408976
0.7523536185224048;0.6669409300967637;0.9997689255613276
0.9760931385137291;0.34044538238968935;0.2442901080669445
0.39575912679405645;0.8704311372589179;0.6439981962471563
0.6093330854845912;0.21322507375718214;0.9509928658187742
0.9140069389704163;0.6190743883969154;0.3154157437194042
0.5091663220366714;0.6939402758862678;0.313538047805466
0.33093301985814894;0.8788421116688722;0.6499584228183292
0.29465352819368895;0.14844817643100272;0.27395164426990015
0.13775434606459858;0.7313073558780785;0.08857926758451906
0.9729193051534907;0.1406876412725847;0.44560026711651735
0.6850668104850818;0.30165102329581217;0.406312553679539
0.46981067399346166;0.0957661628136629;0.6241521699041452
0.2723025718404718;0.15214718599321997;0.2912832518657288
0.9393645209645429;0.803160809757776;0.10614099168733071
0.6339031369192797;0.8007938104895556;0.3975395272115696
0.29465705223977967;0.4910100291236107;0.25890635392965833
0.6329588541394854;0.6021752707212419;0.21978956763774016
0.7787918133401682;0.5250519869627381;0.3638212078870219
0.5021920339916869;0.17983752715935197;0.9846778981859406
0.5771491273967235;0.9263949717797179;0.9630623420294956
0.5361866997288918;0.06306516638848292;0.2164150596278518
0.752319163049599;0.6340793963728072;0.6080325533448644
0.12920914889998558;0.4544027092088111;0.1822046491735574
0.05658572413386864;0.09717259187036775;0.27860197365948836
0.7921856090799224;0.09699653700022537;0.2899100696927248
0.8710843297728051;0.3145693212287719;0.5563903888956113
0.1823859117814043;0.7887346645657343;0.39077205657320824
0.4780219322803775;0.22901258176552308;0.5416948823086306
0.057589734855116315;0.9703295464635514;0.8125278058417799
0.9675889108045466;0.20601288582034727;0.0007103449445020615
0.4552907932309308;0.1787698516258832;0.7397178718612416
0.038123971259520606;0.012351461561357246;0.46305138771979915
0.5116931772306321;0.9080457179421474;0.4155435862226985
0.6648555120603409;0.3282666600017724;0.6765481312373381
0.09593021885351272;0.769372917461435;0.4155583279672913
0.14306197172169777;0.6158418770600729;0.7203363100861162
0.8959335332781949;0.10071946614569627;0.09653987170541067
0.523727292103145;0.24028796823805032;0.30000278332930186
0.7244466294705537;0.6439316541817528;0.25624927986218093
0.9958800926471353;0.8806231396064403;0.022318486294249595
0.9374611756860405;0.7624284906668366;0.9271875475256824
0.9288821105776602;0.048936893071117815;0.3037885375119175
0.3323313104441279;0.2113370081740441;0.6331582432580307
0.3509479428427179;0.4940182287336803;0.2664751060991011
0.26888510948642363;0.5323050396993685;0.38350415715821784
0.602279009945988;0.9910427367186925;0.23676968515382546
0.12776596829230658;0.03583564102767656;0.3620980741970462
0.2659218129247969;0.4624341470468476;0.5235740397425149
0.5057642602340932;0.8083994360209381;0.9411949914138458
0.09632989004555881;0.10093627924680448;0.36833298174213003
0.7458199952561915;0.2902195074645575;0.7246068442225008
0.47451841644449777;0.08759861017422399;0.11731616729078043
0.2070384438058671;0.5659921621326882;0.41009615333226
0.09429685066050719;0.4203890111436772;0.2779235664611933
0.5902077260539593;0.48164066700563535;0.44807597931472887
0.5259388006115651;0.7578119792420406;0.21500250933106313
0.03730418354399723;0.18696290077996702;0.3794663813039296
0.400780948854366;0.6315805034199339;0.152065921375511
0.9887893716123561;0.9544859022382476;0.20551617826124968
0.44736328281108007;0.5091519109349967;0.990890865498264
0.8561804930863118;0.34797926175292204;0.9812886103326687
0.4415691207303407;0.6386709592064715;0.235235906957443
0.13665765498867843;0.066165144585982;0.552241650912403
0.4348254273047838;0.019207822706789224;0.07626008514868532
0.35334609354323543;0.09926754790743031;0.020789053381652822
0.898249692851707;0.32873233384129685;0.3422599937887365
0.6360045163113005;0.47968790127983274;0.881512639913223
0.8513896678637795;0.04141616281330984;0.8737820672272447
0.4574138378280128;0.25099974913836354;0.17336949880167352
0.07250476565824926;0.8793537496504941;0.8211733466227737
0.7045431973455337;0.6024235014789685;0.9638876210553168
0.9769597539127597;0.4985450646093583;0.11617352242907464
0.04959371630132303;0.5190520523622651;0.13576683933223344
0.939114111137896;0.4195250116136793;0.8957917868594175
0.3562618037017652;0.6910327285557436;0.38091954807771833
0.34503774379141094;0.6823993349957903;0.9347695749267929
0.544441239947482;0.38169231647183477;0.024201606186907365
0.5944183347333617;0.3235516117074798;0.8590948689698376
0.024637427719198746;0.2930541538446093;0.4485677162099557
0.7915080705550741;0.5196673348572747;0.5619118250626002
0.9010968171044285;0.2882257570618305;0.7829546257687291
0.7029360653947396;0.7305041585537168;0.839691737446016
0.3443890046733763;0.02944108293915737;0.9773662832612536
0.5131270490079728;0.4268647752907829;0.7468625013666704
0.9569316246952593;0.9968007452395085;0.745380622770751
0.585711773296761;0.1264428009385834;0.6123793747484273
0.53042302867819;0.24713575407043264;0.32853207079544444
0.3313715873479176;0.23274333466756436;0.22271813783911476
0.3857869939553559;0.5852224195619637;0.7085929264963128
0.21162924249059623;0.19660338535686228;0.59013356445483
0.17265339872743313;0.04807861942156699;0.5001644176197139
0.019422984451445746;0.28653704953516923;0.1282118657303386
0.8976500236095428;0.6192062671317058;0.2551702806898608
0.432816458708822;0.49307396774427226;0.26728065895366315
0.10320791164267584;0.5187797896109635;0.7159626673228057
0.8264697113085762;0.4543662622299999;0.3460903295735144
0.3489517550020004;0.8212547089096441;0.6766226832924658
0.41522473735954735;0.012562569366510568;0.7938287823926939
0.6478212384501661;0.6635522524611789;0.5169473305171269
0.4334954936201292;0.7126049692962829;0.4274401632564112
0.07807083331305509;0.43212168533033823;0.4840460977426013
0.4702716957196057;0.00033707512758374136;0.5391002458131047
0.6510403099897367;0.7079311901735884;0.355293466502404
0.556984223527088;0.3281414258434968;0.669007978403701
0.39423611015972015;0.5448656171098829;0.02028978477350274
0.011765400364011747;0.3978091862017066;0.07753672318297078
0.23316930704445338;0.2691049791077321;0.9493812727737172
0.7198520654069086;0.0585115167582152;0.000325206704511527
0.12069496786365952;0.5130239044396845;0.5126396150661493
0.9755209377633536;0.11651445229334556;0.16098499390528653
0.8465499952393406;0.40020232798450106;0.9935223290595638
0.8941616203945356;0.43378636076242294;0.008888955252331687
0.33467814854480415;0.022850574018036585;0.30262279312858353
0.2335403075662903;0.22021386524114928;0.36336993962812014
0.10034274207709126;0.6721952326769871;0.3269155608484613
0.6305134900087505;0.07108677856200052;0.3921534388542264
0.503248084263928;0.6507844775125476;0.9161807760425323
0.2597902683319596;0.8238757750871945;0.8431543865963981
0.7620258961565008;0.7260663387391236;0.5357792789685965
0.6668225848476516;0.14406378561267175;0.6894434483614709
0.34598208550616383;0.7308045297488552;0.7007037915960445
0.09042707475743328;0.7169215364139621;0.5108996589052276
0.38353402032616724;0.7239765172500509;0.6491909784702256
0.09480411801407829;0.16350652040282931;0.35453862389966295
0.0943765580790632;0.3241506069654767;0.49618645922460536
0.8795622268588368;0.10059950538531459;0.14212288570290865
0.35543751804069335;0.4283368935462776;0.2765242257249866
0.4017533607278587;0.9991256272222627;0.09191937879484346
0.3182677590491675;0.32588297653063747;0.4514614707813134
0.6510787255736885;0.9559574776811302;0.6449255054305898
0.9543930752597185;0.8291877472265569;0.1526220106146995
0.09142924267858399;0.15011515356263616;0.39899812051068395
0.025620618205171475;0.13199646897776807;0.16596243920039144
0.7558295710811863;0.03506018104594433;0.003625935876600872
0.15504010279936298;0.5199721779274911;0.07343488495724282
0.7785225854627797;0.9242397835326871;0.4398826516957449
0.07636957666169919;0.34138538966759946;0.812710986707369
0.8978528027511513;0.658968150854763;0.23862046384626545
0.3406499120511308;0.7318079848726914;0.32278510411478156
0.9245067497674467;0.76614738131049;0.34833699050614286
0.9001326277719423;0.8323089346108752;0.8820256932000158
0.6584671716756455;0.778673205877163;0.6735508251552693
0.6594315160761748;0.155558963310098;0.5644103150842537
0.2954055289126558;0.8892389383686788;0.40361757123447695
0.8011524427921339;0.03375731227748868;0.27583918692986664
0.5508167429247341;0.03437881831812273;0.8140280463951167
0.5671467412938717;0.07968754077795681;0.9211308950241536
0.9217394959640297;0.963054151646003;0.2119740753335586
0.665515436947446;0.3059820752793081;0.4084204822041977
0.6780749441731638;0.48408268310989544;0.304312288526673
0.16232205383526765;0.023086962634541908;0.657035597977372
0.7430031174054599;0.8676666009986478;0.9058997602879657
0.03610147883258774;0.3804388181060657;0.7150017490627926
0.511251040664132;0.3232230344902537;0.1252993190593117
0.9066733624045296;0.7129197175214135;0.42158327723918765
0.7425984316045532;0.951485254848943;0.921926155756697
0.047032789529366736;0.4610346454989288;0.972364639032549
0.7541888835811922;0.9830059519518195;0.6492299911110644
0.9971017682861466;0.5008104868492771;0.1394562566594706
0.5966814872323732;0.2848677575896712;0.9970605015000955
0.9830410595923847;0.6664461865312071;0.9554267362466997
0.8000949118620567;0.1256572481168392;0.8875262137819661
0.6224395625281001;0.98972291210404;0.7493877642121799
0.9762658665869871;0.7595407774898446;0.6702634452858319
0.8957181787554561;0.39251770454430357;0.6765146159485492
0.5469606976478694;0.5311630649634942;0.8538465108990826
0.7124729126568393;0.5305640183587399;0.7237224043013653
0.8316589922283115;0.345618023527825;0.1411115691885514
0.6893047046707929;0.5527782742694042;0.2026058209949093
0.9199095690807094;0.8956939716060327;0.33373436668725553
0.3481917156199863;0.1398400475511249;0.5006609892774798
0.9800862739260655;0.8573304740862276;0.5340842597945987
0.2793770381909413;0.7236704986476782;0.18507407181680247
0.016817241513099157;0.2559163218977747;0.26655212622616964
0.6920166668020988;0.15584648368494236;0.492804299088739
0.6729759118594636;0.06469678641420407;0.6922872993663683
0.6143295369919576;0.2800656933464202;0.7188181120133912
0.3257625302419853;0.823334423146935;0.2913317544872235
0.49210111592567796;0.1613165378161997;0.5492729383644652
0.7530715277690921;0.013493911370083489;0.8116150787090076
0.39773854367285977;0.4094826945632599;0.27343686104127385
0.8542968125165433;0.018663516464319407;0.19248680993520373
0.9675834229947895;0.7865488175530782;0.2386155826405918
0.38493831400098943;0.04203498058428423;0.11724199940754465
0.6467999860366922;0.1623333301002;0.5430438820064007
0.9725819018974041;0.07079220205092118;0.6132852718909411
0.003165502047476232;0.18808463865058245;0.6891111867238608
0.13310611883751167;0.677965747569201;0.4681109648609231
0.7841988377070935;0.077504182403347;0.6652737702015087
0.5390213848309148;0.45600902895759343;0.1661410830393827
0.7031811585700881;0.5769663060521923;0.4763409356310754
0.08450804867615058;0.09369656630809198;0.11039613710678375
0.06770272629605001;0.48985915806966784;0.02620648750715504
0.41473318623096567;0.015488110687943757;0.45316569455498756
0.15874672095515097;0.21273803469575958;0.10341770106331816
0.2650769565802591;0.49402209557788823;0.4319654895572882
0.41510541329123996;0.6753408933757546;0.2829934233765774
0.5945404298143473;0.6099730114787874;0.7098998385653017
0.7447093954964432;0.1116910850045949;0.12118254466533196
0.06985343515090536;0.6208989428685668;0.12398219543553957
0.3012519774347103;0.5279526628861404;0.0761104757178549
0.7084428580535358;0.5748951701767127;0.8011983045202274
0.4900839455332273;0.1726770233434134;0.19131026542940222
0.8355031668529549;0.945683783892604;0.9471341852096292
0.695135817634152;0.889008429386802;0.18273508965673613
0.3170934114955172;0.3869121320017992;0.28163824135433113
0.155171654387671;0.8606221545473808;0.23993899845969335
0.5368499449304239;0.6881629216503835;0.06350457577751634
0.8920371741583324;0.282866271942238;0.5354736648724017
0.4705685363740245;0.8107678301221366;0.24304054963948607
0.06814829918358456;0.1332347421517378;0.8952615409896737
0.8303238532675206;0.010341407226917454;0.7109265625665827
0.8966069556304662;0.3398847911798658;0.598848022126355
0.20046639988940596;0.9009493774543207;0.6782481820101447
0.18270991560562877;0.4477153320297864;0.09978184962693548
0.3101561781885076;0.26499772602444016;0.23095796490280696
0.95708590601238;0.31936702215553425;0.994859050808261
0.28739985353196784;0.9271567731853029;0.27128020940112063
0.9061294373683465;0.7469006246053208;0.8862291003932866
0.8001852328242903;0.862470510591793;0.7692565190670193
0.7754691114358335;0.8972419452319083;0.1934311148745842
0.9223636803733705;0.9837145368704591;0.9949855020225602
0.81148060785975;0.16105388511067997;0.7759966031960236
0.565392196051697;0.33165098177020447;0.3197784089874953
0.21652246686642396;0.8748261134620525;0.6475968784821481
0.592530512401258;0.14982554455328767;0.40937806767503837
0.21480401553171524;0.8029497715396222;0.5319996361147978
0.13599518680655298;0.6050006776721271;0.679006856149653
0.8460316597306635;0.8934540480926935;0.14521559955145535
0.29240264860907983;0.92015299391419;0.42977017423002095
0.8703582386231657;0.8080365080397819;0.2235719974138306
0.8047792474123946;0.1419204559901679;0.679887358885987
0.3446642537380703;0.3420963711692835;0.714139566951389
0.3692063130459815;0.27977641953659904;0.2875878025908748
0.7796780414897638;0.8064867676832636;0.12852515204934578
0.3408534673879451;0.04632732491934555;0.6148918914519171
0.2886144984543223;0.3594295884574812;0.7040705728348244
0.029541596915337975;0.20985702719189359;0.8088355344327209
0.8322837001384906;0.47240493473937195;0.6162698889377451
0.6222660476441586;0.646904624649719;0.24946180053026423
0.6886141254108643;0.7448016682650621;0.8297461488319694
0.8315355403789004;0.2242598900393683;0.5811299835466153
0.44432871809842556;0.2687707374612819;0.4238560275882559
0.4600534317156879;0.9556606519792111;0.48707331858204284
0.9041983204077955;0.7180321965476033;0.11307497672056877
0.8152247642966082;0.9424644008440767;0.6204942554245434
0.29347213208577405;0.8123702902843485;0.7371765317505017
0.16993124168475549;0.6024830166340649;0.8416970405321618
0.24620017595489274;0.5884003889860032;0.33576163993029073
0.05599167971060315;0.22435046364460887;0.27836660470209607
0.974363964536856;0.8819532439358655;0.7340297312532968
0.14252235830995053;0.9879428402255045;0.06118968323782681
0.6055069791908869;0.576211984950108;0.49013208088745885
0.9814596982649777;0.6758292083299271;0.9641745756579604
0.0169557571357436;0.49405037036735;0.6047572181504051
0.03601083623670409;0.6711000478424141;0.5165352487702025
0.3689769241053752;0.4931525287694736;0.010003396995920788
0.08253881879951419;0.9179482190053624;0.7849323270422788
0.37337628835396;0.58395220044784;0.9603575830034571
0.737416786265233;0.3249710893333475;0.6849555032581319
0.28279543882467795;0.21639055804640173;0.9876977164303014
0.30021013167055255;0.7383104573235507;0.7195688533125734
0.012160043068290438;0.5286193024533321;0.8222037851038392
0.7777077122392495;0.004479785244087542;0.07019143264132788
0.40053164193141655;0.19886290766236392;0.46878084460865
0.9799187998220313;0.7569960613322751;0.07690452340157317
0.918285590155211;0.30130143868397397;0.7949780023792326
0.5278234377101529;0.2351262522939187;0.9403875889557916
0.7233747581395935;0.7919882084975299;0.18758792696084903
0.06654678644176315;0.43363006215266464;0.6911153184834886
0.6420835729172871;0.030875148523868634;0.25697635041411293
0.3704568921590782;0.13149250269546553;0.9675827701816302
0.2188364520667363;0.2864884184492287;0.18217477654193415
0.40283085701140786;0.5510209632006674;0.30996954524225706
0.14781016907658862;0.1447137993123131;0.6984511748417194
0.02208359865744325;0.5255730705043784;0.44264244273718034
0.020255469607989407;0.5895907015641964;0.8492114084493039
0.9431508830645293;0.2540581749154204;0.29255865737051967
0.5671182126976373;0.6470805982987305;0.5868455287839156
0.8069974208396709;0.654232783696737;0.16667668025616877
0.7683661257911513;0.8588367081803086;0.18877695745636824
0.5406208856777988;0.8683990670643893;0.9927499152463736
0.46860386199601256;0.34704997896421697;0.1012653649790568
0.5627445999365659;0.3314937592311509;0.9292092984546527
0.907156629905779;0.29488203046452943;0.23821705146053695
0.15273675601654202;0.03313922777398359;0.24969291354735135
0.2320308472642857;0.6027270936760399;0.1006681574206908
0.7131114234786313;0.5591104238492625;0.4516255997515033
0.2682872851620053;0.4785552947433017;0.9049844770962882
0.9830141905434129;0.3643766183952475;0.9985969150047999
0.3153096608724123;0.9066209092601282;0.22559943023002504
0.46245787602454247;0.21646285233538054;0.6912346856042821
0.224155820104184;0.4152975572194756;0.5637049616297359
0.5178533733527924;0.421489679719967;0.30766015222081533
0.9002144138594117;0.28486576411787023;0.8327111554404456
0.26369385323977146;0.18171105397120957;0.6114022098285562
0.2649469119617376;0.9515315245399235;0.3751745538568615
0.3097411763795339;0.31547932572219484;0.3866044203473875
0.8266729625380931;0.07187623283909172;0.6612382161912282
0.4567660222100123;0.4035601402078409;0.5988230407193001
0.2322763623427171;0.8645907905783728;0.40158280762653953
0.3828962758882767;0.747674764562898;0.19076973107384632
0.13403767980374737;0.816740994682023;0.290755226862084
0.5645997031523589;0.9487896808363114;0.8883244795203671
0.7029812160634751;0.8048847788598762;0.6032263323564417
0.2146734445363162;0.8566760363004692;0.5181420933469861
0.8541917002550945;0.5999416782852468;0.2511798578444995
0.03403029223852572;0.021680470483668834;0.9945377834740355
0.62291669525469;0.6238292941117446;0.4837680409165186
0.7960208761980763;0.4296159801026007;0.3061132372665277
0.26880257457279544;0.1461506017859403;0.5122171752250264
0.572336532116024;0.48915427381101606;0.6761500992073723
0.35129676830229395;0.038276087882955334;0.6110798574861331
0.7480184888528608;0.8438417389304367;0.5383396779360035
0.24367148714105247;0.18540349883705887;0.0035964800918032447
0.18623360172374193;0.11669539378602656;0.6442527647532031
0.37542437511036597;0.5995405866921432;0.7585174725150626
0.018870235578661188;0.6401196989046463;0.6192378478408063
0.45243883463345347;0.945468230767833;0.4844042489558169
0.8371791442165454;0.16824669537007442;0.8091217281874181
0.9859026361321184;0.9025710911966182;0.8312843306850037
0.4721846640818592;0.3090129465955844;0.2812345649580821
0.7074129516150999;0.4172901676811659;0.2574971553715205
0.3675346687504142;0.8527867041924905;0.2994614229513981
0.35117549622447997;0.9320515632084958;0.8598539791601321
0.04417023690766253;0.16989828689300512;0.17201309877635207
0.799418218807722;0.3943151879088336;0.05450796449236128
0.5385706332062957;0.19448344209333435;0.6430067800724374
0.6098746467252382;0.6523159270849577;0.6927434579946388
0.235237140681389;0.6021268136490457;0.984353202981309
0.7102205541640596;0.8662303261579964;0.03903293801266705
0.5618377916468659;0.34011220663843456;0.7499680983964708
0.12852185209548672;0.21088427364928441;0.28227470024740686
0.905983679443874;0.22227835741031132;0.6854865526736343
0.15005546269879722;0.17205990678293726;0.45717160202559926
0.5088895359754749;0.5914108728641372;0.6946007958675972
0.5316123414596813;0.7653840032369589;0.1962866505788443
0.7229973315818147;0.49615847345276076;0.09298230204371916
0.03016848212743528;0.14811867739596773;0.5130454910397685
0.8415609820585995;0.13925374157565362;0.5265481384039616
0.735574812645735;0.23903211316944128;0.88579845679027
0.3370915325149403;0.3128764696926556;0.71565131978539
0.7010972420242291;0.762520233765697;0.0017361271885059093
0.5420251192922855;0.12140345522388851;0.02628010412916426
0.3317572317950057;0.30116127108274204;0.3266388379894337
0.9851307874852641;0.7359068299563694;0.06882285544911293
0.783762506586523;0.2637501714107632;0.43467063684033125
0.8784268492507354;0.884554967020071;0.8224995622095591
0.9023627950115567;0.5354186944329576;0.6548273975806348
0.7189279693549661;0.3111154733614826;0.7114673896419035
0.35609985462141935;0.002076850658303764;0.7387520459726498
0.9777368461018012;0.431991890205482;0.22060210853270323
0.47405048616368817;0.4792231788706527;0.04798083015668464
0.6574990423320208;0.841693852221464;0.7174883708403292
0.9257636091997932;0.9944236420269517;0.4316636435725264
0.3976750914974386;0.30695209093008013;0.7165024092048357
0.25296749544615216;0.42277369585186875;0.14663322748373997
0.113684125423539;0.07502674168579448;0.6548568459860205
0.22242161643052838;0.8099243375567641;0.7205444315141508
0.4947900259748944;0.1726773861312103;0.9059998848656079
0.35662676661499026;0.6454415671010892;0.9907301208932789
0.8751646307001802;0.888368176524334;0.6220215809968525
0.8115076176921531;0.24503032776476852;0.050494306998350225
0.62487992619005;0.4743993290637585;0.1368320924308286
0.02443055508564973;0.2817392189545068;0.6070428199903719
0.5666266108232797;0.9949332120867154;0.8878190082760516
0.4614334050377783;0.8267289529155227;0.4645252857063751
0.7287660397294147;0.24555852496955732;0.9592253772595521
0.15571443952827513;0.4126126980155881;0.5731324159394112
0.5604033597091458;0.4949362787421865;0.6045024327628663
0.530845688144776;0.8383623101827498;0.516867529277894
0.523242082063766;0.26811979990588664;0.40092438399092234
0.29381062856580886;0.2728034209622725;0.441346397293076
0.5103633560227527;0.7073481123991251;0.15506770838655648
0.36905228281084335;0.9192087952512568;0.19308068075377538
0.4954784103104336;0.9006277898668553;0.2548320117153974
0.883959617068314;0.4157607269988287;0.7630627157976767
0.08075143226304116;0.05471681636851289;0.6739717715266614
0.31399076778238066;0.4501380400730246;0.6192310918500015
0.18198797340697737;0.08508191305702173;0.4742695544616454
0.8034879123469708;0.48918399042227645;0.9587766066873572
0.8914593164603578;0.5220191973859645;0.6535087640120728
0.2548228996012232;0.8633483489909209;0.6482133920001699
0.7604562476764107;0.8510771686199082;0.1417373270478518
0.1596097424349292;0.7641308630043381;0.9938435166313773
0.9882579153657188;0.1669734884097679;0.01134029529503
0.34641886814462064;0.6896392566633848;0.9053228966784882
0.5015799604917202;0.06994399695940468;0.8548468989986565
0.12666792788391368;0.6331305347013861;0.20024639770165442
0.17684879777443496;0.06779773247074639;0.1528763551728033
0.11651270103205169;0.9719004320250431;0.128097994999248
0.9760341832699472;0.8164946131478745;0.8288052732978214
0.09924891110737843;0.8056234431979281;0.9459014364364486
0.5493807600443662;0.7412156445021865;0.3076491586213721
0.19771305559013808;0.11659425912800958;0.3199034442810299
0.23455348167016976;0.7633103525664336;0.5248431618587733
0.04331763644726072;0.8463145237355437;0.25329332359441237
0.5495352692919715;0.47646944279191594;0.26468335149185884
0.9377282372351122;0.9521477589769667;0.8989940614661391
0.2725044541014422;0.3769211529501181;0.04884510359129335
0.47660075925614487;0.958545248491617;0.9261231054493797
0.9522871825888275;0.8479198017919959;0.09698093156186427
0.4665025827761897;0.9086873881150953;0.7289703758436503
0.1597440866737625;0.44003999075884126;0.09040202316979074
0.7720632528910241;0.16560786103981495;0.014690153031839626
0.6031746890655452;0.3382583599234519;0.7120514438958784
0.737998455060375;0.7297787849842291;0.7220722412240758
0.31207353421219586;0.8257977223016087;0.4804532925620959
0.10702077727777648;0.7811070070031247;0.7166401500792376
0.9362451152277322;0.6025089578149115;0.8462480919086105
0.2366366405588195;0.9210493339484516;0.8738244215154006
0.29643364023247065;0.5941663906853261;0.7232769212866558
0.3553210448901116;0.9109433826924362;0.271632832672396
0.3785949125783026;0.2284084157672409;0.7499375801500406
0.8710448329179535;0.24951127075103363;0.36541549134720563
0.3378741186718568;0.9921149585141902;0.7071802139187938
0.4818856403104441;0.11718573596514881;0.8920300760414915
0.2531808347487594;0.7089843767598042;0.2941038460043043
0.2966423085003759;0.7367484435330587;0.9584120278989299
0.7849787918682082;0.78308457116324;0.2693901628045545
0.4901658287352054;0.8202922361382627;0.008133208200919895
0.4715877257872759;0.3310987308775484;0.3518185850492066
0.9230738506824961;0.6031786674560541;0.9616021493033284
0.45543534528550544;0.5774656714469266;0.8024073220010425
0.2647640506920549;0.9957206858970032;0.783346879536466
0.8723331711266938;0.37388510496981886;0.8311381333000731
0.1807969549623436;0.1971138775394745;0.17503954988194204
0.9989752049068391;0.2200213056273369;0.9260505381419172
0.1795833193934302;0.1359106192387114;0.20489724380893748
0.6285261147423595;0.19514693314082132;0.38002599697239314
0.5077392943776854;0.6903230658776502;0.33125265649308744
0.5719393350589662;0.2604848964098184;0.5267223750444798
0.7546255927975509;0.5982096696406126;0.5743949380532375
0.10282150464221984;0.35166965284982277;0.14926148340824152
0.7279878219130383;0.914422618945298;0.2589981159160232
0.456582254477894;0.9573838655440108;0.6626530846975304
0.7353275552937154;0.1432456602981681;0.710638063495403
0.5262876609585053;0.9618533103687155;0.42480423181801164
0.3776033165831588;0.8617099867023378;0.49404151896588855
0.5203890392825986;0.8798419537725445;0.9306460344979637
0.4559079571609219;0.48821141059732986;0.8315465195469263
0.9424393439876817;0.3317171390475653;0.42024659852924295
0.18590650779595497;0.023725889773609676;0.3756260844622019
0.6987811322095392;0.019737866011396155;0.978240211283581
0.40270793005280414;0.6363163790952641;0.02747245405386345
0.7365051000402029;0.1085188414174153;0.8791453912645527
0.7348564647417271;0.5461093384923075;0.8773132283400952
0.6589262243635521;0.5722642346652037;0.9287911954674586
0.011268513635704136;0.02967980591863051;0.8602803524589191
0.4832946685309354;0.06685138065303664;0.5323333246402439
0.9939168890400938;0.8925509117592755;0.5716100403036589
0.5638674369271675;0.8233176304034222;0.45533979767692456
0.24352263053354084;0.3948543723077923;0.13232913213772157
0.4483941243693771;0.976207739850811;0.8136594508153431
0.4780759502107599;0.38147271140214534;0.5125238084638004
0.49244151169758366;0.9302763899660912;0.1759362474862155
0.20384505494750793;0.4470330012272935;0.5136070141582224
0.5092363061267416;0.6697200671850956;0.681898058308827
0.32673886465528523;0.8080571684563823;0.8101363875941195
0.7459570285868946;0.09419568143591817;0.5940651535487971
0.7624925216205514;0.3485483008269682;0.1550964892539084
0.1493311978698708;0.9243863688842053;0.8993001821767913
0.4824957753697692;0.6989619898272309;0.2627857360572925
0.8328473544166126;0.07625015266300683;0.8510497760477667
0.11121743243513338;0.7956925907506627;0.2324283612843726
0.67999928760338;0.9944693245858578;0.2594092604154873
0.65880755301733;0.9437493399949005;0.162630075018807
0.9600577586844605;0.968506621192021;0.28120765793662317
0.7378054291138291;0.4180274400708306;0.507790840332516
0.7160033009698751;0.9099963131535322;0.3201019535592893
0.7314188003421102;0.07188484908315396;0.349636413853211
0.5511119901903069;0.4336957876882861;0.8851727360389924
0.5493080748404878;0.7939026221242887;0.8572921331455766
0.5840271921647996;0.500095064625902;0.9457020368706476
0.6016981294099836;0.8751658772263784;0.6539070041419185
0.8946730972761958;0.12088919196229497;0.6333111292703958
0.7808205178252038;0.13210526985958615;0.07831890419302745
0.5406660459867076;0.4446191299274602;0.0978141448894444
0.4861999727370425;0.44457201789612644;0.5372963813782677
0.15724411796064552;0.49471612856345204;0.8934632070384229
0.08788723068980198;0.597298109764752;0.07586111569844922
0.9250036043791514;0.08945682930975607;0.6270387579203046
0.5037531076773192;0.32899836395227877;0.3808289149359133
0.39015534353372916;0.0627551681504186;0.05737203593351259
0.6922398282795673;0.035856385233958066;0.36458852843484335
0.5321077674051256;0.4021036064126978;0.6068061332216157
0.31600331968877304;0.4423854766159049;0.9633775428727159
0.856603699094688;0.3635567747538373;0.8838738085039466
0.43771476686198874;0.3107576840752153;0.8400339810479093
0.5579118482585587;0.9298176889496569;0.6247035372690293
0.90702143020233;0.268385797937862;0.32662522416143336
0.4223195840545835;0.22322957326172954;0.5390687551723485
0.1868590139138383;0.3656550988883871;0.8744311778576461
0.31640693497564654;0.842452964453021;0.7592411231965539
0.907196898895049;0.8967387866358133;0.9627963322538767
0.9906238253848615;0.9134033411443565;0.20667370908131388
0.24258696791694023;0.922613276040847;0.7664791135699878
0.9940412509187588;0.8427416304799775;0.7054981182002589
0.1939817942651616;0.3061841967900715;0.0650194092017754
0.06806521261813026;0.4663470475708924;0.9505916116046154
0.1276524841918284;0.3014753648933435;0.3765315947855017
0.6847720123522516;0.2342855978972599;0.4030414733517226
0.7146393409288139;0.6823423159234299;0.7435115211353098
0.7983989246122467;0.5546691492438302;0.3867240117420533
0.531422720343614;0.872372862298356;0.9419535487077955
0.8327757807576146;0.6355123116003215;0.056169936148870336
0.48404506817315884;0.010612827009455206;0.5930922362266708
0.14882778779465056;0.9012240866122524;0.6258031029553283
0.521860141636194;0.7858278853018565;0.9486676452704058
0.269622213929703;0.8493950995752708;0.12176549901655731
0.1615068819552884;0.2090650877659086;0.6406599150832298
0.5956414279107455;0.46844886818312903;0.5686649122147875
0.6505843758221809;0.588975940005725;0.9218092605936072
0.7151037292824927;0.47984114410985856;0.9034482075697362
0.4658791199773229;0.6845435130966561;0.5930549352458522
0.9113066580525392;0.8138813669488026;0.3988554813915931
0.13677547330897;0.8112789645916979;0.7178831780222223
0.76782410338984;0.21778232877518655;0.7190245730699238
0.8021404406912473;0.779821097382293;0.2754795837797125
0.8712902549342144;0.903856997790435;0.8948076668419683
0.02990881769544884;0.12506495581531918;0.1344214751699464
0.5237083831831564;0.5269829948827726;0.4118002778856187
0.039349529757915724;0.8585804496209778;0.7540468446016746
0.4260171002500004;0.24838674048479736;0.30811767518987876
0.5735536291490104;0.9340142069872359;0.9843663319888679
0.2731609287568433;0.04932537503962531;0.6855740856859414
0.5265789271304353;0.7692601173619353;0.883224549974078
0.9850979577879626;0.5392899650183534;0.9651194471630458
0.44159729188993757;0.5803023231773524;0.04397949709117199
0.5310145697495522;0.7609419970843753;0.2638244602092672
0.787725899188705;0.3726614179287966;0.5467441758361273
0.9102799680829898;0.4874470448851629;0.9944147768422719
0.3361077124760993;0.7492622659353991;0.08867747528436387
0.5993309310615935;0.49127447611206476;0.203160182677521
0.7606150329870102;0.4971614603544523;0.0685243495880099
0.30829654838624276;0.6836660398653169;0.9284173656885394
0.013044507855602294;0.638331025455798;0.03936739122422217
0.4436542169550731;0.7284191672577505;0.12949086193221337
0.23812588382258215;0.37552209087381716;0.36205570590701364
0.29473505469870176;0.5706450605396327;0.5813396256190463
0.553412182207946;0.7606020217861634;0.37530894649008106
0.5313393298562548;0.8987254396030547;0.3986697852807197
0.20526451206260932;0.7169110829599832;0.6388614183789464
0.4402292961825143;0.7868747143602863;0.7801970769639647
0.6254340156818217;0.07980449866031669;0.881732593838677
0.04745693954686514;0.604621495169494;0.891815875588845
0.21883833917584095;0.7325335183840002;0.5186203008310114
0.7435271629742298;0.05832585248735467;0.2886836172452386
0.4027531393508964;0.5081149222293593;0.9415684692895426
0.7627834086676317;0.34465590799524737;0.04732191665326646
0.2604218791723376;0.572403014577832;0.2327599020611698
0.49504949118626085;0.631526921791467;0.4609742790564689
0.9102884865540135;0.28950654276058096;0.4090893949874863
0.13205518669587002;0.5750573054181554;0.7750783035373133
0.1441938199385414;0.5114055511735608;0.05600795771129019
0.8493694795480854;0.47816722719357163;0.9374294983933025
0.46720072291455095;0.671572988173034;0.04531212410693952
0.8612518395070262;0.7422972544461707;0.4785439716913684
0.9736449090641224;0.7317713159870938;0.17589569125737303
0.31088620575668713;0.3981776437399446;0.31557964395198745
0.8854190937382752;0.08546780769707907;0.1779666638316867
0.7368801739203141;0.5853871884244496;0.4565275759267823
0.9151909295358219;0.919414861866577;0.3503806009370247
0.3499151922925058;0.07259872337830875;0.2416152993962407
0.8124134986035298;0.6198205370431147;0.5783504535228167
0.08631178421062935;0.7391992887503885;0.17058263159988274
0.7645037136982238;0.3577057187780672;0.8817702431785024
0.9221740890329786;0.8785642022559563;0.427510383759375
0.5051318788964613;0.3314563758868514;0.7797817624693487
0.9844008696581877;0.9443246477155571;0.6624139928486427
0.09251869419103165;0.5213738956022036;0.4247761440497554
0.7600112577183203;0.4278376529250715;0.7366732650032362
0.27945403332648067;0.08586131726433477;0.04041794184922021
0.02751100504172077;0.9750713843426768;0.6793436371637522
0.9657296827458058;0.38800447287240425;0.5576516054947839
0.791703388002261;0.3331715240030758;0.8278896382960439
0.5703421298965353;0.04583194460209383;0.20492808342829183
0.885128287165914;0.5093643971927279;0.8196867977663215
0.34487086394452526;0.1276004179118313;0.0537514652664387
0.9954685471359697;0.5410820790697468;0.6917807435291529
0.5278670497322528;0.792546276713071;0.3217720567905443
0.7129024532442502;0.6009059209532723;0.012492432563865896
0.6998623381478752;0.989545733476284;0.8331231655519514
0.9541607539662639;0.7703033675061559;0.8002541297020057
0.9311296494795849;0.4927257557991942;0.6418156074923446
0.9149338751572547;0.03300209919346331;0.9104311294554671
0.29884828388320017;0.09663175590188489;0.18572613578822816
0.4139466304557774;0.2731408123738136;0.033455064906534604
0.19333372605390453;0.08973431710395474;0.9334291378848507
0.9502019509503139;0.6095689572426722;0.6795838077425794
0.7070612724941144;0.5393776322722423;0.4514204747627023
0.6807571090329545;0.8539345076045478;0.6531795300824492
0.7883255412482345;0.15217161177867167;0.23520540124478817
0.28826075829815945;0.2558983749434681;0.37901749107300375
0.3249721944230114;0.8625204876585699;0.41086066214574624
0.7834897007928855;0.5567099294794264;0.912657055287311
0.05519417925450365;0.8812842443299649;0.2731451877999035
0.36665320052231243;0.058087464217138285;0.12556285647416865
0.1728225238560831;0.577471567876076;0.7884566365966165
0.8780328052474998;0.08228675435494759;0.35988401401902237
0.7076005538184043;0.9471135104146831;0.6279940570494701
0.2362264089104663;0.22040500849548184;0.09881318901510183
0.3995987841883689;0.8933313224676608;0.08911026894621876
0.5357204654371285;0.43468378052528134;0.7400436911063815
0.5569304330864506;0.40017082855431263;0.09934534378371052
0.23340763900947858;0.0005640287724035797;0.9385352498966849
0.3921701280663885;0.3231741429741992;0.0028464713628567617
0.4846572218081804;0.3194619688693071;0.572038896005622
0.031652403223241254;0.5836822781516476;0.30111686532992843
0.5833405194066609;0.9054300724773185;0.7139109597608824
0.7894663752019317;0.5227705710955415;0.3489784644693993
0.016117333887322616;0.8736403269541988;0.6424971489648355
0.021928064292364047;0.03394465808720304;0.8593877469569056
0.6373884875895208;0.3138217915481153;0.06575035585123956
0.08623924048531895;0.5200943658567257;0.5365060378501526
0.6646170542897243;0.12744860814801673;0.802887128119926
0.9632715948272638;0.4895139175560004;0.2755897482222096
0.4047501512403774;0.6035033485575811;0.779144923607091
0.42981646835970555;0.3733821664560655;0.012639685355613217
0.5626111868417639;0.8379905357057106;0.22631631792656126
0.37818904616161586;0.9520623554428983;0.9438666712223638
0.551030094287043;0.6657027440607656;0.2162586650270979
0.11601366010122649;0.9212034163827276;0.7609747196774166
0.42851091968466104;0.9328640312445525;0.8698888691518578
0.8940047927933952;0.612853850130127;0.06756471974258482
0.8303821090020933;0.6529388216687713;0.4226255752325281
0.05443205626677727;0.978146310164378;0.1411753301770743
0.8074102414978388;0.6880411626536894;0.5196121841246992
0.8184931219984676;0.5827010179164195;0.4501861548093411
0.587346181721122;0.18539088782602575;0.509257983689481
0.4745244601366998;0.5484206262273708;0.9137345170485257
0.6493670269123997;0.15441403361095873;0.9937930068717475
0.7938437342498498;0.4306494620760106;0.026102275855332535
0.8598671340740571;0.23261805837713412;0.5821634009712702
0.8329142681941989;0.4425584860491517;0.2344369802883184
0.7829112101427533;0.9333008337564258;0.6006174090643431
0.19186392429667976;0.6698689678599377;0.5762771434125522
0.8440877133088924;0.9792950505429974;0.1759927874820234
0.4927061412555257;0.006841898300886107;0.04472949921752267
0.795435782974361;0.5640182100787573;0.786927974631512
0.8177889989991798;0.4339373128096279;0.8176537023985339
0.47997694095874865;0.8494210650222423;0.27789179331976677
0.02661362647619292;0.8285340985437436;0.11193116523965874
0.4685421554872462;0.25134551163612484;0.5521738012716618
0.7210202015919661;0.3490317290259197;0.4792315720653121
0.6091735803556425;0.6282056532463178;0.6677186202660532
0.27615274580922056;0.14737391591656612;0.516957176627219
0.7435255127737197;0.4389394474627666;0.8492726162874042
0.8946324610872428;0.060357471222577175;0.48749187408241834
0.6279539721360491;0.9542535532942326;0.14316233461964767
0.9667898002840349;0.6648077635208396;0.08207585652885319
0.4344192444412197;0.6574805512174098;0.2766491604944541
0.67881744574226;0.116847722130769;0.5330224938679399
0.2510893638419971;0.2807909695987758;0.15714660088674115
0.13283625405108002;0.816634421527094;0.9726648064496523
0.169560899649999;0.9386335261226464;0.33994109166906084
0.8212222972442569;0.7213260016787032;0.4012522715169773
0.8547397407206504;0.9072301168874602;0.8678348960159281
0.7930308930212123;0.8874255018927707;0.19897307246389462
0.20254282454028782;0.4229104639118958;0.4563173247538338
0.39330429464594374;0.06393273575763148;0.8890743891198378
0.6297155073021404;0.49651489828212203;0.09859876328833406
0.5668096562121644;0.34378195242476794;0.25145465248794874
0.045489657778274295;0.42602347757528436;0.8937866343684002
0.44555557910297994;0.10830280714841756;0.03654927235871652
0.6179886499511893;0.16179583917018114;0.0688634214195093
0.03835605466790415;0.8561780560139971;0.1111285494953681
0.8169547958216179;0.36581924460452675;0.7487305512843435
0.3270101927665875;0.5605600184155237;0.3424309748643879
0.5892988373544749;0.48644575228208187;0.1549889836039171
0.7289452786180382;0.7389775124576365;0.1746365467313825
0.7188341505715569;0.8998335019679778;0.06393498949784437
0.11378927270212125;0.8530304104233161;0.12308815925942951
0.34729757655710325;0.8144980947626211;0.9195179088689042
0.2682103903911486;0.8168009209766981;0.6715967749310588
0.6352543208547665;0.676981036999678;0.5349037154569066
0.5994867927367801;0.1135708766581921;0.6828200048459625
0.3950279159731731;0.3163532695393987;0.5499605726696934
0.3850203930966647;0.23614605313493608;0.7301180189032923
0.3543778868939482;0.5691206381165729;0.5429292309362724
0.5938937158659691;0.9056521740391132;0.4413757212600532
0.20137703474333957;0.9718647010891991;0.8175130859482784
0.7826057566996447;0.2134022419151551;0.45260507293540464
0.8921061193061831;0.3724091655427749;0.7184733326115462
0.7267956836114186;0.10054953628853269;0.27912788108706166
0.25623027063658;0.12553293666789156;0.7374308990288223
0.45122874888664843;0.979951152113072;0.7068238455927428
0.6751867697394446;0.3100551112231956;0.4485458394066302
0.45088847002681;0.9496455891109106;0.4806567066567774
0.5537376926151399;0.18693110344381147;0.6856238136266345
0.7070797924082296;0.8407362644267953;0.27801367868068927
0.7652275947532465;0.025864254944881204;0.8878344950878444
0.16936092893549726;0.9935617028124242;0.3138224530448769
0.9421981882450746;0.5789590940023279;0.5789752901092126
0.7350541984029734;0.4400245748956426;0.9528392851282176
0.5060359244042801;0.8031171200335989;0.5733383730538106
0.18668432605611907;0.8940951699198829;0.8303110360356936
0.8622372183229229;0.49966112031001864;0.5673578445105387
0.6199009166892481;0.37053292941147986;0.047511297108022155
0.3998587629654854;0.9910478602153149;0.10097727015821367
0.06521063870572497;0.9034101344192491;0.08388666061563244
0.1087932690134632;0.43852657037426457;0.30651527379023336
0.6944334861400052;0.6026096100221009;0.2561216923255618
0.9150782716956759;0.2438097219741907;0.862320492374587
0.76402570994307;0.5991814873262392;0.842991909186967
0.7499939610730224;0.012717964008086446;0.9195322908609551
0.7925605973618842;0.058833261167934636;0.32215838469044866
0.9147091653193108;0.8873109265646117;0.7984532687579339
0.22492625269784383;0.9142575432035092;0.2488197393597834
0.2785276778622422;0.719826860795377;0.8989409631147286
0.5119791483563242;0.24697452894958172;0.7350420950560637
0.4083609860950955;0.4138739620660622;0.16896657797431003
0.9867620921754517;0.5051740805774354;0.49301028652803525
0.6738915512900675;0.7905643517007848;0.40195330625005665
0.5329848201733198;0.4350130319396094;0.703347484967789
0.7417726620180177;0.5854490174923007;0.8852493170908087
0.6169537261369514;0.9291146485259917;0.08109956085256509
0.6456774777935691;0.48513012820017465;0.9567439630291987
0.15588712078472033;0.5104244113674113;0.7246429646499081
0.2436396764281874;0.8795588578919719;0.020909204081521415
0.2934026584048939;0.41155028309732833;0.33495979969557377
0.805594096646088;0.3738661919217582;0.33613755414265956
0.41782510663899375;0.9361739687712922;0.8707873134074262
0.5392588560266365;0.44775555725195904;0.2969992598024682
0.8981173821476318;0.3935779621715887;0.9838072211782096
0.5301529958635962;0.04311953652896239;0.2079390560965565
0.5210887792452542;0.15059068777301454;0.6494834235706001
0.7324896404036971;0.6712663596887675;0.32469689707167204
0.05262696493291852;0.10608466180868692;0.9734267525493872
0.9983115936764424;0.4335971238580316;0.8842933769599536
0.4936058421008741;0.4776936339217659;0.7129464041600357
0.572674568863317;0.5104016150323725;0.5417374930899028
0.6585598969520338;0.1535210368698271;0.9314211107740311
0.6226555703135218;0.3907428250070526;0.8683318773323603
0.16584732272908587;0.9322172430643648;0.41157170916457364
0.9647151163451253;0.847034526553875;0.4723806177044112
0.7064812014629708;0.5116063243290261;0.9490881628941525
0.516302343367064;0.36031274568482197;0.417978037851527
0.1315976059202607;0.22766618929930904;0.6566595099166728
0.6034880257387665;0.48687729553194814;0.7749984650615358
0.09359862479868619;0.11321872467778915;0.26976468801685494
0.35730936049148654;0.9681582090189786;0.8937107008632827
0.2961687995499699;0.8593597408135124;0.4368054343823503
0.6761643747417487;0.34801216082990005;0.700462206377213
0.2652258405756033;0.8942496488336075;0.8340306608652399
0.7598332985321484;0.03977620155992434;0.3541944157820467
0.1809477913558638;0.8461645973311204;0.10644583344903791
0.9126567096320788;0.44477297653899384;0.3473017770261595
0.24861511830767158;0.8069347571224078;0.8855089610159319
0.5814755067315331;0.2299610917915299;0.9870198237359684
0.8078958564976435;0.8738642304612264;0.7522616355687008
0.33045857620790997;0.7082825973967051;0.44228497460588334
0.9320120604160488;0.003168207723196037;0.7263319969393476
0.3249980264773775;0.31001080642025614;0.47058134585239564
0.8811139829347805;0.7659040606201716;0.5605554060367971
0.47530054215822515;0.19257422177369032;0.8130052706331016
0.14627880354806289;0.5168059197562009;0.036076865253498513
0.7463138896170546;0.9836887230170512;0.5044110927621605
0.1452220503027687;0.7110531394203874;0.6438045984428025
0.5838388221038832;0.3652796299345278;0.8833803971305013
0.7755455332480098;0.7507300751608028;0.18504023956512805
0.5505584672573303;0.09062268245417182;0.06737226413449182
0.3734236937961034;0.926309388181587;0.6426590675244102
0.4057168411750006;0.7463762482984019;0.9423378515283238
0.3450102324939843;0.40264385357056376;0.8591169768065199
0.8023497154277786;0.2313467853271578;0.3973453034242308
0.04231343448117919;0.4102338048633708;0.7962683490042571
0.8612028651068636;0.7622360528114707;0.5651917144871488
0.06302976110288783;0.3174125857690877;0.3837930450036542
0.10650070109549958;0.7934392931246297;0.694545606111206
0.10256209398298799;0.7849155439142675;0.6737154290540517
0.7584873045276401;0.011685473022879922;0.5372531643764162
0.6693011529285905;0.5817361682453227;0.02788939501016552
0.2765506273467149;0.5016711964615589;0.2805065882491746
0.2368131774087182;0.5645696686861141;0.024491282876854314
0.27676414341046784;0.5271395121283227;0.20207515505626283
0.05408592516381572;0.6870733278109291;0.6240913882021742
0.03670171300060443;0.7941630680273442;0.7624357044709881
0.43467090308257417;0.5724110025081764;0.3078521952184503
0.48821568668248905;0.25257644990027117;0.7181621296124105
0.4352576488553628;0.6653476723061535;0.6623910504866761
0.5213517194007966;0.2545367335678277;0.5991173916332129
0.3661714617006194;0.9830708246512628;0.46521764594457216
0.3380742474886881;0.5395521887701384;0.8066217569390205
0.11195098892889865;0.9951712761814342;0.5430382716818444
0.0019049988391782735;0.36423451511698557;0.6851667886833457
0.02081124734803952;0.3521955380082554;0.22064972662032234
0.8976180939647992;0.09453358421344515;0.9043956965366448
0.6394123234152718;0.036126985763410446;0.15258242360049357
0.365931515515423;0.23513905820614645;0.1671417857613119
0.20144975709440716;0.38791289513920624;0.7411726046563122
0.4780457921107065;0.14694397031448314;0.8056999769688306
0.7107388837481747;0.18413884437563288;0.3522667606100448
0.9385363800294104;0.5425138746116831;0.5584526351810319
0.8743223772860053;0.8694423603393148;0.1035179004861102
0.30311696458827675;0.5706789766690062;0.8358019726468037
0.8961297288293973;0.17511659459163298;0.8447712727116495
0.9000239052047951;0.2857060449289197;0.6241358457815073
0.847373660362087;0.6930122006987727;0.13243685691401308
0.2614077440733241;0.6881288890509474;0.5097998944012154
0.010199229938491428;0.6079264023923043;0.9917606105707703
0.24609867529964147;0.9133470577271179;0.8001447992926907
0.5811303871146802;0.9012810652666138;0.5514152362163491
0.8494635667859103;0.6269815948583345;0.1262130706905874
0.50588769660934;0.9115148404129827;0.6890356877373855
0.7359951577304121;0.46073707840534517;0.3167067343086506
0.5996093872542858;0.7898139030637489;0.2602962487072368
0.7816630279949884;0.44375819698697905;0.39629050020924395
0.00046887003244444614;0.40220604935090176;0.7318615609886593
0.6002211061401704;0.6237343205116569;0.6637771345133625
0.40400682138433996;0.8902328809245478;0.61056880150764
0.4445988436834044;0.4380420006353517;0.44917653527062273
0.2367776028359957;0.4642401132193955;0.684171126519336
0.24643886586559216;0.14866509312899867;0.5909588655732814
0.1278331326739992;0.03356992709628992;0.6177817871278802
0.8051877063698444;0.10631497857169936;0.5957254579452389
0.596534746971876;0.02707930954945148;0.21745776969883268
0.800284126191736;0.22228099728200879;0.18164049778470548
0.8489265051818765;0.20131455322651104;0.5156746507620601
0.286028711528867;0.3710582471472348;0.8888924209679507
0.3409589882393581;0.12090844071501405;0.07122280363146205
0.4855381653341284;0.11097649680152777;0.37895549516905747
0.7492905947447149;0.4362679359681826;0.42610483160031065
0.6262182529136667;0.2252238223394003;0.1248327335447873
0.5711197526080133;0.4287685694985265;0.9837720589056745
0.8535084687257878;0.03381595724880926;0.9356119907113504
0.26191852486026157;0.13524775499684316;0.1277876672954763
0.09583325233350926;0.5693520925249761;0.28772522968672054
0.5028698996845682;0.38169168041610957;0.45451098414960167
0.6783173000197358;0.4521056530584574;0.6046176897526535
0.9202598185590217;0.13265530697964623;0.6711549254772355
0.5115694009833638;0.9750099810602115;0.30934608926007734
0.43743039257670124;0.32039593645153497;0.34926800026434346
0.4021537436225725;0.8772792576661795;0.18802052846142447
0.8753622747716591;0.7163380685078836;0.5332789698891958
0.25659176225268765;0.33567511320495413;0.5462080513254535
0.5331416710700206;0.40038440658980523;0.9852362322425083
0.6755908556410432;0.42791191817974505;0.8758214248421256
0.15117911086130054;0.26410823994821453;0.21752146325408483
0.9667188084564546;0.7397048421446415;0.11467148266036054
0.4635416614616491;0.3777674344275329;0.6361015619731422
0.8028581054861469;0.4342706932922845;0.42114611598179075
0.7366869748486782;0.9087781332568918;0.07484440079146903
0.7965216023579881;0.31346263830314247;0.02972874193100017
0.3236473541850674;0.5625726163964366;0.6563534618674429
0.7344411820336672;0.06672945830535404;0.10971270426691326
0.9575417688964665;0.9267205249088247;0.7473577702333386
0.11876686247583634;0.9883572950507832;0.07631707176452474
0.37257300769859203;0.00598907086510625;0.6794399841378767
0.39805997572835905;0.3228667329463103;0.5928409039300544
0.023024865651985582;0.2526533828436268;0.5854635556497075
0.26950046397558614;0.5063333779312105;0.8615474178854017
0.8757897435000167;0.9424907516347418;0.7271394936031486
0.5221634772874751;0.5617651660496146;0.38273137011124314
0.136679993733967;0.7959561409679523;0.7107372655691073
0.2901196697207411;0.9031647663053725;0.9507075365276918
0.6708110171016689;0.1449560527084991;0.3336799406827695
0.9612862092765586;0.3811829698201601;0.32511692791774427
0.268281562147079;0.4127947353309672;0.28060993063776785
0.5651396807214638;0.1663770106250927;0.7652522507637405
0.08197433787182085;0.4820585634839426;0.3471762724723315
0.1934146210296641;0.4482579630505614;0.5946068200576854
0.4804782342636914;0.29610369601223074;0.8261045367342028
0.736049173439321;0.4939171858511886;0.9592686316911236
0.01206419285181659;0.1681275587288138;0.40890488245346834
0.3044014195514768;0.156178751901344;0.48395732523480406
0.4904567123785786;0.6928651660602384;0.6328579324018186
0.44781704669874334;0.40150385784351983;0.7182969287615543
0.7693973015358329;0.9101160381717142;0.9323118158928285
0.6544091541628027;0.8258131299912264;0.38302959785110624
0.5739228412150698;0.3343681417215175;0.7942566541812406
0.8061169316202386;0.6839607060076534;0.6085427690349776
0.025890365775433466;0.9951610940766026;0.8979536469875862
0.17846835572534892;0.1922260448824482;0.4116611576189615
0.9581670974923786;0.7937197164490993;0.34188374729548165
0.10045009249265602;0.1837650280573071;0.46084674918928703
0.8387971812628752;0.31737255924644014;0.8943900653467659
0.7882943294269659;0.4407455136371895;0.2301069060987686
0.5085019542190216;0.7473246047882117;0.5189134567972433
0.6458359018963724;0.14750598409187377;0.9049732396759815
0.31505108188226594;0.9010105122990323;0.572646922094961
0.7470862339744809;0.30061432517381825;0.43315790611361704
0.8883147247191274;0.7025346247429687;0.32841712630308884
0.36366450475339407;0.4199770420478124;0.9079579067706492
0.17689278762735194;0.5286501980438381;0.05362777197471302
0.543635960570696;0.4234726737174789;0.43421706592466836
0.23684938346305595;0.48381172521056826;0.9462152409029113
0.7090846712000021;0.944801748642588;0.9300090169683269
0.34862282118639676;0.10346298826918232;0.8091605559479177
0.6079305262844392;0.7770069052454587;0.8076320338179463
0.8773204294662447;0.9550984318701047;0.7519583086595039
0.42018091791619416;0.7560389524195997;0.4923687263163703
0.41013881566130417;0.661972806801431;0.11306931465377834
0.30890057814653116;0.23945066927728975;0.5887419425281963
0.0008474345242041048;0.7742211339151628;0.8367280535065691
0.46552338290339945;0.529766495369055;0.367722655030701
0.0872443907992485;0.6934367045626618;0.06111334147969827
0.41978138027075373;0.6821366264882365;0.15418231712230202
0.11641436844996289;0.40808540731989673;0.2653017423765116
0.6957114121299721;0.8008075633995443;0.6570725956275484
0.17166268029861975;0.24801206576079948;0.7208543412861755
0.5901673746774952;0.9422821945446183;0.2606916703259956
0.3734707662712662;0.5905545018877372;0.4884215494188019
0.6945464954465695;0.49525865138954495;0.18854609964198854
0.20024903673892103;0.8477383938549327;0.966598699463985
0.8189843360251391;0.5746752677824669;0.44150782503720776
0.8458142061742105;0.974482810826922;0.2676669529500705
0.6187070825091933;0.4257030860332971;0.24891808370126955
0.2801798404581073;0.7556299972320609;0.4051317455694454
0.48518652971810505;0.912103445302732;0.2770091914028189
0.8857882022610584;0.22274084912019532;0.7882367937708126
0.0813006845468004;0.3564185714806153;0.3984620407342032
0.5533577613208904;0.2584272124036885;0.3496640067788256
0.6767666491037366;0.7774398750408;0.5207521365054792
0.21517561650046313;0.8611259092349164;0.4163478331194219
0.9279515661545665;0.9944297394259012;0.38263430796369724
0.7594114529392977;0.2569548325811848;0.9646130742282033
0.79434720479524;0.5930966911642565;0.2506697107918364
0.1534941912344655;0.87425249286992;0.006567785119296898
0.7130897515771744;0.3916485989998171;0.47111145837985136
0.7158640590104094;0.5289724048373627;0.96787676152651
0.43561021573942516;0.5688023118115273;0.9700895228724271
0.9747170983692243;0.4816104178660503;0.4085499012908579
0.06293841351258911;0.18280988049876645;0.8561998339741632
0.47859568815975184;0.40066179574134797;0.9751764993958186
0.2999451254040345;0.15118049369155917;0.6808397779770722
0.6949324670575584;0.035801261855555544;0.7028085637887542
0.10770211318879641;0.6133432530257964;0.11977654336342514
0.40170575336333836;0.8294062402579123;0.571378674724266
0.3924947658640181;0.9462106257755889;0.13054810365291136
0.4448574375731078;0.50514296567669;0.8353168134271749
0.02017798257812531;0.34665574413315736;0.7109009970603606
0.12646779769130556;0.2828052535116852;0.9098444783023302
0.8644098422357391;0.41142019334103763;0.7888978869675357
0.08611133808846827;0.7870145985448284;0.33040700017430413
0.11822070480081315;0.7326822641568221;0.10423167135771672
0.5042778163820522;0.21636724236419103;0.6691202956786105
0.8845435404931998;0.7838768842382684;0.7302559454617809
0.3911546192794324;0.2671969189737555;0.6293924919779744
0.9256062542516307;0.8997571944677781;0.8991209343145262
0.9211735814446281;0.8739083682264606;0.9526207198857848
0.6579824892419556;0.5096316728291951;0.853882793081766
0.7017842791666664;0.30421643227439266;0.87074590382055
0.895538772698472;0.6371480672286984;0.4595407950974453
0.695342204630411;0.29147455878246786;0.16976468717204785
0.8586462413330884;0.3507737654994868;0.027712520988035783
0.0864598272977879;0.1578320909010359;0.9905196974188426
0.40181464732952754;0.32754915675261287;0.6325176285108466
0.3293684060980615;0.12442280173923714;0.3364333620002392
0.64223166727657;0.7845121309052698;0.00884118048172522
0.7769968555243061;0.1227107916085467;0.9762148397681525
0.4350643772222703;0.013405126125514921;0.4062559275413119
0.9616472046930006;0.9888142698274637;0.830417368114454
0.03373004494911591;0.4417230498511784;0.8142138665424058
0.0031018905757623783;0.7068405264078502;0.17714781449007477
0.7005825443289373;0.18050549969178908;0.2945896649646511
0.4678254094993113;0.5579307496954606;0.9795338250244682
0.2872867592604077;0.6097494678171339;0.5235765220906985
0.07258740029934263;0.3110538082962845;0.5360237130110258
0.8489971287077955;0.43906621968976556;0.7705175576920337
0.17776207846099623;0.7522439586719071;0.9361827872127453
0.8905168584989693;0.8410516278484312;0.228925038395134
0.3578542299424584;0.6134620019188461;0.2345682985894072
0.5458858108751502;0.6687938440992727;0.4175943249756393
0.42038495392902575;0.2428411964774928;0.21916129678340246
0.8068804968128711;0.1636163068461458;0.5226441554725388
0.16854480789333748;0.667016753611395;0.055003823451704736
0.03153623576153208;0.46340516159707223;0.24206221412349227
0.6077908883726072;0.9312953068905615;0.5304242484514264
0.024847877382588868;0.6328062759459749;0.04606954162829968
0.2927989525448892;0.5994959957092567;0.2752127044854459
0.9950892517748845;0.36127273389895154;0.93477821487947
0.3177120677356684;0.7193394857449488;0.33271604681353684
0.46837688135071975;0.6063309944963684;0.9388307600714433
0.5301123908664288;0.7411556672686695;0.8288964005463704
0.5926445780099345;0.5555678364321319;0.6379257586341223
0.2932402391000898;0.19580181484111048;0.8202068856314996
0.22607688808156556;0.9832058883909383;0.03513242824254459
0.27446706571235335;0.40899668654595867;0.47095336922495945
0.6173441740599511;0.974607519484857;0.12355902293706089
0.5628210717559309;0.12983042781451615;0.9749904358627511
0.06628352722995001;0.8509496269977107;0.6515846216172024
0.07774945495227381;0.8420177434144688;0.20438739321596722
0.2903978849629125;0.02275094841876979;0.418063266500029
0.9630386170353072;0.3527431996073711;0.3744844365080444
0.7085854349615799;0.02891077530013475;0.8580762289635899
0.504224139741378;0.9088422392634279;0.08313258261692513
0.5331601916615514;0.6521826465315137;0.8569265124833374
0.58621560164846;0.765291720604291;0.4612270198344969
0.3126248970474419;0.8741832431163432;0.893353942170357
0.6767656668744263;0.30975950081269743;0.8647563019546098
0.0752646474891071;0.49906392849626946;0.09000572012384733
0.6274229630776237;0.4641365008843481;0.153821362410844
0.028233177275299393;0.29564618149362365;0.7662275321590322
0.047408026765496714;0.16705774966197873;0.08095113925354314
0.2570696898634932;0.6898838549836454;0.6517942990150026
0.910496988658495;0.9647440074259557;0.923464687803634
0.22829436629444444;0.5622238792339155;0.6687444065474076
0.11218756196837354;0.4476912150199155;0.19784361006624152
0.40850392104631805;0.5800052142777706;0.1843573285016894
0.7908528161887068;0.8580507545347983;0.8340095039505446
0.9312091342825004;0.13026872133173917;0.24736571811012864
0.8589784459716774;0.8208482792046726;0.48955601203107035
0.5741958678514808;0.019405090207763598;0.69887887848352
0.402459257722218;0.9759779338792766;0.46654431183156875
0.35853947764844274;9.560252938567437e-05;0.19882849536017988
0.8356708128770007;0.27509280561907545;0.5700362308916243
0.5173739531214987;0.5022174349275436;0.424685810207462
0.4830922863085264;0.8610933088326718;0.025891732914372523
0.9963100606398664;0.5636924938997853;0.41941542413081034
0.9346139360963395;0.12729914151980581;0.502304828697454
0.3121271622829609;0.22652710674172882;0.792703779393667
0.8240376385517141;0.1609683468221521;0.783491303442257
0.4998190385468555;0.9668383712358087;0.3204680406404362
0.1383943592165281;0.9026253979060217;0.03157623035111701
0.6515268280082838;0.9184694495734788;0.015145362153767827
0.6740427384363984;0.16791184593083708;0.9385965816838188
0.11623454973489233;0.4682305290289741;0.9073410165136436
0.5556122673197283;0.5314467212285051;0.6661852707504633
0.5068984764932184;0.40127758820537873;0.41373914720728866
0.7605688838871625;0.9825967589674658;0.7680179129803797
0.023978488216976457;0.6477141617668298;0.3884635694142883
0.8964059784042028;0.07727664584042904;0.8511201743139304
0.16564342656145692;0.38244800167505555;0.41418596484781656
0.24459207955353413;0.9302636798154839;0.8718771925891456
0.7718890796604396;0.6733996310390592;0.960637856067382
0.3273543760618328;0.10063297707111096;0.33200784563771646
0.5975647607135187;0.9228487205401343;0.6274491423578861
0.7752801249748213;0.936250535533783;0.2211815749455539
0.19724173250749855;0.4081830226533829;0.9849261926196394
0.9066666450583178;0.3402297517798335;0.18961246526941633
0.4061788089289987;0.9651687243462049;0.09464733549699034
0.6283137586627239;0.7977936179976652;0.31721232025461876
0.922226436554909;0.6927842709991782;0.17436722909701452
0.020608395656972922;0.7137410097975552;0.6824078167545471
0.36316286815306464;0.7196842304350615;0.9671126968723013
0.4048553499588833;0.793228206899846;0.33324058345829766
0.8202168402899619;0.06991595488495361;0.24144927411915218
0.4125193599700925;0.998003729273309;0.7376999427105196
0.1579282113974375;0.401637590731476;0.08669833051002507
0.1448712159152752;0.2729655468761232;0.22876253769106214
0.8799169462737377;0.7621016813076406;0.21906655493568505
0.18862320385787035;0.8434436633467813;0.8278403537417427
0.3662038585284637;0.44895251156863536;0.17076811836083738
0.2855352075797055;0.8707732017936843;0.5821412298525553
0.6343251378385458;0.19356556520129586;0.33396388544644173
0.45723519901917986;0.4300577475783087;0.14253913859057188
0.3091363195004354;0.5760556461117196;0.5083126127506168
0.292359177746927;0.4402970917658312;0.23922432977687724
0.40631816344250204;0.7976137295699169;0.9237717708560029
0.0381353327608589;0.06679145807058373;0.03627875919235701
0.34896891305519817;0.2903518601431794;0.27014111552818565
0.884301947700819;0.0886195530379773;0.48562565472788555
0.7087116403401184;0.22779822222878854;0.7282232067474341
0.6676565595513952;0.7636701189183926;0.5727487578487417
0.6059691521323132;0.17143085088970433;0.6449343593002909
0.8386366658308131;0.49325387301245094;0.3800124340462472
0.8602039285203894;0.002495925582426284;0.14455441664286162
0.3887811608835666;0.618327308142277;0.209112192805052
0.44704500759489607;0.8226590979940456;0.8706480910704528
0.008966721093804031;0.05134375729383722;0.29035720069923465
0.697497344195882;0.47925807793160113;0.8625919178810029
0.018366948894596002;0.8308851122543869;0.49780834545055974
0.43403548255021174;0.43664641849227326;0.42771258310766647
0.5135193756031178;0.6459087283595725;0.5947328880763789
0.5035843628821616;0.48646168304608517;0.7723556062666557
0.8332198465117773;0.7513121565772476;0.1795525184598008
0.8200445638066777;0.10106099830280713;0.7422261159054233
0.6309792459886906;0.21557433339014698;0.5975321660557513
0.4172764091001522;0.5695597468695756;0.14701145956987238
0.5803587944320492;0.4091885253696159;0.5076571684378015
0.9124930983025452;0.279421764635817;0.7033408671475045
0.055082180873149644;0.6834773521139718;0.6455467260581624
0.34095479707359855;0.4018306686386084;0.3251325767425417
0.41158414883829264;0.5964076359287261;0.3855051637309048
0.07824286042678508;0.16799220737153342;0.026991573130853985
0.7047954994262612;0.8948874455991527;0.17849737229852303
0.10652316750999946;0.08038760680488755;0.41516271262591076
0.20138913427429372;0.0942056196755322;0.8944886077016964
0.9910976979566729;0.5674958168250558;0.229277556904823
0.7548641490587135;0.5282144700988959;0.5476152583576755
0.7786425014124181;0.06573219909539396;0.6908731308801932
0.6894613510098366;0.45266164294332256;0.5944346270111364
0.3135627126218109;0.5616498843790139;0.18331864578760382
0.047778009821701106;0.4422409336928761;0.2502578651324222
0.4584195574153872;0.24430263001978347;0.8392765819894465
0.2851193770034711;0.6855840622930218;0.678216567669971
0.44176492824478397;0.3622943853159737;0.5930387331244877
0.5828879455865061;0.5541507437046505;0.8284340016955798
0.9818000246075925;0.19182142337043673;0.18412745836026434
0.9497603111726618;0.23131382214965457;0.8534036134436493
0.74352190623499;0.026366468206263538;0.15542789978591098
0.022146244632604173;0.19875337673326698;0.48302719233374924
0.30316223121134456;0.6122647530130008;0.8168109231145965
0.5308448696529627;0.8434492732082884;0.5601727889831574
0.4832782170567641;0.5865277554002865;0.8230348898533135
0.8905416914255064;0.6410751558916639;0.36940640101419764
0.838667316816919;0.4215339472459555;0.5604222615531363
0.21982925543256038;0.05872311640075201;0.4809372914613744
0.9764218158077851;0.2598221865298517;0.33772878117810956
0.5965553666853736;0.7835364522017251;0.9331513462279928
0.46632711600843213;0.7744166771862369;0.513908221542282
0.776332454060853;0.6197300958446466;0.40881359702964293
0.7663262365121101;0.20900209641497935;0.899695718739241
0.4015571052518271;0.08456968804206078;0.17709841295252582
0.36693220799449444;0.8984913276293968;0.41055956978187513
0.4266930939974828;0.32685941092659954;0.6973178640538291
0.6842412223367458;0.21812265725393687;0.3932078900588185
0.6379634951124901;0.34234444328013036;0.31611187980519884
0.21147368223981855;0.19962270820530736;0.29043036983053794
0.2265962650991945;0.2635342536739973;0.5858720317404381
0.032944921674838534;0.705125132519329;0.18478298665843973
0.09906343924317951;0.2044884216010019;0.18791067194032818
0.0014669177282126133;0.6944284753199103;0.9070466195384943
0.15743143578477437;0.864182407321701;0.19520604204448766
0.18489963665619302;0.33695664153564586;0.6564637791831802
0.09098372683904088;0.7902058981745101;0.7634839091495459
0.29147014641914437;0.8863009588675669;0.5065954101189343
0.903714023897097;0.7341786681686953;0.8994922837536546
0.8749307835252835;0.1374977202640585;0.198862883494626
0.4268962602485814;0.0446956149540515;0.37419725310055274
0.06306578716238187;0.0037517921702071577;0.2896690299747139
0.02412989308616087;0.1565630450853157;0.29813850110717033
0.7499556715937475;0.2508581668089439;0.326857931559843
0.5169732578980136;0.4448087307069495;0.8298545709685017
0.6291082274222242;0.6873162936696019;0.48327519800068974
0.5552037418367288;0.3250322934681381;0.6851599393068832
0.7717907227581821;0.1656926061864994;0.09218623374077362
0.46345716313986596;0.22659441886785614;0.691736264193222
0.8661619338129201;0.6823797143098829;0.6855436534228466
0.7973599787327066;0.4256126440402269;0.09766412535095537
0.8616816822849513;0.1598920892025314;0.8739643684555772
0.7816998586669811;0.3862147547402546;0.6382577948137796
0.7927103980417947;0.085250201320345;0.1567912581636992
0.7334883778954291;0.38461256368715924;0.05390621668861295
0.14632751640210717;0.6616462342113556;0.7187501989121226
0.19229397019736127;0.5624168516978227;0.055732001397586495
0.11581102048933523;0.6642340692200805;0.8321581228097595
0.21871631968713778;0.09298770115413446;0.36765279147166885
0.18165367761548523;0.637143586310601;0.12520132421937435
0.24034234660612652;0.9931312485358291;0.6967978714516957
0.678604436983904;0.9686966662377631;0.2424441910761611
0.3137533982341809;0.5510582868535331;0.2889050192628848
0.24725630440924462;0.48312400890072216;0.2439862206254937
0.9061427280077735;0.6832431524536059;0.6827401785471184
0.5609955866831692;0.12115483412126227;0.9192508074788297
0.10802843556015451;0.634025491022065;0.46185125838518815
0.3566469316850237;0.8527229069442772;0.38708976277473783
0.9890836932929403;0.5944098724277347;0.09394670924973525
0.9461121929253258;0.022357151366356298;0.5311427346351197
0.9427170990921557;0.3106637966156417;0.2728826794423711
0.10345899797744362;0.06055757709526477;0.7315002312982221
0.6665732722679221;0.3603887919555977;0.06961525203837016
0.5842347424976456;0.11057801066938033;0.62252590293078
0.47915202443226534;0.37097831029742234;0.963376800422007
0.9828978282784135;0.03473372692676757;0.4875335263967512
0.765381436743824;0.3331675092470764;0.7210439830599917
0.27636601508048364;0.4156603686364213;0.8723221459480561
0.6091905375848468;0.9362809264056227;0.45535497030378225
0.34163711368744665;0.2525694763521129;0.9313118513654814
0.4039703416933932;0.804696901952289;0.4627358675122891
0.5056118300318396;0.20981167835141323;0.766193204271842
0.47536391782464915;0.4756101477168102;0.42914344157306705
0.5003968504969079;0.6419509720542791;0.06647882923367843
0.0609368459699976;0.22259607864811648;0.9135221355992632
0.780181225483345;0.20202162453533878;0.4507949431742557
0.32537307197494825;0.03348111139450671;0.6625297857012169
0.8298146788838872;0.8085150892411599;0.4074340228569635
0.021081478743937843;0.9405621005845816;0.9604457027646638
0.707122263015026;0.8878624400186956;0.21401341558732812
0.8839486059603365;0.816059351661644;0.8896962642594578
0.7527294770229298;0.39899494526240187;0.8374532451991454
0.16059878259329718;0.0082284476099026;0.4844768637650756
0.08647572329382991;0.8739559416638597;0.773467011234696
0.3907059496470747;0.8514555595679387;0.5483388930680075
0.4879573215939823;0.5955530265042974;0.5438048233441757
0.31977380163345137;0.0062084059799555336;0.6019632254652612
0.6488772379592768;0.13885958600593817;0.9741756742165666
0.9800193663860102;0.09689859394964562;0.39786300921762174
0.06197321453693849;0.8857768059960607;0.7036476012120866
0.5877038317840295;0.5443883545036874;0.9169579652665819
0.01818628070524364;0.7496619622762465;0.15429725087874535
0.21516221166586214;0.10050114064815541;0.5396615235794467
0.8487922130007259;0.7988873786193027;0.9849113202919391
0.015524388479826623;0.37048955109008297;0.922082755439719
0.42186311631003137;0.30264939240527755;0.20602378499030205
0.2018337763399719;0.13544904783957157;0.12826256139307746
0.6384688345472206;0.16664129300299757;0.7879191905154428
0.10296525452709959;0.8641696363814424;0.8923288677651655
0.559878069025104;0.11002107825149188;0.2828053120081232
0.6392677956930882;0.7644018426314848;0.8054358823649225
0.89318442977068;0.14961929102660743;0.8920005595090348
0.1665324424853356;0.9088168525285473;0.027324482181571685
0.4885445760005841;0.7304768092876788;0.4790496897911788
0.5755588173876139;0.9194169682318717;0.4605986557802808
0.866079768253315;0.8475025634771475;0.9393004320949154
0.8174942842901914;0.5090025732326353;0.5559755255140845
0.011709777519023468;0.5225894754928094;0.7585514316079123
0.8134790605374557;0.4862925153824682;0.6228624824893451
0.000489068503249479;0.16588677971857668;0.34459351569571206
0.23327657068071306;0.24213487423908497;0.26717772804770756
0.8655997005530418;0.15951003649272;0.605537378627112
0.45476593324875136;0.25562720462516975;0.9563191101581289
0.7042802969539742;0.1819216269173709;0.6147894227978307
0.6595112197170665;0.12291409246697138;0.07695695265514191
0.4503424172019119;0.4452293031914074;0.2706794477745099
0.8939573726151818;0.6834810657776335;0.4082058424903925
0.9985849021765701;0.3502054057199111;0.08500376231926354
0.12589938296417902;0.6427491666317201;0.9047917976326924
0.6766528340797788;0.6687942568421916;0.8323199533530699
0.08770322492241878;0.5811166209806314;0.7610918634798121
0.901338204178917;0.5531340003067923;0.7636741240185058
0.5376202613353345;0.04621753034362064;0.8826815349498719
0.9225299028854173;0.004370059775480883;0.3852035748400745
0.6155914025859013;0.24403856585543438;0.34273142887781194
0.3338841946163872;0.4957501281703818;0.21647915954776376
0.48729118844215846;0.628473690879745;0.9811834155948893
0.6729751823521897;0.03060831423890964;0.3384708645277391
0.05232448772493692;0.049254894879849465;0.9602352372545245
0.7474366476258056;0.9779263729348033;0.5436698359637516
0.687680932170259;0.035847059898244105;0.6865876910711737
0.37248912563616887;0.4445328219896044;0.3854400509836202
0.5602022655297088;0.11340998335886043;0.5521814530079622
0.13291344684373074;0.4238339283105036;0.772763759738536
0.17040720111470609;0.7661391851752152;0.6632135949962771
0.40104344696979255;0.7666552721086334;0.4457237608939767
0.3488634021128483;0.5894279879998261;0.047131521629608764
0.20470302533873064;0.5102604023681675;0.6808736135235105
0.2560379246478357;0.576657551489864;0.9613758070489448
0.07929891373457654;0.9145852258685521;0.7725508016710363
0.649639705847646;0.406409185788269;0.3458136639673385
0.9837401217379502;0.7302673271306606;0.2835593406808744
0.3107422322807828;0.42903347273216674;0.9844120143791569
0.5940929321797918;0.03067661948114897;0.32823314225376554
0.49490668658180026;0.6021120936634269;0.11735581036223253
0.39891966966738046;0.4822917714375451;0.8345996237487538
0.3030269770847629;0.37152138714537386;0.11932730019224957
0.23766728752402033;0.9795781090025463;0.4967786677856477
0.32811451645154643;0.6469109871820654;0.9035345219696552
0.8465449147668297;0.837029701930304;0.733611036308834
0.3519644921921632;0.8253241521084324;0.5802937378415444
0.005447204441558773;0.9209276816580528;0.8607590434700025
0.07842273317031967;0.3463427506315149;0.5403627967752186
0.8717057048082645;0.4847131507626866;0.6531542894673759
0.14818330544931868;0.44803081178015547;0.7280052390744721
0.5669462148681037;0.1564624478094323;0.733635488676119
0.4704080116403877;0.28100792928615304;0.45322018035945666
0.8517928307191255;0.5855133233304616;0.8166997158421835
0.5949699047476554;0.5186159076259627;0.9540886930441473
0.34001063277133736;0.09165075689104041;0.08441809173022297
0.9391989827999242;0.5732989872234442;0.32315821146264
0.1845845536758456;0.1557425356613361;0.16179065894058176
0.3623151524839342;0.24997612455737628;0.44993187877077123
0.12544446264115583;0.09526879543456168;0.8346764335144461
0.6200581511320135;0.6668236542643851;0.262310134484934
0.2657506967870431;0.8257031951540511;0.8447739442438206
0.6679701983185;0.6100422978246294;0.8613454122344686
0.5997128521510161;0.53919079904702;0.8792021799467573
0.9513781927064877;0.011608836596622707;0.34262998518186494
0.8701277586202033;0.18990590161066978;0.7759195986455851
0.9115246906623335;0.05592018638605356;0.2699684602877095
0.5906549314044308;0.6694257066231557;0.234391261917002
0.9625095096437581;0.4245446683399684;0.052280053020574035
0.38059153163870185;0.259615009318808;0.8180036604614661
0.4322573561614145;0.6099842548362387;0.765738776619342
0.5554010400158687;0.4493416488732467;0.11816673389253918
0.6973950076299208;0.2810547271131937;0.03004430141472958
0.9222663667162911;0.21710134588965502;0.3435737159375598
0.12790556496186412;0.5334468314048613;0.3096199768110893
0.3179286400839144;0.10261508883720405;0.11873300807917142
0.25408102656962117;0.40368328414845134;0.6352242326410426
0.7814823849393783;0.49998396727313377;0.23955451011064655
0.4327326101793232;0.1179974014921672;0.6985042907282133
0.09722433473947001;0.4731683916266275;0.4765123517833131
0.5326452420595797;0.8324506520234245;0.9780229802337371
0.05201346642768523;0.5109939941429216;0.25955552053073816
0.7998244433225283;0.04783907213310101;0.3753458909832812
0.6721646878420844;0.19847376905933167;0.3675429438590724
0.9650158189870912;0.9918553945174575;0.49320688060603746
0.3834221942912216;0.2372358870384157;0.8830385603944272
0.22028852611911998;0.7677190049853058;0.48714082268300185
0.7869451143097091;0.39075644517349106;0.27160953932323584
0.11801001189112637;0.5225273608176944;0.9574084438637916
0.1737044052268747;0.5575947424070641;0.8080226111797134
0.3039528123982559;0.2767503320629203;0.4169304337046643
0.03903016378861135;0.5283392726382355;0.28735946281699076
0.750517703258698;0.634872336084396;0.04092856877470885
0.00928956628924138;0.032320053964078;0.4743299306249036
0.18629662622000975;0.5804714170361048;0.4835895024047382
0.7340087376141059;0.4255900941326438;0.056787916331148214
0.6550333679219569;0.12739986894660416;0.9249491397433987
0.03236388219873809;0.6231105961689047;0.3064434548217545
0.3401291256844553;0.11487305372797607;0.09558503724202083
0.5472630223501522;0.9594931234364026;0.751315327924653
0.413702315586264;0.06552768510315243;0.5358038652255499
0.2711917588775494;0.6297371340697236;0.9213041049710631
0.9716966795246988;0.9486037758435115;0.3411208325893481
0.7917115902036735;0.6069792105048364;0.23765715139818477
0.3700930661276789;0.8703979642170201;0.8856616460606791
0.8151967707807345;0.012256314981515137;0.3179035067910778
0.8378563093672308;0.15395470100224584;0.9071651766544468
0.35920947604274245;0.9943533079457376;0.21320769991528177
0.4566297962738035;0.7356793432966034;0.49477651293643343
0.23715109142037616;0.7302015694846271;0.607081032384141
0.8869088515624033;0.8512264095808993;0.9498211655993993
0.18199648563653892;0.8080110734551041;0.51463147346656
0.7157672716463743;0.9319179610464874;0.341639112121505
0.18728279948781668;0.3646252765130743;0.539272356774221
0.7195543170991043;0.016244111784875725;0.7787581220438851
0.6443261215375254;0.7410579518793676;0.8824415522925939
0.5151247441049558;0.9148393085266981;0.856628863685759
0.2237767665139324;0.31580239109966957;0.5662055190526464
0.8877013908832931;0.31414278189825995;0.9385973336357215
0.8689692619673307;0.5457955737568599;0.1859456678796062
0.9995790673159646;0.04851803560529422;0.22470609591336077
0.49622063376403547;0.8757307261719148;0.45453620339885936
0.8395813236959279;0.24098923912591463;0.6613253555274544
0.882953293575583;0.8385137727153519;0.1746873050090525
0.9422256953759532;0.451369784622238;0.05980676915710437
0.09447076169379753;0.17280218414505588;0.8728363007184471
0.12103635357110376;0.6341018655151738;0.4606144130786155
0.2095093240295881;0.30446071898213933;0.1677954505398267
0.6923641097960562;0.7272575533016571;0.4024434280204845
0.49543638282844005;0.9503436811751573;0.24723256897371948
0.3278543093234776;0.6591880884547426;0.0929003231654083
0.8499318869320663;0.058218922135720996;0.7452996213537479
0.8149336700440902;0.14666223842280846;0.9111863136438285
0.16402421193122307;0.6378266037707102;0.1589889093501724
0.3475367869478947;0.5230182927560686;0.25476828377977
0.25725423627795974;0.8833846060320176;0.013733288639967256
0.20146050138209026;0.5220342660103409;0.1965733851188265
0.22633563224242303;0.8521380236723003;0.8187601266160737
0.21053169529803428;0.21947618610373498;0.8440556319754137
0.04077754996784588;0.8156446241916234;0.8400153134071755
0.18889369467554162;0.529842379638808;0.557147715178133
0.7361596503030028;0.4852370973697755;0.19368434216730757
0.454510284390263;0.8278789963531815;0.18794890763754468
0.16175254982095089;0.46842472559162696;0.44501588763791067
0.13836007661968097;0.3545507199434753;0.6766741557722946
0.5034394212726612;0.12955920710575086;0.4433160895421361
0.7400486171120745;0.6685045209593036;0.5596712151638211
0.2608023376642272;0.7784849154047506;0.18824680400800375
0.9120822910565757;0.2635391998513402;0.4428134792027433
0.9886953983627015;0.5477116826209363;0.8558024739136714
0.7181596985230617;0.4965991737185057;0.8050776610788726
0.40391866026367307;0.32463475224666016;0.17598057940944267
0.9205276083846414;0.6831600858859779;0.9089589855344548
0.5803974237704665;0.45012484429702837;0.5468122711522978
0.7462312709898731;0.7430069012614268;0.5162905587946679
0.010455636887705122;0.5701428098621507;0.13039551373038705
0.350197112050075;0.7510963715508908;0.08630090856042805
0.7784233608563798;0.050699038282908004;0.9760496047029485
0.6021578008901941;0.7701929947466722;0.9926407837675459
0.7525226515216001;0.33883325290557387;0.7234456548854309
0.38298560612731647;0.3026565102253357;0.366121825886668
0.8084839983662085;0.3652829808181841;0.928551909174074
0.45421392127447635;0.304953467700667;0.08638788652327356
0.4305468225765394;0.8205242372438393;0.011219032804341444
0.9649988653042135;0.3486963331322622;0.9163447907940494
0.5390006550839451;0.3787126112144815;0.838059689844945
0.24619049040594598;0.9394535975669994;0.31315905691591084
0.10978203353505112;0.3054510003827592;0.11391440911996609
0.8903532626434949;0.015910367132944025;0.21760322712103353
0.7197386926201974;0.45377500916745206;0.8166281333290728
0.5332810825850806;0.041870470636136026;0.7069794737136561
0.8711355523968513;0.9593029633186293;0.09259815663355175
0.12908689303650367;0.999975496783984;0.8438168744312843
0.5935202850572738;0.9767645358163817;0.3026025291242267
0.2480723127881751;0.7272148840764356;0.2239133636825762
0.40033185285325557;0.44654143852617834;0.08412369905892281
0.2256938328951955;0.2750820104307158;0.2754707366331268
0.4005651989365976;0.09467023988161949;0.17445805061513542
0.13381759245849467;0.6120681374784807;0.9472568447434395
0.7799387638853441;0.47951224355629074;0.49799086186424046
0.963117716220059;0.10726486510150501;0.5872169106402255
0.13384345266364017;0.3808554984846091;0.7994761447051985
0.9588828060767076;0.14641016979001875;0.38216120097853734
0.5589946071927289;0.23126190940973423;0.8943142143129267
0.58127094461624;0.09242556488704401;0.021501214782036704
0.8297088749930603;0.5973089205112558;0.9411871641069182
0.5357656746775095;0.25667002173511266;0.7924023615238289
0.25100402137877875;0.31959480792253103;0.6200347323134929
0.3179778661374676;0.6282871164068707;0.25811739282924917
0.8364888633718911;0.3672837561366945;0.24100783307689744
0.9970451453655261;0.7275646907003922;0.2686008301425711
0.7417894022033606;0.48255756654894666;0.0847014910840389
0.6000042476311119;0.16731498486538754;0.5296564905710696
0.9169621543300678;0.6669428374062681;0.24755837531385472
0.39721184392134;0.39975725734000167;0.27099998170372674
0.9055282836183692;0.7925415508777642;0.9144866531931237
0.8023568419066629;0.8313008827347834;0.6424015093367321
0.6508882463798223;0.6539467805226594;0.0030247245826435787
0.280463066375609;0.7922816250339754;0.8872023770828158
0.8931242794604776;0.9331932791889502;0.4081961154947633
0.5702016358430074;0.8733239430369165;0.8809882488501001
0.9122238064067228;0.2500583788661609;0.2061286431537317
0.9442556930656156;0.6050315462355708;0.3141248429049688
0.6875613201094937;0.026920559382723863;0.3655274095850847
0.9387728313653111;0.8205063336402437;0.03632134591016123
0.5159448979338092;0.26086748272500193;0.3842575838516725
0.08070321225359711;0.6747060717871327;0.5363080243492
0.3223804984015354;0.5955640921811338;0.2070302877614233
0.27962928286630195;0.14949915737247998;0.907125044786216
0.4892358572854407;0.460270815526061;0.6285526082487681
0.0791410909742527;0.27083920521937044;0.9055177522844209
0.15344271138911458;0.1958891749766316;0.9660990802585604
0.8630019735733612;0.9064398199857268;0.534546666737265
0.36277219335339794;0.6522982951455251;0.9337902027013177
0.219610932789984;0.7710217102367064;0.2711651242249715
0.31008651318164115;0.5747707184388771;0.5001505431298273
0.12478663201818252;0.1491664283028703;0.04657620683191499
0.5257658310066979;0.9293490132696851;0.808442067824263
0.4009798884983934;0.8983129022288122;0.9822165660490804
0.3812074332408386;0.8714328329622993;0.034848467466008004
0.44776074043538217;0.4946593203509102;0.2470793353915438
0.2549744192409833;0.5707196152636046;0.17249720175417582
0.48425178001905134;0.45803411690588214;0.658436818822609
0.8793373305677941;0.9816540477445637;0.6731806523996448
0.6458422693034318;0.7965107775653485;0.19849815552168504
0.2460504786739155;0.9429987486979369;0.9205134723452277
0.3087302155749566;0.37274829704321066;0.44960069867402763
0.5012887154773032;0.7209707494207654;0.4666408445137169
0.18852552811892997;0.2589408711157075;0.9393956731484351
0.9973762401161259;0.8049008142021505;0.498526609597561
0.6777855593243531;0.9046539748653432;0.5901010715215024
0.029647552433258784;0.9338665285334306;0.9687460014635121
0.4434976762430688;0.32679725642530044;0.25519779717375757
0.4287534904171507;0.9750458947295501;0.876670151310617
0.3774634488706077;0.9107393936237709;0.9508296746578161
0.7841727543751175;0.45505327897599446;0.4155253844744553
0.5097744892407704;0.09296918313246372;0.5091510267949662
0.5885354888225228;0.9359805077907095;0.9388663831609805
0.7120925780465199;0.149163739791487;0.34677740216628883
0.9926394021285413;0.237147647143363;0.00013440215615789786
0.0028934127269948373;0.8389957155454689;0.3300112446695622
0.16854864889593046;0.49226128893672216;0.17633337154472073
0.022565002746566698;0.25530010199666076;0.7505909603113935
0.018361860427158816;0.46764039448858874;0.7152981645068216
0.9462902026917888;0.6138912350653313;0.7622235120734221
0.6852394125850221;0.8291337150259618;0.2314926051352918
0.4155474175744662;0.30023812139946493;0.44183425515762986
0.9632641985255567;0.8402505811544634;0.30470387948659394
0.9735401794011199;0.10170052685064646;0.058570430383708905
0.16105831672521798;0.7382354300521617;0.3515813979658563
0.7718171348846194;0.057535174873596606;0.6519645304714625
0.05565879869145396;0.08717528929980534;0.23351684863858146
0.28280931149949706;0.19995931165219039;0.06948068430779653
0.20177803964935337;0.7033436277015485;0.7497664467052861
0.5846246897403365;0.7258287719315051;0.32330802090808153
0.9104158105507346;0.2613698855898031;0.9954956759618542
0.5299625999555735;0.6561094625812068;0.49696886528102324
0.09464151530246478;0.784560545572668;0.5224689582206639
0.003954468416720536;0.285025638882069;0.2297551004488242
0.019787609839384657;0.7721124596069426;0.49813421282689274
0.4658799756603442;0.2692948889450909;0.3103481964678443
0.8963622327641525;0.9946425108988668;0.48111915681976747
0.7417724140894796;0.49331847668958473;0.37554364206104696
0.6676837527420684;0.3135058693911751;0.2452723253940896
0.7014975671577398;0.3890113578442812;0.7069754802392593
0.3927259231655742;0.08979253918233032;0.7013962096660159
0.5979834518929162;0.1257352117664131;0.4808094261733238
0.7959861201704697;0.6958237732567135;0.5905220925685506
0.8151929242111549;0.40932180571870247;0.21912960147265004
0.20071259930909702;0.1624361394384055;0.1560202791779416
0.05981142170918352;0.961134474644894;0.3525987756540726
0.4467459807128411;0.10023718281004967;0.2850584295651901
0.9327754505982783;0.2684741295931111;0.18948147306451013
0.5935630257300554;0.24306277613545269;0.4452830296198209
0.5065438265182067;0.2282471437376865;0.5394487648518203
0.2574449632443271;0.9786255328518997;0.8750676190325506
0.08688288378608533;0.011430605531451032;0.740626356031215
0.014260168273083962;0.36016434659615204;0.6570164147798452
0.8735574789995656;0.5265325444453925;0.6821208859436371
0.441300468460477;0.8984685943180101;0.951285388092588
0.34856040881017936;0.6797840968752572;0.9019894395451639
0.32986163207967345;0.7931529644735248;0.6313064778312175
0.225976343868994;0.38213125436872986;0.33156199646541396
0.44539115729566936;0.9084298624878193;0.4657915127036405
0.7673852480756781;0.12932898206194188;0.6554790843541225
0.07490504221592709;0.9633073033519275;0.8532374753040716
0.23243158418261545;0.7144700032958593;0.2928412174734252
0.7212115991127923;0.8055783888087908;0.45847793298019224
0.3102580828315129;0.05003876687463338;0.4988760104445722
0.7024993456147469;0.7030614774289341;0.4458180974914092
0.41732798606041366;0.2512955677974006;0.5278821272037689
0.12740890501353475;0.7392390287305286;0.6720883747156248
0.44215490276898783;0.43856820703602273;0.9536193125729503
0.969178202311521;0.09836332351460175;0.6857045564358512
0.5907571820902638;0.703865192147256;0.38653721691454346
0.08968659963189463;0.49913915141824716;0.19052203772648124
0.21235516367828355;0.39085347464606546;0.3686667357295613
0.3984364801431476;0.057845150023592695;0.42770913799464216
0.11373415800567976;0.37561564987878926;0.1399042937613837
0.4550441189648837;0.315920505541347;0.5146156007429018
0.4338682858793469;0.34429328555344874;0.7294559846440806
0.2821872861169483;0.16431950536605333;0.1106893795672822
0.9067517767199245;0.5409983405559354;0.47690052879636535
0.6268017440116188;0.6149381797587777;0.0887830558569932
0.8402335549557618;0.23140894368720122;0.4906089092393816
0.9534328101758266;0.1314492463800767;0.666670453440076
0.23735221178187849;0.6793450216349415;0.19272875393265065
0.5973422333783879;0.9142406128795638;0.9708020434265549
0.709687366715451;0.7985614149784246;0.7359969865445677
0.5396625161587137;0.6187337319816925;0.32495397701530127
0.44837815348437804;0.11353322329878424;0.5339415854750632
0.9681937146644448;0.2275474443247273;0.19147365661939986
0.7052878120492221;0.7240989710692215;0.868026710172736
0.4391453344886387;0.45583623554341224;0.14217673390924268
0.12218770516743582;0.29034229156956315;0.33703580645788
0.6423940070299055;0.9313242883511728;0.7977694136208224
0.5897090115080147;0.9085011673840332;0.48673822878988693
0.8146044410411074;0.4899414547253381;0.3560486669004608
0.20450174591626513;0.27662842526143794;0.8543541187544337
0.661367352416492;0.7887373823342751;0.5828762712364749
0.39560465708990344;0.5021006697755531;0.43289196613247805
0.32241327589930147;0.03730324021818232;0.9270911624524295
0.4827310665552442;0.5317744187539702;0.051684633548101266
0.3552689105573441;0.7022102256516003;0.26629316323290597
0.08901954129042089;0.7027600681998566;0.6430384897669632
0.746058943779961;0.4141046774618705;0.9980165600280506
0.5511799559856994;0.36286756284483646;0.690501880630896
0.1812563201648637;0.9644338732658817;0.1643447132912781
0.6046884192283709;0.6528071890237203;0.8513113508983251
0.25088893463275563;0.026814684558099544;0.8524030952186586
0.40489328298061444;0.3673503299371659;0.887154350937459
0.27752324239931414;0.10711271000549283;0.7985312351446323
0.423276396977195;0.11698946691703804;0.0021048124399540846
0.2757407621363429;0.316153181920647;0.9445153231481327
0.7658702257883361;0.38752925834507024;0.13492696126134485
0.8419064681599345;0.9958525644249441;0.5712797988243399
0.23864720229028946;0.6479140538619231;0.13583602637125158
0.2216740576820786;0.060521649229444696;0.8087931463866191
0.67070515385435;0.0491822573862275;0.7787412529708145
0.11160217276924611;0.9458537931566666;0.9165584657969552
0.7304402310435344;0.455284780956261;0.8280073264343105
0.9852317914511978;0.13021509562991063;0.05016473721808001
0.8091645675489473;0.003022538954637999;0.23539772092622668
0.7781348005238093;0.20801978818536648;0.33616089694801254
0.4452760294717729;0.8472556216476474;0.49465399079201633
0.2506503812514975;0.942349944957593;0.5734587822024296
0.28057801178374386;0.9614004676161456;0.5546884527894429
0.18797523305566155;0.8779509596022214;0.052069400575818214
0.7413596765417932;0.8878236623611453;0.2204622728981367
0.9564547857061821;0.19008681202336974;0.2344521223974252
0.8462790507422024;0.561727499591381;0.38371074865337773
0.7309236213812825;0.07177557544142399;0.5964468008621627
0.292921713402267;0.2951189116330718;0.5244368610549861
0.5717042459138025;0.9879869994847809;0.6697854037330893
0.3276348407312497;0.6199997611079795;0.8147697551449831
0.5665969328268917;0.5282520926772585;0.5691210825488908
0.21926734660989322;0.7267158413016542;0.5954966648930688
0.39692425289882016;0.7467215596164914;0.7970959114391035
0.7700790141539694;0.29439950350786004;0.17384991468052347
0.22182325254181612;0.781997083369402;0.5026204146569702
0.0015529705588581688;0.813451544154467;0.4271590816257129
0.34461806439879206;0.47283998592560317;0.2599903956140377
0.02422054638605442;0.4560592000173672;0.2507497545399422
0.9155249153455348;0.48469039531417213;0.8127758268477299
0.6237048589260695;0.5109262481726904;0.3295282931611171
0.5954159641908264;0.2625996805317026;0.19213138423449505
0.1075811540114181;0.1439065877833292;0.9422903683544002
0.12955245625686973;0.5654721702898616;0.8689635432985761
0.06259382725794371;0.9678177040226359;0.1901134637098506
0.8811669434108602;0.25019943138858636;0.24212127142300044
0.010637686552173897;0.8431832770009449;0.21971107437190285
0.587349052433085;0.9915309697759711;0.2013962919861173
0.6343159370153958;0.30906712222451815;0.20149629524556156
0.026491819056040256;0.42077820897154095;0.3752586088492321
0.9379184165131293;0.11588381293659711;0.9688424196613067
0.3035418028885294;0.13423368977761407;0.3378741257023743
0.405131856247977;0.04992500314291515;0.9021133788312602
0.38755782411755146;0.4396222940404082;0.8992151230125034
0.9416169824368054;0.6533151635379767;0.6887586124829991
0.8984489028663492;0.1405427914224493;0.6549549881315104
0.33437914743930985;0.32053466314327295;0.9737481948632364
0.04463779993002526;0.7280830663245736;0.7372514819430459
0.3347134207596487;0.09796112516996569;0.8307552860739312
0.39515212324375126;0.1602444623912016;0.46883254221959547
0.9854377796897271;0.25515976330080936;0.03446186169377097
0.9181761910525993;0.65453849224348;0.514574274549672
0.9502240024896856;0.6069630603457647;0.13085752084668756
0.9300956343394972;0.2781249873623315;0.05032585808788004
0.44238776765172527;0.5665671690721734;0.47764813740098
0.5063584768443031;0.5854530427401291;0.5048842008703343
0.03129378301250674;0.35308453900977543;0.6750402138323632
0.08515983514180603;0.8643752404299961;0.37422196179920586
0.36412342745053294;0.3297872389097626;0.36323867370510243
0.44137759491634343;0.031511810752745784;0.260223871483901
0.9805247163927227;0.03269566922251943;0.966688764937093
0.4747071307926076;0.14685398404454986;0.5080387758982273
0.6017721822600599;0.9319504334082833;0.3927524018163624
0.695218783136035;0.3195969712629191;0.8487494089586931
0.3355769837756588;0.8184550752583527;0.8866261676988837
0.05248437639021475;0.874450977061856;0.6418297521253941
0.30136371141201723;0.5591366626834607;0.001378026883270933
0.05663110261416893;0.07107959791159613;0.9666102370387792
0.6830880699602389;0.8010512289768388;0.8833627395845014
0.9905346642311439;0.8128310043900713;0.2950000945846316
0.7782066664607533;0.6106471500409976;0.01371680947312326
0.7268595100657679;0.1513809253209919;0.9905734583509569
0.0378151448581292;0.8457027881106557;0.5263146622855892
0.7499616716779702;0.17416894471954725;0.22259437568677942
0.8553947756484517;0.3205868259093736;0.1711649804586638
0.477823068196387;0.6631603809954589;0.5302945086248119
0.7218158685959174;0.771563010273048;0.5313551519867773
0.1262145493006721;0.762115009126631;0.4008008318873234
0.4352753838665069;0.15337371287607848;0.5522144106574133
0.9149429145416708;0.37056400663613764;0.3193818006724969
0.9671930892993011;0.06872110699459544;0.31080694789999563
0.1043307148313184;0.9960170187712349;0.22357456973326495
0.23113120687786737;0.5950863934465132;0.7251369328526245
0.3942537208398802;0.10849645024020416;0.6777473766645857
0.01531962889488414;0.57918488420069;0.22002267350634463
0.45487520962392736;0.6946352424923569;0.16364126038317073
0.18743634097165462;0.9371996400298368;0.49004198008124233
0.20620628667478802;0.6492239467622495;0.808530147102302
0.9063334643344663;0.9776006689280095;0.026298678262829056
0.16290368840553549;0.1324200083175151;0.4006402526072772
0.0873603804973011;0.772466517693099;0.8906102331105562
0.3619795044787373;0.22287150986124282;0.010771257275466462
0.6649304276744139;0.8911417997111634;0.18182042354128636
0.5755363245365801;0.5319991144301623;0.7412774507537888
0.5773912338326148;0.010634829679638136;0.23547830565481087
0.15359454499147507;0.5759389740522721;0.9915105116376426
0.8673701214048908;0.8884129899207659;0.2901357292605389
0.933478333275076;0.6239210253853398;0.5660621908673291
0.1987112881810481;0.9244591034986546;0.29769235823632867
0.32782550969401647;0.33056915235279427;0.6169641663413737
0.35587029727118735;0.3725499884823429;0.6346947110047347
0.904061818623221;0.8672639083697686;0.6526288152327214
0.5958017607049527;0.9800140365523629;0.6356181201549017
0.059162119293037385;0.6075943944288656;0.7488737087012078
0.786689693846572;0.25191948660128405;0.8765588090590963
0.21531069851511575;0.6576635534793693;0.1580757309507178
0.5230443857820877;0.5386602620181883;0.3858780365079866
0.09997230172870064;0.002693180254647931;0.45429225781963023
0.023652846956689122;0.4444424325401408;0.03906089287333703
0.23926008524527853;0.14012436743640044;0.6820474311709698
0.4735335661777157;0.4533637671000774;0.1341293319585697
0.6055221401955465;0.6424319807663609;0.27854595723771136
0.5715321784535405;0.7210395873104687;0.4821865052200087
0.9370172599996189;0.0650521504551036;0.8080052669904267
0.8794206703085191;0.6911697399521716;0.8332905288338445
0.02285653553892586;0.6864061667268365;0.7960146369344976
0.9578387412008927;0.5406263548946855;0.15541300258797663
0.46594937000203906;0.8273756949298533;0.5598913021612985
0.8236576007943542;0.6764557020696116;0.46012153289210145
0.15958843802130673;0.7382605728800496;0.7639241488882706
0.7212409833125649;0.1122264641580688;0.8371837294687831
0.659730449193306;0.858378015247891;0.25353559574247
0.12087360209075648;0.30815419004756617;0.6495598775291634
0.24363242885771386;0.08857167547468336;0.7478728808735915
0.12656049102881006;0.10160635639477678;0.04684148710685887
0.3411120025888592;0.6180264115613073;0.19415016188122247
0.2714968944218079;0.6809709645989953;0.6606431649840248
0.6493617732304049;0.777935903500754;0.32823859383941534
0.8664754702234124;0.32810025674569854;0.7660173428493143
0.40681047898569156;0.09615501458489617;0.09960865771553862
0.4387263179798715;0.2736264278030984;0.9360256593025007
0.06901268977790465;0.31898596057197215;0.38230252534178844
0.8957867261776693;0.7416709081428746;0.8466571002465219
0.4594705768781613;0.5358928007039789;0.8004021940485739
0.07784436591330679;0.6233164305311386;0.5589910685891748
0.4563345899040301;0.6442608234262754;0.17359531274071272
0.08333527887408143;0.7996599918849379;0.9445038610218512
0.6651641410524542;0.39682989087732123;0.20024287217077974
0.7045184879686374;0.0977743081385738;0.2682044163067664
0.3324606660066911;0.5166067821914012;0.09200807213678852
0.3216237956725678;0.18553289318067734;0.6803978061271376
0.4235809399762309;0.9343590563637442;0.9622771123124958
0.03856274382958125;0.06758419368027546;0.396439486909817
0.2924549067978942;0.9401342043923075;0.7204651930754777
0.5551949585534605;0.47105502315766445;0.6921889764247342
0.8142578813447657;0.7675197178659584;0.32432783456864556
0.13189407973318945;0.7156357808887982;0.9024212088480665
0.6468777179921684;0.4756554864653396;0.34929150822232247
0.8323166383616338;0.06012224410241507;0.3552837487297723
0.4677315160573977;0.37978274195259654;0.890312296451295
0.25076943328961154;0.7005908943179716;0.06405124982790389
0.17433420501667485;0.04552646042398156;0.5785250861528881
0.818882310434954;0.7754433968792698;0.5337203070921287
0.393174198382647;0.970031911179494;0.7910930733847286
0.48747534826898686;0.01169421398547621;0.7825974792002198
0.2855267252288126;0.3546562870477682;0.670776757459213
0.27109514318896566;0.8901777901089324;0.1627311482617817
0.9775403361108415;0.45056909893419894;0.18621272456478966
0.38954962536544746;0.41688527425018396;0.9886444681683549
0.0183099765275494;0.14728214392015826;0.6976192325733122
0.05822704805867773;0.17375705030745814;0.8465701931591747
0.5823876373026443;0.7894926244423088;0.50110064070614
0.4307084711084258;0.10651214660101727;0.0581253644760954
0.1623886086787777;0.7025722935365146;0.38543425310185364
0.19527242904129427;0.37275019599278614;0.3289329984378664
0.6273249176857709;0.0624259716893284;0.15698929857636978
0.07127716947950136;0.7505037669580151;0.521225841552202
0.21220867315396086;0.3357112880016634;0.7149441709209912
0.9558906086515192;0.6214930870490403;0.08040746398432719
0.41359845903486847;0.10090938484969014;0.5987630738561677
0.06563984317275007;0.13159926201500882;0.5934714230538843
0.9465344382478886;0.942736332665206;0.6985248140126247
0.6767811009546486;0.3369472786629988;0.7160927364366414
0.5068677395325827;0.0613470568675919;0.243141563102088
0.7407972193471838;0.13034360446112114;0.17619440756730198
0.24170839620429274;0.6333779467724293;0.32949299771956975
0.3180637137057529;0.13640485780430955;0.6209887464545814
0.8502186231645552;0.6047351249400974;0.39190541657394284
0.07430209791219589;0.03786636822344702;0.37135277341343675
0.9114030817743555;0.6115009859633583;0.01971857422103196
0.5763334757798039;0.810296151365309;0.8137690642005813
0.042708295205368785;0.644455046166588;0.8271322585933076
0.6350725397860063;0.43414175186386617;0.877643464820066
0.5305860327840521;0.3764668681743615;0.04203621947968239
0.99697056707328;0.21543396579970642;0.8873466720190812
0.710665538006841;0.29447288366916013;0.5140635225456183
0.9082247818615853;0.8993161440509616;0.8523006429463433
0.8635603707845549;0.9963084739892615;0.4285390693037723
0.09280414774156864;0.3621667249452112;0.25991930357447146
0.9667801730131326;0.5304312119284157;0.34000410327650266
0.6586372414434696;0.8626515648732207;0.030251962857039683
0.12677042661419047;0.3710966685206919;0.6019728395281951
0.6950861067966931;0.8852843852700054;0.27870425873762794
0.9729890795175015;0.05013468696535339;0.62851547354681
0.5300993757029541;0.07754604764830653;0.9994829033007858
0.46143548974477344;0.11998164828921198;0.33656354714655334
0.3681116779361836;0.11000613023934502;0.9662625902401796
0.5450814036372734;0.6566692816809249;0.9596802346530326
0.09418720009327819;0.2089639970759577;0.7812143850124074
0.9661861910795683;0.22581063962600023;0.4944437174551565
0.9775632283758391;0.765927627502247;0.5273791544065624
0.6957958236389042;0.8441762634026896;0.22545473370816294
0.78665926541458;0.5880133469077659;0.9268506898042478
0.6145986507745479;0.753032994407595;0.5371757850856531
0.7945556423100458;0.6166741402698394;0.12408485754614651
0.7526174298545392;0.03157926387026011;0.14947457390452645
0.7184337172088486;0.22000492171635244;0.02149030809639585
0.4695781908941863;0.7174574507104574;0.9844095976381182
0.8076268747559947;0.8122087082886864;0.7519182296184527
0.5781145065588108;0.45942696418666995;0.275645490724753
0.5745049155558061;0.7015431225854898;0.6054203383254043
0.1544440832531072;0.9635903834677333;0.04373126154503293
0.2347516451763545;0.7608435996021968;0.9712727530204722
0.24501310529823583;0.20500500818458034;0.9149175946454261
0.14660007344977322;0.5054771324237485;0.5410004605910367
0.8541480718693439;0.5152181689348383;0.9544384224161204
0.8286509869602318;0.8986370094754843;0.7934687395369087
0.9887751266192853;0.42541970717725264;0.0037242511329598216
0.6393263933344094;0.04485137829130326;0.08703990070249068
0.04834605015291926;0.7961996925803851;0.665720393444365
0.5828191983564811;0.5741047942006473;0.17069648452986486
0.967879857712608;0.05168749220345814;0.4692412429268745
0.8588852442667826;0.2994060764868868;0.6293951228960775
0.6579987628630336;0.9812408013693585;0.4001522805187163
0.208888613870717;0.27628731052743294;0.9458443881658741
0.6972297867410798;0.06739895997291989;0.6332358817749392
0.18214766857127884;0.2712046034857335;0.9278040008272693
0.4915982984125875;0.2783286053834624;0.9045246274422906
0.5521002145019955;0.2514342435591861;0.06896591698208532
0.719691048243795;0.1506399047979825;0.6279710582244974
0.9679545799112387;0.2690450257979904;0.39744813741637797
0.2715876724298272;0.7972304854067715;0.4138465631867322
0.023647297623001773;0.48267991864762394;0.8675242486164721
0.3347331434418497;0.10320009778248196;0.8038106140114029
0.762441233527694;0.4753147436223498;0.26171955818572956
0.07574855928521573;0.49322445976384655;0.2513419641151634
0.37542457658396156;0.899040762335479;0.6974143839366027
0.015028847345106788;0.06597668218126085;0.4431529135425515
0.33098464285462004;0.3546136714958671;0.36506692569089716
0.2707529270726996;0.8629307790242214;0.45554376471149516
0.14076663421236202;0.5669502958093267;0.16933665242292062
0.3156526408746245;0.5255052920677465;0.5731364350864604
0.7339019552400257;0.5809876531727102;0.3606077393899352
0.8850106454429524;0.04351903447572347;0.49133839849584027
0.004008115030078474;0.19837499436023565;0.3363672323031208
0.28197230423851627;0.9488326564471525;0.529268126604659
0.4186614510321368;0.42438603504587524;0.016512716290576934
0.36647945175541574;0.1707395792226717;0.5442177650576882
0.15443227107476698;0.3739299916439002;0.006939526004311136
0.8654645877496141;0.9876414764972367;0.7820360385336703
0.1622356211159106;0.9642149864295073;0.17078768643465536
0.31013044121978584;0.5153294331771393;0.8963212045458278
0.88809835248944;0.22185100610792696;0.9710519585268301
0.025020450388490212;0.328337008477123;0.3761344089616103
0.3085463957915966;0.995825958819439;0.6900967551360512
0.3070541891833235;0.5888612449456854;0.8494338763392247
0.8007885505217136;0.3271075736281379;0.38090578891362226
0.22061541823717634;0.7560106218384934;0.7952073491923188
0.8348700961484251;0.7797987861533772;0.006385117608659341
0.08978397468529498;0.3008561296353537;0.2796434247376376
0.10865803114062755;0.38756473938532177;0.8325013980930833
0.7827946063322551;0.9371937894235759;0.05304873250854181
0.9366721936602947;0.613998647930683;0.39763264166196866
0.8039522707044208;0.20818938485502714;0.8385779734222839
0.6558858623227483;0.566340219092371;0.6744880032890819
0.029023695842667285;0.20122632397666607;0.7580327324454844
0.36277623436336837;0.25825254318674074;0.052549078449894204
0.896255524549481;0.6662924170736924;0.6030237755644803
0.8568423321841219;0.4921503584832382;0.3402156923681666
0.8255312046698859;0.5309868060103692;0.019490395574421893
0.7662269441766416;0.10755509680209463;0.5534550671616079
0.9939218398421292;0.7631955833847465;0.24552682617549648
0.13115820146774382;0.24264410308754025;0.9687743063074623
0.20363684140059557;0.2961399587976389;0.876560253403403
0.9618829508449159;0.7640789140191523;0.9046080514080965
0.45359356749715396;0.049520795683597685;0.010873123285569442
0.3707277993973813;0.030634270186689738;0.5225225661129467
0.1644088243957108;0.9079976321578744;0.7743328560058694
0.8751301686767563;0.3501605101534918;0.6611983865128783
0.6152711333007881;0.26076873862279026;0.18039476323146775
0.08218113610935152;0.03290091110884341;0.7669162115964401
0.647890637292937;0.979612770597484;0.7317979000718183
0.9091666824869393;0.392082180296077;0.13556891434310203
0.3467560876583098;0.0018836008170564078;0.6417780077368281
0.3327653735224786;0.20210987074348996;0.5554498698471386
0.7674337274113314;0.25254573651042445;0.21248526905111942
0.4467807619462031;0.3220072496692369;0.9565085029408628
0.9690109348175172;0.4100100899372855;0.33347050782625165
0.6614427929091332;0.4426332291693662;0.16737241453807106
0.8169096072390764;0.0813093882540521;0.4849784518376742
0.9400039376197336;0.30100043951169364;0.1549449173923929
0.8341117208830772;0.5781994789596555;0.8471544610989411
0.23678584194737784;0.30251955955530296;0.4521607871594937
0.20169342493139453;0.7470281237756792;0.2243520030324272
0.8875555319351915;0.7005849288249603;0.8424903872776712
0.9500975216450733;0.2636068894071022;0.807943754421574
0.6887176923672358;0.11308610579020995;0.7063240521574136
0.1728995127657077;0.06101064515301169;0.9450512125738926
0.4278900157914485;0.30537397319604254;0.8355937426256287
0.98058758725656;0.8569820693059995;0.7907940657710241
0.26862652195506387;0.1986473306651949;0.3589103291870992
0.33422146716047574;0.7765077191928081;0.4805583321370075
0.3456172011126122;0.2526626208308058;0.9995825816309395
0.6549239457441047;0.23793272870129134;0.7893644290224426
0.5565464757504415;0.8532786848854825;0.7399311421932208
0.09362942091292403;0.4930039119769498;0.8501468421764664
0.12215311687519537;0.13317232904908138;0.04374372546561178
0.15332296159270553;0.6906190006397566;0.6984789003080317
0.34706801266174214;0.9165127567962656;0.20819021545628524
0.657370584072029;0.14993783800049598;0.5999008977737419
0.38793791454756443;0.6186834442478991;0.08069365612340085
0.3679110956447622;0.4719261849286167;0.21679008829722746
0.166967012165822;0.47578236257656914;0.6088354240195352
0.8076949469752766;0.0759090325419639;0.3294442523968839
0.9461579997178697;0.16620130044089687;0.08822061481353705
0.8522139435250726;0.01730885453465869;0.6863094509510465
0.05148511873561856;0.8026572285303711;0.9727506786326823
0.8339197035235121;0.948954792841433;0.7968160170338234
0.30982344141355034;0.7561289071740454;0.3188318840872887
0.3456084894192296;0.1866330948561108;0.34666132833247254
0.3482161166656239;0.03934509454735913;0.11793286603321795
0.3577468088048953;0.4943192329536126;0.3325503015814206
0.9450657296661846;0.8087565168667922;0.913028802209039
0.7417485075939176;0.020119885126841264;0.40870857349977807
0.2184239322553595;0.33569414844171863;0.12656276720990678
0.10691930083615508;0.20026222010344086;0.01786425756199972
0.010444619903730357;0.6918785031793263;0.5860009227660581
0.9050598992290579;0.5013951281038551;0.2337316942618981
0.9361637554359088;0.5394842950273233;0.8078473964661315
0.15587332397326814;0.5900728127408326;0.05061525077508011
0.2742006733369158;0.8649423596418804;0.6188293716981206
0.41865223038913935;0.8483319674620924;0.7696864261451277
0.8086065913785724;0.8660406767822298;0.02610915776331668
0.39068497760525456;0.9181293345199045;0.6951656479266265
0.08826613747733869;0.5716656945598703;0.5989737628694332
0.7398667759148774;0.6056634665364229;0.23756596399380092
0.1608833196295354;0.2743312775471133;0.8222936299299455
0.13119408709446523;0.2844498255717878;0.15202825479295146
0.9073731001774674;0.6130204866335778;0.2481549365545661
0.07930642790509068;0.13261501582781476;0.9388532910123911
0.8704783592898605;0.5493179656264274;0.47427304235525003
0.2608270558748351;0.11419867956795882;0.10488307294986299
0.8938763117439172;0.16097804907270097;0.1643201002517981
0.8643064915233492;0.6464111133784528;0.136298410786306
0.7758869859032876;0.3500385458317693;0.0960687190566396
0.39147322212131486;0.4340479086200233;0.502806380902092
0.8817774757997446;0.07748922898379329;0.8862903427073694
0.7623342646866671;0.303194379286725;0.24972849361061555
0.5499730199388247;0.9630569503128341;0.20973465509973144
0.3390401263280305;0.4262702083151746;0.6478916933956962
0.2800789042281546;0.20281766800548562;0.605591395933029
0.34704349353806574;0.7800969823889202;0.9909008031479789
0.964062097489724;0.34324102013223856;0.7091340599119235
0.5979694869975938;0.9810250125209077;0.9577971379079467
0.6220529365557846;0.45855251319085033;0.9086815154547129
0.39891224613628107;0.9986947482701426;0.527882843146581
0.7645574414908641;0.9584643913587705;0.39269653339944655
0.5793061133398851;0.37548145410573797;0.7883642424197788
0.407025880154538;0.38669012455318985;0.2302448154713005
0.5193668825306496;0.09036612129881871;0.23021772203076807
0.14592193141013488;0.10932862008828281;0.8830349915278719
0.7606838685361642;0.8374874314585968;0.6851018945751892
0.3756692574128093;0.37320889903358867;0.3307632631503884
0.06797159326875957;0.5903432580478182;0.02987186003072151
0.09516634101248389;0.9912749328008998;0.7562774599943346
0.26876361938898075;0.6309335784952763;0.6502253469507836
0.40583006002046096;0.47382760967799975;0.6319524944705364
0.6241904597507578;0.3663012673858327;0.19584050661235297
0.5199287532665149;0.41942839842139346;0.18631321854153582
0.3828898208689733;0.908398926463404;0.33610985744777
0.6188629479734453;0.05059191358693982;0.3637347870558273
0.7245999084368789;0.7772726723585952;0.628750379281167
0.7609389297626977;0.3549918525787732;0.2937275859936448
0.540806579308094;0.8249927829892948;0.8905314551889761
0.6340686698802381;0.2692236427114385;0.8030943020408119
0.45005455698202657;0.9728515826699747;0.8182084773200381
0.2984255645301864;0.2199044343245089;0.20991129617876625
0.4135173026753517;0.3091228243173725;0.4518190902242819
0.3101102658653986;0.1887305735852406;0.5427102205497057
0.14810927194644286;0.34817301321263305;0.22911485208355653
0.41583405776773563;0.25064035765013815;0.3387187858423143
0.7697105127281841;0.9449279046613106;0.5341207609443018
0.2850775725672745;0.43135924793682556;0.2823912967893173
0.6167360475803533;0.09568062388987042;0.40766174550443657
0.9430659060629698;0.3156277397811027;0.5407074786739088
0.22444517372554484;0.7871969505938755;0.44000483108266397
0.4978001210523264;0.056457379070853686;0.2317516629731713
0.10622612522208941;0.9312811157903361;0.44989973425570884
0.6730622726285682;0.31594167251177163;0.8387823564775709
0.2843400276067579;0.9752193283419237;0.9595093442700974
0.3820360609698088;0.7201770619124228;0.09591753849058349
0.9481223283351925;0.7515717733976507;0.8962142215067324
0.676849511648909;0.12293787836786907;0.25450110575999463
0.1451834341495577;0.17410873531699045;0.9372444102678458
0.5309305413927726;0.4436148266072839;0.9201876269628616
0.17265917305505596;0.38749274732813377;0.8393291863108205
0.005892981661171914;0.5719205365638451;0.9918526798223738
0.19177194350256987;0.909516246664002;0.9902553114561077
0.5165414395058818;0.4172404555255108;0.32768648862081395
0.26529789139713367;0.8143920123555923;0.0943556511819803
0.3084061530064953;0.6279765694458624;0.6846695787466764
0.931959498192099;0.1742072255126733;0.9926030239152915
0.3138775401995757;0.09774913872726132;0.2662017324829269
0.0523420864373082;0.48667233395286724;0.9732952073156855
0.6906356718596738;0.04283144508231629;0.7410008752143635
0.0019095285527488404;0.5362219391785845;0.9904300039409947
0.22698670435827661;0.9912626847921222;0.8084300836959286
0.1374146802125985;0.9165476278338051;0.9430300550985125
0.8815678911803088;0.8869615955264806;0.23349395037570653
0.4524893402115724;0.8964876409579506;0.7202417765612715
0.3246166985797364;0.8701416458433817;0.6046090401257783
0.4249051254912123;0.4359940451052593;0.8249575451262354
0.8793784127377041;0.31856086621805524;0.3777286832998116
0.6126860010640721;0.5198985320473242;0.3834712753559346
0.35135784106997536;0.2605831107231109;0.3944778299861411
0.9227179132771127;0.3947109205189464;0.1891164457098512
0.7595594725161748;0.12589342236958456;0.9256324507956027
0.15775310209771287;0.552639996102995;0.5628658604873479
0.4103050796122075;0.33800909237342747;0.20332913528042174
0.2760949124147707;0.049633640354615705;0.6206128371356591
0.009385839696027132;0.7660225314193844;0.616687413612906
0.6728575551208681;0.1718575249499945;0.1992410541122407
0.7704239786865261;0.37761793584947867;0.8533796377437035
0.04535275537490435;0.39667810273977155;0.24811136761334662
0.2771150918398487;0.8978718858504103;0.10215093805349762
0.1251907909492206;0.07268955404233213;0.20558746033004494
0.2769525938880969;0.49276963887485403;0.7584138404418647
0.5327993120791469;0.19345380878555707;0.8374286272149326
0.7073544782508054;0.6588306828001506;0.37171654439286483
0.3058525222388413;0.09152005614934666;0.4978719211102841
0.7863840534210992;0.3497909216627354;0.9040462241836671
0.07781064769133528;0.4047087316240946;0.45726840637210464
0.23656698661176212;0.39870396124041263;0.7792102400110823
0.2442601190732785;0.9362455437521379;0.5145105408042684
0.12920648590167483;0.6838159626164042;0.4000713334024173
0.45038024879999317;0.3302186549357655;0.4326692396538997
0.5940731587750119;0.8484785871175415;0.5044033212573263
0.4347747951142811;0.5831477135289418;0.9868966251500827
0.05535304762537985;0.24335734991306857;0.1289966772935185
0.1566811744606036;0.279744049480948;0.5359054057326447
0.8495004481553254;0.6861874356720039;0.8390970135793395
0.8650933934489262;0.9510958714032371;0.4414811624694288
0.9454338682548227;0.745390754001174;0.11624999545273396
0.5860020377523781;0.38673596720849457;0.37498190728919845
0.330068487159086;0.9218899898106697;0.8582507672153906
0.9598373829358047;0.3747042642899947;0.10363604570454321
0.9968920751128427;0.5143053707121646;0.9094906135665556
0.6012586572997007;0.055952071758190614;0.3551450537977815
0.29892481672170346;0.6945822144435976;0.757380642935824
0.4676509945055912;0.5027476449764577;0.6929317379624844
0.7244159426385622;0.5715009984973196;0.9745970586687643
0.28826057010814554;0.11659911999113881;0.07365368207224166
0.042236748412557756;0.10082945855653791;0.6421308655329341
0.41096561705685875;0.3848179374094365;0.3791226299102477
0.2318233076259566;0.8013852405314975;0.2695964458835177
0.6829991691244917;0.9717082094726534;0.09683839730061605
0.7178213032987143;0.6550413497007779;0.9110514292043497
0.6479004633190288;0.8100481246417183;0.8212083195673806
0.6928995780595777;0.9157983080673017;0.14638091401306152
0.5320512723749293;0.16811418792731514;0.408239376923929
0.8601012402114006;0.4494025070289698;0.5020139394203762
0.4441025777016451;0.49570369622741095;0.259119497513869
0.8579687093654754;0.1330956627025911;0.3509925744060143
0.6656456912130485;0.20278905039746054;0.06078609709742511
0.9798459102439806;0.6577095628256531;0.12666055027930878
0.17008494590945644;0.5088932589438072;0.31273763543711375
0.8661491793962006;0.5730346787869545;0.602076801414356
0.7144007919094943;0.16986958794073004;0.1587276741069168
0.21886552554601513;0.6896621142863127;0.6054579568512293
0.4559226015490695;0.12537616218618497;0.9186666072563576
0.268488750343422;0.07258387093588192;0.3355645048478859
0.09804644208575519;0.7137419226025352;0.10505648428477621
0.9759674257241701;0.9769865877707375;0.9662789128768792
0.43177061788948756;0.3278837198966178;0.864404989405353
0.5527242740710376;0.8122677938758424;0.5522794098767039
0.739623866945029;0.5376085190181928;0.6776975811715258
0.09058821036510523;0.7523325685543508;0.9458310182436147
0.5152897495385322;0.14954127370240167;0.279632998954336
0.7263124420260443;0.5732824000664651;0.47688909044593997
0.9246571958659529;0.33642700886387233;0.5800364475320855
0.13652334726170223;0.4545009861752882;0.5078918844803131
0.8525915836373698;0.2691989901751669;0.07160778414374813
0.942631584793621;0.055834705040971544;0.6729018621346261
0.2737790146636708;0.5098613170264246;0.05076623495815513
0.4251842857857179;0.056733903634165195;0.34405743965783364
0.4977941698129137;0.9971607920799349;0.48909975639376924
0.7910318947815742;0.09959864525711348;0.22376291593454867
0.7052248337918768;0.6377895459268151;0.9661268961337732
0.4906157305363792;0.03133326841930628;0.829940327287595
0.20666679999394477;0.8547109951412194;0.0730064383739849
0.805624433480377;0.5791433191990486;0.5181531265127183
0.21163303916650367;0.5627815085042617;0.3406042988157323
0.9994771481815612;0.35251528817891375;0.38459773630305916
0.15547364908416628;0.7607837659742978;0.37481406282640883
0.6722435998372105;0.5577381406878791;0.40521457097161717
0.8068720794272604;0.7655516065978439;0.07909506646736641
0.6362462469437273;0.2509716259899728;0.9948243237643151
0.12342719559595627;0.04755049227752073;0.0966604187170349
0.8359406836396973;0.2514058810588038;0.7129178503721004
0.24053330486166846;0.36245963566232087;0.5448196931832469
0.3706918988043534;0.07439400077781877;0.8096502512285657
0.1519715398167093;0.19762681168802176;0.9500521386236079
0.7007438137606206;0.6653324109308244;0.124330399693794
0.6901010127376052;0.5409183722801074;0.5614559949961457
0.6291532351302607;0.23664394005777512;0.13341179768207934
0.9119555224029615;0.16571720352838593;0.23791629080019483
0.5872410254322137;0.9453852664488995;0.282388143840664
0.6292311335517637;0.17511495398262844;0.5169254977211813
0.8499333794349683;0.05472998567240428;0.4709465620798038
0.34687672840568495;0.4674525254675064;0.2350561378882513
0.8732847473412603;0.9995617742182545;0.2576031694986721
0.8930301543837319;0.7703315519339323;0.514846976959068
0.22743752958718377;0.7286243012494248;0.02571047870302079
0.7897347228022239;0.056234736027162;0.697658412765487
0.106408357168297;0.730318980736564;0.5562700249469478
0.5719247481961671;0.581999769632582;0.6225319010305012
0.3513977606071298;0.9277789028864616;0.7422646873360663
0.3548337161572507;0.42813311744271265;0.2708764644333419
0.7923763069557703;0.9564038375714364;0.018188674162740948
0.10694368547448208;0.6816406411021917;0.009361880572885006
0.30703942087555336;0.1819889835317683;0.442280022584285
0.20538679479646127;0.7456185197176042;0.4917853034951618
0.11718970202391399;0.28707820444732157;0.3467073803390508
0.41011093932887843;0.6780288540355164;0.20207984745041596
0.9299288859518308;0.12924228273309568;0.520423647651906
0.8775202703934029;0.43597595085856033;0.26829656445769734
0.2779907494190047;0.9935085520296166;0.37470379663759656
0.06672172969962664;0.14598622912580372;0.9760709891741285
0.6690591227141582;0.26375889340763803;0.7071330268507836
0.6572979806979513;0.12352342580964426;0.04795814860192815
0.26941470833697656;0.9027428578307792;0.873071440555971
0.39195431705155215;0.41000327886018584;0.10500540571047734
0.4667123888837651;0.7266412657868241;0.147799695709386
0.4558664935319624;0.5760307935340354;0.5399262650688155
0.5063312109160536;0.88364065208558;0.03955790383209612
0.8764106340484895;0.9580752155519486;0.5388692128893865
0.11422191234940393;0.2834974363643582;0.7736298581134213
0.570726357317754;0.7232328704769598;0.5922593635196101
0.04595104453091736;0.9778386094363146;0.12246074145039687
0.4523006436568294;0.02277368616896769;0.05847769268645986
0.2609240565976645;0.49931842681414584;0.711089390115074
0.10842199337983316;0.02960675797714485;0.029353735308230156
0.44567404253808063;0.7872458380841024;0.8879823959104355
0.6328434353711466;0.6530734872589599;0.03040958616406586
0.6422095572679067;0.4974218491673923;0.5245563758183327
0.654563543951111;0.4546738617512216;0.7347439853867694
0.26455931873497684;0.9770771852573266;0.5398746040035868
0.09328399935381504;0.4910738235361797;0.9090382930633358
0.6500338271822481;0.5064765047427174;0.5080681962476454
0.3948313521832769;0.2519478596318391;0.22223878887385673
0.8158562267297954;0.8578084688599432;0.26809777791786626
0.5753581840825758;0.4495956573650278;0.012201455892541624
0.3953319733982831;0.6840297478283109;0.4186903202141513
0.6798606375758156;0.6882826786459221;0.13477548459179245
0.261765774144772;0.6887582375695891;0.02512949334408643
0.8911663362478313;0.82630933368969;0.3032375263651027
0.3326193899766209;0.9548566388329125;0.8576298635477899
0.6292043021040749;0.3985202852166615;0.4166335481937734
0.4817331155542337;0.10277875272114245;0.5244046367422484
0.37109295184337954;0.41753974812801387;0.8682005782405604
0.7723213750856284;0.06869209029121892;0.6438213427085347
0.6300722283732011;0.9904104367571227;0.8861769936404057
0.6297004337094269;0.4552964354765795;0.6448714849488105
0.44771622037261616;0.08054962519011;0.5123151599112709
0.14621780453587196;0.9381120221443868;0.1925972287889166
0.8781355108124733;0.06584180096313108;0.801480814510389
0.976275058969576;0.9258252291786976;0.09568808462838008
0.3077943708708226;0.8867353673001727;0.671492919636083
0.15199392813080403;0.2056973902293162;0.18765059007206897
0.31595444449597077;0.8102839359025096;0.503349953250054
0.6479380719401976;0.5596766645650265;0.32554888219053
0.915235325123536;0.5017818897942163;0.37382130602443564
0.1930160171619305;0.6346641407227295;0.10035768389591437
0.6596423242463962;0.4258034907073057;0.2418495942966603
0.00790815663919342;0.3329852608621652;0.066046089741572
0.7378568091270837;0.49616706310171854;0.8777249561732092
0.45055105217829094;0.8918223361694289;0.21880454321796572
0.48562639259570795;0.7380306833564735;0.6450552683481746
0.7199982689557646;0.9993375284560331;0.02319391255170211
0.8572726830730231;0.7310975105135626;0.15357157841652058
0.526072976788747;0.10576966066134175;0.22798604289761282
0.8559681176265417;0.0670310035024827;0.906554462222183
0.3312918890376705;0.7267616214053998;0.20801617467547484
0.16319891605166525;0.12645423237869846;0.652408844465086
0.740990550325284;0.695330669382535;0.9232074156571495
0.9080146668466276;0.3621253905106969;0.3087115766222649
0.1658300456268369;0.8759535050141345;0.7944072213882196
0.02335580336581089;0.7553573507686541;0.37645123812799564
0.45834363658784794;0.35080267936535536;0.010631880294830198
0.2765169909939106;0.09126805190160703;0.904995352044111
0.45685023944300407;0.7595271186306854;0.4935393237737591
0.5361911211383275;0.16994584197944018;0.025872379234542442
0.525384738765232;0.9485842793554861;0.9441495109909406
0.9381896296377937;0.8370598929631762;0.4209348934758518
0.40792437721010044;0.3153921284101795;0.6897924498224902
0.1180062841579732;0.5766527229076943;0.5096206633732754
0.31788221652470794;0.9050782658094566;0.808145536277471
0.41922813673386417;0.905957929804096;0.010385733372512584
0.8449664912458174;0.3792235435171517;0.4990443425105978
0.6731188020102181;0.18946556807719317;0.2741341447347614
0.5853441674740911;0.6192517679295066;0.6926275885624065
0.6065809408233573;0.7242278747841644;0.7741366704085041
0.2743239594053848;0.6630121630142115;0.19692531078152153
0.7700328476432579;0.016821361453279393;0.4913993664480738
0.22356276121461016;0.9318723737219842;0.23812445939707816
0.07512594521192617;0.36078872882681523;0.9047035214539387
0.8951261150309168;0.8028693354697437;0.5436793931099945
0.20954631817606306;0.8628691443928862;0.7717612753832552
0.972971048525909;0.25365139237130896;0.7140957579087901
0.8105259397914865;0.8977139734860315;0.7950241380198153
0.11787661126060756;0.6395446953548919;0.246735995472248
0.817734095769117;0.5228483668878265;0.4155713926358393
0.2769969745748221;0.3427617124914766;0.41662198400674333
0.09313607472626984;0.24012782162025692;0.7992933556448477
0.4677582631817282;0.08214611814557038;0.8963426041974448
0.30794281123380296;0.1773595141519585;0.6398981414119367
0.7311716484164796;0.5513674347496589;0.24893357905547853
0.5526524293509519;0.9269900968854744;0.3269609386800243
0.05674667417246404;0.5203735053072311;0.44312764930031345
0.4098239989543857;0.31788968422534913;0.6617111428460236
0.6247845372550205;0.9776407608156393;0.4597309652417656
0.12157908596085165;0.28421828091109247;0.855708108551513
0.2053934068971468;0.12310131353361153;0.27822462815747595
0.2543011605827932;0.28579189065891364;0.8739261189765045
0.1808466978319062;0.5850950216998119;0.43870180746605314
0.9967251325805419;0.1831445591019758;0.3268261115833504
0.41780977961226573;0.05586296878256525;0.4653984913628545
0.2402843209094474;0.1488218733613378;0.49467417842446737
0.35150877077146236;0.4972734861632203;0.454788180913983
0.5840904995784567;0.2580753671654865;0.657520421925283
0.5805759380476804;0.2313308298541682;0.9390626204402237
0.23008795561092243;0.9438598423187416;0.2511867362042348
0.1083137421188548;0.5173345131221927;0.9324678897810247
0.7148702652101802;0.0904575784424263;0.747404357860306
0.7037975577157817;0.07172512402016618;0.21019895608146677
0.19680996473080292;0.488498354040381;0.6751297430859137
0.14998409528052192;0.28809354980017565;0.8689496709056229
0.2291962371441686;0.9673785840290776;0.5475853604205763
0.24264097700362997;0.9416494897510878;0.5272328165185789
0.06547647493081277;0.9072401851105028;0.9338076608959359
0.4118073569501385;0.27264827827300053;0.8726961688695327
0.6819011007072967;0.22414187904799054;0.8237881662448756
0.5619590479270384;0.75276069647304;0.7711592592081791
0.4330861986928436;0.8819866887694384;0.5162380880527198
0.9729662829449135;0.4301133584708542;0.5911343438278223
0.9875010650038591;0.11021405244255122;0.5620911033005173
0.41356964734059;0.9963756623750972;0.7568518004849337
0.996819960350441;0.3419044295506567;0.1703119134319162
0.23627570041633272;0.7087047774850208;0.8474418304035222
0.10477048717920079;0.8612840509959279;0.6531885056359014
0.059069455399027304;0.868606045083554;0.6784050749028435
0.007812878934323586;0.6235760637865096;0.6526662032327158
0.7895941567003582;0.24026970437348538;0.34428327155401883
0.6317503742104618;0.4380615420677825;0.6254358763667277
0.3389142668813112;0.5001486350503765;0.8756619569163328
0.401191039683907;0.8938209244369836;0.44147512726739446
0.31585564085426154;0.9320087205330838;0.3566922226086816
0.2731169310252285;0.8416634347141935;0.3473868090798845
0.9628557325869173;0.2087758990568075;0.7674877446142145
0.4923977892287651;0.4034937423782783;0.2617987291001699
0.6264996921521833;0.8232295878257113;0.991782994175973
0.7421997975964674;0.5355310757546208;0.45649190503248616
0.6527064740143365;0.7839792339730967;0.2729782720842716
0.7454603756380868;0.9073474434266737;0.6723093340746561
0.579291084057691;0.9035608138914422;0.7930812005943402
0.827529670702574;0.6509127671974011;0.09988593274973301
0.5442534547472823;0.8000061517372539;0.4077263086791496
0.3631694521075278;0.21257911260581708;0.4156052809810008
0.33024323692866986;0.667215714989781;0.46992387740474406
0.1818639772131525;0.5697699690675242;0.42286389351573983
0.057414937480585904;0.07216913254397805;0.5105458061086798
0.10150584519529948;0.08875889366219303;0.2640070683725282
0.9700069213025649;0.7094807404557276;0.05975222709041994
0.42675114798111935;0.41631842468590563;0.3803619180091896
0.5503382050508872;0.19760369845885606;0.329418893712062
0.38176681203853735;0.2752524013572246;0.6890395000850283
0.8035576504946634;0.6985287139721004;0.4905898268428118
0.0851471104849153;0.48101153403607566;0.6005950194943517
0.9679385949003694;0.0073941224757777535;0.9194091398155506
0.17934801549890822;0.5440728456459505;0.6532948585025761
0.2680766141545604;0.7175569236595556;0.5309162551382237
0.9720128663572493;0.6583867550526643;0.5561136034542948
0.673582509103817;0.6095745637845136;0.10315132685971029
0.7266199419166849;0.4100375335798139;0.9335297580876138
0.4473111058700088;0.36287671631758966;0.7933035439435107
0.014685986731588385;0.2272890839650109;0.8095154731072952
0.9347192021064978;0.10532391584704304;0.30645643065236516
0.8745213973812751;0.8885391647656872;0.8767428519352672
0.8759881479055271;0.7339371755981781;0.08435561959232585
0.883032671002688;0.31761814975125613;0.029374442908971177
0.45714206821309744;0.539313704779752;0.5960691926722972
0.3556732343640864;0.07852922714110777;0.8243284063336659
0.4161995234961432;0.842951460228884;0.11590627294487743
0.8317274791397807;0.04391941588210879;0.823697680961233
0.8078421092998258;0.041884405614459164;0.8805765290356036
0.0656889334622307;0.9990193835816277;0.6967207641358389
0.5474426583241223;0.078572501395344;0.14986212187856474
0.6350172201867997;0.15223150455058432;0.05295813192489618
0.982041191082459;0.8820900766008186;0.9556223651723678
0.3841426840465145;0.09992010973619403;0.5979839380275431
0.4030757356582949;0.20356599064029002;0.016160453834169086
0.014075998822663638;0.9065043350893078;0.05421831808123412
0.5770426083894408;0.36984695947951673;0.3372741474579678
0.04794663590104875;0.28783834523869567;0.7999161016667401
0.15682898625537434;0.8978487362603492;0.27152213941299286
0.4693970341749537;0.7337478983947101;0.09328713312808135
0.09239086688820175;0.08773268297206527;0.3263615896928451
0.05156242697142488;0.7231426661937811;0.2234544281473959
0.5362676805033992;0.6160536207883038;0.02034726613383908
0.6783621866816438;0.6235399487206008;0.07369386003714018
0.7604138223905919;0.09290467241142153;0.29935454237114734
0.2862786716599248;0.6496494646112955;0.5682628309031026
0.03993300410360434;0.9063753587343139;0.7154593091028618
0.5493930421926737;0.3591369632416469;0.6915980031585302
0.27527890236401564;0.4821350425916775;0.28379500949270076
0.5143087351150611;0.6149371421250303;0.08203042570241958
0.40155255277327206;0.37428010709187143;0.21500569115758617
0.7550293832523068;0.5048250436439663;0.3432696641102717
0.388394964468158;0.18954547012898038;0.38609698182219065
0.9566441176390542;0.22012821297128404;0.5691584854759139
0.9670761230798445;0.03223893261287614;0.4844802569355634
0.9424563797231928;0.3356357712597109;0.1774958913692306
0.17594671542834184;0.7754506770390124;0.8722746588975748
0.5590038040582773;0.476930353539316;0.9420724862922075
0.5658381648552078;0.5268244591919332;0.15252575955778946
0.7243434580426841;0.9932642572980026;0.5447933275144748
0.5169495017145732;0.47530902682685094;0.7465217309544208
0.47192797974748213;0.4288251627817906;0.8571681201483322
0.32675089068388485;0.802083011800333;0.5959726838580787
0.2645719359312577;0.02949614779974219;0.6234457362907992
0.09618207201286622;0.5766954185326058;0.25354718445437685
0.14123679917740273;0.6399506047723349;0.5201369397332518
0.14869894157301133;0.4354778696749738;0.23837508944142594
0.7081464787852203;0.7251843729153369;0.6617879916936604
0.3114961188169656;0.29348856827521663;0.7508137500208769
0.933608833739749;0.3139464544959407;0.8913857465815389
0.4068665134122802;0.6599202933585223;0.9066769469340622
0.9369554692517301;0.10809727722935092;0.054689892597577505
0.9258365427161586;0.45961469748659856;0.5944623426342778
0.6175311152642466;0.42084443005070804;0.215118497377769
0.8303536061925827;0.8505644631183352;0.3089595113119339
0.2553884596594592;0.47343692484877886;0.8233810679495961
0.3820013785318248;0.32650863761439974;0.28064941063179716
0.24516304846209858;0.5939587797172533;0.820351940936103
0.8371691217715429;0.5790885116445604;0.18025782428752724
0.5599455664500349;0.19767142248205238;0.5841235488517467
0.3456581368052424;0.008209157392803257;0.9762812117033728
0.7979057432239406;0.5583194434653197;0.7240970099345752
0.11590935185724005;0.7057033183795871;0.6020058210536566
0.34042031842791554;0.9820728450532555;0.4523883219733652
0.1657694315026529;0.609208693954174;0.7928938827683167
0.059350803713825284;0.7489781623491072;0.09029293153245865
0.8849914353030498;0.19441021091380017;0.818779065095901
0.28513652184341887;0.28652900312577434;0.6679170594421265
0.6852192719871149;0.5623852119524547;0.9146648579154252
0.941476123493075;0.6102588269915424;0.45483829452972313
0.506341684417713;0.8790703605144584;0.8290441423869866
0.6430312639848319;0.4471430654790568;0.6744805834860186
0.15825988149643677;0.2954246115027861;0.6497444899893839
0.6236298469657653;0.4148565730684205;0.24268715078858116
0.05501661083702225;0.25530289112958526;0.7358760295536918
0.8952018040218349;0.016005563119304678;0.6222269676583956
0.8565399291031431;0.02643998746633003;0.7986318479885435
0.5420800017870774;0.5542615280039922;0.39469555922699273
0.3475211977312561;0.8556191838375122;0.7256933377286122
0.38513431886642646;0.5617405973733888;0.041251789382822035
0.45234980183227735;0.8967207853349112;0.15982577116917096
0.5083960626010213;0.2612464063705181;0.6288508754377623
0.2898589349707692;0.7240483235707246;0.9525618844810012
0.8502783606496107;0.810939885649737;0.7524708981771164
0.47906335450653603;0.8584271891099461;0.5044694920826269
0.5913933680412014;0.01600112633786721;0.9577302006375881
0.46841512522990614;0.7144770865253087;0.32182033436655155
0.6133318697997546;0.21377610475963194;0.8760192447600189
0.40351031571561335;0.3581899529213818;0.8014777786068961
0.12984614180274812;0.18169603034680326;0.7419209039085275
0.8113429006740428;0.22119832543285345;0.5537465903532728
0.7130600538841481;0.8148547539277011;0.2214923029872623
0.2771294125318715;0.5272473880883469;0.1930963664756692
0.9850022812946541;0.3250400152151486;0.09714852866984902
0.6249761622656155;0.13330732422162717;0.5622760659597081
0.9991705328513518;0.422372413596256;0.0738600959975475
0.8633828902187222;0.6968357651586609;0.23314516042162614
0.5377630896157303;0.0469001886107957;0.785634590387957
0.6231868356256788;0.8050568141562728;0.6256899906427235
0.40650953770091847;0.45182466290479373;0.7011645098649772
0.6488422719087539;0.20289968216412102;0.31123356186487483
0.7989831352320144;0.5733401156965129;0.8090415876343718
0.8303498326456221;0.29066433946117887;0.1177193661517335
0.5864745711191915;0.24121625833724558;0.8260945890598592
0.45366873572987865;0.3370854073982159;0.7556905503035223
0.5265316963563254;0.1256980676359506;0.5877334241300729
0.40933360222707427;0.4486898693711625;0.6221030970647464
0.07711164664243741;0.14518648645346355;0.8768503301287018
0.22677650513892367;0.6916946733033866;0.12845917329898837
0.6721292492909626;0.3786194430429094;0.060419303449268824
0.9704580001454927;0.09976360270842832;0.9779580795851622
0.2712005867262387;0.8967333581087109;0.5635827387046635
0.6342907341647289;0.8553790418341045;0.8354790215154135
0.02734274219791477;0.6858039459020302;0.3635037501793962
0.850577311617989;0.39934630848420416;0.14361127851445088
0.636656929424693;0.3850780110803024;0.4454856274808089
0.9656795411538311;0.033880634032654844;0.11305508569526701
0.21419678284298072;0.880161696445457;0.6609450675064609
0.7413067067397622;0.8908581706190133;0.25694356284019293
0.7118928419813705;0.6935361493314401;0.35054966158512246
0.33765439301104694;0.08935458127793239;0.7228596879801004
0.7210495455798035;0.979806416394191;0.18088865624913764
0.3263431097420634;0.8012432836559603;0.9489739490012392
0.2460728130115576;0.9170735857795055;0.8819980188158459
0.4227608790978037;0.2637718534950724;0.33051663643651685
0.5824758737580625;0.8456426914502034;0.09131900446434316
0.7712763133215224;0.9121373981175004;0.12561784668261466
0.1376378427497622;0.09146910946392606;0.16980035075959155
0.32543031032878333;0.3111145949149593;0.6301336927729693
0.7535808917190278;0.135086869046105;0.17963161336903233
0.43345231869637424;0.8540144682367572;0.11551014054823727
0.17103702662759268;0.2932821747144333;0.1830686953453453
0.6940755014392674;0.8728263548044709;0.030159763713455967
0.707483356947387;0.34254627460027054;0.5258205663608727
0.48165975395490646;0.034154523048131824;0.4765219919028655
0.009999572241167543;0.4375675291940807;0.0027128695578373385
0.17921834818350146;0.47881381801387335;0.07791747356974266
0.7081381511218512;0.5494225307863301;0.5541016522670048
0.5688924601205348;0.3974530116867493;0.9377373325790345
0.2150653466035648;0.42569428731893133;0.6041375492475408
0.9989711214817353;0.4258627796710711;0.9170056768636512
0.0020657059002298084;0.2885177382975519;0.6009096125599633
0.6292044718509543;0.13330464258037422;0.2144403279521102
0.026436056466269675;0.5153450778560903;0.9281995934680612
0.22684856069785642;0.136214179923125;0.30797987707454944
0.8685427905161144;0.21222665201933266;0.9201811973192873
0.12254776292075287;0.2221017341900361;0.7051653180791386
0.3160975947781286;0.4150749779934416;0.8635504728440381
0.2837472008280343;0.827826654015797;0.05367282611256696
0.9427944565852794;0.8519617839077479;0.061993608064861316
0.8986623691562373;0.03993394694380137;0.4345199214967661
0.7680249074777746;0.8981107342640391;0.44861122419783106
0.15744966281774808;0.11093534480504164;0.6417628686081489
0.04626635564697579;0.07439238120893288;0.416366303650461
0.5503695899366747;0.52363637931988;0.6672590301539131
0.5921044587594125;0.9045211472850888;0.8422483737240748
0.18635798979187268;0.9639440935683554;0.6042391478787993
0.8251330109437868;0.009935395181099205;0.9331297702028227
0.042809866705050825;0.03223610625864859;0.5527139910179332
0.46040970486225063;0.3695941644837353;0.12155962105258589
0.6024590769975555;0.8967147932259255;0.23861578057961086
0.7933025431372843;0.7684860480631355;0.9482222291919138
0.37039695704471587;0.9316085550422372;0.3660915532538265
0.10089269329017103;0.08356598665904791;0.09238240590735347
0.005614245496051051;0.2319516042732339;0.27070921548816773
0.4557011724323996;0.43579098392963167;0.34379973075626935
0.2506726311271742;0.5111218264219921;0.2766728821514335
0.11344954045520295;0.6156250162582055;0.4861238237902883
0.7510967781667712;0.4714792133163165;0.20231662697926844
0.8147869264108446;0.5193366184213027;0.47901483059687733
0.5333280614719565;0.12604566253502536;0.7509296783934287
0.5910778430803525;0.0754879956543274;0.44511101936467024
0.048267666590954494;0.8544371486347573;0.6463373418074488
0.339607808505214;0.3599879169060525;0.6587579069806513
0.30326245755617065;0.9306232106848457;0.9471812215474783
0.6882370585852188;0.8931959071756347;0.9598712718660657
0.5077612648626789;0.5400259909158265;0.8409875134918554
0.4641694259412904;0.48410145704450025;0.9302963913742777
0.3611064246067327;0.16673422051089137;0.8484816436602063
0.9160180916954358;0.9824977878041189;0.511217532017997
0.6051793171508427;0.3417168074315715;0.4161196702309704
0.31344844868731125;0.7167083418847483;0.854342423748681
0.30580971057448014;0.6667894926513207;0.18302467822267388
0.36460651668580535;0.9484278157391989;0.7178737900486744
0.42935439384157914;0.7391610465760968;0.01017910481231421
0.4046098205902078;0.14837938272151563;0.011632265151326426
0.9266779233463059;0.8259041160976894;0.7114745899550993
0.3804731112942562;0.65251783351459;0.38010429209272034
0.12568255909969173;0.7814299706856954;0.45551793744116453
0.8954349811830818;0.14225031765756757;0.2214874547767518
0.17912653848522786;0.2761845610363376;0.8823366713124531
0.3540219085992553;0.9456750384151457;0.7198022658726736
0.2905557332888996;0.9655387951212856;0.8915473395686393
0.433647582474188;0.3179813274924679;0.9300730625795967
0.37537524254255283;0.5099072272219973;0.687602466742395
0.5169245130417998;0.18933606527919422;0.8817003456142576
0.23826085016454446;0.4790693934762018;0.34077518319945543
0.35585846875612126;0.32625331759453424;0.2865219792769581
0.03777705713622115;0.8807974022793614;0.4059964725918347
0.8419184251910065;0.6904856582725968;0.9501042253654265
0.00799767994967493;0.8317191483332995;0.8494083935756939
0.11656495435999015;0.03579214571442102;0.06340977522963154
0.3621911661254529;0.2173488375803253;0.6900584359087379
0.6303081519579458;0.9973480437688971;0.36720438343227757
0.014480427779716698;0.523711351940045;0.06280420198726022
0.011315180698346028;0.9806562021860763;0.7936769452767629
0.08475639822783276;0.7415210513239066;0.7792345731069352
0.1376705850654949;0.24840589324689244;0.7969338378805718
0.2658670491415154;0.17051139752913502;0.21576298468894017
0.3902565187166106;0.43298741210260516;0.4955817059157591
0.7673744265928375;0.7719987332427303;0.9387274133483198
0.3418763643296342;0.09476963058889987;0.0419246607516951
0.37497021968728117;0.9216074596589985;0.23471798959505807
0.2217984668915014;0.4222397535328176;0.7635115837669064
0.20195434997816863;0.8918321987792776;0.6742004782722772
0.7607936959589231;0.31978277444138226;0.9818214584580484
0.8497658732263915;0.802641836116479;0.11861564176579331
0.5794616943877597;0.25673040303432604;0.21038275590237787
0.20030625549928482;0.7233639159976382;0.021282977983220874
0.8197595321885224;0.367975432081454;0.04397825219582607
0.9100514772237044;0.9322096803242355;0.6583764111637893
0.3427643859720493;0.714862792466028;0.7635173721784673
0.8702345133665368;0.9380932732269631;0.9430082646405363
0.4246126527409242;0.08613772279387588;0.7180862430168607
0.17652656688805002;0.8287520678099943;0.39624206152637353
0.03400729155138815;0.3961152909016289;0.022459059946160598
0.4061679497969809;0.13741114531499954;0.9160129500780695
0.6198649146787927;0.49173081822463816;0.2866399525135491
0.10548328479183544;0.4793729202742081;0.39992584435871525
0.014508701711768768;0.8373506571030072;0.018880358904852623
0.6239610972564014;0.09894656836207805;0.6868234922980155
0.5861649134764741;0.837889169009958;0.6806069162545088
0.9936020781697509;0.28957433852892944;0.3383771415112651
0.9210751055199313;0.9348127009687327;0.4581353889463826
0.36452065114912136;0.08827780671178731;0.808770012819032
0.3577918158807669;0.7974017848965109;0.5636056222394612
0.3896014586792389;0.54230007143812;0.7101181074668806
0.12311219235701354;0.5882417904145758;0.8545704500849839
0.06081707200415787;0.6942429906195412;0.7685816902678222
0.6219780180580967;0.5279047659425217;0.8382299226561528
0.21191734056756373;0.18179297728733146;0.7767153595249091
0.23727722449211497;0.7354989317180882;0.6390485792552387
0.5217785880838247;0.128146025537212;0.8878416500689262
0.6520276277644005;0.27239797977118674;0.9366802585337113
0.32242102578923604;0.18436584010597057;0.10254642834637606
0.9256666332630981;0.8065451464126795;0.09167416785573301
0.5594483602683901;0.8459482360189945;0.3002544815270003
0.6324336001372491;0.1922297433779645;0.07782561636742025
0.8813095454370202;0.9354902432843515;0.4430237990131931
0.4343552567880492;0.7025645029949602;0.31285470622665856
0.8568878691039139;0.8211648922151925;0.15377904394591524
0.46955264639792416;0.6482706340169793;0.6328113626834307
0.19065269102295956;0.13284799947724024;0.7952802456204767
0.20189984369170622;0.8003734183580161;0.08331181700172086
0.5264044820604916;0.973854296250547;0.5060601909030921
0.6543213630374627;0.8113182007292684;0.2320966838330224
0.34729530045649337;0.5937641236221123;0.33602539101386764
0.408446406545692;0.5456322517161368;0.022611428010764434
0.39433243334378854;0.20679225553337388;0.2341131387439409
0.025074704258588376;0.6580485552350058;0.9419810661918959
0.6651795129068913;0.25095241277363245;0.2418620145992626
0.26288218418295517;0.5177372368130634;0.7415551533228972
0.9774029165629866;0.9187716495407586;0.3273298335221728
0.4030998156224307;0.022576420055437363;0.3264595782085524
0.8958028682036658;0.07950078664130167;0.007359921597138053
0.006946109121116151;0.6959782688694264;0.4380955044297289
0.47666648013535395;0.6990337238286556;0.2791598028185467
0.07962608190249953;0.5815187120315758;0.012963479746839535
0.3690466621719699;0.35242785979213687;0.5223971009531281
0.04030079148299637;0.40732919313244353;0.008148429825870718
0.5426284461942202;0.6058864872390349;0.8388309451560243
0.6674760132691588;0.8302252010549226;0.14392607009221647
0.42448499735065204;0.43473510354400635;0.6106119477596201
0.32759126590012966;0.923762896316534;0.10142708491023189
0.10251174403856755;0.48426850577262004;0.7429446037646648
0.9565889319007675;0.8273564752809219;0.1879657679005674
0.6701821594896088;0.17691358115464884;0.9568744164260601
0.1738557711033818;0.3409020783139376;0.1349829491245358
0.437211860672044;0.001690610594701658;0.8690162449585828
0.20258606342826335;0.3960412838393428;0.033162126851166596
0.5553720712663869;0.986594711683003;0.732371553914744
0.8146906057169394;0.6069225410536299;0.24866061744681234
0.6800108427505577;0.24842490211334445;0.3725485232824878
0.3282924410245397;0.8517511229370481;0.8494480601696519
0.9209652348449534;0.06378409979375554;0.0637054391899291
0.18854544057927147;0.6918140275669;0.5722567692898343
0.7874375301537098;0.5176797427461429;0.05147496881298119
0.6828328910349508;0.9582086268745031;0.9653084373843427
0.4232798855560621;0.7442939591763904;0.9873809477396354
0.3597672944635316;0.23920471661809106;0.6638091226578546
0.420027537823881;0.23591277365183794;0.3228097083271829
0.6245427868849105;0.13528809708712863;0.6470788266370178
0.001051399242116946;0.32097967020821316;0.18878715476163777
0.11674715095094701;0.44923965926320353;0.44952843642951534
0.25258174136687084;0.20581315820660628;0.6597836734701428
0.6030558641398697;0.5665039578327326;0.23801509396650256
0.8881088651402519;0.3643464534823717;0.5215907476075813
0.4889715684771636;0.7317770440614173;0.9117689063020638
0.1907440870181405;0.7435633076560999;0.3718208443076346
0.8130983795326295;0.002663600543709399;0.8287517955490863
0.7158467752513783;0.9940836552560502;0.47559992310373833
0.11366587995101196;0.45647097910223844;0.014923650737748484
0.0180305587816606;0.618962359913942;0.2841171051579966
0.3227649620745201;0.060211178814791655;0.986407073134814
0.7363732948433707;0.7394445197836934;0.5310420730703246
0.6395209094874045;0.8934543698629727;0.6692535599742485
0.43335006031749657;0.2649314853419542;0.7092918784334447
0.6087089661721556;0.6884453536295877;0.5833261786452346
0.8015478752221121;0.10693559460172497;0.08527615807189215
0.6774323454829139;0.8409595955463244;0.8544907399923316
0.5819376479221805;0.3081145224734302;0.9592213341423604
0.5229691702953296;0.11366166459923788;0.9812718064487487
0.1343855454787959;0.7411945624995774;0.943256953031516
0.286946721443351;0.5611170018169497;0.3225163793308783
0.21111298940272627;0.30212274488863966;0.600930182045155
0.3556379493362726;0.5595203792940653;0.4589118224085146
0.5107451658588443;0.03150710428334447;0.9642056639914564
0.01480268408805685;0.35708069851159585;0.32540183061771233
0.29379527341142564;0.906137291202701;0.34957117497220513
0.9404943318736247;0.6390644151304437;0.8647681092814685
0.6505730125232918;0.7873184424524976;0.6854261429108018
0.9087999526770552;0.21665299377731595;0.50507738438585
0.8740528112007065;0.03782450291336581;0.8663910660229314
0.7343190030375867;0.04497857006522987;0.037972642723841155
0.6644797307203537;0.858775098384998;0.4501849738432091
0.7874492053933249;0.5501017050797891;0.3318615989525705
0.7214369327612947;0.7877803805920403;0.27865795112545055
0.04620371855812111;0.2508990852730618;0.7943552878169945
0.8699625764969857;0.05767092321625711;0.9853620148996991
0.16209915856197665;0.7431513938439259;0.9038997420108988
0.22679486709546715;0.08087757976216914;0.28581268352405786
0.5971846808603106;0.6091833688296975;0.6388888093675863
0.9142381172728493;0.518589423665508;0.5297290150925887
0.2882230390828999;0.19630375413182521;0.12162378632054671
0.7947207450467988;0.16453627143183724;0.8659120948137404
0.6117234478519215;0.29696699753874833;0.79705798241338
0.7176174609658874;0.43769032631824933;0.4196936907444857
0.6889560588007249;0.6401143367406403;0.1498041143570602
0.02071171320677745;0.37146986436265717;0.28408976619666115
0.6766322033152022;0.7705162883923449;0.14111834230408293
0.39827743946669203;0.07635758939382398;0.7297046447991575
0.26567252307422184;0.7956764029900129;0.8828543449787895
0.01652442234728202;0.22046068060393853;0.017186161439624925
0.8798892146876869;0.2708234916109721;0.8183059264150963
0.8488462569163027;0.0480535926033393;0.11673535755456443
0.10803271578774198;0.6937000927726582;0.5495351313063592
0.8144295171076996;0.27946163549394076;0.29788166238712643
0.44327344361452614;0.4171622169858209;0.5732816478125152
0.6132108239859225;0.8472120757059041;0.7073546352652981
0.7458604602398444;0.0056096935159816175;0.8343804082832276
0.4073579373871312;0.5194801245686926;0.44402849752319695
0.806093160258482;0.38674632337074255;0.1884700140102964
0.06988284527025768;0.23886719910090715;0.3608575200112013
0.03479482381008325;0.1301651247058082;0.007177088787158059
0.4107738885909298;0.9155526779602858;0.4226013979265746
0.7851830425306158;0.9164850035724136;0.7193259061659489
0.0670595335464067;0.7780737782405557;0.4103789839074926
0.4197905891859405;0.30926240792767434;0.5925960475252785
0.7153913760902713;0.6365586573713331;0.75444486231659
0.9921710010916519;0.6123924002011468;0.7124141419240237
0.5833412555056506;0.19418479686176604;0.9228049561422956
0.5469272295678342;0.9221992567415528;0.5336654334832109
0.8282616478518572;0.7604908153077969;0.3550921738267251
0.5291496460815314;0.9378169764075082;0.03817143373422749
0.9735987702542827;0.5834064707472969;0.4842344426387605
0.022523571947455245;0.5187002327777593;0.6676351447076863
0.7773065893668163;0.47800846458039215;0.613556770987093
0.8945719296805054;0.09040390815158006;0.6549525787334197
0.1757947813523083;0.09643858595493537;0.45826402684196466
0.7948805588273238;0.05844832944198941;0.2124548528242065
0.31227577283013785;0.4224806057636211;0.45501228909427116
0.1849042921381755;0.8237259838881458;0.18117958394223177
0.9246748177539229;0.36840939363270964;0.23039739058854958
0.9064265070836498;0.14486108463560665;0.6782707674925766
0.8378918283850797;0.36722064405623966;0.8388703837769097
0.05348796658909605;0.37719900494404446;0.5546162249838013
0.8343415892048032;0.23619434929910155;0.915937784263533
0.7030371543704083;0.7710158450080145;0.6598184892327402
0.8821102589753156;0.7671927727154283;0.02747399439230991
0.05102091540223552;0.288450388476598;0.6951965829718634
0.8895480107483067;0.5186097412309937;0.6401302909237395
0.41317826742703134;0.19772523004549447;0.8134847340822543
0.544780692118687;0.5869697922611994;0.713318187731775
0.37384101827349714;0.8375552311503087;0.10105875611552595
0.020418823608361447;0.556254614999284;0.9373175714746064
0.5843989092444958;0.3128652657346599;0.008666315134597369
0.1097925926626575;0.6486142667587803;0.28234425907715566
0.841166258256209;0.0015276355076179193;0.06757037837751101
0.8485230568744772;0.2510810852789762;0.6189451127938704
0.26027138458256116;0.8112385885453497;0.9709557463399137
0.026227034402564575;0.5750416256866006;0.9708252893691258
0.26364637892163145;0.8155207713992938;0.007152841122526676
0.6587110936938131;0.5297313975354481;0.255320519399315
0.8075920603072979;0.7962827552698262;0.5425475560439678
0.5643900963919389;0.35800445728242425;0.3367451194697816
0.9828260481298882;0.23083081012827322;0.43426026430891584
0.6457750517131458;0.4686511140730911;0.024938903824387015
0.6794486868770732;0.9365246646260308;0.8025008945714625
0.03537488719372561;0.2505769954850988;0.6659818062583306
0.4246951495604344;0.12375835473190588;0.8379663720142667
0.36086556035952155;0.8869315494056615;0.3178069522331326
0.6280169146490004;0.599950186033307;0.9539324670417443
0.7141862367941038;0.9595222270959017;0.9164456776808313
0.38396331275879836;0.16847581479197837;0.03772448793100325
0.9960857482757713;0.3687607587765378;0.5216689469599325
0.9459825695384455;0.35298784268167627;0.982577577758032
0.3361591768445942;0.09951908483296812;0.22763155457395867
0.6882375142225089;0.0342451000995434;0.7064023699783724
0.5414007066234484;0.7921521610937204;0.9399394555763386
0.32245311113236974;0.5288039443625294;0.6324827407668946
0.19138419006347773;0.7468662101210438;0.5558399021888287
0.02888263491791021;0.1745348361508262;0.8230127274839694
0.2668051524649704;0.24929672109827328;0.2561288176335744
0.23813491499241501;0.12640382589072574;0.9246452747392349
0.15786988298251292;0.9095580017862905;0.8561722936425369
0.7675049618572283;0.13283427111016677;0.11134662030314535
0.886046597436589;0.9668769468209231;0.9996160043287605
0.3463409341460886;0.31297347546108534;0.19668744363068458
0.5322010206208635;0.39187297093572104;0.8755872196565648
0.9113193899496816;0.20160626826797734;0.4485133536077256
0.15999093038915324;0.7308081332346671;0.9145323881927792
0.43957536866221714;0.7147073905896631;0.5001049197737629
0.41270594864320653;0.1911005963008947;0.3053790914436717
0.19568925473077659;0.7132067729993822;0.9895044143700678
0.41855171496765353;0.8142485541130561;0.6849566192252871
0.7120827152789457;0.04421540821315151;0.2910124225937408
0.4720883006907314;0.8199820120839207;0.3474407095495511
0.43685122764610496;0.14582940888458373;0.06974460287848427
0.5226037026903824;0.9266256718582612;0.5503101788602806
0.24263094132431862;0.5057991726840058;0.7905986128875078
0.8394857361069219;0.5288257511027625;0.17080987267524506
0.11509596406955713;0.2366330623292574;0.6551174906750923
0.5269058796828645;0.9049564306231391;0.42759114154809685
0.9034204224134308;0.3708167354147578;0.3009376290490222
0.1136036862181069;0.6124874684884815;0.0632295643084575
0.18338463385459758;0.1610976740464829;0.8212426691267988
0.49895970753669017;0.16853633001478308;0.2577346232263328
0.5704984204954784;0.6270068791387962;0.3036671627768778
0.6121215171006804;0.5112742561553452;0.6213220146139458
0.12979604642447073;0.3360559595881675;0.5500104104873076
0.059667681917780824;0.08370902840388184;0.385997029575614
0.09272405730969624;0.0806667488279248;0.5537813626114846
0.07780850291975239;0.4659729939674423;0.22830586144793374
0.35155158156969235;0.644266354116131;0.02547211357852408
0.3508908526019462;0.7774720283684767;0.2793988985990987
0.9702048225809468;0.9793708106185082;0.403472095279509
0.5583949588804707;0.8013188869544794;0.23087751678119284
0.4801848276844811;0.7040776567900143;0.47385922779028944
0.7861835476862751;0.5521244453237927;0.43952384642067377
0.35145461050395443;0.7062044188896652;0.2904458032816336
0.6963442847582252;0.9348117248712385;0.3827969171624387
0.7512599189995457;0.9026195749040752;0.07262428893090644
0.7508260608785919;0.93915790803536;0.4295477626004359
0.4601192468994736;0.6040911207663013;0.9981137571310904
0.35190990910789577;0.8549421329300664;0.32529342886629586
0.6860921865936646;0.18652470910397745;0.1890289093515557
0.32847507182812596;0.45667939747279074;0.6294747601629201
0.4683930405757474;0.5604375839765598;0.9615625983052501
0.0645010893708311;0.447000766966942;0.07418798068291921
0.557156798686337;0.30333454249797087;0.1830145749702815
0.7164145505963808;0.6519704882569118;0.9970556573788083
0.46331638863544533;0.9665551154848636;0.621378327955532
0.4756865404635433;0.449607235686041;0.9148491954796972
0.37041346360460115;0.5410958318605376;0.7869847123592421
0.7506069331487435;0.9144228613961335;0.004853604866128514
0.14441479433595794;0.966823061516153;0.4931546192257754
0.8145439325034528;0.2544603177579625;0.3323681594174831
0.9234854698138473;0.9414498927765789;0.15206853022303923
0.09961338177829093;0.6342810650503627;0.9597064201512135
0.6476884430303299;0.30106643090854246;0.11610726175218966
0.5035537844909199;0.41070277655374454;0.8735865500760337
0.034595957880771744;0.7763209391889826;0.4764958593651437
0.05664993278239283;0.6765874369161717;0.5669761486445672
0.2416814672235621;0.02920981927638322;0.41678074632943485
0.46419341860799546;0.4138525197412475;0.6633517923253347
0.992326647576343;0.31320824327869634;0.5563720072519026
0.46053612565763713;0.4612730887359542;0.5398517340873875
0.5276814896005663;0.6125167433711101;0.8880662794807842
0.5084722226052217;0.02354292679768788;0.12207467282708073
0.45008913436002074;0.8449764730085499;0.6268378172144349
0.8015186239427473;0.5568964452496644;0.766840042153106
0.5518752134604626;0.971888269904501;0.3661708483948325
0.9785459858016465;0.7505657383914869;0.20612532452857346
0.9022843719132002;0.831581001589285;0.5769792261729778
0.16240386651214744;0.37794242117444987;0.186228435219855
0.49616662670300016;0.19028953331304288;0.5722807676777913
0.23220954254890902;0.3111122809989707;0.0740351919592015
0.7749156510196545;0.8944951841093338;0.6441592979609324
0.44433575341911913;0.7463987516441712;0.2869929973292803
0.531469981575609;0.8463265285081718;0.6716744565699225
0.5087802591396494;0.07021656988988867;0.35177849206666
0.2105966684793119;0.015013755331034107;0.8750303298960898
0.6291081257332365;0.6231109702637462;0.18150319378363122
0.4935789428544295;0.8788169078915912;0.5225906287444132
0.15522714874799792;0.6087093681002236;0.5603215250215051
0.2647011886110826;0.20857661476570677;0.30246601010143626
0.045571717434199854;0.026711400070566826;0.899585800575284
0.08368392559504789;0.13855894505576016;0.4237162853397832
0.19362689443400005;0.32226156106597825;0.0199612611480513
0.7716559651953325;0.18072743580093698;0.041203858881846855
0.4638596400268248;0.37741020117841617;0.9920438900554318
0.7112249400860333;0.12535882402424836;0.49010588500662566
0.2591130280620253;0.3353179125314413;0.7406259278369209
0.29661639314695054;0.5414628373850432;0.3801483598319976
0.7632056029523782;0.9422955901513157;0.8402166927235226
0.8578139680754053;0.9435669738159608;0.9757369694055267
0.37791698038556987;0.2579542159819439;0.4692258564835031
0.25010336516237297;0.6173821277632691;0.21230353442952832
0.29073846336156983;0.6996549529537818;0.9906470305568501
0.4615560591528267;0.5459182548658683;0.25929066948583745
0.22532788932194414;0.9974609208103236;0.8620649079030672
0.3239523370374473;0.2535142359264072;0.6552485192960413
0.7230310488744729;0.6258134291166738;0.9544842561779915
0.40923577717960513;0.5155120351969115;0.5155288389516316
0.5940513063739596;0.8538805815268234;0.2010172827202764
0.1579195775627441;0.2999174147734912;0.17383954267069623
0.18194111584335193;0.5427082400050904;0.2140250421691251
0.28083941394257617;0.8003346049889056;0.934899193041793
0.9255680007357866;0.4448156397938663;0.5137131098324059
0.1298900716638377;0.8265475783404665;0.8698246011406694
0.310773864999797;0.17210645629585153;0.1863058697102592
0.2283774871261146;0.9794100448647631;0.5663153817690803
0.154143248649374;0.8646287001911287;0.08727144533565845
0.6389213284850849;0.5772004039312519;0.8806155660894813
0.19794138305354247;0.13907931390462747;0.8061447899111569
0.824458993087724;0.4890610257382293;0.09568347461121085
0.08419217981241667;0.17399455657820262;0.6616182506768106
0.2622267936212621;0.6754415819682409;0.20278149984305704
0.8937200989343433;0.16509804027244335;0.7901365176749225
0.3174382511030579;0.012557851985227741;0.8350148495118321
0.49347634889833836;0.2618691772402967;0.019047147836711242
0.08193909106497455;0.8734381195201845;0.41050541662124373
0.9354842919206937;0.1297682027714131;0.11174128665900385
0.9649700289002264;0.49696955366352913;0.8594222646195162
0.8670716089886841;0.7404421240174229;0.5286375730884105
0.30965724205240996;0.5645224372503098;0.25744974467498993
0.7870171045477825;0.3458919073374078;0.7483688119556631
0.30170100538458877;0.28441513721107137;0.9836560798385181
0.009738693812135324;0.662571036253063;0.4935259976018661
0.1768176352836235;0.7561879503516095;0.765017177462287
0.2067411552693823;0.20881005412314058;0.7680326684596469
0.9336061445578808;0.15493896667430618;0.16343206469841398
0.3435863314501595;0.4904345570223535;0.6148527479100804
0.11557706314754068;0.32197704952597883;0.1408445042719465
0.6857132475365423;0.060736151750326095;0.30576473171567364
0.3653498320923436;0.3352060564282243;0.6649081828362002
0.4321852339700597;0.5654121549668799;0.17584540289497785
0.1241093580752266;0.3256137055017614;0.983826291764398
0.2846525233675029;0.628760568755316;0.09091670368668336
0.38562011962472786;0.45877198195446667;0.17725104402329384
0.4249288520360751;0.0733264286222799;0.6175811131801304
0.9580649812661718;0.14401031570071066;0.3124283730572569
0.6907097619819312;0.8779553783804623;0.7792151381876536
0.7346534227356356;0.5263117796164878;0.7560004148363831
0.06309250971735991;0.4457624540947531;0.018078146511938842
0.23015297214287367;0.6237200283678879;0.49944267115309093
0.03410046162929126;0.7256883303530045;0.7898222613674322
0.2048859850549688;0.9948977340977027;0.7744831216255817
0.5157611913876461;0.9078597693198556;0.5771453731510559
0.5101248777349738;0.28152056258502345;0.7402055529755355
0.7984878854257905;0.4127458899327858;0.019490235171475523
0.8504885802830602;0.8103247403459212;0.2485939180122695
0.08168010684766003;0.5156464157513445;0.8853950445244944
0.2760730275833323;0.8772429763463807;0.8559678793183034
0.1284555878666086;0.8120517553083949;0.48423039937693524
0.1104176063190071;0.6170512757562868;0.6436882074247915
0.003934248510762628;0.7911761034117113;0.39737815719032066
0.1273708210902702;0.546395403470381;0.20910974534767035
0.7705721979192015;0.571082644553138;0.8408907307831045
0.17226517343981884;0.9330893237136457;0.49805946283717584
0.05657122901208189;0.16209428877796828;0.9523630302150498
0.11637353657019789;0.6351231736421701;0.4542141290771998
0.7611494726886258;0.7581708827022592;0.07831288006632087
0.4718995782690547;0.8648692965309489;0.2669477863764067
0.8350712793676276;0.9559722826352537;0.1406243931626665
0.7462185860814028;0.5713199623970279;0.4611810331166518
0.15317152815418467;0.26202105389567953;0.3359131132991613
0.8706957684433569;0.42303225789794274;0.7025877150874171
0.8069139257015879;0.1267237482016209;0.9615632240241611
0.44144166706907895;0.8823491332374899;0.8329498234791041
0.1734886050943074;0.24099450250329058;0.26802045603700364
0.7611796207802204;0.8650151120787961;0.015383664151776388
0.3039987869016705;0.29238012905528066;0.9314915077648963
0.629975189289642;0.13180608180448572;0.071182400837137
0.0006926002679846777;0.05779025982550978;0.6606922210774414
0.8042958466324118;0.9377755502794606;0.5424090075035292
0.056947603727702245;0.7450621580941336;0.34894547808871046
0.6495670080215158;0.515847986818408;0.05731840387860676
0.1193771803006517;0.1238304810003884;0.8936252403922866
0.26335346340138865;0.39837896083874;0.8465733801176599
0.4281989707314944;0.2691889023729681;0.4088615237979263
0.5130887467467833;0.9079542856602396;0.17411001131906367
0.3096803154479041;0.3673261172853577;0.08845220111235708
0.32998903068792806;0.40106991431521577;0.759011568538234
0.17673552741078702;0.7666026275674515;0.5923490625378315
0.6837444289292413;0.8551407885337882;0.3501829153073416
0.7791665758488286;0.09648505251370887;0.6391908266661361
0.5447585790725341;0.40721902496203954;0.08543096423080487
0.6266087187332668;0.47985710967381856;0.18889134603392221
0.5599071318561794;0.1552485119508269;0.7024306385826844
0.3269915450010067;0.780435705746157;0.04147067887386202
0.10286830318285956;0.5477118447613415;0.1402615006384812
0.5126390220314198;0.42027454705098977;0.2891937695595037
0.491598548599796;0.6453776314660719;0.14686968846355108
0.8229724938983698;0.5420250965257445;0.2512418729343443
0.2065694284706615;0.12749608051289585;0.9846993836109529
0.46914926560135084;0.5612499078386652;0.23571153482822138
0.17651637250257013;0.9674870340014649;0.12156118908564795
0.9793123598085319;0.7057802627857255;0.7634685220266907
0.19878251270204372;0.03296041125554694;0.20498233739395189
0.02987271420314397;0.8238755061729165;0.3451268695422448
0.13902528838608952;0.9604656568840074;0.09023829469098943
0.5872295986815792;0.4473860330310513;0.8314331824870573
0.04990207748272446;0.9849226397137687;0.21029047746111373
0.041755378512090324;0.5766380289328046;0.17361664025130352
0.19082548224645468;0.647568762392117;0.7658595622830685
0.3181160350493306;0.04520948137783143;0.6617969033054827
0.9029130377953277;0.9820064235810816;0.825279937892663
0.3936227109173617;0.22811871166434905;0.27398688540586824
0.7926169108503945;0.02058917072993638;0.5183282136804174
0.4842415137957832;0.5947420165600381;0.3307315941255412
0.32639812957632863;0.2819318414444645;0.6101511436673794
0.4601177708097134;0.5798877585846052;0.8886423921910618
0.34617844678903653;0.6535320182330436;0.48900730164395534
0.11954988833756364;0.47728954086523423;0.48683459994600153
0.3928543673163879;0.35625956418809923;0.8600245887819121
0.8191681924739621;0.9936830669160882;0.5121556878545583
0.5637166336769944;0.23247053129106687;0.2721817746127021
0.09830616077186893;0.7139247988109485;0.22510307747629754
0.8208129167892947;0.7032365907825817;0.5925668990089762
0.6911492238135671;0.009389346129856202;0.8557142574690076
0.4140438078008374;0.8294985027053481;0.5357505833064745
0.5695816713685476;0.09483671167772356;0.4551955697120196
0.6186172766787982;0.09763070531709694;0.769829330308118
0.540701586479181;0.09260213386305394;0.9429360633449358
0.2087930906374914;0.8219289478351741;0.9199700536854465
0.3310796387333279;0.8619569849973515;0.19372413122815735
0.4730429628014011;0.7320796954191627;0.8419946647305239
0.30260250401265887;0.8251785306641948;0.910459830808791
0.0010257228182556366;0.31301012323702326;0.4023924065914758
0.7255757708793875;0.23895602478726774;0.2774158848544487
0.12603535832034274;0.873837243294226;0.8268737692252057
0.8472817976217596;0.9402747571274345;0.43395338168241726
0.051533857927940185;0.48713314630294136;0.9063773613902902
0.16687521331797595;0.9735213730630663;0.9320591558789907
0.9922527507482374;0.4466990137012349;0.8262588760376472
0.8592307758993034;0.5231115592096377;0.21340374914140237
0.9186712115934426;0.8189136669567296;0.9077334919170698
0.6827254874005669;0.17353012395562772;0.6246166510606816
0.2597292171359795;0.9017551726858081;0.5016157774543097
0.8965188833409632;0.6127209128989386;0.8797628828638854
0.5204499637612824;0.9212040382562604;0.9756607042736394
0.6685047594981921;0.7462867257413538;0.7022962714105545
0.5442230921063772;0.9439762300575715;0.19977911011266025
0.3614524570992559;0.14637055618418737;0.08823152055202377
0.41079506494661533;0.9968650044832368;0.03052089048409723
0.31844098675236343;0.917403501681745;0.9709328984793157
0.9068953198438948;0.12455926761078939;0.7093367069971012
0.564794737383587;0.044054839553602565;0.7018070230435284
0.37806114351796016;0.6631898424050517;0.13339557503331367
0.9998940904788836;0.9162954472136543;0.6199777584528153
0.06339311127879965;0.720242560782853;0.30516401329329
0.8239391010159137;0.7149285029188398;0.864378320702114
0.49822221024958113;0.7584699691659746;0.2621953211808242
0.6970450611081722;0.8378847196748734;0.622172610354538
0.47669644085867324;0.5311808758284916;0.5836770768588321
0.6743472392951987;0.30226702539137074;0.24335185688787087
0.7935014065033981;0.6889117667125166;0.7540086678715627
0.872525985831663;0.7863384833441791;0.4730234313925076
0.7050774527186908;0.3180506728368475;0.09527893528235254
0.5686269148505596;0.523396799716668;0.5921719867006113
0.8496147815670068;0.1527083634720927;0.9412161712687158
0.7668910996916147;0.23515289405700612;0.9128228479678512
0.4879553388046277;0.1775606956083191;0.5024688774927736
0.9475063250136416;0.3264950831535176;0.9495266842538078
0.0433000454999265;0.3597139860175913;0.5643704797124954
0.5441124986743635;0.6952120655858487;0.5252742178245607
0.7919864715855969;0.8176123077637318;0.13942425554965587
0.8304216859426932;0.03919784353772726;0.28033384149995877
0.43083092998664896;0.08906059887670181;0.4517026989914926
0.8961029565138389;0.20729274123847374;0.2575846310276273
0.7584913623958478;0.814821188156926;0.5342464431808626
0.49558237514614956;0.7005264399083496;0.613522025924403
0.8602443308458995;0.6010637454039015;0.6182407808470992
0.3648541587304017;0.328531382351135;0.07441269178212973
0.31602323867064597;0.5749295983838064;0.43494235763789124
0.2835814320824145;0.7479981504194172;0.22486415870422327
0.14763138721333502;0.8523888646802171;0.6390644146268474
0.03354335133872288;0.3648801652216699;0.6071606697448433
0.005538372532561064;0.06339426525711478;0.44808729066680886
0.3811252593834803;0.03344362661609279;0.6979271996342166
0.3611663279899725;0.12903226355766362;0.020207043392324375
0.8637744965859269;0.20230201865158115;0.25919374676731677
0.13833673480206277;0.016324992032138108;0.169024439758808
0.09394318087533737;0.8694089411011098;0.6951637887757979
0.43938799117908867;0.8016256507996543;0.5474132662894646
0.6596355580044919;0.45859637975374423;0.38292473232908275
0.5755215047224768;0.272808810051305;0.5034445541110549
0.4069710824846089;0.3678625108807123;0.8348992548570172
0.5566100286861065;0.6518953005631691;0.26842999981082005
0.9975746505780198;0.578616006592347;0.6310482631101725
0.5907356533107803;0.3043933747869284;0.4645394728104675
0.22037027941001108;0.34830888355110756;0.7712166663325882
0.27757255374960677;0.29961758681143347;0.8982276939966983
0.037567826346326605;0.5195833357784513;0.49402904727908303
0.8968381691041512;0.9803544113686774;0.8778919330449654
0.10148955309055085;0.6620828826934733;0.2037168830077577
0.3927642646554743;0.674895850945312;0.3596817656280301
0.7653523029868563;0.9746892091201969;0.4011939296364454
0.48943701095293946;0.5605387166562579;0.21656189004637127
0.26103609483613255;0.13897476956172805;0.7238468725175271
0.14908267774134065;0.16203880087912714;0.8341494647393144
0.8059420578569908;0.3420480222236746;0.995479660574748
0.19343689115631235;0.21890840733532158;0.8157615035430271
0.03281507637687542;0.5736675768890405;0.11940191215622442
0.8084861252307746;0.42548428415406225;0.9905086176691057
0.8109275756590684;0.540662631250384;0.08962233385023022
0.5744100242836148;0.30809642530443215;0.8282010645379572
0.02688992255965672;0.7099870448704455;0.361593444751128
0.9988424337268137;0.5492145697428252;0.07369119373970023
0.02470490983554241;0.608073671594444;0.029382449977027658
0.4699159596591109;0.11646494480426939;0.7706623701985994
0.5590646001659929;0.05133064578633484;0.25315431147042233
0.7702425222431186;0.06405092949222002;0.6805866777749139
0.12916602742960182;0.2169650685819886;0.19277649168909305
0.6322955384706712;0.379180000251241;0.3121858053904861
0.3541138382101552;0.41506454344896004;0.8665655979281491
0.007397625288226517;0.11491680726931619;0.7309731952932905
0.41776357306427214;0.7335565502186107;0.42890398098370897
0.9021505895763003;0.9741073713548418;0.8591979164148502
0.4666718919284122;0.4708755914104784;0.5656652547999748
0.45216323797984925;0.446871935367362;0.43615409597526844
0.06528830777983774;0.8447409713152736;0.4501533720916199
0.9075687849091676;0.32273224222966335;0.7286072177607842
0.8325458226888098;0.48690240474564717;0.6073605352962499
0.2072426629830496;0.6671185582975715;0.18782150858582558
0.14735855502508732;0.9860998246885379;0.36287889863685685
0.5033829265907124;0.023660427852095656;0.045597141467636715
0.7779424094154721;0.30765184850820115;0.8448625471131059
0.3040446031825669;0.9163005803931781;0.21060999661399327
0.047820026202550214;0.9747886470399665;0.928705721203179
0.24682730969789413;0.5171246262957871;0.28333916860977204
0.22339969262306303;0.42986577345699617;0.22576758156712506
0.8604534195013949;0.7095981773676695;0.459141934332025
0.3977140520595267;0.8033091527319184;0.25861096011876317
0.10868178036826648;0.6765510906668151;0.3269452926312828
0.42218299982868757;0.19446960010992653;0.8893536335280388
0.6342084424329271;0.049339178732038635;0.898144543161402
0.20747105500770835;0.9490124532262094;0.09239976386538362
0.47914272162488003;0.9413257563839338;0.6067546189713433
0.2981444586099754;0.33771872699374705;0.7337625250146951
0.5196282310442711;0.2328138450719589;0.17903457257110478
0.6488717821319392;0.3471690259732594;0.513351841153107
0.955090943525071;0.2233975230410824;0.7783382933034241
0.32908532742415963;0.4036405173126133;0.39497029715373344
0.7072425961339219;0.4795039749100547;0.43440749237721943
0.6445887993756859;0.8546018361083267;0.11971676148551891
0.392313435253957;0.4538417052468309;0.2392918261529111
0.6516197713330826;0.6971684786472373;0.6336484150167611
0.5465109189507494;0.5702519411635161;0.8631996076238496
0.8073954564894876;0.906608027142277;0.0988755543659734
0.888768809129278;0.7922749646061533;0.9321176533500951
0.2571664544854241;0.7570571765790192;0.8798717942788746
0.45077135534939594;0.012875210109279278;0.8527874417822793
0.5989162383633113;0.7571619405683878;0.7877470538577503
0.6938859666526809;0.43615598387826415;0.08630077569424122
0.29234714011926854;0.2033057952482692;0.36158918934019535
0.5802921200522058;0.5634761816526721;0.7497511530586325
0.11787405510598503;0.18705755848335182;0.11904419893185758
0.432550100541228;0.3750044010865552;0.3010178859979423
0.890747323272905;0.3371076263599433;0.9548446707572114
0.6425658994185584;0.00918756522634856;0.0498480133234358
0.6820039432117074;0.3798548830431052;0.824065283972181
0.9816074440380351;0.685231862857479;0.3530566842419329
0.6308548654709042;0.6904617898088923;0.3401419813293015
0.4030164790970796;0.8606528989305571;0.678925320806977
0.4614908122109198;0.5035874547015091;0.999398540465927
0.5588787237163049;0.8727929476219027;0.33478840109318964
0.04580112797330105;0.19773603782530824;0.4939926037327378
0.9224863657920492;0.4085830372070951;0.4571628888936705
0.8428034494529848;0.043901552577265024;0.3233774653301048
0.4748635293154345;0.6569739762134065;0.16786784975115276
0.30034824559699635;0.7587480692052039;0.299517625167797
0.34026869505722157;0.16461052693436007;0.296956501523006
0.41504540732702655;0.08249270338772041;0.29691373608977534
0.7306575418103862;0.7490133413943265;0.38035064829367193
0.7149209829903811;0.3520238540730435;0.5012817309894798
0.3591218941898241;0.11314678084498575;0.4533834213349025
0.11518142056527758;0.08701031564739337;0.9532135081558127
0.7082862004546246;0.4117825483897424;0.328608937171431
0.1055621625926263;0.6724646766003023;0.9269507275624389
0.4705596582605617;0.02015798553878123;0.5471217912853223
0.9417924046163917;0.15092077485404476;0.9846355131919313
0.8997285208502237;0.6844392621786545;0.5630563840298319
0.9859265902440653;0.22215994168846087;0.277322657046164
0.14953623513222591;0.2988430502876096;0.16961194826086845
0.12461637916754431;0.5169619557791361;0.8347180670507983
0.4131161652222711;0.12396744096663237;0.2689422568801505
0.6031804925359583;0.5566599508717074;0.8593097541239682
0.2365494466703537;0.8034270610722531;0.8807015804927295
0.6275654796035529;0.7906201726839093;0.7295736729361751
0.5534929839291024;0.6076348942166867;0.8036229776664155
0.24805398071007556;0.16919044239373282;0.619256275979511
0.15873758565610752;0.554342485766445;0.4435517380071826
0.1493062495626598;0.33566874677745895;0.38323104025155186
0.924512896130474;0.8991330228504141;0.7036395549631046
0.0011090408813881902;0.26703650858417727;0.6899767929012763
0.04691287664205135;0.990634582111652;0.1616376163936586
0.4874609993825124;0.32657466539288926;0.01812231765752248
0.8046997564101743;0.6751685805663903;0.4700641001812441
0.7917763962456785;0.5595059713410883;0.1647462026154516
0.5888728540357416;0.7559995949591859;0.27681003942604654
0.6698801691761767;0.42395000526676074;0.17672980110345782
0.9791644381706278;0.09401834698001033;0.32362040415491555
0.6778287918086348;0.07532407263240792;0.24240671320059104
0.4623385666985276;0.6523601319761414;0.6483667788352936
0.32243461944880913;0.8184135550706625;0.946096657377708
0.9344191338088151;0.47158840790185674;0.5933601691773642
0.1883240563177202;0.5076996206951524;0.24656335732748969
0.008122625622508095;0.1938840490194811;0.11884997679558151
0.4025756219558291;0.7025202394620979;0.9115743326633698
0.9387707693738059;0.049671451274815315;0.24505091741137142
0.4094534241119512;0.4321560428383243;0.14069954189203582
0.7352694994669937;0.3301770115294135;0.4766138133030221
0.9372334694067952;0.9713449966486679;0.43687445776400247
0.6510549826573854;0.8509587345087115;0.34065583312099157
0.7449335499219877;0.10093925073117382;0.26182719932686327
0.5409785506541696;0.4425953899394802;0.41872454217382293
0.5977958530561597;0.41334312323765565;0.17033042666077292
0.06757576959138722;0.7501224599894787;0.5437852922815509
0.21168214611296243;0.4551203442378161;0.7783334861012913
0.5644576842565129;0.7718333823974768;0.6126937102566778
0.7436454359983303;0.565951099112268;0.40687100025483547
0.35344075147631593;0.16807256446165297;0.10959950271547136
0.533079191122576;0.4147119233626114;0.6903436745961468
0.5980191227587714;0.527867637816647;0.6062970373757718
0.7365457185408846;0.8103184767259359;0.7023416419981315
0.04838802739799497;0.21246232121965436;0.28201547450680686
0.19343323832159665;0.08577645536611689;0.03010479022951562
0.9382230409908121;0.40197808531032597;0.921691962657679
0.9466456701372511;0.12146398415284754;0.42710988222800317
0.901672826881667;0.7151010456109533;0.7780188116011828
0.31658398952432865;0.8372299438648814;0.4431598791007044
0.1472606742100866;0.22247453231501269;0.8918606854658848
0.6947234141065335;0.9288355810806372;0.3105523302623089
0.16422969556171552;0.8525544599108844;0.810467287879679
0.6097817681861489;0.4527121784981213;0.7693097631537037
0.4461650487032718;0.5315856714825045;0.23732331640711712
0.7145697799961617;0.1851690444290881;0.1703410308347525
0.5150593059865084;0.14576471599800067;0.42597603520570226
0.7746962982803838;0.3704787771329914;0.1093654036283237
0.5837976567423433;0.23431635177028443;0.050401571309166227
0.7814551770275648;0.9455873847748778;0.27082986741171566
0.3420275340157275;0.06866840036661681;0.6028380148443975
0.41085762774170254;0.8443642205565326;0.06199879753672333
0.8903361126541528;0.1846341771060802;0.4151626583802055
0.5115215681506698;0.7570196215664622;0.41643980809694725
0.13684638912719482;0.09203907016619395;0.9901950918668191
0.8772705908910069;0.5659916112511405;0.8172973514972842
0.28453732574218993;0.12907728979333732;0.12156266532326843
0.16542539407280343;0.8908389773243706;0.37012301062074626
0.2768425539584808;0.23388472922874093;0.34468797115472793
0.8992675291113068;0.26998273839368836;0.5492433504049311
0.6907798761563947;0.059782281321399955;0.695868531139306
0.7795993643070108;0.09165024314870684;0.11422759893460888
0.28866268207306556;0.046156841602043364;0.10997515503577027
0.46814750683603323;0.5919044793635144;0.7635536732814562
0.7151622055312299;0.4637842728396968;0.5283932962304576
0.5813730135403237;0.9243036750760705;0.9258138194064602
0.9126781340187123;0.2917878659634221;0.9244240155193878
0.8808121223728281;0.6327711726141716;0.590606326395994
0.34594620564355283;0.4641362629183423;0.47053396604815323
0.4781008645948992;0.46184543029869185;0.9979081699720355
0.8902427766986697;0.9078661161364722;0.2460425726925366
0.9560057902085137;0.8416465248113538;0.9487078839068593
0.40304931651196585;0.6430017106429256;0.7789739901159931
0.9001771152295382;0.3893504863751448;0.3654057139515169
0.37622747303545456;0.6974361496200163;0.5692700338195776
0.5463325302783605;0.05774037604782212;0.6528013421944303
0.26632543541859466;0.5469555408254251;0.2315955100202347
0.08284882630134127;0.3868005309217739;0.6664049645312933
0.3851825975826456;0.7593809459108785;0.9313568604438661
0.6389572848141445;0.014078327802279023;0.18023751246916475
0.9074815645001328;0.11148664336077496;0.5125493947005411
0.32039470317150065;0.26143116464398397;0.8235386669066084
0.20955961025190872;0.027695878649985017;0.19492060661278166
0.6378741357332773;0.7329113455549551;0.3096122802552116
0.3833274676607027;0.6930391148654874;0.9060760840687115
0.2784369769848888;0.3282811594453727;0.16178782738305308
0.32864776009753704;0.7936362533976858;0.3465927512601126
0.009174643168898378;0.49420520287488323;0.04496989688470976
0.7697183891953243;0.36534476598340426;0.04956856231005369
0.37570578412364264;0.801377231830154;0.9468950989755048
0.8569268852427591;0.2417002248965694;0.29759893797036574
0.3908631286795229;0.017382682859846565;0.5192215789736961
0.320449010541219;0.3814518307462046;0.7016614482172033
0.8478119312928742;0.3474409957717238;0.0352672365855794
0.041965193730634676;0.469727086411297;0.05770039886161793
0.7305801295711931;0.2340192187759036;0.3980434685140559
0.7620560540801601;0.28234220277243904;0.10029118252556546
0.9498764719643579;0.23710176789766813;0.5228894921695487
0.12092187084787454;0.6308720971436834;0.13776665122822718
0.3370328380198452;0.4819910316012357;0.7384556593057747
0.8986210019888028;0.058389510253817334;0.5985611335622817
0.6812113349964886;0.4617235502271029;0.005046659779991081
0.9424844834503765;0.5245092082701017;0.06938224247838176
0.08903580237528985;0.7937375078694601;0.89015837830916
0.10971857932974816;0.3779754325386169;0.14291368597169685
0.4848408751796268;0.10381990167299837;0.10054127524504886
0.4322454362615;0.0664163652948776;0.8391837107921467
0.02387547689135383;0.1822112522064121;0.4610678772493141
0.5645283568634929;0.03136700702607287;0.790673365796094
0.028425821587519162;0.5638623136318146;0.3189039092552043
0.17535897898336306;0.6279283952678765;0.9498122090091718
0.7126206265048785;0.5419880069210375;0.0209587157891421
0.7297290000984117;0.11563358212937114;0.26947231211159284
0.6264566321722819;0.017501031361610964;0.16681785836102603
0.42785171440899283;0.9411939022675061;0.5073781546718601
0.5360347667304483;0.2622824958028469;0.7097138588076672
0.8788902835288978;0.5978816043314128;0.048931818084310685
0.21074023629051486;0.714378512755037;0.24990728973699516
0.6993453729931747;0.4886226320314151;0.8789231936330039
0.6545368874718299;0.9392121504568511;0.17251871843657451
0.7165577888566688;0.27171464864656913;0.08252900169344912
0.877852140351635;0.8844657922029256;0.08544440689721589
0.06384071397825697;0.7388424594070265;0.38366485335250955
0.7092916933646822;0.6199323343717081;0.5452130829101034
0.08358245728371394;0.17011347799919052;0.40214302858585804
0.304414014794233;0.24335039364899713;0.5266454189353731
0.1860686507714967;0.02904398081915005;0.7747525143779042
0.1079855907944407;0.22796789265165707;0.7382122234663514
0.922384368638046;0.461604467672204;0.9286546996961708
0.22276637963268553;0.8082162073952593;0.25975982940404596
0.8058336702679023;0.761829299589574;0.1821736060959741
0.2108346212297455;0.46862431234162905;0.8833411844890465
0.9812901729715608;0.7014587002360497;0.6714029178096078
0.3412084143698175;0.9380988809987942;0.7888340870328057
0.15869308374359536;0.9294740606982964;0.9631197049851858
0.2128985139067312;0.16681715761647165;0.6756751576155944
0.39669616581969;0.7543144643336042;0.4947398222256816
0.12364749039171818;0.30980346551865123;0.7657657699013227
0.3510248093597299;0.013317244829375796;0.21131374168214423
0.04071522389147264;0.629161484950991;0.7880054820908482
0.5370853222938322;0.15975804263455096;0.4827374437629406
0.9413434786552801;0.3803288043530414;0.5302462934038508
0.48563960407771134;0.9018406852356946;0.06822224027757229
0.28970314262576935;0.8420607632774546;0.5479266349163646
0.8189197346579182;0.21931094239218474;0.5740901935001765
0.441115958676663;0.5518116321416844;0.36136383868913646
0.6778026793069979;0.785620071319445;0.27105005564874163
0.6629460694884997;0.7541337863675297;0.8146853017224127
0.8103642610727259;0.0421175489016099;0.6958866980356285
0.03944837969856818;0.5233655599340827;0.3449036719169257
0.6632485605091621;0.40886936858321077;0.19611796246321955
0.8155076059570476;0.5335519862519321;0.8283998450306743
0.6826712092511299;0.1614527922086294;0.0776477005687436
0.2685436188535726;0.8548833798788238;0.5361205939532738
0.2833109601113153;0.5212619079709737;0.9685389869196628
0.16473908806228144;0.3488905598689649;0.537593005758876
0.11470500840410491;0.22748650496788791;0.6306272154669691
0.4201833750335566;0.7477111094220658;0.20243643017770074
0.60487851474466;0.09286551283601507;0.6723521515744246
0.8592336191464413;0.424585765994421;0.46576488776187497
0.6622962680442086;0.8877880090340663;0.8211476353500498
0.9394622499547498;0.9336008758894213;0.3122481315068396
0.6780553702567097;0.154163785447888;0.10199197253516623
0.3790781991995734;0.15438103051051;0.9183889193793598
0.1327346838598703;0.5166222382703276;0.5068770441093563
0.2608056944347703;0.2731701859926724;0.8583992721011812
0.04902560670105838;0.7001970303061537;0.5645525953521684
0.7895777830517297;0.558245294321345;0.10711026325556039
0.7106140007785925;0.3404908856927993;0.4427517278025678
0.011881474891517918;0.2663939573754779;0.4332781125449786
0.2907811737340348;0.573684140194973;0.8088243608317834
0.9846458039453029;0.42616218263870453;0.7644391795340622
0.13657957726063708;0.6954723855289051;0.7788757870770717
0.1103738979324923;0.8783631265876211;0.37637841586218745
0.727219618563215;0.9218285165294365;0.6241711017987864
0.2553127483595984;0.4964637229912615;0.11036282363589156
0.06654547338011219;0.691923400432585;0.04430515457663098
0.26318441177741003;0.9023502368958951;0.873655094012072
0.5653456670812915;0.2022918514548404;0.12644568421339508
0.715792353290764;0.5336470055010787;0.20507518226635013
0.13059688318078644;0.95854644897002;0.4063697865343986
0.39608327176904956;0.5223048889622632;0.8371728281464939
0.16601165734202117;0.10374712908960382;0.019516442420961733
0.5748550465079064;0.20047129470487834;0.4383860960014301
0.03849932600251582;0.5073833982531749;0.27148606932372465
0.372305607067001;0.0246396032983357;0.9144264490092366
0.16637986334687538;0.8678426315384439;0.8030840767503662
0.040840893648826704;0.04055177046808456;0.05859511124369965
0.8067855610271514;0.5474251836963017;0.5185808836749767
0.9141061841624882;0.5058864714380752;0.6427888979965022
0.1490584161058276;0.67102763256059;0.14482805536214483
0.4979433252944224;0.15819604763875517;0.2567299132115336
0.03762342012208075;0.06550064031773495;0.2514300340182183
0.680165555486852;0.4452565386464886;0.8222124903398037
0.20246019033618057;0.5260532048519714;0.7259924143069266
0.0563990557350984;0.5723517326102348;0.596994968423468
0.720095515137224;0.015744765700088204;0.7017894668856504
0.3251281483036845;0.7042511285230755;0.9246943847291001
0.8508842089247555;0.6665303514884344;0.9261912964159448
0.2462093947110504;0.5910515195003784;0.415149316065309
0.5921219377017136;0.4697251651767502;0.9727878431896403
0.30979262742780367;0.5180421259357805;0.5715285349361949
0.011770379391772279;0.8595380164281606;0.533429957660171
0.5644942620966504;0.7739339544660819;0.344173024076618
0.9382059481354946;0.7198022893449265;0.0122179253224739
0.05430806384581677;0.662555246869381;0.04314099691909157
0.20373467921057065;0.016882552054141686;0.640165359018685
0.5354342431376344;0.9057849603194212;0.08634011577244882
0.6069808416380009;0.3627336203898206;0.3907601303288516
0.905020434078792;0.14925977265394974;0.44289266913144554
0.5562842362510804;0.9088429266862017;0.02506227322164123
0.371832576268171;0.21479235023718113;0.4690464351662901
0.2744820378665719;0.2834906189750761;0.5516082883156189
0.594306288383658;0.7934091709687564;0.3980139042736158
0.23589166803311867;0.5688828875540697;0.8067605055836905
0.2272440534627299;0.5382818988586537;0.2597820916726289
0.12023777571274763;0.43955854421693086;0.6111676495138771
0.015218312259412947;0.003659995773317881;0.7732763059747579
0.8367413748440907;0.3280356310628909;0.47834971914105584
0.9125989366721428;0.6506228254979186;0.048522035591163304
0.6416120631280712;0.12800939580339865;0.674275301530278
0.6670793524836544;0.8427868508119409;0.044717126756133485
0.03141836018742661;0.6155801320056404;0.07743027893253274
0.7033055532286214;0.15503583729516246;0.55754107682714
0.35669911862109016;0.17511178507456515;0.9433394238213825
0.01327066446039682;0.5389915379795501;0.5108946723358879
0.7670450401774686;0.9700244296255426;0.05274704755674653
0.14645083241128898;0.5822477563428915;0.08707877250221108
0.09191339314301705;0.08977362271062561;0.7041755323438219
0.7756787620090632;0.10891004727705067;0.6147435506406186
0.7126502319883641;0.990896296005855;0.6909991266071992
0.8504455740843812;0.7431288616033688;0.0424605567946027
0.00524008632938977;0.49841394306090314;0.7821431617267958
0.02407428210325191;0.7851336627578884;0.46153659729878804
0.4396101688500479;0.743002236232286;0.783741579426855
0.605178517461338;0.9135983497130867;0.47044103390463854
0.6707447727305778;0.07518797384444742;0.2626543414112258
0.5426173183149219;0.7825498198000186;0.6441126818543513
0.7150196869989437;0.41579075836384627;0.41837665115081457
0.36446200919780636;0.9687735010485943;0.09325589174506332
0.7125285808525761;0.173585575338967;0.6420178796636565
0.8709453591584169;0.7358265439152363;0.4239419545525983
0.021917329480922287;0.927708585359071;0.44791202522858686
0.8574670008526295;0.9623660474072873;0.10907347472129136
0.25518034598931516;0.4669298176344835;0.459746303631847
0.5539263667520763;0.9760014095830023;0.9108484415655678
0.4706756042560919;0.35173001231022827;0.10335010450881343
0.5955642795985991;0.915858372240584;0.7643046027083908
0.552973065324663;0.7528967289764348;0.6004874285794688
0.8612286866628217;0.0262353700107274;0.22002881327269197
0.4025353454245052;0.40136223675449945;0.2301448215033285
0.3896257702129108;0.35949231047322416;0.6381150799777681
0.23970281503569635;0.3537101863768759;0.5915896782874306
0.7162892777243667;0.9595737153869468;0.7365461933095864
0.309232337454168;0.8449802969184115;0.13072013215496936
0.5708150023394049;0.7180743096816189;0.021010591846452265
0.9259492384863299;0.27909977027747057;0.6594697631849433
0.7096144272348639;0.19559104832886176;0.578709096567955
0.8763025105146699;0.5485387892609054;0.19951901716538456
0.8017647362370818;0.6282265724203262;0.06974429459981113
0.9603535228906178;0.9698217164419267;0.18710226152291498
0.4242710033921736;0.8206272479789037;0.268834871060298
0.9072434293845294;0.12083856362711154;0.18135771065474426
0.8682332564312081;0.15517073810410764;0.7350420379513678
0.8612226178694317;0.990072249894547;0.39216072516490497
0.8293818106480901;0.9585197942886;0.35676093609858306
0.6930089302681898;0.6011432479910435;0.6468170233268586
0.6628626365668863;0.35748056999189304;0.7318451155587476
0.34084024607708685;0.9473204735649704;0.21693845177500248
0.007295497470832468;0.4264754961870645;0.8364214851439989
0.8268357014144141;0.2590146506043124;0.6110374290124045
0.45808810875392547;0.27893218930825503;0.6961718044614797
0.4598719994111803;0.07428986235972235;0.5072026871415198
0.30287835866485746;0.3623882100115672;0.28242303116628786
0.052413844561465694;0.6365371826698241;0.9634517878885093
0.03331156324919371;0.7756792409812658;0.37032077191955626
0.549537058920433;0.7524861905491887;0.4358925646302545
0.5191346001117947;0.13472624419296508;0.5406823448332625
0.09839086782764461;0.6204526429705002;0.23600696050768988
0.013697733614755903;0.5722120536275238;0.769302725739128
0.18145245780813146;0.6276079591717567;0.6452379506800577
0.22533589574754376;0.7930029141493059;0.3712304936288511
0.09892931564061413;0.3923254510527431;0.06787138219355615
0.2836028666451098;0.24929142945881988;0.7698691458984577
0.23330095898767544;0.34921530593877037;0.6756914727305132
0.2163684900369205;0.568320948384673;0.041894590588969716
0.1728739986991601;0.9757702269049342;0.7408397916781171
0.2015232263071799;0.6784490195604036;0.7582353648793602
0.14706810152113015;0.2656405903892948;0.29271375049746373
0.896626880938218;0.6348686601567863;0.7873911227557137
0.7860614172568111;0.06179417738416304;0.34451071174830994
0.6348391197962152;0.6895222004616044;0.13587575761304915
0.4762212903791818;0.21270720668438214;0.38500097805381894
0.09560883274543652;0.9039119532987191;0.9515640373662414
0.04660589082171929;0.31045873070078567;0.8604182841690597
0.8752511041924578;0.42152758399353474;0.11473100904212397
0.6586893903073168;0.3505408563340675;0.02595586131527272
0.15248138226059493;0.36733207936405143;0.9694291376173952
0.16119512831915428;0.907261264504525;0.24041456261339667
0.9079558096620527;0.8748424039868639;0.6977611791692931
0.15970671542180148;0.13982808653384882;0.9679392523261272
0.9901806114572421;0.48420377536478376;0.7886509029185655
0.7766846682653528;0.5621668642959108;0.3185480109391653
0.1582103106556031;0.7824400875145372;0.6490412993046513
0.012684654935760542;0.3790327263589093;0.9974516638511732
0.49791978136412285;0.6688361151255484;0.277739793563451
0.992630966811521;0.3516053883584741;0.7550720997961153
0.20107187020485517;0.4398000972846656;0.7145974845442181
0.1289626242310392;0.24214054699013376;0.31811975522333713
0.09864822339073054;0.8451315258051475;0.1740361134549716
0.3355916290311063;0.7748988856437683;0.5710659679139097
0.7171670660340761;0.6087785079608478;0.2894585312117859
0.9644817986941543;0.26575408079524065;0.46502949691596585
0.9504172404497017;0.7400828555572023;0.3910920820756346
0.24059549230251764;0.21829993051786023;0.284282947893322
0.9029969564048808;0.6619164682402962;0.6989354307355932
0.4162860922409716;0.37736923981603676;0.8975128660431863
0.16827201603001862;0.7282407088522452;0.07153063799616177
0.13865735287808156;0.6326566635449898;0.9858041716968059
0.3481868205673485;0.0963191193562366;0.37619899446061345
0.7952123308195964;0.645402492655122;0.6868911091718877
0.5157521596405032;0.2749981878036576;0.5227881986530326
0.03300842177157404;0.646509915271551;0.8479729505615229
0.03043231564980453;0.3027683742261543;0.4939904489657089
0.7576633458291981;0.5764156569703501;0.8758962688730041
0.28556346981436764;0.3221280450633178;0.26052884789102315
0.519166124907438;0.47113470563911997;0.2663213657624022
0.019747477746490105;0.10434969825066864;0.9186554653366416
0.37873844521416544;0.23066926996044212;0.6460349542845458
0.31027055976056095;0.07112988438781587;0.8728008108769925
0.20546666709440953;0.1529307193292886;0.27181016278846926
0.9060755741278935;0.39126565963394866;0.05083580004555688
0.9246256996748862;0.7217198326703519;0.45227391730573974
0.21445229648126163;0.6905116132641158;0.5021785202542968
0.59361801855035;0.7926559641604376;0.8948187081314489
0.6037813472655957;0.05257864510923849;0.39953332825046084
0.7966889711573345;0.05216907485037803;0.8939208035785616
0.2247280385775663;0.5612153407007662;0.5489811758108444
0.5612561421801561;0.7525012863170673;0.49601347772703075
0.012904510076965359;0.74696911805364;0.4073883770464881
0.2305922137121308;0.13814154573718762;0.01414772690183852
0.7960099154785242;0.5413139201212922;0.41851629963702774
0.637829893618759;0.8542490027778341;0.3890344970555162
0.1863211418112921;0.753260140299479;0.5440333699864628
0.24101711757333855;0.9530062651188735;0.735026593629547
0.051379926680902965;0.5819083561220344;0.016198572569171787
0.5491085016268293;0.4970013874757986;0.32037146501747527
0.278116778023869;0.6398957948794345;0.8627939284778567
0.27284807722864535;0.30950563773733997;0.21162962951169084
0.508848108020779;0.8148549921845487;0.20867278909641374
0.9822781371565195;0.574776236645322;0.6360408483076452
0.5387992020889059;0.9063498480009577;0.07607496726543328
0.04154535816666094;0.6003565049581551;0.4264946758897512
0.016560174714716824;0.5332906099736655;0.4371981141908301
0.7878748369309981;0.08284796960374297;0.6423669639401552
0.9849947297991996;0.2922164766643156;0.6809696429243499
0.7789342871886445;0.22677006357748897;0.8032790446723799
0.9402876509950615;0.35207150810290866;0.02076746548653774
0.008600011584491973;0.907453332523241;0.665333592252206
0.6963018293655189;0.0745868067769837;0.3682514285153283
0.9675092010521723;0.28218568474602945;0.14425498439020235
0.4594711697473465;0.4975562952413508;0.10366331278038377
0.35753548640985944;0.3520403792603283;0.2530608030201609
0.8949148610167569;0.6484239112686538;0.7895109899746476
0.6714526404434039;0.840558545718455;0.1813809882325066
0.7331236642525254;0.6434492951579244;0.07187220763164015
0.11262396284974063;0.06482792918244373;0.32384959555727466
0.5867375672650442;0.2668925745024118;0.7425201544208261
0.10427301934387512;0.470181471916604;0.1669995440430957
0.26494905449544326;0.2693560661028229;0.6726175065481427
0.2658906869547616;0.853597374991696;0.6848449484463948
0.4039283246941784;0.5522891834227307;0.5396907352093809
0.7178402797188135;0.5501976290817411;0.6566009373342832
0.03391085761047197;0.105628477544088;0.6826181889155798
0.9625092217687172;0.314802621073902;0.9622292608465306
0.997408793782818;0.479919070831457;0.20418450741537897
0.2662056255638775;0.5651976059413985;0.48317948844194425
0.6944376597109639;0.07631884521161036;0.6700626636169593
0.477160258429581;0.8066130005356894;0.2667175204148149
0.09458846932321963;0.2809468657360935;0.362666801146611
0.8826735987547611;0.9193180627021811;0.32670472356013713
0.6867035374171516;0.5889566636064861;0.8348135587588494
0.9886757950970837;0.13720938164043817;0.34776925957835103
0.5025494068168433;0.5394846786407469;0.35962548541279815
0.9961926672511939;0.8191078939080726;0.8327822557881044
0.31728721981569785;0.8614602708899051;0.240079238877142
0.2269268888983157;0.6745797412187907;0.4257271792786397
0.35673220169635045;0.8783481784059732;0.9006869538950094
0.1763750575257439;0.3767968766654449;0.6681626179253969
0.6570698001925741;0.38326543244595346;0.8347419277711768
0.3056161164201673;0.10807853025832981;0.5816365187107492
0.11397775181354808;0.21233753180160309;0.5619791898551592
0.4815771962266826;0.041760568880346516;0.8168981903950839
0.7645275853179905;0.21621319060556832;0.08414420333228911
0.8347428492025823;0.4094600836671449;0.202498542456233
0.037760465666781706;0.3389587987348113;0.4494420457813354
0.7519420820702141;0.09856212323236169;0.1902587580653099
0.5590529418536713;0.024020752603772122;0.2655461956069193
0.4850885185562146;0.6415036249338499;0.5237276353856234
0.8219025089881752;0.21199663325732698;0.2610882564174226
0.48385921639980967;0.589264895073456;0.7796036055569322
0.7662780335880873;0.8373604009387886;0.9771583653577974
0.6819897213956541;0.7378844885058553;0.6228071289105165
0.2726221168679829;0.107513791299783;0.3505834221608024
0.33445019917227925;0.8933189427752629;0.6696154530122191
0.5304878480230832;0.5098184615438173;0.03179262905352853
0.27473622518769847;0.19934333122142656;0.6214050548842686
0.12245889261652443;0.6876394637717006;0.35781349125072726
0.6096543032020776;0.6323049175468752;0.47553122647151214
0.02205543308435487;0.7149235783824985;0.8584720619456471
0.20790488220474435;0.2733086343971233;0.6213390939558275
0.39408868963497234;0.4105023463051414;0.8324701738452621
0.3983966994800495;0.0400960451247625;0.8032363616013597
0.28852024139958277;0.01690121662076627;0.3331793425345989
0.8819414597589984;0.5213913856241157;0.771641590341672
0.3101967679855524;0.12452118883413088;0.9346753017642798
0.8584328565997453;0.6649196913254816;0.059424409971694514
0.7806230758791325;0.9906743803137039;0.8006999434204187
0.24827312481444774;0.48440640611480223;0.3035687794146147
0.7214743119722052;0.760254932910563;0.3470085289140543
0.21417499404572882;0.6336654562618421;0.4756045985731956
0.42445272905902276;0.7295135993211508;0.5702985799667638
0.8728071055210785;0.4120551043891786;0.09655128074071717
0.4328182662711155;0.4308004479993496;0.14887618340151199
0.8783800157159555;0.589580175984659;0.3529739114902739
0.9370747435350797;0.7027645864673697;0.6723197892310971
0.6155399431331176;0.8022008742481768;0.08594562540479489
0.1924931922775357;0.9447131544798184;0.687486751126658
0.6132923672134384;0.10483650657209165;0.7937029843382116
0.7801900135042524;0.9097464151356945;0.5280172528628979
0.5721635944431485;0.49713918569081517;0.8714218107789017
0.5665705654707353;0.5758872827837278;0.8858415640842163
0.730322509078057;0.3674654173590417;0.46469790600745464
0.573565860391418;0.7492185338576002;0.3432549148441708
0.47596104147424656;0.9596323693727243;0.8565054449151983
0.5100845751952237;0.7959699167653471;0.47359724219074717
0.2445877149895468;0.6865915945683752;0.7457347974117645
0.5899057134193118;0.0296068159962396;0.5729800404504379
0.4603126146171478;0.7180248951724627;0.12132595509427124
0.41496693273431406;0.5703334576608894;0.495795354075539
0.9889489288923887;0.47289329392379964;0.02617879108760146
0.9491612884432635;0.610958883774273;0.027705279797413884
0.9335581287420744;0.19836974955292797;0.8846288007573933
0.9974187089363268;0.7082747719790442;0.9726675501409842
0.6939098962452187;0.6561603199410585;0.13311057422902395
0.9627872928094565;0.12026577341858335;0.22062872832628355
0.5772989144948418;0.10160639491709123;0.561949253933064
0.6166295167729325;0.025221306086613327;0.6583620240619122
0.8053095281800472;0.28134214208265285;0.5291601456449293
0.49147384794329874;0.298815314273007;0.534150347865386
0.8957304238286995;0.8966781648462366;0.5678957312576215
0.4447867451806289;0.5924579183603725;0.474541640359044
0.9353854110180148;0.9795413000141835;0.8559568186811989
0.5372554199047297;0.6210117973410527;0.6904617301114538
0.24249620412456419;0.9562223648810836;0.7815541491264011
0.9477190385582568;0.12696726794280766;0.4933835662776309
0.03270289265575266;0.4911159767654164;0.2727381901862759
0.6354188919212193;0.8026424448334509;0.5471073457481235
0.6972410061293417;0.40303054048548115;0.7955458661407915
0.47012696459150716;0.9413146715689479;0.5898735482562429
0.18463922713924497;0.517515500339507;0.22453813844684556
0.7342422012462564;0.6240843541346895;0.9915578328834247
0.03198334958314131;0.5266377722471427;0.6692277551648749
0.9866921809354697;0.35906039038877424;0.7225659006188628
0.2171605994986363;0.30054914247028364;0.4500710601170165
0.1669652416091656;0.6001994723483821;0.4165958804061227
0.7368995126285535;0.126803437088587;0.03533792206903963
0.07680608915811804;0.5850396833735949;0.48920481031712226
0.28124759515964337;0.6031241151770598;0.4959548452608492
0.31537010395719745;0.34806718630478073;0.20949224801169652
0.9691941491024283;0.8597457698115555;0.08774343806868112
0.5962888605927085;0.2988712379452959;0.20842666968823576
0.1197402072065823;0.9381075166684663;0.13441724753798678
0.6812765988038735;0.8044369623901162;0.7899005341059557
0.7044742459407498;0.061299196536847345;0.593047876124224
0.5206902698604003;0.04879657388088099;0.002089491246005104
0.4905255374354922;0.19927928513984805;0.10288978038034713
0.9954127063268462;0.6162522797392411;0.8635653802110103
0.9433226640049445;0.1096742182575583;0.6690665818394383
0.2237221581057547;0.07795866755166914;0.45187766462177614
0.9122834182051281;0.3984234267944817;0.9115072885736527
0.4100311218341999;0.4693333614745894;0.8398333044954913
0.8188037254541873;0.03627269807695388;0.8879358599398208
0.8971642113263905;0.18482884036198688;0.9692353576730178
0.2507959269186788;0.2447104739164797;0.8896796203587842
0.9529494649629121;0.9738441120443393;0.11476156553178918
0.8348392217935401;0.5179508217045159;0.18393468629576615
0.38200327742504603;0.9500253559887437;0.9887027441830404
0.7769583839698474;0.5438216173093936;0.5451222947955001
0.07853938245000791;0.6900926014197425;0.4290968490602316
0.6595257544705362;0.5187435030117383;0.23605093084829187
0.9871223832114312;0.6259112345323554;0.5506171385784562
0.26432889264490034;0.5538527010476588;0.7632796437991647
0.4910075819041292;0.535047404180365;0.537974923650303
0.6484825124420504;0.8987806032037269;0.7761701599034944
0.25078707897493446;0.5506294290739304;0.45464288515905216
0.35452831456146616;0.48503833627561665;0.47449739290848414
0.46102475822577804;0.7763651142458992;0.582684416781087
0.8513742595113344;0.7052124456060442;0.7549733079390925
0.42021186064020744;0.7371444114996816;0.138292308595229
0.8143744270426029;0.6763621487904096;0.7842490595819306
0.30625869005728823;0.5829942654506896;0.8945939030398659
0.38547740740576975;0.4473168944597016;0.4689663032140038
0.7909276628459746;0.6208942236046718;0.8302397070009053
0.38286692798745703;0.9232383716868452;0.6338168480172743
0.3808374624642331;0.9681909086615538;0.7574859714027509
0.5724020391561829;0.5691341519003671;0.11967230435914666
0.5634833608563711;0.9108697455717645;0.5134512570203379
0.9062575093866722;0.509936755356522;0.6944958800488317
0.5767467448879015;0.040279437114113636;0.997994456214823
0.12802958839926892;0.07513146919453306;0.040402719740155746
0.6312007582701517;0.11480902349010347;0.13157287813925755
0.1943975222210409;0.013845916912052836;0.8427114798099643
0.6839563491545957;0.49841114780882356;0.6673110296117635
0.7442360160926899;0.7722664931626796;0.6272073333465389
0.38806330024099;0.36658575017088924;0.725543951415133
0.4267033817158865;0.7692962720410038;0.2946335214551197
0.5653286038260359;0.8214680453360275;0.34421308452225285
0.4764167569596709;0.40367072610995247;0.05782549180378649
0.9903606584761929;0.7087911419369172;0.239867351872332
0.4772634514001255;0.23709997158351148;0.4589977880446874
0.7115290004648149;0.09676563123302062;0.2796112910676257
0.41005382481082076;0.043452264704912036;0.894944589033466
0.397204668354076;0.010776910746634893;0.6122199305719637
0.8429663026047689;0.23681639975708835;0.9357146319639827
0.8144482513352157;0.707201630574094;0.3290470184053601
0.8220637938740512;0.4047480893013594;0.15602743645779593
0.9134309163001845;0.9839783589907508;0.6640392443680598
0.0852028099488985;0.368786401939995;0.16162477463879277
0.7234750448830893;0.8277562674900583;0.09405000326007384
0.6957246824578066;0.3622049823378072;0.08231505047084609
0.1994077471758019;0.21298067070936544;0.1185560629562632
0.782651828785196;0.5275227555859167;0.524622529016533
0.8375033407366425;0.29358373753990386;0.251751232603988
0.02574614163005362;0.8201523628945394;0.1644738804277548
0.17748838999182903;0.040562912895315995;0.36802017404053056
0.8828577645038367;0.016379547110231374;0.28549328883713043
0.4180404036626577;0.05407639858126145;0.4362230492107344
0.08512243905274652;0.22702220927856875;0.9355534179327146
0.8631885916364589;0.919432036512217;0.13145984506838548
0.7843822617607674;0.05606982421866702;0.7791379655226431
0.5502804569837371;0.4612752018695512;0.11483105716509268
0.32154991154550394;0.25161898433856233;0.5447715098392453
0.047304481373171225;0.9097644050133917;0.35357220204868256
0.3295645548050604;0.6345547342996085;0.5904822653796082
0.057388354628622906;0.8195370964967282;0.42125228448698426
0.7556137961524685;0.20415770263218314;0.5578083692772497
0.8499362049048982;0.5001397411102246;0.8370158282570429
0.21704377020707988;0.6580025268036693;0.786311665217401
0.4079411281676947;0.33965297856482224;0.5835662798590325
0.6140392668120406;0.9920092330586846;0.45986936165034653
0.7831333862598351;0.7191760738099214;0.7925070342511362
0.7291999302335402;0.08717813712458677;0.2006901481232567
0.4746355350193968;0.7909843582529835;0.5475197866574748
0.7537489063985174;0.21612399618456357;0.3269189382518911
0.19001900823441686;0.5860555864418161;0.13713871569516067
0.4428668834730177;0.8894283670171327;0.042833753130624985
0.7280966584327118;0.5885374885101188;0.09602005384839263
0.26657210836685874;0.641105645409181;0.09938582202383983
0.9146992061644603;0.41925956445288926;0.39138176960221815
0.8246243042162962;0.6598314401372941;0.09783676445618406
0.0937772169898261;0.07483397789151613;0.4422751794239117
0.6365832296057554;0.7852199290467273;0.539630761592871
0.6976234075188253;0.3244963378031557;0.6815679135347845
0.36679349956970553;0.44568543756668744;0.9989955078943705
0.32047812499805983;0.6789730570603987;0.032519138190706065
0.8191411872215973;0.3916436651323122;0.8803090620976363
0.013950492104667811;0.026400842606302044;0.420652577270326
0.2757629835784806;0.11583045458460806;0.9016827290432958
0.37455494285331137;0.8799990370233947;0.7145292484353662
0.7930320416807872;0.484509805765338;0.8237903226456095
0.7941408913187836;0.3266626636895873;0.9906488717549985
0.37229717001185303;0.17400488732031816;0.06878805205438099
0.8084224928610338;0.07178771170818299;0.907972245626882
0.6585446604357447;0.8613093653248823;0.15195213501326865
0.1634420899029797;0.5324378570535279;0.2941145268690849
0.5521990221792636;0.9715246676793803;0.6282412633895994
0.21124701511068944;0.5938475689643326;0.19145097690582535
0.11797763111931514;0.21264058919050177;0.6050087493161908
0.9851352345417913;0.2554573060527433;0.8517488790221228
0.8051017808545884;0.1404650240220452;0.18607105153050474
0.9777725146803963;0.40032952880854655;0.20487596449194512
0.6187779154004579;0.39519847956319243;0.4443215168603485
0.053047338387030685;0.829682009386668;0.38752112283086293
0.10828761198617987;0.5376016797953512;0.8551752939291261
0.10418210671520534;0.6607017565827996;0.9975884798239362
0.020839857671438033;0.14015175496954535;0.24922610090852793
0.4470881008601393;0.47066109875569717;0.24709682459638616
0.9732528314592214;0.800493174186441;0.586252318270453
0.35486466922389015;0.714015320332833;0.4649288520112227
0.039863005454764955;0.46022556002965065;0.8147308502402342
0.0753657994020227;0.2608343644101838;0.4131117756086611
0.6522416794614336;0.4357417113744243;0.2857887069109396
0.5015075173362614;0.7024818460142497;0.7246953215807385
0.18810540777230744;0.035056297549427407;0.9652595108988475
0.599950618907519;0.5378969740430423;0.8099432784721926
0.6970992438768348;0.20596077483608377;0.04744134674130207
0.5506818416393429;0.01050781274154966;0.21833379385700857
0.8838977064320764;0.7916799314026323;0.40660155649208096
0.12421654886385902;0.3410479974388023;0.4575179564397738
0.5614347712364769;0.8087223132438098;0.2719318899373043
0.6898695678755791;0.5165345698641112;0.6464304949506271
0.025433487383130893;0.3184862203171649;0.7435631331533308
0.38320897403507315;0.17335063522407823;0.026035465082471454
0.00146275337180779;0.9720906586718475;0.11695571173830965
0.3921414725171882;0.5345330361649481;0.1286098686819479
0.14679787213679663;0.21817413310026157;0.5014815760645244
0.857633357614113;0.3414360401477117;0.20245198873788728
0.35438994829877646;0.7196764208730619;0.9004544138395506
0.6718817755226069;0.39475383204035996;0.6304184256436629
0.5471448050025337;0.6140565276656312;0.10708014280886358
0.5683389229918452;0.42469221921441047;0.5589831605650443
0.385968990001179;0.8466923728645047;0.0160168645814609
0.4364463666944355;0.9967423843147544;0.9822801783029228
0.7422414561537837;0.8678237130370426;0.0941087296674783
0.14481746723659406;0.650441787564832;0.624645489982487
0.7817956894566125;0.18348934274531803;0.006368049456025426
0.9135674425630814;0.6051375825260422;0.760912046227603
0.42507128379872405;0.5914604843103568;0.9012442716759502
0.9246405327118183;0.9598461812206281;0.3423631842103674
0.4214172200109684;0.8360849032947558;0.09711886335206055
0.061457858192523473;0.1048087530644991;0.9332822619033155
0.3505298147485173;0.39003723055684514;0.5167989266416092
0.000600852603842017;0.8860248722309488;0.6423385736489032
0.40225443198229327;0.43376180098595485;0.17601623595816995
0.6224202929378919;0.1295057145928239;0.5721207410374599
0.9923985310856421;0.23600027033335447;0.3762387587111644
0.254102308554508;0.22227731017594632;0.5665514394978569
0.378043753423132;0.8565718139376467;0.09614743162275963
0.8536787807210906;0.662144360356338;0.1952373342402841
0.07639967389290059;0.3342478678660763;0.3226524639710603
0.03327534070621285;0.6398447854102017;0.34145534104945097
0.30683699779481366;0.09908961100354396;0.9532144658776164
0.5019172525395753;0.8786642303138964;0.08813879722706941
0.026280319397336993;0.18164034731553957;0.5359340517967982
0.7043469816661503;0.17997020480786274;0.5130792228734297
0.7311072567025025;0.8584935226749898;0.21670471812039793
0.31573274351448544;0.569172418141941;0.3963495064303766
0.9420058622726865;0.8762608867461563;0.061214330746975354
0.09773884191312077;0.8649726714366822;0.9778978388792642
0.7852417691990528;0.31127661273691887;0.7683049700943223
0.9022145149320412;0.8041257660110113;0.16779655014129802
0.6070248757908704;0.5818418135133974;0.5996716098490552
0.7446275175252054;0.4246307549454016;0.9414343602944464
0.649924318460562;0.9158657287303131;0.2475627461589931
0.41061990431550366;0.15338715601181663;0.7637088949471592
0.7529979445902832;0.18193104845758323;0.24002407159123396
0.4716630864510505;0.24373635121233617;0.5251085588124234
0.914510334290921;0.007587135851635729;0.9032532590334033
0.07378159475731683;0.3359813063201491;0.8584951308931119
0.26647089039623717;0.36240043684345546;0.12218417746703525
0.3267003405045551;0.9048543153294022;0.3313184237599538
0.5263423783205926;0.017626699437021442;0.5284643313516968
0.1148451670241264;0.9476784268072975;0.1999434457830045
0.2869677736108689;0.8068808763092105;0.47443725329791386
0.4124847937235552;0.38330874657828773;0.6633569901516587
0.3415844001203654;0.5968536113146334;0.5259414840592102
0.8822672857292042;0.14892226934340758;0.7254269169032063
0.7217854623396424;0.21929462245294973;0.33134833586797585
0.010481698338311696;0.8710878836595654;0.22574182509972984
0.2558998205855736;0.6584396349209087;0.9026289169173526
0.6577525858257384;0.6619182704163992;0.7436402059915828
0.8015132766074187;0.07458382306147304;0.06368105689191061
0.6449839560471962;0.5265083577921951;0.7266318126788055
0.6594955628787881;0.06813898946747632;0.2566227058716919
0.6761940510743546;0.24752151575284675;0.08630265638951784
0.6919133493740317;0.11493896178842733;0.12683094528791383
0.4641834549813698;0.9884029682648547;0.5497510486343153
0.1871788335952933;0.7450155748275059;0.1331514925383538
0.13082941455235253;0.7460644999485004;0.19580289358119218
0.3483937757195934;0.8859301908893787;0.9612833687731919
0.9493884436831966;0.8964787160879413;0.11805414827695482
0.11978411383609233;0.766812502440257;0.12164323041729486
0.35664750858766525;0.354635930779004;0.5717140639212147
0.0064997626688353405;0.36123203525790937;0.7167120702723676
0.1889799076181522;0.3913426191501137;0.4339784634314181
0.039162595554406376;0.4339895084108024;0.9274030819381446
0.7471677895365402;0.2274553182655772;0.594828885363032
0.05752261837022865;0.7668374059147364;0.6477866219652919
0.8930034908745644;0.8730658897993707;0.8969098888986946
0.6897028709511447;0.6472955224500658;0.09081494727609929
0.061468131172150775;0.18200607082536002;0.751613132233288
0.39974244161045547;0.30066027211585866;0.6356691943295918
0.09104029570247296;0.566736382288533;0.9563133448149809
0.5440413005900657;0.840397300413239;0.2841536926668342
0.2759320209366054;0.5245121646259335;0.6685188082750534
0.49070424471717733;0.07625548680912253;0.6949554277724257
0.5686005556035919;0.4997210336262454;0.5639408859746018
0.45133570028438763;0.09251071320944038;0.911662318213523
0.44113839885839623;0.12301780865498779;0.6813207879415544
0.8993335064061158;0.09364991167380954;0.29185308884551353
0.37927254876850447;0.9950177525969147;0.056387246972149474
0.30000532257946433;0.09977364737506844;0.03371288987578913
0.9487836580390714;0.8950562500508707;0.9720629551830168
0.008034702254111847;0.692462835523349;0.9471714973800477
0.7687492646606475;0.3687200382976138;0.6125248194203494
0.90528197390979;0.1538255216652733;0.11367647862947727
0.7678364394869549;0.9246414539403982;0.1551762423542914
0.07593121402743719;0.5926988344797072;0.5917094002487636
0.13102838685007134;0.7495347153037785;0.11104441845342783
0.1419078227474423;0.592609541488654;0.6743967011480707
0.789436568396325;0.26162830655618596;0.9425652420158258
0.9778576088132317;0.35554416142204814;0.8060341068274464
0.38859379959537177;0.054389889710732664;0.8830043598303046
0.3455263725892612;0.03419769354162949;0.08598250574674082
0.7176998001719264;0.7907616184030266;0.6959896938179408
0.7065661515348869;0.13121407451673017;0.24115295097905243
0.12266539758790573;0.9050440658731217;0.8989143855073243
0.35761944955916036;0.5885726683294503;0.21862654455414365
0.7547293196073278;0.6865194221179808;0.06509310885013986
0.8334710006220617;0.7514290871753965;0.004739847471146419
0.05074995911922964;0.046577028479853566;0.0851533452361859
0.8888963563948881;0.43684181223565643;0.41286084893363384
0.9400942432714766;0.39627856512341475;0.9211642851684252
0.9603548847206406;0.9336890188995306;0.9384363633568983
0.9626226203496314;0.8530262320062361;0.5656521279476193
0.27967192224278026;0.2557462381064236;0.275193080958529
0.053087447676155586;0.9927475342559147;0.9807473592990512
0.9011977037231197;0.02861513065287169;0.6675184899938998
0.06649470595335127;0.959780044433575;0.34924842772138787
0.4363106674784317;0.8657545803503555;0.009698357348669195
0.2994350233408575;0.10848866472665453;0.723361082492343
0.25068027022895245;0.6478560443944602;0.853158559091854
0.8008929411050694;0.8884318705034281;0.44365204993691165
0.5334190769736173;0.9383586702237023;0.10789901496092269
0.10672312715989785;0.7340143841036151;0.7028279158413989
0.19505999732183388;0.2340507687825918;0.7291499544742484
0.41862314348649043;0.9630334987802571;0.6261700305304597
0.7128479315516741;0.6322178925824065;0.2473413656122616
0.11976308261268886;0.9250666638038783;0.04159467252364979
0.5504927578648995;0.27234147846284285;0.4708259411791821
0.016189639174528425;0.40751121538361557;0.18236072389849445
0.7637383600918813;0.4834878128280595;0.5804815597091326
0.17620195615958212;0.4522930959968905;0.09525195260078334
0.5011355031052465;0.3962286911612728;0.08528229951547828
0.7664425926739271;0.44442663433492224;0.24506782560831886
0.0637540862591518;0.38773066878447104;0.9959158937566768
0.601922641856952;0.23081570863706802;0.5211137501623213
0.32567446923482446;0.8872130502676694;0.8272891938600531
0.01887253321228033;0.41177173799738964;0.03798501432490331
0.8221676634872906;0.570095674130533;0.35008630523621787
0.3847712801091311;0.29511041975309626;0.7121415191391356
0.8372076978423152;0.825797290548549;0.10726634517291112
0.2843907202384339;0.9629944334025109;0.5171111315124367
0.985321155151646;0.48292511374909974;0.22205225365758252
0.46687715649575934;0.018413438470708976;0.8852741691059032
0.059606607021281954;0.5127782205373452;0.16833665831036904
0.19003115241251722;0.4702960646649652;0.5139750290606612
0.4053237127031696;0.8192407818668771;0.2862210295892348
0.12911953225527006;0.9103808952171295;0.8429756415199601
0.47927365083117046;0.8876073996121895;0.49051276585819015
0.3938037024134131;0.7658414035926913;0.6547299482742741
0.3507267676529905;0.9263337687635362;0.6207339645560872
0.01912495457486807;0.7226018787997258;0.376517676367244
0.887193244143415;0.9918165446198131;0.5799356789665813
0.980204962461861;0.49334667940372234;0.5771655499963925
0.11257752193122783;0.8111227613590555;0.6738605817567171
0.5478035666372082;0.7096331526860321;0.9294061833900666
0.6603613933287652;0.4169185003836272;0.7864970379378369
0.32472556783977813;0.8520677024377743;0.2297909303346688
0.8769990199020671;0.5942534477560039;0.3153508110434907
0.3385572717086772;0.10657449929429552;0.14948265264471305
0.43833167287314356;0.8399792583907423;0.6709563255251334
0.2597317196328659;0.3971862525883203;0.25390260845378654
0.3629557360274164;0.8376805486465654;0.5307347840372864
0.5215168732058391;0.877275817693356;0.024865146879846645
0.8154614290759932;0.4517398933625436;0.40153475676369754
0.713280781102742;0.3180705668499433;0.9704159890842234
0.6790125090497076;0.5915890799501538;0.07715808611880615
0.06045217924321;0.7834280582440815;0.38705523768242234
0.24152084070162683;0.3763227130122735;0.2306276669966928
0.8067754838178623;0.3951196347259178;0.021232253414505742
0.5998335680957979;0.11539031348005413;0.9976443678054763
0.9140627322291153;0.6536414572500141;0.013114084219002065
0.7637670975262123;0.7430256352109512;0.12139257281862303
0.575525062741062;0.24802806181321602;0.6857445584192251
0.3603699502794966;0.8809452148073263;0.10144850631566771
0.7511954163739759;0.7673942248515712;0.6122396084821349
0.15158901916131295;0.10381337363965004;0.809116211865015
0.9790726906475267;0.11983369089149021;0.8346666178550528
0.559508359324967;0.8748331680660437;0.382739258824383
0.15567453837967138;0.09058303052950456;0.17289650104455934
0.5314202950286123;0.6593857105755673;0.23236801470727297
0.9402555993446956;0.5972804002644833;0.17305481209331885
0.8681809629916182;0.06263989465164566;0.5024793383650471
0.24404329141207026;0.32056555562285616;0.02906149170046224
0.4895932484103449;0.6125139342381046;0.3988931342814084
0.34425062676034357;0.2643442955296532;0.5640088365006887
0.5067117955868402;0.8111039050755388;0.10065398324151087
0.5379461965852914;0.8019912292486979;0.7906318828896337
0.46291648761480086;0.9809036309722288;0.7042093821957662
0.7179661517410926;0.6942662963868378;0.027671064482263086
0.4555520031712694;0.2805885844360887;0.895542073610652
0.2494534409811029;0.5696288155829528;0.3759493143308884
0.2101010208227151;0.7729634696024389;0.34323621430379336
0.42424448897258893;0.10538699446567734;0.26015250788583355
0.17112179838323438;0.4210835424974543;0.7802646348849761
0.32151208323651315;0.8341796201611079;0.6958066091389106
0.2924202434797666;0.3232374102866393;0.8417286884841068
0.11477571376310192;0.3002703406952405;0.02021123824671489
0.9968864438504845;0.38001033314816;0.7700680452238229
0.21402100679942448;0.10905097398652841;0.1531569426721937
0.07460540604666199;0.46729547001503247;0.3310530588698746
0.4406222672779526;0.060024493583624716;0.5850289162374734
0.7434712865360856;0.8069260597947476;0.03666053126536584
0.22753807993454556;0.6378625342439289;0.150533771597525
0.05492149368744881;0.7298501485500078;0.5669441769091753
0.6284514558439172;0.17918489184915454;0.9596116930223971
0.7217276432114645;0.2635205501380584;0.8779062124918029
0.584086301981394;0.6708077672919034;0.8434386596635216
0.27056737484755733;0.09500592654312257;0.874929950180864
0.7344012316511167;0.5014788468929882;0.7640329080740571
0.121627453001932;0.07391040459411335;0.10303492429673666
0.4909879731292983;0.4756577510106268;0.443593267662871
0.8753804670789969;0.6746901848759654;0.37773869340472777
0.9243309538754618;0.681761493417483;0.803894683459162
0.022606890487379516;0.9108650494117827;0.7485915734620755
0.2978122257479555;0.9529947543160455;0.6231011377653711
0.3651464217057765;0.24684406666643965;0.3826285814616843
0.7098908217821199;0.13491364210460044;0.8047018454536741
0.28127370353168135;0.1185653095681134;0.25565688199604786
0.9115180031087753;0.47137464506255766;0.10001510674860137
0.8951810548171695;0.752606442397425;0.5134848622649959
0.9711902354996993;0.9200236623531286;0.18303985157210045
0.6554070535846329;0.985922518695089;0.1681634023191556
0.2606135932422109;0.546173802727429;0.1535703560377818
0.8644986426042126;0.3864986678229876;0.3578994136052287
0.03382889930935917;0.06827555803256546;0.22752911911130091
0.23015087167910075;0.7175375086075347;0.24751568515756805
0.6983003376242475;0.43128993850419606;0.6492745271044907
0.14703819184056444;0.4098189814119686;0.8396909633205927
0.8238243543711823;0.7881056770147481;0.6971821655310183
0.14024438879545253;0.8262770289163188;0.5555991540242148
0.21477331981588998;0.05521166456905213;0.7125065519447643
0.5597418112635002;0.7117470973786044;0.008385367068032501
0.9290698744199734;0.5747803092673255;0.36578683931116207
0.5607833459817019;0.004239808703888626;0.6401784201609264
0.04727848816229352;0.8865092352912493;0.9942105686033955
0.07671471000199637;0.6016656572073364;0.973190638456975
0.6564094598392635;0.8197229308284456;0.35211718664201797
0.9259147960105751;0.8404967026040849;0.9768107972078365
0.8937143358558935;0.5607253040341965;0.03547890554757549
0.3284735835554168;0.4852618185074533;0.2919339652896441
0.22141947569882858;0.9083059287480785;0.007211298694380863
0.5233291478395659;0.6060359185536949;0.960046718362632
0.19957131454274613;0.3188904978240029;0.3501483371882389
0.6520824784692003;0.257802602652348;0.45888860606404647
0.6692941584047114;0.11690255870349475;0.8008043027771434
0.8802142592090615;0.6178051445370399;0.5263729762170187
0.15317482630882706;0.5288161524159106;0.019695006675342963
0.6364108225057798;0.6977828638484137;0.2062421977295884
0.2941548724205463;0.7494169738859394;0.051173653551527254
0.5887670115838708;0.0012454338761416217;0.16468423496837126
0.7008495419943822;0.7478975047709844;0.1062783202273585
0.23301380578332076;0.1136327036374738;0.33943681891496813
0.7270464459742385;0.7149248392964329;0.6917330813365078
0.9439743501963245;0.7608748964145126;0.6857130994063787
0.8453406504801306;0.18409216975597675;0.8371884208324716
0.9219333188017512;0.44678325590580925;0.32159842461744714
0.7386800480729544;0.5056606378730536;0.04988737914792063
0.4882770060520526;0.16738200654866298;0.6431081994096775
0.21685881556965902;0.9040288154212747;0.7932611097471682
0.25194481287183124;0.9033598684897168;0.26824098717518696
0.10308429984626166;0.6593069657825886;0.4258980872755035
0.1744491174690469;0.5357149543881186;0.5266538442733038
0.26867394798910826;0.23529235062855514;0.2222606101364527
0.41663009588024313;0.009947617340186565;0.8873037480073634
0.19819548807242504;0.39309305051708865;0.46333973424354713
0.8543321514175577;0.9259462432958607;0.9652597970676644
0.20128783759713365;0.010478908886577543;0.4498947972381423
0.9227648264381831;0.4648327200070529;0.4127271726553695
0.4965232176157198;0.3625748942773155;0.051723492913332225
0.5080676020666244;0.05137274644941403;0.2849086412086945
0.24777226562559274;0.8474542805934764;0.4841098642537336
0.6201817056876353;0.3947463744284967;0.9138556955927813
0.5755960879699581;0.37768362946810685;0.6370781306557608
0.31765808574929755;0.19657688046002086;0.37077871318071376
0.02952630723108174;0.44932681296002763;0.3973397696058154
0.25433626509848895;0.0788325565842557;0.44946819646095326
0.44609349884269256;0.8940431986555892;0.7018660477808903
0.5176892875757878;0.8918568460462455;0.28695274837542906
0.5951995160936355;0.920806532128963;0.8436945323236059
0.8755205490344481;0.11836892187917769;0.028308112730686452
0.22288274220754445;0.5622195053031799;0.6738900178109433
0.04586993579757925;0.2692044877051426;0.47705645618723735
0.7951119331059437;0.7479469370155067;0.46439108800561224
0.36319091623235256;0.8628948741559819;0.5349361898716608
0.04440419521540995;0.625051491205119;0.9999667523604001
0.6831804581585126;0.9078818236983403;0.8109947151793058
0.3505416031764754;0.39564048312960487;0.18589604482443212
0.6692383239758165;0.6403440455964357;0.5445325157365012
0.2936079769069134;0.5763238338296806;0.48528070959848113
0.8086609941095397;0.23637841318586839;0.02164442016083523
0.004837940948341335;0.22216684770168482;0.1050121825427014
0.5458049017058964;0.4354673486897065;0.08586437229798694
0.41666447071582735;0.6066723606027966;0.7904401867641612
0.6000183288082588;0.4993299396966455;0.8217719045064474
0.6985149506693963;0.9707557211998693;0.30294858048838913
0.6850065198991333;0.8914731290608368;0.09361004169667697
0.3881876046653876;0.07786849855173683;0.6135878991510393
0.895771716587799;0.7218359075288053;0.6877319532918937
0.5271699913211129;0.4759203068126623;0.8870950098723613
0.45569032614854377;0.8832483389089071;0.12308829607926486
0.9583611666074879;0.1280297051374557;0.7371354278282718
0.7941975748521652;0.9511790560584324;0.28393579927984236
0.8991237861324084;0.6301103750943173;0.9011072964280782
0.1099620649365034;0.22718908661388493;0.9268260838065434
0.941999500621054;0.8212672647439432;0.5637572621410575
0.13680352845682608;0.6666295155094539;0.901710224329538
0.27338907382426014;0.14780938432403656;0.012823628976460388
0.6583662420042813;0.15290108105656475;0.4061127437732258
0.8283134846546492;0.3064926140596793;0.5076779311572741
0.5165744987475211;0.1465135294750196;0.7262044012214344
0.28973729914891455;0.7958302648261055;0.1883161942263224
0.30104785674553336;0.1315406752924625;0.20294871569528117
0.06141826636047465;0.06198290350331559;0.2523439775046459
0.13581918607605037;0.5705895572936247;0.08561971156204562
0.8253264823871911;0.7376546686904341;0.43322132319605877
0.9080820558070778;0.7816566688733982;0.044049144887842506
0.6762832057067808;0.889134467985499;0.06600153594961033
0.4895279987094937;0.3555670570811278;0.11848101879457484
0.050040397400270664;0.8140778271791175;0.05675113311900848
0.8666253661238428;0.8224078509056494;0.8763742178981863
0.17780598518264923;0.5998188864204425;0.6714640200702143
0.5912560902099431;0.844988488338465;0.6264011518400855
0.7176556319111231;0.03974396660842017;0.4516085630355827
0.6466090756275243;0.5876797135398866;0.022744588439169156
0.5815028754782877;0.962049017127792;0.5302805078909245
0.6705778269713235;0.5726390265995994;0.0655362915961415
0.016227377110071273;0.5022723863189285;0.6917436275431231
0.7231791299744851;0.12603966421814605;0.268204892876554
0.7407310972108756;0.8795699058039278;0.965890267982594
0.012158151564402253;0.36445648904904926;0.32992268255181956
0.7017940023529501;0.09612225121103757;0.6280330622901183
0.09965946125881264;0.439185700178088;0.9103143698334556
0.27265616114035884;0.3965575499775028;0.517411166600491
0.7222209850995162;0.7951164637188595;0.36606058814280884
0.9037848303737159;0.05067436616024623;0.5736899254937818
0.17801960946485074;0.4898751152941764;0.24274309548123174
0.3322542637035929;0.9828453794580173;0.9588449061269856
0.4867825433013042;0.07167711628592677;0.9243855167962858
0.3447765695284033;0.49522400516225296;0.7098954957199265
0.7251400884259966;0.31049593557270116;0.07593566136760421
0.8226316895990576;0.12147702506170521;0.31887715353155266
0.9814235370379241;0.41737333174443736;0.08164454691990164
0.10465697833879595;0.14961995568901998;0.29814059621009326
0.1809519605812614;0.029604999535989607;0.33599556642100803
0.20641770438141582;0.6673621716511646;0.14635020680982513
0.15620348060206446;0.16617374826253173;0.07227469757146976
0.7770247115518045;0.5860761294084635;0.011700698784606556
0.07489167501774951;0.441036044725888;0.37276916279852446
0.7364134694370171;0.7906650329376871;0.5026193467238381
0.42798864832971373;0.8867292283604706;0.8964529140584938
0.10398794209306517;0.3608375587104924;0.021826275371341852
0.8641952197478618;0.29716516151950834;0.10134899013869081
0.3807372590015782;0.22106516093566042;0.5314920819154868
0.18475617452981308;0.8499829631469368;0.8576409904648867
0.6995163080625526;0.9844950825147565;0.4461303665652586
0.8847903668893545;0.031665166138368894;0.7183554968541883
0.15572654568842992;0.9227920873182442;0.6634690481496955
0.4656045156504086;0.7571660746026708;0.8250312673726838
0.07544052229994624;0.4850807306421907;0.15121997575602264
0.3689186635914853;0.1560023937887295;0.6640790725007288
0.9907631132087344;0.4985045172403505;0.9890109337701106
0.5018596368478382;0.1997024440547407;0.05852496746156066
0.9592435707889553;0.09269431713254006;0.7776476324641727
0.6464094056883385;0.5441360876976605;0.017432313171181435
0.1683390434086075;0.9348044104612272;0.6234461465911987
0.5392962196348299;0.3946472251506783;0.5357112073049602
0.189491264168255;0.19387910557251165;0.06639127673208922
0.47104577362919164;0.9319487025320357;0.725618255982293
0.3351285652144601;0.21959831331572888;0.01670172111674406
0.35483990752304406;0.19527070450320672;0.2248391802694929
0.20703941305346052;0.2863524495795772;0.666826012160862
0.8892909315227483;0.08059162552226273;0.9492166192761097
0.4877355492916362;0.7192918961145832;0.7820760642698905
0.036198966493529605;0.29862196105614025;0.8378506397630399
0.5723754731266397;0.11856627469958536;0.9943730784970546
0.9404927292159292;0.7651570113380622;0.548408737185826
0.6999514094874935;0.26672091602723547;0.15595783089557003
0.33071562948987987;0.737434766097449;0.04694820166704272
0.5993189915389704;0.6111291063203812;0.6563959060331827
0.1359670791032742;0.46092187408396523;0.530404251958386
0.6213599939543045;0.5796716915928823;0.8031119149817655
0.8263679119527084;0.9646419611555015;0.12416128700357254
0.7828838204403853;0.4633914430876117;0.8424393009664187
0.5001426751180835;0.99095386866227;0.8847309069722286
0.13842546895393248;0.13212569386059325;0.5213516017319498
0.5005235812497035;0.9309094084612214;0.6702006665095417
0.3818763216234583;0.20571265184962584;0.4949557893186326
0.23691355400502434;0.10833959854687447;0.11932341051963802
0.8345745684835281;0.5846773959048134;0.22252305055044763
0.6128909947465334;0.3567465352679806;0.44410338416453987
0.9415675998954937;0.12769664076799725;0.3727575319694443
0.004081571689941943;0.15241450653796218;0.3571695860480626
0.39146799897771833;0.05467694677521295;0.4587038630246625
0.6469684621445784;0.9901005207693845;0.562109027380006
0.7313710794545147;0.5617128637636553;0.39588069805322545
0.5504554861050732;0.39016226841639967;0.6068449190632
0.994982722841389;0.10503272281508069;0.5350769169915112
0.06032866629281364;0.32183791831825326;0.5041054342390834
0.4631599214078942;0.3824773136396735;0.6201882137272459
0.4417986512194988;0.21626330153628381;0.3509097449813815
0.534521264608846;0.5001778472187328;0.08323485775194539
0.8951521116062233;0.8282521578158089;0.14990785043486365
0.6511924365312447;0.8229943283212635;0.3806450780413866
0.5950001959518049;0.7114678942833171;0.006722045850518832
0.34143640874294967;0.7972289754579803;0.653882191057302
0.7759497432102823;0.9466691566588192;0.04692278242573844
0.7734671282408163;0.27613713530308304;0.02909868952021033
0.39199181486995305;0.985430257690623;0.030719219240648687
0.6362666529343984;0.9675571469087645;0.8567766296953628
0.17152808606144865;0.13251608482787902;0.06354734881225443
0.8232146817999576;0.792835308043322;0.8316774346856038
0.9044504569308597;0.9509292109403031;0.02871483752134618
0.3658546252030419;0.891247379964576;0.40019388373581544
0.559620307542273;0.7250113358578406;0.4282866522076262
0.38691840682488166;0.2194542812842667;0.07936955706988735
0.4405285164738194;0.19082353221201898;0.48520905587547924
0.9375992632506861;0.8734461117490162;0.31403540218158144
0.2619515351909666;0.4885822741908471;0.5934320102844697
0.9879591121067294;0.641517684498436;0.5429809809739076
0.4691762052373991;0.8535800797461323;0.8572060301262747
0.9997038013394476;0.2824314578192251;0.03295615819402509
0.04784810924635874;0.0371113610954239;0.4890777590456822
0.9603479896266947;0.8599485846210164;0.630579949957141
0.6197562792770296;0.09181457416864014;0.5613146088283966
0.10864439858008035;0.050185075364784004;0.17968485358197128
0.2042367658539913;0.5150048652240459;0.789783487983244
0.5518706633705143;0.9569461313436891;0.616906990360713
0.5427299134393592;0.5419326114871166;0.3446393012198097
0.843745988963919;0.6304837412394215;0.6853174695291262
0.33052826870064866;0.792352918166895;0.14582849579586565
0.5431155194767224;0.9914661169141586;0.38597241314828723
0.04498748369790684;0.10003357851371586;0.848828274521378
0.5855700758553323;0.6108413297733734;0.5231808426179314
0.20575546230439357;0.3286440683808034;0.2750472643100238
0.07298840988646138;0.9630511824117718;0.4323340909310013
0.9082953839640157;0.7734031490241496;0.217686050878813
0.50263014344678;0.6418148187607978;0.5288319962465315
0.6918284353059047;0.17910031299582696;0.4946115785865597
0.4108239780521912;0.6915287414138831;0.4913092704329096
0.08219032811792026;0.9278709257357189;0.6961453252122417
0.024700964274919412;0.6420929582065033;0.6802979459199827
0.90704128395585;0.36304171152287323;0.793820454684821
0.15930567183600486;0.3479829014615511;0.9993246889850282
0.3509621296306418;0.8714032458314585;0.9308604028957864
0.2450715881642318;0.5177721503028979;0.8426704528895038
0.23112393166394685;0.6702571831050113;0.6089934135001102
0.6651912748051263;0.5001118160678237;0.6867811776839233
0.6147822124417259;0.5656780722794105;0.7985493511654655
0.42125451402191205;0.48228714491702407;0.9240384208981517
0.5221382639102844;0.47606176033269887;0.14388058498071987
0.7760981036518007;0.508765778745757;0.7432950782403099
0.1839699911287641;0.30849078558633103;0.4724404173714406
0.8748050580146041;0.859738368750298;0.7529115162704131
0.343901128383009;0.8609187092140507;0.24645357350822317
0.2544067718085684;0.23745008647236143;0.5356712280272078
0.839900454386142;0.9937532506209502;0.3728125156544111
0.40637351615261263;0.26323175259854714;0.08709618030246091
0.3560565063501524;0.994012020276479;0.9217299982841849
0.8029131022303564;0.2661468597162163;0.9393292611493176
0.17881841261340803;0.5056990227422052;0.4703711344728304
0.055980539021650566;0.9803086084201061;0.4180331902625166
0.9940100643502562;0.08248299922611713;0.3045216211074302
0.3230933306127324;0.01580968801435567;0.2799297244003852
0.19948489459403862;0.1787930651879619;0.9816619361090192
0.718327396236945;0.3641674170750272;0.5618566222069776
0.1628082532086339;0.09714491394624314;0.49716941066224496
0.7317102743044588;0.6809034502935708;0.3244043064082044
0.5096278832430545;0.009721787676650329;0.164627251342771
0.5591993335375662;0.5460713134045222;0.4503079291671037
0.6574911291935186;0.07801360186455075;0.48234136336754774
0.6047546156795229;0.05407323305943734;0.62486211378638
0.14524531187569956;0.47271384148467144;0.9574441830189543
0.11651285999625072;0.8227236481678144;0.5265349273429567
0.3383648846717221;0.3668314828672077;0.563151284444904
0.8790707058142337;0.06845137509233434;0.20801015691065372
0.1284996990762569;0.7718169433187734;0.4046289044342357
0.09666368854246676;0.3296408896447677;0.4030407584073247
0.0449111072575491;0.5020561893008131;0.458601165544535
0.0365412578393417;0.6000084551747455;0.6229048113087254
0.6846902976213587;0.7323985748184166;0.552147752467478
0.5376787843878017;0.24763159587557648;0.7190878730424982
0.1470977649315376;0.7846997706772116;0.6452126130964806
0.4925861561080216;0.5714334488936798;0.04756614011749505
0.14770985165891182;0.356803719564726;0.9858759572339547
0.2304110078158661;0.9452651264264029;0.5977841702046064
0.24466586687315017;0.5970336737753237;0.8841524369809058
0.9932197244091776;0.15708000984664228;0.18038037741066637
0.5544147302604667;0.9225719151168124;0.7308831732072819
0.40958141730478315;0.9286490424821506;0.2921865808710199
0.5316068144154816;0.8126044755369364;0.3591402941039066
0.932057559986791;0.9416410749572446;0.41291650418631487
0.8506678797124338;0.8080122866655386;0.7735117487872488
0.43468635596858685;0.5154513101012175;0.34431737793862316
0.29053159319014243;0.7830381395843982;0.6006833505804215
0.4294525187901218;0.504022749968683;0.4277982536637418
0.9066170565397245;0.5016174876476801;0.5696936569538565
0.3305248725859954;0.18104734231382724;0.11696011282834273
0.10299621309472795;0.32143709297377276;0.9885030491806082
0.9222242720105848;0.6796757001663019;0.7423967224203198
0.9257996458722474;0.1875292936204892;0.8097205191984559
0.1895503830426859;0.1235325660059855;0.01632233732998256
0.8814210617678797;0.12968469041378017;0.52607056082238
0.7294261056876069;0.1593877313436428;0.6134437357927017
0.7712970017251477;0.5923743534298036;0.016735598921117423
0.2627425703556381;0.7149465538986371;0.9299340781325339
0.5659170077028577;0.4373606371065505;0.8148446000838838
0.5668453657818621;0.6593437795723487;0.14864155834749326
0.2732046436228147;0.05523383864380382;0.6960738986029751
0.9891011032873693;0.0966816758724649;0.18649463906308072
0.5556940010651047;0.4876843201039591;0.12278254153374435
0.9785985362845833;0.7177843167708314;0.9186599421325211
0.3601504497818574;0.35731274773087085;0.3453869815075883
0.165030187515529;0.14029678319198002;0.6266716635006355
0.559687156795643;0.9215239232561283;0.4924082715129888
0.6090313043813875;0.9550754100858962;0.9643082852393073
0.8045288388284539;0.28098268863277165;0.029153276283057306
0.20129503073602084;0.05825420723668395;0.027435285903036344
0.5695895959688546;0.7162086875613664;0.15023856850127815
0.6427151908946435;0.3939937762775434;0.5598544745673754
0.9279692163843932;0.6869334267639614;0.5856587503850323
0.5889799131108564;0.2960824999281263;0.24983835486425177
0.12810298576199874;0.07511214337022787;0.9755983423011164
0.34316031008177417;0.5981798935697136;0.7336818151669078
0.27865222697975534;0.7472276665316562;0.9583093519566624
0.803273936337828;0.08525347162836916;0.5266646144520594
0.32247014327447243;0.1512358801071313;0.7710090763244067
0.34967934113317256;0.43846761813908;0.006903328423844668
0.7241198666483782;0.32320048062979234;0.5547270157908701
0.5398160636240038;0.4678911351983257;0.20692597003831315
0.74326520669726;0.7355046725757208;0.4776702051205094
0.2813986027732297;0.5187078929841551;0.9807052086913121
0.6162357188910822;0.7976172706590857;0.5901828464537677
0.269867439907473;0.24305596109178595;0.33663398887423635
0.948914279275518;0.2104603814427155;0.34433876010139675
0.3489390261757369;0.6067836845707308;0.9020190609769737
0.8214061550548499;0.8866243026163353;0.42739950302235796
0.3497189490486108;0.8114110099254189;0.598575618400314
0.18556283532798756;0.3233651201671123;0.3322645782882342
0.46782426226621776;0.10109096440479814;0.6259249198277079
0.7163970094421858;0.9629821744155781;0.31494994396447373
0.9462128665153943;0.7623064281674247;0.6713786277648423
0.06140180995219657;0.8422242947082554;0.13161386340936965
0.25634203808592915;0.2365945470238624;0.19486569202041926
0.3215098381549766;0.17509085021742332;0.5149924639014718
0.8140589726592133;0.3754007833866141;0.7610920306163841
0.064452330670289;0.8683840690856219;0.5335957806208795
0.9519045961507914;0.25183483956909813;0.1996945021561468
0.11004884149459726;0.29591371627650287;0.734204502348617
0.5425423946700249;0.1088126779000621;0.7545026244229732
0.8385924923724759;0.673283644290922;0.30706057957956623
0.21532854989701622;0.3994273819654717;0.5756811490074992
0.4776412096773991;0.7547618340669432;0.45684570043152206
0.13407588744544596;0.3930417971611856;0.6777819689236295
0.7496810223441344;0.4887089059102552;0.17505671420291413
0.22357567119243094;0.08898026355531607;0.7704480719862015
0.10942407847114466;0.17750348324684329;0.19208945368374553
0.5362802426427992;0.4134621831148676;0.041999929332185215
0.9400200018755781;0.8260924028251296;0.7850516513132427
0.46354674218445735;0.4584275964575879;0.0358760793037215
0.7570310357612574;0.6137737255537553;0.03442165878671155
0.14554958786951688;0.6308039605333179;0.3689567302608766
0.7445218757261739;0.03665465525493661;0.21839397268726723
0.37366115834561364;0.7968162892489234;0.4660470849548871
0.8604347865244096;0.03111696151710197;0.940903464413257
0.6192046025542804;0.8509918656105793;0.7189036195978286
0.024654977518442478;0.5249746776427221;0.7942476576785722
0.6277879140831346;0.5676803615436457;0.7377934289293621
0.680710645663734;0.7421875039082857;0.9458669639486116
0.8700363127170663;0.9743943491427803;0.46221888407070233
0.41997032002949397;0.9889472850695167;0.9378815955964216
0.05206510441592793;0.3024272282886158;0.007151532788491233
0.27299972747449053;0.8279480281528063;0.8122823750536964
0.3454110492120347;0.6354618605395776;0.8714532546167543
0.923018666306321;0.718747880616538;0.19752680923450683
0.3362204267905051;0.21268996799115225;0.16060297764541442
0.9651229992353778;0.8903280661088282;0.6122067700072763
0.49026704293758006;0.4658641579956887;0.9674554190757874
0.48028579318910114;0.5740513610840147;0.4923472500777074
0.7673611880529605;0.7158920945203527;0.9374479017509225
0.3376160564538403;0.624142891424433;0.8525461207780588
0.460849752765768;0.5393550672924609;0.7231964591267825
0.42867760220926887;0.6169121843922362;0.8777125480199054
0.09825489897298856;0.03581318295108149;0.4004362399884005
0.4331597704250536;0.7503438797967706;0.7620734946458312
0.37925045574706806;0.2823178935767645;0.78573027971327
0.3337753769020929;0.4702548259982048;0.11774332808505894
0.9373292920083124;0.037904541094612165;0.7427111460876216
0.730145750961965;0.9835404389829623;0.10436918962110298
0.9586119841277607;0.021000377857467;0.7302148346470669
0.07485838425583924;0.16652627714972923;0.40744486251273593
0.9552341924581056;0.5819810386176547;0.9344154299530814
0.4102046498712131;0.6644374967604564;0.44958439316200993
0.1348154893158383;0.11166591006838023;0.20507336384824904
0.24685436504587077;0.1368146307159228;0.19656969087122245
0.3966579886463908;0.2678831144287783;0.8542858791622151
0.7564139482927111;0.7414756694003447;0.6828852168759633
0.02914165115424472;0.7276626045398822;0.9005085352790134
0.5461059579982929;0.7627898344051058;0.8339975058079485
0.2875650303318863;0.8578645790359763;0.40837116544807417
0.6934042408796798;0.593633407499233;0.17865957607806293
0.1695575921369451;0.3069832392121067;0.8289790375864534
0.6524637205694781;0.4178334943928097;0.43676900601762814
0.5480772401484023;0.13211305500847403;0.1925581912942106
0.4916179268348312;0.20394809641353873;0.12370860102349779
0.9678512448131079;0.28321294113492856;0.05577815320432733
0.4742432598874705;0.11036482720782204;0.9438844846642875
0.9233639986485841;0.8086221597477506;0.9749522434453057
0.40989847034471927;0.2842685061962188;0.9151494598474135
0.20265650714395345;0.07868735576107477;0.4549297432781969
0.6416606839824354;0.7520850013605583;0.16707067661852792
0.1412378092208576;0.15919780840464692;0.6528321044713329
0.5418007584636669;0.27244477290637126;0.22289566983908327
0.38634173917732173;0.7743133299087228;0.7748234797977499
0.9346124180795925;0.9959245877411226;0.39374810200990407
0.07653426063972879;0.22811847221017556;0.7940388050407641
0.16715784929258037;0.6233587307898918;0.5020378529696031
0.9572782152783664;0.8665357484743362;0.5878904345826815
0.3708841877618114;0.6479031365822088;0.4011484974943289
0.074320636080351;0.5176870880108693;0.062221337216507244
0.3797963157533355;0.7064538164186362;0.966381947549498
0.13103350848734463;0.9740750178141175;0.08234251271668847
0.25557501347598144;0.9407558771705938;0.7681482374040322
0.428484972246015;0.8442866579288167;0.10978987894078951
0.5447209949200601;0.5494980532225013;0.8005522194422976
0.971123649612866;0.4343539054013543;0.24461805465466702
0.4383252075548485;0.0060043418177924135;0.6019299212366959
0.49624626736919186;0.5092453877083607;0.2440584089313853
0.8972862267852738;0.8639352477024513;0.7551135779380171
0.47271232811020203;0.3535163858033099;0.8915278086917554
0.12486352067615258;0.28978110887574227;0.7999520601228716
0.20433541937269517;0.08210037371267065;0.6327520871563461
0.5390496140147573;0.22158962167978935;0.5662600438014384
0.951381376380524;0.21959244095293828;0.06536013924567585
0.899278145073365;0.5369094791583652;0.89951116064941
0.75160875761984;0.05683296946466532;0.9876214354858999
0.7659777206641419;0.7492245210007805;0.8069609232273339
0.13549397219627257;0.3880511700733824;0.1373049692814784
0.6405892590618992;0.35612714280154334;0.147799572218959
0.9776235942982463;0.8230007725054312;0.41719934900595435
0.4190324931346051;0.8062589384520514;0.0051832435446314
0.6648259442643295;0.6926580136802662;0.9631379046652305
0.9349195727542322;0.10336293569075816;0.6095078669155958
0.9232736657319132;0.6713767676656607;0.9915975424104045
0.5935309810657725;0.5882422366419949;0.06950051129791168
0.35854170516539363;0.771483428619146;0.2710589414816583
0.39763836586003154;0.6437795447736001;0.8318512804374842
0.43632603466702946;0.7065513319842742;0.7607441271496576
0.05894358337159111;0.866895167841109;0.6681831330960876
0.7882791240120014;0.4347228164429269;0.2382149203553363
0.0014564006024847531;0.32892138179388486;0.8490482369901242
0.9016906687985321;0.6245363562375092;0.7541575853547244
0.2091250058345573;0.3886419769481143;0.5441907214737143
0.9513550974834108;0.4492685001306158;0.4461047447360983
0.6834967509181983;0.5962977158020856;0.38548405314156764
0.7056373895529959;0.34032558525180334;0.4556286752476162
0.7108135014003927;0.7000467729687757;0.5004889158931368
0.32952522050732236;0.8413827254898535;0.7382332109912854
0.809930860891469;0.6180694708791709;0.11592450330008375
0.19998250463838507;0.6956087138077461;0.9566125724788654
0.5302481688490548;0.2574483569288807;0.7442311579201993
0.2355133645973262;0.7925778954816132;0.7912223924827876
0.6552042320218724;0.7027302226656399;0.9965055989152019
0.3082227367074608;0.45554520317033276;0.17584644594697185
0.09092439484912418;0.203331081731715;0.4142973870758463
0.07227328153157941;0.9603557621201205;0.43007839168213235
0.6584616912386477;0.2096454936915778;0.9812599292062638
0.6216990178853736;0.06389301047422213;0.5065818198002127
0.11029722937617725;0.9768873619343776;0.6175388201124103
0.6656525870362339;0.8365111678918574;0.4216158671600604
0.43060923675992147;0.10656182810527892;0.6387941338882319
0.5080874608216913;0.08854392905580744;0.21863149786254876
0.027282054173535686;0.31958288242418986;0.17853253313627848
0.560628283372043;0.419260317546054;0.9324707538935736
0.039319948631911905;0.8246935810824847;0.05783121579560657
0.04208782544333323;0.3783315964981112;0.3379501030684857
0.7621013369818036;0.9021191873845992;0.6076035009575205
0.9043438878819811;0.26034300854649883;0.7900392596344687
0.7246051919887024;0.7143489453044871;0.9160844654837575
0.7787390486410759;0.8228568610195938;0.4098968623479572
0.0011919874552076548;0.0909235486016412;0.8751789539750465
0.1133948740488453;0.5228993543794753;0.17149821745697724
0.6399273116683271;0.6624606010877317;0.9380028519153755
0.7189154570034089;0.5976701837699148;0.08890938865481923
0.7866592694678199;0.6427194279816579;0.9144531536786571
0.8616429244900916;0.4059659774238472;0.5569316937043547
0.7042236916047763;0.28692762457552157;0.8178734645153387
0.44556735208263953;0.0847058263151319;0.7064059615003788
0.09994811985338392;0.30909022744287473;0.9838622826016203
0.631356485281194;0.9719398415798288;0.1885022556018512
0.32373233270670987;0.27631045919044517;0.6992914598627828
0.48212664438070163;0.33827360036309906;0.7995862547973024
0.12942939994348435;0.0008275180264507576;0.9847889211125597
0.10903688528362043;0.6685669940919344;0.6159313457139114
0.9327885805258125;0.0859580375629232;0.31490343612192173
0.15229816093068027;0.8164067557247392;0.9254410414748866
0.043864889212734126;0.25623266454636906;0.38847965587630184
0.46221541403343147;0.8407500689350145;0.10820144536336218
0.22073231423528938;0.7966911642091393;0.17796898164336172
0.11158500458053844;0.16570755692663341;0.30361553332276703
0.4806706821559219;0.3219942626997555;0.8348985030600657
0.6810646518909771;0.599104728048568;0.6745412040336962
0.8622239708851045;0.3553562236748291;0.4013786818046
0.5189787419862044;0.6370145495466946;0.029791660391281005
0.27715526735250107;0.2356945408569041;0.10560052098953687
0.029983888560292438;0.8867185091530918;0.07096789938109072
0.713216261070447;0.22498202702853987;0.1865686739320188
0.0581102612228338;0.8475593998967632;0.9594223935464009
0.6704227732462321;0.2601661402112153;0.9484927819145951
0.6756324726138206;0.8939000775248078;0.4852958148307446
0.34726902970374995;0.9339244461247955;0.28958328000209566
0.21454921558197582;0.75653799804951;0.8963428824918955
0.5150875564599163;0.43901009104201527;0.37949983813273847
0.6899847220352672;0.08336193379404211;0.9598898177558857
0.45901547069571236;0.943762603184764;0.6366568542096241
0.8739282118853376;0.5138113868131126;0.6871297281721915
0.2340873517481824;0.9674148249131947;0.3692750187236865
0.37585801864564095;0.2430663412066998;0.4066385126262997
0.9347036231217425;0.181273101246736;0.12458438242140402
0.5218488583925184;0.4588392886454702;0.4772099588290749
0.3624538633571739;0.2977526498901377;0.9433786981620468
0.538871666576107;0.4504694375868208;0.7376232749883208
0.862484386014069;0.7077390308372755;0.39505938309723476
0.09389604615415614;0.3397330322495167;0.7387221138991573
0.48793777314308706;0.617285307247698;0.6369548824089449
0.34011130606947837;0.17366072207430694;0.08968365070802264
0.9101184688251819;0.41748554275232397;0.640370777568995
0.6701912890266442;0.7034423293410451;0.7128349226099786
0.39507495053013386;0.7770954033954275;0.8456282143166682
0.4384970729739779;0.6039740085148908;0.07937691758062237
0.915581287390077;0.8072819831570804;0.6840736725740046
0.22949385447047044;0.21993116252048994;0.8115720496456068
0.6659207793190127;0.8535609891795912;0.6008286381686544
0.8819889645991665;0.009833834514378137;0.03494808378802938
0.05388516766721263;0.009701897319491337;0.11433787372962312
0.43642885029746903;0.6029641466843806;0.8651224681095803
0.05889873609055141;0.7655416520329927;0.15376680266480547
0.7032280993523854;0.9153570327389804;0.2511241903277499
0.8004827114771538;0.6714594738366747;0.2761928363760343
0.34388152533332195;0.8335708976720018;0.3085464734766751
0.08454443601693262;0.9996268203298388;0.2032674214903436
0.7031755989378322;0.47390337512591696;0.24176027938923628
0.5692375211074696;0.14572230587890722;0.9273449384366889
0.5281507396211162;0.7456685590189283;0.15013244624032085
0.6902068304031529;0.9801418907544694;0.8240843094193372
0.7259704845859007;0.920448177123501;0.18561492978170457
0.3782113278211633;0.16876102615001054;0.0928256445049519
0.7727007923482956;0.9434494404866594;0.8808766467420347
0.8006038702051455;0.8380676198210933;0.015754360902479614
0.625708440070085;0.3231943773876358;0.8369400247973218
0.48150150961624105;0.8074287126335605;0.8982172643814099
0.9212302434629094;0.9588535633168339;0.6986937414046168
0.3607713603793262;0.12012075993616411;0.042384384351165205
0.8649810082223856;0.41115378155340865;0.5408107901321774
0.6453757701887588;0.8436762008507469;0.43911411296682623
0.8513401503386614;0.8002232312638563;0.15250565114795267
0.31906943474835725;0.08584425632514991;0.7207622365098736
0.5470377343442305;0.7369187175227092;0.10550833844436991
0.34316181312835337;0.6412892301278282;0.8986726154388723
0.20815184630065198;0.46264200308934134;0.10191896308969084
0.45168519901175386;0.12928031773656412;0.8600825065483892
0.1583509166660112;0.27088094919054106;0.4791639286332873
0.07253762789670426;0.022829770955511308;0.20313622513038765
0.26917324946113674;0.7921878087609168;0.6081560685930534
0.6950539205027305;0.8654600083052629;0.5660617915396585
0.6607737212225132;0.7031705207121209;0.5774299167738196
0.9500015358591174;0.18297550446132627;0.3495650510147096
0.07433287775336161;0.36175278588769444;0.41011666420756987
0.21716212217474018;0.566612420206302;0.03463235819894639
0.4223138926207496;0.756752036163714;0.10392294313672634
0.8248169407303737;0.3553528238373568;0.23258237338135956
0.9029859019384737;0.8626257929875986;0.6318374969781559
0.3673992471892059;0.7977983341885584;0.3280663164746651
0.30824960295221504;0.6257541694626707;0.24761665290790014
0.4469296255900328;0.9996486566793428;0.6133922278642414
0.3289127361557791;0.5935378187837936;0.9872028598762094
0.6079866473232527;0.8734166736494727;0.6640465503617368
0.015471167961031762;0.07529382178629607;0.9260060583224354
0.7557736397013964;0.34632878794208466;0.12933219810380414
0.944303488963173;0.14719532824082793;0.9578711934077294
0.42474263623627273;0.32692439815505603;0.9338508887574335
0.5433211622658067;0.7500609300172173;0.14916323899068162
0.2344835110829131;0.3543963832273158;0.8649460504632736
0.046062365041422026;0.1885612155600973;0.6141395583248804
0.3684242862108442;0.6957943378406175;0.7151860739636857
0.7483721683971231;0.39744200387136686;0.7097049402655855
0.7473752671124982;0.8002450047052606;0.41046547611570217
0.9685647598375713;0.5551012853801955;0.38263249401095045
0.9035405650319609;0.19555240353627357;0.47919412476721934
0.6128897064648511;0.4555732451681278;0.5610973564999744
0.2241628509001239;0.8385752718197664;0.49605101695834775
0.9862843912028332;0.7541169619252203;0.7285150925877247
0.7686290648874348;0.14868970354906486;0.2589616722938394
0.33057984696777665;0.10083865374669199;0.7586887057038703
0.6319723698551818;0.704997263140873;0.16532088866689854
0.5376184885264085;0.8830085809134662;0.005435548809747948
0.7387840524510003;0.5093142281137306;0.11428694760094371
0.5737056612314426;0.11230855723821154;0.6661256528954956
0.0749862577900694;0.7141480217439449;0.8814538289765065
0.8349477862435111;0.08243442331093609;0.27445979545021637
0.1436027108264586;0.756309655969683;0.1854112825157621
0.7231242155324629;0.5797508363618934;0.9704158508816707
0.3500446963256959;0.04740745902024779;0.749037304091102
0.02320538350596535;0.16175288156844692;0.22886248385423646
0.44705646944428046;0.923053259828355;0.040495454231841976
0.8613485895196819;0.832559240603818;0.3053895421401882
0.8498284112323551;0.6915946279856682;0.4863422813799039
0.006777386806649188;0.9377401369751368;0.4583529502976035
0.5188128822648855;0.019606206483192334;0.8106121635385306
0.24487616301545823;0.10383556493300705;0.6057227683315063
0.4700364359783562;0.6544283062878629;0.5196313220653941
0.48549523035707465;0.2651331945374762;0.8329416042280621
0.6374149438921015;0.6897612547344831;0.8614092285490272
0.8190531024986356;0.5534942440815764;0.6550203270189918
0.05177070453914134;0.9668645930086878;0.9823817005128863
0.344184113770894;0.8856433343327929;0.8443914506087403
0.22958790735483392;0.6656485954020729;0.8352204959929125
0.9581558927915007;0.19651915421138133;0.9460204258884998
0.2215566591021193;0.8700370294343798;0.6833668011259337
0.8432903871729863;0.2610261821722113;0.5319403849679967
0.6700051827026996;0.8728343355626103;0.8630240291922796
0.4062083639067666;0.5431619941006405;0.6189264567147003
0.22755985627830966;0.977110215626576;0.7012722277186703
0.39975574986987505;0.6417066020914989;0.07562973115175375
0.6058673755843836;0.45515953192384073;0.8827807918370685
0.5061757081385535;0.4846561121422932;0.6927547416898735
0.3116834667302808;0.9572095650787049;0.9015243755725759
0.06439284047726856;0.717657805232624;0.583449611427657
0.34454262151649007;0.732509345330396;0.9168242237647439
0.27205259013684024;0.2793606283371355;0.5504151892837659
0.6328457079612356;0.8045180151499459;0.9617290544532533
0.2395554614066484;0.6071837734538662;0.02996707738283655
0.004220548022017434;0.6623068879043378;0.6073392558613542
0.15001201081021676;0.48630696492693704;0.22893124552561872
0.145746016032125;0.06001074702412468;0.04211090715192367
0.09693570513079797;0.1288662212071341;0.7892443889473202
0.8003591949837324;0.26498027605070873;0.7953090713668173
0.2762441920706745;0.760417947124155;0.8012992506326415
0.8586276811343279;0.6594688385543582;0.6478103639780731
0.42436358179098377;0.8420611826905768;0.942441793929098
0.7027704201243434;0.7716544832352389;0.170889023049709
0.6302253031531995;0.4383786216490475;0.07632310241996654
0.0880587512301334;0.12304873957133211;0.08519172955426124
0.1629978750699953;0.321637674845062;0.7185336743340955
0.9047602393148176;0.2385452708186352;0.6822402084470411
0.5226606499816233;0.1878651556812473;0.7777878201267409
0.25991256912133054;0.197950168692952;0.28420360908676057
0.7929582887965801;0.009556920319635953;0.2381526926554366
0.9798964565401179;0.04997054374130716;0.5561382375682855
0.9626070241302411;0.9953680942472198;0.6739991249228251
0.3148152761676787;0.5435714244945248;0.25881716081139494
0.5166219748388853;0.8392155794745945;0.36346108127187615
0.8588772886245942;0.9203049022828704;0.531110517090177
0.09344550636188809;0.6283829072409804;0.16245215833152782
0.28747892560443067;0.44820632934067195;0.5226976566798016
0.29547801277575636;0.15375030514917465;0.4551740607250967
0.572575394205687;0.39099421076872376;0.12599697312797953
0.16171560426625098;0.48990866485155815;0.1748204537337572
0.30457237062392306;0.11186850396914405;0.23366403058677254
0.6585132363427607;0.4025872591720159;0.35112464615078154
0.8427787096098646;0.27676805475015365;0.028647469164148065
0.3636376741161599;0.9550668542872385;0.7925531212960414
0.8360658105086093;0.98586504452841;0.7421795189918236
0.676054935481252;0.31177821037204945;0.30138223134456354
0.4477538255185094;0.5931032545408284;0.7314936930404519
0.598974914968495;0.007554724510310695;0.8671940063033773
0.4405342381366316;0.030932407217637237;0.11184452210981122
0.9819684103362347;0.7349065385396258;0.9562317715100105
0.13859228407324875;0.6135187586473494;0.39580709952896087
0.3268437572379529;0.9535535992148148;0.6832336047770163
0.3738139367743173;0.8852000769045661;0.6084125506221972
0.5712458133023331;0.26346924148946504;0.7810263272099743
0.39736155312336896;0.7260601445201273;0.4800304039959654
0.24606306248639997;0.7662010558965439;0.11910832482549738
0.5284269613914626;0.9698611039391456;0.1767836570859348
0.2881224156599873;0.5216831431414523;0.8302440442699451
0.5786252058908036;0.44643180891787915;0.4758234828619974
0.4970365703187739;0.049614112300062296;0.7233563422614795
0.7185321530542579;0.8552266259358702;0.8778986439550476
0.6370197693142071;0.7877356494062129;0.7999321359950626
0.6768264290720147;0.6646200696429296;0.9190105900008221
0.5392406515954679;0.4213044689376493;0.29302623870964717
0.7095951862191918;0.9278925651633151;0.76853226198848
0.48117921154531995;0.49921360698286976;0.5745657372255176
0.396944187328372;0.4336558978571575;0.2807026157611039
0.1938516139591191;0.47162742631946497;0.3066856781863708
0.3101023851245349;0.8693684281680589;0.4151442744047231
0.07852015605096974;0.6752128177631;0.18341492376189694
0.5793926190121713;0.43645922405176873;0.5084799772827073
0.8656869338048024;0.5852535308689206;0.9925941095484445
0.34878190569037515;0.42695282521450006;0.25620303772647524
0.17594948685729084;0.5726454559521077;0.3186713187844976
0.7087156164226076;0.921763443299359;0.5021870344642043
0.5991242586647668;0.29279358461149874;0.2513004284910664
0.542449167573401;0.18340857459625637;0.21571342213655864
0.2658707419698205;0.2534800639296835;0.08229077240853955
0.8859132765055502;0.5408198054247217;0.5840531910566855
0.6389111015354277;0.7556934185800985;0.42992842437514356
0.12328003178120628;0.9952641594593971;0.8698869423936343
0.20906933377414916;0.27722661339995236;0.1263537033835015
0.2205560992884419;0.4104778173793735;0.6564413702269228
0.6970992943849879;0.7837819881372807;0.7343415890283973
0.6470140905564009;0.5117553806193273;0.5801144039881113
0.6123947185813645;0.5354556688246075;0.7129350838746805
0.8197270226821899;0.7486364709163347;0.26554578010205687
0.20607743279042934;0.39745177817983013;0.938821418891058
0.751069402129823;0.009987867882997103;0.9400028807142038
0.16955074607641285;0.30014182807346;0.06615231420489942
0.9260207254735552;0.6692157247407683;0.6579222796039472
0.45998283253292716;0.3201676711762299;0.3464719412683389
0.25490092491327043;0.0466867111666972;0.6151166933143007
0.8327407975864262;0.9515442295868196;0.8275931596941208
0.9221728647390274;0.7415517325990025;0.1675977942042105
0.6454459965388054;0.8028840705484513;0.09300214023491937
0.5456307609365427;0.9260462110997144;0.4155807618332339
0.5160930374896093;0.05190794078964034;0.2853332852245708
0.5516463296970107;0.7561996996888546;0.009396292674891948
0.7469407203925257;0.42551728532438915;0.8174221529731674
0.6934207828320543;0.6239442433865794;0.1516586570823063
0.013154780826421963;0.8957084405021235;0.9343173335836942
0.5926442563256027;0.20377010639294002;0.8673620387821853
0.39188343030455763;0.7055910431701061;0.3497571414508598
0.21217377606826537;0.74399725362367;0.490010103347574
0.9263305121259091;0.0013880570161807215;0.756122187627727
0.052125434799263015;0.4665465347003578;0.2655717622063337
0.46565150683455003;0.4387168974552831;0.9870742766500624
0.1008740213630297;0.35345405723244216;0.39991031034525804
0.6751910237155941;0.10035763615480864;0.5974276920990983
0.07326899173237844;0.7038020083785552;0.5593297035660715
0.2453832393012616;0.5388021137587071;0.31226777304570486
0.7803893587909566;0.8097952646728285;0.7213812140171532
0.35845265545129945;0.01404447371508677;0.45369283870485133
0.2152012411928137;0.6105907073857053;0.8721152384267049
0.7385572446856069;0.7222558353564189;0.47413774192462854
0.3480629422857716;0.7097868586449794;0.07215603973378004
0.6917531191911994;0.45287100829050275;0.8435929040859099
0.8410684522186059;0.4573889015865552;0.7170522683274858
0.41074682830622944;0.9288264161245734;0.42884687438061675
0.38621260399320456;0.19077387429580794;0.1871845561091856
0.5203604929197899;0.3438289189900312;0.7190471369490877
0.9056000563118521;0.09077290070842092;0.5343420049685705
0.47586214996727816;0.871326038593849;0.4429405292543358
0.5960807692955002;0.1749460694239554;0.43493285065218934
0.7891004076821815;0.5049319340098598;0.38897685393554027
0.5921972006150175;0.04831701068459149;0.39971773913798037
0.3165440535987992;0.9366317167342578;0.20480060758628615
0.3686314723639278;0.7600182940823865;0.5135513751723358
0.292481396373793;0.06674290713251874;0.8128951428838049
0.22527411319660773;0.19894946954036108;0.796400014616609
0.2915439083629413;0.34526743216405875;0.07728046748036355
0.37908454392710655;0.7952195719334503;0.28527467947075014
0.5597499140347022;0.5498512954025118;0.1018024660301593
0.5935458736460518;0.5056784027895928;0.17346322194939456
0.5764798208752198;0.9871198433672098;0.4939732153848052
0.31439539731611366;0.15027304661778018;0.18228879283814114
0.12846925020928934;0.6557779804179131;0.5392946227196758
0.2868125923220901;0.14152898323274232;0.23121380647525847
0.5885295691459002;0.846764346236158;0.32547105502173235
0.3865866204992511;0.07083293792305412;0.31545137400081946
0.8433131557899177;0.3529958398418427;0.80033762505622
0.3347941109792528;0.266052451952851;0.03941113573075017
0.28815087964912245;0.33002551414413117;0.13830278643996075
0.4176679496590928;0.3335309943806244;0.6321948142824404
0.9503809496825635;0.6652642273001486;0.6733661987310041
0.7855568162991686;0.9412845544729089;0.39267593819953683
0.7077072088926818;0.7569818200829107;0.8043474149825021
0.34693871535636145;0.08995545296797014;0.7254623314444926
0.7415437867269824;0.5977828985001884;0.7707600639180963
0.8023416954430018;0.24353994523191247;0.2928954611147727
0.22682709616181673;0.9596420667009966;0.20434101897583556
0.40094055397627926;0.8941294277700813;0.9157257700288899
0.6824123705218327;0.5411756847787984;0.31925609717426673
0.3616964597011071;0.2680930513344182;0.276673088169859
0.20370241290422464;0.5963307689841556;0.7331604954799159
0.18340797431454736;0.885969504577563;0.06240971018380037
0.5834009461897098;0.15008913402803692;0.4117758780977163
0.06231632637542839;0.8435927534380339;0.999973131249985
0.49966369438456015;0.3317269194128766;0.7317426685163098
0.1795976627519309;0.9790740358847149;0.48028339551751675
0.6024375697059089;0.4748054214616173;0.7226648921404936
0.39012876239278615;0.44364680625866315;0.8665859185906976
0.7778667886469086;0.3700080955693147;0.02322574143103273
0.4844115535652289;0.8906601507817103;0.2242969670338415
0.545657995564492;0.05915940557603683;0.38716528942183215
0.5879357662870188;0.3403491918763053;0.49167031065313704
0.015577306480651143;0.25771812291862706;0.3607360940673664
0.6457347799104562;0.361539246354213;0.826575772090953
0.9463973118424489;0.3520473458807739;0.7138439399591349
0.8884098206413085;0.370366467143352;0.6573598402059272
0.5916404263969341;0.5647726147434311;0.8440016407833312
0.9704881557002789;0.8264833435559901;0.472758447170025
0.5976191091446438;0.15025404002049947;0.8161502799050084
0.816573274681652;0.8741856724354046;0.27814313439617067
0.975935775332808;0.8280162307402639;0.8880415112839812
0.2778564468474496;0.012826909186069435;0.9242901095741274
0.1367652620012959;0.9610205080661629;0.4428779441937859
0.5721749691096782;0.03362080662541289;0.8875367950547707
0.6211433923945292;0.667688301004345;0.3263382829378657
0.40961232437006234;0.3115466469745397;0.07380026524991845
0.7950619414323287;0.08699302187344626;0.1397081068331666
0.7728960013075444;0.06479735944204668;0.21887334778573353
0.3952139013803282;0.6107137857239845;0.5600724080078125
0.3003820305002819;0.6938306934853429;0.7414554120940989
0.3977346398526428;0.7707347427837582;0.10323680326595586
0.9915736562870385;0.6755987073765113;0.07915472982333949
0.3112228580233902;0.47666330181234506;0.7521939375451557
0.11066821668046967;0.45869752292590493;0.4850097327386206
0.795002748159358;0.3331545502355827;0.7903228942581464
0.4431603214116996;0.8419483897707319;0.431268074155679
0.36839479585110835;0.0700000116858962;0.38935478468265516
0.7374401837520427;0.772583765097311;0.41027741920872685
0.8112002834750853;0.25803230534775046;0.9802371467050075
0.7106640385129482;0.1884223206418284;0.183756232996361
0.8615254821318664;0.7805612474924082;0.7839149200364101
0.5123320292489315;0.8470317675146597;0.8100624422469591
0.9905013872569837;0.1921758560068192;0.5038764819047256
0.8320195111725321;0.10072081857084514;0.1350760118565264
0.5449838859973201;0.4431069428267731;0.619224442597461
0.1992476347962009;0.5128064962024873;0.8225092862725695
0.47790437852613543;0.5160137819694895;0.15335342572031996
0.8338965355985863;0.386973607503567;0.3461889073033486
0.38169614352879866;0.7158082451866417;0.18492929817433346
0.04783441551938561;0.6539427428662197;0.07993399802420575
0.4935759506826608;0.3580290901837072;0.3704835024219161
0.7876553642223786;0.48995051414914814;0.26730595372710997
0.8350423055056901;0.9260026982100362;0.46043461148297005
0.9462961555642011;0.8705544626497064;0.9719219283678736
0.20162749053110074;0.4341004963725599;0.8485223561636025
0.4780440909102387;0.6409819905246815;0.5241423585848765
0.28037577567417526;0.07635412046752676;0.2816953959268397
0.30840992143769286;0.2865717365096039;0.8988027978209022
0.48452768567505233;0.9662915029388636;0.5948823647455679
0.8532908982319721;0.5383121202013943;0.11896217940813136
0.060309424372308795;0.3389435535414116;0.6143023244288364
0.9492052270643973;0.7748659133905715;0.41578130946597136
0.6129048687739923;0.026301384755024748;0.3014898270567111
0.994473537168255;0.9961938667293941;0.8033514282890855
0.6798922792159889;0.7473668667006333;0.006459975272184004
0.8307207282542973;0.08907504979893366;0.7905812084580369
0.7340139844935618;0.44286293141391575;0.4597070473662166
0.609861797073543;0.30461577717335786;0.43609215036731686
0.5115725988591772;0.08029689380946503;0.6366528073597881
0.23770112800067367;0.13537093219600138;0.0029571928236163947
0.6885687625579;0.9294315488833553;0.5305525933705773
0.525111362592958;0.5239423397419285;0.06547534888415663
0.42966991585035874;0.042359205259703714;0.00557122379348951
0.5683252002446082;0.029950910009672094;0.10515855642159444
0.8134565443415221;0.1756115982816363;0.0077527761297211395
0.46203948236334724;0.9454991353580342;0.6977305754337527
0.8917433173766777;0.15252660020537534;0.06410714011037111
0.15389673156907735;0.5093178702756719;0.24346798512836798
0.5511168723849185;0.8562992391115595;0.9960978636025821
0.07774422258260938;0.9637175902318755;0.898354605387863
0.8077592952478241;0.0840968831778166;0.02206243909557626
0.9630841349909425;0.41549943770310405;0.9833390666284535
0.6970885131428248;0.6504119259259115;0.8504649079545247
0.5130366469543338;0.9025553580310027;0.41268480846112865
0.26757448962778185;0.8469502726038267;0.9072936900664383
0.8725180099214077;0.2852813912962391;0.3394291829468572
0.2585748351709771;0.6172222398436399;0.6657972081825947
0.1995672130860714;0.28556294367619683;0.8019214657876106
0.14421657005527744;0.07204316379101217;0.7269151828197733
0.1899785515490937;0.10500308578605078;0.4043986168947763
0.9956732258199353;0.697959315710403;0.3213107479341418
0.4177212488969758;0.16010348024608456;0.9464072572764364
0.5734498920499699;0.9107764465122214;0.8952593714927403
0.566339625601388;0.6329737051932955;0.4670660085203733
0.3858320942049701;0.9843277515994504;0.12056057678034593
0.13422048747905946;0.5145736023489244;0.1256681139388629
0.11665205311823368;0.9914218220588205;0.09705432891615684
0.510082999927808;0.338214083430747;0.9292083828951241
0.9076008822129396;0.39658957754156476;0.549162501845346
0.1909895597483926;0.4396535627303174;0.20348303694578818
0.48643838517173954;0.42478790312103143;0.7350864357191955
0.201054222223794;0.5085423948764474;0.06455645379684671
0.8566735435879081;0.8293791719813578;0.21391372859387825
0.10258312354990728;0.481367383592879;0.5743648428139805
0.38208413305334477;0.2652745776122202;0.6084119201909796
0.36991570794387596;0.3218011232291591;0.5431107364232188
0.5971634643263527;0.5115597238803204;0.41625787144953097
0.2509063359799909;0.9899864273988962;0.9758311896960374
0.524827625336266;0.5074039597090226;0.4660296473064037
0.6158331666768446;0.7614404537442894;0.48050224010556186
0.4035162370180486;0.9649842829588166;0.04502528800693184
0.8876028886591476;0.4643667257469094;0.5345507080438028
0.7134667238289543;0.2334657411419162;0.9120615057334099
0.7362373400451607;0.9710146124681956;0.5254166106077987
0.7917498767184289;0.8744705198301493;0.1723777120122887
0.28084600584087815;0.8815047079234386;0.5672803832732072
0.7515093470723903;0.20837744155072901;0.7113603901744104
0.9801598773340616;0.2043964737051387;0.7796257547473496
0.6338964444548145;0.7949444761808548;0.17134975837442534
0.32729129644843513;0.5857571436464971;0.7179730661607315
0.764502434218332;0.5524255494553425;0.46405095737373725
0.2903557554536117;0.8275532087566404;0.6203650983907469
0.753957218639165;0.07064325292113682;0.9805714147624945
0.056421147283833295;0.50097836570842;0.7984544627174911
0.8153642938678161;0.36043417184761195;0.6639277086355836
0.9666290247727637;0.5218545412622003;0.6754505251301648
0.8904510669305679;0.7479008445843597;0.29386459977092605
0.5191136991430033;0.3287039181300836;0.06602804583163402
0.9098432067658327;0.7881123962573275;0.523003654002788
0.3207128565063214;0.536557025394103;0.7412434375253657
0.2659102035181963;0.6712573468031224;0.46499269542734
0.9235489553677118;0.6249446402375818;0.35467578403993927
0.4551259045173114;0.49958139385882827;0.8834857129701534
0.39824490864259565;0.11773264973885911;0.04376547187544466
0.2877200735852883;0.8528301371601053;0.8293537240618637
0.37348085960433375;0.8019262070799669;0.20456560351527742
0.6097848522264171;0.48142232903730053;0.7484155840511083
0.11088509922963652;0.8868454766895233;0.09539095144401921
0.8442648352456924;0.8940838152814609;0.4319742748550528
0.3114141763882362;0.841630494480091;0.573770669923696
0.4820113138725557;0.39683486617537367;0.4202221614064794
0.4463307671610881;0.3012642325424718;0.061474236313135644
0.46329316204290605;0.4581724738145221;0.7265791870831554
0.970273892071216;0.8606490747586478;0.5245655000750294
0.8335049616048786;0.7916176005054636;0.8596466650197707
0.6605370729079866;0.1290530878005045;0.39067133363065554
0.14524133733386402;0.815742494745149;0.544172179763365
0.00613784329634004;0.004280252387076744;0.8143093679797454
0.84654414151062;0.013701257381185994;0.257735673893972
0.4932838700098364;0.7958330855512799;0.7999536484697936
0.08459942493613215;0.7188233720024769;0.5454007841912675
0.3041577739241468;0.9820330140777577;0.012493934065376466
0.8290661242082129;0.2741085677669757;0.7733302212665575
0.1895622717780231;0.5410736029234536;0.9887495410886318
0.11427006325702316;0.4828376562186688;0.5064753681684588
0.9789347825664122;0.4176312896465134;0.6244135856874857
0.5295983138699014;0.5103792042880835;0.25862264527257917
0.18275524981754265;0.18368490809709936;0.9049651858815643
0.25353438634587133;0.06450599931153123;0.6503416902258568
0.008119414577868578;0.29758575277119226;0.5559859135847004
0.7224057155734487;0.5069014558947413;0.135285098604928
0.6366347377674227;0.33976654673607976;0.3554562608556511
0.5717029536898254;0.029332101764617535;0.1821996062949578
0.16967709302763212;0.7573165105542329;0.5416262386109016
0.7882798209071559;0.11368259458030727;0.5284841513542343
0.8222564198781894;0.11388986599190021;0.1696689698544469
0.9043497513080347;0.8237038913157909;0.14312116932966423
0.5946933630829506;0.09415762449628373;0.4451140334791831
0.04086523970432021;0.8594772994506797;0.6227495096066638
0.4062857303755959;0.8102672267348593;0.031949642129657674
0.7432439485090292;0.010008286078557638;0.668059151511162
0.586155587870091;0.1297755394890251;0.1956756069859561
0.0821584430891018;0.5740094666722426;0.11121130212469321
0.6712705356064517;0.7327080302058923;0.1441947223139376
0.7864921144486158;0.2088933353959349;0.05228791839620295
0.8015767159905443;0.20990898001663028;0.35975504025105476
0.5724082798920943;0.07829332742417416;0.5430276238404022
0.3469111910175231;0.9087118567534602;0.8492531166584112
0.4883312054939405;0.28283236575520987;0.45683510501352265
0.35634754402350743;0.37267406472198694;0.9238339390849819
0.18657376400348125;0.8699969008142783;0.15654684238500982
0.11206356728853617;0.4219967352476841;0.01079682852740782
0.8555496967262439;0.1535730558956483;0.04092507925497246
0.6190073353830009;0.8592334822201902;0.4243904632067559
0.5222080001473398;0.884314503248487;0.5029458559798996
0.2851386761158191;0.9580062796205637;0.8080869484504041
0.26661029916866874;0.33618785236927007;0.354708064274288
0.6437535666455207;0.3830708582513538;0.674684384407845
0.1460656340256843;0.060771288507739274;0.447008987600378
0.17788465829094346;0.647768406558611;0.01604775910130296
0.8703247328576726;0.3605803467503774;0.36743792442011936
0.751240002337452;0.4890421156812923;0.3970831264537953
0.2964067876661135;0.2486855210301474;0.5020493055013496
0.09274736734106004;0.1567610968772607;0.019202036184796323
0.7543613641562898;0.17185128894229906;0.18498358880780352
0.6501831654715543;0.24794017691464787;0.18972191455196552
0.7344000968417591;0.8280759623585348;0.290620402435141
0.11439449288061598;0.6845864946531022;0.9912126968075269
0.4541029094954737;0.9750650966016186;0.646114221748655
0.7645341868283703;0.3549068030793435;0.4930388698974356
0.01118642766416289;0.4872123739739259;0.6783528211539867
0.38756380252978184;0.4803505317404072;0.7130233931850652
0.0787217876712808;0.7092041481739265;0.32580628652483246
0.36582185732022066;0.8326996290870449;0.762423919097186
0.055543338295779954;0.04162312173754146;0.15495661735359112
0.12878052038238175;0.7874321852334544;0.46801183461016116
0.39613299970672666;0.7119603865748502;0.8811718905459047
0.18861126427841435;0.09316691168093805;0.9234153105413627
0.3387573917048542;0.1841275991585435;0.08652296529167991
0.8981918073155816;0.14085662155234735;0.017089501134554652
0.7299860557312773;0.46058558975273867;0.32867972980505566
0.2833650849301481;0.15341387206523582;0.08389713682476496
0.8864726896834796;0.6192312105289247;0.9400602927049481
0.3649106634595286;0.49695904021093673;0.5013912135323008
0.9383552619940795;0.029674417446963197;0.033417064401233376
0.05173143659754598;0.16829896910731013;0.514029479493765
0.1888584692397679;0.80756517783522;0.784279384510581
0.6094941072825487;0.3186218186860208;0.9608546418620255
0.6644701967832308;0.17999561323511692;0.46081257481497473
0.1615882131499018;0.7360337575211685;0.2085236520908733
0.9013230863827624;0.12101191645362364;0.9555377326176
0.6116225805579669;0.5670690818834707;0.278633932999769
0.27876463215981595;0.8156092215295486;0.6533299152727781
0.3295482768163879;0.01029993099182358;0.7070496238591769
0.4994589959144107;0.17451700469608267;0.06038906573430258
0.09893497951446273;0.29673874506194775;0.04477605940250673
0.4906183890888215;0.8689074506151324;0.4512273617240149
0.26982943737595666;0.5081938057117975;0.9590918557905458
0.13060919847640073;0.796157920918497;0.19305833990904164
0.11535263991109623;0.8432303738750562;0.4915207287318254
0.03730243547721279;0.7236683222289992;0.04730361108117753
0.00871990689895985;0.8110843800499273;0.1918558585650154
0.3938442630488851;0.2777815272383989;0.7903364651842479
0.3619285758950731;0.5590317192243878;0.3410092076317651
0.4629661771429531;0.249821590456192;0.5959290254195739
0.6046311821058763;0.4378504431014063;0.3242999489293279
0.15155851505587636;0.8441867258585047;0.9520467646139671
0.20221838859523222;0.8609778772636331;0.7983393532016005
0.44161214909080326;0.8501230576397845;0.005921339296327988
0.45421240813768826;0.2927236657019955;0.26252387542717737
0.832928385728488;0.908501524192495;0.2172839692713071
0.42235119536384;0.14610417028802047;0.10203942712481684
0.8032829490744322;0.6373912374567718;0.6429125495518253
0.7883904283045038;0.29980266802599564;0.2192369388748059
0.9968039208028814;0.9997928887736606;0.6708386544589857
0.7522456873986064;0.07966865287185332;0.7964032286349617
0.9920321958206805;0.44891571199610814;0.9671305287298516
0.8276865092330665;0.33454093261393936;0.49072214779181555
0.6398994532288245;0.8253644576653191;0.6730981402192149
0.5007062978407268;0.43407798313910273;0.8426869638380525
0.36130175608883486;0.879646315315274;0.860811945977101
0.08871837784659187;0.35459126756433923;0.697499352226169
0.7974226502906867;0.7428334835087613;0.49353158264638297
0.9713216041544643;0.970781107682767;0.38576447869655095
0.9283386165670905;0.6693930581421902;0.7957153190975557
0.875573077538298;0.9727530447599438;0.4695497159031421
0.193693222743749;0.6972503347117509;0.09860728769958149
0.7179752576644818;0.05646485237150334;0.278450709084326
0.0726035685506049;0.9909690156027771;0.7140424145301274
0.020352024244136846;0.15272581674145325;0.08742940089016615
0.825990278054187;0.22820514678661663;0.39208225954091
0.93082879927463;0.15567510073904922;0.9958082427581212
0.9280674860041472;0.5474492237566418;0.9642680486184086
0.051158888193159724;0.5718574680296179;0.7124456365746455
0.9923429472548992;0.9374901887417882;0.43413533505139823
0.5663736669672512;0.6091495107707121;0.7011806208903836
0.19885308679602676;0.5719649074059611;0.2823560332223586
0.019122238519391987;0.18259724483990614;0.8717567107516092
0.7272147508347603;0.4720391910775418;0.3261799008180647
0.46271902762628037;0.868220811161654;0.7462550837646281
0.4531942359712523;0.4217541951900591;0.5487900426239609
0.0843847158486053;0.2602093099367482;0.5778235746964653
0.8781090306238912;0.6091304482007149;0.6336596434562968
0.31532833391767046;0.8885563930436554;0.37889483247572
0.6206324936005205;0.5267896765373338;0.4633120574511673
0.04085808742952424;0.46985821737011946;0.5862311532456896
0.1097052707200743;0.2319070721611638;0.7206610508725716
0.6946839023668985;0.04477192856412715;0.6493671602000918
0.7684549250074919;0.9842751806100691;0.8066413967149063
0.20331917988630155;0.08072967686137367;0.2757062065003498
0.13358461828387014;0.1776835968617675;0.1606974509216158
0.9720667599881205;0.8390971565818618;0.7593947762119047
0.9771978058732942;0.2375125478227461;0.3478598651248256
0.28741191163908897;0.5500704926964639;0.21105313218003174
0.8371238306829395;0.5453676095748285;0.3717221476870085
0.968401828302402;0.2333298486195251;0.40939818467383793
0.47342895801283114;0.1551490142283265;0.375370806449708
0.30781438576473097;0.7356736894980342;0.6929556144581992
0.11332016302573955;0.746398268790821;0.6668627498353175
0.3959795559261401;0.9719998741839818;0.8399552090668011
0.5384956562937728;0.36497516289584897;0.5114209075385729
0.6292367087865747;0.8883142521000703;0.001902200894347894
0.431400589589771;0.9822050104985877;0.08978858685627178
0.4937164626364716;0.3472678606628897;0.5255755312096374
0.9914667717789495;0.542882555843377;0.9992234268941256
0.6622599617349605;0.824440870545557;0.9420709125160647
0.13150716307637722;0.4804418824402096;0.937118988226022
0.9507093060235968;0.41440839748763514;0.7067132326598523
0.49379662074049213;0.953349905633324;0.6964426404380157
0.9301953272489291;0.06669838029858599;0.08806206247109127
0.16093525204035897;0.41611979344506655;0.5361293331612795
0.9641881962294133;0.13761159070416262;0.5037984932134079
0.15780123474914953;0.3947054463210996;0.8055210913492127
0.3879411294036237;0.7360031466998497;0.4177688875682918
0.4102482967592047;0.9609886390033041;0.0028406997731615924
0.3542450585263568;0.3644621063864464;0.5903835621697282
0.27303795882057813;0.8748681677563263;0.17511175391747658
0.9358734902511497;0.7190227425483559;0.511410807626703
0.5699723338323988;0.22333839742106387;0.07295005266345855
0.814099782581733;0.19142321897257264;0.733320678204566
0.34139648477085527;0.598943003196628;0.09883270625239471
0.974558908310845;0.5205478243717161;0.6262230588144697
0.9358789147356019;0.5790999657089098;0.8858422165018777
0.7965797895791289;0.39995238028512214;0.2209937392302853
0.884522671823218;0.4249494785852437;0.5025052581525195
0.36124094049127853;0.18764891133009165;0.8496862123685115
0.9507766781046324;0.583498140623747;0.18553373540011397
0.9750752093134238;0.5643831471858127;0.1300640686331047
0.23103216573149543;0.11050749559671047;0.0075984237732059645
0.3221115830342539;0.6638232859079768;0.3779694988775908
0.5818622946486772;0.3654649664719113;0.259880757242685
0.4811164365184497;0.3303887359927421;0.7196400123069865
0.08468105415282434;0.34859913929977104;0.198480599549404
0.3068307321859808;0.5969278278375872;0.6367052984077997
0.05538380966224399;0.34396960092919393;0.47433893031961805
0.015879188514450138;0.10595890836466659;0.28674767806108437
0.9986770291174275;0.6773921812962453;0.8703312651071871
0.5416950651311352;0.16711773108734207;0.9062444328413153
0.8836734831543583;0.033279566781744596;0.7171664343019156
0.13501922070714611;0.802651184488812;0.048476925858076836
0.12345915876275448;0.2877425711925048;0.7642238321275961
0.16463679824465027;0.7061191107427048;0.3134474392198864
0.22960028058588744;0.6287612093701124;0.5581214178583446
0.30312228198260005;0.9361405824170942;0.8094399774143605
0.6060354385820695;0.5309847215256269;0.5571802259919978
0.8963935563824897;0.361691920905736;0.919778027235176
0.4882940422300741;0.9062737222408129;0.030059100778893955
0.4392768374150814;0.8000567542566153;0.7022276330642047
0.05694573048010987;0.20914597165334659;0.14690024065155805
0.14994678578884046;0.19096241395272873;0.24361913536916768
0.824702744159433;0.3374325387282221;0.5554751399140418
0.20956415621911317;0.03410339298930887;0.40752807979417727
0.198458808034224;0.0042161383185543855;0.6639687961938554
0.6930008444830262;0.39847614042987356;0.4947345234276951
0.4248516256437339;0.9326734959552817;0.7832188761974396
0.18058021513313827;0.9136412813519627;0.7052353655718049
0.39146801799560216;0.6701501001723185;0.6899093153706387
0.2971130134821691;0.20132388493340703;0.5982219748870852
0.5549779313590212;0.6689215878332495;0.4792626158792761
0.6542325797630031;0.07904708479273637;0.8616834783847909
0.12480757277850152;0.5373828897560807;0.641405495908621
0.25081627199514256;0.6302083365662652;0.09280413970321799
0.5029472389935267;0.06612302928837122;0.15145589937483073
0.9318453199601184;0.0031714406548850604;0.6382729359826534
0.10824859071162418;0.4717311527268877;0.1284827952833144
0.7904012673949978;0.3280570741751304;0.6464041074651056
0.6953810719296685;0.9047683096687099;0.6493969496887908
0.7159071466731082;0.1382008862771461;0.9126568964068053
0.42164476871298007;0.08779652534484883;0.7195773157213049
0.3792982604628775;0.5268874744721385;0.9557506347847532
0.8942734933092221;0.5568449730747039;0.9933226799911209
0.8499085139300763;0.6519217425731532;0.3311819182464696
0.0019654209407536927;0.5296691519255036;0.7105873641016837
0.22568638847714995;0.01193270974130023;0.6613358558018753
0.905506045436501;0.7121400256050646;0.6711503920863804
0.19412423940085255;0.46319205208477954;0.4965594190359919
0.00970123020168212;0.13753125337258876;0.8530646865116307
0.579802858356422;0.21225346720301153;0.6215820491872879
0.6624457470675277;0.16240137892622486;0.929138239593178
0.9136817224856081;0.10978524718831295;0.7803119084362125
0.30320255712576716;0.9222711239727726;0.26142511851744765
0.6849683696614617;0.9576765978189028;0.2858926706856604
0.729326106454529;0.765593596341869;0.5234666339637556
0.23325792076454044;0.6748258142402713;0.38244941951432687
0.28318182713235174;0.023891550524337002;0.30923562532575843
0.8029555698906828;0.9839158983433032;0.87941311618227
0.7189424687942354;0.2302971130044763;0.9731104362179979
0.8167268573547529;0.15940047817155056;0.8239222294838058
0.49195608147779024;0.4313690869878545;0.15836098881115857
0.013702087404825813;0.25087533336820367;0.8938788264609785
0.7824948828727942;0.2753622523913891;0.20816149882118018
0.9538489295044351;0.6502196670522302;0.8369529808698128
0.5217748738518344;0.5186927602002699;0.4067244280068879
0.35990214471076565;0.6575844047034217;0.22010444961151687
0.5342714373480338;0.1645454780498219;0.22297601388715038
0.18184059159352528;0.22116805963875985;0.3871206320538815
0.5398237319862387;0.22787662943978637;0.714490214934893
0.23578811729387295;0.278519698998532;0.10849194415099317
0.08229916487353228;0.5661788777281492;0.889907578117405
0.26113847427325876;0.04530269370563489;0.024199982996030434
0.5098453870613016;0.8034856104375485;0.06557090590633219
0.5142442521456836;0.1618850170533621;0.4232517061221782
0.3886036077648004;0.844548826009376;0.9400470347598563
0.4439231264139407;0.43003089113938064;0.8087570316706081
0.08734889090416209;0.3758999506665901;0.4789032204396687
0.0938461336144607;0.6912365202982552;0.8480014202536595
0.7828178459074607;0.4995276599961964;0.6668000110408429
0.3229142800357918;0.4645317807252992;0.8039685710738473
0.09699562131323347;0.460098555685002;0.9687199784728416
0.18022974999180297;0.31261667024844464;0.8914228098907656
0.3994944306640491;0.41618869691054994;0.6381466228887086
0.011459979812114773;0.3373047510846866;0.6273341704840056
0.436331857101388;0.3696018985571369;0.7274674730486219
0.3149557161192186;0.9551544210964334;0.09792235717406306
0.83191720491871;0.7910410894154645;0.3644712515402414
0.09478601580062429;0.9876647005070903;0.04848239055236314
0.16257665116142272;0.7699298602609901;0.393024773655382
0.6896776151152852;0.6170278058059303;0.2621004098358959
0.600972304193924;0.2012765209620151;0.8633922300267286
0.8064754581440898;0.914170904193655;0.9313044709855044
0.3930418163854513;0.6469325343960192;0.38510612520538434
0.43096038396035574;0.3750037790668167;0.3255857695142411
0.025707410309147583;0.3150425004011542;0.35348573018499974
0.6811307372639382;0.4899623479857328;0.7871968094135733
0.8895490632088213;0.4970645710163555;0.18624919007695384
0.07201099998234417;0.40740482580168447;0.7271309607566051
0.8874572866127343;0.9634674445768239;0.7165565476287777
0.4520476858071012;0.7768677004421644;0.5681475136553927
0.860662288988957;0.8930818188760825;0.0363922561012624
0.01204073726218624;0.8693165156389009;0.6770020262030628
0.07519056811421088;0.8606215691010719;0.1233667279845373
0.07570119273641773;0.7169355213679806;0.7831275575774037
0.5562000265475981;0.5711929944772267;0.3373770986754191
0.470384197442712;0.1173192544131032;0.34528578303305024
0.05368035148844008;0.33801303216208833;0.13116885949132284
0.1517855207572617;0.9042232716512225;0.7103405598748807
0.968733996145876;0.1103127205798985;0.041978142395574625
0.33857099774415345;0.09115509823296208;0.5744773222503139
0.3123551714936895;0.056325685671098746;0.08130274914452262
0.9955397217962647;0.5374706140957527;0.02392942439829393
0.1459116423226351;0.6144053469642132;0.03899765344068484
0.820258660352521;0.2652104982729714;0.05569735528346442
0.4057694307692272;0.5277306222484577;0.7870874464319076
0.8989420222693605;0.06115007551070717;0.01640626344103413
0.248706760699426;0.6306506980721868;0.7452373988029654
0.17754165458538373;0.34621753392351895;0.5268318600064485
0.0057314172979502365;0.08213437478851215;0.6819829641111519
0.5005371826599097;0.8082763494695839;0.6757088668955882
0.3859794337465925;0.9653829843789379;0.16406336279797618
0.8723854618622614;0.6955159121941645;0.7497196161055705
0.017090370073725603;0.7201692119256428;0.8554851743321953
0.2641168388436075;0.6825134836242246;0.8942419429032435
0.47454727730564983;0.8677728915796161;0.9797459391435803
0.07083284565107661;0.38943047798793695;0.5332105021880815
0.23778676440514956;0.5576287272668661;0.47017779565446527
0.8098602761066616;0.40533110598107225;0.17979241358584508
0.7455372377809765;0.8165154571535391;0.173968174371941
0.14859566565497317;0.25347484441743373;0.40014280978969785
0.12195074657574656;0.44326665229927464;0.7385172741305525
0.21543257323020326;0.43532864042379493;0.30259321105559867
0.22600309230027404;0.7382586029630659;0.23704011391628665
0.8821569806001193;0.9476588058337925;0.015256800176272622
0.9460867185020957;0.9747817595991008;0.5532473614609087
0.1927102181016649;0.8450930093615866;0.23743429172576203
0.7672655734834039;0.7854469201591837;0.5532040602344063
0.772354079515457;0.8635565886910502;0.00905137688620794
0.043567406686334076;0.9131965273388991;0.03252917105193209
0.8257216375619844;0.024500755179796774;0.44283886784977866
0.8343029222591605;0.1388945105885211;0.1503147469532211
0.16922495049778996;0.5949657151998563;0.3682747008823313
0.12527037511573214;0.08634046664175088;0.8316580024741907
0.0731985293340599;0.32375736685079914;0.04116662773618451
0.460331296503918;0.9479779006435074;0.2602368913373443
0.7457028857176446;0.5865267161932777;0.20482133001454694
0.0020921786499001893;0.7552935377734548;0.5723196703252859
0.17183648426555453;0.0858201082904021;0.3738982460519997
0.6208021853729263;0.6478610445290127;0.25018454773313414
0.6457847756130605;0.31082225576761324;0.3963940565642683
0.5475568797246284;0.8357061968074787;0.32368648416565937
0.4084370287201827;0.0742539492856692;0.5724982732337153
0.14282394987143066;0.561184930747882;0.37181470580571974
0.18380027597561277;0.6913677618871842;0.28200837044054516
0.15950453721333102;0.9637221593311264;0.8369717935263878
0.9188030303758461;0.631268395734072;0.21084431088624123
0.1529697408777655;0.19565082778121834;0.9922892189752379
0.6642796852504277;0.27616423225683984;0.7802624548016344
0.6682601818569204;0.3225946767900848;0.8368090975699105
0.6443880866860642;0.06595496975174608;0.6670072238371519
0.7582644255139565;0.5974293022905263;0.3824676500038139
0.7254298236711387;0.021121031722819095;0.5545604766479145
0.2640791079175888;0.26076578403751405;0.5267873956051489
0.8054137746910979;0.18735184852693276;0.939161112316714
0.0726065493683623;0.9019283553539604;0.5471922878998847
0.42208228748372967;0.442742006160758;0.9256043401079264
0.8157538559359174;0.4735436888266097;0.20442126983667197
0.46032527137741874;0.7206096556668743;0.6976335570883023
0.222033590198204;0.43383457676733406;0.2670075130021641
0.9812450674331084;0.935063880562925;0.5772980057198438
0.6676860383926277;0.42389299993056007;0.46130577588622534
0.5742161088132938;0.8210760948651256;0.15661877495503918
0.6094452493879152;0.5243750624477264;0.017229574537317216
0.41753309441269426;0.13837576409370933;0.7635778689506454
0.6904767438507233;0.43653918107508993;0.11179255004762556
0.6725956127709116;0.8189855951583802;0.7822522288944748
0.12325722304085018;0.14885746757420126;0.8963436197189366
0.8301142909721834;0.38769241362548024;0.47610205037962217
0.9583900165910861;0.7475612428929992;0.46674043708152546
0.8551125470148553;0.9715770451741483;0.1443042068794148
0.07502536970005502;0.07367131129101423;0.485754731369055
0.6982976960246526;0.2562502211823723;0.9643174733507829
0.2645516262461761;0.8106408851608548;0.5393884213879019
0.25757424576410215;0.3503274418228278;0.9285486591360724
0.5797964064069046;0.9996598606963748;0.13560310665133968
0.036236562571821174;0.5699016429349272;0.6636300688757295
0.9227824871075047;0.2178883005336324;0.1552272200180218
0.48535766893675025;0.45547435427980776;0.11321914869713523
0.5422532307255056;0.7171924140812626;0.06789542440481833
0.9562442006753965;0.22320893315878432;0.5227769416881994
0.034542632143539476;0.3800560251726691;0.622208565525971
0.7182774827424696;0.16951890375277834;0.8883546313393553
0.5035976971284692;0.30088692825328023;0.034288015428980634
0.09462107349592608;0.7154809559823277;0.8548463309792165
0.4686406715162411;0.8385309027797792;0.650593469289236
0.18310692144450547;0.47399880948250295;0.2750734094172709
0.6545082467684662;0.45224797131153693;0.6607572715363298
0.6976648475794021;0.9752959342025462;0.9951099753854339
0.4578523690368561;0.7572812457280489;0.6763724886465771
0.31332416048844536;0.79116816821404;0.38060181140714067
0.4666315220524002;0.5380383659899327;0.7378519209004033
0.39785902117005023;0.5762236753394196;0.9298907964263714
0.5302109450027496;0.27290221858119035;0.45233337672342366
0.5014059789957623;0.7061392850130211;0.09479891550685737
0.5523896834590852;0.45196473952823524;0.14794959927311413
0.6399597540400298;0.31982961638176954;0.1478534650975557
0.8008957342089056;0.7205275048264113;0.23259564396606536
0.3882211837440621;0.4589091805665566;0.6104441342419112
0.030944633810293887;0.21179321879087765;0.6459495822595118
0.31183903980026806;0.9180658282165782;0.23744962214140186
0.34981401958752945;0.5527492520921226;0.40048552515176494
0.6072426149367111;0.6591761117142154;0.20654737123340816
0.8854713241034843;0.14989909731649909;0.811590625485086
0.9450303274255389;0.3903032984548157;0.9976116301090897
0.36927486259280806;0.33784560828551646;0.11016834958773469
0.6372274195930684;0.7983825234420088;0.09561322344015422
0.9263658554099015;0.03370444115391258;0.5622843771311031
0.5285490415170012;0.886430715264011;0.6078110794046098
0.6454677421961713;0.4500678382928305;0.7627470602721468
0.056631176008517636;0.6012634303715371;0.795471045829669
0.243050269550951;0.08180459973699294;0.649140980739782
0.7703452466621555;0.03463655810122235;0.9854607911094202
0.3762107289689576;0.5859999509632614;0.09908138946964185
0.49349937428007173;0.529986796031732;0.1240661045093725
0.4782478851070139;0.733293574924488;0.09449105097086419
0.7666022625227561;0.12845884751638814;0.854401416365285
0.7375554738592263;0.4484885847173725;0.9935443041459457
0.6747360278315004;0.030736826613908086;0.5667319040809231
0.35035016597229196;0.48284019356413943;0.9990176656399697
0.21152066312435858;0.21474921102419875;0.5254227152124993
0.683236129422815;0.605944969262076;0.7781577931028675
0.740843744539335;0.23968230091450649;0.9972991305143192
0.6211258827305189;0.7357833341782153;0.3410519107705916
0.952289279347479;0.6391857343413216;0.6750466593049805
0.6843582073881429;0.8333518072698537;0.4213564324811806
0.27379551508050237;0.5132707497700997;0.1534521166508317
0.32162316990525586;0.6990887523304758;0.2656600684062447
0.01654136039141607;0.5069989649678027;0.0314824861238745
0.1414995782220485;0.5748322115914146;0.8159787962225323
0.0984425518278137;0.3616820885771257;0.6856327443085288
0.6684072524117964;0.11736573632184388;0.16376544355962164
0.24207369914260735;0.5128847302034829;0.5504370806633364
0.35595613687532823;0.033661924377060726;0.6157188573814008
0.964102556573142;0.3989537651947559;0.7192246517586561
0.7405197885855485;0.32730137861555564;0.9665389146784872
0.02381577458343387;0.14793825127006188;0.5685031499972218
0.483336662733747;0.5285511068691219;0.16204156489530952
0.01956385010136552;0.3077714789858471;0.0826319995416348
0.8051849056318696;0.09018555368599446;0.96311828885459
0.5837123726805187;0.8213768403767421;0.8861483949245549
0.6069785698601361;0.5106508753733229;0.9151696448563491
0.2473063657600606;0.1345412411784842;0.7300463865523324
0.6902076757009564;0.898468254030261;0.34687133240798473
0.16067218904520886;0.4247742367991273;0.9803825632720439
0.5249345035827644;0.4581324689342552;0.856420645993766
0.16415582011259666;0.24162288838621404;0.3473280565299329
0.3025149334523639;0.5941935411116273;0.36355019195880023
0.8922221973207555;0.46574780204758626;0.41484301849755834
0.11700079525889695;0.05000139104134671;0.35337749461339374
0.6928491161136694;0.476384138197702;0.25933487363096885
0.24696613349604413;0.9388074782821564;0.8124334884952809
0.842217531268966;0.20195140006564738;0.27227809401680025
0.7914623443886191;0.3855072693620867;0.41677513774732056
0.6625689938202542;0.17056890140719527;0.43288043319026925
0.2446810632229216;0.823446750698444;0.17711271887348456
0.7440714001925197;0.27069517267671295;0.725738896558381
0.1966354744974701;0.41674943577362444;0.5326505354840618
0.6386983742465159;0.1367447500797806;0.3317887235304048
0.1383552386286082;0.14502059378186127;0.5098917287822626
0.8872423575815985;0.9675318891387624;0.8615508939124576
0.9090265121097363;0.5926285173832962;0.3525016605994229
0.7073307339396758;0.769088236281599;0.5970897588922347
0.24495112886641146;0.9615117018973813;0.10254547566897565
0.5036042085077957;0.8231643798274209;0.2668893166680496
0.7539637273582779;0.5304150463738061;0.9812348645039745
0.6594958224528218;0.802386477328846;0.6303539623895316
0.45506294061959573;0.03156028385545295;0.6210875964924106
0.9896040576562243;0.8152249289584492;0.5367702135625311
0.8128175642079395;0.4180104929552769;0.482028626183467
0.21248791860214;0.05040414317185171;0.3137818678835418
0.8691715425788075;0.9460017931996695;0.10995387666296219
0.44948665947315636;0.4207752446738776;0.1864032448695062
0.9294958630423799;0.5955377177592562;0.7316128673079197
0.3083790822254602;0.9106731893486588;0.018752710080054857
0.5856900197664463;0.285000633349657;0.1423337717038342
0.3253181094824561;0.7892607053486332;0.3381397854777828
0.5240196895432874;0.5793968699476099;0.9556303886998652
0.14679733794207162;0.6505254894690239;0.685901782587029
0.6442523079392758;0.792423150668789;0.23736616485950124
0.9138975282909577;0.8700481025931464;0.05397957432999312
0.9644276186565033;0.3708152939704359;0.47991520953943356
0.46382161897043317;0.019931714100401732;0.3950640968110929
0.36547639218295613;0.2247771456797757;0.21632245006277828
0.12525123475028366;0.7148752058222786;0.6154282069660472
0.6361218142330428;0.1863238400384084;0.48045074621498596
0.11599286470466252;0.5362622169857275;0.4538865890905933
0.7043957933940367;0.49371987688461916;0.40899751160132947
0.388379419899909;0.8222159751053647;0.2789804804329712
0.5425947271015896;0.13300218182928225;0.09249102818500798
0.2758766391919055;0.6243446118447701;0.6819348801156184
0.34720399366750665;0.5725231340876477;0.3653664729668702
0.21282083831181253;0.3336537800588214;0.5817658380724458
0.9051465724968905;0.4386803322895305;0.7744047322085233
0.2706122960162175;0.8193116800192078;0.09156505881344179
0.30246840562868016;0.9398846187630426;0.7889300939868945
0.4880625939611809;0.6797313642957477;0.667798279043386
0.1903523668359639;0.002162331139774376;0.8990514745404101
0.0778228863100342;0.5893080388024561;0.6406224006382837
0.19668442437020084;0.9226964545683938;0.9034646145316002
0.7677093572390066;0.4463149287804242;0.682951113826259
0.9392797751557097;0.8205119253305676;0.825023716017549
0.7763510040331116;0.8752376164454604;0.6400506230143433
0.30102366032233574;0.5995672415818103;0.8601178112546245
0.3129981911330165;0.3899198610407232;0.7626550055633995
0.8410016408980611;0.6947156557237272;0.03817447798435836
0.36480543112844843;0.9625139574473982;0.08134421356346544
0.8186237905251242;0.16569680331017633;0.8888637711088216
0.6732005102957396;0.2970844476566584;0.22737241486947224
0.6270864003196173;0.31407113512517093;0.5916151657773984
0.44201119710327197;0.7918171490201229;0.2508978887178577
0.07099364966806121;0.24937071658876186;0.5219328020621853
0.7998590366194052;0.3099753325413569;0.724822180434482
0.06312966000237663;0.6320359770086633;0.6253700723131624
0.4317927919097596;0.2997517887455231;0.6543695308312433
0.40008424639972706;0.37541044825373293;0.9475353070200442
0.6082604084744397;0.3512366094228887;0.6666116101372563
0.7393026017406491;0.11844969513198111;0.017089608036575665
0.8478806503389172;0.15590167795880483;0.9222731901584531
0.9312745224790729;0.2682155228481006;0.9239251921601369
0.6311559356097671;0.02954899546642109;0.21211575556332296
0.29170946996411273;0.6353475650484395;0.9156450358271758
0.22086149845136005;0.7111567168827546;0.7827926162778227
0.347155436183302;0.3167079562519013;0.9358214942983147
0.0649503852935639;0.6088754217568364;0.18222028359464448
0.9017026900452617;0.7427092398736861;0.09480529436839613
0.034251960489931066;0.12180543242433273;0.7029861832807432
0.356472832566199;0.6561490172837317;0.8591974794004194
0.18570149345071452;0.15000141334093786;0.5520144539366835
0.6256913514611482;0.6758442140246919;0.1423965993457692
0.3912817659151432;0.43540496419938357;0.9861693923689869
0.4883802207501007;0.8487678330116001;0.7630030445416146
0.5513043261083505;0.0648093795865291;0.7493362069463224
0.5214759811183812;0.5158106644249283;0.20304982387201986
0.030489485555357798;0.587992443325844;0.6223357924857685
0.9920683278286521;0.6795501175557442;0.43646709337313305
0.7384066845883686;0.7006276512740595;0.727839779316838
0.35478811344314487;0.16991417042257084;0.6323046232475593
0.8932966977842556;0.9535092381145363;0.972984406705263
0.09722003571930282;0.07578507663790546;0.7964209640192887
0.07073029419814969;0.650343663730481;0.6291693301311053
0.6703696936146892;0.5693558685739486;0.43804338504580975
0.9530566294051267;0.006328400886956742;0.6233699793669164
0.7751517254801294;0.04915247962931524;0.09157574538309576
0.4519810112445064;0.7544864233404829;0.41214976218360466
0.7015482003949782;0.8952695766584927;0.4245012100026204
0.8452945660788465;0.7331010345684942;0.3003048916469099
0.9757720353573996;0.6579132544861575;0.6791668234391603
0.5316257307486862;0.858977214321856;0.9401301645653347
0.48870452227630923;0.6149850347279101;0.3958576845122982
0.2009745624336844;0.7001971482908015;0.0028984376759911834
0.97973814445308;0.28786281987251894;0.8875207004864438
0.48716149156903443;0.26013525705749296;0.9501252710572476
0.8336767240935905;0.8252760371120883;0.03742106084634289
0.5469282465927846;0.5795201157402831;0.4352816038719739
0.2142426971231567;0.23715909899165555;0.8278981583653808
0.9881684581633174;0.8074597983226955;0.4057507652167609
0.21228354459462973;0.7396622991861587;0.7539880083386302
0.8102914337478351;0.8182067600060038;0.5736445735749115
0.6302962425534652;0.7995013174980252;0.7298239691779483
0.6819399236458746;0.5498741698701343;0.8890852801148231
0.8868712624008138;0.8355837574573122;0.045850347961434945
0.3718958133545718;0.7798945183698053;0.32691946985037224
0.25742777638695735;0.36012622819047524;0.6477625636066938
0.4179186835420552;0.8171576757305795;0.09325925839810445
0.5348476100341825;0.07172105053366573;0.038386144030666425
0.031376041733795934;0.066324850127216;0.16844320901784893
0.14518932873452428;0.8343071583304458;0.5870958782071566
0.9273289436855553;0.6214479073028331;0.1875126974402277
0.5431510569374328;0.07094711215865002;0.8979698051267087
0.3855634598212637;0.9416033778147539;0.2812484956235882
0.7999011791320452;0.305964810326288;0.0042248621625035065
0.034082409957926996;0.3789803225993259;0.3281398263925721
0.2708920239074699;0.7435714557714748;0.8319568544916593
0.34109643823386404;0.7428280430876003;0.35018310238510375
0.7867385908846377;0.651192552775502;0.7254603963680345
0.9786101738389681;0.33239249249898495;0.6596331250309011
0.9253747803302416;0.6964760949269818;0.3231375423926006
0.17108059542558995;0.6618862020126008;0.6293179168028037
0.69729488952782;0.2738687095843262;0.42579327843751325
0.24469636527195926;0.997958517311005;0.9419674537836675
0.3570573674919084;0.49291762075753676;0.48120018748601345
0.4980351427084083;0.4011146953534296;0.49532088029375554
0.31855003308721663;0.7867796097645209;0.4958687837674117
0.4042692787399522;0.33924451596412275;0.09426536289322218
0.7649381590846897;0.5910399948155142;0.21386636290116068
0.860506209911322;0.10111122943407125;0.980756093536114
0.656353834804581;0.9712348633953746;0.9824067811917674
0.7553580427714758;0.9932192740232803;0.5520603946185668
0.9578605008572315;0.2891947343288792;0.2807728500857424
0.11393630083129058;0.02880725752315827;0.3766039697165011
0.11785914525061014;0.8462505847535475;0.25656195213859967
0.5613478023415807;0.30385402064247247;0.44051573050685466
0.30263193267595334;0.943973552563496;0.9621464574903862
0.4917611790062072;0.908482687366843;0.35632756596829784
0.8972821755745499;0.1577097533943801;0.08078848610465661
0.9599886323895613;0.1331920585299491;0.20513247793566303
0.4038941552332054;0.41825093946659575;0.8924907856032074
0.2244385731706775;0.18252445792598304;0.056811317930013816
0.4509611140360179;0.053947055723790216;0.5548729926846853
0.8001104240645882;0.9803546174937162;0.35323988912371507
0.7713933451517114;0.2622934430915287;0.0134719335245308
0.13251622132146468;0.6802940508997491;0.5459540814784323
0.6673483098353116;0.4787206641529491;0.35346812779934844
0.24164176821615857;0.2801793795483265;0.23269057626955525
0.2961426686397495;0.6097866715876127;0.7965839234572647
0.7979012657087969;0.1727709191226724;0.8678359239883867
0.4748797779428209;0.023509588967222217;0.5165660284114614
0.04386689276877831;0.9800529244934161;0.5328540866883886
0.2903320793085269;0.7795103407561873;0.5550127851605166
0.268439204975519;0.3462574194224427;0.273286717108871
0.49669458559529456;0.33936841874391277;0.5811009155098437
0.9714458861776485;0.4289441494991987;0.18260584118666146
0.23126481226501627;0.2689771654258005;0.48158226768696966
0.5552986355186559;0.03156478803886431;0.7116090059524116
0.8828388889797311;0.5168956814346002;0.7365290872089508
0.035145034856778556;0.8147518443863714;0.09373080598516392
0.27563994171671136;0.9924430588704383;0.41216930764803805
0.2680350609655384;0.24014994963429037;0.5618651384783278
0.32428163968908763;0.013333382238004954;0.9855369530907215
0.11259157832479738;0.26291142523630184;0.8327401556903147
0.019406794905585723;0.8831851301413003;0.09411545022108236
0.4958027738852656;0.615300778810332;0.2651881545369962
0.433473980186757;0.315019696253527;0.6508839131442999
0.36308960530753653;0.3409303580111285;0.9667297443540551
0.6896802471109899;0.695978258705493;0.7081077423171862
0.30886657950240626;0.3939282825309093;0.4445050673093298
0.07069616761417108;0.9614621527795646;0.9302426463682766
0.2701121226586527;0.10551493036200521;0.2043922208218264
0.34551064761091277;0.2141017928785699;0.6944517790716167
0.4635919552478407;0.011256928881085648;0.3997164539440483
0.9384210398798047;0.8299465330544051;0.9056979595436108
0.39819969996474336;0.6790507141227066;0.7991458509312407
0.6601546005930333;0.4412752549079557;0.5169268639065359
0.6308192585318314;0.3145878154082208;0.7985220914693215
0.988068296261939;0.2278072728617383;0.8704769664360432
0.9384599688819123;0.36720237322199334;0.18166059247704724
0.3834561467006955;0.10339619393897259;0.3278762137911596
0.6020082217121041;0.16049199305882922;0.7582246983047826
0.570940105986649;0.7366359863147484;0.5351741956803864
0.9264027697050028;0.8768410201558724;0.6748574059152058
0.30002651783981427;0.7358303558419536;0.5970140217746851
0.6909587202153723;0.049973242327586154;0.11338159623391053
0.0931171698270471;0.019974870304272585;0.5136012017895294
0.48152977455182067;0.9817411748676633;0.7264414452118177
0.8632575589127741;0.8086037484323958;0.3575830398591546
0.08024631337221277;0.5198067438247884;0.6560436735128161
0.013674946959145617;0.6510797303913922;0.23954498018682158
0.5345310081631773;0.2689018978244475;0.8540824052839351
0.11745640455013484;0.9470097631524669;0.9265166039517143
0.4959992195510665;0.35644191384775314;0.48766127690988303
0.3911956721721239;0.842855563041167;0.37398123399837135
0.719567380582759;0.6262467929483203;0.6222650656250468
0.7742354019683481;0.5606363278677307;0.4395977177351459
0.662635387326802;0.5517882724301307;0.0678890795110858
0.21621048164434542;0.4689656121720893;0.11364096841231008
0.46775536121354555;0.6755259622027721;0.7536791569173814
0.5164582801221896;0.5489218331213443;0.6001807843300928
0.23049796612647322;0.43834126851392463;0.10811104982155118
0.20270491512989253;0.37200104452014615;0.859579926778757
0.26723297202299534;0.7074683760184333;0.4894005264828428
0.3402324692693589;0.040928491290659896;0.5786306894845396
0.8537653424103495;0.45632436856302727;0.10205034131494417
0.7188839860506278;0.6695827588554862;0.9316055835179259
0.22318218220575192;0.016485835675430938;0.4653481913738773
0.493627901093766;0.8301341087995135;0.9576942909322081
0.5526381368913573;0.05500055446175833;0.1839885237487241
0.9005226474013173;0.2535334096273736;0.30190434154106105
0.31713798639999913;0.011811025255112573;0.43674840596370823
0.9030751510379152;0.17556754976885924;0.49409372096186555
0.0700472385811004;0.41687355763716427;0.3645931280798539
0.7496831425080459;0.5614153589317514;0.12649368862697685
0.20730140693313792;0.2028220546929057;0.7750409834202336
0.5734611471789324;0.7449016206347497;0.8920062617648252
0.5689865618468136;0.33071628505738193;0.7711525748145117
0.3052851624854507;0.29996066849179226;0.698610498411701
0.020749203162692575;0.7629965451515215;0.23341802321178196
0.8682886074418442;0.4866929416340614;0.9452341888828881
0.813317250071105;0.7905806750210422;0.029884167976747866
0.7101949887952947;0.3818907073003447;0.4671527674094863
0.48472121867512963;0.11000852241093206;0.9500807814191111
0.7740209081712602;0.12087834807015918;0.9638084380055388
0.42105980467062787;0.009196084703781637;0.11071540892640264
0.5700032784581238;0.6078051186286779;0.8820713411779748
0.9781533341561268;0.3427395662156987;0.4324440605398371
0.09989303669500083;0.8452349608887292;0.09192665811366663
0.9778029500752493;0.6068748104056062;0.9449983279980994
0.3007707785170126;0.23495822722512638;0.24131425702725828
0.8615369700917304;0.3547702362476748;0.906417019343822
0.5287616712282331;0.19944921193192156;0.09093286623521912
0.08742780946608597;0.0863426497285581;0.11951791528713807
0.3627357950942769;0.19352205975053538;0.33687706637473336
0.7401405317064429;0.350788676976743;0.025134635521206983
0.893044392155541;0.17714020028580124;0.7694037740262196
0.1525177521315888;0.0003301493294135538;0.019898528633582324
0.9712287945811787;0.5345496655469417;0.2733332643029822
0.5782454059654085;0.3262647469169593;0.24773481913234396
0.6387500953405548;0.9492265347793801;0.2137428133406194
0.8884368645178051;0.7098458536802933;0.25294873267442797
0.22897410148373043;0.12762215383205744;0.34317656369752014
0.5970192469078833;0.6070856426186934;0.7896272301999484
0.4352434116692525;0.8325323678639909;0.006928336791577894
0.28727635888080816;0.766305832583896;0.4162452889590569
0.7863564985880178;0.8137509821263936;0.2380315775189148
0.4935984471066598;0.9768994442735313;0.6479293345068752
0.18435335942220143;0.11139140406447778;0.5778428262997303
0.9449724163951407;0.964561937984305;0.7323906886329496
0.9211808024822403;0.652084923102521;0.7597182488409623
0.5306844721947341;0.03958554118649171;0.07274514511909336
0.45356345087884054;0.11741749538162582;0.6928045840868167
0.9387670723822936;0.1674392885029906;0.886724969511927
0.011230702086713618;0.4154628235072868;0.8354353146782219
0.8465945936660716;0.9642443259585941;0.035104247908247066
0.044087278949404674;0.4454097137547034;0.8479539040406997
0.5706462913356345;0.8373445284291882;0.935026742814644
0.5130446295571212;0.9521721021200531;0.3208830598815344
0.5406311021914028;0.44735775889421237;0.7392165571537845
0.8552487362705763;0.73139885936181;0.031401826962262125
0.626805558874078;0.8727613085887901;0.533826799773441
0.1397360563749832;0.3158551995894002;0.9628606351354138
0.501607413021153;0.17635478117228054;0.8932903598174282
0.5210183586809324;0.6171453909078073;0.3566546058381156
0.6779690860772776;0.14412242698940414;0.8603852593114681
0.6564835042110966;0.23642944972129643;0.1218681991819992
0.023237919594682466;0.23139595195012863;0.40682083861693885
0.2825611421354225;0.35049367108144025;0.6653685092740758
0.4520739605752979;0.13963829014180795;0.16124671856612194
0.5614257493751951;0.17628845627629774;0.4292676112234619
0.6536873360834616;0.8820246368449705;0.12831022102057799
0.5636567786540347;0.9460674779556638;0.8616323595386819
0.3950655383969637;0.010295478158951377;0.09632513169627
0.155206216263017;0.30284429776342725;0.5222476218579535
0.7344970811935592;0.9861599738325004;0.38936694143879325
0.05796433119555244;0.5232727311512608;0.4056834017348625
0.01705555538736825;0.6310834238993703;0.3375435988498232
0.678296643969869;0.4957820175188019;0.2237468323598799
0.6738052020932802;0.32643091907436905;0.21355410190393498
0.9209769934847644;0.31296585084987893;0.6046263755349751
0.8446306330584817;0.9848694468122552;0.6781095747737498
0.936235486003708;0.08168102419487511;0.9078492340710141
0.10559280448854935;0.06681954299905557;0.31614649065371325
0.6751315847156022;0.2758562122618581;0.3740097183795562
0.677060829705389;0.6088199844189964;0.6183924740924812
0.12317123432976795;0.45957725876320554;0.16561833956312233
0.6487649440383025;0.2778823060373343;0.4425789953594471
0.5503437107178382;0.4671214925220314;0.6871976703910182
0.9782570673313697;0.7848573886900648;0.48642856597192174
0.8418624896418018;0.6664201212938566;0.6651960584178651
0.40562190686983435;0.7069481018031735;0.3378861221409102
0.530312562382689;0.08749850950516147;0.03024011846992669
0.3718589278069008;0.8557369386741086;0.9417728029890426
0.6856539772410503;0.6947290332663233;0.9633436254262825
0.05585241841235988;0.259837118604604;0.109229456007923
0.8835908929761792;0.9536521317390136;0.5498480403500376
0.2821682501866115;0.1614471976127284;0.7994631368760986
0.9587771917753436;0.2386510395753747;0.567432369297902
0.5702671768522376;0.592413366686247;0.08446424453334533
0.4700929247989625;0.8857699607619854;0.3491111224322109
0.7253456963063064;0.7745139470336347;0.3894159919988518
0.17910721910191785;0.8905578099049442;0.18050858683207893
0.8245297299327893;0.44521995740030496;0.6280938180031681
0.07565949026481456;0.9639111021928695;0.7194947290817256
0.4823265407598657;0.5018349066314138;0.5732193365852187
0.39373704472286086;0.3973900299844556;0.4970166287094262
0.27593625273971256;0.15708548983564263;0.4154676102761071
0.8245974817375339;0.14604542599371229;0.07918054198198443
0.8556915870523066;0.10344994592708656;0.877696496079263
0.969560443205114;0.7687167129522108;0.34445645363535815
0.12377843048146353;0.40076820165601;0.4518364488616945
0.44209500333658225;0.6001706087558311;0.752596570710245
0.5548787746730741;0.9632232429705041;0.328456339839151
0.8292576013294474;0.21144606390119292;0.3387513325796129
0.4129616077901348;0.3934130225992939;0.4334028171009848
0.8237732878071787;0.9461557224561578;0.9264570861571093
0.2422256093794256;0.6267168033983186;0.19171274722771015
0.11109951835950582;0.4467326385025123;0.9904442814734293
0.14288770266980966;0.38443799036715376;0.0266745423094239
0.9881322325507084;0.9996055388408783;0.7302591714690908
0.8860201397654618;0.2300064340338397;0.2467550610006275
0.11380577289273353;0.7699195360031083;0.6117918807194882
0.10795252366630292;0.5962108581123245;0.6504163752154151
0.11080700262362908;0.958244805681532;0.4783371807119724
0.3634835225837193;0.08057630589586218;0.06141791779993133
0.6951506437311082;0.468401461014877;0.25655005671276043
0.9200609721732679;0.8622730709951739;0.4202116280518433
0.933593140103967;0.5013458212675781;0.23330868816256078
0.7132448807894767;0.9431153296734313;0.05573133313358547
0.6271090598299575;0.42271046644202215;0.15279070865169941
0.11554493255945597;0.932164990593682;0.6912952899998303
0.21044393360490032;0.6941973113377963;0.9400162564855258
0.2715508974942812;0.765918005651031;0.7082976246535787
0.02562592833774291;0.6729585521493812;0.06989099065435234
0.13638642922766198;0.3075312344746214;0.26918557406833643
0.7180173669866587;0.5001850306872274;0.595749394306498
0.9219720773466034;0.8916268229418102;0.9757224054505189
0.477856666400155;0.3622532454840306;0.9596801236784133
0.3026839136792502;0.6997957260870546;0.34594434048937694
0.2488705059593257;0.3241313831530319;0.45258229249881976
0.1271796999046575;0.7820883917994612;0.7852111782050459
0.3615127915292893;0.558591872884726;0.3605104854731751
0.9634037505554324;0.3937457187928233;0.5641794064641419
0.06211013792336173;0.31773742035053787;0.6530057141802598
0.18910631770702568;0.9002588939203179;0.9913750914667323
0.20871797153847182;0.020828275900028226;0.16930855435319947
0.4297571268439878;0.7682219784441265;0.9742005135369193
0.13440074815038938;0.2010663170305762;0.6700332622041457
0.5508493811277706;0.9583090696414304;0.21912092473242661
0.5483526162159136;0.6091286296706463;0.06286993411613773
0.7956170740737727;0.027854856527766203;0.40814715380879807
0.4175177376900219;0.17643295528828518;0.04479477747157701
0.5300831381507062;0.6752909791966565;0.15585241431917318
0.8789696860069152;0.7113214025685731;0.9102093615345275
0.8589348511340211;0.28520296380076526;0.8211548735705866
0.7379460865581433;0.006191300105246933;0.8075364453330411
0.7445768361917852;0.8155913020571998;0.6214989183885399
0.663518282882441;0.842271982209048;0.5949231038181391
0.41294325861976666;0.3767009945005778;0.7244130762943037
0.6084560255992071;0.46631745953585324;0.0923338147682754
0.7292627648623617;0.36836037323628745;0.8985645589744602
0.6087153671965956;0.9790693023337418;0.5851141762615424
0.6513278129750756;0.4652041802933543;0.06081662302204094
0.8891261123955346;0.029413785933481318;0.7073334886134488
0.1636258763410562;0.6955014933061963;0.12577103845329318
0.565953194999327;0.740163145218653;0.3444651698593154
0.2659576926553784;0.11238162562939669;0.4406431577907104
0.2708428637462865;0.8916410703659347;0.9709809797565007
0.4511526070077462;0.7233369702460649;0.01304942159589706
0.04114239843860101;0.9334968386731858;0.7197537732837274
0.42088558836054757;0.9182167573117203;0.4805124477673818
0.3735760573801036;0.2993662238737792;0.7204014364942507
0.5646285308295482;0.9810307971949372;0.4926460449795471
0.5919317828866675;0.32013392170359456;0.022398034619717677
0.9655145270962532;0.960998224737217;0.9205781559775648
0.4548393885219102;0.7915917287414116;0.3114480334072671
0.4675890391846713;0.256401265309258;0.42118798706084126
0.9710329088175792;0.06771935377886518;0.02470518330853122
0.5936936229861818;0.17686796035890273;0.7199222991441605
0.9971714130582044;0.7010830572519807;0.7437832337976865
0.2610708912987877;0.5304662420408551;0.8983500415717056
0.557258004673157;0.07934727439406986;0.4322740218577411
0.743837903820663;0.595150430778;0.1581545339365985
0.6502726533966581;0.6635104926941555;0.9311069218694497
0.42466420776203273;0.23891430471823705;0.015382986126714515
0.5232956127307634;0.4042725508042083;0.4649245366345234
0.6464450437472655;0.6532501194518138;0.9658027901980593
0.01204146706451259;0.07976482258146178;0.897447153730773
0.3229597876950624;0.6723981325644367;0.9634436099015417
0.8053045928507294;0.5160031183620097;0.7741709334658382
0.2164668269150155;0.8206340691140299;0.7294119271092243
0.18752564221278412;0.8148720867219051;0.36423932813105975
0.1778096438722011;0.20649189371916443;0.22310839270149185
0.6573620828785723;0.7433293516610198;0.5031214039820869
0.5286896223478931;0.7366572326200199;0.44639251922985923
0.2743678764767521;0.9730443104092196;0.36870209316653557
0.41085746662961786;0.2928397148730706;0.900204022438998
0.683569261352417;0.7693347215674139;0.48557428236921096
0.7228688780630858;0.9783467166950816;0.8935982482796403
0.7207961448793823;0.46935810201221184;0.544407784722357
0.4148826741344187;0.6793576959055659;0.7233997791812937
0.7343681640722909;0.8529303058591116;0.15305099813662015
0.7882194578528138;0.1368980685877721;0.3254289631784745
0.04689987324374578;0.5834575840482985;0.7377796889633538
0.07028199310393268;0.999189237543723;0.5518165726007628
0.5937522946780425;0.5756240710687861;0.04896880674073012
0.5050332726310902;0.023426708450055567;0.1574442303600666
0.8383128589098654;0.4376963622537947;0.17454767496268087
0.3567161799089036;0.19280251094342982;0.48209261836670836
0.15457087904784061;0.21442028916625766;0.22750808738906803
0.9051858102776383;0.9726663888129123;0.141334751594696
0.6083065977507055;0.4515632721042514;0.7228708278508208
0.011672081692365333;0.5377399469334871;0.2631442036304409
0.29251901351165865;0.15649162787010307;0.518993981458152
0.10688345062229676;0.8227691446993072;0.6841699214161582
0.22038152403003275;0.7648245431009385;0.9858331702612344
0.003528228286920454;0.024994493274506757;0.31596208255424474
0.8971068990151619;0.4888237607624618;0.3429977042379386
0.3031586748528806;0.8778636922594723;0.33758262320942256
0.2114761899735753;0.807718215481923;0.8916253495800691
0.14379358990911084;0.11249303818910028;0.23252577848987954
0.18565267197821944;0.6108450119898158;0.357710270481126
0.08879241952862493;0.3702316841748007;0.0841986701180597
0.589978864726723;0.5176415447394026;0.3861782571535719
0.21947459894509302;0.1440934434978115;0.32706393880147333
0.7886776199438269;0.8941200415517225;0.10570219691861149
0.7192368895393614;0.7683216439100182;0.6656465959155881
0.6594567526852081;0.7359488668341645;0.2911847499741267
0.9262477423744627;0.3549566830880472;0.3386734870664595
0.3340666852913753;0.3413088575501664;0.19156084003919338
0.9703568602056513;0.49390569200594414;0.4657924709335709
0.9388597015421964;0.5296543498464373;0.8329995332425845
0.9144164798136759;0.42282551799140966;0.621962704375264
0.40692268009338495;0.9135505337106187;0.06765673249712822
0.6604912076688102;0.6567469248172344;0.6951583265026342
0.5574591403007259;0.8974758697466539;0.19953645277012966
0.7790598983283868;0.08786743070234282;0.48630484823677256
0.29869005239538104;0.537150438798849;0.6147882125908509
0.6221803636640766;0.24291022631840942;0.15642337251017124
0.9184889667702197;0.2659174544808346;0.9713424282449222
0.15754541663498656;0.6316462713069277;0.26812625347134544
0.6196423839938464;0.5543751675078924;0.9729198522030096
0.008060599578333383;0.5595374567726794;0.48853687871526175
0.48200824803064335;0.3479755966149122;0.7159741552817226
0.2645083949378493;0.09157529453271118;0.9599895656371095
0.3485963331352757;0.7024692268341396;0.19407420747138648
0.968994743611763;0.7391828639287115;0.943413438516026
0.3582343393370666;0.897141255572995;0.9321370213728392
0.005487852111297764;0.669428368919456;0.6425755771775837
0.01026138284734357;0.7802632727299167;0.8991501276798072
0.033587012883470324;0.24123728600919891;0.8016162854834932
0.06866089888549243;0.8227797706801699;0.265095835602863
0.8174447838462937;0.11447098655427668;0.7662197285449032
0.7630773443753132;0.6256035235359548;0.8621418272750295
0.579194074627493;0.8179113248387332;0.6435939251508107
0.8017802763763601;0.6154043757148725;0.8010461672318062
0.8406679484206738;0.6858781574239784;0.8479157276643048
0.99754321410009;0.13360842554841768;0.28575715951404734
0.26372117563729025;0.8627035500712321;0.2333697950466952
0.2511936213265238;0.36681795793306116;0.4011652972516351
0.8184255436085228;0.34197202213458233;0.4636817504163484
0.1785444538486497;0.2686667165202754;0.5219070691757802
0.5122606355422078;0.09619258528698882;0.9914251701419519
0.038242076647065915;0.02964785070066389;0.45228672605825915
0.6645862502099624;0.8004537300487188;0.1822383613977303
0.53345020605154;0.4835148821454611;0.8393942783724406
0.4323749987980303;0.38176913305578875;0.55064680782763
0.46797163758198834;0.3704709749467444;0.9159714522082674
0.7316643671945701;0.49160162462020995;0.003440853771943364
0.6563480634380874;0.4713280351835416;0.9292254574493302
0.05378811949020146;0.8052873408654769;0.6361326076634924
0.5885657948014733;0.037753893925883575;0.021139834289736092
0.5203382141406556;0.23549894293734708;0.9873267239073914
0.1379135321752175;0.35228241095214885;0.38213238062734656
0.08732839656253877;0.9172023241964877;0.8741479417656237
0.44661603942743267;0.38992473498874547;0.783804417592647
0.2224291839406184;0.3200880532363398;0.34288037997447673
0.7743453522233952;0.3721243059380521;0.0835677104161997
0.3822191329602288;0.44369497309302564;0.03828584909880772
0.8995999336520928;0.27660953426204704;0.504003624857219
0.6128562413878621;0.715629567402734;0.8293094473536974
0.7507517577530622;0.26692089862842716;0.26755444530049355
0.009459906810441954;0.8364684776157515;0.38455473862513057
0.48710009369034857;0.7592945287314338;0.6553550006021871
0.3055482656819831;0.7261124815561352;0.9110637382247063
0.13029481346897764;0.06069564067173938;0.6146891630967564
0.13503244689092886;0.4165055653242762;0.16331204745246775
0.4284442574587105;0.9171446376497188;0.8067380251291647
0.1638867467532309;0.7017385159579203;0.30606979949399205
0.12124775955492739;0.33499271244774687;0.9989024413429114
0.3267029473192753;0.6798993525487699;0.40346134170835657
0.2627564486599434;0.38739734244931523;0.026268713429130064
0.7375798555667574;0.09036802583713144;0.20904153143481352
0.1534751121906014;0.24904412441628887;0.40525151322805253
0.8658970574892235;0.40220961342961403;0.338602002046969
0.36517983116734454;0.4505188009424086;0.4835496619515304
0.6871105310164429;0.11760570915518453;0.1060852082154995
0.14896193607472907;0.4471265466105161;0.026376770873451028
0.9877564671878258;0.1523617269678137;0.027847790928120175
0.2656903383026652;0.8353322349332248;0.28762317508080193
0.7206688327161778;0.0433117906985826;0.4867165799672897
0.9135814906631817;0.9729660549774973;0.5618158748786529
0.9062885783666587;0.648387961746022;0.690340763285259
0.09992559149776514;0.8735595539509011;0.23431381507932858
0.8605709188846951;0.6579528550213676;0.7862334957801201
0.19362677773568315;0.5502364177369623;0.3759602187576393
0.22448108475035244;0.7791415858559906;0.07390875420713494
0.4010188811139128;0.8972579471528607;0.65411577460125
0.8940814563286565;0.05377013246114759;0.3164505374857062
0.24369744904644508;0.21693067203872018;0.9892563021460531
0.29533899232869665;0.5743080978664042;0.6682682409140691
0.3716114145602776;0.08559698504684599;0.3830321983550674
0.18224296539918927;0.9770041085778962;0.21928918994176916
0.1984648227952306;0.5720031945727796;0.46380191907328416
0.2148961973688187;0.8252019429856653;0.8915356704130926
0.5520485481817177;0.4185490500077236;0.5604437207197355
0.4413463046690962;0.7359259453693227;0.2937091092105
0.7707808500356852;0.9212125247465246;0.07799852460395018
0.24723550731182964;0.18985630599443581;0.08843921972251756
0.3469239991707135;0.24207674317416394;0.1394266813216709
0.056603250675786754;0.9150290300945648;0.21835065424449274
0.4006295068958048;0.43007717466643025;0.5048484542770417
0.7615467334465424;0.522832228851254;0.8292573583705072
0.3763334834381704;0.8400353971024422;0.9732792214284678
0.6754112486034333;0.45326485932546323;0.7875787502669328
0.3558004264734368;0.812806729696375;0.7570843313293475
0.6250019904462917;0.38533943892431;0.5279456072868459
0.83718067445632;0.7627282964769385;0.8093044276471713
0.43050056321589947;0.004681320793099131;0.5606163180622555
0.5995983876714227;0.557441812582652;0.8398920326509162
0.09455674647365764;0.20436929484394162;0.9302265581993749
0.0869445183044475;0.04248373578118991;0.8216821772905039
0.7451095975731322;0.8256917458165556;0.397907753622048
0.36846113763219746;0.7944464838945554;0.11192167895082628
0.12485743911274627;0.5023693388924528;0.31109645216488135
0.2620893888771;0.712416481634791;0.7375048716872928
0.219958543880584;0.5775250294036419;0.20543423841887987
0.3096761145000647;0.2292950380877713;0.7357343697132555
0.6450600999522422;0.5224759599466161;0.8174963232737779
0.4625851433297997;0.9680371257961172;0.6322602054945193
0.29990004786276436;0.5778461988524852;0.6402157333039785
0.6286280655230312;0.832551738409143;0.6031918764661781
0.7441929596099067;0.8489297823974977;0.4346211398913924
0.25198724058740873;0.5304530096950341;0.9009743242976942
0.692715932949277;0.04218431976427228;0.16395026789950273
0.6691113649165403;0.6955120423914978;0.10410964610838913
0.752616806420262;0.7737224381649881;0.11053030659380969
0.8076455181004392;0.46890253670401827;0.4880435305917534
0.6040900117817734;0.6359985337040973;0.2929053678935365
0.2640128447674729;0.9447418301501984;0.0050321511341315794
0.02833322941125649;0.05526479622571723;0.2432163017444705
0.7175393893666079;0.772092921780026;0.10176134646209378
0.8481201677342868;0.3068036693352243;0.5290236038381884
0.7703660057246302;0.5864023644857735;0.6610008763684011
0.6428496831853071;0.7505339536580874;0.9377513622468102
0.02374862439695946;0.12973574790462483;0.2528048656681342
0.27071335672417796;0.047910701627699614;0.5832743707386452
0.943354688279776;0.4874076079028199;0.6214662527648823
0.9023785142227059;0.48039968805506117;0.3462268098917962
0.41516747556549005;0.2968569939725173;0.002453886682973083
0.12440891812475019;0.5735104277196112;0.38772588321703383
0.8306055438142501;0.4293081891811166;0.11104531593036682
0.36967503777348754;0.8730538011636141;0.5979804699479664
0.5076911828173934;0.9489984249123093;0.5155892941207816
0.3740111188104185;0.4984389469544662;0.535001959213527
0.3867954460294736;0.19448187456594113;0.78911255170237
0.14953757490005604;0.1909088176248538;0.23379826525946523
0.7812560333133723;0.5834268398404829;0.9398301514305173
0.024465660033888614;0.5312926319697264;0.5733291229265994
0.04827929471983916;0.860876098570354;0.20480843176458052
0.35202863283759833;0.29733255242768375;0.2645581026145255
0.3973629007383952;0.8606944715954025;0.3141574397303851
0.1587483869637818;0.1518862472190714;0.17663248142364874
0.7953001756564309;0.4090929474420745;0.4454091683078182
0.37803506609727855;0.2197633732858646;0.82872028744546
0.840029756640276;0.8495681235308997;0.483922629148823
0.9037776306200174;0.5315251739623265;0.5232695778082087
0.561277454840928;0.317786969235614;0.4513546842455808
0.2779761939449179;0.36401988392816864;0.9257263261826838
0.42111109850766415;0.5621338555854817;0.8933811446671482
0.6605561242597426;0.34421496898349546;0.3891087051227089
0.0041490066651186375;0.13071109406279102;0.8062718416420581
0.641635372638049;0.7203414256352124;0.07808192481370657
0.5552949656276016;0.9228840660179303;0.008554103286365078
0.19721396477940945;0.040117167166228374;0.6668734622876905
0.5996049230728249;0.4555829697529672;0.6737888406842489
0.40467308209369734;0.35905019602416377;0.5167387113601742
0.6561333622695307;0.8300627289865778;0.791121158035342
0.9700665344594346;0.9847178344002155;0.39812985043978866
0.03736001277322276;0.11656220682295293;0.15616452628593858
0.10231010939117358;0.3991268186569936;0.6197024631605693
0.011385004904837626;0.8920439103831296;0.46151980498478173
0.9585226954988658;0.39371668853388586;0.49074131471860183
0.7801370392491705;0.7749032512975434;0.21107989072998679
0.5152022668348046;0.36922928679353406;0.9227897016332877
0.7400757992306277;0.3326716845023602;0.11081113229931017
0.11234580462499777;0.7277674320983838;0.9044496007492894
0.43502642182256934;0.27475398809950646;0.1630416322345597
0.6827748511467224;0.5228886279408034;0.9853160159081897
0.9768082962382311;0.6952203003751268;0.01862505848385676
0.7186995201380598;0.033387868663803166;0.5422013208214312
0.08404169967969377;0.6618108914596719;0.8080518531868521
0.7349293450629456;0.4282522516763442;0.5145127638258302
0.32369636421579395;0.8753026289602508;0.24964771684415554
0.8803265606105717;0.1205574768354657;0.3575660458445392
0.23565899177297855;0.16117380054746844;0.07515611763486196
0.38680633786635843;0.8481432979117982;0.5047924957652982
0.35688429949805256;0.6015708023146346;0.6434972346975094
0.009582192618115548;0.10980893623375032;0.3841480761268883
0.536211087686377;0.1664572453273312;0.8593544968411083
0.4401174644360183;0.14190446367224008;0.4210380562555135
0.7929675338409272;0.7006961385184788;0.3649364832884304
0.51712533445274;0.7619865650871384;0.8367389950806183
0.8224213348691604;0.37948963734969954;0.13983364627761397
0.5996054849200163;0.8288758480851081;0.12913611082691945
0.5045684783482979;0.30547309886620455;0.28564507548240137
0.5642296542312994;0.6040487334435086;0.9913311146855468
0.49668818361622113;0.18648167493031487;0.4604647153832513
0.7147037065968538;0.854351260685661;0.6543309912677144
0.2384760805128996;0.07398451162457953;0.11045961064403487
0.7858272065675413;0.5428056719944403;0.2955727958409846
0.07943044094349183;0.2668930071340003;0.5946123980866217
0.6511783282074858;0.69581210013916;0.6162021700780831
0.608558601788021;0.2853940580865272;0.6173197601251548
0.9462599860185702;0.45266635429103785;0.3330645100287075
0.5507654092529255;0.8252222105814346;0.7957897158532788
0.8873766343448789;0.2257008980941626;0.8680264331670694
0.3190074370075282;0.14504993729310312;0.32804075684528855
0.7688918206305254;0.5435286317730798;0.7530709090165003
0.7487442752115059;0.3188706358270692;0.17553140267352663
0.18678857862961928;0.12370801881554006;0.8619573618613818
0.0022133828802572975;0.8725141975115699;0.4751471600878344
0.3799736067839775;0.3918467926467515;0.8861243426920833
0.8986016799275989;0.5975375674223901;0.9088574695944348
0.011921483388755982;0.9386606829523637;0.25150609212167985
0.4083611802256283;0.8715308528586122;0.6371820449613939
0.3943084026989542;0.9690079702884704;0.05348797263421212
0.949582202005838;0.8369156658057638;0.24780363850886178
0.7788172640719475;0.7156636276402909;0.6727753545254821
0.2131368658466708;0.33187990998063066;0.1390102746606683
0.224611411388693;0.3268497234548826;0.6409177380165356
0.7188832042001759;0.9283891556552663;0.15471537062752416
0.8548648231022793;0.1724438278808038;0.9564180400059635
0.9690111680611105;0.4900578351442114;0.25586294366205564
0.7847720744870404;0.2587741495405962;0.0753729091502584
0.4656098997438749;0.5492832271807792;0.9678873495800989
0.5592284912999216;0.5069685802718105;0.30514625708222
0.9468903351042357;0.4068590600119284;0.8203456268551453
0.19186669067653084;0.964997704718015;0.5631516409682936
0.4372630303187166;0.010018295709297687;0.3194797291026713
0.528167023164283;0.3762872050720273;0.5095494975743312
0.24258199612409848;0.28806780276033717;0.9883054693498866
0.6260801685922935;0.9925271441908187;0.575483180384069
0.968366591936898;0.5741684591176045;0.7698642445153104
0.6967134537376393;0.3801867483200808;0.33579867856309964
0.8567482529466011;0.4710601097572834;0.9745069395698249
0.3732503788099131;0.6687847792130691;0.1615789378155319
0.8193013153508564;0.9876626333801237;0.7584443994048995
0.07971586323422175;0.9962529018298603;0.23016777441915204
0.200063738185557;0.8772151326915171;0.21418879865216867
0.10804231924386898;0.34707982830201967;0.3815623154467689
0.24024135731443852;0.852854249592869;0.14634592289999226
0.7512814645010353;0.795449096160181;0.12632661004965995
0.09206465580976164;0.22172711751374274;0.6659357621951562
0.1857061848484609;0.25543329283581906;0.3013891744478242
0.08291789608846512;0.5746245693310477;0.5289121708778509
0.8464780372554703;0.01580795316787853;0.028524907471533578
0.2916203835602792;0.5305967258673971;0.8306229382850275
0.23582910990344896;0.1983772872546694;0.4856674263663111
0.8893827733801437;0.8598600020627676;0.559511205794677
0.41661516577395974;0.12376801125293113;0.995083227355695
0.4831910488449027;0.3343094139887429;0.17179688578869834
0.9800128102554058;0.3753235124236508;0.06810300908966349
0.7287689681222886;0.24218231023341308;0.304061315448935
0.2057893711525609;0.20853071087974817;0.2763337395581119
0.38941722931392597;0.8173696948186848;0.03497847426340339
0.002513528130152487;0.33045681615092615;0.5677450787177748
0.6621021900283697;0.9657521052894723;0.7512949855808939
0.1410394662275427;0.802534578026361;0.6856099890211713
0.15135882961865044;0.8807760481653749;0.4165234529091235
0.20840411405815196;0.06651979469325575;0.10500200433622908
0.7136271278915888;0.37335905357978194;0.37044854004953787
0.35645179910050706;0.38026272635764224;0.7358548374523528
0.09232946452880997;0.24085394913364733;0.6571579273395814
0.1595573320495658;0.8381760217650444;0.841175066223798
0.2701919826098468;0.0840640780971541;0.12915909822141236
0.6029366725227169;0.16181856430065933;0.890533266305921
0.4299355621329194;0.02147899019496613;0.8224299807138712
0.3026271580482677;0.7001483923089745;0.8825173210303363
0.970068889956618;0.7550407504704097;0.0059989219937891525
0.2823133021986578;0.4880273485157378;0.6012206398290836
0.5026782830485711;0.2671822759283863;0.5711834243127828
0.25015959957771516;0.5645395313328265;0.27458470808239
0.08661212312083455;0.8785843559254204;0.07344311116948732
0.10645652204144584;0.31635169468255064;0.4324220993606085
0.5554960610788707;0.5938028519339531;0.6983559624329436
0.15739765966216235;0.31160463414536976;0.7883288016000829
0.07173177749166082;0.6763956260506586;0.3482170534778173
0.4560086857918806;0.9308464796007827;0.03566810961350875
0.939642051722563;0.0954009903466927;0.2559767740512693
0.548626730796106;0.6317580859009354;0.6183160575655814
0.08978143475586509;0.4656146159623282;0.30249609536547384
0.6296068439289442;0.9814119517168498;0.9552735813769574
0.4215682922168885;0.7410757548859782;0.5915503728919776
0.4637731197021394;0.3119922627470675;0.3666771888161683
0.4082679064364444;0.04448447043885517;0.5524549051044644
0.5511960863403006;0.9938755235583051;0.10815111248336029
0.20873973252203393;0.9332613342897436;0.36524004985916414
0.7389141023143453;0.5689125335965861;0.24628707837661323
0.23782091135677041;0.7824083802119586;0.9918494582128088
0.5455845239694854;0.7448627650394402;0.7629667450709057
0.39601103581383423;0.7490066903630646;0.81583473478244
0.8913735391388138;0.7115629718641363;0.23852542708504443
0.43863909820299873;0.17393049848884712;0.4186494498497817
0.09275423097948221;0.73906261526633;0.7362724846236671
0.24354114540219274;0.2685732650705187;0.6213823583140964
0.4862841469486503;0.921460583106548;0.14758198942064304
0.8175592413536823;0.44931873614903073;0.3428284269374384
0.6227800344305588;0.661081780118014;0.08561072987344054
0.0623216206202708;0.4218781007758894;0.8208204880652182
0.834043266865874;0.3899405668268322;0.4143876149047421
0.2981720522904;0.01169910889894521;0.7755596507338822
0.48282370912666994;0.6503601666831254;0.40950189672404214
0.6369379095158708;0.19790401352048237;0.8408631811035745
0.598646977602516;0.3369935601104297;0.014202144869985611
0.48917702887333747;0.5326557701873436;0.30795650416760223
0.2695353925090692;0.8501230941073616;0.6039532611690689
0.5042621021510956;0.4614777834350191;0.784063819147802
0.32321427994009;0.43501365450250773;0.2945345575351017
0.6446615108728316;0.8116602298402906;0.24616809411130314
0.24951378639461308;0.10761992703045797;0.9293028002242829
0.8302747923167465;0.544509371703286;0.2874061261505836
0.47235625144484206;0.04043626279793111;0.9592948882987496
0.19094088263468223;0.886862977862291;0.6957625112657054
0.23139183462425827;0.8235270632547762;0.2423995462316535
0.8566425406306599;0.02926983472814859;0.16109320016797746
0.44779976365426066;0.4435640293407358;0.9278808449318628
0.27103030388230065;0.050006476084740736;0.23509857381102306
0.934012564810983;0.48372875627780376;0.13216642288992564
0.48881636026610087;0.6550128907668189;0.5364454452440339
0.9091351584583475;0.38094516421657876;0.6676251337135714
0.9323074192543092;0.7086448315000359;0.6997822366706117
0.6063819471756301;0.8606850265156264;0.2902293888244116
0.35786317873590656;0.7432118494049406;0.10792252924908752
0.19439900569201507;0.9943141805316199;0.020234249100623103
0.7155929874066558;0.8793331454643464;0.6848770732502837
0.27386446399646514;0.5268946172965367;0.4377840814125604
0.5536982497638512;0.03424142568388666;0.8628544672774419
0.2669694568969143;0.9171502141772838;0.1739206700559831
0.02406888948508179;0.7691403101652211;0.2827890127509912
0.6796251536204608;0.3723158184037957;0.9012132479807134
0.9685304559571082;0.30475384872158306;0.5014220171532807
0.5939190064723676;0.23427869080193198;0.7926057896201006
0.2962531283875246;0.9172205349359012;0.5508777138667599
0.3041300109509084;0.6719522141454792;0.8197887426501957
0.5168211774825431;0.4753696657781008;0.5513569601645083
0.6784011539227854;0.971240408535383;0.9337476720481743
0.45442330141323517;0.6998846983113752;0.3412286837401325
0.0232104699626271;0.13350343495794792;0.1799142600843764
0.994351619852815;0.5108228581649563;0.798252729653152
0.410273385488121;0.17644514908173825;0.3704402379858259
0.2570676785349322;0.3379648609358158;0.9904164501992587
0.42308856543872597;0.0739039462622223;0.945933388296697
0.2258560115503827;0.5974907706901712;0.6470276281400387
0.7626704241059686;0.5191343989814403;0.1899363673905614
0.7050419717852028;0.11897259853675901;0.7376451354915041
0.10723231403573452;0.5997279159367911;0.4933049959867244
0.825322475746358;0.22338649282499512;0.5654918340771393
0.28465121188643006;0.9258359361707733;0.49735811445304434
0.29943923823444385;0.27638127052625117;0.22461236315564803
0.5794107215608753;0.1751698025522379;0.7770448180734002
0.1189381372650028;0.3476059768841949;0.7471513506088933
0.8384251273259908;0.3196852945988422;0.05991516718159817
0.30395915772517146;0.641993298283282;0.9281596573617156
0.10136090232976225;0.28396741316416807;0.6989272205362197
0.15080562786903884;0.9593874537399933;0.39226853062299627
0.7343797437475155;0.6612096551938555;0.7944760307623834
0.6119071920562039;0.9098108819694821;0.6781553214137602
0.08115558845159376;0.870964391399298;0.4433990546904407
0.7569229224493972;0.45857332550901453;0.628468862984536
0.260165725395642;0.38228477252132376;0.011547993628652775
0.06081432475628157;0.8557585423467673;0.8530470283188046
0.2299402819041747;0.3143897934406473;0.3200142491739014
0.5455695931194363;0.0526551277657995;0.43260180499037326
0.22262016517393002;0.4637681659752739;0.28192801729170003
0.9956839712234739;0.11325096338623497;0.8157491635190381
0.2491176602405505;0.49684777211807163;0.6094121207534082
0.7174055119018627;0.8533318981211575;0.35774854828240943
0.8120023402248071;0.9689226996507928;0.21250301966685692
0.5855601130772566;0.16655170262474894;0.8228079732762151
0.8439313988404086;0.4794383423781252;0.049717184886945875
0.30045680092509464;0.006918609246709173;0.17291230384885803
0.6626143706132157;0.704526291859506;0.9765545068480472
0.5353264517945364;0.45630407274079243;0.10426714850846586
0.8020784657517408;0.4320016177877918;0.6883605623343033
0.9370421264234038;0.018269596869433302;0.7614985577029582
0.5324797994975532;0.9560402462922459;0.5714793688813744
0.6237460095557451;0.8046878247758806;0.707085396240119
0.6711897280515192;0.15699000251575068;0.1319347560090115
0.3284552236497543;0.780723817049688;0.9678612777148767
0.43123391624686447;0.44804012054708864;0.605794444873865
0.4910552375747641;0.6981019656134455;0.94874178611992
0.7756731476501125;0.15614573136883825;0.3650823873933965
0.17173799743071327;0.30544289452007056;0.28912109454427326
0.7433282460068596;0.2721142135171992;0.7203965917942804
0.13472495341613566;0.5791191637976578;0.7464148589994157
0.1252768810612016;0.03365073279240549;0.026665854283573265
0.4014385469055439;0.3874026458196651;0.21788997057382054
0.4290330103937552;0.47820687589088884;0.13774067885430397
0.14201491366913432;0.8634167140367631;0.7703898233831556
0.6668907308745936;0.09867813912224044;0.33347525272137546
0.7637403332669483;0.564342261272141;0.20290884872437087
0.40952453132920164;0.5405808960288855;0.03238283850686696
0.028878328493928684;0.4651585215141396;0.24764198694021855
0.05981913371131531;0.3172677308170432;0.32007492974184026
0.2878821452815291;0.7365169773028483;0.96342784924802
0.18852700040179726;0.694553425003298;0.43782123540391504
0.13271932132779873;0.24001152775553358;0.854167405719464
0.989401545051336;0.6228684123752374;0.7875588869199657
0.22405103931696402;0.4371379782933835;0.886452195896547
0.5004109745968797;0.032507453121996654;0.14772670864513648
0.10717917230045138;0.5086518412563674;0.07063779448402907
0.542791148028687;0.5104323517595202;0.338033332791958
0.020985799140975092;0.10605109198520735;0.38566273541600227
0.6264365805464426;0.5806331186346195;0.012452587492453482
0.3161900779554565;0.6481648516672972;0.051962994493465975
0.37718880268939126;0.22244720470023827;0.20719706525372383
0.7867405023423374;0.41326300660445203;0.4272543682090174
0.06896515591631336;0.7635091428953484;0.15246635686759347
0.47037998996739105;0.06970005113912914;0.4428368835929143
0.878137698858627;0.8879811787385135;0.8489410161803677
0.636766205279207;0.9194809731833729;0.8583359198123981
0.062499884203285894;0.8478429775679285;0.032325597814915286
0.9862726759502477;0.7177368317906008;0.8969754732803563
0.8014354472358771;0.9987275301012021;0.408702438462879
0.9384292679523262;0.6151172505405142;0.5371403746923811
0.9697420974998813;0.741573381214185;0.07515142739468261
0.4838090387016366;0.5609399781189838;0.7318103159390432
0.4881064832462477;0.3218663736182935;0.7032091929479855
0.41341512535695213;0.28023402853403634;0.9640075638297455
0.11636812787218476;0.9035497746917794;0.25456583883046624
0.06543621691765011;0.5081280793711354;0.3660738546317145
0.7794087900528023;0.195579901900925;0.8698621299078282
0.041696982172441666;0.14498451589830774;0.7892815172376995
0.4813733650151778;0.19239051926823603;0.2855602090757091
0.8351449878587037;0.056407119544756634;0.8348104563228947
0.10424462020644065;0.5628681553165179;0.5537694454088535
0.8169977548065751;0.27982648978732527;0.08681398168407561
0.2262439762588765;0.3732225015484061;0.24915301553718083
0.24642799411338334;0.22913235922913122;0.24990858738197386
0.24091847607401407;0.914121556638566;0.7770631048736943
0.44202547062946573;0.27654618275611087;0.1831485041246902
0.6691445045209093;0.23682055848018535;0.3636286819588078
0.9234792934574231;0.48252713761433774;0.290515780692188
0.8864049236066451;0.5659542181273252;0.12682379648226172
0.2512650870503854;0.5186363562776719;0.3720432190107994
0.035121651446809565;0.7492198738601007;0.787637768581001
0.5053720673119356;0.3392591280934486;0.6669541663966164
0.9988894902010274;0.2544875874146514;0.400069999056738
0.37108962117424205;0.7098904427870257;0.1793917055183334
0.8405711876674541;0.47373642887325795;0.7400856505801244
0.8581932114113654;0.41719411046020205;0.8586524929891509
0.662181610314207;0.1254489123802055;0.7139870803838192
0.47619707089246877;0.5194671765918799;0.7056453951424569
0.9343733753141558;0.8788898937606892;0.6979859807008914
0.16593457913542953;0.9624340757506035;0.023197459615974747
0.13662269656789372;0.2969144333817073;0.7229965111656957
0.5362969266229586;0.1451217155229788;0.3004396907708011
0.9279639367301363;0.7527346472400674;0.46788193936119526
0.7161529625061726;0.6981509340100905;0.964372953369818
0.12564170256095553;0.5594495540457927;0.719822507998278
0.8201169547859312;0.24264601881359293;0.09525948397089135
0.81347445949649;0.4217893460777986;0.27916284031000904
0.6119064833774954;0.0495797271537507;0.5535920523691794
0.6511066683292595;0.8610919183665418;0.8096531594066904
0.10014217294470329;0.33839474142492154;0.8901549650630428
0.6959970994481779;0.5048519583595205;0.7577299879395538
0.828941252937855;0.6824446240919053;0.2889127090640483
0.12724657115733473;0.22613850854070672;0.847265881219789
0.6570613835980321;0.41061319539686225;0.9885712048769975
0.1405576181829944;0.9845078935752212;0.02790708418679566
0.9482345755243999;0.2986566706375804;0.542879410839677
0.5450197830592449;0.5170268022880725;0.9717580375964133
0.40712480976699594;0.24554381308392392;0.3213036467055752
0.3251296755767522;0.7341874784074445;0.3549227281880366
0.9639871854306667;0.3295338253653003;0.5533906143395158
0.36581079379687376;0.9969759272420633;0.9864986526039299
0.30077664668734905;0.8414949335947792;0.4892876626864926
0.6518452984493533;0.31338724208590674;0.2704215082912803
0.12364389365558248;0.5397026166933829;0.06409532168592014
0.19502060616714378;0.8171298764713498;0.0001267252072288949
0.5556614004115464;0.16527805873516177;0.05374808287232924
0.8701116769409966;0.3319330586692635;0.936039899379464
0.4124816640328799;0.22936999273821823;0.6797353559536532
0.23587800286624172;0.8697602526826401;0.10889775337479102
0.9727522037615577;0.06234382875783562;0.9243786566331015
0.5513453107877435;0.17664097304030246;0.12577898540886556
0.26364421913245784;0.4244395599962709;0.9320740442844813
0.04648679128178301;0.4377401530887308;0.1026751571711475
0.867189202411873;0.8057651802902276;0.30342894493880046
0.3422929646012559;0.6656906180210376;0.17725940342812807
0.21868745384868848;0.9191373122673278;0.5315276970274959
0.39568442063926057;0.03128820738132432;0.31388630964861586
0.15526373152117945;0.7758884688410841;0.14298101185768985
0.33588766278118476;0.9358077293505987;0.7752836816151673
0.07717921854481924;0.5214046876328188;0.8143784550084874
0.47592040225902854;0.05314164318332959;0.07610694297954135
0.5857439596839052;0.5477230602256882;0.6761114442851941
0.29275808082664045;0.6666981297621615;0.09743599883482756
0.5879499136610075;0.34050470687435763;0.29127274171814466
0.01775415286938531;0.3084337413425152;0.04678186683571639
0.6826330259502177;0.5888593259693281;0.1510445456974968
0.7697400876672261;0.8929143299215507;0.5991950062639086
0.4431143228634873;0.5229837896749288;0.05803692595191079
0.44814621480720673;0.7114286379776837;0.3318654945389289
0.05609837017710617;0.31241006787540326;0.20120292669664608
0.28256922793821815;0.620607672460648;0.5818736555008388
0.9631963447444812;0.964280547162573;0.8393834490133275
0.8800723971959075;0.3929367573369984;0.32731306398304894
0.5054767528417186;0.40693694063832664;0.9432624367438218
0.6606603580445661;0.5986531605676918;0.47079134040772763
0.5347885277434864;0.5733038090786736;0.6381732591797934
0.11119504264554647;0.4576600703343202;0.8624448124616668
0.3833573243130255;0.3561024737425532;0.13919738808349935
0.7042465908207577;0.51187813154865;0.5399818398766909
0.08545744650338427;0.035426759993012924;0.18462962621827095
0.06180751344133051;0.09713544841707156;0.8548656337818169
0.34078799504073864;0.25578843434511256;0.8047861529014749
0.5260160396203016;0.8678039544705538;0.41213409782091526
0.27573075678294623;0.3065822914845099;0.10599138258679186
0.5287809085829608;0.3869095652843091;0.0929826563383177
0.3938191885250544;0.5176008062810731;0.20763067257483692
0.5311371427986126;0.12789060975838606;0.18788283999854682
0.40643250706659717;0.1615889512458022;0.8059459333891563
0.35232131501956787;0.07973188009476284;0.5976304039680431
0.3126695547413926;0.9524102260427062;0.7536528334977514
0.05690423746834883;0.9914917639926745;0.34965204623122614
0.6084005691215291;0.09130425551094612;0.7958099241944764
0.9035682247339556;0.4618378098201791;0.8537180463584382
0.015062016227360253;0.4902041158865009;0.6433762193705611
0.11629585861987979;0.937927195557588;0.585909604283283
0.7571299560424142;0.1068009710683312;0.9306122835293084
0.6817862363680557;0.8988223737810888;0.3648652068987108
0.9455456928957424;0.16599715192426678;0.3850041237938062
0.5812453969668654;0.8430639807474934;0.2756916594189539
0.9520997755327054;0.9377745924582943;0.46425662770016995
0.8143559446024603;0.07386135313360154;0.2741252079171228
0.8634081113982683;0.0003164515794480405;0.33008854975277346
0.28060198842154527;0.047343432269427166;0.5713503953825233
0.8874522506403929;0.2566937763330339;0.07094040038411753
0.7150064150102807;0.2847760230730563;0.34378612199871605
0.8082143514400345;0.4389785886483685;0.4016667642661067
0.6813989042059737;0.939813561827598;0.7264669295243947
0.13128861803449043;0.13553934140857693;0.1802711577957855
0.3551573400567356;0.3027300847071921;0.7804065690164029
0.1804462682542911;0.3970946033154912;0.21132700933954562
0.49168180481964485;0.01787888712236374;0.9904226843056408
0.608802316183699;0.49592208203740107;0.2343209336564367
0.9490026098937455;0.3108784369865164;0.7925920378133245
0.8947344924087013;0.42229457518904867;0.6069885402321338
0.6774375182914909;0.5650295013862694;0.1261897011866795
0.24264508046853095;0.37575021321057755;0.07320413290590277
0.8153654525597239;0.6700990918946874;0.4695351312249427
0.5734953471995905;0.6608147700983917;0.6891129961387495
0.6456502408203199;0.5308451653216711;0.14616335512603018
0.6565215945012773;0.5772095665522502;0.7962567852714558
0.42501516437898623;0.531060825143338;0.19459714539583994
0.935750562777559;0.6301613189700567;0.6188513730484502
0.8554432064834467;0.7413841796601842;0.7411632057885345
0.5974527475804121;0.8267839288874818;0.7047281593560913
0.5678339818186873;0.0375491449997335;0.4286920259119338
0.30651528634163894;0.06516816719276797;0.7980567339179875
0.6760918550743646;0.8695274796525256;0.8189991387705202
0.518853540168435;0.6728878948695026;0.7262202678944083
0.5226621427408419;0.18408177241547052;0.857583897274232
0.976918009396492;0.014592607959309833;0.6382806168488887
0.3708598171092642;0.1369206602848848;0.5916956784127303
0.6894254811081221;0.7029752853096937;0.5885500309173309
0.8724952431689709;0.08766670011451605;0.18875335365023904
0.5743235762818368;0.7415250346572112;0.6400034590966956
0.7341459130007953;0.12221466465460507;0.9425887121281796
0.8858017525290239;0.5501813811153439;0.09084834206572046
0.8916827138898437;0.9074767232187306;0.3749307560154228
0.39435462016932854;0.4800667780189607;0.8033871801063652
0.8508599680859789;0.7409712355858431;0.42167505399409855
0.9274597012572302;0.6720963693821833;0.06854118856718383
0.19826763542537373;0.4398969053341598;0.9747115979421633
0.8146743470259157;0.5597560886563315;0.13444705355406372
0.9851130555239836;0.8127741267338698;0.7746420459372834
0.3322335985941961;0.528449112677408;0.5380717206117532
0.15912211396879872;0.39004711633828715;0.8829282477511924
0.2633200648622386;0.1862519649247555;0.7266268272790147
0.6905829627917203;0.9082293592691546;0.986184528914049
0.904766778960577;0.44245628054344965;0.7587006274380429
0.25195452933384854;0.17621033945834386;0.24620426172252563
0.8289238258487605;0.43476587890600915;0.18022827543767928
0.6968745941767168;0.25301171716064363;0.11889015884318932
0.8595853598659213;0.9372281031449552;0.9440058675235856
0.1394188643256039;0.6473331883592864;0.8699554806995015
0.7834263712044421;0.3121962567662362;0.9452945163754412
0.3487836552879444;0.16262867700146766;0.4380381985135178
0.2771793640613949;0.798005881979231;0.5001905713537309
0.7355461312995348;0.3436831243476347;0.23462363587185142
0.7186240338326219;0.12879781709525306;0.5354938108314825
0.48715602045713946;0.8530565920024692;0.3741248205784766
0.9364984610204267;0.423624133605233;0.06309236731966206
0.3566291210411676;0.12011970484124235;0.3435123453332476
0.8461804635867515;0.7538611215902686;0.12439173229776812
0.8292307703448853;0.3459402733125847;0.6363409066581347
0.7562705347509472;0.9152422781177606;0.6736479421470063
0.8407925378956473;0.31509977533151456;0.23938173030982657
0.9796193892324303;0.14423712676083944;0.16129576124971323
0.3966683989754447;0.37400641013454383;0.41259056504761504
0.12304970166871787;0.2109190787245585;0.09599024563131098
0.6242663911108423;0.7727165152325726;0.7440200427681146
0.7265901984442277;0.7850531543679176;0.7346492975776516
0.24788626366660083;0.028479063871976296;0.10631844023487724
0.5215190844212232;0.054685959807990514;0.13723321543084077
0.7621475174626734;0.4889280832613965;0.17762350782996517
0.0791584465202243;0.16898029883451537;0.48847425484663476
0.7572097770389389;0.6906748423543694;0.5793990997721445
0.9445092954240368;0.36607077386291975;0.8210638068943551
0.45526994045657776;0.08851765936934286;0.3915492113967989
0.9548127820360189;0.33569647562324356;0.3597193329256103
0.5556681702794077;0.09838829441929386;0.41051974135862845
0.6186270039507319;0.3886998813285948;0.6030599601075173
0.39438666817223156;0.8531758205649437;0.489240254563323
0.7078870457924693;0.5249621946615235;0.5762025924105008
0.4155568829228883;0.09221732471723088;0.4948462995881814
0.08054982384352993;0.3654681595198823;0.8057240145911815
0.23907617165510486;0.8760556033631652;0.858688746236132
0.43962079947358035;0.7090693032587435;0.637969491770394
0.5804989696692506;0.30960702415301367;0.6895841666442043
0.6162844582024675;0.49735207564032813;0.39378592254168165
0.21125689911745515;0.7716630440072425;0.7715371140753292
0.5513482499884765;0.3548369778454026;0.0953875097446597
0.52303019247949;0.24917438147701443;0.9451774813719708
0.38513970714382684;0.1688379627428256;0.5107982666128045
0.10919741265787863;0.802495608231038;0.9108936155030645
0.001970060375857452;0.40345211466669617;0.33024689410697705
0.7249057819225683;0.3408959784749642;0.08528866461845253
0.8507192736803939;0.02616946888236682;0.47092266526039117
0.5429685709652795;0.5026715567646419;0.07337992853923625
0.5601844889911339;0.9677670878887514;0.1187877821789326
0.24880740298119286;0.7937929916843474;0.7127200580092465
0.12392548310170082;0.9408975244816209;0.3360715051716172
0.5694926605261696;0.8406267843202221;0.6582964732202002
0.2209758641532965;0.01913597313017379;0.3223103673637704
0.6826334376392756;0.7321959699384588;0.6254467668964857
0.3826102526715528;0.7978979889377902;0.2516268498274371
0.5292648276067549;0.047499913919312964;0.10831945353431915
0.2677106941197317;0.2216323075924499;0.47078144603976
0.22281379407189827;0.4078095321253684;0.8072805170939902
0.1999611664138473;0.3130736397920899;0.9739972184024782
0.38519308018421283;0.46813288600188907;0.5594046389927971
0.8739807265689605;0.7896623014679655;0.9672113425178236
0.902753834236049;0.27712721935193185;0.7481815160713102
0.5799902176416681;0.10220041902197696;0.418203219806057
0.9707959677263834;0.8862678122696972;0.25070611849137703
0.9544743738065391;0.29774917382822097;0.6827260450489693
0.9426286667479742;0.05419721813660505;0.5493119086607969
0.7436468358426298;0.1034845080278729;0.7112902658923466
0.6995388388626765;0.6948675414812465;0.8035818163465136
0.6366458220019645;0.755010648193362;0.42565227632040914
0.212091950959566;0.13727160616092904;0.7773665271605096
0.6330300845583448;0.3211610259224529;0.19186005858009392
0.47532177131132114;0.8421893238325425;0.693526280860043
0.6718111653708303;0.47111468909092447;0.047704281319665975
0.06082480117092537;0.0027757274532218545;0.9126427073663557
0.9001578181323772;0.40694370230023635;0.4138139533639923
0.5352780458990708;0.9473944215204563;0.09799779498261163
0.38212458421999096;0.4119294371871163;0.19333224799041937
0.9431719624133719;0.17806298806498733;0.37951006130960174
0.5969951466933798;0.46508719646081864;0.5734401751105682
0.7034917968911375;0.6434396082018907;0.2619801559614445
0.14866909399396833;0.9737928754157467;0.0481405098729798
0.9636558124785201;0.44957450560636825;0.6023351550521694
0.9329128180203684;0.7152540541161195;0.19787168347375794
0.16708833475978024;0.48548978671238485;0.09127456583359206
0.4739676945791441;0.49303077353228997;0.5934578768435167
0.7530921915896293;0.2819810347733822;0.7028072885971777
0.31308722767929786;0.5195685941798579;0.0041219482016103814
0.6960749258696168;0.4078510699179627;0.9467959964492761
0.8555301794389037;0.217566649658529;0.8624124584124505
0.18842622323005143;0.4794306405867311;0.47559885652007916
0.8238431491775605;0.303483768064859;0.7226545744334277
0.5621949986165664;0.14477553548359534;0.5171907773877857
0.5917912238127334;0.3272540431305955;0.6721090001000841
0.7199116827661802;0.06956378874237867;0.5532096536181522
0.719453612171553;0.8838344861473825;0.5476031792228931
0.9433023651868377;0.7204340965791711;0.8302204727805427
0.7823502543193284;0.30807358944330987;0.1378785766563091
0.17733946318559757;0.4301433933570501;0.4747354084538693
0.6142519084174781;0.23774152342255006;0.07156110549214512
0.8429562329787141;0.8726592294032837;0.937461468067572
0.9160368287341755;0.6101670933915002;0.6235001313346318
0.15967840380638687;0.7009413530353618;0.23222190262922282
0.9463207784074177;0.7577412681695183;0.34722790756400834
0.014664088644361528;0.27235087484410203;0.42672913087924047
0.787104593860747;0.09660038621381517;0.8725918159160024
0.5204954362128166;0.399880666997936;0.04166345559130902
0.26749746070002633;0.019723793833531622;0.6369069466053481
0.8420490663381363;0.5574231327673197;0.4284736358572785
0.07817399963641314;0.1573433431072766;0.7348774094506866
0.3403482547512775;0.10629178365617731;0.6512464109307575
0.9738987849840509;0.9729420938235632;0.03605997786621129
0.34672793182114015;0.8513982488213006;0.9493989200634846
0.11616953894575122;0.19762389384400503;0.0862368440499699
0.39817876271292973;0.5968399014682839;0.5590508492049673
0.4772307252366842;0.0388357572987541;0.9304677036956027
0.24000156704640152;0.9560907658603924;0.5190875239662713
0.9095043552171761;0.5117596210318975;0.6634707659927834
0.6644525535567358;0.26848112196438423;0.9681966111222333
0.3136372733309425;0.577734756767319;0.7271167792019436
0.3317805276518888;0.5768696691421865;0.11229038945914271
0.5122897808707585;0.7447091114906074;0.2668395870433974
0.3851864079334707;0.7896141172230271;0.04700281532497641
0.6085241776970058;0.7262074493730647;0.6838884015731103
0.4004482303427692;0.7199912190421004;0.1510996030645323
0.009211197362897217;0.9047877186562922;0.07483493504462979
0.2214120492331949;0.42546620763987253;0.9131969425829465
0.5268094321625054;0.00842275315691865;0.0038888470410076703
0.8743214777827306;0.7762043431331074;0.21312425706515092
0.6323993065043402;0.6861164559233149;0.2548749698890652
0.8088399488394379;0.1415378214715236;0.22504726708156986
0.9038554713384807;0.9358596992097912;0.8690208934191423
0.9565679145777669;0.8237393374170712;0.7076018820989911
0.9337437336116219;0.2784619731143705;0.6664693369407121
0.6783417636832954;0.4440150114876732;0.20633015897856355
0.029835760323378202;0.6061805899240947;0.33295887803922786
0.7231059978420764;0.34547127527649835;0.21136666729054165
0.7689577884295987;0.9411259394250265;0.33612051829848955
0.34254109235538466;0.4167158474742054;0.178907892704522
0.921505339434466;0.06746122762152196;0.21664122332945224
0.8059591923604014;0.932432806273766;0.9284630757598232
0.057488069932771224;0.18672981059266924;0.3693096875224028
0.6357532248908722;0.8713075207105807;0.7548930474870439
0.045860176611403625;0.10990510487392147;0.5952708505724166
0.3527047641504528;0.9920646869536038;0.09007325948486278
0.05205339214605009;0.7768092439240655;0.6604900593838843
0.5986453345104723;0.26746524918882086;0.1855896548330056
0.20963996936755946;0.016927926906890378;0.8629212775708912
0.015472659028251123;0.03161421496851502;0.33663121043536615
0.9519199057020944;0.6451628456760976;0.578805282580598
0.5171778866822944;0.28109259206974047;0.950186568857786
0.8973457897916943;0.9230817247539486;0.5756973395303746
0.0963149015390734;0.41011317534642633;0.48107834756952794
0.15674558232352875;0.47202913778994204;0.028601516155127626
0.3421921373664578;0.5365217658263624;0.3956542913262999
0.7275098565388198;0.5337310871353992;0.43852413295074333
0.3006478424173865;0.8501994316929307;0.08690247215654512
0.25494589232619247;0.8207966539928444;0.7792648972543544
0.21273585388773686;0.11402421527102391;0.10418049040300725
0.3179957141588028;0.6031330586214441;0.49091568533580976
0.49419391725132067;0.6169196336746996;0.5195481262541146
0.5955780101309777;0.7720293280148971;0.26234250696261907
0.1478480416121355;0.9770305275043955;0.613862196048829
0.1053997181301336;0.7163249601324029;0.13742751942425258
0.8068560144590725;0.3975690555008262;0.49526059977952896
0.48126400034315286;0.7890271429203427;0.14183363705120755
0.6951936915667476;0.05990534775429679;0.5673291663214198
0.2625757433882613;0.4141697733983013;0.7999449543682944
0.6527461099201189;0.6096302520372265;0.17652825776613734
0.5938752537478676;0.26480942143802444;0.14328699403103207
0.12098083669104553;0.23536103977446554;0.917671694581382
0.17349570488570676;0.8451377338776325;0.6736850811136786
0.5257404991150988;0.06413924860226783;0.36423327474446876
0.4491880675309772;0.7018702489219276;0.8017249163437761
0.6994469337006899;0.5850910338907596;0.44025584182956967
0.2812300160817236;0.12975279076757562;0.25653417272707113
0.21486061800515666;0.717055628553834;0.15067917692799948
0.09314777837611354;0.09120470359303534;0.6286512512987317
0.21223941140962688;0.6327010950468444;0.6347385374710611
0.6574533082480324;0.5112116392583503;0.16721610490308314
0.9238372241543186;0.017067887676911697;0.04354124196321396
0.5353849820490065;0.00923946467565473;0.7053565145239845
0.0914078439559578;0.3669710467925029;0.5799809359148419
0.23320862714403623;0.37175744594490145;0.2219211837851789
0.5645513251267167;0.0920461291618595;0.04683418519941174
0.2881557859067112;0.6971967762326821;0.6059721223561174
0.40301409802039034;0.009098763213787442;0.24442598394242643
0.6637413234941594;0.06118140612022316;0.07215063344851436
0.0008916811353893994;0.07085490138214667;0.1636581508185242
0.8628738134524985;0.11609783173957489;0.563691699039443
0.0734599178301737;0.15010528345079832;0.011796724915400625
0.9292612944893076;0.17181097267059442;0.5971248641523867
0.42664306122620754;0.3677719906023915;0.027428866632225435
0.06824028421360495;0.6724194094041284;0.5417049270783593
0.18183761480591087;0.49213587329923925;0.6374943272274604
0.9236581769435711;0.643965697740288;0.6074817194917582
0.07664184393556894;0.4483454653160426;0.6361268653131327
0.8809681672194996;0.6549954222588394;0.5638439280157853
0.5143726262356022;0.6198915572510204;0.16834915136972328
0.07970330950151827;0.7081435992114924;0.8511132361559215
0.11637482899568641;0.4480908218679108;0.7993588392147575
0.3867548887164033;0.9388629445254;0.5143555862864871
0.7306025947437388;0.828592331425231;0.9451865055444447
0.3776510429630251;0.7340079286265271;0.5271997506104759
0.49830847751334095;0.08387969179692745;0.14853120032660871
0.2642236871172239;0.5728314652952012;0.40461732663588446
0.9832271903201029;0.12452358020116872;0.1531915892929815
0.8845812620960506;0.6176335026467331;0.32622558235093624
0.5278094991799587;0.3659404354204078;0.4283244679421103
0.5936165765899375;0.6857179959954915;0.5274360339323076
0.4044058271332931;0.5829976280204304;0.5156602041554572
0.5197524135980733;0.9711797232982371;0.3782195601236963
0.5460372973237176;0.7265980347091109;0.13997589874504246
0.15110525486502913;0.3579531438021566;0.054927463533110954
0.562992406981957;0.23387431527508262;0.7641116094951083
0.039958423501173845;0.13565470384955525;0.6739300978794371
0.5380712367049061;0.10282337491842819;0.27681209918415695
0.006911222190455257;0.8290775367455685;0.7413046825133635
0.8192056906135744;0.7932819630548269;0.5312506346353002
0.8195224137918351;0.5746585967024547;0.8201329522745985
0.7692434683215308;0.4226619524798878;0.21845260564560176
0.017572315062507005;0.396125845559511;0.282359537540922
0.023399013056981333;0.24900175763987986;0.47650677537605146
0.19257567086214478;0.40546497032794215;0.17252069126822012
0.7331919749083279;0.5338878375769546;0.14037176083554703
0.1479441761175555;0.49763285312628625;0.536258921653573
0.31975706881205523;0.500000185331468;0.9829542194718065
0.5881229191855439;0.22146504591314242;0.5616647000573598
0.24248268861436106;0.7933741609558227;0.5708038519159094
0.6915333645784464;0.6576079180628471;0.6285258730945296
0.17427523985194515;0.712627986277332;0.8906302345681623
0.06862297705046361;0.9321687132510728;0.932993066043949
0.6777061693127496;0.4546184216707674;0.3017247482286044
0.04131749391698514;0.7195062572972535;0.8754103677875148
0.2277706658151455;0.025697072299898704;0.817292390423747
0.3579548087861689;0.04008839820940402;0.8391107291629858
0.44961555971352185;0.01541915163802865;0.7025067337501842
0.7564951126838503;0.9926137001275884;0.1211177131740312
0.8174263843146609;0.03982989608598064;0.7803203996897212
0.6032400357550809;0.8119829424278593;0.17318355257814877
0.17519686762831732;0.5866579699076967;0.11279349772609104
0.5526208091454582;0.9479296474629569;0.2778734248842498
0.5359142770329834;0.9630914936804837;0.5343266230859443
0.15271426376284714;0.4917869461950969;0.46254252985677424
0.2998973827417858;0.876644659108672;0.4325559146047745
0.7117900768859811;0.09438088529458821;0.6417479678464704
0.986330287241682;0.8327431669828917;0.7753282797202812
0.14478433693189607;0.8415549465855308;0.6741755858446025
0.5914532286069913;0.3520260203534583;0.17643601843767154
0.08453764667921748;0.3123811343026376;0.4469737913330697
0.6933538362448805;0.36910768912378755;0.8169734415592514
0.851325727068742;0.7155449309433519;0.4150176149964029
0.5071323773907965;0.17622224112928353;0.1498527608625021
0.1189234853702067;0.7549943836704717;0.7420109827546555
0.5193215923975913;0.5744780515947133;0.6138799286377054
0.381166875009048;0.19450325505333455;0.24326800447373043
0.5071864875847418;0.5741786986058447;0.01947514463369615
0.8302246278162153;0.9623839900457505;0.6075677845866223
0.49556895030142845;0.0020741077628911864;0.6869896223823518
0.23519905389246942;0.4820881158070537;0.6339710988359281
0.5930768450992348;0.8162605277959633;0.5952077623437262
0.6414056663980374;0.9573372156297071;0.269354905831914
0.676035922136094;0.3280179884781831;0.34277568371980316
0.9093663661525145;0.8918746327877234;0.7363471165338591
0.8297937150519864;0.6612408812648399;0.7252157538427781
0.8981944664319294;0.4932011275576337;0.9289507574529241
0.221742161712986;0.44059323644959847;0.5269925363072985
0.5689362269370314;0.022387004787641218;0.09373298473014369
0.09652141686575089;0.8965260509389411;0.8667832479748486
0.48353990194554974;0.5172295715703111;0.36609287739351204
0.9601139340282296;0.88694322032981;0.02686519004300414
0.8230629698786641;0.7899307114170672;0.14167838344935235
0.6773867320420299;0.4804967187198048;0.3290795087718339
0.008958840844980442;0.3544446013690341;0.9042382831395827
0.26337328339027544;0.29974790802951223;0.3920643147630509
0.21967145160550472;0.5791833829085511;0.4591679234919559
0.7554707803173105;0.6847418030520609;0.1508577662412569
0.020280889728068185;0.9703517743731278;0.4669016472501053
0.5000363310783571;0.8875808196861587;0.0194167930521566
0.8217320188418599;0.8744758127627352;0.6047016118159637
0.520987720157077;0.7911215318114109;0.5198585387690354
0.3468176390959866;0.40326381219985485;0.5074044713715099
0.9602793711984124;0.3738389906610863;0.7415407269498292
0.7576707303233899;0.9991045811575501;0.38065837728241214
0.45461697268185086;0.9272587409435533;0.17571688565515153
0.9330324318008351;0.33862659698857767;0.1330761374569036
0.7739937998389886;0.21665707806469825;0.7440798643613233
0.589306673847521;0.10073598374906068;0.46205106842897903
0.6417216809542073;0.8746687279481024;0.2921450410068174
0.38922896128844386;0.2660526146118495;0.5072795880828179
0.3702151197912178;0.5666834093180542;0.934708580028063
0.5104413445437244;0.31447839036431413;0.6105395750355436
0.05032178534728471;0.9548448914275698;0.10760683066407961
0.3224570854199693;0.8721669877021027;0.661202212613611
0.727511551843836;0.34237929528241173;0.7697395438792218
0.060569422328561884;0.7248449857014294;0.9738248464403878
0.5199739481897016;0.50904731579428;0.3225230563246333
0.5436501336949043;0.5356728463391889;0.942941907376052
0.8959281934315843;0.09638592455369521;0.583051566632413
0.47796733349192166;0.20478799378148105;0.6703526243860387
0.20041957818894007;0.3819517697743092;0.09173994661591045
0.07122768724854822;0.33455252835817817;0.43303768122352526
0.14662994080923308;0.5267927864397057;0.17986767324254527
0.6661752664767397;0.3712160883432065;0.7941850053953968
0.8411235085604366;0.1555104043628398;0.37763582841875665
0.24013883055210128;0.7491165161858976;0.9820745441134395
0.8186132439879698;0.8322908393436528;0.8623520853870912
0.9469483025138279;0.2587957769964565;0.36953339837291355
0.4706836485278374;0.4519174130206005;0.42104770144910797
0.5879078341756421;0.46881847187579806;0.9502850077213449
0.5236370047271521;0.48875058852546727;0.6544609663796781
0.1631303674420186;0.19308005319163046;0.3142933097703835
0.41511127041641616;0.7119390818670275;0.18343181194450886
0.864544036837122;0.16186164841106887;0.22593606998171134
0.9317135211387674;0.06054544599455969;0.3013528336697753
0.3325736075284075;0.49093298691982723;0.3227960843694858
0.00014682270174881662;0.5380434987898447;0.7358183828043019
0.6916640428919779;0.7787881783436543;0.8588175739821475
0.3063999234068322;0.5894724489738002;0.46443244331384004
0.08990582469432429;0.9640160178353584;0.6592393152783543
0.34198624913292397;0.11339629445405375;0.27858983827611994
0.5103780832641858;0.3184027419847151;0.7584553836356484
0.3389327267298746;0.025347519964518006;0.5817657258254334
0.7112192638868683;0.7911694562873353;0.036640106377058834
0.49708033924976935;0.5493266015669018;0.5229030304514374
0.3109488268155317;0.4880035860474732;0.6039820328420522
0.30890759973935156;0.9918760778958323;0.8120053120962428
0.5427544988314512;0.3629161807237352;0.9599119774181424
0.5635636392405649;0.09738713685581002;0.21162062665783377
0.023344687574513245;0.5645832913510319;0.1664244489912261
0.897273969667932;0.18084002635634477;0.1676049359075399
0.9687990730905571;0.12100392322976261;0.25589206478784965
0.6988704496849294;0.6594732136605649;0.11610546460367865
0.9218152991172563;0.9568840413617256;0.7387723627416132
0.5479822190615652;0.6768085912035322;0.9104857299199958
0.4711924007530873;0.5516863324310615;0.2979883538881465
0.8250071579598742;0.6017121329464322;0.13887351062216968
0.4173958647006232;0.21126508654123377;0.9135283245545606
0.8159433959051925;0.2885757267360147;0.9821963470287801
0.2539160226883519;0.7123898524035527;0.8615681243822889
0.44424123126287696;0.3989956431185847;0.9621536916617898
0.3426118042655639;0.42522723993226086;0.9914759238396299
0.6841156723776938;0.26050980305067994;0.5595637311642224
0.1632957469630335;0.6811779797020796;0.576428901149217
0.2115816680791992;0.9582113528991096;0.4614146682247239
0.6281780762805638;0.1738265658503242;0.8833040687386449
0.842198084998712;0.6877849427939254;0.6634403585338374
0.1251159177382294;0.490459115264401;0.028233214942152585
0.4237509901619102;0.11257076257725296;0.13818468618124424
0.8783521328135763;0.7417014404615196;0.8826402947556906
0.50929846383509;0.706951160059937;0.7656800458681526
0.6874563828441478;0.42312938138589873;0.3459751032390914
0.2870097255630739;0.5322286651503362;0.9632739076166762
0.36920889671568935;0.5637412091002518;0.020083569916891753
0.8876887802918163;0.18211792302299845;0.6181054254513404
0.8320487313007189;0.5522720496533284;0.30432253199342507
0.9647222114619389;0.0032126525802548267;0.1382232267336846
0.6219465373893682;0.8060599029438067;0.28678199034950136
0.6736141475564826;0.3711042431491103;0.8942830017209726
0.03199614519165217;0.6110438803635057;0.020710985747019017
0.762710935382821;0.8682149786966646;0.4820938897043583
0.6834241342259133;0.09130502252397177;0.47553481194908
0.14919704703483627;0.7814740791911037;0.9668479105631294
0.2742532841930482;0.5957611247570554;0.9929630107275137
0.5552357698564063;0.5377194656268812;0.4794470512910627
0.23700999890317975;0.6646144664560069;0.6023174411551222
0.6508334442670727;0.9505763635921566;0.2855908472388662
0.23325424696994057;0.053215807164842976;0.7716806033959688
0.6492908034684483;0.38075019485616535;0.15498220600688695
0.6602882247709605;0.42935327605344775;0.7072889973166878
0.2157149187977373;0.27308825670415937;0.8439121230440556
0.8370161417421036;0.17711108601203762;0.777591872162763
0.8050994190024426;0.29872542777566646;0.9929577096468313
0.5134493614606958;0.7619734923588318;0.499987475586841
0.06334320683491046;0.9305203661979643;0.9010913452433307
0.7533309261522205;0.3586435405388546;0.49522314383625476
0.25460023145373123;0.32725388774865405;0.23359129592030314
0.7985862931159315;0.4156271338398245;0.32778784218533374
0.9440500988240922;0.43388728372750573;0.06363757881993481
0.910657242741234;0.9345300627466576;0.07846104974197299
0.8107985787101366;0.8674408142379594;0.8367522588652159
0.5737601647993779;0.9171539901118799;0.1181131272350604
0.6178772808466225;0.3398987656931438;0.11701438720485868
0.125357474015804;0.5665676228279108;0.24377024952558257
0.3335223418079283;0.09044989163331119;0.24498602132859493
0.7678881482478404;0.8774062857280727;0.7802673038458173
0.7136281336946234;0.5842714787595796;0.39321184678790533
0.8385988951185196;0.46390764324662204;0.9275615065825616
0.257459967440125;0.5094931197403497;0.5167338973583229
0.7527288797814538;0.77237739923182;0.9835607732699861
0.7100353259742024;0.78567088633024;0.0483841823216844
0.8726038933193685;0.16030747009595048;0.047356525827527474
0.39460840962615107;0.029956528500092006;0.07798320568694483
0.8675225679221319;0.08507789676833899;0.2117210309569203
0.5321868733852926;0.5199325607352645;0.42789796730723084
0.19161728459055583;0.77914362496925;0.9271357493675887
0.0939929191216311;0.2682925039866726;0.9872203974789829
0.8747920857871821;0.7464363458890159;0.8109230511378348
0.17327843558216416;0.1103309325526367;0.460556760526981
0.4989859737094765;0.8633661672971245;0.24253808992118275
0.7193069382003762;0.9255084301520261;0.9881355830455346
0.6659052050155535;0.40750778015823785;0.818630992713763
0.6432909973664225;0.11341661470750963;0.6608548712145027
0.09047941730229891;0.7718654122578045;0.5478222680858846
0.9668736181882508;0.19263085625162846;0.28036358362217806
0.6355589909178802;0.45566657927185306;0.2335581249823917
0.059234927527849535;0.6219519577452436;0.6404789970015764
0.982129067496511;0.5521997123037898;0.04175778638985428
0.36572770548559796;0.36165901563280256;0.14352246649099165
0.14853978812973256;0.1546997291426192;0.014729665139403436
0.5907131515616735;0.8574406378562317;0.8302814363177015
0.39391774747337216;0.9923470681171623;0.0600520218276529
0.8896301342524843;0.5532303671796819;0.6417902124985306
0.872216890614053;0.6032164448867973;0.16376019363815575
0.7925349124980108;0.027781468369380002;0.8837888578694723
0.9001793777445327;0.41705702427897384;0.6153235145427118
0.6591516726285586;0.9899598668787072;0.5756654545294839
0.027243595274987875;0.5010614634599705;0.735220628171341
0.7533261577394705;0.7830633050942731;0.5435204577668283
0.5156355840099217;0.06604544823727743;0.6343469672750076
0.839267880764544;0.8095114136694115;0.6266814637414813
0.528448348404694;0.06238075861749004;0.49040152940418336
0.07830937085838774;0.5694137331139426;0.212913374196824
0.9443439337426504;0.0699299137841668;0.16335162263051994
0.18305623741260402;0.7947678908871454;0.27371456341117695
0.16361771003907688;0.08561131282134982;0.9493809367798139
0.6646002944867272;0.43152063588976974;0.7948707797059906
0.7594090896666975;0.8080704991402934;0.6771868684796608
0.9755328655682918;0.22549455815789154;0.5247382997035719
0.46549342938644755;0.9049245694428354;0.4108766314213381
0.13230465778885503;0.19283852355524989;0.23491995125853815
0.06761851111328931;0.9809100968850133;0.1343184471278993
0.14383562790305993;0.8357650652898518;0.4035679272391748
0.8226976843359605;0.8908756999772518;0.530903422279402
0.2895965337689501;0.6527790620522911;0.8060549537804887
0.9846443493860204;0.1476949703749607;0.42498281414299577
0.05871680345226227;0.9201069258701721;0.5440740508750312
0.4745087154283464;0.07499928754712637;0.8544909208129228
0.7263691417739071;0.10080232136228762;0.8639146557282938
0.5241032035756303;0.8401893524117242;0.42613993039183884
0.7878952616448321;0.7494818254339888;0.015115500146453242
0.4385413660381212;0.2612221422887665;0.16592616293824614
0.46134282352907596;0.8420040889048555;0.5821075700072069
0.658561548254085;0.8670111197596949;0.23186274838413223
0.9898616961639802;0.9481015097650266;0.12364153401210554
0.38770489645162254;0.744844093023073;0.18786975948123297
0.7526195563284949;0.43707986088146744;0.22733565425922841
0.9484152230211444;0.7269319795169362;0.13865961774305935
0.3907742828485047;0.363080115844456;0.23878297817663574
0.1964474098177047;0.8669492132601281;0.023806176623362707
0.381338551827628;0.6368719921656579;0.7023296350177737
0.3797633903123634;0.6673518935345625;0.7953354431966495
0.8683116854812347;0.622847635689835;0.1599109521170634
0.5323126957152907;0.20102788267065685;0.43183115160859176
0.653845906233512;0.2750962306836202;0.8451754263193897
0.6518801835458881;0.024996549976536775;0.8379010233756289
0.6649285345933568;0.41151690476624525;0.5713077194426874
0.27818252457848813;0.7940091960481347;0.02545535377699326
0.711052639750124;0.05605948800978988;0.45602344044200693
0.4618764116951205;0.22734610193599458;0.4969020085238025
0.03482111053071657;0.20393444816851858;0.9564203766870417
0.9991338560579527;0.32001463680438413;0.5653118018244201
0.6861601000554186;0.715952090158443;0.16804583888080127
0.7413595249975266;0.8550695407472297;0.48134783426773864
0.06511793093395635;0.26532852415405805;0.7261563805386113
0.2570007014354715;0.17248523325466503;0.2025828347660461
0.680840424794727;0.25737410111889614;0.1752517079856435
0.051599684631174814;0.6821749199988177;0.5521056591977482
0.1147416074246016;0.24681216474652679;0.17004802740382086
0.5426650256531566;0.9051815079495272;0.9083840839721189
0.7704841935038714;0.267528466722217;0.29465220356066957
0.2730403883232936;0.18978852651348121;0.43928814107997216
0.9259335032991123;0.11239536126138994;0.4804794033239125
0.07206778215346255;0.7950527351691249;0.23161137350776528
0.06573610091757576;0.34794163264741185;0.0950355315119027
0.3639177518695349;0.8529995868273684;0.18794522328558472
0.9299913439594637;0.5685090685564494;0.5809557309768488
0.20605805204783134;0.8320289063484316;0.9869901390153601
0.12947764501215153;0.20053968452896365;0.6760828296561092
0.4218886967794001;0.3314967218806725;0.8604900025835316
0.10984322652673306;0.031652254947521996;0.7747068076088107
0.9533627437292854;0.23816988667843364;0.5014338483446215
0.7673254077509393;0.654330398404565;0.6386873623703766
0.23775523541940613;0.386154047379374;0.8163773989343803
0.4626752382198529;0.7240098332508923;0.27659912280721477
0.29484709234535933;0.7669734174260749;0.6889146533602833
0.26469048916428106;0.8646127938419912;0.9544710950159128
0.49040824754405654;0.06151783798060595;0.8732224129055408
0.626769376628879;0.9812779302284954;0.6923274067270568
0.651873677853195;0.9160399343198741;0.6984667817440289
0.2680333050128565;0.9843377376335298;0.4511025949348362
0.5014727845912463;0.47459466624913493;0.9063728028405231
0.806056354140813;0.4919636087102589;0.45023259714973984
0.7225038834322863;0.5465807510712095;0.6522139131818634
0.43622689141191695;0.7697089964120268;0.4902286832894869
0.8123895009993366;0.8003920237552717;0.9699817931593073
0.4880571655737127;0.23869370966987602;0.2030782453018284
0.9134112091178638;0.05194712867108997;0.3222961641770806
0.9543312594706451;0.6326000891735851;0.3809071046792759
0.09890381303499607;0.05353422581592282;0.4978508276366559
0.9346669330303761;0.04993036836562015;0.4214079108760117
0.7938186216026532;0.02043801345848939;0.8151809826319631
0.36367731064670683;0.5325907620499892;0.19740428471774984
0.8483084342994199;0.9069015702381178;0.9955070512918407
0.9003961631433617;0.2075192589101339;0.3126292447368202
0.6462295739185927;0.05104941939131902;0.39211698015853225
0.4752605749830052;0.796011014187734;0.38419555397666105
0.37593283638749075;0.9780289710610457;0.43306358143034296
0.9325915333552083;0.47090840456360306;0.21760185881806393
0.7955509943819721;0.8865383613644532;0.8238470389327535
0.8167105587100768;0.5185111872582061;0.06470152578199273
0.5618078064125012;0.8913632739232759;0.043159301821849794
0.33267421126692465;0.2048019627593496;0.9269969801669373
0.02168161937338653;0.9681428674507883;0.9809035246160148
0.41527795788937016;0.30133793416468213;0.7452762478943821
0.1861702173153189;0.8596424078783207;0.4713877789264257
0.9278787466940694;0.6130536585535512;0.20366933396623466
0.5619321940581591;0.33187903004668096;0.13023030671237923
0.459897864323109;0.4268993765282266;0.11874680699104734
0.43607946278098;0.9745225494049075;0.2632110310114236
0.11471247102171767;0.8509501053659039;0.11808413117080196
0.5412965394435967;0.055115137728733;0.41951712131485563
0.42012537780204884;0.5059564719159556;0.05069121088965056
0.5998317704894245;0.11497290865771503;0.8779458552938343
0.313573297238538;0.3975374327032898;0.23848025677646545
0.1190026273081517;0.0017384223720716685;0.1503058516602649
0.7279963289285987;0.49612685697265024;0.9500748331233203
0.5808709472118663;0.6990849899924862;0.07060016948969805
0.6349383505426514;0.527750577064593;0.5183944249029682
0.25621323759428927;0.9176917535763808;0.1891717452532723
0.1108047943568845;0.31595066191221277;0.5076523287007927
0.37437279442682925;0.31809637363904064;0.9583393680260914
0.18542637267630202;0.012359564398371825;0.7621352284436775
0.6679162711346055;0.2319010082060684;0.6757565793765721
0.6012495167376061;0.1370637127973039;0.4742270043194602
0.41445313814537876;0.8996762259153229;0.024669381772223664
0.14253299243804107;0.4865797515407623;0.9108429521657219
0.9222359541504277;0.011760980966813106;0.06907249845957375
0.7636309656830579;0.1654364548745776;0.7022817770536093
0.46232034411588696;0.13251183422053403;0.09222977664402687
0.981592336314837;0.3457201985641365;0.678793223597663
0.5069808984515378;0.8080194519471285;0.6283070649739386
0.6700498153432111;0.4704082774213746;0.9593970663364654
0.5716559187375921;0.24646412247921579;0.2593897732070234
0.7508094200566068;0.289060583889429;0.4410811560313084
0.9114860729212767;0.8457016901671609;0.04657666488188661
0.8762450548327809;0.3278015846141057;0.7239443949727926
0.9164971373509453;0.8978712167992831;0.008319285138984833
0.6790870871790059;0.6557652974773482;0.031952590676858406
0.3786563111578052;0.08897690718410456;0.27936352174240375
0.03698528876374585;0.6728285102100626;0.23371537753983718
0.20697303598843841;0.6469493088241334;0.4169924369233583
0.6099594902425568;0.45920520933819076;0.3412547316147271
0.6738114274164843;0.025120855596007186;0.3297116823601569
0.10191235521643904;0.2615577559306418;0.36354960652613033
0.6610433248785252;0.6642956139491382;0.5795510472161715
0.4721199036565412;0.8141956913128595;0.7166921841629267
0.7088107982215316;0.3532926368711322;0.6286487762399708
0.45702959189909076;0.4562693340387233;0.0612237871423682
0.9640780273739769;0.17102826968648754;0.5805524048331994
0.6490240646705134;0.791142846595538;0.4950104963882459
0.20339108850926724;0.2339295472796713;0.24959763534317703
0.8918514243397829;0.33668968282527967;0.7969449599965353
0.8070355731171388;0.4520209073298562;0.9109649249848673
0.12992157458549636;0.2539919915618334;0.39472799438227046
0.9352325260258598;0.15896563967056976;0.38249494466980527
0.6431374563505323;0.008343297044177356;0.9218054765713799
0.054025487277824524;0.7797283305662401;0.25203073657120956
0.2323203346645616;0.8009968409115825;0.8773763924706008
0.787606518593005;0.36854057008692853;0.5986293028449248
0.07673584624641117;0.6750381963889683;0.4523388376630443
0.24859047734395634;0.896841036477079;0.8429422990831142
0.508512279931239;0.49441737622076065;0.17005648586934263
0.8140650077531079;0.2760054128028673;0.8653769869737541
0.6142119206380697;0.7506533756914797;0.9205633897356252
0.5317030761783249;0.5055115448801489;0.5773876401961163
0.9368433013180326;0.22109377547042508;0.5431030287627305
0.3718829469632219;0.24433091935247342;0.4618717243536954
0.5078134558498281;0.2885585504927931;0.7684861448679188
0.040406215364149234;0.14015114323993627;0.7972971595655431
0.8378564284431443;0.5711035640929617;0.8184293957568467
0.10448387396103853;0.253266873357067;0.07269120555136599
0.7912680072467818;0.6373009540078088;0.19956133599377257
0.6316034558811751;0.7645609774551316;0.9172985363344177
0.7758208239394895;0.38059995194167906;0.8338083333743468
0.7850381226422241;0.4296110904850515;0.8896555106222959
0.0345472228904421;0.3856190390719204;0.66655004717323
0.9522697701978519;0.10461698514212248;0.8743837681645674
0.8179276734143246;0.4117898201306497;0.629496125064953
0.4989534301580454;0.6362396657103647;0.28070808083922216
0.38065016241423055;0.7728438372468384;0.04573237545132869
0.2579003289713271;0.9516725620176039;0.5828796377050366
0.6233662994925971;0.12306506653390303;0.9459054447486027
0.7259302305015805;0.8683329266172067;0.3897860887163268
0.07650988876934961;0.7990946427485129;0.5051348528496212
0.114349505998383;0.4351521420069522;0.04000072350548589
0.23809809000594906;0.5331351594608162;0.32685714569598967
0.304586613221129;0.42268542958171695;0.14456758130979486
0.48824823650431826;0.1425803759569111;0.6870831521775187
0.7825412339776765;0.6791572228887772;0.08435459575396165
0.15105924660142067;0.8309947999978664;0.8730266589536667
0.03101797913541804;0.7449653773909679;0.8974799986344957
0.0023035551918533237;0.43143853211943406;0.7424409761009341
0.03189695952846083;0.5851750961616958;0.7184009795875798
0.657312341694639;0.9965003205962335;0.9529047663907557
0.721653714184821;0.9100804236790784;0.13030396942131117
0.05449076590227886;0.8356024261421724;0.4549831958628049
0.08078279986098957;0.4665094048725288;0.01357320573034182
0.13849879733523762;0.4649576269015877;0.2413982903548041
0.7945540951398764;0.4251614590265457;0.3748320707194521
0.5634627746316377;0.5565403974113674;0.8345118080520434
0.32740998899374074;0.8701607416911571;0.16390652176573783
0.313856690341512;0.6764672663030805;0.4592458246005656
0.9689682368860292;0.3939276769821235;0.21713081226863806
0.716910594209442;0.16066801570780564;0.2700283476920544
0.5631725417643767;0.5622220330906238;0.3678487974643735
0.341556501414472;0.011400948315428483;0.6311720432418522
0.35555590353447475;0.737795842364058;0.127360317368427
0.12585718520937605;0.950582339819201;0.12196449269937337
0.0937358592548806;0.9994023772839654;0.37765619154716035
0.43584804714585157;0.9549645692072491;0.8170712521291976
0.9124291380312763;0.9019818664502496;0.780695101307876
4.455336106956587e-05;0.9481436373049438;0.11593514518391201
0.8360465094087344;0.4494340247370583;0.9490851307312149
0.4496088716190746;0.5296144903126344;0.3790097715697984
0.2898489702427467;0.9351600459061327;0.4435410269301385
0.12045884965918019;0.8141197433314428;0.45252365011657847
0.9336348729527535;0.09052553950862763;0.14928427100626063
0.37954533181600103;0.1747006578478647;0.8893800270763038
0.535563440943943;0.8551506011445701;0.7500158146521865
0.20935000096974699;0.12474950632758841;0.8662157119752646
0.9268490596698359;0.08548823480059808;0.3769335247510549
0.13400647875859784;0.02382403003307787;0.2075862575415356
0.5909533008515521;0.6691028822236829;0.6318666453016423
0.796123276063153;0.3866940616509179;0.4256915985781925
0.7296833302973327;0.6200874247064376;0.22136193473118193
0.5010459051735134;0.08125091246002103;0.779020539357172
0.4871876949472066;0.7799530506367999;0.7501324097187269
0.38647315523417036;0.4359523152179471;0.40543830508564194
0.8724156644726966;0.6957750619046335;0.03322723706820663
0.3705997477445757;0.08006890054761973;0.04951263680371565
0.7358822037769769;0.7105653453186768;0.3383898226879254
0.7064030519760724;0.39367231909402545;0.27469232958872425
0.14907694617936917;0.22318558878271488;0.257531748574112
0.5956977385935119;0.1296467996767119;0.4246388523807869
0.9984451684378685;0.42561419437398573;0.24274415566802887
0.33928876557998255;0.15798336739385666;0.5158864916304416
0.24965372940125652;0.32593664810613765;0.25148511306496857
0.19919036252692668;0.5883763261844551;0.8086820277258926
0.3776299806838207;0.7299083257761172;0.31960631102051573
0.15861902488984436;0.12019580647693906;0.6247247579465682
0.7056795296963363;0.6861715026434015;0.7121815398840787
0.7128466697807994;0.7752292749002975;0.352597064113648
0.6544613144459553;0.2440059171792831;0.24734272884800845
0.09775504662367474;0.873907271354547;0.46418881176672644
0.5652589582886627;0.7629507327896343;0.9880435441850376
0.5239239567788327;0.36544562646789935;0.8787386629941623
0.47226868166811864;0.40366977725720576;0.20390576212897826
0.6705768940679263;0.9035550680862565;0.2575093963602062
0.15348495624648717;0.5831461098423277;0.24075993124030903
0.31949411566063957;0.7534311460568284;0.5244775230427522
0.08882933011678928;0.7787771226876923;0.32409812033800345
0.11877825804388042;0.23216150031277616;0.22577490945734713
0.5271493498078402;0.7831184730832078;0.7805193796672211
0.8760373104909329;0.9147974699371078;0.7497967205422684
0.5869829895017408;0.7969987581387217;0.4886915944846143
0.47807024675145526;0.5291758894710663;0.1826883353722012
0.60548204761064;0.8780363315798067;0.31260473795722565
0.24939627684208288;0.8807743581290344;0.5426042907862207
0.24961387752810993;0.9358703770426394;0.8296971421000495
0.037657079659701775;0.44877829898251775;0.6539427152686389
0.09472836731141154;0.23991197908771766;0.8980059492407635
0.8588400300274399;0.7693879733654597;0.8069898463385468
0.13668734813020122;0.3992570226632107;0.8929838989029586
0.3760242954384023;0.9634575872604342;0.7589374941667382
0.7878019137384272;0.1217568754024384;0.7216270390993144
0.9217431231560951;0.950666496961216;0.2891617372753088
0.2685470879922415;0.11623692525407903;0.6066093654927078
0.7736295988937937;0.8282517620810824;0.759103848307888
0.21028999683912286;0.9967378300716583;0.44682706299907315
0.18287239041611258;0.5969425525252645;0.9295666782277963
0.5309290487779287;0.1462354265966307;0.7445822747719599
0.7158726946703907;0.9806821672538829;0.18810036025283072
0.9724365907274789;0.20367521115805864;0.5422510358299901
0.40528968040191937;0.5337227597949933;0.7042156816657107
0.1806417313002826;0.9653141833039541;0.8620995209177302
0.2969699325794576;0.017467877755222738;0.8292157227177032
0.9398217484949156;0.08258951341051757;0.03734327703039675
0.49370958025120526;0.48699491689997;0.7985984004428228
0.20072353078946548;0.6689742267453388;0.13250789523729145
0.17477879482171133;0.8386832730365699;0.07217587317682828
0.82433960598751;0.5542398998059139;0.0865176876482302
0.2644654152091951;0.7688434916170115;0.3763302240063793
0.38176066562187716;0.578173187230609;0.05326176641558156
0.2385099004406187;0.023309206530374493;0.3504389517929746
0.6343561811023262;0.6437035477565471;0.6996065315368677
0.6514984126752096;0.22856761670947;0.3352717597672753
0.4613811730554578;0.9198119840113597;0.441048697955425
0.35148782821368685;0.1422757245161982;0.983368269474779
0.5386188309349789;0.04764635093798508;0.4825731183725215
0.4333782332493342;0.0027662512075019574;0.8871717477313841
0.012179666977593206;0.8998427004755873;0.3132981469687447
0.6239856300683094;0.9354747071730087;0.8177388476558861
0.9355285470081214;0.6554702490475403;0.45935010732760373
0.9083690407835515;0.7960294917973455;0.8862171858032097
0.3767209637952763;0.2826074724826675;0.5924075154228396
0.840414335554213;0.5148218852204883;0.8669170632688681
0.3676044378402935;0.7429863015561433;0.5092026879864977
0.02127851242328116;0.7384370789611233;0.5221752998129707
0.9602754295830247;0.8823463259419513;0.843052028202971
0.4785857710168988;0.5292047207221671;0.11983259912078603
0.9661924828826827;0.22353134512543482;0.1389569382340039
0.9607780875275154;0.7879933148285894;0.2213100658396162
0.9492289365357196;0.2522106212485761;0.4457743149705595
0.48143853208227017;0.0601987085424589;0.6419511835166326
0.11513812388482292;0.8588659512392319;0.9244156763333781
0.5171747064664743;0.06809079520591788;0.24677510948142323
0.09446168631972729;0.5177032362563704;0.508631747946303
0.34414612513874077;0.22717659249353594;0.2268384447376941
0.0767930942254007;0.2632297791748265;0.9484708336778283
0.552002094237129;0.962207325197614;0.4803466891598277
0.590212385390445;0.4206807827897536;0.49697556071209426
0.9645151810805261;0.11262533678606024;0.9581267083944643
0.3493374024772524;0.9622846618217414;0.2889704616154084
0.8457201596266927;0.38971003228202583;0.16388200370678652
0.38196513384391206;0.8690211553388228;0.11871569081287725
0.9478243212234606;0.5194038072341313;0.7771196716903888
0.43004229855437637;0.17783128949355054;0.010713246415338773
0.1371944836001645;0.730003741567956;0.786027645842169
0.585187203581466;0.6832376404610975;0.37051733177115287
0.2682502820202871;0.6818652528012145;0.15077344828884431
0.8842558637677308;0.7020908796700217;0.6735033273429102
0.47345431758111567;0.4488622845223752;0.9155434638439702
0.019391924048542952;0.5913942367339394;0.45614447469838904
0.4555518314136069;0.6089113213657825;0.13234932687813605
0.8437236195977664;0.11679623439586184;0.7384930461347193
0.6200969003021813;0.4389701706668504;0.24029718673595457
0.33072611867895907;0.6747295307987334;0.560292292157017
0.8540802703522307;0.2528016279792695;0.84304305196059
0.901073517112609;0.48621427561809194;0.025868024064117257
0.5113076809480664;0.2962724532420089;0.28112427874773815
0.5040736770275998;0.48441638996589764;0.6850874309610969
0.8394687774005619;0.879485788448269;0.9706369370486486
0.3111770037019246;0.6879885887589087;0.11878843556327845
0.6421583685066826;0.6550077858657604;0.8823270053025626
0.14325321948082514;0.5812181946681374;0.031246072774540723
0.8111700767523303;0.8672129408895541;0.3446725790666908
0.671733797633719;0.02561194683629653;0.8658842586707896
0.7208488347466351;0.13227195519891688;0.9308502026169555
0.12321336075853428;0.4241641426982913;0.07555705254039158
0.23304702022728985;0.7508800365002728;0.11390353349936999
0.17429201237451253;0.9281583700976639;0.2284044427660583
0.6594167948378958;0.597420906564119;0.3830048702035498
0.9103925427599839;0.13074039803615956;0.42930741010904994
0.028333395107676185;0.673732733066221;0.8923159909039494
0.7987264615920421;0.8691137095954297;0.2837379463805736
0.9597242330144347;0.21102353294938314;0.6037451307283287
0.4483701905926033;0.8596904694903051;0.5467314672044424
0.29810813490474763;0.8255098341135612;0.5455374192097386
0.5047208285930674;0.11721575169747378;0.2914283367409468
0.9033622856720409;0.07348368369860536;0.4520557040387114
0.3987234191927149;0.6270286728801316;0.7848341161094596
0.4583175292339031;0.368517866262413;0.0669370254153705
0.888541340028696;0.758169778461161;0.7159552690996076
0.7812745517869274;0.546622895150434;0.07309243795805931
0.8270477096277845;0.6855834456705469;0.061128781453762215
0.7002015729376232;0.43216709130514463;0.4418706576819902
0.8504343688753199;0.4793208565702666;0.8775627178736655
0.834745840288682;0.5826658223254104;0.5221348419111677
0.08822448320817611;0.7755595246430184;0.5959983809201058
0.5775703625150674;0.9528787665401199;0.9581088056060176
0.701071826606994;0.07861942935937505;0.9248466455785296
0.6598774897632922;0.37695630083089193;0.14906873241603313
0.18611150409787425;0.1827965541666653;0.3532094215318571
0.0540669320907895;0.8139579118347022;0.22719070696000165
0.8775938527665593;0.626339511867822;0.7202995849622364
0.32303786182997907;0.8228498923831062;0.9008661858401408
0.23196886756982227;0.7959383737475226;0.9444455470926919
0.44333225511745045;0.36132697267372593;0.3658113490275188
0.5207590925691752;0.8129744336900456;0.7068399628547863
0.8113114547187461;0.5011991529778361;0.7186624676459127
0.20481716056954913;0.2973466436832779;0.03396855766305462
0.7478053338864836;0.7875343885990355;0.6291293066614481
0.6630148882906648;0.4499820719352068;0.07773795896337499
0.8075829187626158;0.6634175738852104;0.2556649073311431
0.3323715668739532;0.45181600443342984;0.03370695394918599
0.4171818848013451;0.40463254923209646;0.9347876584186225
0.42148959964197596;0.3933575536308469;0.6345313512649435
0.4316020715192844;0.6172420211635377;0.5299026081630934
0.3703368797573746;0.011477133213820712;0.5245568905361531
0.6781588628113445;0.4827972927949895;0.668501279113391
0.6372712180175466;0.23527140135292424;0.3449926150840027
0.33778395405362793;0.6154496733314033;0.055300724797549106
0.9936806171102122;0.012813593739051221;0.1305415973931443
0.0614548552343781;0.21558496050647946;0.9094111983262314
0.6960358046828078;0.9916915928168073;0.8345249157034079
0.926654446987079;0.720341071839194;0.5908731343430894
0.8618233017289467;0.28856703160020947;0.6517355241000773
0.7696061758946126;0.8069045637175024;0.2147458151226903
0.13348810032276937;0.4492314653832721;0.9333337078001074
0.4690858142109192;0.566290294618898;0.9824668774640571
0.157974558457326;0.36659855793746343;0.3679802071482535
0.002885333958157821;0.5567001233062595;0.056439379723899896
0.2854361559710453;0.513622189928863;0.35098414103228626
0.8736948614494343;0.8989926547745476;0.653927445963881
0.6868582512614788;0.01996808470915168;0.39599178805009194
0.7493466190470855;0.3877403121587555;0.7295523898880082
0.009465343635105095;0.0007669790605437932;0.31486754465064803
0.5630841497471212;0.9243415938114747;0.10988076146292758
0.8598905863344675;0.6335807403043181;0.47074710921553753
0.9085079435884419;0.7136936602106322;0.29021773099740056
0.4688921788921063;0.3125458693216545;0.511998126583596
0.32895600675136694;0.4241054240135912;0.42391020699838555
0.8176841884291618;0.606830372417965;0.3472434216844422
0.22331686082002355;0.8321385096244874;0.5940453296969431
0.25727913887866083;0.15178966448449716;0.7582508869701111
0.6511494822415066;0.5409650388378335;0.8795906045560008
0.5588684348810515;0.2257644921626254;0.34449537529589824
0.20902673561007123;0.1858898217504864;0.8226384010816902
0.49461496334037236;0.16544088362042997;0.12895905969503185
0.4723028801309589;0.5072507533991388;0.6933332154295695
0.39596735087958335;0.8445727688485495;0.30125326481782333
0.35447684698867965;0.8113578798043152;0.2540109867261616
0.5404066664706659;0.23200207089457048;0.8333135353089933
0.3197406010235646;0.5522154264798209;0.18117302813176972
0.19117892942164638;0.492608085186941;0.24506376634570926
0.29047481287397414;0.3005195592500025;0.35001293186960936
0.4036578390035599;0.39988676178435945;0.7711978384360494
0.7747790725775502;0.18766656025191442;0.024654130529872864
0.9532395654977575;0.4387722600001619;0.9900061646668404
0.535260548281156;0.12506197185100454;0.17954125807273325
0.8415625807893761;0.507906383049641;0.5078674264759325
0.5216438664284119;0.12194477032358164;0.4630563494186726
0.9854629887119218;0.061722284128958416;0.9105243810368294
0.6094454512803302;0.6059491924854121;0.667268029010349
0.757217971569194;0.2590678657995811;0.31867025568549545
0.7160784803943111;0.8740088918847135;0.42056465120262376
0.7264976203984265;0.07753111582024097;0.21068130216353576
0.029980691248796876;0.18454531504170602;0.6344607815380172
0.9456562396180206;0.8581541521074328;0.4701406233750053
0.5954158223012619;0.019159845784430418;0.7238096962609326
0.5279105705184549;0.7070356685775468;0.6309523541239568
0.09515920804288525;0.4729990721549622;0.4972964904301924
0.8558768484425792;0.5509060765242585;0.5112236765427074
0.04820439531220155;0.83657531479181;0.9964571727667975
0.42456246437364764;0.32727072574434757;0.03794733854386967
0.946178375744589;0.34935154403611623;0.5277878071421576
0.4767682147630873;0.09868528445595814;0.9293155254137954
0.0694501793613026;0.04430290500890566;0.35832072427992967
0.6213928216044032;0.2743546713362264;0.2016281682480382
0.553591673630949;0.31667298763302;0.8732608996936038
0.8379818401977589;0.6162436936529879;0.7182212825694834
0.17726651221914747;0.6530216045065509;0.6830250141090893
0.16452615236750678;0.42452002827549584;0.882124308329014
0.860377408541736;0.8929926466976214;0.4906705688544305
0.45447649669068324;0.7185617007385557;0.6961799523883402
0.8224662136051829;0.025300755263463093;0.3545552705401871
0.2126880746890195;0.6983216737276065;0.12917010177130672
0.24693231594449816;0.052159293961542064;0.5297662588762835
0.8863009556858553;0.2301644568425809;0.6370598713137529
0.8651961090187091;0.2156054407660707;0.837909868966169
0.6758097642085233;0.8805129410788027;0.3149131669183164
0.4432254618606707;0.44680155601996774;0.562197311568575
0.41212677706658585;0.08165094604921719;0.04236640071482389
0.7222087336311506;0.3698595471675481;0.710166746422376
0.3390396985690778;0.2829458902921502;0.2471583404248181
0.8691580832639365;0.4323426089421404;0.055354572109355904
0.0005836125992586538;0.13671383574033458;0.7641477388189387
0.9535864706124891;0.7877281937978682;0.17727411324643028
0.8307016042461814;0.5263979671965351;0.010442693842624418
0.710110405141914;0.35635524473336067;0.8626693668803828
0.5127908738122687;0.15399322940056726;0.9046139129618112
0.10684058439606448;0.4611848601536591;0.008665317641340375
0.707548436420901;0.5031029790903142;0.1740441685912013
0.7361010598958931;0.9566587270878665;0.05158864266406871
0.9666917902313905;0.4777471649097489;0.9816240324555996
0.39701087767480314;0.5121683301551974;0.8066569267645682
0.7650769843330723;0.8034676047712137;0.943184221939785
0.600978562485665;0.39876832289365793;0.03028182071049812
0.4310720320513882;0.24813395228302293;0.8885698458827455
0.053484993569607675;0.6499289894431861;0.7949654392992023
0.7196532456110377;0.4286428110731362;0.28067444817129883
0.9272806325547652;0.7562485256049075;0.17770098338903828
0.7075066155207571;0.9547372153462264;0.7970355811834916
0.9222072153414266;0.39643912596821296;0.05183114306873726
0.013562307571133303;0.16652417652984242;0.13924338546877313
0.019958971732466302;0.14979591386820323;0.9730431893226038
0.5549311482266222;0.5176328929101432;0.41503287928845356
0.309882455429625;0.041786002925154775;0.2078675965652813
0.2039896296483954;0.06757475370668864;0.4228334135349645
0.47758901319681535;0.7936485631076685;0.3859517584490957
0.806119340174549;0.2036017664005353;0.46733601906751243
0.5309816374498604;0.7761278611471765;0.7276142062604177
0.9700882524968529;0.13060667925744507;0.14171628086480015
0.23376863201558962;0.3323297999765694;0.6655914421338142
0.20969981613569466;0.532697465693721;0.8849504587837199
0.11354718840482492;0.3299866263733203;0.7807977390510744
0.9524312695440608;0.9972090513354996;0.8062792306272257
0.2470381315495922;0.38388159472967776;0.728362348483197
0.32548970493745155;0.08189585879528716;0.3063219351185299
0.9630286888112534;0.46828599274592353;0.04384305719955006
0.19248323495984576;0.41354509850391863;0.1069900076477106
0.2921928422596496;0.9960140107099171;0.1120771630118822
0.15002127309513125;0.02048567952962732;0.3455843432781339
0.5106319520766717;0.4197044213115776;0.4563282789202019
0.26537121610055636;0.6331243706978429;0.2946044407052608
0.6385719055174354;0.20358617465268092;0.1351392590851328
0.19594498922281745;0.5071105633294783;0.09351341709125172
0.5782732650878697;0.9370927364634133;0.6283265981833718
0.918811156200627;0.5729858083268763;0.6535710687111475
0.23602100491726952;0.8674433104394084;0.06859363715873312
0.7636727777246508;0.36166679986348504;0.046862703832640795
0.12911781644336218;0.06606469477703569;0.3245569345246335
0.286754092195872;0.5550784198366494;0.36703902862283433
0.8607583214391734;0.7101252532180046;0.16818198544538354
0.7986556128705352;0.9396721417902241;0.03391466244506003
0.7664384846386854;0.495264690931411;0.5227255637021551
0.9702615851645056;0.43743100015152925;0.030661060902498427
0.2608693584706131;0.4942141305050114;0.29847075267618106
0.7764891579173111;0.28200657048445543;0.4064748827098258
0.9749755033896704;0.8444166818076368;0.9836110400564524
0.3743696941826513;0.8663919631346269;0.40699678017927843
0.2188380833509731;0.027935365932666323;0.6002270762696559
0.6889035980490191;0.8364891901659959;0.13137204330596441
0.642243060748132;0.8367150573654853;0.6723441944957346
0.4257889745229151;0.4835795081691021;0.20378462957569732
0.3814081334290581;0.5114567286460852;0.10332714834303247
0.37210256211089754;0.3332307662012426;0.04560624688345405
0.42585788083518394;0.4913067788897929;0.6553620862454982
0.3661002461817008;0.8303164861329824;0.64955443740937
0.9145797792843947;0.23403107496393327;0.7699012311034166
0.14559618190483858;0.9220373549781486;0.1746530669057058
0.3577778869915764;0.09298679190828274;0.43066334810619666
0.6920242298815085;0.006115283698641005;0.9971993178998644
0.8054470769739562;0.13905698626683372;0.5653650580347722
0.5500787400926259;0.902797713143614;0.6836730873053303
0.9729296172555175;0.39325581363370576;0.6904181023845903
0.20884042961504012;0.7935466193371056;0.9244208546032926
0.3426313288527886;0.24740339499315656;0.22946357224812364
0.15015813573626557;0.005628763873592457;0.055517082915079397
0.3927602944881221;0.43982399115115833;0.5776942589960453
0.9956885534463444;0.9784513899991849;0.7918841836822056
0.8982552310116949;0.7565251391685821;0.8646317291457015
0.3133962698309616;0.14028849224650097;0.5552609468189009
0.9527414112794302;0.6441037923723193;0.5285609403058734
0.016055924295483637;0.8616742453165349;0.9299361300391642
0.9395039010285879;0.7932245809727062;0.9079543874328728
0.3168057205547954;0.6390239869343438;0.22751087149308058
0.9377974979470963;0.19709906226642693;0.9635556631047332
0.8983609766779245;0.6024430527729998;0.023565796486234025
0.19818515194809494;0.8308673695755748;0.30883659727449664
0.3476174402591288;0.8362667203688995;0.9225268011295101
0.013822732860504727;0.5295389516641588;0.3059154973906768
0.5014897887815868;0.09588650247052666;0.45870490959969246
0.4603584884105698;0.9655485324568825;0.6582829953081578
0.30001095735970906;0.8128541064934269;0.04272234680790543
0.9398281989860617;0.21345822155336502;0.28151137012206606
0.6439436074561723;0.030581920010362862;0.7099645485033065
0.8121359636865527;0.33449056876917194;0.18108074086473902
0.6598816435002266;0.4010476587425189;0.0784001270771032
0.19331650338372952;0.8654939827609126;0.13673949977459365
0.8160170035263103;0.5198176001603999;0.1850732227559112
0.6223919879232479;0.9638170977819577;0.8989214188345658
0.01905006741199522;0.005371522059102407;0.8624192093417219
0.9815165445736748;0.06061671861645135;0.11749958090473378
0.8234147215940395;0.5438926449242237;0.0692172827951879
0.12079265522951221;0.05444528521751735;0.1731629143107084
0.4702614051349323;0.8966328495368262;0.4777818164805181
0.6237550799459145;0.9100359598409082;0.36096401474322415
0.2753568339226077;0.3175542229259559;0.23652736752607562
0.7142932230748452;0.9083383353938773;0.46557819706242787
0.08798531875409765;0.8046980763850102;0.4720922647243554
0.13322947901879345;0.4828980690063477;0.8861321631162702
0.22695504337759276;0.8250853178166703;0.1401053820513738
0.1980198159198393;0.45986184689472853;0.46882047465556076
0.35053290407132487;0.6543363828059766;0.3932423347562324
0.6795289070178518;0.7076003809296858;0.7431387163999545
0.4237103324792383;0.34177633290041975;0.01902128968221417
0.9191189189312156;0.8427163052905949;0.26296686197138874
0.10313080148872678;0.010185461109134875;0.8050291900247509
0.5722127287507185;0.7712029503522839;0.9646642819937108
0.5908524306450915;0.7272872035096761;0.22124560718471542
0.27534220835257905;0.7396974694869656;0.2993250493823365
0.3864538700848049;0.48720639245208;0.9140131755140428
0.5949647043435301;0.14470166964040332;0.27518848294732157
0.8554043274178833;0.44451967725272445;0.3793954120477042
0.0631409339978386;0.16091077820869948;0.9948744960821283
0.924771980578026;0.22861477704677002;0.6257242034323928
0.5354164058659617;0.1756161288455027;0.44242242543028454
0.8404191863718403;0.9406013118671024;0.6380865560040394
0.2870841677587407;0.9616465855979937;0.6763904852947017
0.8644334027348344;0.5224333804711089;0.2363286874452033
0.013680120194764611;0.6888786536002992;0.39879192775613337
0.9697916114318632;0.9902892188595458;0.7694459064092498
0.2308948977641665;0.9886195755585925;0.7620254527428095
0.8925315601298892;0.2056482325924357;0.023393280971978236
0.7502759007594904;0.1710074503821578;0.46055055397802747
0.185190867590304;0.4029918454687834;0.2254812599206879
0.7833977378131022;0.9182365563788233;0.5079366294260198
0.3053350337886098;0.7492779148500329;0.9735878364722719
0.7058582562950613;0.7012432293506684;0.42266012278181364
0.8314443012133639;0.3663660875008924;0.5928977245804604
0.43139069191310764;0.364974235140454;0.43585990721776613
0.583953933265815;0.41113282756536507;0.9915845294106437
0.9755730904661021;0.2976558686904114;0.2110855588041064
0.025402272889452293;0.31822665208608725;0.6827485114407714
0.7418177754759657;0.6967853201157604;0.09164578696915193
0.39863584700006305;0.8205889477082408;0.09579213463434744
0.10930613178884419;0.5338210324540148;0.39691268398151736
0.09066501023781393;0.964143209737658;0.88043703349036
0.471809528276141;0.6768821546736201;0.2206012347708486
0.6857548856259513;0.16552852271575413;0.698363389459436
0.7797219671748251;0.614533896882244;0.02366865672507834
0.2542738827354418;0.887782165213273;0.9817470646558488
0.7453010544876367;0.2897625333643826;0.2635277231762344
0.25419559390796986;0.7278319432651565;0.618629485739573
0.8434715661801377;0.9546287581913052;0.34108975161903166
0.6913989143410108;0.9495595054215009;0.8485708368447726
0.35852423410171297;0.7229903288001236;0.6455973291058945
0.830625327914436;0.5643282162038324;0.5875592445439681
0.5237841362250513;0.9500051242395242;0.20487742664033548
0.23968194643915341;0.3214575050069771;0.16901346216414415
0.67953910036904;0.9948714366978683;0.4046591298263472
0.10919346252075002;0.6519846172567849;0.021632350056024263
0.299957106595923;0.012497581417520442;0.9688865879879401
0.24431836919694228;0.08761403654305722;0.1367939283621078
0.16094991541040093;0.6065333781032293;0.6745425034796727
0.18295498261671894;0.11701341991647729;0.9791012682243344
0.797349371769335;0.11059083677245896;0.9947814415747833
0.007274135022421246;0.18016500297992;0.4938451799486907
0.4368181929941358;0.9707605026740737;0.8904488894635681
0.03596595507150002;0.7944479067742447;0.5183506203665564
0.18539974710598084;0.34576407235602524;0.802534917047973
0.9626036430593564;0.8010199938795817;0.6380349165170672
0.4726462874502749;0.9750774378841873;0.6814209969172895
0.9418345816143034;0.935568703643692;0.8741073314264015
0.016949627508475174;0.2711522738426795;0.3420790523171132
0.22992599037077632;0.7526406761940622;0.6914441196881592
0.5961490657832339;0.2612551025448291;0.7633153670378179
0.49017722874264735;0.3634384470919252;0.5282079318093685
0.7341125765902704;0.7518841399189136;0.6202782739713993
0.6982777459524303;0.42316021378013036;0.12012703986277351
0.8971417038567895;0.46465605129421517;0.7251585476079057
0.4153036919320582;0.4801782906209847;0.12149761264432901
0.3393732432653376;0.8864525454208294;0.7322584322069279
0.025130329650756567;0.2715739569448634;0.3605491528028445
0.062288596060279255;0.6523914176287093;0.13606276130241945
0.17881206959258888;0.8808157162453787;0.6714551477413269
0.8199026386019471;0.6595527199638458;0.6426783151168104
0.6915071942853454;0.5951349736424114;0.9294030469960997
0.6863346678151848;0.08027229473976372;0.6344459460317705
0.06193829484158553;0.8484357101828685;0.7976396620613037
0.6213640022648511;0.8569553424740135;0.08348552419250976
0.9378551187925701;0.17350991259377746;0.5074960787484974
0.44720301277997776;0.8993893236357744;0.10088764661167637
0.30234997764155536;0.7248011389922007;0.24193824281949083
0.4148927756793006;0.31632087611359305;0.00946910251615063
0.34264869212565685;0.0428297479776969;0.9467048383093787
0.26862924739864424;0.6051471149474517;0.20565491367307853
0.29687275062718166;0.8542263861866495;0.11699878771968963
0.012529655975632381;0.3684992907033866;0.28391533300520877
0.5687779164430036;0.28237755808631215;0.7986807969807941
0.2698971919696911;0.7019792445913797;0.24614795549464952
0.952815597581376;0.15181987894550109;0.7095684858622315
0.8969891165920231;0.08759400093873737;0.7292034771562014
0.9370523516777858;0.12521031091514556;0.1177977753734577
0.3208275131018966;0.23393167095814948;0.9094657241407009
0.9246619499738506;0.3165779931715156;0.932532943761122
0.01025860372984111;0.8034339640188833;0.7997091853980675
0.05655233137523985;0.9858535591332844;0.47072166479223276
0.4437477765645256;0.6109512950248696;0.8393884189296097
0.1276568456822964;0.6478282226338771;0.1441192688121835
0.08767537083850097;0.7384758785870696;0.3978763242322225
0.5095101794521113;0.10601590357505652;0.0023723422874463163
0.32258845959805327;0.19502088334609113;0.3703559089282059
0.8265201748112725;0.9390377000192408;0.4822318313413372
0.02264346781400428;0.9443236154176476;0.43525794899651593
0.09981832365790089;0.35493865938117364;0.09419568788290833
0.5722477836383602;0.28044357846019463;0.8678973851492465
0.0370563690632687;0.18566001576429614;0.5855146659720077
0.43931816397348344;0.44095257802762033;0.22560754994939014
0.9037310097349577;0.8222901087075697;0.4139060017367342
0.9254678598307908;0.18830478380973148;0.4810178303881796
0.7839382969803794;0.2124174197470442;0.09974362980990403
0.20599417746049642;0.16768755468626928;0.42308992609217067
0.018489093948999336;0.3411341615521679;0.8565752186025807
0.8917358401170716;0.9945802616407438;0.7313470295771646
0.42999240682692075;0.04955327205655591;0.7828421717559708
0.14247304376554082;0.19495129494203678;0.06851607832171791
0.7709318647512178;0.2071949491292744;0.7869391400174427
0.7892132473967897;0.47938025098596737;0.06935396172712172
0.18713625763670283;0.8000738414990646;0.08771656182369492
0.39722023715714283;0.9007909155739355;0.5008726820078292
0.2541264816664396;0.052841423869393056;0.08040504819191818
0.9844839123793192;0.877389367677816;0.9763745233288119
0.5378133668289171;0.2970282480983739;0.17141372216787443
0.27782789090001736;0.21910696253498552;0.7995383278702741
0.4345470256244891;0.5807247859295155;0.8398144400724111
0.10620104740015235;0.9813028869603019;0.5797360271226992
0.7926325408230656;0.019964370426315048;0.43431780342429893
0.18224798899833017;0.5619714729793249;0.10396697076887951
0.19949023557119738;0.9337920551489065;0.8879847338123487
0.3559777555830267;0.036421310087592196;0.3894965488717259
0.381446359684946;0.16242288823481954;0.6446618763996215
0.27128846289018793;0.041031093264186747;0.953833116780944
0.3595203994717552;0.9579964665215903;0.05774990433987914
0.018263306173560756;0.1300453635928851;0.6703943117645319
0.3254857705195454;0.9108193641231963;0.24954653683518213
0.6048772245863704;0.9944327303089214;0.6836716371831963
0.2807965328676101;0.6943116203356562;0.8557838671037078
0.6817027391261802;0.38347576640873815;0.8046827123353077
0.10325464351874158;0.1579073242950435;0.1366386236331586
0.5610763915197112;0.33259972547188055;0.8547938203070494
0.4913707300378878;0.014169683727071058;0.24828506349221469
0.17748705370665518;0.140019637690731;0.9089008368742156
0.8835997149851684;0.2988485937579992;0.41512851347409774
0.4194272553389842;0.6401827661758765;0.6996777701449565
0.6169905957485471;0.7170001497780109;0.4228834648103421
0.32460208469384677;0.4224603372163458;0.8422916501708139
0.807148972552176;0.5346003312491381;0.22922160932592772
0.047252981642411984;0.27348223896918755;0.09603686307684434
0.6408163276611027;0.45500467209601936;0.6740912456837005
0.10172335387747877;0.01571984301512397;0.04804667656300399
0.950209305579762;0.29268996888310916;0.21556862153106604
0.5701258242496224;0.5530178166307522;0.27761377506137364
0.23340946726281375;0.6177882543988941;0.824401344124962
0.5997222573084858;0.63836482624712;0.19397515829166356
0.7027317939844067;0.04064589732938184;0.5784694318013963
0.9477277859685995;0.655800818997463;0.021412851048058235
0.5902429112425535;0.7433123918870854;0.18189315820775986
0.4087088119907072;0.3795661998537533;0.8715228004527419
0.32457311211495554;0.6319757365900018;0.5498857341268582
0.36868417357843797;0.5489593166700534;0.30850837807065323
0.4628411337102265;0.40448892982015905;0.46080105132569593
0.5041736572922568;0.27686583022751343;0.03088168027281446
0.5644137201400201;0.5609232970965569;0.6943672133590809
0.7936610664837294;0.1466078149837845;0.885167064450192
0.09828200656789332;0.1050398656254925;0.6901306786448368
0.9542219794840072;0.8421919175661575;0.6196681647927635
0.26628581582886024;0.2810122929332248;0.25488592902141083
0.9236083750627588;0.5463711830764835;0.2444884264081686
0.2004394484858273;0.7037828102277213;0.30306141809113873
0.1015195382627424;0.657039776667969;0.4674130945185706
0.48588138230826783;0.7876842998293048;0.31381190638979173
0.32435928597429675;0.19132682229453135;0.25122835695676926
0.5986601499639768;0.6789578717978305;0.38854005033031025
0.06030717892318871;0.7495797788512517;0.10548757630266736
0.7868230953305151;0.22544532620103785;0.7710938180481463
0.33595208933971576;0.567279597970756;0.9839723091191446
0.07635334929044368;0.2437141611146877;0.7500535309275741
0.009950503646236064;0.9672223905891648;0.36435479074596333
0.6501612729325126;0.6117557551367926;0.36232012015976456
0.3519742209574036;0.26747797577199217;0.04736657603625272
0.8267154380528308;0.949657852233863;0.7239887628958399
0.2899934869122285;0.5457036569049166;0.3680362607677794
0.036460205850464056;0.8527034446274625;0.6179435802144391
0.2752694693200327;0.717516761977828;0.12109242438016865
0.22735392461388493;0.9316106127189002;0.5855548839919639
0.7644443999341243;0.3746812948447372;0.9086823020154998
0.8655881640387643;0.4260314198346917;0.7039614008909648
0.26056983763093133;0.5479721794657527;0.6655418915040682
0.950675341575642;0.7710226831652196;0.5407153012959147
0.9982159181557073;0.6273779119981286;0.9521745086289723
0.6567859834632652;0.7063749140187601;0.03407958635569508
0.9041580050578082;0.19296033476472518;0.329611721319197
0.22055255219727854;0.8731894932057012;0.13964575749466002
0.8620835793023602;0.47867110594171935;0.06795433716529575
0.826644220217439;0.8610634654434814;0.2918228321906362
0.9878082191957247;0.6033467137959379;0.5619370006554057
0.9312784287450565;0.7933485934464466;0.11975627959795876
0.4929934686492484;0.21948108299760405;0.3357669372452706
0.9185250626205247;0.5441445182140408;0.5083881550534366
0.23028960298945644;0.2867044971754026;0.5123003622244456
0.21094416032706664;0.9189507263609986;0.5115756498979563
0.8375383524621024;0.60942210598037;0.17267293094311742
0.12290302647450013;0.7869529412874633;0.6099763619588069
0.3378673554817272;0.8799194451087508;0.9539268041258755
0.6857055367002974;0.7730520537879817;0.5078821653814959
0.19823242890048232;0.3621031224219956;0.24836174825691515
0.6005140520539385;0.8449448883797285;0.6194888878519902
0.6286119598582837;0.22417268900160237;0.9339037628501358
0.32463928015952126;0.7293270545509508;0.736986021187294
0.051410944976646444;0.7541931611890522;0.3900104748798451
0.4434341872443036;0.5632029321661646;0.6281785469873903
0.7620498301232916;0.4105985084692616;0.37274707330073653
0.1990722051864594;0.5068372550344282;0.7760054988658336
0.034010629919597135;0.5762609319032518;0.31124591409852953
0.5223785338665493;0.09717049543201506;0.4436340078301062
0.050635925149073335;0.3339371291829609;0.4820767026299314
0.28324282301075143;0.5192117811670875;0.27615933960591066
0.904362125802645;0.22754183685803142;0.1062410392108265
0.5920338879587693;0.6229760882768856;0.8911287166082944
0.08495986723523563;0.9530701083977126;0.507983545053303
0.3978680881165394;0.13549503874806212;0.7192946990364405
0.17757093777520172;0.13899629903193877;0.07534068918027237
0.8127870016251117;0.963599745502227;0.9979727480249878
0.49324292786037716;0.43618657213679135;0.02987363048177405
0.25311871983272916;0.3196709557912356;0.9519558584835405
0.4796022369583245;0.826790695942565;0.8064058057875712
0.29169376280155046;0.050328669248628444;0.6556357441866894
0.1739565077730777;0.7500893074005898;0.7244191163484811
0.31810552696311045;0.28546939616298717;0.7057273691541804
0.6837905245757038;0.4487778764824928;0.9500288602156072
0.8306261021496086;0.39336771540210613;0.2001913884690023
0.1807657187012921;0.4768931866395437;0.45181979348511403
0.08556413555903986;0.681288157979573;0.8181668469899231
0.7917071272730226;0.373451170949778;0.6076432760556911
0.8265511852982702;0.6193935692477032;0.33408871816318086
0.23470052435423405;0.8880052557067973;0.08490269468218936
0.5807721854209431;0.016007576187631156;0.5487962323190014
0.6083559940125907;0.4806809173362888;0.9835149035358746
0.11251515416692492;0.883079880024056;0.4729382816951959
0.8214179092557277;0.6398763759061227;0.9323693886310784
0.44021465037636665;0.8957563866369989;0.5726092121916518
0.41393966340064736;0.8998758841348389;0.6618622238674501
0.5973256570627408;0.07733612826423031;0.9344339460592569
0.3312912256795555;0.7635061246716552;0.7201410520922336
0.2223226746541207;0.13312107150928554;0.8347238734015954
0.8957828321682895;0.37740939176059174;0.5874235492765097
0.37241067540690365;0.46794575499109015;0.751963352962881
0.8348196802085431;0.9727806408018442;0.5333558076587203
0.683785942523034;0.4696337041158771;0.08984091045984588
0.02388676702233361;0.47905461126244164;0.9452533671639543
0.19665159298523283;0.4085944355862644;0.993575661794053
0.0874517259268408;0.4661345533609722;0.8595427463220425
0.24506398052855016;0.7424565306969152;0.7131112889619633
0.38832023078383426;0.617486679525546;0.3107638995148907
0.8612402754721483;0.964655185408731;0.5925198146755224
0.4629683460129438;0.1499759834028752;0.07859104367394354
0.5047656082948949;0.6551100748390968;0.9146987237635157
0.14352762569495026;0.22868158927321336;0.601342650765311
0.7715378820060791;0.1010182204665303;0.6389199001977477
0.5394052366354873;0.42342560532284323;0.17354445526160867
0.42610236527843603;0.8106092383775468;0.6248309854059347
0.4026893563771309;0.7775885356047183;0.6047091956989512
0.7657462689209178;0.26335485587014107;0.20699637608921317
0.6395320288743307;0.35090453440481517;0.8786853741153026
0.020370768477103396;0.7725861295136024;0.7875268636600661
0.3031008557334901;0.9460931935666201;0.35749908919204043
0.08640507335805259;0.3926928254800549;0.6333104583385162
0.5590565980704161;0.31554814858959035;0.26844633856587063
0.10059115024152165;0.9299876927303893;0.18567469737501263
0.7893162311065325;0.5484985796447911;0.19785743073833328
0.20806681531531035;0.5050487226410008;0.9401984820406812
0.053467513459426574;0.9208921808707645;0.2841071683387034
0.9843315116176616;0.23476128395645068;0.4125521610951922
0.5267134391880575;0.635640876186307;0.49356642335791856
0.6405236748633717;0.2470204208848492;0.25337200520812453
0.2575938363759195;0.36180267857932835;0.8610552790843083
0.08466304899114196;0.9931678165173518;0.5677780657027891
0.48269829903848094;0.1026641349890034;0.22720406080905886
0.6206328495853959;0.7610119046675549;0.3857403226943321
0.3958766429670978;0.995378188196971;0.2743093894344599
0.4508045647896233;0.8384124244645561;0.528617413957488
0.6882347579043823;0.27127309616945616;0.8468932501583508
0.46263089255335244;0.22677445342326874;0.0641178921567781
0.8007364359533178;0.13077183124474723;0.9630022436853193
0.7400820000087992;0.19882798487611497;0.6869635884582215
0.03865168162640098;0.3611360484619476;0.3190212715069548
0.8084656628994801;0.17352896354946856;0.1802743277010287
0.33947567517169686;0.8226265385511563;0.4188762983538348
0.7649091965889477;0.6934829148518781;0.14595896334849168
0.13356735619198767;0.6483311703866281;0.7886726089650302
0.8601323301065172;0.764780142328433;0.3938368620647019
0.6512301169699;0.38227215011769133;0.6966528422932619
0.3873639045378947;0.35399887036191424;0.9000646452472878
0.7476340551840958;0.8352475405613348;0.9872273288769701
0.3271572350239824;0.9958607341764257;0.6637423341481918
0.3639889437796998;0.35007418325652073;0.30625089091565727
0.9033593868899156;0.1841888436694028;0.7041168997284323
0.1895096574285623;0.7281623238148746;0.7259015952635464
0.019797149264302982;0.18075243853929812;0.9729430713759681
0.8579502597332792;0.9186275940818501;0.5488888200133091
0.6752758137839981;0.3121704570486421;0.6738315989656757
0.9903905125137676;0.092640991080014;0.03903267782190567
0.5911128426026094;0.8820520036386938;0.28116177363185635
0.46654635099705466;0.14308560793204161;0.5752711059256708
0.7678239409337663;0.181791333877374;0.0019888592970586094
0.9576259255129733;0.08188614263767957;0.21854563125141402
0.491071933662521;0.5743383445184007;0.8767657658667454
0.10374217183558143;0.5700724709416957;0.29325656437982495
0.15681370372752335;0.8004449889514755;0.8943608280200892
0.17108298662179744;0.4510132945799965;0.6884365761663062
0.5183166394206918;0.7438396555487615;0.25396240001768955
0.9004175325164281;0.05268838970966072;0.9364750794170233
0.4244082179336942;0.6112499365599076;0.7478689377127677
0.566395093499652;0.886581880410547;0.29787058282104817
0.7297976045325332;0.9196860441210737;0.2591981408905851
0.5800245107332105;0.43291033307976;0.0811168480399238
0.4367308101838865;0.6372754523737181;0.8571103845768916
0.3892254528562892;0.30905994376392953;0.8832755872502231
0.29992555677986477;0.9633966952246554;0.6772644419679666
0.5761888335596725;0.8701674777441586;0.28867382060305136
0.4633347205644892;0.23847136816466064;0.008000323904126971
0.25787912603884555;0.07354279784761475;0.12784564272945598
0.7225990647328077;0.8824724449715153;0.03799842270571285
0.6891971037108406;0.15679747940563227;0.6690551010691194
0.16460590654059526;0.4008324825958186;0.8644209175686621
0.2953253346383906;0.32056731140030215;0.9238051442729468
0.8446764867304455;0.1289431491033517;0.4361671520647662
0.23518820838144805;0.0633242496763774;0.7406151134373332
0.9777893348698871;0.9896492011660402;0.2620990938658483
0.04999236304331711;0.4802901573172953;0.9843247261819477
0.2523243474433693;0.9093523012516042;0.5039597102612693
0.22463377852445154;0.008067757343417914;0.4360235395689973
0.4264930516217812;0.9712980262554698;0.2399382092887835
0.006389927383195215;0.7391081913462356;0.48715268227744546
0.40012852778694163;0.9872978832098352;0.858414143406915
0.1409998006604274;0.641474681255495;0.9219410564892604
0.9684243117315912;0.3022987127276535;0.49680708233850623
0.24723900862405768;0.38242483791001136;0.8067778663896515
0.42939805270113685;0.27209110307217244;0.5983088351717426
0.7695433978756148;0.46396069621023805;0.779698577805447
0.6962771186126787;0.2184880618320314;0.9257138547468828
0.9069867742374279;0.023051890371028283;0.5611845401380221
0.16758143339976161;0.03378838759796532;0.09646425397767111
0.8269605664398899;0.6082818915969137;0.9657242919450999
0.055790483519266854;0.06814233593446262;0.40739852708948654
0.5162505965531509;0.5273949182965777;0.537483674472418
0.3870713205791513;0.8882781275045716;0.9532204941080344
0.3728288375270532;0.06420265699495353;0.606936507237257
0.9265686074400664;0.744351237937283;0.4494081409475692
0.5055847464964315;0.8497742121125538;0.1830078510013542
0.09694640734147697;0.7759121587639198;0.5640143665322527
0.4131944716649405;0.704666531153941;0.02700404887062202
0.6275158482770435;0.3888756971036428;0.9381660451780334
0.5424276106642246;0.5601225906870326;0.32107062021367005
0.9787191301038399;0.6830265690596345;0.19511542069647558
0.20998546386927264;0.6591870446783796;0.09527653977515438
0.6750279956208705;0.6809910752638877;0.5262037327673114
0.7330628743387086;0.25919590911067736;0.0756080325206393
0.6197994569582603;0.11733914933669942;0.030357420695400483
0.6267484882472164;0.04878408340738272;0.013181277720826334
0.4936355852121358;0.9119713591206142;0.36688397854810906
0.7185086071297543;0.6340717933017365;0.7369589329799158
0.8405867421342728;0.8793551543101313;0.46674179063616206
0.8040164687768993;0.04187604572216097;0.4214997862202593
0.03237959546471425;0.7229626668564288;0.9639138210299677
0.399554823617408;0.521963643463003;0.4663164169834356
0.23703052622458687;0.21817313707102703;0.357013154899656
0.48732674448538826;0.22853398047772822;0.6438117526380063
0.6182248147072092;0.15454120931917892;0.05385149940070444
0.297409119602032;0.6071823280268631;0.16591317249704696
0.9286203840707129;0.4536152486003998;0.5537798401891451
0.8657462002955136;0.4700506825122396;0.8686303696892275
0.016577805930664824;0.3667022603989911;0.2467354161196914
0.8207012146239736;0.6659335929185565;0.8265967404526311
0.002392070224262466;0.00756286091944236;0.7494861775866973
0.6317041617913656;0.2844410243858564;0.8372129320484526
0.5859645515233537;0.20742580454160908;0.9200168716338806
0.5798190638504946;0.4903576111702045;0.7973259218756203
0.19310274543590633;0.5471190055471818;0.2160084541509194
0.32563715447371466;0.2219845256435612;0.28715585251345355
0.9701235252757441;0.6216680612260834;0.28349338867644236
0.13742823457548048;0.6448007391129749;0.07328225359100571
0.1961067741172663;0.3097350150927143;0.829010335771066
0.7176715493901193;0.90981478303079;0.3024570420901095
0.8635711200070624;0.5175776899629503;0.3358695684728247
0.5960821206103424;0.4357393409185317;0.4207640506653626
0.6443271158683843;0.7844623039212474;0.15655554353836354
0.48319081098160876;0.5884411161551296;0.3797296325139259
0.9127248318655884;0.5242351117163023;0.5155612880132779
0.47917789853940385;0.3387611984740134;0.641339022937838
0.33217388967126604;0.01393447172797524;0.010679047816902987
0.40877873507799745;0.8509118082971815;0.9905215576928684
0.958289493747674;0.0833983626780539;0.9320234890592749
0.46101122508653924;0.6260692559286458;0.230220791704991
0.06170763589902095;0.2646858757537981;0.07189963111309716
0.5527796457631611;0.7824916527426352;0.6668159654056462
0.6419286851144775;0.439687171568086;0.29459763667744443
0.16681762554594437;0.8036612418505024;0.6739360957300358
0.1269440401664237;0.5467288442877795;0.16455764535774253
0.2018359850932938;0.6611423757416729;0.1796698847147995
0.9603664133016591;0.5419131182880133;0.9315484636503916
0.3666859019485722;0.782622061017556;0.4310748141446631
0.40550027010129897;0.48052398413582476;0.3881786312557177
0.23019650299844385;0.2617424630163714;0.37069502445841873
0.8598151598855724;0.9948592212076152;0.11949424713161305
0.36575279491166934;0.9321182814617728;0.24003307711612876
0.45929987412990003;0.6416652690139543;0.1233224553943364
0.17893856783909445;0.7574851936789769;0.625576780284558
0.9353162683448006;0.31217409808514296;0.3394309692633568
0.8336821669167831;0.16668475032124586;0.7055824384925594
0.5035696968255873;0.5991863920435311;0.8945115001468927
0.8655889278499298;0.4463160119255757;0.09351747954200473
0.30716882298873716;0.46044710485838347;0.7110166138205996
0.6466258601925202;0.09199730683766583;0.7329237472528751
0.5908842871205626;0.08977594759871965;0.4656117306633686
0.7975777020925815;0.9528101703882234;0.28670386902142775
0.7728002358148947;0.7502839860143172;0.05459147477105353
0.60381890128768;0.32474666807430563;0.974575082505086
0.9848701802841897;0.6410233910118889;0.41907375952532255
0.4388814753204182;0.3142828564619893;0.14210897531596534
0.215321950134297;0.09268284052316067;0.9043781634698946
0.1875207710825132;0.6067956827270591;0.2523177409582412
0.8986080939223309;0.15781555693501925;0.20433651774518236
0.8739602271005233;0.42851704945449764;0.37141174282300726
0.4633126766491983;0.8572894169621393;0.1366941415027274
0.10887456863083234;0.6018458412470882;0.3694276004062398
0.15961874306325963;0.0557646856721703;0.0037446070684796773
0.41526788656569347;0.7870996147250846;0.670563684470771
0.12886698565393695;0.34919574962032784;0.6147542701872328
0.061013141242543756;0.9476813179979122;0.7118786973460081
0.1670683953282014;0.47099458259592586;0.5815345380769265
0.1825773825691095;0.9943022472110934;0.0659152029021366
0.2617947697515447;0.8065605990020741;0.08111150552935598
0.8702617647485438;0.6110163365641382;0.020885984064238805
0.11339794887458854;0.34643472296430644;0.8364605946722089
0.7149829415440344;0.684937979571982;0.965943625533499
0.916416529768286;0.6745691181186205;0.5220538523660084
0.7312471727019184;0.39276357337930257;0.2035400390324542
0.10249935162252666;0.022580384823422284;0.49476011221589333
0.31422548233684977;0.2933727754316007;0.9686902012638596
0.25570767294566543;0.31653129400876856;0.010439645482752336
0.5800237065055945;0.27611408785911373;0.5068099287682819
0.32202182158707804;0.42452804426630053;0.809423272996653
0.5284547161710202;0.06835864723096563;0.6032360926652038
0.3443794709506165;0.6733467744504408;0.5765135857950221
0.6425781093660708;0.8410953862105901;0.22004855981370197
0.4165235645917762;0.6726962251028011;0.6696745315696058
0.835931941553314;0.30719776578657376;0.005403244331732782
0.1181206587679452;0.933153075755548;0.17235098907436497
0.36779328706803693;0.308079774424998;0.38407903914155017
0.5258807283116722;0.8737084452447204;0.15789430904300095
0.06133171758623901;0.45515312160593824;0.26460584407525733
0.873790083909324;0.29562464657648757;0.0935317487456131
0.8184635287073558;0.10882407076349299;0.8184701214793586
0.9960515002407494;0.7720071502814053;0.45544236844629626
0.43123537590853067;0.1521837119110474;0.10799168695608286
0.4090641277233612;0.5206040340464537;0.3244157109498188
0.4424988127966437;0.5478524246482076;0.449306081863613
0.3622583749982772;0.48761780315832937;0.13816655631926245
0.17507314793914652;0.12525453063897185;0.09490141803119889
0.22599723733396992;0.06654455019680583;0.6641229118568909
0.9465492124283477;0.619999540376353;0.532906328326573
0.7792606442861566;0.5541901488687402;0.9091958101098144
0.6893994104301674;0.6897309321114166;0.32313519008392766
0.05560924868143535;0.1303825595065684;0.41404283124752583
0.9198965186025466;0.6920200412560681;0.19933287911861364
0.5318501415078754;0.6314266330168017;0.7277615696372869
0.8905400646678572;0.3896440598343779;0.03796469923580792
0.4152727051812236;0.7511248758910003;0.3763067872069846
0.23481680733465848;0.8934340017924971;0.33883553903066566
0.6146143511383387;0.9521385162479509;0.676707651836135
0.9934117375364928;0.13812542039366327;0.48244139695448574
0.21256691170391417;0.7924876745049241;0.03512693999354588
0.7408057537996537;0.6574073838962753;0.023800213776988488
0.22036629615328573;0.9779775891900051;0.7676072822095131
0.3584045003180951;0.06410977711330879;0.23407250235933008
0.7496257350408126;0.8759717757441551;0.8631629065122579
0.25890511017717754;0.2610745848495267;0.730134901751028
0.2508350572432515;0.3383916633391564;0.26791355529571026
0.9057287170858348;0.05768972821610552;0.29602701172578216
0.2953869959233256;0.24707222634436654;0.8954198435466583
0.027618205612616187;0.6716034724410594;0.9193548943673125
0.576051297253626;0.32200910341688915;0.4848636968150378
0.17819880101479135;0.5399756295500967;0.6835850182370552
0.19590704657856162;0.40577460855431013;0.3022741109554008
0.0912413493803641;0.7109071856710318;0.11217849037082095
0.7448684561700814;0.8930911885697418;0.7615536958677046
0.5292769091353238;0.6288411296061568;0.7445071379493928
0.21608135906129033;0.5375208254909529;0.10400644261993863
0.4290954775950334;0.9248671583289956;0.7924976205532619
0.1170800215211053;0.2626648357380016;0.19271819294568504
0.38165578705375747;0.5625076650463197;0.4223535103533974
0.14861223005351343;0.8845352922401526;0.6096685639229966
0.1944394411318886;0.0679192386393187;0.4293020859616675
0.13149571690260908;0.41054861411939647;0.652120105404738
0.604698253664431;0.18990121783694192;0.8850324337221153
0.13526222854316716;0.20737622501854858;0.339749920500772
0.721789269205802;0.8466815088619084;0.6677987418895923
0.7556345787529579;0.3442559552168284;0.3649813865778655
0.14296225346375924;0.9597908691174767;0.8728422723653879
0.8930853981210247;0.09054286847064985;0.8294320881215784
0.04684866041428881;0.2985830770820427;0.771118608411222
0.5694014409835364;0.007449482241652872;0.6095560236446919
0.34300558481911003;0.26057394612479146;0.756385427922249
0.4168802835456573;0.7420435399195967;0.5110970647405627
0.8922710404775475;0.5549636525277707;0.30182102449361314
0.732006106209756;0.990216173348853;0.3874071396744706
0.4566597986357325;0.11342859837457919;0.07790036978584847
0.2835197414255419;0.8826454711271785;0.14024469574453147
0.8289376102913331;0.9829288640610904;0.08690105152474115
0.9320764413997557;0.7780309566743578;0.274780281358846
0.90457930936036;0.646636546927637;0.3598387161634172
0.7438532303415728;0.2115590760331465;0.1879007820541161
0.6565821712043253;0.37515718421117983;0.5406096674808816
0.24108317196600426;0.16481213484941148;0.9068032468301568
0.09794516060753855;0.9485585994115355;0.2952835309149464
0.620108747339219;0.17583109799949947;0.4435694537807586
0.6357328958778479;0.37037210806944176;0.20689862209196108
0.7657962191206479;0.3055959429876055;0.6784623536689152
0.5091512522106462;0.5758985627637196;0.885351806968685
0.14140298436844578;0.09695178017255868;0.5727454971507059
0.9798096277480012;0.3514344710148828;0.08665882018456617
0.7097683020126596;0.14041627237044596;0.2777759595497089
0.8020589782507831;0.24994697824815681;0.7723952618877871
0.3360960682656676;0.706294196962244;0.3185067699854631
0.013754190493931562;0.50511523057909;0.5419458053939886
0.684495538312695;0.09466597201973981;0.8588149870829449
0.5059221496939574;0.3216835842968744;0.3726784363347778
0.08757889294939147;0.5667698577996851;0.2934023861792717
0.6765349355606032;0.9099024867091796;0.14012657878958334
0.013135673371168943;0.14872069973947433;0.38782438091291116
0.539013873467248;0.04929435941280835;0.1783384973047919
0.3392958795570714;0.5860398633055911;0.18110441939572142
0.8028598028748831;0.17209542269575484;0.10543127375878225
0.018501518562577646;0.907114462329221;0.4830136633600234
0.04205548253784264;0.6137424814392731;0.449104201513398
0.8787700372654111;0.7924808576756679;0.1681135506349528
0.5435385845254509;0.8833537130423683;0.8959003486493459
0.21125499046432672;0.9338174505664825;0.2894040065240492
0.906049101044268;0.17214806917101455;0.3338665993778026
0.9490451181468819;0.37163726929442853;0.5156662213718153
0.29060104705185696;0.803818608269573;0.11115799405498927
0.6847389158891289;0.9800546774861462;0.7121053541970395
0.527453984016433;0.4893090986288742;0.9964154224651451
0.9758717449397737;0.688567101971303;0.7626239750545027
0.8124381501571755;0.4176296103834287;0.7114115035931344
0.48690954382513485;0.6590514650405394;0.6615793929487073
0.7859656367758818;0.7954466557581698;0.663645500061983
0.8986515885352844;0.7801718925768487;0.7903769172738231
0.5277886934995037;0.6533128129935017;0.19455366627960613
0.8859744286159786;0.48530577312015877;0.12022797705758603
0.23286423364528186;0.7642668636577752;0.48148806615458883
0.40679839896826275;0.11786800558512722;0.35537252876432013
0.24910402503703521;0.09689824001740255;0.5083623328012853
0.8299274671946753;0.8405469580359418;0.4317400728111743
0.9206433288964395;0.2703315509645865;0.4205757364309456
0.760833003681869;0.10291730961179768;0.567722641612553
0.47951422212327677;0.08915457045796116;0.14001768525457003
0.9265606486571574;0.5993329843852339;0.6350984418272145
0.03384655552593563;0.9492925195568962;0.033771917238229476
0.124577418218358;0.5006728312752285;0.7241569788385998
0.23014289848152247;0.654994601651665;0.723990614399886
0.7385091585977932;0.03599933956024359;0.8488891524138054
0.5278686279089687;0.5040180328420573;0.8533601312776067
0.7905575607567606;0.03620800915653655;0.7436608288038853
0.054269392447202525;0.19999195496662658;0.1010166358469392
0.3417233956015808;0.8105842538985725;0.6310674859031875
0.1170256988939734;0.5675126489927651;0.532385359638458
0.49169524410072085;0.2692088706192983;0.8702613525199473
0.47770820500305455;0.7027257935757504;0.6809987564395837
0.5125733190251006;0.3078687648370768;0.007766608201619674
0.8444084198385657;0.003467599412040112;0.13928635144310453
0.9551872250360375;0.43499155622497965;0.3035370137407424
0.34127377430058736;0.9854110503112741;0.20955557766562527
0.42117950128658777;0.7651178863275475;0.30063602513021814
0.9798634651853868;0.7451972841398952;0.3267743999547277
0.6444229336453474;0.25093218366923586;0.2367677314589388
0.5086224713291327;0.012995398390514334;0.381639949876025
0.9692805897813765;0.022426969957494713;0.608259525070864
0.4315221123773728;0.12334720526589482;0.33615822395915107
0.07185618601813293;0.6412822679141184;0.24158033162709625
0.9196118221098321;0.656264402336087;0.6406018255761949
0.8263011388924307;0.12461893140260627;0.770958809328398
0.2397645413806988;0.12675686629603822;0.38884363734593164
0.2883455982433747;0.34525774384429164;0.6846048758407346
0.6343326587979543;0.033277210057858775;0.19078811469323742
0.7215305561030555;0.7444526884568794;0.4063927949512255
0.35224087978203267;0.09560590336886776;0.9285163513543169
0.5714742597777072;0.4219712675649009;0.13375752689944298
0.49865602707255474;0.9602321163919716;0.9722576132044874
0.678599786150074;0.8752823129326728;0.08821742836584856
0.2953293458200693;0.2676750198613794;0.22801897920768543
0.04255504289093259;0.1237828316671703;0.27814076736487725
0.46186883158280856;0.26619349782686985;0.8875291902946617
0.6673892238115082;0.8937873752422028;0.6664878054689596
0.9730276353167736;0.4087358963598975;0.4124294800961291
0.12051102288810922;0.102160957402881;0.6627199943771698
0.02009363924300256;0.7900820919031556;0.7335953057273997
0.10500143226816794;0.9928095763322046;0.008734087608779806
0.7770152507172556;0.6722915153042366;0.08927829422372979
0.006354680559655712;0.3138143848874223;0.10901751722475606
0.6666588923045906;0.02477924804873144;0.782552484611027
0.1499307974643711;0.5235215292967653;0.8297066755126807
0.8515989562860643;0.6445731483033018;0.376737345483419
0.19501054829770947;0.09084498019460563;0.2747679779250405
0.9230178630820983;0.9763673894603168;0.14963298230710154
0.94522711170108;0.4371907967702615;0.4582985298321687
0.7330223623852177;0.5289210313322188;0.9724657443748232
0.8154990933145887;0.6647345079421901;0.7621798869175739
0.4351708340572744;0.4485888287439641;0.6834158221035157
0.2806500614004036;0.5108039811320271;0.671181355846533
0.5869222141247403;0.5420821398131833;0.7212813233653944
0.5289889362710362;0.18507323496365768;0.04014291050682939
0.7103346522222668;0.3408457549869315;0.5356343133265317
0.4630560165342871;0.5497286468829903;0.13037146231794083
0.7637633825689335;0.871877554529302;0.8750479124613343
0.5248113614842536;0.28157010612517663;0.12424230962486071
0.5840793373796603;0.8639559995461139;0.7724375267734301
0.9455882314259056;0.38794010934072487;0.1745646099239485
0.4409815724965852;0.3734337844091623;0.4305342023185047
0.7422871069041092;0.7419740907672895;0.3752907576074964
0.4603556023467883;0.5640474764605519;0.6371978436112331
0.018087363369769793;0.151126263777003;0.6082164864910165
0.3903059928823971;0.8727598855870858;0.5949760127652903
0.7669320884071573;0.627191401984732;0.33292969320375543
0.6094609075498286;0.36542091670635735;0.4313587412783382
0.8983421556344646;0.21832432043525163;0.9269593677102592
0.598430683454597;0.277878511285101;0.3002186315078619
0.06967971270409634;0.5357863726175922;0.6726102636362522
0.9102340269133089;0.9936103040595771;0.20557591528192687
0.21888785812650025;0.1127746930807777;0.6207790697199493
0.28353866456624255;0.023916919597838482;0.922017013718993
0.29909240868337006;0.37618569780894284;0.20538304757504866
0.2867160495000789;0.9046739683727948;0.21872503131232046
0.9956285960401403;0.7811243189643489;0.09050081098353213
0.1845165019039886;0.4847316244098214;0.49005647261640983
0.7751382054458877;0.7398857390355724;0.8090969938193497
0.12538929644697872;0.6627517643615413;0.0058813234126172675
0.5243175771596232;0.8775102141020067;0.34719875358318164
0.7304905067142692;0.70078179363207;0.21219623750795757
0.7166662329881617;0.8362598741101157;0.15124899255126578
0.21825933153457855;0.021119824480143712;0.8260522626247647
0.6001132895408031;0.92277428591619;0.40028730203440765
0.9082418119826137;0.286572153794304;0.09642363792921738
0.47967812924766884;0.14722472325509184;0.27653228936754704
0.002715623742298834;0.6188122525945862;0.5931933779203642
0.043857685525723555;0.922343297968227;0.43216056393658675
0.8847912861377181;0.9311623742585665;0.8631538431816775
0.6392612570271549;0.2937029036022909;0.2379555402944714
0.8899104321063529;0.3709324009055508;0.4934524257359181
0.006458744943391825;0.7095851530602258;0.09102704383478388
0.3891088500279659;0.39319286666254394;0.9957387467173877
0.21506294430728212;0.689077862007048;0.7761229917117536
0.15635612056861747;0.5191154753291676;0.25847860418453683
0.05640738050198968;0.3934703056407337;0.6594646554940446
0.36896601495224035;0.8144548390580781;0.5923897303666934
0.5917138064614824;0.7243553343279209;0.6220901899702261
0.31111653148736096;0.5737403902307351;0.2163632909771681
0.2955913442465198;0.38140106893139003;0.22711150533099023
0.03834606050966449;0.11353389063068187;0.21390427637846476
0.8517709392878017;0.8996763714258943;0.5966378577241852
0.10911799066666639;0.9176080195974549;0.33388541573603325
0.13792855846126406;0.5811363907567622;0.7516453038303349
0.7029977192486252;0.6933809153793862;0.6811547344110129
0.5691477452686239;0.06111292388945644;0.5206204442225661
0.557777994045048;0.802680602276872;0.4736156965167475
0.18159122388172444;0.33890659301740544;0.3753217887287732
0.7319577373423413;0.7874880273383146;0.4359707192493356
0.1324918468711488;0.6630167913683067;0.14613026642538618
0.05018349403042066;0.3348748538634436;0.4739011312634368
0.6867699868876715;0.5862335274157091;0.9278995397281433
0.743444019674025;0.9939751404975317;0.6160678872531954
0.5841583652361766;0.1130691757643969;0.04202343407410869
0.5065470411126981;0.16284624876667753;0.6865993217891053
0.15997677115520348;0.8237640146733449;0.7252722718563102
0.08831495038459158;0.26750057583432874;0.7630277792745497
0.13910030069613333;0.49118788229714483;0.9048173628430543
0.5529956413732006;0.7972748557683614;0.7643567568140816
0.8448157225704528;0.8506515648173724;0.11270555457403286
0.04249195927983829;0.2328277429748723;0.3106889552875841
0.15579361919433943;0.2712537356944352;0.7260117853276696
0.09261619589437309;0.010428824819223137;0.7923023169239494
0.04827989152853951;0.49338804883255505;0.3556435020326508
0.17904511319944827;0.44411323813009995;0.21284688946719377
0.6369611301884206;0.7147025738674123;0.10064604247265829
0.2975516234626693;0.5291232538853529;0.649771817703097
0.045711930814819834;0.316052868021073;0.7801277124645409
0.3415598124054785;0.4426578677034456;0.8927782025229831
0.8080989283708215;0.6190602986675353;0.4530740850293128
0.3787442878938013;0.23549415192420664;0.02009626801599229
0.23665049508207558;0.22528511047334976;0.6745401443879795
0.5221196231001581;0.4418234344841383;0.7498532895371093
0.74382740266234;0.11733986568167498;0.055097743675486366
0.5693964715900317;0.2630528631587654;0.3215229470254415
0.5776560600024675;0.7352096951291985;0.6117092743856976
0.44850894648087314;0.12536545080554828;0.2604777779523646
0.7957290762361152;0.05147988635510359;0.0236720340588642
0.9756729793732466;0.9732852629853302;0.6650104270085102
0.6700761456903046;0.8536859120248041;0.5838146923782609
0.9728295855614798;0.4147870428432713;0.39082748663194433
0.5706595923887868;0.3192288958782501;0.8292634274488103
0.33739691935721106;0.19099629067800583;0.46784629493261487
0.9093523580623798;0.3820323592379813;0.4576167243104451
0.9787239812001047;0.31222795440766504;0.5900088922305408
0.5210072689476687;0.19743542867858088;0.353434553437466
0.36517515280316315;0.6074527913773744;0.43555992607696226
0.526884336703266;0.8269940188174202;0.4302786892299877
0.49695213555885676;0.7153037279837317;0.6395835700214054
0.36167272028532527;0.25190107012807283;0.364852307831781
0.6892435137602217;0.4175534241169204;0.04510311828564184
0.8609752431692268;0.394225432521742;0.5742624883824281
0.9518602783054428;0.8779712081006411;0.3934209453139581
0.26911869037928215;0.10276421649094902;0.16394386268934869
0.12311864845059961;0.3602485634384852;0.7046029106674975
0.13948841505253695;0.7809518396736173;0.22896151407192222
0.6920055709981998;0.7103093777541489;0.6197596870503201
0.08907802627834815;0.8989971971357278;0.7533711790146091
0.6477073686937814;0.29020418086199373;0.019532113423366027
0.9338944059686421;0.7465860977147377;0.5448288184124808
0.27124250840532715;0.5208107605249482;0.5016638997110712
0.12379698425197583;0.718707091555436;0.8131513459312448
0.2851194516327814;0.8808107967695189;0.5348133014765625
0.24618532009890903;0.2860278469192329;0.600538041770286
0.011881142348790785;0.9734933743733576;0.17114760949046814
0.04504491911075992;0.4635328989521784;0.3287285924956658
0.6781686373427082;0.170512505101315;0.7869828061134139
0.9694892990575807;0.8667337709066231;0.258641845322529
0.9275420596103258;0.42768883632734866;0.03056923289366764
0.16872287308525047;0.1930592909129808;0.052128003795321454
0.4885524682443342;0.2210464287681806;0.8693584716713574
0.24888436591704277;0.5890837258873014;0.917424839623268
0.5494644259623649;0.5414835016080942;0.3697887449982695
0.662881900521421;0.26017893561606154;0.7610042181328267
0.9340155727598929;0.633407961320708;0.054950845991194264
0.30552704108295736;0.7132586674775133;0.07335017870171967
0.4631345404571082;0.838621850736993;0.0022151471625341257
0.04104205305807218;0.19337016874942237;0.1939835095967184
0.39751021980538714;0.45020082120944016;0.5619087999410655
0.25926667011062476;0.948620806049351;0.6414699162550384
0.2509913118322681;0.64272065868566;0.6100081716747204
0.32360763576774243;0.05784053626041663;0.2810929304815498
0.8014588460967371;0.07472357348516334;0.006079272771960298
0.9544080700909989;0.9959719484059472;0.2107696136091407
0.6103403394792347;0.3972261998071195;0.33248754867768326
0.11610194195818313;0.21414625097069107;0.5117601018034438
0.4778799056808848;0.3397864933113848;0.104659644007572
0.0632015023796979;0.6618212996561313;0.7433842061899942
0.9758267783141414;0.3263744602822358;0.5972764315835385
0.3055294266344103;0.4519757776224187;0.32868216177255427
0.8418689015869636;0.35219068000195974;0.10909610285801352
0.7193842299262945;0.10191332326494262;0.5062352126809068
0.8854303788786105;0.940113204754121;0.384295947296068
0.6114071803614177;0.9468169011754032;0.6623952927138341
0.6754926890896855;0.33374087221420845;0.9565898853294132
0.4058763731206938;0.38847865660335124;0.16708561706049285
0.0822466984650525;0.28932916452835444;0.2673466332608455
0.10272873308337316;0.6576983513564372;0.22661909276396908
0.7533029364501365;0.07127703116456963;0.12925495891070615
0.4993374735477655;0.9302002605277032;0.5663022907872051
0.15639498161360332;0.5336185383920887;0.2562861825558552
0.4184972332638045;0.4568902126959892;0.2779367075018002
0.5465434545789913;0.5151283429077365;0.9814329826534298
0.5049316060625643;0.6210226893615071;0.7130818332945089
0.9800833228570962;0.8151920982983497;0.510801878762867
0.9644706504844062;0.21385856773826795;0.6586207234040714
0.2485950345364315;0.8244894416049264;0.5828223935668956
0.6897133472652217;0.46536238912562344;0.3931634614301568
0.4522075888686924;0.1289146481365272;0.34728341683433905
0.4928543361037212;0.6961496505709751;0.0461422697752536
0.8099047338143113;0.13132993004466498;0.5033059963993777
0.4557539045237864;0.3494710653291899;0.5926253764746681
0.9303103668193551;0.5511232500058615;0.001666884401477997
0.3314888363870606;0.5922526869493673;0.8231482524794653
0.06243018061958594;0.5660025875099157;0.973259210662738
0.9343167409483206;0.12198524305135261;0.6459399302014317
0.28864752242203595;0.4305427646798219;0.9692360913918354
0.302403587441737;0.955208628422463;0.5605372759995412
0.6355121900176833;0.18167459339042324;0.07075880850855931
0.00947677147356718;0.380472762955572;0.40984006021015784
0.10904210624107713;0.5357443562565732;0.2203146852346699
0.39254397590255274;0.10921268335467138;0.4081491870934959
0.1766094912951479;0.5511005859331478;0.6313209216847924
0.8727428240930658;0.18176220334593285;0.031216006297546284
0.25162911794814014;0.7605056065746437;0.024783323008245595
0.6370117907680272;0.7067055272103273;0.6904160043696055
0.5857243764119097;0.7775545476083988;0.3130731450297992
0.17527393709803907;0.4445344155015434;0.00826173502659533
0.7953503505800589;0.7373280780658976;0.8209622972844487
0.5507276769490809;0.3841314726334393;0.5395352836933762
0.49631141455326677;0.8727735297645988;0.7736880206103917
0.20227620186729223;0.35349283390503994;0.6744539448372407
0.23865750149682852;0.9891025554768748;0.6196283688869975
0.6926126312250219;0.00977370073918693;0.7229248585213489
0.10548018472600296;0.40017371443928973;0.3319369319831691
0.008318215877588742;0.5755499044351121;0.568310224284867
0.8290580170577193;0.967080830145232;0.9177521930337246
0.5359750782489799;0.7044769593421791;0.6579364416367132
0.6218521290765596;0.27698638864194536;0.41349389213997145
0.4883260879052307;0.36747684635814115;0.2550517266685919
0.5554828042950233;0.37588633970483;0.2368545011384623
0.3184206578157872;0.09800123464236155;0.6207731651791714
0.41169351897216644;0.05229950340745715;0.8284632820230664
0.2036586671348427;0.7317471752334989;0.1143318763780159
0.78677149913249;0.12566400362829322;0.6655220105835696
0.10338275735768698;0.8368719648656436;0.09183866221741788
0.5954968435603395;0.11311753717286466;0.7085733405031953
0.5745088431860781;0.7405212512145128;0.9384305613166649
0.6656109439841308;0.026718485887352483;0.7333477336859713
0.7562313561914742;0.7517972994804224;0.026822115951488645
0.964037377513639;0.07282063562388974;0.9465730258864101
0.2650882684422815;0.06317869617566607;0.686436205724061
0.7009668095216415;0.37339837674733956;0.9978148710519913
0.9246543271679278;0.9376379935326727;0.5882401804424741
0.2576922399299595;0.26842038063184503;0.29428566257488475
0.491082849367368;0.9091495723573166;0.4975967082508804
0.05737951693853327;0.1950054277558596;0.4209523609307524
0.923824922589839;0.4150954511186643;0.15800176822537637
0.7966173398891782;0.6467492630539454;0.8688799068176787
0.02841495942376082;0.5836509804632031;0.1943742970412362
0.20210083716429617;0.4453409952345939;0.23184541281839632
0.8761864813375531;0.9299780632288234;0.14776310217829802
0.6942288991876734;0.6743372185682404;0.2587437921117284
0.7019061498239259;0.12657576272250592;0.6857358405572349
0.8719923648951332;0.6378458290837942;0.9774416369069873
0.6769093385254485;0.5340989336934436;0.723632081761023
0.2586232057197858;0.9908568356155122;0.7924212429796847
0.831494527489875;0.4634286249976741;0.451919262088021
0.5974278740800936;0.15986613364811553;0.4309345997503917
0.18216999525503397;0.5518758815134931;0.6203909937094731
0.1162878338138783;0.5562419292318858;0.9994035887315866
0.11176339163939375;0.8842144057467265;0.39091276804956676
0.5297908417393631;0.09690272018192314;0.6837220737881552
0.3862071125466232;0.48983004619238013;0.7998940374480461
0.1507630328321764;0.05411722729030177;0.6552283012717527
0.7653324716856016;0.91990151687942;0.31276559710448104
0.40539220419651256;0.17061570371205503;0.15325199251771537
0.31914166674533706;0.8473500955456802;0.3445150360466722
0.362080115354123;0.8973825303509717;0.8634859033837051
0.5324816549867816;0.25898198717505794;0.6032070256468453
0.4781574141912426;0.645854759190377;0.25643380918305647
0.8738006336982325;0.9431224630023755;0.694820750002577
0.5123522351547419;0.2918722130154904;0.7328715961193851
0.7293190215060062;0.35871532064641365;0.3033026409246159
0.9898287032116394;0.4527833698543875;0.6936381534020136
0.15854091409419657;0.6221768626044479;0.7487426385405067
0.3878447942411376;0.5676451959581067;0.0584515812870432
0.8576615359202677;0.7782568901096315;0.24005073082304695
0.2408383491269772;0.6449602397521311;0.06409038501973485
0.0668445602791995;0.6053709235366849;0.21278381836978866
0.6816075912867029;0.8754512240284149;0.5257642989542218
0.5012886240091978;0.7410593605199035;0.6489731067443902
0.8123942353680969;0.41829980784726484;0.14659175847396266
0.03010624935770645;0.7991205715939096;0.6784602818417422
0.08531145277265273;0.9583463183766228;0.9101175157476317
0.043622866845753894;0.2966817044860811;0.6359481777119568
0.29728759600450094;0.43165096740067366;0.3715281888456532
0.42273791440663255;0.4195444624715573;0.6221226996250645
0.3204813900038517;0.2555180852551291;0.5523849797854019
0.6790523339830654;0.5271648607893498;0.3884487858462432
0.8874088766437705;0.9513928221827054;0.4906655316644658
0.6711029995317893;0.17936036734649163;0.4604623076112506
0.3809980188306632;0.5908907224234304;0.6238377267158289
0.41425504417739456;0.5583603038070248;0.15705670700266727
0.805321437647858;0.3155520618911598;0.833634141988712
0.9715625779148368;0.19677878708692154;0.954382986013407
0.9943349816575435;0.9114195300774737;0.32878822387898743
0.7218754141714288;0.5884767081122876;0.8932194306770501
0.8069444264423882;0.6743533613164783;0.9192237760213364
0.5046651382130687;0.6731570263657821;0.7838494409895871
0.18151997951233656;0.44802322576863374;0.24627122243616428
0.9495487867936104;0.627890642740419;0.6973650547488924
0.873509969178601;0.4428353773788769;0.5946784053315957
0.4126663087647866;0.9132731288421398;0.4385282496683094
0.44643122486389053;0.17251255287536826;0.7274398250483138
0.7932422012244096;0.04849000987882379;0.8676787260499295
0.011224934121390917;0.790832191388823;0.8147698960329386
0.639895358967761;0.1843510120667139;0.14643502124900887
0.09620823523821931;0.4465325120487861;0.986390136332282
0.6958745995909555;0.1387780825902999;0.7191178674913304
0.4166163846290688;0.8976365267926653;0.18631113708558023
0.26402463123629205;0.3751521527963222;0.6378965340534829
0.4685211245868339;0.1196599274853315;0.9439927718701503
0.1855314798783788;0.20089345304684358;0.2777275104734661
0.1822533231993112;0.1275209643280817;0.18730577394381276
0.17213297669823724;0.5336064071913533;0.2803118369665424
0.19923920489423963;0.6836035892170722;0.3053726367211471
0.31505019082003094;0.16091871243894396;0.5277695318040226
0.5396653572902663;0.38634774489142854;0.5637702906800333
0.7619001174498752;0.8705222086127027;0.9041991757118809
0.9442177693607774;0.6446910255988959;0.7715255849620739
0.7936269411529899;0.9013150985975037;0.07204116296190355
0.8652659422297672;0.05605019895434349;0.36199647905689614
0.3962033051441727;0.7361832401268821;0.808674069836565
0.5490138854367167;0.982803106292336;0.8996273119370177
0.46958441438408227;0.768256845480311;0.1347074776465187
0.09076775927137515;0.3068383037715131;0.005459842025259065
0.20530064227826939;0.6010719747704873;0.6233931182088054
0.22930045561575219;0.11629935176104489;0.000727926492569142
0.592764042060546;0.9620986103395807;0.8248637540114392
0.049560486488738564;0.8797129238631715;0.4919639775994453
0.8661544205288815;0.10085116596903287;0.6986146408513941
0.7611632580632061;0.38283762502275087;0.8909382389572834
0.9875073471692882;0.05621445405327874;0.6488932512950395
0.2361956978014671;0.16885564540045472;0.1317563716528214
0.12830982037823402;0.4319206100555535;0.06851195029070312
0.14165380087523538;0.7373082039200634;0.5849264920067057
0.7441504473384934;0.8571413027851061;0.7194453935938643
0.6752089158864608;0.215030789384127;0.8371733683948396
0.7901051954608006;0.7979728958473785;0.23693989251375835
0.9888467207241712;0.042851820128424145;0.820720929060928
0.9350754347644127;0.9188278700362297;0.037696149978397986
0.7477967835545337;0.8988691133319721;0.15692122777930329
0.641641754098094;0.7507049862483309;0.4551316560195978
0.05282186682310419;0.6722155108854296;0.2583600895734566
0.5934745544080157;0.869547408985977;0.5584592020726258
0.3451817613525222;0.3566554802986983;0.061464946342555726
0.2165704596629734;0.6734575348154697;0.3110828689127072
0.8435538057454495;0.27539310168239706;0.6367505904980847
0.5639052876119769;0.42530924103233736;0.5541838179675033
0.921623442427608;0.5461707793785141;0.2692543288629399
0.2217059325634233;0.07769769683758976;0.6401801431918624
0.9480508303593297;0.25187823892213;0.8253646842834995
0.9312374791359251;0.23252435434350938;0.13933597488659477
0.9340654661018206;0.18917513831829746;0.20359449578430233
0.5828054548317999;0.02292588299596998;0.552944551899623
0.009647496609997419;0.6980887571183492;0.039472917748009984
0.5672768777251178;0.22933710799734242;0.26870338072998123
0.3248070161025719;0.21004910921657982;0.6331315992906965
0.4698152245847087;0.8309470329449054;0.10366130403272433
0.6318524657313269;0.22001121373430765;0.5249244213532896
0.3041384209357867;0.15157660972984432;0.04570372457175531
0.5656050893635919;0.1488139472876765;0.5346091167074452
0.9059485372274763;0.5967843918903067;0.8472702401582513
0.5712391261637794;0.03238826626810454;0.3703307866969281
0.13018723969875867;0.5964288403493098;0.7186757385428267
0.5563527680389799;0.048779562937418586;0.3189481347576957
0.15137560855126375;0.9965094345533918;0.1506408381871992
0.40976622220998415;0.9086578547262083;0.21206576680732858
0.865039268012657;0.3037889655804953;0.9263901402182522
0.8553091278019874;0.2982466615501088;0.6105104528668367
0.7263255894941231;0.4515965831309676;0.24315126927578035
0.6635829097430276;0.4489322136451531;0.49511964260919783
0.6157708050830998;0.44927507961605817;0.4392839250854439
0.24126668060374645;0.7226292408532576;0.1046785450542741
0.08038363027606832;0.9429653279025595;0.08771960820789282
0.5444004505328346;0.06421271449449573;0.9288811974092626
0.24394163820870363;0.7790957410545323;0.26046787623574463
0.4663425332645762;0.13402147215875504;0.042096966301717886
0.4308979870887468;0.23121795428880276;0.2914204219102946
0.10952906343689406;0.37664459365519787;0.5362421456923889
0.009808877593183829;0.6097964835912585;0.9146310697369362
0.7753539082065516;0.5358427272256062;0.6157798941711761
0.09382613596600664;0.379698723194675;0.49354722765111314
0.45721673529592066;0.20651298342463575;0.4503480531405214
0.7166486105788799;0.33780921550309917;0.20869769621190426
0.3814990901622801;0.5516572608359727;0.2477043126619406
0.7590903013679199;0.8193894376116039;0.8943187551073475
0.9397299444294992;0.3766078394550897;0.23937741297642778
0.547344609759526;0.5150586524629464;0.907675823565503
0.04791227361016637;0.1612220199104516;0.45561857388711025
0.7247019806398017;0.5101744666705305;0.7203365982660184
0.7133584132661531;0.5669449997041288;0.10548549640171612
0.32315261717836474;0.4237519542309808;0.5731520848570317
0.48821113894971424;0.9422456344824539;0.7710324276356343
0.25483393369671115;0.3789872684567409;0.5036661060286449
0.44193770206566774;0.9791729412557519;0.9561425571592219
0.986209570279875;0.18824539468688006;0.13293970158475577
0.5850468156836746;0.8861771496914641;0.9893732551733684
0.989382874308633;0.21773987164259234;0.3502396717860027
0.5966561333650419;0.8648220355490366;0.8489800582129986
0.7396068896515853;0.08265850626430582;0.06890386555029171
0.9200914507388241;0.17129876378729236;0.15469652725643301
0.4588045135792459;0.4844247300181226;0.8943249473039937
0.15224058643672223;0.5752973234989037;0.04292695891774756
0.9617826443468946;0.6675536288822742;0.2062620616282438
0.4572487168385073;0.18489767149648562;0.17308478779508374
0.5032304146462908;0.513642625950957;0.2733232646036736
0.14250968300558697;0.753675502787194;0.6165788514941873
0.5073142573324826;0.564931150257259;0.4106622095812137
0.1489685943896335;0.9312993817606251;0.8997628309764392
0.2526239568516222;0.8340359111046403;0.28901557810638634
0.07660611785911109;0.24735993880660734;0.5206397395598461
0.8121963058076982;0.9139450733090797;0.9144760753025484
0.6267885738579967;0.0693684573165797;0.35363288746947896
0.8085637258899501;0.7422242008426311;0.7080135818748732
0.4157531882498591;0.766892327884644;0.32310029881318414
0.6636160583355095;0.023089273380204278;0.3977070182935275
0.025185997467429555;0.06594649479841885;0.3618734894613722
0.40205149878520086;0.7891575368002557;0.05020002795553968
0.5561369491327486;0.21419474479661382;0.5299597524373092
0.9160965596285381;0.7692803182447093;0.31399501041173306
0.5140522718682268;0.05250004730041713;0.8126690721187972
0.8429775029318203;0.9358639961331379;0.13908181817436271
0.28464538462957734;0.007065606355593501;0.5390541988759665
0.5698844686503062;0.8169500192741024;0.19383488822336448
0.8476943179249888;0.8065355662038086;0.12835229044177932
0.23107501317355572;0.9735559087140607;0.7981790752956368
0.009579996555100001;0.6751146801659181;0.789837403797143
0.7368223745148815;0.9607577354617897;0.36035362480738387
0.653587490909138;0.7558296225383887;0.21257086984458518
0.6169342671168752;0.614730345014918;0.3569672463449507
0.5046315939440694;0.35002908038441993;0.0823426092200702
0.17321086448123435;0.18535039584368407;0.12088910255131524
0.9382789128030978;0.4067299057588011;0.6818245362163583
0.4240782539767244;0.07002872404476956;0.47343853073635656
0.3631403576557858;0.9613232515967067;0.8032502153123322
0.8547461045150523;0.7070368557760899;0.7436517243865467
0.10150511118917205;0.3417862836572363;0.974882695298361
0.829455388094747;0.9785203247350834;0.7455185177641632
0.7590337163792942;0.07308416050287592;0.15451958971368795
0.25462886092514714;0.064838207617821;0.8329818272821697
0.585793421797897;0.8816796810282731;0.914923511615936
0.4065857671526921;0.938746564422825;0.1912751789603927
0.1896501572352347;0.980630107081865;0.3967211993435118
0.5304108315668297;0.23477820583454356;0.7634632687873182
0.42363566376435546;0.5748674944623393;0.15860934867265153
0.2703703791890151;0.6574971456530421;0.4798039811055588
0.4518230585679498;0.31318399174388345;0.7517179311833644
0.39617387474395516;0.3074670135762322;0.5069720960963855
0.6678685363722304;0.35334016495482146;0.5235238084394032
0.5141516357400712;0.4767444222866237;0.8947268866901142
0.32893614844565144;0.27816535976862;0.6371103580515775
0.528389855271706;0.26364957119860055;0.9649481984579996
0.7778050530513834;0.7735346654587948;0.9803022809195792
0.6798363664421855;0.8998874038823881;0.5639036015322346
0.18722640288329162;0.7763609829493804;0.29436942222249507
0.9663592106397904;0.6633910334855665;0.6870113299816965
0.8007549687173874;0.11698799623772116;0.0036181160577278826
0.4135052436931975;0.8886608825434474;0.5063382560839313
0.061409142473609846;0.33844539661937245;0.6857995947257415
0.9794470541613515;0.19900356735802538;0.2264798091011203
0.7276396255574541;0.8174755038720283;0.6093229342888444
0.882013816790303;0.11760852807547495;0.017350716215525752
0.23347032060281092;0.6011345766535678;0.5327139822906543
0.9503776054021985;0.689396984561376;0.7103555488466007
0.15542593374096436;0.9937014371869444;0.7686222070089747
0.4957292330154379;0.1852760080921847;0.28115864844838145
0.6285577916745194;0.1875330836828747;0.7905409457377868
0.3894755949435661;0.4531752870590121;0.7343638691968101
0.2800298265508212;0.6464142689732559;0.4173180539115783
0.659894372092382;0.6022642075833676;0.8086950423913694
0.23486506849234257;0.14157346198678733;0.9678816454498489
0.7352046698884925;0.663073717755346;0.8298380839165286
0.1391927699427279;0.8896817907069551;0.3249867212400904
0.5455985131708527;0.3857041973513651;0.781684164817076
0.9958693222104313;0.8637443151321589;0.030963781956460323
0.3655165009651238;0.18725588801449777;0.12246814216164192
0.1222550029034779;0.6488479901303578;0.5588313889754012
0.6242704993089672;0.9929675425797327;0.7663860973830173
0.20851172043728394;0.4378756261149378;0.10346811093389185
0.6450106170965371;0.6456097214363642;0.30928953530462944
0.28668600490557905;0.8626286857206302;0.5748093922651487
0.2365124520153401;0.8927357019768272;0.6717759958500897
0.9579376509500463;0.253914052613039;0.2117966602969651
0.03523645089198668;0.5045613523524581;0.9288293588654858
0.6033423350483864;0.6823138077046379;0.6854053132338411
0.9739346337103985;0.964698866675029;0.09549500561884805
0.43121454923460556;0.2455714558792934;0.8497243896170956
0.7817885520919317;0.884163763359066;0.034294969451586166
0.5697319142617934;0.6935807339565591;0.1882052002772352
0.8095991782410195;0.7781725031776732;0.3497604407462036
0.6967857398832854;0.21290018133769106;0.2881583198632264
0.9355017781039658;0.14704731079631017;0.1497156204093586
0.8290070086621357;0.7605371097342143;0.07906667420582691
0.558573283243056;0.15658793504267599;0.6890792801624953
0.7306844287386021;0.38537707408109734;0.7854817226297182
0.8175105515696774;0.9781083920816387;0.5350987365299131
0.1272237468809867;0.5606398780662842;0.5672472342086002
0.26899494462542095;0.8675086286762327;0.5014413347232844
0.8141106737023224;0.4576633289801706;0.3264386359370649
0.19260393369252937;0.9469205518938778;0.4775486321584571
0.2119673990314379;0.15682439426661143;0.735730072073777
0.08330269086140107;0.0916792650720839;0.5875744345661266
0.8256704956413394;0.621345840885883;0.13636379775848573
0.8343196938959231;0.5456551046468833;0.47422913907384023
0.4360301724978939;0.4647791325569466;0.9584817429071303
0.499745600311426;0.07416795799303344;0.27050377894823663
0.42050144111536514;0.008004252570236292;0.24525736325080016
0.5977781881175865;0.9922182875900077;0.9736949871408356
0.014123821439197548;0.1320843517685084;0.8715941326632035
0.021818745830221142;0.023720498086274633;0.20691754711356947
0.4725464817731384;0.7750481758920267;0.4354460718312978
0.5656651720869983;0.10733138336011372;0.1688194701846002
0.41020814201440414;0.9900436690085459;0.2190669789073998
0.8020895463494215;0.3559805348769134;0.08100716776898265
0.7308306011755413;0.02612821657736264;0.07849754961006217
0.41342727314413363;0.5172242411789056;0.010347398845257594
0.9896193473113079;0.31775714821238477;0.5122663126972878
0.05760020697354051;0.8534588766979206;0.08148440504345489
0.1660986411149159;0.5445116652072863;0.5378371295196382
0.7112952310875682;0.2867999321301834;0.8591020147349933
0.27466041115058004;0.4609148074435613;0.46638140221610136
0.2464387303297042;0.25452477359720826;0.262565121924797
0.9721878012844223;0.9628446147792131;0.5408038926993703
0.9392193525466148;0.6476112770103156;0.5850111533706676
0.10303720358126067;0.4591646896272106;0.6342367037895851
0.3133448904337036;0.1979993868868013;0.4315219633357189
0.6580692719120804;0.4063714624860203;0.6713683630651988
0.00364606255319333;0.042753396770641605;0.3004313135542901
0.5729257768496329;0.9252357446252233;0.7308563910231338
0.8389607666967808;0.11138988840198194;0.8711414675762712
0.8154630503162121;0.18320668724618483;0.43127828729871553
0.17215095038333128;0.5013426898727762;0.6358030726121053
0.6726635157752017;0.060381212064029466;0.8920654813911247
0.6802889026674872;0.9594055132129359;0.4201585144178317
0.9758659937842349;0.78254637586374;0.41628124288425516
0.7484902678032151;0.6664311551246153;0.6220729660225881
0.1562017727746149;0.34360449541016547;0.7110317978446277
0.5166495620606476;0.6596369084896614;0.5313940644868516
0.8785938324051761;0.6355904500495031;0.12985379262326857
0.9733281581039932;0.5734849867422183;0.40893121861616444
0.3471574259637582;0.8783265225279013;0.10379699103614126
0.4211766822531985;0.7457823788838619;0.5686591366826117
0.14548723245522965;0.7379954862976557;0.47456422312691937
0.11953558196692948;0.21711904845608743;0.6189529843356847
0.2061433955077816;0.9020365299925833;0.7253230422460928
0.13751884229389344;0.8867970597081564;0.2255265771834064
0.4437281353614714;0.5093379957211018;0.27339159315473205
0.2477383058104745;0.36249436049210915;0.1743858513172366
0.45688334370673567;0.402414872575679;0.7904765434273604
0.19277202208575628;0.2471220274667778;0.9400504297617853
0.16129880080124326;0.5196104033121351;0.49453812746296044
0.9420932813315829;0.15893605584774495;0.5165573792744287
0.6069685714568348;0.6928138892414812;0.6657162381287092
0.5686718576454515;0.48160570866527486;0.026486321257453982
0.03924582967114376;0.37468326129317864;0.36482375474485507
0.6498060210548482;0.3352431767210906;0.3344863623776124
0.7874352094296835;0.2328747928179864;0.10475065367616654
0.04230656851370196;0.0571678502490216;0.8336057679739265
0.7244367947222954;0.0208553829454039;0.17849617888226965
0.7856678948447146;0.04337058015147022;0.3139184235294885
0.7662196884284849;0.8231750398892007;0.42167854052091036
0.7256825599438347;0.3150135112111857;0.16367059512296234
0.018007545051084373;0.8454200065675874;0.4869556718950834
0.6013551470740102;0.5877888891353045;0.2979618113275907
0.2921501264846167;0.48212522766535904;0.44445411043070293
0.40426675601688755;0.047924511664996006;0.7980923843548081
0.6434513812612044;0.1389412579079643;0.9537127076034968
0.743739776565373;0.6647900776880887;0.23197500210911481
0.15394275830808624;0.24268246286998407;0.5322823132840163
0.7923237941779585;0.8218387404561838;0.13076755899210668
0.58018974566044;0.427494591696604;0.5745421253813938
0.9613258239888626;0.4688350404982966;0.9966822882369027
0.6739149389211051;0.8620251058485701;0.7023512204723082
0.004828491733843032;0.49895580728543143;0.1726059085560736
0.8850653099010244;0.8124065754022506;0.9163149638599287
0.13820273671337457;0.31272547831382513;0.7435939164581504
0.6507904784465736;0.7483537286704824;0.6940683813759533
0.9450049910857277;0.2995066392831318;0.21840281635908154
0.5038988730811262;0.4268628770006895;0.043645192710882075
0.6448269370297475;0.43439802698536734;0.2006114753630872
0.7908621567561631;0.29299475391831964;0.8545331331408829
0.5841866569761707;0.20589246652122628;0.1526191843720407
0.5207097708674695;0.28201994344855796;0.7995691280925421
0.4318589421452059;0.46140115374792356;0.6200929208174915
0.6520788716782626;0.772323273214747;0.2411839108238576
0.2544222706543019;0.4761653777162964;0.8669956518359954
0.13070815557912108;0.001991165939122297;0.6200306743673502
0.6839266401825547;0.4681360983037717;0.9027284629855097
0.2570008007375598;0.309921014183586;0.20917807686402778
0.7692691956408002;0.7235227397066059;0.8122367616482854
0.32144620499121235;0.626649383738278;0.22771519031874232
0.9484557288295701;0.8246995756933392;0.5902253547835161
0.41862882481601005;0.25178454144538676;0.19043488014690524
0.39378836619882807;0.580647240184468;0.8756869620215054
0.4414290872525106;0.9740002910068175;0.87637823590444
0.08443139223785534;0.8818749085058724;0.48214110822747036
0.5624247000412244;0.4977507601481127;0.23545211166465996
0.6475491103817336;0.7402174866307206;0.920897016545036
0.5234215779306232;0.5529954381928183;0.5800350274351783
0.019358486245369178;0.9595189139830865;0.4128829699829011
0.264053990281367;0.3388122273735439;0.6826795736168837
0.6214705739154025;0.7473579661673774;0.7422600076601319
0.6742287882446539;0.6927106330339866;0.6753618382060027
0.033219764319313394;0.8432878995456128;0.22549853760838423
0.9869895694159274;0.6217848579663562;0.5681601930927972
0.7406936102131315;0.18716085190655707;0.4109929990725374
0.8328241867899531;0.6074258912493552;0.35614299332124477
0.9127179556055275;0.4673252584147485;0.2281280505784702
0.6628044332387992;0.71294248309736;0.1570983731065998
0.36891537147565534;0.4169787823486615;0.8855520325488384
0.19975655200417808;0.6766437311452098;0.9472559946149093
0.6862113929494199;0.4793345712323962;0.9319259985725795
0.08213747945940197;0.21132711684254002;0.25294098683323796
0.897611996886166;0.17195815883540788;0.7438608098253142
0.2068561453780131;0.7688631011345068;0.203375485818862
0.35003838847615365;0.7444657368208919;0.7355516071351058
0.9260778811687231;0.05874020440445915;0.7836377103798914
0.4850494493937578;0.3526672619873036;0.191786968608064
0.3809561190880729;0.1305846730466358;0.11745828380097523
0.3122715428278011;0.3444332436421321;0.988387267582064
0.8490727950112603;0.40775399535294665;0.5774663955820624
0.7844043391347902;0.5066486896792295;0.33105998568237094
0.679014528090547;0.48600841861246546;0.35818758649580473
0.8377423884438988;0.9473752430902189;0.8918853473339717
0.759990087370737;0.4424123658093154;0.8130045678189559
0.8764355966916592;0.2308345118390026;0.5843235525707552
0.27293533288843563;0.38939711038210933;0.19425428589739746
0.37288225612286985;0.9662501613309611;0.9177157019770938
0.9352746270974166;0.7832854319087541;0.4855706350052409
0.8931172931613963;0.7811702010766104;0.6163647501614367
0.825452774274102;0.2146195747158366;0.6330849747232818
0.5282284827754432;0.9646549007812342;0.7816028332758209
0.7899261338322773;0.39887360836500296;0.053809522684593714
0.14472401861986706;0.6697183101837697;0.8002333083488077
0.3369804060020545;0.5929517958618568;0.7795341268428975
0.9027935056294798;0.8420906943601345;0.36581241028889255
0.10505963479076896;0.8869894971512371;0.2812481780113052
0.3710494200400972;0.6981428602851382;0.3746122934636752
0.4756925535573674;0.6598298353770295;0.9918987644875374
0.8026434394695451;0.5692741558500017;0.9118865849184637
0.8020356572576626;0.7054678706417513;0.6043800846807231
0.49909290559575203;0.2091366215950492;0.4278930275357308
0.7633147080731889;0.2825166086226323;0.41455767173931757
0.6762070628932013;0.1708431151374351;0.5443148008287078
0.029699637030954573;0.33900318456278045;0.37057932382426895
0.028594495853451973;0.8442094576973964;0.6830683465778596
0.9369101789285623;0.931626472842375;0.17647321734414023
0.6532087649273393;0.6346487251129794;0.5207561010521832
0.3881949881226131;0.0513479721790312;0.9222154051692806
0.13033279095255645;0.8370109143740583;0.5924508687858407
0.2188217682290826;0.8368251828631028;0.5384128198169511
0.6263500389824295;0.15902797066734653;0.7850518056998086
0.7395420587308187;0.467204003772662;0.7381857569925505
0.4799549531926658;0.5391020709881641;0.8932028105601845
0.09588747365990147;0.7528541431267074;0.8833362631754148
0.05174950787436683;0.02136879201723596;0.4835486237326825
0.061737112376018644;0.531475931379862;0.4798157771250471
0.5754056607697919;0.6324997555745513;0.43047810950718524
0.5748891932302793;0.7690043552900021;0.11688116767871537
0.6782369886502195;0.6879127251898784;0.2372056957455464
0.6779170401134628;0.7688530442123112;0.12015129360565524
0.02788460560264472;0.3142084290503029;0.21636290786967527
0.4256020928823475;0.3281725632962571;0.5338872859430717
0.3947468193234115;0.4585252262146502;0.9090801816165154
0.7312264330145283;0.8310902774421202;0.4495759147915267
0.731160587641297;0.71931373940353;0.19455531831424466
0.60579396323735;0.539025978360955;0.3693138157397067
0.750549280445808;0.7711012421860265;0.6235011267469085
0.700589227609544;0.8141710189863759;0.5814442787973982
0.1481759983028309;0.6780984963847504;0.8993024183811715
0.3529135681904081;0.47811204304579147;0.1358601674512685
0.5976844540793224;0.5904742124040022;0.5765405512525459
0.7973399023740926;0.3220532982120623;0.10853070826705646
0.6438275833453773;0.19939880985037273;0.554549181945296
0.32987828646382533;0.44714938118338443;0.6589989095574794
0.7281495862095811;0.6423416553274734;0.4196553846402715
0.9696125459745991;0.032096573629888714;0.008245813074272745
0.03707505583588222;0.06338627507295536;0.7900674460885971
0.6515416241674277;0.37100042263030153;0.5761829397323953
0.8448636823691569;0.12492057805323586;0.11321132494368957
0.5457388207200394;0.6928695945663333;0.40209125136310797
0.1702678931645062;0.0234539241676347;0.1417288455657293
0.9480668759407376;0.14549929991683386;0.6582055516544282
0.22953280857401948;0.4327094466790181;0.1753258539370316
0.8503312612434903;0.039537864726992056;0.9605578208657849
0.38698273161429875;0.49378323771650134;0.9718553100627445
0.1439449434851976;0.03908929858393739;0.0399456122838614
0.11427878696234262;0.2323980546637595;0.60815813553862
0.5911123731785621;0.9094607279513248;0.16812611342137984
0.03155870902692115;0.12100477626140005;0.7119204246864358
0.9137383910377149;0.8450212027235223;0.7614050176997562
0.26519926268511407;0.8012649836330231;0.933538404830517
0.46734654764947337;0.15830975881477405;0.5182029021854344
0.002052583807806041;0.014968640958882728;0.3391967937154793
0.9072975721247634;0.45323672137748405;0.5742704154767142
0.15712559417493333;0.0930353432588572;0.52505812102978
0.7392089952740423;0.6693352730760989;0.8517843686299797
0.9210202300688686;0.9853440685820288;0.7359859319351387
0.840934816659002;0.1235046889447885;0.4395443668412259
0.43085004918578407;0.7505944877674382;0.8394446771946663
0.39804509663009835;0.24243722288541902;0.028592772741261707
0.16712076449787783;0.6997821175378306;0.014869971609951071
0.8643034842373333;0.8421260309699563;0.467395669099787
0.7091011676008301;0.7763314145936193;0.23268489927431968
0.5237386017615334;0.8111440618269955;0.9448427200744466
0.4123491519582366;0.6684959709474406;0.15827188560404093
0.17606502025981907;0.1671208788265196;0.49258967506137963
0.6518824625380848;0.08423716621561805;0.016044180719881118
0.5802590545925512;0.4483470810033826;0.19054402749721644
0.31650965859491453;0.44925200150253775;0.8774633727136076
0.6925320143652293;0.10120412981743754;0.261092584722199
0.15674561176056045;0.8884098668625197;0.8544802172925084
0.4324097051968805;0.9178893037833808;0.11151511127777325
0.678932867028192;0.5343637592630044;0.5501245944588123
0.11788748573829622;0.5461748050529367;0.6142385569258453
0.618963699795777;0.18940858333220922;0.15144218054621905
0.0041181546429920335;0.78954718559958;0.16573612346446975
0.14866424283372615;0.2302976719094546;0.46804140412625994
0.8336993684542073;0.04419212381536808;0.35964269751742406
0.17322621474747824;0.035307426012827214;0.3127282361121514
0.7375132238210406;0.5101707243669097;0.6120324247038595
0.03496713370053428;0.6874144788093987;0.44763206438539915
0.3203758506878637;0.019819199292931966;0.30897687341645963
0.6110790658972043;0.44230565484091666;0.8106682618082988
0.14933465637858;0.8893152616248524;0.6729354228237354
0.35630254931193506;0.4513583478148874;0.7643251122210448
0.8425935048431333;0.05411365271042479;0.9216382596232567
0.030417313264274437;0.9560885066775647;0.5806719109689529
0.016812191504426588;0.38815221360589225;0.8634001780889498
0.11923292194248292;0.7419496012700216;0.21596911878638259
0.7529475489000945;0.7680907332332622;0.8426856208188276
0.6874878472703997;0.7131485333715326;0.9657327122125575
0.8322321187868112;0.16906265081756744;0.6606300424258416
0.8033990961971005;0.03614508105174019;0.9613484894512301
0.677621313456204;0.5560745938234682;0.7143533446974518
0.22376376504572637;0.5777802679902535;0.32260227218757376
0.9106006067280582;0.7780611510329166;0.07914964740453345
0.7021916152057486;0.9159989927969703;0.25940859597728905
0.046569442875096456;0.9537210587808117;0.7267115468152957
0.5969612268109314;0.9160248161577587;0.028612809984836063
0.07524831822531053;0.3794117497992573;0.7967579462075167
0.4350083402081866;0.6332454879663512;0.7029115041862251
0.22596399067131068;0.8539794163795684;0.3425731252202846
0.8813196060806338;0.6239862772247107;0.7677876323399029
0.8335199320727946;0.249019092124677;0.3253645570687963
0.26881907849430076;0.6642783083578462;0.6100097129684695
0.30027062633535717;0.8488060904948169;0.8164150064768653
0.47055193469048673;0.9750710406539471;0.05706582264181681
0.4683917628702763;0.4346457890283334;0.07635930456670004
0.16265330980105508;0.12904651858468352;0.5384205884976575
0.05418755973530309;0.9717325053733166;0.8649281846707794
0.5910387442106542;0.663181952246658;0.42842947725898284
0.7203167130139534;0.15486293253043315;0.995700822382174
0.6096482577062842;0.9468130287676542;0.516059124281512
0.46447559671942407;0.2510060436490198;0.39900034623966363
0.019269171907561278;0.297073851822504;0.6951648262775835
0.16543539399787432;0.12615301992613304;0.8692916314737285
0.6254536962204725;0.26067149162382564;0.8415283237381717
0.32371104702849585;0.45802086991504964;0.7779480968636738
0.10722858772337762;0.04708003546871842;0.961805216078845
0.9287418531659447;0.33137058389430507;0.2640132855254719
0.9812066858403771;0.10742986114502451;0.838366950743969
0.1488884882806054;0.5355544905070471;0.6873064619148289
0.19354888742390985;0.09548664726130107;0.8674226751578115
0.6211209679383659;0.1871173719472653;0.2844632089294603
0.03932354217240985;0.8713599146215302;0.5579979182626384
0.7578808119047334;0.41359227364290885;0.6494295532307403
0.13400382739317152;0.18581015411868318;0.091033289016615
0.988971070256214;0.6883606673516631;0.8894687561931903
0.8147119211135834;0.5354749204164309;0.2074821654450193
0.18435810449055812;0.08783484929465613;0.1191201260911503
0.059631321515692726;0.19299382150486544;0.1377621574538952
0.540553397515816;0.490613717872334;0.4626436023310697
0.9445188355375613;0.2810184858801438;0.3191284790007386
0.07208240300014379;0.28538144273571797;0.6733154434519374
0.27288651335591574;0.4980632309179782;0.2326655768509054
0.1636929319519559;0.7015191367655916;0.9583849374109983
0.7798420273237238;0.7152900842649517;0.2891776093990893
0.6549263691633427;0.9523290880383511;0.10215417407410521
0.7560085793427777;0.21571748089082776;0.9754717177415675
0.6508418536116922;0.3004419515396678;0.5276079413604043
0.8761053516622272;0.9330488106859796;0.5971949705279401
0.6355206307938669;0.8191045525077026;0.2280646312726834
0.6149005493876268;0.3907376892432719;0.051333903221606136
0.9500414573919059;0.13809937509755754;0.5936471791484522
0.1334527004605761;0.024868610042743766;0.3593681134824638
0.025527598849128808;0.8798494401468672;0.24503601493613736
0.05964841290516176;0.9167350059874485;0.5224630678426633
0.4948927774278724;0.1129790744093857;0.5829853232457958
0.9891975387500239;0.16913412890875046;0.34886197957982
0.4890316488114783;0.14374522347953922;0.47954584680728896
0.9813328593118708;0.2200341373457677;0.985060211767714
0.41385659076714376;0.18694271703256893;0.09282893778393908
0.9718780928995091;0.2709008918347766;0.8786668689957329
0.8799669994911531;0.3514260809276142;0.6293574116067363
0.5142401885962405;0.08723284825742761;0.8501376764142606
0.5395574319186558;0.2608780137898531;0.5851519614804093
0.9035921013408783;0.8382114990589525;0.7793783926827963
0.8714780832839769;0.9003300396807397;0.03310738922029166
0.6995914892543459;0.8102638125044317;0.18549068143585812
0.06265909906870315;0.6766769723375481;0.5784044884545722
0.05299294548963751;0.8142635386163685;0.9974288359355837
0.5342343000642567;0.184299635069187;0.028479165422545805
0.9712830079331898;0.3457443990735951;0.4119317162070629
0.8515089052881696;0.6620429960085046;0.7686285484456478
0.5449296033533969;0.5155640221665146;0.5364586097341487
0.6166168220441848;0.5037637433270243;0.1786444350850438
0.06901300990773995;0.9011034265094824;0.8247636506870447
0.16376770786325012;0.44042541429464566;0.7717964900021891
0.25302476158547027;0.18342142534306105;0.3683393008507688
0.9210050260185896;0.5424112546053366;0.852236421612656
0.11028667359831346;0.674181534148306;0.2768352289671
0.7071360824715096;0.5399387632263859;0.160372276471466
0.19517830253775026;0.833814303921323;0.9292780967212274
0.5217186523286933;0.26261734331878206;0.13522981224518038
0.7754858297120096;0.8686174446615467;0.46658884654081145
0.35498341904107633;0.8860684261733164;0.23921037697785008
0.7977094543394575;0.2629207411806802;0.8329268132771966
0.08677282256574692;0.5483009239713635;0.35203502201892645
0.3000468204347889;0.5291269064987317;0.0815598715718292
0.9534872401061782;0.4645910035812584;0.257064634262987
0.3742835211847171;0.007867668296751007;0.6187976323128547
0.1501539293017724;0.045980893061679406;0.2511102161986061
0.8835723168796035;0.36445645405312577;0.17882622613940335
0.6866709780057757;0.2214793967351809;0.9614653812997626
0.9784928236296082;0.3657903751263163;0.5642482130629832
0.014388712279678972;0.4707365183468397;0.6970140959059612
0.008157205151805624;0.9843369031935313;0.5771227837271362
0.05292374498052976;0.22137702577386453;0.7023011826175629
0.1362925421774588;0.08382973948389627;0.30141397458746033
0.781171045970258;0.7240035700405933;0.7830263038470789
0.15255503057370345;0.6994266591582912;0.9373618793613969
0.3903953418898204;0.006699826094920591;0.14019891088804937
0.8258724123673411;0.9605051384479566;0.4917512837905075
0.670074867460507;0.41222162596509615;0.854869182135212
0.748333374372323;0.43060652296034707;0.6352548926378252
0.7507448133102341;0.9386426881858532;0.8788807394634218
0.2882036268803827;0.8314700768864903;0.18068659924985053
0.9181106083841404;0.2851836869507599;0.186441019834105
0.5696272472987144;0.7030164821916874;0.9889135110655227
0.9320971351827336;0.8699902601106697;0.5086909199344036
0.17143570370772698;0.23923892485763643;0.07103012853519353
0.8899268118689992;0.3136653604417685;0.5119767182665986
0.24755182545682686;0.8228066733099686;0.6831196571669861
0.053682738423185494;0.08094748943127239;0.14790842953185224
0.34973237095284504;0.27877303922233454;0.9342853140950489
0.7878990602774858;0.05926818086457686;0.15165921360317092
0.11424209360220228;0.7841836249237083;0.8408148255325828
0.4577808956483318;0.5854645534329914;0.917562480505141
0.3694901652131889;0.8229943423742478;0.08476410059034134
0.2039315329538638;0.7812101960751504;0.8160127156377585
0.28552429431746207;0.5755896418204313;0.46666066956310936
0.8348114393379686;0.06167708194172383;0.23330570119295002
0.5263383529321882;0.15145090274896922;0.6216704967024291
0.800018668878124;0.9561297006976837;0.5455198745218949
0.682898801089996;0.4826985471130065;0.8979833273026119
0.3982975686320456;0.753067599513295;0.2989017748921853
0.22019434323952336;0.6279253006357319;0.8656206292038952
0.6975179690589973;0.10027681107690845;0.012278881958595722
0.6831515116239528;0.27472627192100885;0.5221191850165268
0.12953266877713865;0.017624798232783623;0.034877383760496095
0.8722552955909768;0.4098877083108591;0.723519468924311
0.5648087135477433;0.6202753637751742;0.050431250076071965
0.40422925653581443;0.34932628449665204;0.31046413375252324
0.6855925614139047;0.2919681973480822;0.7367093650559264
0.5182576910975235;0.6610079380950297;0.14209485313041603
0.8820277596079871;0.050899248174828826;0.8672725837087352
0.44999605338442383;0.06598644934809217;0.8555885572736256
0.5294557274044531;0.1682846857452428;0.39724945831607084
0.35754306979274775;0.22102513862724893;0.6898541039366821
0.6181554850765467;0.8443358084922103;0.614974615248344
0.6864614256556018;0.5108426930689368;0.6131570362853831
0.16644663424688366;0.34388954671579997;0.8135127687710376
0.2055859697949871;0.12869091185805093;0.7007021651219171
0.9938196003861952;0.9192434790749663;0.6562273257680515
0.7846876944159541;0.3466739728500867;0.1006412371618981
0.3291814233009718;0.43517711888622157;0.06913922387880511
0.7287771396994785;0.7441906412981173;0.012459263256217046
0.8326469464451509;0.7709156227109842;0.8589051912581412
0.8197262227986515;0.13499553419593746;0.9926209862746385
0.5283344178982348;0.6628786128227895;0.5979450355548851
0.12392134832058566;0.5002051219915504;0.8031716021876592
0.7788999259045222;0.630311774110946;0.03584380847912172
0.05091330086050605;0.7823727645048277;0.08031159698084989
0.9987690245568598;0.053291944463243035;0.013214832002401034
0.7770428067975158;0.6355350590655617;0.9320557227025146
0.546662031404086;0.16704416344943074;0.4469922944374636
0.5035601981655805;0.6120543408992526;0.22014740974792324
0.5800057360743173;0.4129672736780611;0.37101851554055276
0.8082936583415732;0.2822201653180134;0.22768408783954042
0.429499426318087;0.5797085698543536;0.32886372599716884
0.468799655512237;0.42459922350654455;0.663795950340211
0.6454194991569607;0.21472374376604797;0.8396400013279945
0.4878184344770169;0.5083852928717508;0.6886774714225097
0.792317536973119;0.4004913566293642;0.06819977653122955
0.7894217007277947;0.2154200939416897;0.502406028726286
0.2772707917796722;0.11348207261830867;0.061939762124132214
0.5507032547679057;0.5573928131628024;0.8175352305527422
0.48737636485018854;0.9799218514698161;0.7995275382507205
0.6866048921954927;0.4960226155262236;0.2361696872981074
0.23850140524315133;0.6146047072355907;0.7177877455312391
0.37374636251522453;0.2921540940857349;0.8092557453165709
0.5830627484991153;0.4497184165206096;0.0840496094023182
0.1505952489825656;0.2304747891665484;0.5747090063023239
0.24781498297830074;0.987632587976533;0.7146649676801888
0.08702847958703763;0.13732919650741926;0.02479637142430824
0.5114602393598382;0.8596160526338738;0.34030156796872557
0.5585191851552429;0.6382561335017083;0.607335784646064
0.7115741568845008;0.9179131486360381;0.3624342733182969
0.4748226375497353;0.9452163864227485;0.18458337978480466
0.6542093264757981;0.8148565397533268;0.4461526692920098
0.6559024474080621;0.602604623719973;0.42931840947625155
0.38108963086865166;0.8970540646451823;0.4783942432489777
0.532612471067348;0.39912840014181206;0.4552614840469653
0.9024200263527725;0.002217236970055936;4.301744681955988e-05
0.5567034080103467;0.36250430908941367;0.18350592709481628
0.7314775443196236;0.7178246007731646;0.6401173215869016
0.18827956167468052;0.20146222862818297;0.7765779410741279
0.4852748181758266;0.1360126565998072;0.23506220534971778
0.14482856560742996;0.9235450907257613;0.19813504851125108
0.3513997594934808;0.2175715391004085;0.8523639603738319
0.6330652867730909;0.11477784218710341;0.9965472945955972
0.29801911333312037;0.9211072339416844;0.4385440290773438
0.597055292851193;0.31300637571284506;0.4171992147549728
0.5054659928353025;0.9710380637503297;0.620612027753861
0.7360038625288396;0.6358075278655726;0.8901135857529613
0.3152139871072004;0.18205997194270485;0.4379034751852937
0.8979401872389026;0.10116563609642937;0.08062645058870233
0.993374432151107;0.7259724505547331;0.5204575072779484
0.6473023001088934;0.2497668097244038;0.030032566247155112
0.7435048296361879;0.37543275036471846;0.5840225913097616
0.28244093723211083;0.6558041364629178;0.5069782353416079
0.6216705420398205;0.44889942296416785;0.5979413908588462
0.49559579710376234;0.6349396222093348;0.739952698350471
0.794069199346274;0.5637373496355355;0.17731355418896144
0.7736787364026918;0.45574318838838745;0.18741152990787824
0.15740455128394482;0.3052490430117527;0.9413499447590293
0.12514493441144758;0.6396475886322229;0.2536735001944638
0.3982828379098836;0.6318046523992262;0.05984588567037108
0.3645868287963916;0.5504019881529348;0.18935125755804416
0.2785772229238691;0.1158351830058032;0.8852598444999039
0.16775280809620563;0.9023181328200238;0.9317843116054783
0.6799044017242928;0.47983990094903406;0.43162720761751106
0.5177050944333815;0.9593015550851454;0.6822463140155629
0.8785571275200802;0.19381939547095695;0.9649694998533014
0.9008452922017403;0.5691904610403885;0.5049902201118072
0.5423158076135708;0.528515151402588;0.759435804639267
0.687899308645634;0.7327212266523933;0.37744894135632545
0.5924882670374345;0.8054783344893339;0.893952662585492
0.22059842358074866;0.5769458797947347;0.9513361696303891
0.5330052950037384;0.7360409503514094;0.4091636538264861
0.41390760456230813;0.1926716463349264;0.9343709845537788
0.08307997743233464;0.2940330778655834;0.5118852201936943
0.960030868748121;0.42193473853885;0.5709669218816418
0.1680541721598996;0.7857750425492629;0.3171110488693891
0.10662863491080932;0.26760721063886417;0.823658348834111
0.9116637857926535;0.6993060250355405;0.6572729434844802
0.8447900483298934;0.211481333882094;0.1820149998982198
0.9846963734416075;0.7532582275641712;0.54565131222412
0.7831550031463165;0.6110193808475525;0.9858045980146454
0.8694906023609258;0.10565742243817589;0.3342150237149557
0.9285995304906266;0.6999508887768692;0.9504585076664498
0.19221914920678485;0.9545840297199047;0.28788454042644585
0.26931293498794506;0.16857230326295614;0.902064654772403
0.2237974429088182;0.2681408392241017;0.4124109491661382
0.35189070326781324;0.37965908261031156;0.48091522478774285
0.056206138408394835;0.7590628710729329;0.547102568951497
0.22644871473849348;0.4020005951813935;0.10885694412769997
0.25564659944225665;0.624266298450438;0.8823561629592974
0.670745208792824;0.6018926933808026;0.5543705615464919
0.9610927075109696;0.5554428071071205;0.15224744494251774
0.6649406125657753;0.4122666784660005;0.020881960099905728
0.3331273531769854;0.022975899483111295;0.889773385667504
0.4812316085335746;0.21963800849955561;0.11986852984893659
0.4362611438306403;0.28753643985888255;0.03397266686460043
0.5857455576489894;0.21498432644873955;0.47554643601658886
0.040768553284561304;0.36867556896807185;0.31881316977098895
0.5056276447628106;0.9450582886573301;0.1506980802874045
0.6078837000928128;0.6654672541100318;0.6116620479150953
0.6877180318851273;0.9176100995655221;0.5998893325457335
0.931156619404383;0.9090331280113986;0.9361597921885506
0.15488049471520904;0.8298911791680129;0.1890261820973298
0.6232516679357688;0.18763398698194955;0.9851759699199226
0.7073138341294779;0.9189523884451278;0.46135987438289483
0.05323812743634504;0.9978435416068907;0.06526567257634008
0.3498580772589226;0.07995088955851193;0.19931643272934552
0.5002421452208127;0.9816448333977165;0.09794606227129732
0.6054549035399824;0.2888513703444885;0.46332388854847295
0.3400320772358413;0.896669981212408;0.2949447487958228
0.9186000993682019;0.9324051248410296;0.23748969068270365
0.8392236156004761;0.40781791345456453;0.48406812934113963
0.025128592106616443;0.7439880908068515;0.3184706104320605
0.46705591762952114;0.28862541251196805;0.7859047341505411
0.4594444673159517;0.29864158608517954;0.10924596355569949
0.4089937848691001;0.837128950354339;0.33668133105797493
0.6174455303321045;0.8457731581247295;0.7582919482617532
0.09527606804192501;0.31150481077005787;0.24064199305482492
0.5699071583815646;0.8272014994441753;0.738083404026331
0.1485786504606723;0.5637645811898703;0.8245453303149325
0.9397444048065768;0.6988391245152034;0.004779750563782992
0.16751175752879877;0.39591150602915903;0.6790043559356307
0.5836473633161076;0.38728777412243;0.7056438301923386
0.9684034255438989;0.6470549493301861;0.4597789658479854
0.0019272713065675573;0.8015692369868221;0.03637296569929516
0.24783115299141856;0.44510854833686564;0.9901007774599666
0.060506902214006786;0.3875115150937164;0.4226369183336468
0.4242061791700179;0.9173530592811009;0.05202120698361501
0.4090369404721135;0.1567911133989467;0.9307599587481711
0.5090915132491463;0.1271826016821751;0.20384203030847425
0.09408768499374554;0.9837130075429149;0.3757440372197095
0.8178749171433799;0.6562848291294333;0.35656214842031364
0.3655911356861712;0.31203663573287665;0.1636998547894396
0.24503200492511712;0.6636577531404713;0.03410821954163734
0.3652500734697569;0.6699230971447393;0.006724387027038481
0.39333285654655814;0.5751534528901281;0.4895197552387255
0.8568362340692076;0.8817332279557878;0.2666227889800825
0.8887033885747975;0.07974697713333045;0.4242791994613261
0.7972178956004013;0.053951841219504915;0.08316723618440025
0.7230984073744964;0.09797089213544585;0.06151643910098237
0.4265587976848373;0.2886680542522513;0.018375438767938568
0.7827694141669804;0.013917759458851764;0.014727415283357415
0.5091710928154923;0.4046242547571729;0.3460054733160467
0.440496339038318;0.1784288660245299;0.8993784634381554
0.31446944059562476;0.2133732491173752;0.10522760499909112
0.5415515292104444;0.09151123391354044;0.4439482238563178
0.047420365058245983;0.5609843829109551;0.5298421457733595
0.5833807253716791;0.013273227735768445;0.611119982299375
0.5863592327899795;0.12606179988227229;0.0038496557288532074
0.932467249551159;0.40956351709420347;0.04285627847442963
0.32159182649762286;0.9673823826575733;0.6402845489190537
0.9371874696468196;0.6396667972873744;0.6310855010812018
0.484740882816169;0.2545663489366359;0.40158214226162703
0.5154166583621097;0.23466281205079087;0.12298395112982474
6.744768657129807e-05;0.9350205926755124;0.21921686197990453
0.4192502785633838;0.8252135418868906;0.9739402796811388
0.7880857474022803;0.021173307107350436;0.8272740734675993
0.39131603744832943;0.644908175353581;0.24965795349109332
0.6018917150870298;0.9816157340889449;0.09439422734155645
0.3134946685714215;0.7521474112001169;0.4246490055126271
0.10642207244911506;0.5087259409076589;0.31450113643060285
0.7981001975557501;0.14632890428864964;0.03740715251493276
0.372859215873271;0.6681707792699206;0.7047650758947931
0.7584870896114221;0.704362841519344;0.7698300843001535
0.6867328767144009;0.5310385381072481;0.379355281845415
0.3083941370393901;0.35022255619142373;0.7799198194704515
0.920218082993066;0.2879066789055853;0.014465648605915038
0.44629877828446973;0.7643884029825803;0.6261254688012752
0.7129025507862258;0.5708153842588292;0.5949675006669148
0.6426458660920502;0.3371376519371022;0.4021030401649074
0.6227224435169785;0.06726272602854011;0.5197174821854867
0.7972844598447679;0.06145501752344018;0.11321500435604148
0.03931353861926068;0.028217646438127186;0.47121122282053096
0.19266708868088944;0.5604061254379398;0.10268279012651038
0.15673230235863522;0.6721284982066985;0.23774380680998164
0.1027865725992152;0.7615226219571879;0.559332703451913
0.8740345232916837;0.631471885023892;0.6757027754498245
0.4197975178392054;0.3999194848692127;0.667966972788731
0.932713996549004;0.8170765721868669;0.12550982720619752
0.9696764839266134;0.32676332250991935;0.3216157112670577
0.8682146260632243;0.2924073313219502;0.530101494545747
0.5210750303052072;0.3310881318775426;0.9635839988077672
0.4333861474911044;0.47363021896627633;0.877579051041985
0.2879794086276378;0.8188746576081621;0.8753100228068527
0.41811579783837416;0.13445153176997648;0.18227328105981544
0.4565659700470611;0.9378238885992795;0.47896142805478703
0.3546159893087254;0.70255137998239;0.04911071386272636
0.9254266313299324;0.5351585266624377;0.07217524107101392
0.6161465774382822;0.007422614921034243;0.7366733459976055
0.13910366893993864;0.9285072089414385;0.1817929020718524
0.8861191134770726;0.9756899496222239;0.02554040929532697
0.2988003569073123;0.5189257928714657;0.9908916919960723
0.32905541068623523;0.5857479295975103;0.06849631986985061
0.6325067435339292;0.14189178046289508;0.5836810267320188
0.8599062064536095;0.1567935982116082;0.2117909541755818
0.06960504512266974;0.3496164943093413;0.4823925988172656
0.3873700056821653;0.4589626957894476;0.5358578965365212
0.3669517357327926;0.4341282649466164;0.2666580208341116
0.523393827678686;0.6192071035874843;0.045222841249812795
0.5522340893875429;0.9012260600191514;0.3364828783886632
0.08601999328537668;0.20747894276874768;0.893805086246883
0.17287012597318585;0.04471709187430195;0.8483473131807285
0.06651033188475042;0.6002821572589105;0.4102969224989026
0.8842631390382683;0.5838675997401246;0.19208110632904274
0.2392962851896957;0.3501625342417106;0.8417938087336984
0.4128132426839861;0.48270290119241244;0.8643308608989148
0.8280641531562126;0.23746302394209795;0.2002742328479633
0.2073531904550645;0.36974334291725863;0.7727033516561362
0.18628148610308226;0.7479212417531107;0.5723067285623878
0.42221081397113824;0.5359168485439512;0.12272324477732666
0.02082050877452646;0.6893445160136967;0.16961304104387687
0.7648899637846664;0.3055609949854031;0.07442211062713167
0.8845362282098533;0.8193408414251226;0.21620040520190342
0.15286844673708067;0.7131337555535417;0.9498138404232077
0.08694110002595601;0.10423510893927557;0.48172069904221004
0.028131078511845264;0.17687685086896188;0.20707168894658845
0.5937568376779986;0.7613731759895236;0.5562096192336125
0.2268310143822897;0.8180212684849877;0.6035781791528616
0.30492053746360215;0.4526249494529013;0.8634529394871269
0.4694780499359106;0.7595621835391766;0.896892390023367
0.45137909612757465;0.9874555727044478;0.06604601658371201
0.06928728863323497;0.05609398488897299;0.6319994608387005
0.7962201994586356;0.7049560537313635;0.41652441961358433
0.3938972035194177;0.11326722981662607;0.35909252577307815
0.18927211886911832;0.8871123206622323;0.24501839944434178
0.5443198735835809;0.22150336696174178;0.6076057609489229
0.774437942809275;0.7725004248856726;0.8961590787378313
0.010158728132028783;0.5955002149802349;0.6463054556137878
0.30883050175004956;0.23048003535239614;0.7478080023830964
0.7023513961911519;0.14970788675927482;0.9798149543616425
0.14852697529208692;0.7821349164091455;0.35381363669669086
0.22421972748966768;0.9706105727382917;0.13563986317044174
0.5328928263329767;0.08319513426494873;0.22122074089504273
0.021012346824894945;0.9851453872890138;0.07284438203112842
0.22259616839853824;0.0859249070914847;0.9109011158086062
0.322948112529731;0.08498014744435545;0.29188739848628376
0.29635374319023544;0.5480969415316121;0.6370158875895926
0.9856221235324016;0.17317995890405335;0.6562495773326876
0.5723780552379435;0.06590517854464317;0.6573857950808374
0.050829846855740546;0.8131004923618854;0.3263665431814111
0.9737568301157201;0.35478731152781506;0.828065182534363
0.5255135318836799;0.3663314551275533;0.2634253878254822
0.346359947916962;0.11796601369694226;0.7693434196360768
0.3810089912456174;0.6620439416771449;0.09331862030404348
0.8486007808137871;0.1111906127086586;0.4850468355495725
0.5048691226282765;0.999003763208861;0.9749166318215365
0.4507772864583537;0.36209704376570573;0.06336744254655302
0.24127423038408313;0.08832416343880511;0.29207858519586616
0.9335690403871573;0.03836410757151576;0.1326058262938642
0.18331198428617201;0.7979378441346242;0.06444827280109588
0.9794816157618293;0.8657360036400746;0.9178304786485184
0.9109202523702283;0.4860422101597728;0.540172654360951
0.05413198757378368;0.012455555852526445;0.9901989955473234
0.557775007154318;0.44832282772944376;0.05802645110250426
0.4284439627751546;0.07794901301847568;0.4983353188379104
0.4007498823668423;0.345037965919224;0.4636188335196123
0.5994108793087813;0.22573291872058276;0.1667272949709575
0.6622783466557987;0.9162638714382286;0.887525928145919
0.27622557164208683;0.6397705383832485;0.39777445238211806
0.7053567660811846;0.24372634505238377;0.09732262465038632
0.22413800350919166;0.6159521084860982;0.6610312604237836
0.7923946685675087;0.8242782058403736;0.891719122932214
0.538923289278058;0.562218991697086;0.3701856825161486
0.16077514608054766;0.15304295616621666;0.3301775955173373
0.4361170051693384;0.9519781650427912;0.8131005513331262
0.6496330840679359;0.2371060488802731;0.9478180281223072
0.8994519273811133;0.9673162065351992;0.8786985573132224
0.39180089564627163;0.4688553973786762;0.9362791674756294
0.8328526815018377;0.26700913197151854;0.29971602364853844
0.02291953729566487;0.05031467571812254;0.3765766079505568
0.4659455866026869;0.17655782919205698;0.7135670636788584
0.3640610240246869;0.39284323370418495;0.4760090518724185
0.18353506914327067;0.5102787007108179;0.07985808592765808
0.9071911577767374;0.7364739804415958;0.7769635949456261
0.883638157845481;0.3488833793267302;0.46489342930098876
0.05978031882116186;0.9340342188896308;0.07706832817555187
0.06500111303651734;0.6978483642974658;0.23849728752279642
0.952217608346624;0.8601811132274536;0.38084582912464815
0.2088861129848677;0.3515058759554972;0.7766882697884511
0.4900506105157322;0.14529590957510297;0.9749276889894277
0.30307253275452706;0.8554303043321198;0.6729049273159949
0.9887069485873965;0.3368544553742955;0.24112875063968886
0.7225181267499686;0.24553331281300816;0.7018512429987075
0.3584408203556436;0.5137090569859727;0.08466646692673108
0.13624380849237117;0.1914486737793749;0.33486171398397124
0.5081429584280717;0.22652549706575587;0.4185620790009905
0.5594301959772342;0.3007116191205893;0.8361972284582071
0.9517165882983578;0.12496944006124722;0.8889631906400799
0.6251089286154882;0.45819174567589904;0.9483166718360918
0.6766279393932175;0.10685134141978303;0.9088644294126752
0.25295693959101495;0.23928620120196098;0.7836682451176451
0.10202646619431044;0.20424770346876076;0.6384666892226906
0.8207503720232817;0.6209968250570366;0.16272687514374917
0.38924886109435575;0.3518757752556214;0.26455890266447124
0.0330803850468403;0.7441230273565318;0.09079820522955073
0.275737168047707;0.24775907577220246;0.3669311974352757
0.11553032072342273;0.7303619866608495;0.5784401717121046
0.5561133156459726;0.7639990080129533;0.37012661940401337
0.4307120292732046;0.8279264994807952;0.7759562726320618
0.7779574748878496;0.005005250000933992;0.020706473715603635
0.4706708957088096;0.39520933441574213;0.6806290992640742
0.35136831083713094;0.9494255134364441;0.45588781130221145
0.4665599709654811;0.36899880998600154;0.556913122260909
0.35621920735625867;0.7368851739524664;0.22511774288936615
0.9541676786951221;0.8874976293221944;0.3002335439999244
0.5887965710608581;0.9053195440923628;0.3995841351659959
0.6521331993356082;0.22289781659327035;0.49465848284171887
0.928907467188063;0.6985604817438571;0.9716715605543902
0.42444418254228167;0.7728394773856813;0.16115630830209837
0.35515356041318336;0.7915430944826747;0.3683022011313638
0.8269179127050575;0.2742380390958573;0.004892601055514589
0.16712480240280314;0.988522112847707;0.3393091229368568
0.39836800869615363;0.44054991671561927;0.8597281638890996
0.34881811905634563;0.6716078942292519;0.016748534830231865
0.5784062048860454;0.005987028489839452;0.2922067417576638
0.7270933606110682;0.9887467131319465;0.1870697233634636
0.933982366741888;0.3424871176139169;0.8224568726561221
0.51183085528125;0.4159817151958015;0.16440974008842157
0.9216261177324357;0.3696031578978577;0.31177313358375613
0.9952482006692429;0.1676905300704885;0.2318976071419182
0.3256102630720228;0.84734296929524;0.027931278918366775
0.6402190151188834;0.34409752059136456;0.9726875903930496
0.1025328551319652;0.3913803008228651;0.3140306147571851
0.09492804680985001;0.8693228653146982;0.5373577830407396
0.17221576360808977;0.14048981394897464;0.41663868621204625
0.18124373686059714;0.8761047813850235;0.5864696265159077
0.34678601636537687;0.471775714225554;0.6366465687752655
0.7781047111662309;0.8978431462543516;0.3284580419995745
0.9113838164362776;0.19683896032780435;0.3476468892691905
0.2648974915416823;0.011506511924950114;0.5141581441425802
0.44437302113211075;0.6438381666931009;0.5447953230898892
0.6507803335396648;0.5271802782685113;0.281594610494761
0.07507705972193723;0.85910261280891;0.9654768747812734
0.4032649578537729;0.08448485652889115;0.09964955820914734
0.39635909181546936;0.19016230971452763;0.8165653853813353
0.6533433265075299;0.8068018767629266;0.7047589476456814
0.5500796260453991;0.9379506035192118;0.023473889963719574
0.21767985565880366;0.0843995324526785;0.5299019648371912
0.6845544357562029;0.9019417812566038;0.940237464861841
0.2127966983657179;0.8370143301401536;0.18929684399913005
0.6906992773414106;0.10698552033512454;0.9297763629335737
0.13125601664962117;0.32976315388791233;0.24495743966350536
0.5519920522671157;0.5311401731960024;0.2553186089104349
0.3052695020365238;0.848067492260712;0.513023348029827
0.1549478168543852;0.2489417559087419;0.42607163145972815
0.7078176011849832;0.7050476676663143;0.2705175955644976
0.6853440285970602;0.655976574254195;0.25125812781655943
0.6536044086169189;0.7028005748315465;0.2194336742535512
0.7158971408963914;0.5228145687628224;0.12747770835404926
0.9618532079513703;0.4059896375521135;0.056281576879330886
0.8905770821670881;0.5408261052698422;0.5405107415285777
0.2152500002092026;0.33847613527916665;0.9270680267746416
0.4317570966535851;0.21717325181951141;0.3728810506766759
0.4531582565147626;0.2889855733917448;0.3187550711464968
0.6261986714160065;0.1274353659794364;0.34810249906617696
0.21811880041347076;0.5236555196888488;0.019543975079140186
0.8349467059468714;0.38079504668927666;0.5318855269047821
0.6655220772965619;0.7888647170903744;0.4759404962918595
0.2503479583666731;0.6025954636469519;0.008044434294362635
0.23392284632914284;0.5053052925670625;0.25434416045292874
0.8434676930865087;0.6791815916891986;0.6169273773544192
0.7612198291110379;0.5671645554770924;0.4463571624323115
0.0702643254070191;0.1358010872668608;0.894474038222627
0.7182667943151411;0.2168562666452245;0.23904303710218844
0.8272446308801862;0.2929089507738285;0.5972555065331007
0.42774797080054316;0.023934002102432572;0.4266388914345668
0.05207445645725739;0.9435375225768404;0.6461948469269926
0.8642473599917891;0.5550453127964229;0.35898713927352166
0.29831971554162307;0.4738110605266297;0.3573457607262738
0.2291065005073063;0.3736362039003399;0.3911225906264587
0.7170610972388373;0.5021233619484045;0.10031842323443663
0.8160140551430846;0.6784616357006923;0.5209456656688173
0.010417519699576605;0.17611330252464674;0.0031225152754612573
0.06685708019861991;0.14009673817189394;0.9075334953877207
0.5204496385999469;0.6762171709508238;0.2679387312734869
0.7139480603633909;0.6675683746312521;0.7824199667349173
0.31836036781239574;0.8064858857101286;0.2246982863522291
0.9276719858220799;0.8428793960616635;0.8997868681074814
0.2844463179636977;0.7702308508500406;0.952834974514891
0.771869609135122;0.21669709954842908;0.8738454462684273
0.0009304518165694775;0.7654490178380424;0.9324402512887355
0.44396294277101356;0.2933560682384805;0.5263866237123012
0.015298901972377044;0.7686154173843718;0.8706386644644248
0.21386606553330145;0.7214655288608127;0.9072539379526157
0.7740799411626825;0.2884324181935435;0.3165384821532019
0.7687304080970692;0.3046830271880142;0.1630058938945218
0.6535831819576746;0.3471937689180786;0.369477649279932
0.7165715296622908;0.8537258493518082;0.9689522526571441
0.48755900149816234;0.17264419217114535;0.507687290323968
0.9746125512748692;0.6511810037201304;0.030903035099620446
0.7019972669825142;0.41046181513073565;0.7150930944674425
0.47114984776534186;0.23187298794446543;0.21893211437970095
0.9790967397719319;0.5818179509014849;0.7462493646912592
0.4626515562026635;0.6041054674189739;0.5097388359543382
0.5023755122299934;0.3079550979507484;0.5119420557004224
0.2829301663393703;0.2681195819417337;0.09881730893149032
0.8012883100529418;0.9874996320125561;0.9593716355945496
0.9428641403426762;0.8863634706220916;0.7398242801463655
0.46907129951455184;0.6308712564102134;0.5391702715225317
0.5425104507535353;0.5465254714367646;0.257880672446816
0.36780574852859826;0.15632190935058277;0.8104315109717459
0.4741758243532642;0.11502445334476163;0.18702435191295708
0.27654218089330806;0.7854422909209525;0.0179193793750968
0.8028532554922683;0.7550196240748492;0.5337236535810449
0.22966760010818588;0.7007892983202465;0.990746777454083
0.8596976829060454;0.556792026761547;0.29198036103566116
0.6016860450187909;0.9619602243141222;0.5730911201718648
0.39801113416399736;0.3005903101838001;0.19361283627717485
0.043454397098365516;0.9471664098757238;0.37439019504573934
0.14370343432607458;0.04467730073120535;0.1715389174456201
0.03660527086639176;0.6818828812063418;0.9937143655713414
0.48739583870301517;0.4713961318887109;0.000439778366257082
0.46465986807394377;0.719511605355422;0.20770711798805463
0.09802167323403366;0.6190497337936256;0.014183469314458574
0.0018545027701806216;0.9719722388712626;0.6150845376307154
0.16545678696989596;0.3236675599679898;0.9749442554084746
0.9095371135407025;0.7732841362638386;0.0486823681496833
0.9678246179470895;0.9691471467462499;0.7823082802380146
0.5864670766129373;0.46797424757414563;0.47951183164333666
0.8660260462182755;0.0494502917273989;0.8850439294815506
0.5341280991461842;0.16907441611901253;0.9289935833435876
0.9560734312287135;0.6384997493921835;0.19828626553090878
0.8286706397018303;0.09610566434590684;0.5991891020210443
0.24536107446653332;0.059473313073593825;0.7618878297340531
0.39624545324591764;0.9163123219421574;0.4309960373390844
0.07442586190023348;0.257570635451002;0.0798939290581232
0.5485704698394057;0.9611281155104429;0.18648379936944315
0.2254391553266154;0.5727149685936941;0.03406650979717374
0.7720295672969718;0.6401423335347186;0.2962849104706353
0.9208350616578042;0.38245562772324904;0.015822376153803108
0.8563815334018423;0.7428329767143439;0.022158600921578286
0.13728549576199267;0.44304456816850124;0.38788928357472474
0.2890307002809869;0.440164673886565;0.9975449106622215
0.5706490438077525;0.4295082062615151;0.7595488843366894
0.28130301146043946;0.9647546402956716;0.12358351156102054
0.12415303991032112;0.44798498290548416;0.7830332292064779
0.3168033509647419;0.8749380234044251;0.41834096426477996
0.946372601565853;0.4397658057688655;0.8975618389153202
0.8835352757088671;0.01936368073415251;0.7370002235558316
0.8619559579667072;0.8758586453653097;0.8405530297053682
0.3734932580352964;0.2982519602232079;0.25829689776380116
0.6168510481224662;0.7646857070821048;0.11736789373319578
0.5525578848038732;0.73069704665823;0.8700211332087908
0.4015198980255392;0.9602264636472302;0.8341366671439651
0.16174253670337202;0.2878277232979056;0.9789568256006532
0.010420940568790837;0.1777905494157831;0.05528997952223502
0.03949506154665072;0.29285679349003857;0.8214190306818019
0.5643982548413222;0.10402183256122022;0.028632197846968688
0.5143612302381985;0.007933755516813745;0.09474200274012057
0.7959929573722104;0.3775642713383358;0.751852610539472
0.6250845500035827;0.9908063177544805;0.9569571194771446
0.6422373628978675;0.41476802945712743;0.8465502811754297
0.7031544382067708;0.46053368181052323;0.7090514062509099
0.5805558779916979;0.4754577354433127;0.5473828096624063
0.31368214618395696;0.9334908439927008;0.7485342554684586
0.7471404342403635;0.5841889683453054;0.0728821615185623
0.41310163244407894;0.19230017955591117;0.6159531626867801
0.6967800389168186;0.68288678342207;0.9308755580468867
0.4841641827153359;0.7809640699760007;0.038547418644589326
0.6838172037378781;0.42055233105879564;0.10913200479130347
0.12145870719990703;0.6303396255705628;0.5211656756160568
0.21228699031534315;0.7612854836658824;0.754013499717822
0.35227850589303933;0.20941532646953742;0.0001513243717461421
0.1546576142693452;0.8389352434750589;0.14855994410840156
0.3034070633157795;0.9950636572621989;0.44005338798703464
0.305063831791751;0.7707765213501417;0.781028269029242
0.150837955029423;0.28658054330206173;0.6306328651543455
0.03528959180927427;0.9298368767861918;0.477008623143808
0.7950134747453991;0.5350640400608672;0.6090717938510356
0.8105943278222633;0.910404835511603;0.6617064278017397
0.6741363469599617;0.5059911940567239;0.7784860142702177
0.21713415035053596;0.686531660887651;0.45415546099736914
0.5040048058445116;0.4903121467773157;0.8709149378808441
0.545445083142954;0.5070044276654881;0.1263243682289933
0.9689080983054374;0.9011164564213785;0.08401292694572449
0.2545753631676917;0.03124396987424316;0.14937865266300854
0.4201325565283588;0.7273352777185604;0.036373521498000994
0.03843639405095789;0.7105476794994127;0.3259411625265223
0.3416054729028345;0.9624662402229186;0.45094920029236296
0.11687275154057908;0.4203531411382472;0.40431179869059
0.40449855919122146;0.2006279012634773;0.3137966643147093
0.397605826586394;0.7554644962270476;0.032695067378908926
0.46149022160820463;0.3839903222580415;0.21390790999389897
0.14693114521726958;0.6506703143875973;0.42264027616099387
0.4149555283297677;0.2862033605304575;0.8496393699243014
0.8540523556247601;0.6828736884155622;0.3984352507588348
0.7773121290213727;0.9986316993526355;0.3818705559172152
0.18742966064978717;0.595181769269161;0.20250207786511976
0.9203358838152724;0.4064424702022086;0.4834448882673854
0.9129575781781428;0.1640687489277216;0.803040389308998
0.9809906345042839;0.12164220294390393;0.19844092773839317
0.07411931095808855;0.7947886104557913;0.11676781811414416
0.7338073151367785;0.19495309095073876;0.6620664104006868
0.28147635341949917;0.7080104856452625;0.20771347460773848
0.03800046896623199;0.031273061825369486;0.5227327011903875
0.30327471974498343;0.29126073812919795;0.9883362728753186
0.5370954750340767;0.17941054926708433;0.26120078545584346
0.07562509016400143;0.3349224753555716;0.23614644204324287
0.3928277954410201;0.3435325858485544;0.04845244692858397
0.6563490952896041;0.22806672922846805;0.8053722236116686
0.3991266447883478;0.0328425549101341;0.14939066092562037
0.2915085663114211;0.8900608937701188;0.9855421158290087
0.593530201748382;0.443367575019582;0.21738101189520265
0.293901178919019;0.8190573518776381;0.4163439290069013
0.3232218595494467;0.8356370472397878;0.05543021548120297
0.5554803213737389;0.36423253509891185;0.7192921588991013
0.4141887762644282;0.2510671036910611;0.9730076709653859
0.529982994764897;0.410478824696064;0.7796627957716717
0.8458606998088293;0.789748287280929;0.8948069757885284
0.12269609091913958;0.8626792691214233;0.6604965515029505
0.06381129767429139;0.7285330834630496;0.06625586650320969
0.8339079777514551;0.3569515330151789;0.1430870056849458
0.23652451769787908;0.9877176176455678;0.4115448582778125
0.4206881896164413;0.7650464067925336;0.18174349348934893
0.5341775751577363;0.37896461643579527;0.18867109496432888
0.4567118379943761;0.8875158452218127;0.1350366363977733
0.16982664768575106;0.5432989134121219;0.2748694299141684
0.3433523222267473;0.753303080087303;0.1796302396201589
0.8623533164756974;0.030364085881431246;0.1463240619435523
0.6078850689850972;0.283094943333431;0.13056767792064072
0.30253155567940593;0.17070929867827633;0.6925473715219423
0.7475360766628412;0.3569583454930797;0.3708544172054177
0.9896372366518125;0.29766062072110033;0.34804359963906506
0.21506600538053722;0.9084507719922313;0.49316794778398443
0.7424935085614585;0.20306304760019744;0.061607732095736556
0.735050985420625;0.03608630779534605;0.8944313931992471
0.89640322198293;0.7103828498970743;0.19383098544317456
0.10877017533378253;0.47768131521644;0.10192954603920146
0.36996569388077427;0.5487262736823162;0.8587470528750208
0.15346849502639603;0.06645932562393542;0.5700411131802648
0.22075936874813717;0.033676413984026765;0.8197760407736872
0.6814507344276207;0.2440712867856506;0.26633473026574195
0.07494063271217144;0.4769598598571697;0.5317461963064142
0.08542427939213959;0.4806369978155298;0.008520023106991736
0.33042386325644124;0.3634260718459803;0.9899416761165521
0.5970020859402001;0.5835931171841788;0.3973991426847473
0.432568833937348;0.478315933533471;0.30819954873578226
0.14611273815335746;0.4164667167696585;0.24593649829024056
0.9818836372305573;0.3670746102612614;0.19146457523286042
0.13107031657632562;0.6028681610154897;0.8599581064100502
0.36609720368792675;0.7911399839111636;0.6365860090621684
0.9017898984483246;0.745255885912387;0.06664901469990547
0.435593547565133;0.4687352535054987;0.25104550203598996
0.9543837867982115;0.9770822912383086;0.5392928312930734
0.12871005321492535;0.693742995278286;0.394615208466778
0.129520118319136;0.4504631849165909;0.2907516111157662
0.5524143436087532;0.4909423158104239;0.9910740631651466
0.7719566854577471;0.10013913438123478;0.5586905037515246
0.816791526441186;0.4801299660430558;0.8218034064619456
0.6816029518535627;0.09332522343866023;0.10645127207389427
0.7269999411077847;0.45526022165077706;0.30544371128868475
0.7537473306313648;0.6149382569685887;0.577831400423203
0.17794406520490436;0.9721282705195793;0.7921475276194165
0.34269347064930966;0.9578920711609498;0.5360399550466044
0.4627626129218828;0.2097622006659624;0.03597975575572421
0.28325227049382196;0.9057616113318386;0.4248910754863374
0.8106982287077804;0.2638351724126272;0.8226450458778294
0.704482965986635;0.6190002200675477;0.42582356140435373
0.19838051998749262;0.9227406427724303;0.6324279676526133
0.41768972773737867;0.35276265152003705;0.20209044224575512
0.30209159918009443;0.5168564457946948;0.16726345053801728
0.13929069973915276;0.22901828228817023;0.5501763716405964
0.34706909397377417;0.7788573546183325;0.7054780810685437
0.6146630876686717;0.8468202706121596;0.7972698272299382
0.6352745604324909;0.28238275376136945;0.03224316544608408
0.6278392043563676;0.49338895581923337;0.7508250264517463
0.4612442102433102;0.8110002791168082;0.42754624243719386
0.5405181649446794;0.34027648548710954;0.9123703543587744
0.7523066667294969;0.9567414490937491;0.24769711896816882
0.5998772935123403;0.23211631850690106;0.7510479724267667
0.12940831942502184;0.3374746497776898;0.6717796552088108
0.743821446749905;0.8652334322507451;0.7081126774679103
0.4923493022214912;0.3535495482692098;0.22248504838730987
0.9835089158404307;0.7763507390062032;0.7998255434400667
0.9881568514901812;0.6877306841583775;0.37415789860574455
0.7177311453640212;0.6662284137176973;0.6093273781970044
0.8661771683062398;0.3668018978075105;0.850467930427227
0.8618227956561738;0.37108816514695364;0.13583368212593283
0.8519357448824394;0.11659664706101924;0.36309903371317276
0.72667483397791;0.6126804130173189;0.7995061743334966
0.934202471019351;0.2845855580616622;0.3961476311510864
0.17942214711811433;0.026114293170184544;0.46983513330712157
0.3093118604897719;0.13342695273922256;0.23887720385542865
0.31126460531059197;0.3973377899739595;0.569642730180527
0.8448424503593309;0.6771083523099758;0.8558848794666377
0.02155422186662781;0.31444094633694963;0.7000548668201217
0.6222238193668473;0.07200773972204477;0.4637577593701916
0.1261246343944602;0.006402046187946264;0.08186196014048475
0.10043203260680866;0.3585751607324432;0.571628124278266
0.7698481670752486;0.056372528982859826;0.14168736387879266
0.8724175678946071;0.44054407377746685;0.6612331778328915
0.12757808405046023;0.4415384154820129;0.3661285965113664
0.3534963622617109;0.9743476031035494;0.39309097796329695
0.27226548198996126;0.08085643808917764;0.9758944015414577
0.5458636237274694;0.6400537563344811;0.6918763997875612
0.5192176332024696;0.3133387462443714;0.8540597334011621
0.6218103155003282;0.7032506916234634;0.47756790052487397
0.5714760469745637;0.07086233462764169;0.6567578676651841
0.9023211198098771;0.6220864381331086;0.9671320792329007
0.0592054853116476;0.31200613598703253;0.8377581568298363
0.08674605718568318;0.9339060124838522;0.8877077242382823
0.7525248346638477;0.5566550188094664;0.7258047127496481
0.41804236311740606;0.3397578912105771;0.7815804942879483
0.04659012161927423;0.5045155718836035;0.3413828965365939
0.15619317334023464;0.20689665693586445;0.9312232875710666
0.11095429493985487;0.8803168379403448;0.5718357816632076
0.6831490699459963;0.233504857512969;0.008493230309493782
0.18294010586568166;0.644575224049681;0.3000791106977001
0.49465417871561435;0.8574955835675953;0.5890467487952419
0.38403460042391513;0.38168200750174286;0.48599820098122537
0.3192065631838312;0.3122549111664179;0.24440650973751665
0.826292919411484;0.11142619769262674;0.13327540826907636
0.03779665837359447;0.1565567331913459;0.00897967584287207
0.3151196535773041;0.7072419892542199;0.9029654197882614
0.2955440305519278;0.32141531690131875;0.1153924404172273
0.05807050750581133;0.9226734281948404;0.11228065628582462
0.8945655515347127;0.09912729883823923;0.5618517469507365
0.7436749961979555;0.08201618204500827;0.6482055867667219
0.4998316112095066;0.3659494177510576;0.012900985706763901
0.5294625923151853;0.00806585103109958;0.38890923771406505
0.31003184136077155;0.7848149971142565;0.8852916048513915
0.571279865006193;0.3397530104190246;0.27566222308892696
0.7770400884063219;0.7701235461473211;0.033132548761478975
0.40087603117639403;0.7861094706883558;0.8626047437589474
0.2645644546235947;0.6401928398078699;0.3702869516033218
0.3590878158594425;0.9137423195789589;0.005400944045248157
0.5091596697584827;0.015591027422983239;0.23314022081114671
0.6685853723687786;0.8793338608766675;0.6582629493157207
0.45780652893944807;0.3340103013015602;0.5259808310402395
0.6654359708564294;0.0958966307583351;0.0993527203083181
0.7954413700362666;0.7942012466046182;0.044232688809170195
0.7199070615394769;0.6154598489640624;0.16733299299223947
0.7485789818146187;0.7168528275231736;0.6298654754516726
0.2903232944953209;0.016962535044454552;0.7356895339958713
0.5804433172530007;0.549035889269229;0.25831067884129955
0.8232095846398189;0.28021692308800994;0.3714300356968201
0.5981094865283295;0.6770625773354242;0.8711290552802221
0.7802875803754481;0.15306508613303704;0.33745877806076474
0.11776790045402863;0.6572742736028947;0.2597334888112951
0.5540757563214906;0.5188537655845403;0.1249242916441069
0.6584726683468848;0.8760971385362646;0.4340845735156076
0.9472778893816478;0.7538639969047559;0.5790883352573545
0.7222360809005262;0.9226582946117443;0.6795182466020269
0.605886468966667;0.7358235662573793;0.5509669637290895
0.33118600003627163;0.9867394459974143;0.009108496919427167
0.9497189245057681;0.33684428927003707;0.7098656991599007
0.6679123538534427;0.13611217741635373;0.011671657473779073
0.2514056178760008;0.47835848547596693;0.16025636028066714
0.3106265019220362;0.6248454504894826;0.8162514966552924
0.9475275060378198;0.16411703930814836;0.1791572506091309
0.8860700574163939;0.17340323581881956;0.8104381893384027
0.6914898732387805;0.08449026262875292;0.5043781424499391
0.9883160312892276;0.037204990880579936;0.7053726125176997
0.2467670417004607;0.22744663078955818;0.740703018703822
0.9567762298706104;0.04087658040425035;0.10272847324143997
0.706727242747124;0.32215975427985366;0.6399796553700384
0.4189145183329399;0.8554460992819144;0.8397579905216548
0.5218777172795855;0.6182319076246702;0.006914233067874531
0.7305525610111308;0.1814664102814051;0.2229420138259205
0.23236392889130897;0.40638034161556713;0.8025806610500217
0.2614886334425752;0.5038879748497826;0.03834320413990322
0.3471003382316721;0.4055433750783991;0.5878609251401238
0.5480603508147801;0.08322807121992049;0.06870032667873183
0.15910818674682703;0.3177331475455515;0.06634732899952167
0.4025793805016218;0.6035444037366443;0.861160389320976
0.03040060708028769;0.11781609996546649;0.9723937498835933
0.05222924519416028;0.6802985239986595;0.5572418961184544
0.1003373745070475;0.03031956930093982;0.9833478796468227
0.45813902840577314;0.5540262129291442;0.0354754301410245
0.42240078798868086;0.5103137304358962;0.7143641301059765
0.07031475893427375;0.2818570851034349;0.4240524982916454
0.9723409433121245;0.44014450625293744;0.33041808280656204
0.36546420648177913;0.6032991823008981;0.6566194539016177
0.2976335564715078;0.35015017284223204;0.32250836347160017
0.5224584263023979;0.7879086906883151;0.7177444982611904
0.025318264210671737;0.9145445283468384;0.04019376987854517
0.8325615113626997;0.479944343266105;0.3689918634377215
0.017591215708164798;0.4252640096793402;0.32087489693119187
0.081851693278017;0.6155757438155574;0.24683440959016556
0.7355401529488522;0.7796824582045402;0.6778548411556777
0.1329218456168768;0.7295946528022557;0.12457801106332034
0.5432122874830796;0.060635846862658216;0.8200206032042054
0.08553065371162127;0.009860072372882;0.2986040092868508
0.7512065663195264;0.5935918606994856;0.2725148861657314
0.6224593279655308;0.34336588641412213;0.46510966746757143
0.8499309379414116;0.9407717451063505;0.10809782461110418
0.6000185919738303;0.3801802309001119;0.5478434514027072
0.9650015676893033;0.5965928869692665;0.26780000802299986
0.35860112280753353;0.17658367602565128;0.9520541884713674
0.48971077856218126;0.12339727531762712;0.022003877960251828
0.15516396173536107;0.9309694269695157;0.011625904957336619
0.30973411258720207;0.25522877725256965;0.44669216058402506
0.21025593240902274;0.297342205257633;0.1341486666916475
0.2206332081032456;0.7637885980186142;0.4277119260801211
0.3022206523257277;0.31814845524247026;0.4643094006210283
0.9534196682265668;0.9677080208868838;0.050407376339102306
0.28691754422972104;0.2639657272424343;0.6834450150273491
0.9725875667351261;0.2014330946208922;0.7979979895899884
0.3370595755425557;0.3324709479929929;0.05176265506115729
0.026113131500495435;0.3586629332370682;0.8031221280743907
0.28861267082209696;0.04335732152799687;0.3788495725965225
0.7042666851653115;0.2900928076080269;0.213641939392605
0.902329490670472;0.8304831009255349;0.9510493137482003
0.21723930410686398;0.3872710084274694;0.6923739259381966
0.1308454212827862;0.0956734990490995;0.07282895688770852
0.3444167901719194;0.817554578680684;0.48974118127906985
0.8418307331444648;0.7550032552321412;0.6069113920635755
0.4197580892286028;0.09332163400286408;0.5999191726481
0.6654919094264051;0.4715290443123592;0.1460981050811484
0.15666772979466514;0.5720443300501208;0.8599322905450169
0.33761613793692746;0.5090731150763026;0.08982368574084643
0.09169747540455131;0.3181973258345743;0.8320620170680457
0.6447447701659933;0.3517495536649883;0.6406372588377339
0.9955974064852349;0.6696234773638229;0.48321256154526004
0.4413519656919519;0.5113847028240466;0.007407972462383894
0.1437873695564308;0.37898630230554575;0.8361042603967759
0.5374262186402895;0.2629377868730619;0.1600018093285548
0.28482757976613426;0.7875051300641863;0.11743146714485808
0.964821908390202;0.4836667670913859;0.23274542989305003
0.8499673965668674;0.8500276783989342;0.8886238570158103
0.6831762775295996;0.4836452652392449;0.9829152194970708
0.7742965701506592;0.3733495616130631;0.4704868510334088
0.106324741183497;0.4372828923631287;0.27104602787184917
0.7368294303140354;0.02844951687090369;0.7860784547406128
0.42571382591238294;0.9982777123399827;0.5770803451238964
0.8806525349587546;0.9904230267683256;0.12374928586693634
0.3111542787909133;0.011640271593271967;0.9916872163852615
0.6993354143504442;0.16490095010257466;0.19227259693575294
0.5215989444281461;0.8361544867775585;0.42417079510705524
0.21457317420209465;0.7716976641658716;0.719240306574767
0.4910383454307893;0.6370888567062951;0.7228464838948597
0.5355100244510707;0.6391857834136228;0.25823791746255675
0.38765363934231123;0.8673069553720762;0.18438623877104243
0.1996954978681199;0.10858437743002836;0.5472383458608165
0.8143207807469601;0.07792335662278183;0.9696785836250328
0.7681450029430363;0.9964246262885321;0.644803907730625
0.42580289472228183;0.5457927237409402;0.8181460576589448
0.4045519019739313;0.2743437767044321;0.6436157251856571
0.38039267119262876;0.5508739176275216;0.49779466694126684
0.1043694020223016;0.5446007466283468;0.502182747203061
0.6379306146141909;0.4906014616587321;0.3180211317716868
0.35188581351600146;0.04368537348604917;0.9010491395454063
0.16426316951611597;0.9223421965490202;0.7030111952730105
0.46970421162776355;0.13274967183404784;0.15128636343797697
0.8487067488659877;0.51812805642155;0.3740124488249933
0.031393419815434864;0.46336484656917243;0.7231822936756446
0.3979450352863463;0.11060375482332907;0.2541244955250257
0.9565965239626967;0.26745728431178406;0.9782688885077889
0.45865945008309883;0.0071575330222605205;0.27240007271066835
0.746521286725058;0.8342245260568443;0.38827392405634553
0.8708225594623545;0.21576109165629098;0.03312738434024887
0.563739965909675;0.9980792855127295;0.47325444878347245
0.13120979736516936;0.818146816129001;0.15086093173160442
0.6400389428119202;0.8450627974911791;0.7398842482135308
0.42386152330041493;0.24535922041582314;0.7674177145551961
0.5096239226773258;0.024292661806291527;0.9463315087143257
0.12755190854754495;0.709946129715366;0.019747968946420946
0.7457420221114612;0.9439279567492221;0.5606272692123282
0.6188346111787321;0.6035091741096003;0.40531972674732175
0.7714439206074575;0.3529773223837138;0.11883782020519551
0.5455081279133236;0.8178345596815298;0.9290312188477442
0.3680891819252573;0.8357162909861038;0.7390055282459158
0.901378267109598;0.3446029162256662;0.7602633815711392
0.6779502828729725;0.9062859008818291;0.10696994607247035
0.16192237930911613;0.16901511182454476;0.15627310693864882
0.0031055949789747794;0.5251482489995947;0.0932975572267426
0.7620072620622781;0.7072054053672164;0.4892465695222561
0.44860214081958816;0.31845377959818333;0.9279535912822893
0.6328866075462282;0.141234797884087;0.7756939249066903
0.4313467355843159;0.489120873117475;0.9984904466034551
0.4417915000796081;0.012308841606969323;0.08639594561242614
0.18420536669756526;0.8614180380002554;0.06575374125177402
0.386505979840013;0.8213472343259772;0.874090420830038
0.7739948540309061;0.7635012362411917;0.7843121233616739
0.05724638990822806;0.37398904025099633;0.22406489529349827
0.31607843377987555;0.7162005048069409;0.12733172709907425
0.09780758099349651;0.9963561251188691;0.40137633775254034
0.20220854627881468;0.9772706782619108;0.6950407873304507
0.18716156639411552;0.895128101572187;0.405894481843719
0.10729006877890279;0.8771645401085078;0.7479559109172992
0.5240308967652023;0.5607093565962337;0.8126796038702842
0.8907193384948989;0.4944987233214617;0.9800955437841568
0.6601588717147627;0.8789821768125852;0.8367902188658751
0.7959308945700891;0.4614453330953572;0.25355375179971884
0.2569089021623694;0.2544357295566848;0.8117956090244307
0.4126606752479771;0.354478125926711;0.3283595319840603
0.8686867612883514;0.6157626917406267;0.09792914168932332
0.17012445577087298;0.14557460429716618;0.38067950124550265
0.6577311721966215;0.29155763620717656;0.836881273206133
0.40973748170665836;0.4578792968158081;0.7382899078520326
0.17989697231510515;0.25433181668571936;0.609825200986563
0.962867623191445;0.3666307875595186;0.7627126059408648
0.34312573604042385;0.4804190330115029;0.4958393162757371
0.06555976523737106;0.4410533559766041;0.18071950760319744
0.6672462109488402;0.8442444230720195;0.20145693777974072
0.6894773072684729;0.48210211809479586;0.300398648136755
0.6024013968061275;0.5628711501678224;0.4723208543475932
0.5370404044623839;0.14443563500966317;0.4474739551446326
0.11914462608944676;0.08282006007943377;0.3781020150872427
0.23151851929114886;0.22783864660731556;0.9832237285681159
0.3631044908121912;0.018582895625307128;0.6055052924528899
0.8642770873634638;0.08265863415101393;0.23007085012254336
0.04969680593281578;0.8928303559121508;0.38049050484801883
0.4320076985124879;0.22177008653316754;0.5384122680796928
0.7261535251371585;0.006662345928833746;0.13338863266999013
0.4833427837032275;0.233701385072138;0.07807967912915459
0.2767928918213072;0.10001345465760536;0.27447656177067425
0.15339104302535578;0.2645290111886721;0.9880312139802333
0.782056190058199;0.4733250758582698;0.8178154409819429
0.41461677330620506;0.7325443525895705;0.8441270948109912
0.7398935598802127;0.3124331691437473;0.8921041177362402
0.8611298828565064;0.7605534242881044;0.8335051810923052
0.16860801736974995;0.8159284353852041;0.6637191182940193
0.21689591730191204;0.04579166973505089;0.615314445964074
0.9523497205695016;0.9609018234757586;0.06431438385458454
0.14223825919472255;0.8388737233962419;0.24815648007253732
0.8316428179783912;0.16110858503746717;0.5849038623806267
0.5185953591181519;0.07309754749491915;0.7989446846489424
0.33203914360556097;0.3704171289481364;0.5535889171753294
0.5722436593750259;0.3578980914765231;0.7626155056807531
0.42532279099860026;0.615703415600714;0.38812279985912757
0.13384076378665288;0.20954475906589254;0.35464631477581576
0.800762073760761;0.7321952728064629;0.9429120014719534
0.9024112101052246;0.5917333251486566;0.7886863394668365
0.04510941725268314;0.3067663108522616;0.7495479433730721
0.1864410612125721;0.3735401599138145;0.12707050978568635
0.6691668092870093;0.9959320994130723;0.8398190968620887
0.4263460677862392;0.03742721107226532;0.3088179755201105
0.2651220273053152;0.8893690242241287;0.5450377785236658
0.0777510381972848;0.7458212151069927;0.5868655868448837
0.006233168556751267;0.3171470673237702;0.49215679069627405
0.5524433306441836;0.7731356493339975;0.5186388227286766
0.7681064832610418;0.28170596524007663;0.108941790307302
0.20291496493931283;0.3777325402206084;0.39774843158646156
0.4009442993846162;0.20055146923725609;0.07046886043614986
0.2576815647352996;0.9281602143705764;0.4925412444525866
0.3869792079390272;0.3293295489684621;0.5256411943642585
0.1764044893134059;0.054426072143238136;0.19301376645687163
0.5070750754251337;0.6170531706340315;0.8940942775355567
0.9113458434918721;0.24306848328995367;0.16428777148079476
0.6742305010385633;0.7756250817480225;0.5749168975642035
0.03865177247007201;0.9747957485652918;0.5939763490847089
0.9818358381624834;0.06745415948875733;0.027223898176595762
0.1974788573971079;0.5085456385248054;0.19545376661655944
0.07989250239880452;0.8431464153134601;0.7452924523352014
0.3372013094228338;0.8622281701711441;0.6568378241399513
0.10413208476609859;0.5958106637363209;0.7452584818187581
0.5072751895101488;0.21365309922018783;0.18301609273419372
0.3712921695173438;0.31043040311857395;0.796546697605694
0.38852634313701384;0.3811312998660551;0.817540285515041
0.08235362954996972;0.32225743574267496;0.779406021385284
0.48282164919480164;0.18364042946427506;0.24806298738097132
0.7295200469603185;0.26966007992504315;0.9341541348173804
0.503722311483859;0.20880730118317414;0.5675989304794266
0.2895579745822716;0.3642315598931035;0.8708644517797254
0.30768676954034835;0.636146105463359;0.8769708253722374
0.45595799089277644;0.4071200355970406;0.63032842844302
0.7233006801318093;0.11083511698807313;0.4555932377899563
0.4558617575703512;0.5592360719270837;0.5798066689761516
0.47156264734207576;0.7392447313733034;0.3038255788862302
0.46750210561285044;0.7818612394636981;0.6140602952146671
0.7528967960795201;0.14389273750548992;0.10922885847985553
0.40475536094297015;0.15544414182856214;0.2831423638084599
0.18194047657517587;0.2409755195523886;0.137924548706434
0.9036307735076702;0.793126991890838;0.06522369014302243
0.21990207753646362;0.7747083006786274;0.9237041368043857
0.986300698470808;0.984046667257858;0.36176393655378314
0.23007046703369805;0.5842064920815769;0.5415507287897812
0.8917194506162411;0.9244164107487493;0.47587050125727326
0.9277386171050984;0.6425256960363308;0.4232781053627842
0.9594105581091149;0.144393825633654;0.1728690353952188
0.4623473961552874;0.15520454306204468;0.06017482040495403
0.9108840845150157;0.33667447991168375;0.7066341242916917
0.8786936278762376;0.2197424140120604;0.7600335830235264
0.8359500170998346;0.16101108745003712;0.5192916440000546
0.7414793156377069;0.9495727648003627;0.5151091271927232
0.7149979887877389;0.34670594475831185;0.2401876014326717
0.37442647056090084;0.9459597310457086;0.14037531775109768
0.28489063866176734;0.5662242016351985;0.4243362660539193
0.9843158066378106;0.7421367884841258;0.7176392765708772
0.26304094540920975;0.5563686948336529;0.7943957972813662
0.7179554557623448;0.9377641651881099;0.2156875020473874
0.7259387115810887;0.10808656740756972;0.03157243750300287
0.9285579875842368;0.22323104983041153;0.8601716797000051
0.515221233302611;0.6913657066977674;0.34829168217296835
0.061853985103926146;0.12567105356910968;0.5833927245734758
0.39114800768966795;0.870282577172825;0.9142542770287688
0.6970399915580989;0.6041866076072856;0.9875572974706813
0.7956397563836504;0.9604254579718657;0.9595432383813144
0.7750937683142267;0.21413997190052225;0.37187267115461775
0.5067959268721132;0.1193644794280424;0.9374893441694726
0.08660377252558327;0.27428522295555435;0.34084606352401203
0.06462993081005663;0.26515872669674057;0.7116148161949488
0.22012873025490654;0.5234100952144054;0.3223218390833097
0.8299872382533213;0.8757070593563813;0.7082033514806869
0.4105790868382333;0.6946669733003277;0.8172776076682555
0.18086589680567222;0.10140566741543833;0.8163321421566435
0.25745940077216223;0.0968821305182318;0.16624370108650344
0.2355121062178559;0.5885209533323182;0.9557421739639659
0.026745811013368148;0.7441002897091944;0.5979115879535414
0.48001961839302687;0.1850099733315954;0.10114674822582026
0.653164407736736;0.13274478812189172;0.40974293964761166
0.31934740472025425;0.21686117371731506;0.00592929124490027
0.6937688656675417;0.18556795176919938;0.3842104222957653
0.32718302088194384;0.8171250466223096;0.31385292016799327
0.1310020689680894;0.6279138828788451;0.9976378577109999
0.2035475149526763;0.9135400646950058;0.35987939984320805
0.4896054872321678;0.6407412346555569;0.5467007373445668
0.4144383251256336;0.3266988881570766;0.5535185315886283
0.7568139195928314;0.05905309306460049;0.5804365131553909
0.8152747497571068;0.7290674550687924;0.8815904130890662
0.4612357298361679;0.8594788322259669;0.029014711036321028
0.8054329113227262;0.6237686082972987;0.48603313549096805
0.09259142458269043;0.8899092059965106;0.8612729174865854
0.7206051812201902;0.7831061761806295;0.3184446390860429
0.6437406120017163;0.6400714457045886;0.07757996418420932
0.02860978525926039;0.8900403759421921;0.38011674243692284
0.5416320566408663;0.7843739037526064;0.44945018685337346
0.7498155769322822;0.6227514911981605;0.8755192934666209
0.09274884239546022;0.9499205388844696;0.113567087435686
0.0893327961035566;0.18390846621676826;0.09467352125524076
0.9377855029888023;0.14770248858165524;0.42275056591577764
0.2931652251594399;0.19995484582922196;0.0959989157461526
0.3916536470470735;0.4438482462013309;0.2630958403861766
0.5613561412388131;0.9863221564749547;0.3057696415611214
0.6607259803275103;0.16841954414715365;0.9035481145318874
0.21655034174308085;0.6783523268797993;0.6761171807153609
0.3250508163558562;0.7893122294735753;0.47164934335448094
0.5952653891828126;0.7488362028171559;0.7797735743097353
0.40261213110311755;0.82595489083726;0.5883755927393116
0.21530366160121106;0.31365733144628505;0.6117289487700109
0.8063148154262046;0.19210569931976507;0.15010931117617599
0.4272584315078052;0.4652930558581684;0.05352832596534629
0.5387854614213279;0.2535111652634675;0.6782850332536428
0.7382885692637964;0.048439636267548436;0.6095098836927442
0.3915166801162443;0.6452221434651657;0.40099731691467855
0.8820881799383837;0.8304447478362967;0.7889753068556072
0.5072120372492281;0.03571627420876344;0.43946018219223104
0.7087527027115179;0.6183609599351755;0.5231781352869382
0.8551829074577798;0.8984699067560684;0.7628675736589304
0.9583574892568496;0.6998922554716507;0.07442642652892673
0.5706254522048291;0.6703319716039758;0.2559211145433752
0.061647426992533005;0.8569717561051039;0.5296334893311644
0.9347455331350749;0.35534370151083416;0.8540788587753311
0.8327644871190554;0.910419637586522;0.40306983150971654
0.509153271463508;0.17491038827969352;0.871931876480544
0.27181233148090755;0.1825280004694977;0.0017478297714015323
0.32839672134163067;0.1409580431564793;0.598560270039011
0.030411037530146956;0.03556803045352719;0.27819056089354643
0.19128771266686162;0.17810419837835068;0.7237410639091727
0.9147006150804807;0.257844211179044;0.856075262669479
0.7873782707790393;0.9635634202593328;0.3513948528622829
0.7805939850098546;0.4043180025011265;0.5078626384292682
0.1017383073907081;0.8188101222787093;0.08900759390823643
0.29935863614617;0.9829320919137863;0.03337631556108078
0.8529312984579832;0.7599261824340321;0.8520461986572235
0.10519793895211327;0.5841344324831512;0.20587651186877887
0.5198622060275847;0.6904731612338287;0.05605221595799503
0.4245804842709453;0.31566932145766535;0.07241082454854297
0.28759633899276416;0.5149445738227583;0.26445498256681377
0.5373195790775239;0.44005275384458553;0.010178309006620867
0.5767264223067786;0.6219054419979424;0.24629232029026782
0.41397946532672303;0.09208917826717677;0.9063967208552747
0.5858684402699895;0.6655642414731494;0.9404312278753922
0.11467114199428574;0.5084326320964131;0.7084498876589186
0.08403731259961023;0.09450703224856505;0.3777562299378495
0.3430838346837266;0.017413987758445715;0.44746388795168
0.9301881131500376;0.13393308186586173;0.5900444863647734
0.7348060521119474;0.8638804912019314;0.08757827187259004
0.09920030163593574;0.8832223173989668;0.6264865890835695
0.263863369866597;0.8708719962057001;0.7650888434554575
0.3050244561075288;0.4362748546838986;0.6789623145809524
0.5333622420002007;0.17909181163228216;0.008421207050266943
0.1996842379148449;0.2724101505355615;0.9234092150335024
0.8266534478609556;0.15631723222962046;0.5885851216591812
0.027513511495122045;0.3968632213615779;0.49392253025445554
0.1837528731471626;0.3703291589551899;0.44873814523414257
0.39559950801232757;0.4959707673244719;0.4992067295180589
0.17128538457479525;0.694422486999312;0.21301945976962078
0.20018799315323;0.9412946278777714;0.8513089480339965
0.577703550597402;0.8526310542591423;0.06616178497490832
0.8401957343944763;0.01156223684169666;0.13129124901308753
0.44545006030500855;0.15654782755632202;0.10578877555135868
0.7601231088062514;0.11145565390663048;0.81999156605277
0.1657379769388937;0.2218122193711186;0.17321498278340441
0.5935858411580758;0.3084946038577008;0.3069654881570939
0.5456804440311008;0.7619722278634193;0.7576774508123458
0.9658495207636005;0.7217394016062562;0.6043089819418549
0.1352285828996762;0.5490294869360586;0.9454984657021033
0.8050808754425097;0.30618914832253796;0.9599309829184647
0.48590290227862554;0.5585525444427804;0.4202768134450783
0.9848011732620712;0.19167317759637503;0.0017829555375190598
0.9651314357352331;0.39665932864973885;0.7041244216251429
0.005306873079585772;0.8572965825574469;0.9673300454309395
0.06588987025171988;0.5792606058348886;0.910019678749792
0.7930169260300445;0.19272132424223043;0.798259430320222
0.8769634923833742;0.6024098078549124;0.38883870835611634
0.13943032746453243;0.44562640650539986;0.965395783866239
0.675344798159211;0.9099534197200614;0.670117563454519
0.14120440084233488;0.7818574062954915;0.690479701956102
0.5257968952247584;0.6256309188109841;0.02179127388358515
0.3190981014415535;0.3364104453659441;0.39934369067719666
0.43182904093090746;0.649710861997475;0.2765836632651488
0.14107717319357227;0.11713276314952914;0.0008049126933888928
0.08207066643899963;0.7129922477093361;0.38357948566207034
0.758020577476034;0.08999044953746527;0.5503365979695238
0.787996290751923;0.05147118140812368;0.9168553383644387
0.9677163295089725;0.5037627801670119;0.8133277238163754
0.37327654552024525;0.08610322841054607;0.037192551580520594
0.1772236735256737;0.3664607217559984;0.5936282617866647
0.6200311183037924;0.07235067334509626;0.8198628330594661
0.5698126777158589;0.40652260844342414;0.35913799192411766
0.9147027980330531;0.9820997498036408;0.9994339908159398
0.9260429914540675;0.23219910182828163;0.21380746337995826
0.6236707393600435;0.5909395331299678;0.23082106738822816
0.033656292270395016;0.9297522145328225;0.19610147628318686
0.7186968955242785;0.5385570538837027;0.6707501546044324
0.707812177755281;0.5767299407802589;0.9654532638254149
0.6764860154951893;0.11213407501179307;0.27716090982405994
0.7104575259767897;0.8654455967394857;0.03155991946117753
0.7869371108901965;0.6447935276605261;0.7475141269896154
0.15511140687338743;0.9649495397869281;0.3714170328157598
0.4879963410182291;0.9975708397187253;0.7027062303120591
0.5480569191565445;0.03422203977980243;0.7569516352269977
0.8657236332520036;0.14739973989465738;0.07741718517715535
0.6625466675165631;0.3459025053028487;0.7447887905292649
0.22255630461160403;0.9288094318687311;0.5424537421594937
0.36458800939262137;0.7612725504545264;0.35335970063324196
0.3471645430640259;0.5952463399778634;0.9014911889547981
0.9338974010560104;0.07181911503704563;0.766502792563292
0.8228398933187451;0.30112740375549485;0.01553819284697966
0.09405642348409982;0.10913174726784247;0.6274030910468997
0.13494412490309493;0.13337045552584925;0.8011796934072628
0.20029362462169564;0.5886646200984599;0.8279462563948654
0.20972275612514168;0.7725432608263502;0.153792777046166
0.23591837038855012;0.1217419918413819;0.05292781685621506
0.7286119606090368;0.7704743821538598;0.6447191491221287
0.42242568141867676;0.5297068958801715;0.5796352105580928
0.9917667781841888;0.47987457047746884;0.6802371283373071
0.9431983204197373;0.43697756074276295;0.5141618192177849
0.506970807778448;0.18330737206046444;0.8048644792558822
0.5770834771513338;0.7160438715865305;0.6780426238623365
0.3781316439245569;0.808351440201865;0.7103198618822154
0.41715312071067556;0.12366214221305893;0.674921861174996
0.5318975708411637;0.12698522391017397;0.9281414927890155
0.8767232069357344;0.009237091873445236;0.059902071722633066
0.46633531672427364;0.016325057185130776;0.20093817764345756
0.9212972196824583;0.9451261318723992;0.7115431976521613
0.8228701645027997;0.15748993631943198;0.6550705433804721
0.2230169569989372;0.48552366193040253;0.6369357705816581
0.11918715281151127;0.49829706648360783;0.7176886412950533
0.9367100814761925;0.36742296019196075;0.5107369264472922
0.17143234110854633;0.6345281332589232;0.4759656591837492
0.2658006247492668;0.8588650990722041;0.19098318408997006
0.1544343903866764;0.4201461007492229;0.16023446268200492
0.23759783895121167;0.1137201277826001;0.18008080002227767
0.13619476165671274;0.9532182452994402;0.0360206077033185
0.5245342926645986;0.24868816431059126;0.2016767415317008
0.1590276020406718;0.5389876095710072;0.0728079182131951
0.2700858546127226;0.9618668537835378;0.9374702272214648
0.8396112641917122;0.02392149859430026;0.22267115464669995
0.7187147479780924;0.3786291367663831;0.09497566277912362
0.7467544347505504;0.042170663927157404;0.754577846319204
0.6825023577502635;0.8526031218358633;0.3049920963365551
0.9059482460449991;0.8143673197561049;0.6521652644460353
0.7936080616189797;0.4902118692563585;0.5709615933662323
0.33222131353441864;0.8070707028180655;0.3132414622588612
0.13135732935155853;0.6482964205113152;0.2317157913774508
0.9793398424899199;0.7468411133183244;0.3222656070888712
0.8942960058251392;0.8500664988262672;0.22144945707025532
0.873759898578514;0.7736367102128914;0.9648641892318572
0.2129037685422398;0.09580305325516802;0.34429251626995316
0.9649892808053232;0.5536128466945932;0.22256911738537433
0.9452088500797073;0.7541780154591499;0.45665088745570614
0.46137392651934206;0.1617700322844916;0.7137717669918181
0.9196353529939794;0.20167399192133872;0.6717421664731024
0.03868212697907347;0.33213794541869124;0.9808444546800411
0.41640194451820545;0.841414741896464;0.3800882628661737
0.2937350469587311;0.49870671473610173;0.3065818205313111
0.7703369447777869;0.7502670857874978;0.2048369002613899
0.5136756492306123;0.22354056064182326;0.784354360189225
0.8013908579785158;0.4563617326422581;0.19306586853901564
0.5290048019050143;0.8823977413471111;0.6945786716240244
0.2368083371500973;0.3402520132492707;0.09002402645904839
0.01819870107995092;0.22456537113162167;0.7707248043001814
0.26839969872638836;0.06263118827574188;0.38878692862574993
0.19355138819099094;0.1459523406286649;0.33031260458273637
0.8212054908849861;0.32362743435785324;0.4811387538158576
0.6686079132159952;0.2604179091469303;0.34261264496982013
0.3876262284685501;0.13393539421977807;0.02654380062653905
0.37857136879883435;0.8440390038724331;0.5091776587912793
0.1723273077585744;0.9475331153224305;0.9170414836816784
0.7812031096039598;0.8581574670104579;0.23847577542380727
0.4437867706607317;0.29047095318040095;0.9270623894055369
0.9064957694039258;0.08168237221175234;0.7422989088443535
0.01496976624869939;0.42448616340423595;0.09465177640984579
0.739096827213933;0.6588857106952468;0.06279846757677121
0.5193677821512501;0.8379599629083169;0.15165014994156512
0.599333113907739;0.37735627977308694;0.2572048770746046
0.9520725903953965;0.293442282316009;0.7621154657292217
0.9205452300328567;0.33656739320787765;0.8856845757136005
0.6999811121380257;0.9495395368223984;0.5240716998779843
0.436462566952329;0.9904260956737353;0.8096448124313649
0.3904840058729927;0.6239240344170539;0.7748822785447752
0.5100358605147871;0.36796992540019413;0.4376929522504919
0.30156670181362966;0.40538133351709715;0.257757475847157
0.44045225566248647;0.7809607489866672;0.9359758730079087
0.7175732851999189;0.5357295994931114;0.8058914865777993
0.4438308810252015;0.296143774032422;0.6837001692805502
0.7163294798917165;0.48772083362689955;0.08623179481720533
0.5523015350606564;0.5425755860868806;0.5864625300278035
0.49941960889353665;0.3208427523221802;0.8696572836825047
0.3798435848481251;0.310055104605648;0.2056859302685199
0.5176193500581815;0.652167189498791;0.4789119963967463
0.8865021835049405;0.5892946703168411;0.4570349804704261
0.3842113837233312;0.38383937748450814;0.44126171472853404
0.06297100760761842;0.3207004204414937;0.21676946845144796
0.6697867399300191;0.6125853162884481;0.8805986359417517
0.865821941030195;0.49743021337325155;0.4639797274182035
0.7175680118413043;0.21512600826847883;0.17633262351144918
0.9896694763274799;0.907754364260998;0.7068734301829172
0.5010637466961453;0.2673105655045297;0.5459261480028617
0.6140423253511602;0.27664232655755927;0.3716515266052739
0.28754138202436363;0.1398055480875463;0.14018731911888627
0.04497077816769435;0.39716876159626635;0.5945175713679766
0.23448520060301292;0.7316004253650055;0.00733890532958148
0.719172316562107;0.6811467406757639;0.5430557976890333
0.14359747781109733;0.8772067749469186;0.6482642620816668
0.8498964184398269;0.3266833843611844;0.09258985220550686
0.5237110631225644;0.0007752471112457693;0.21697133625478748
0.3282495461040127;0.18658720470275292;0.7276690794732027
0.6720605023051733;0.3771405121944982;0.8979267354507049
0.8658484317716189;0.45467862786667157;0.658854763287921
0.9989103231258153;0.7009316269441634;0.2596881291466676
0.6035922952757775;0.1774613076402315;0.7830020033900059
0.2985667023954577;0.3202043361461079;0.6491974907146154
0.13200527433877618;0.9952817418056025;0.6964244594311809
0.9941261771764787;0.8664677582891528;0.712441017896846
0.6699554213634102;0.8203822436603432;0.8543333132264136
0.18159443448645873;0.2649433281577418;0.8994064852776055
0.04975289079443712;0.6384858497203202;0.7673622710090576
0.40670932546245575;0.5837788205934896;0.9717067498243719
0.6290749873191464;0.7299964203318404;0.7113611081573901
0.570419437865394;0.09263648038111238;0.31926745840304205
0.8815862393798387;0.6706216384924369;0.34253853264088896
0.4257222464694369;0.06204138114721014;0.547150238093354
0.08210824671348871;0.16243217527163023;0.20772713994905734
0.25458971656043217;0.7819127845912558;0.6980242883635929
0.16720862083478527;0.5217132736291151;0.8329507103230089
0.7677979140457092;0.17320028521874653;0.6808960257130866
0.2905915181383082;0.42490393809658067;0.11208038990372315
0.38537271920803073;0.39323117452281864;0.8236496031454387
0.004691430754682813;0.19612593465831285;0.8883835651442697
0.45800007742182736;0.8405286864609588;0.13822496869486744
0.235212804839261;0.2135670843640558;0.7482108987209052
0.7026736582039634;0.11622618133908535;0.8349898603008302
0.9803645775724834;0.7990211650889003;0.31411072063540724
0.3083812944069434;0.7828063763012002;0.7747573811989727
0.4906186663756338;0.7643822628643899;0.8461410482824062
0.265793050314306;0.4334950797359929;0.559372265690172
0.6972263462771845;0.7775606619758864;0.7383884518268898
0.013380549001369535;0.02206521544008533;0.39461343304308205
0.7419487200208783;0.38205396378797063;0.7491529084642858
0.4667206227745109;0.8885068046330749;0.8294552591486033
0.8282723812460234;0.2070982327202191;0.9263761752617311
0.07223127740048596;0.30223520504136014;0.4909175864664753
0.0029325292442318185;0.5583084450051651;0.2450987967806847
0.5189748482018876;0.396298630529601;0.42734527119341625
0.4138046444568094;0.3759497077540327;0.9302553030044733
0.5625753650418492;0.18033641982637083;0.6847667811405551
0.6235205226910404;0.15706018581084247;0.738482751790927
0.4119147426527231;0.48340263108202164;0.05126575750694495
0.0601600031661651;0.8971186984705009;0.12173440436771865
0.8150553819227124;0.7564701571642424;0.5868519981496462
0.12061883958777297;0.041260307385870054;0.4655697675641449
0.5144713352058622;0.014901439743997713;0.8110282984688368
0.3044932709662772;0.5170644614194497;0.31339031215054547
0.6736589603379829;0.20984478846757648;0.2666469383471374
0.6796875046088432;0.46039471181254876;0.8909253735686513
0.964612541974815;0.6566839212933818;0.7020286269733345
0.9593372259414411;0.7164723094120016;0.10033049475555
0.010820881614447164;0.06403409303791241;0.9773744912104727
0.5818690850672963;0.20872961018044034;0.32989543442849034
0.49941821008919474;0.3790123366140128;0.5055282499233017
0.4286634002468026;0.14176477487203942;0.6759877460770198
0.721867910880673;0.22587753908938935;0.9473762482094292
0.3331319393526033;0.7752223850675692;0.2646231219760762
0.7084049445002537;0.8347173863511024;0.39429472629561735
0.6767187443706997;0.42079802179022663;0.7697434050542126
0.0033447186054282874;0.9882970845900024;0.4375705941873099
0.4721349694801681;0.4039850642446209;0.9408535584374663
0.764212024315296;0.33485011206429705;0.5743224679804785
0.08998890790208547;0.9870794285641925;0.3331417747230002
0.18688777147832647;0.3878064274094942;0.9746926663266846
0.09895929961454619;0.38442111238051657;0.9420277831969107
0.8258382800796282;0.8953270694699578;0.10898668105648479
0.3183508241235109;0.1544170038488516;0.9950524743609065
0.8029941571597908;0.3567795374261741;0.6533148093065965
0.2965861303906919;0.21738064156605963;0.1846536020640358
0.2969221088680821;0.7986149562422378;0.046857535706047226
0.34276744677066695;0.20537479145970672;0.664199233393141
0.2797609949021136;0.3338782586405884;0.20473963355812763
0.087940652744676;0.4711162085478232;0.2483954051528522
0.8361207255438856;0.5563088481157414;0.5281897574097086
0.503049358606054;0.694952933438608;0.9492726686963052
0.4749181379350075;0.44035670953507977;0.1811828222978008
0.7961916389004734;0.28160898166749637;0.08887371475547245
0.5565110651241966;0.6213768830975248;0.865746090493799
0.803258938808442;0.24040001759523522;0.8744972184441172
0.9791586556534045;0.9330334703630583;0.3903731028310693
0.34559428139587134;0.7705972420518625;0.5998771851649927
0.24614704700430456;0.9311671763788651;0.45620204996266234
0.8598589588887039;0.23456491446106997;0.6234581123770171
0.2343538022836481;0.9585838202618562;0.1628277696205529
0.5693754647269044;0.3803212338222245;0.9973110633773761
0.11916194572281524;0.23701035401967996;0.992114383993001
0.31431634337654335;0.02630511761898424;0.7940448345246386
0.9986320135397365;0.4693179352073259;0.6688768896651835
0.7326615204902518;0.453071934507178;0.9611707789799182
0.9896889834317111;0.5376956756409986;0.9859405162888195
0.36010822225378314;0.1520486126728101;0.9392219054172168
0.9735734206605613;0.9130913873263595;0.6098030539330183
0.7129388037259596;0.721919792953519;0.4633863038525359
0.17820136772287165;0.41205187578944713;0.6313957510474062
0.17917270442271704;0.6189082409247082;0.6330854914160868
0.4619892259876006;0.026545609106887746;0.8146223980428486
0.6183208593996663;0.8132122135408052;0.8447318728428437
0.9994780585961461;0.19019394479790896;0.05874651775199613
0.5532187516728932;0.47073214190885737;0.8301278327204161
0.5557060758987135;0.3015354321855248;0.18066765847245758
0.010031355268091846;0.8273098857690612;0.027864315452041488
0.6277880383793508;0.9920963263124171;0.5758425437253128
0.8509565971710468;0.7440350028056555;0.9412394239568667
0.8745671136948089;0.1210719961294967;0.11628638858424167
0.41954618385969134;0.6697182114319444;0.8729036302270915
0.376150356569083;0.30939257320546776;0.633584808977768
0.4482880058640676;0.7541063283657513;0.9240632872465476
0.7239041372520861;0.37283100599470653;0.2982041709424358
0.14372203660195226;0.07026461673988238;0.9776647520296164
0.27031764626670163;0.8769718940470276;0.3875335008266648
0.4273955367491675;0.37312013882545236;0.5419558934422224
0.2255271101752746;0.5657260952573862;0.17691349549877877
0.6094905398610967;0.7198919697616813;0.6330271254519926
0.884543198029409;0.567752661031178;0.8593207620238966
0.11201974434252171;0.7995976486541873;0.2970320936212294
0.6302582288657257;0.7839166081454013;0.6100711336766991
0.9200397964788002;0.25313307004300745;0.5101021522205766
0.016219836663649012;0.33693408114290946;0.16807281795626416
0.3779169389824524;0.820224681191172;0.01766056235566671
0.8753193332722738;0.014195748938565234;0.6052479985048491
0.9066455747305767;0.14007789855214858;0.7793811162884042
0.9495913687662456;0.7556679355825311;0.8190824216391018
0.5434283562447504;0.3842911357395691;0.7373822266270416
0.7295201133752348;0.5278503448313924;0.2114989521390841
0.8551927832010335;0.5821011861694712;0.0025358189212816296
0.7034621272046081;0.06984548948226621;0.5771007776567673
0.6079785392027531;0.564099502652986;0.22139741135700353
0.014043458726954117;0.31589581310516;0.3270218764980426
0.013600377455349588;0.8651160603506391;0.5576734464706018
0.19504869689151394;0.8434658703943341;0.7868062851499054
0.04999378202073357;0.5664692938004394;0.1763847258327209
0.27551246618048786;0.5978236866237663;0.3692316177862195
0.8006907209116377;0.6575834775277578;0.6933681603771445
0.8736140858106646;0.3710454332748112;0.20894121977100744
0.8890382679612227;0.19603950200534548;0.5784720097060772
0.31983512448699425;0.8797316825126714;0.5189313928797937
0.36704825613575187;0.9042691349969707;0.6814608551493287
0.10920873552335575;0.8347720983916689;0.5776639888063292
0.17217499750921517;0.8322762741748536;0.8846378909560427
0.27240363432842507;0.7458100087051841;0.3290197015473868
0.35192886871579754;0.8664701871306767;0.5124813019260197
0.25428027449712165;0.13524072280645727;0.013384504131034425
0.25929055717015914;0.40677863636930445;0.3538030018088416
0.6679977640588758;0.8852059631986385;0.6487610172765549
0.841413805296581;0.31482796215181774;0.6018984891368986
0.7094682842338091;0.29416650049271564;0.69945793918084
0.2598585782281697;0.805284102260396;0.43340109096279666
0.688945780713917;0.9658135354111548;0.20370050007770835
0.6919778692531126;0.19575588491955442;0.20993824220058088
0.8688198642276811;0.8884292848143166;0.30144559426036976
0.6325166809235296;0.13698890435591804;0.20589419514874296
0.9694404104818742;0.21289788020304645;0.9912568065867867
0.6769448789473747;0.16556988508504034;0.3629483880880857
0.4800193519139724;0.4305564247298622;0.947630919171822
0.2181156210808145;0.07942733633782084;0.789539009489482
0.4680103626451009;0.9795152011809384;0.019058254950632958
0.09325381281476885;0.5497987996219292;0.5993530322653066
0.25326147566868973;0.055228867073254695;0.18859544839268627
0.3911377530915964;0.0095144901689308;0.8283476037696715
0.17685122204558323;0.25316615387808994;0.08845931110447491
0.5540081866203671;0.981333660177905;0.25442474180540664
0.895911874694526;0.2790408681464498;0.2767287128621053
0.7710732199306692;0.20734357613002075;0.22669724151365922
0.4982233119751356;0.003208513736887464;0.598092024468833
0.2609076287172447;0.4939557395989421;0.9586483718591117
0.7433725220288869;0.3361787211101859;0.23393851056442794
0.6116772657994846;0.9146821702643113;0.4894404317738922
0.7554502095339256;0.6359015032178511;0.3168108180119228
0.5561836287546875;0.2971839015504426;0.5048485323282345
0.21927353589639798;0.9982328469334152;0.5048837975092123
0.0945959835386937;0.918862810964696;0.19262889837202313
0.08302961333758507;0.6355046468551229;0.17421239609302397
0.6909356078030768;0.8907203703799733;0.8844581628481532
0.4369977634398563;0.3717504254407318;0.7466575306094453
0.040913038842347316;0.7822213600878161;0.4568175484444874
0.21001998005282507;0.3825387430589209;0.46320078459838676
0.3777808778182222;0.04679515971624504;0.9276641322463257
0.41197181467082444;0.8533380214062072;0.1811607638216497
0.7031261167481602;0.5283255222625591;0.8390733544102258
0.45701640171172997;0.18569220789799523;0.21487684693270115
0.7970970246067993;0.558009241922508;0.7171818853364108
0.973918332813472;0.3527189572259841;0.10194696577123974
0.5006141724776124;0.9218340346984869;0.7284625849708464
0.7360675802851431;0.7914657344655827;0.5871748899557907
0.7915526477282099;0.8906705511327402;0.9113941158620017
0.24048565078312023;0.17401660983738465;0.1417227729329681
0.2561306705710584;0.5954387916246046;0.3940042537298719
0.13282784913749635;0.11150176081879937;0.4490177266035996
0.03479295838818075;0.9624723019021175;0.3485367491082789
0.3988858777593204;0.1939225638474782;0.5214905699168318
0.8005715075011471;0.6092684786844786;0.9622825830790424
0.25013965604460775;0.678217982628327;0.7402198137256476
0.24592596355162943;0.5275857793605546;0.49823879514845437
0.8127779891387156;0.32249820863645384;0.673373864580897
0.6901887822188617;0.3929214351766961;0.48032170392660545
0.5429482223637603;0.6541048072305125;0.3400644752845935
0.10479403490733374;0.023326741405086282;0.7420665755349924
0.9440566782404817;0.09873281101497056;0.29893606594524724
0.8314304693643767;0.16600532395816125;0.16700058638389936
0.10196426146647941;0.5254606333982624;0.3401890034012237
0.8830079956128146;0.6005474497489216;0.8239990688710542
0.041183257396473216;0.38725342244215355;0.6246625528798118
0.34720342424271244;0.5061754315497091;0.41928259002550494
0.6229613598942134;0.6428510252138735;0.5671234379606472
0.047022388607529275;0.6817788347050102;0.7368544127058623
0.1942740299259873;0.3650881883802781;0.872625379305619
0.1703514309527554;0.33087122797039825;0.3281679439255174
0.6866458705751788;0.4499419450188814;0.9348236592813827
0.23352912307128504;0.3565575341932806;0.35337836039575143
0.8168325362280611;0.23333767636404534;0.05487342820012098
0.2507823137634816;0.20215090333608676;0.5823968887583274
0.855367068399188;0.87279666459396;0.15291269125080265
0.4029811277378095;0.6233787825916609;0.8936666272503815
0.01831833132060745;0.024770302041102976;0.7823761505768395
0.4504066494182074;0.7250955483021843;0.18108347381944345
0.3746628292769866;0.81955210082102;0.022751369641384356
0.05557152770362106;0.9097689259903694;0.6333968630683879
0.18376533989581045;0.9013239090513903;0.004007731704388173
0.6525491463920589;0.04877285975782619;0.0742269030380518
0.9736626702262622;0.5447393291753729;0.08877218042110557
0.1740919570456918;0.5397180067705079;0.2626356386679991
0.4795760965618009;0.7061549466087484;0.1981346667447872
0.32528001271859586;0.9231037594656174;0.2273046622364857
0.9722548180848144;0.6354264679165434;0.2419746215683799
0.33808543029967464;0.9232569813781687;0.5871586752509281
0.17687077592470724;0.6805548114298667;0.44137898099097816
0.025157299352526974;0.7920533502830726;0.9037814826595545
0.12119098841726805;0.5029690454518927;0.7838648088967078
0.8999683641921447;0.1845849044105502;0.7274638355523139
0.6130321379477185;0.17001631636838244;0.9928558624530186
0.6103081599535746;0.7547478516178969;0.3657922417543479
0.4529007103266848;0.761037049598947;0.9964276805304194
0.7251719602176904;0.09054839703349171;0.004453910592810528
0.28238435020956687;0.28604085701243764;0.46235407343038026
0.951261465971901;0.8394010267044756;0.39689391474303537
0.6566488159625832;0.40857042108738995;0.26685741303533117
0.8498629069875843;0.6038114978493144;0.4326716620768456
0.09728279556852004;0.4570142719630841;0.3949161179621541
0.29885339907035646;0.07578046244205305;0.8073442304062649
0.7848458560973581;0.13761811762220577;0.6030807040168741
0.36340624246043696;0.4990706062070768;0.09844774218979224
0.13230208052413317;0.6872225682861477;0.6442119585462456
0.5625700300643892;0.46340348692871103;0.33264456950842525
0.003929270521766504;0.005465414724019069;0.20926137810965395
0.39177276556137786;0.6406818334175682;0.8227236892821385
0.18060896806084814;0.7448443528964988;0.25825353350971636
0.10167244426504729;0.0860545102813226;0.9774806809503958
0.4590816854325763;0.530642398606863;0.024461237991062923
0.8787615741683417;0.06329165488089772;0.7978893836305173
0.4359745592475198;0.21812406362852554;0.26032514485309155
0.8559996492399135;0.8549981578176002;0.044251877222799885
0.8286960555494663;0.9352919193596546;0.9127150491287181
0.23725300414996853;0.31920497133898607;0.0010814710152506901
0.9547716518953877;0.9304127976745522;0.7739574977924065
0.8853801909772854;0.035448385894942036;0.5491764307905952
0.20461809741756853;0.8950792719415127;0.9938970533239866
0.6415655630673176;0.7619140963906423;0.10415925988937313
0.17030893576666684;0.9174881932520731;0.776615376373003
0.8090996567841158;0.07767737168288325;0.7877574975808822
0.17033763402054924;0.06403548038586371;0.5425287166607353
0.5499065490211683;0.9143182057188978;0.897845418873168
0.5260981551893683;0.4925599298832055;0.343344923598745
0.7229811994924791;0.935392649891488;0.1769656267927917
0.7860189780117337;0.44389140042757624;0.3254927784306543
0.7076944340936443;0.21920700718501662;0.4038198191678223
0.8922785751622564;0.41570691073360166;0.7650772123731713
0.5700697062242357;0.922390221147758;0.8051005386205584
0.9820048057814165;0.6851189299295762;0.8357181280506362
0.28860872439244145;0.5100001091740104;0.9738070451505016
0.48728204758950877;0.43274294279362246;0.9079033215521606
0.31466924060779844;0.6083688783724283;0.3759217512483265
0.6260897541882066;0.9073496915397227;0.6701811889424276
0.9753612984882623;0.8222527229403196;0.6826008834282971
0.18530823527937512;0.2551558668286743;0.9909576004460461
0.3091010411870472;0.8350830566641122;0.9217093192777297
0.66052194090967;0.8408725484331602;0.7195449264794863
0.51692474147172;0.2632129271940711;0.9097956693089182
0.9521938295464044;0.325164703750209;0.010124036546842685
0.36808434462830253;0.5286371698323927;0.9522427971371379
0.9083057392425239;0.7339355531781692;0.3068122099522458
0.8989757933738974;0.7244007083767842;0.9907506327763225
0.8423549773627884;0.11097504993775376;0.7277968824619552
0.706628024419358;0.38754129182942265;0.9731268676310656
0.8796435936947916;0.18528747931734058;0.8323998323428455
0.32350393946665923;0.8496050410421387;0.3092564691996794
0.44604333468019364;0.764906338274917;0.37166727158004254
0.6099161345429718;0.662310379760239;0.13404433955086337
0.5960046917709784;0.1612476662007749;0.1620317502371127
0.8872107759334621;0.5566322239254782;0.574836443847828
0.3054531235884569;0.9261350789702781;0.07179081024210521
0.09963061171283416;0.7415981884028932;0.8001089134913941
0.7610666381135548;0.8429524639082289;0.8015731524251016
0.3553962936212607;0.9621844073023811;0.8629686480470488
0.49256456851154906;0.7556390633707155;0.4222909494571564
0.3577241196364159;0.9241181046240295;0.5148650118301809
0.31292654495160244;0.40542143303400546;0.0993603517053171
0.8365756000935991;0.14281883128090533;0.5088327768084335
0.5236791234011741;0.664496721449097;0.6377404752800416
0.06166481677564173;0.43377688662870817;0.25783178984143407
0.45408081176365567;0.5810578672205275;0.40634567750763784
0.7901914650728395;0.8475725400125725;0.3665139870485655
0.6695178704180986;0.11996048176543739;0.5473339354090961
0.2330912416683968;0.6905062341595483;0.4104715294987098
0.745595974636907;0.08433727670773028;0.7259843491852762
0.9751880053947166;0.41774288087322675;0.8937886599502742
0.589930763914524;0.20789328443548094;0.7869460659187247
0.9625333704258491;0.18992334479666118;0.847833476223815
0.6787430709893425;0.25083168277946744;0.6492882864294293
0.2947546192800814;0.7730188460723569;0.2570136784922985
0.6521812544645944;0.14342287520543606;0.03557885711491393
0.9623981361443856;0.6604481973264649;0.730888570504481
0.836602146851743;0.4741765716627888;0.04444835366069633
0.6725478935024523;0.3220437774569961;0.6876741844263783
0.21894648101461167;0.27703277640135127;0.45134684872991293
0.20380522644582233;0.49447509902027065;0.5147031119229606
0.20007733345999001;0.3148551465704029;0.4566158044380957
0.9056593653014826;0.8127767729953532;0.4322772853651641
0.06318529393534744;0.11283058556565162;0.0741845030248639
0.424258194147189;0.4678384269868636;0.15989067829874926
0.0908718200568911;0.8751569674380069;0.9880941913823404
0.36688130562336174;0.2695727657222149;0.16561097180938933
0.5038956744094452;0.6366242355093992;0.6991427620848406
0.639725687562319;0.7725361288936616;0.09444199610515258
0.04068983220387401;0.31601619127833847;0.5491363495664959
0.7375032372624327;0.08573198496154721;0.7817347815709167
0.5697066246506975;0.3425573127576309;0.5625580913189938
0.7631108398546805;0.7439495527699331;0.2655929847356314
0.15172901314373544;0.5363481026664961;0.8890729500945721
0.1447630633189083;0.84861586005402;0.016480411159794484
0.4347142760555265;0.5856705996464787;0.5093699536538434
0.3186352911955649;0.030105565760623287;0.3386266376606478
0.17667043277991334;0.7379416763583901;0.1608604816927901
0.9668607383215592;0.9082730170560145;0.1812899505945954
0.750748056415948;0.9500070669579027;0.2577678842752983
0.8774512244044514;0.13304484765554014;0.18058006659966885
0.5816866547459254;0.8468559479603922;0.05930484703345229
0.5905040807303387;0.33181293802538037;0.348717706005117
0.14219125564563195;0.880487172855363;0.34138023921962013
0.7150108699154765;0.19488090239190337;0.518682609500064
0.9104743891123956;0.9407420083245948;0.09601334954604823
0.9742938614752129;0.1240590383771919;0.6266941453684869
0.8580323300583813;0.9291305762195065;0.23480204271246508
0.5340567052981523;0.5700221439407059;0.3152069146053077
0.0811620055262775;0.0825007759848082;0.3506616940041569
0.3537464463098874;0.8617499669841323;0.37389926204108714
0.809279654571389;0.2911661615809604;0.07073780587216949
0.05563682520552704;0.7371666937462329;0.10523346312655846
0.23183381740162434;0.44504021553446715;0.5501216442178732
0.32840936572301827;0.36952069721131753;0.6362508191374799
0.016249686049278567;0.6941359634794358;0.7186685999230925
0.9338184222413437;0.4058260037808966;0.5527458665939893
0.3492040554452709;0.9485291650439399;0.10214156803331564
0.280948669397313;0.8220450929328605;0.2514521679631464
0.1611463508837384;0.625494114433067;0.5103750484939136
0.09881520364154395;0.8386792929074081;0.3749459116037053
0.037985806974845326;0.32151114463265673;0.3176828769285156
0.8236586644485356;0.42870506377743345;0.6615179539257756
0.02698245369786556;0.9444585507086539;0.10032363377807962
0.9311140041108313;0.9917682158036498;0.4192148188349383
0.30305600075706096;0.14116057805473203;0.24998773316937473
0.7265985305869046;0.8235942515398735;0.46776289170493
0.4659983116274242;0.10498021682543457;0.26628205315754094
0.5440202476313398;0.04884331127467667;0.2610186188172188
0.08856951168034621;0.7429314589714001;0.19343270044882954
0.2089919372154737;0.46107534220824364;0.4204026143675228
0.6407762295548921;0.0576871895801514;0.6751352463604567
0.0007314159948500487;0.18453916888513022;0.3923295247711831
0.921843486158603;0.2986305455449919;0.14845392113809242
0.11793431033873725;0.16573768327589877;0.21509746103434102
0.9284599234711786;0.022109847328402488;0.3310708737486916
0.7098543893916361;0.014590010000047338;0.7174443090103425
0.6073961337779388;0.8864891542484379;0.8567577556377136
0.4873836121928401;0.25282780656793913;0.8988858999080802
0.10970501063871319;0.9452992840702492;0.4895000610143837
0.07194857447818248;0.30149426892699027;0.024332809620151385
0.23100846595855085;0.2151020140693123;0.6952959224240841
0.3297415425196829;0.236758446263861;0.8159266433942488
0.33717946112537944;0.28211541707857835;0.8202617823607544
0.1966554175700369;0.2378879426742445;0.6028085517042081
0.055625308030051945;0.25927585942271736;0.6933743393914318
0.39972572695910613;0.06156161517793912;0.05194101279048313
0.30828083276743734;0.13754433625295648;0.6323297675314468
0.5121014242711316;0.5350439868603482;0.08509601056462013
0.1921288318806018;0.946972484483154;0.7035925465536774
0.7163534609739449;0.3648866599917615;0.2798210517373847
0.5446660325509232;0.301304580913453;0.2390260709265929
0.6731338495123553;0.8031957577963686;0.7812775153524887
0.31270019108033875;0.2908506080301252;0.44672794561840035
0.12080785839275687;0.8598972735220789;0.6334520223747448
0.018580925930613557;0.49786339099098276;0.04139801603805682
0.7495820242754462;0.10317629202617551;0.49195845305672303
0.3703196424119639;0.5162464913331423;0.30781071378747293
0.9276216904002904;0.8617182393651109;0.6433754279886748
0.7018056251508099;0.32871438759426963;0.4715888369173875
0.2356439046168981;0.25160354422705655;0.4594144045161951
0.9109286758472405;0.41362741218210863;0.5396126146454369
0.35326920569474973;0.5839722057384648;0.6682703118497032
0.40494715282958493;0.8052378487116408;0.05855035419262855
0.2648287943959966;0.9941060763462622;0.5449992118356616
0.5809666109368302;0.36773836152056194;0.8942306192093158
0.42975068757054036;0.5902162476468137;0.8569846397174986
0.5214803402081187;0.2965162411001133;0.7785178028694724
0.9746353166737751;0.8999407754893629;0.9967724508690557
0.8306089014424202;0.9820717287468359;0.6023542813418182
0.00689971391261246;0.8175233131392096;0.37101520613717753
0.5729214502520857;0.7744726332510962;0.4636287927482948
0.6470501427770218;0.18112706738960938;0.2656718562308946
0.05275581238696203;0.46852148599931864;0.3168329360119392
0.013110044093687767;0.012076072427007034;0.3181354521826275
0.3617830864557645;0.9821753167047108;0.736109624673439
0.9625968276144351;0.2663603526489211;0.33069283413814254
0.4572119825624944;0.3309752510670242;0.24151397126386953
0.13151036483422984;0.5661070287103391;0.10897917434577586
0.2598323879340343;0.3080438241480622;0.9416755373776018
0.46388035002196715;0.8145845957840512;0.49141128640516873
0.6891918368788402;0.3525831658373034;0.9926028169074071
0.1245319251597301;0.12569641794230801;0.5057125629926714
0.939767803364203;0.16098776069043452;0.4409761248736489
0.635607381045207;0.5515013086912401;0.6828715517470453
0.7630896922733225;0.09904748748554504;0.5060909958695241
0.6408096213338268;0.4312755926972698;0.4452133108382351
0.6709427092959085;0.644940342627246;0.25079731280652506
0.156180904515136;0.9152020585502193;0.08749853972072441
0.9194195106100612;0.5593379736701816;0.26933478200114946
0.45702089098710397;0.12471343092667775;0.6235978524800301
0.2682538556707573;0.6642588638876737;0.986133568379134
0.7018700045901608;0.4874704292342289;0.342331301068856
0.610394614725625;0.10667174642207;0.3188173232565453
0.7068782846827442;0.4480018454419852;0.39797187932642053
0.5633277928626265;0.8783736102053006;0.1592309611721342
0.9072165691760946;0.10855579231185153;0.416703274504143
0.7151102833937795;0.8140728039777327;0.14135820727228887
0.37028448271689307;0.5298751180697641;0.3948870057789554
0.9829784738011178;0.4115264791763207;0.36617879869043957
0.13129686941231955;0.6652801447706089;0.3490232672263712
0.5763939693293457;0.5918936469679;0.8291174273083668
0.3306779830928531;0.8089060255651657;0.6203688678774206
0.1617314537971385;0.38465692618942005;0.7377997361262787
0.15028246581583415;0.9412053283346917;0.9250043744385359
0.5453507778992037;0.3953585401702644;0.29742884243109
0.8188667157933958;0.9993555920066955;0.8105373722932643
0.2571664513067501;0.6613669388774696;0.2333993542977616
0.5394281556650883;0.8614067082340197;0.8367495881126121
0.017911683551626423;0.01080902286074581;0.5749127178836103
0.8053660631143583;0.7337336229171646;0.5130491199620149
0.05291881949900035;0.18571475424752637;0.6956964956427529
0.9651566607200193;0.8569060260034385;0.8690177028244338
0.510380235503094;0.32437663860266874;0.08147299037600475
0.9167743425962351;0.38794659812515586;0.32812222423380555
0.006453966665906696;0.08894929216689373;0.9149576648298422
0.2854895695115024;0.3527055436316797;0.942306600805281
0.12118801024250336;0.7062372217170809;0.03961138109322315
0.40875247668513814;0.20654592182288245;0.3823851922498074
0.6152536811589819;0.580880109234273;0.6803052870276566
0.22714406138654097;0.3473253833704729;0.7683724955384761
0.27271110828487866;0.04001260422595965;0.9866903809317301
0.629201142716063;0.9189940413338785;0.6854529749994042
0.9309173329726707;0.9508811866052267;0.11194697819281074
0.6369506197083743;0.8770251794211481;0.3868345955780478
0.1641300324217827;0.09332163626671397;0.15072875452923107
0.46753515777431387;0.1072228053364297;0.4804145811361116
0.8942736943798093;0.06707432871939623;0.12686171332059482
0.5941717054401593;0.9819741983139522;0.07991990492202672
0.21175042673547173;0.8597365803034501;0.8114777194734925
0.01950709849854959;0.740131280277112;0.6965607307129846
0.23737885208885234;0.3755080374676898;0.03278223649272094
0.7453308298415796;0.0250274021384278;0.1199088653052669
0.826237752245478;0.34175468663294883;0.7541042649979868
0.6404418050962349;0.7657516704558408;0.13191207715616826
0.04353945520686764;0.2086640035857844;0.21140522776677018
0.7912529680092795;0.37450047172029377;0.4272123443188096
0.7869704391821712;0.8061644120870622;0.6349475240083626
0.5143487636043049;0.5523407989364083;0.5282081855931456
0.050778367922564405;0.4197255725161517;0.6698104283178273
0.1371289131816621;0.2462033661049886;0.912510790192729
0.18636167412756477;0.963399905335015;0.8246164854583711
0.5357611657847938;0.9045228202028549;0.6722875312353082
0.9460196052100022;0.917178471556412;0.47677683605631516
0.6043367183731502;0.2337662647143257;0.1274412129310012
0.9434130735680057;0.09021322291507972;0.27439434206588076
0.39368504000412996;0.9312060555195348;0.5548464135708898
0.7367050944661372;0.41730871047178697;0.40529186370023607
0.0011028830849603155;0.28565287690305086;0.7511043946959346
0.17637351751572394;0.8129997556576665;0.905742867724733
0.15622119683448388;0.4130254189559409;0.8599715466818221
0.9417561460500063;0.5737897875704915;0.8456010615803843
0.0004590759409706102;0.9224493388356789;0.7848144219824972
0.021047109274332287;0.570025157817167;0.7954141161485382
0.648371346721211;0.727337405027395;0.5024441694249869
0.6456585662774905;0.693490913729777;0.7955033973752114
0.4383358913129688;0.1565869185110882;0.7582397246208338
0.7564829613149282;0.6475584888129932;0.3027731463320551
0.6555050007490293;0.4062121046139594;0.7303466218171346
0.6968607794157573;0.9445459374810162;0.8649731247314529
0.5929479258810254;0.7369897017393486;0.9077947950994867
0.8615218340979723;0.16087330278633827;0.2738564706759765
0.789714111245464;0.696145503860419;0.5517763200689813
0.8360064637038372;0.5494091015400027;0.8353541514117733
0.15158204145949716;0.23133370864728753;0.9058051187332533
0.9067221177267061;0.7995159389123858;0.6897992053084399
0.13434746071072845;0.7542035294607367;0.5671547799009652
0.7654174180904936;0.2910353365024646;0.5985551121258462
0.8075552644682368;0.27067252663961405;0.1075640608913302
0.5200813412273704;0.8138661358922223;0.06518861054693903
0.5609504651881643;0.8699552523827372;0.47666268510866094
0.16829283885336654;0.03546862821299934;0.5546840005203549
0.039375359078980265;0.9608185598997937;0.9353791233656206
0.32042132125386524;0.31844812278577694;0.19271117932825688
0.5279927890345062;0.8386704902503402;0.35039856760139776
0.526936316809453;0.9401628727784598;0.3623017163009282
0.005419013362481961;0.9636692312988615;0.6778161988700699
0.7211273201218309;0.7703705336874278;0.8425370279602773
0.8100989954918508;0.22949686331065544;0.10939135335318906
0.08462486761140908;0.24969490267726147;0.005945089882441024
0.8249082606879253;0.12077102499506509;0.7232604217593945
0.4657754104839922;0.46390899484033443;0.02511374422168111
0.553657520221994;0.04679704287440978;0.9512192390595322
0.9315540433036565;0.3338802794716179;0.7486580997003245
0.9167822321099306;0.6599555040056937;0.3096421012262509
0.5372500001427337;0.4847221063777918;0.6074098324783177
0.17465264038490913;0.32832361440824687;0.1580988246644408
0.6507125989423774;0.45476653360382036;0.5015057449346203
0.5962076789813647;0.5422826975471228;0.30284096975992414
0.8622462234646889;0.2004219660594373;0.7586040751656323
0.4972377176914434;0.4774155490213643;0.6455862981374342
0.07044142215030136;0.7381186107752933;0.144394834651
0.7197118300655705;0.07178537565826126;0.0451499902314898
0.9693675110400334;0.3267602576070969;0.2089026650453205
0.9286682866959332;0.7688143999138203;0.8052724790710007
0.606425719752656;0.3577822333398021;0.5142935824181657
0.45191769061292486;0.14298517378518116;0.9116923017477045
0.6077749989785423;0.6993278778294666;0.7165149552731227
0.3162520521057238;0.5069447995804024;0.8761750157515813
0.27806665559706567;0.4825627529565941;0.7489048440952558
0.4904105617172505;0.2259023547970208;0.07869042768297674
0.37846597348934974;0.549312982730141;0.020624614532858798
0.8446539769269511;0.00842630304507952;0.6474132006615941
0.08794665780511968;0.11480877875342033;0.08351609440165086
0.639069968109928;0.4298581906916733;0.5624906692357734
0.7606326653063347;0.9412402812759071;0.48416883428664914
0.05665171761156407;0.8917212789043392;0.28978046371456245
0.6327443138638772;0.662148798938459;0.307462416841884
0.513128100413652;0.4050790776144879;0.09095627800883643
0.8663550175255799;0.06190420204212421;0.9612108474823838
0.49489309764392897;0.8150209645186711;0.23032764895565594
0.6036651470444538;0.3901292343232424;0.15768937141089112
0.2127636360453128;0.0015847464600577954;0.9534845665777897
0.06456326512599819;0.14122460050331742;0.7621499434275489
0.7552969481930089;0.8400669552111966;0.4809229570344592
0.18461032405720934;0.32950572179347914;0.0668228417219826
0.38116855405278194;0.5676170156475377;0.5942171760270282
0.6189554427885546;0.5023292889344523;0.06682227859567091
0.787844547873913;0.07145469344185207;0.5664200379468504
0.9652298888187296;0.5652636575745508;0.9626214227704848
0.6642117826416104;0.7872462843007487;0.014556124633079426
0.06033943297874489;0.15319139416819783;0.39752452964215257
0.43465437563044673;0.7740501416473734;0.011919695643347272
0.42403532380525477;0.8831769171577541;0.5958189797714611
0.5254627269567754;0.3739533000471149;0.059705708051277395
0.7199394334242424;0.2853291847755416;0.7507918536181415
0.9315469602571365;0.9288037010943185;0.8046578418664613
0.4035920616053318;0.1809965762496396;0.7522138390121776
0.9995423281067937;0.06108316395564628;0.5393356767956514
0.8220187434368901;0.017061058903598325;0.9633656865859569
0.8496549896173995;0.7602304645189811;0.7268471331964744
0.7319506115156038;0.8604918123467414;0.9567750171428937
0.4661591083334913;0.21696735332925887;0.8232893557194096
0.39544031661912016;0.2539080235349339;0.8677273728096332
0.16317026734753104;0.4688530495441302;0.16606759220498768
0.9468867054543019;0.12645865106416332;0.1823866770570961
0.7742534714639876;0.7843472764385011;0.9238582268985641
0.5689340676783351;0.8089101390029654;0.3327157124937986
0.22992585790276598;0.16396673521094618;0.2902570834748319
0.1211745389352239;0.40530583059001146;0.9735883558824249
0.43922510181968255;0.133779201688197;0.3954833738129624
0.05774609954860177;0.10034964975350091;0.3724004230282423
0.4128526035509307;0.7322304913840852;0.11841074983672151
0.27870453576344323;0.38343837762783495;0.35552283228757786
0.4710746234377786;0.7492739987098886;0.24344927208728273
0.5561520883561869;0.5100298817188684;0.9692441882297709
0.8173967925983344;0.3064845597987641;0.7780220712291865
0.5449809364104884;0.752830359178758;0.9886510766374137
0.5973820788129357;0.9482532596643805;0.26063762961962855
0.7538467474684023;0.08015693850154515;0.2914697143656154
0.4758784361205066;0.25836567337662986;0.0708181492664135
0.4950869562707979;0.7865640860204797;0.9341980808015329
0.005923671710114209;0.8255990107303679;0.4715863676487676
0.339244963225965;0.8161032173160302;0.4489609154332176
0.2311536966000579;0.8949046687731347;0.7632797085541888
0.70264304427522;0.7513227464539451;0.26042312359571373
0.4980527405797103;0.8698408116935882;0.5540419118561709
0.09489573424232078;0.46623902500931824;0.5775885766427933
0.12751237892104084;0.4532507586030543;0.3051749305056636
0.675495659088366;0.9684019395472268;0.3459288923728192
0.5564845222200773;0.4297727080458239;0.0657887691484984
0.5147529564278239;0.2704609325796029;0.05220209325325531
0.04916191079293308;0.04903855999710538;0.8933516309384513
0.5837448512926584;0.07783926749266978;0.892283236896278
0.18998094356371953;0.027885502395517903;0.2764717519922234
0.12150839847830175;0.033380885904729984;0.4827510748575162
0.1717240317705213;0.9712584790849927;0.6030483925614235
0.07678772912199006;0.18008447915247272;0.7557620702471841
0.11943225567400917;0.8833738042576104;0.6324671471640226
0.1710856753765826;0.44383118953571987;0.07380267668469476
0.36492084157078686;0.4536795587047959;0.6532785610233702
0.25156082983510986;0.7519595621227866;0.23296130049249464
0.8494441144094633;0.3448275012841252;0.47294760528977997
0.13238299027343936;0.9056676404326983;0.09183477086633407
0.30649729913891566;0.17850874447238974;0.826266091397602
0.03286978594296286;0.22735470996783524;0.5909354037787417
0.19570330535147018;0.3701486432022316;0.908195207826958
0.18272232594870885;0.015721653433686034;0.3445409211698651
0.039867138059680896;0.2557272592628499;0.701384080698897
0.018051027188053292;0.47236059778967476;0.1853252464999816
0.4576255632775488;0.31606675216303703;0.029586275197067913
0.8286533298987484;0.5574450078993108;0.4126612707144447
0.3833104746612034;0.8516152565532981;0.413185702804302
0.8428298020162955;0.683698399373885;0.8273842309134118
0.5788645072371422;0.7841318012892409;0.607240627740767
0.5955643319911098;0.8901459287406367;0.708875513404919
0.20434229738622978;0.26039562741035205;0.7138344412741415
0.5052960646749401;0.7334721818191747;0.7154615099004353
0.8244101171650524;0.29878607473382346;0.2566992834680357
0.3539911189275321;0.23126965888692985;0.44921517614718365
0.20096081016044887;0.2396625228970649;0.24607070919210539
0.5089874521637979;0.15495116895176098;0.9474509030242313
0.33010826935620874;0.15428967869236399;0.7948301426412885
0.26445886356133674;0.6119175416655463;0.10753781806257368
0.4792107013159338;0.5572087338623198;0.8293065598508219
0.9338474751334417;0.5737383354348207;0.42612444843937314
0.8129894872698253;0.18610627455952744;0.9318245816229743
0.19321056327713637;0.13967102451189362;0.2794583579660411
0.5176236078315305;0.5827447728878521;0.9338145237451508
0.29088941000492663;0.1412770561648271;0.3303510761009745
0.9351871491137946;0.07691374158754705;0.46412512615110524
0.8018773313872037;0.2832573903759743;0.48206095174413777
0.9105879018703938;0.2403627077191196;0.14735593226876453
0.5681751170781689;0.30013209516323536;0.5303539688893602
0.5051277437762316;0.8570060340466001;0.22120128890872948
0.288212096487373;0.5304438547845258;0.4084394086705384
0.3323243874661367;0.03005735839655621;0.236727679994587
0.29442494520571116;0.6145297607411205;0.3564430641340125
0.1438262197896386;0.16092865874484663;0.9087677949658034
0.17030837453099257;0.8034324604288947;0.3566605758141037
0.7704834019286587;0.3062584093921471;0.9510527058422613
0.061778065710193175;0.18128952566162593;0.6530540344769585
0.8175707354030297;0.39409673358653974;0.058014782910195795
0.012493796190499062;0.0559121560176139;0.23917767505000664
0.5745772948574134;0.15470923521898305;0.8128593693813991
0.7626288891738536;0.28537695762874626;0.6080979177887256
0.20549157234414195;0.2408279735274641;0.6521450241985045
0.275079393236655;0.12189703847428035;0.6543554808773263
0.14877552241648428;0.3974717593045106;0.3767201585027282
0.32598533179803;0.3901606023032168;0.7160990505489299
0.6310864293621525;0.6989117594949176;0.7750993201519447
0.8217176425910491;0.3153460846294046;0.9408966244880506
0.8212159850127481;0.8592805628507968;0.5517763956828221
0.8338147276131069;0.51444688441005;0.5311347694069802
0.5207481522207735;0.16097946970586474;0.9370704779106657
0.7490575179284783;0.61256514247248;0.8691692316175563
0.3745851579374525;0.1640899813872867;0.733778059734348
0.5413761757762376;0.9405065087831258;0.3153787233184616
0.7053817763723859;0.6223805606032096;0.24027420347837658
0.2648711281424282;0.7203921779342483;0.7529731805139318
0.9750848630524086;0.512042681433002;0.38213686017335846
0.6514067636289601;0.34757900834822264;0.37939782188508464
0.5413640862133567;0.06782842283782908;0.8161111837155748
0.33671726829964566;0.7609301274833012;0.34351954203950397
0.6407158532600209;0.050532805190652286;0.31501231609124747
0.4599642392493206;0.35630149091478325;0.18916508837770063
0.9301584305151388;0.13611925106186473;0.7762388371324578
0.2934738381329779;0.7234382082552275;0.44439400550019703
0.5293536473971087;0.72348070750229;0.7245161994037901
0.7462902718069316;0.5245814198376884;0.4928062658597028
0.05458836699080982;0.9047926159195185;0.6131378758575851
0.040068549468572856;0.7326823269176889;0.2678708788872245
0.5937112509456265;0.7038042280794123;0.8141392767337349
0.6675131977342444;0.9095336341856661;0.614712245398399
0.5133479534049108;0.7014271988424492;0.4278247791719392
0.849241825411242;0.1690487777464399;0.47872467533126295
0.024106342082122367;0.14575206218543413;0.49501619045844647
0.5571348209939486;0.40141591447452973;0.6041580529497983
0.26909661770482285;0.0948642930259701;0.9975887142794096
0.05255783881407061;0.7327430596116945;0.579270147798306
0.6287021803286319;0.7272872498852478;0.04975351033818831
0.22718033711502594;0.8501603605141209;0.9724083022714807
0.46843876408239615;0.9141368535942289;0.6319270322692193
0.40943228898190276;0.4670247010431574;0.3468859963286398
0.4187264884874391;0.5540646977106943;0.9870909930364269
0.49391525077861187;0.27388668815496997;0.1751627012989616
0.07527433106298231;0.6784403563289761;0.8264375854155149
0.5093884736244411;0.23184224229292139;0.3531226222716921
0.14228596056821918;0.5620517962019018;0.6366705869744355
0.8696396490458026;0.677061517520779;0.4661836811816873
0.18626181078262738;0.04187578574708872;0.38776542841563455
0.7065851106026346;0.483984704494993;0.5966913443124559
0.6179089007883651;0.8604978832104485;0.07968917183017366
0.01908112765975223;0.6359656327479077;0.858942693262991
0.5736771833253288;0.5528225389157442;0.42078570228643575
0.42726025520081856;0.5548260069105255;0.6756478510816086
0.15918983691130506;0.38560144621862036;0.21661956429005846
0.11476688145874248;0.12343450329875683;0.8699917305196766
0.36166551443671746;0.031830780075284615;0.3493565679183792
0.46952734777211425;0.9770724783584908;0.5696724035330624
0.19652073525506608;0.36216011883421995;0.7194837098878929
0.765809615134101;0.07196472801746101;0.9440972282701398
0.03100321686140428;0.007851541187347544;0.956714603397664
0.21784792837233657;0.7818997681488281;0.7587167683895223
0.25314593065325786;0.9292066638421597;0.8872996635259385
0.09907032884260836;0.10797957773783218;0.7112056493558266
0.767399332208356;0.8629317969816453;0.055408167750673365
0.7443484685609093;0.4909032458854631;0.3180723760167383
0.2921784247004038;0.5836642702461626;0.6464952006615158
0.8755851783590309;0.8303068955243976;0.7916746563308041
0.004025480027799233;0.5482867060449448;0.5484487676860371
0.480361857092683;0.9600820209008638;0.04980912010977412
0.1046728340351587;0.05064493434814943;0.291498902126878
0.7395013215246972;0.39519382891011345;0.4388784921392005
0.07072257412928917;0.7057536167453923;0.32012175923309116
0.031135752793062577;0.7857523560875749;0.32952756077556744
0.3160207947645268;0.2733971686635812;0.1096497422529975
0.057931926112880006;0.6000046738309845;0.9285144190976287
0.0438873549713934;0.19530766363119811;0.048287677795602724
0.0312713050993344;0.7912936895189374;0.940222143533557
0.40428446976455834;0.15335358286762923;0.12481752882462738
0.605493041496605;0.3312252339640178;0.41299940256512846
0.8451709895234764;0.43370760600967584;0.8714169964602915
0.17837662076610594;0.6265276520263496;0.12008921181085563
0.7289706688543586;0.874776019685942;0.6620745549290491
0.44760414831427375;0.4195104355113438;0.008388964530036791
0.6023898504667243;0.6196181735137976;0.41216201493659743
0.0034583706308284334;0.8914296998346707;0.49304828468195827
0.8638594211252967;0.44012565178766594;0.33579423564843547
0.1570651064805073;0.8325942035726513;0.4942928440644191
0.679996295762842;0.30958176457406494;0.9941094305760245
0.20664248593393109;0.1781049473982922;0.3882640654838063
0.750484033852317;0.05801544127408731;0.1367257203337543
0.5665460562261779;0.08194772087248059;0.4345425180346115
0.5546945201706103;0.32572909746680945;0.8572907075121821
0.29533714826179935;0.906931078578642;0.9605424346776225
0.26685509466119883;0.1426871797143905;0.9390841466920122
0.8890622029546974;0.2561741770511662;0.9742998540424724
0.02656673500389717;0.23173696107437258;0.09746230756128704
0.13059270110171173;0.8870030667866063;0.04567019859348609
0.2261341936504101;0.10303594596619414;0.9517543233886944
0.14893526548338298;0.2051248040569077;0.18472942723462338
0.34498586565302847;0.05137062943138393;0.13915533357771792
0.739412466585185;0.6613331410478344;0.2190967736815853
0.7275617855076052;0.678492685222868;0.5089120987113129
0.6557125475734966;0.26163018967304663;0.6557991726447262
0.6268192765550521;0.9620659729525685;0.39820076490147294
0.3054471586514985;0.44542061543214595;0.8664800985254834
0.2249294935214261;0.5789005889914178;0.7011689893776447
0.1763292763708746;0.3161729666744274;0.638617262820046
0.5872654411254017;0.005875261995579528;0.44272704447117683
0.312294805438852;0.0013266438709880202;0.2401965529042862
0.8181549627631983;0.867275179035376;0.5604373346582612
0.9998870987034106;0.6588099484584525;0.9816651248774575
0.12414642234839557;0.03858033283472728;0.3602388025033574
0.5625036482200629;0.33273139183587597;0.3731889094029618
0.02391428291561759;0.30454434242106954;0.9015022475430449
0.19270921012233877;0.46537674283287056;0.07701059243736341
0.6897909452514254;0.5011827601963201;0.23089721178967326
0.35607637416584315;0.626967768507186;0.541654755831339
0.23328114188404814;0.1313476824263906;0.1817947786452604
0.761461908884771;0.8017190124734983;0.8434024273946428
0.7659432813216691;0.7020421299270482;0.891386433606006
0.8495628811113511;0.9079002916506762;0.18604976302528953
0.7779149314887961;0.854225437251147;0.6711927428163047
0.1588163115936797;0.4451370679874045;0.9226605943173865
0.4211961247815008;0.6874163124885327;0.9424997475016793
0.6917345824597922;0.6649519720403312;0.23832362529920814
0.10702071120987433;0.692700044634745;0.7984415733607577
0.48866333076292046;0.7426171739173814;0.09618664352246797
0.410140462887318;0.9978394830682255;0.6901276572326774
0.6497842902063754;0.25589337490873854;0.5251385083282548
0.23082599274334814;0.02741069214488534;0.2169804285401301
0.5775479070117602;0.344334312713544;0.9576216032282773
0.5558742145260434;0.6127760361305191;0.4789051555712157
0.014521138633691866;0.6860808881057487;0.1616783070565606
0.15639438273812012;0.45225451707917985;0.5626078819103777
0.26656898464693257;0.2996009392352661;0.6797319743954993
0.923946022311353;0.8870275963124161;0.5113732836561904
0.6889488564954571;0.303437816899098;0.6753217479663122
0.45806252102620026;0.8582656793746631;0.14653748263379962
0.6881017031302492;0.3431145853599532;0.2474203898471078
0.03707341748485771;0.4091316848059692;0.2580841744636049
0.28369201815659384;0.47872820032438024;0.8068753541860543
0.3843613529722987;0.718299330409896;0.492150768068497
0.30885037312728125;0.5680071120322758;0.12950179090561587
0.17822401052182268;0.003228739812452086;0.5331388279190405
0.4561403430240586;0.06023700008212074;0.5792954556494435
0.2608887005607451;0.17459397318659897;0.7429618758644326
0.8906337025738414;0.3093285595035187;0.7063936809026202
0.3312931354190488;0.6972727491372274;0.9997424823809374
0.6352501218471666;0.27346393134069047;0.19872092159059307
0.2632875691064813;0.14707636027578797;0.925999089684846
0.40992712230787265;0.6979465472305483;0.7792783143445103
0.1680950341195856;0.3868888907888173;0.848198131551371
0.03760590851965129;0.19808880719469368;0.3655452490410731
0.19769110131880074;0.5176735953389282;0.7076801652054738
0.4830580105491066;0.48522862648171594;0.21556419527109483
0.9965667198510824;0.7914561101558214;0.1862409423155612
0.3996053205250065;0.2676724190513823;0.5914034153836798
0.3557752471256639;0.8411984716865244;0.9027407961750686
0.86739242754602;0.6240389586280342;0.8643684442572453
0.7794021005105136;0.4121438817910673;0.8140426297816081
0.7625521575052079;0.6420579657563263;0.1844106700264324
0.31813591011215925;0.4904143246728845;0.5618058885028474
0.13182841279969992;0.1272586346095046;0.8136622471134365
0.6063542625353386;0.19897473745814065;0.617227860952139
0.18518332019222272;0.715854888220927;0.9224508298790898
0.8817480503247662;0.2126730861785774;0.08692983020908385
0.42248626243728093;0.8635185306154749;0.9061194786466019
0.4275598474479342;0.21926221570936966;0.691778683346701
0.5215081842601739;0.10232080467357896;0.8939336317694332
0.005342068844522374;0.9595306557536354;0.9908119691274079
0.8975439539791771;0.8168113264601814;0.47087004959662626
0.6649080535750972;0.27874393167876854;0.3618267238975218
0.31728101494687466;0.6200769766290319;0.9864836994248147
0.8201933072400241;0.07364227068938134;0.30116241485050177
0.9942339544401201;0.30516348389467496;0.4253699557630848
0.7063199084674164;0.8014742858882394;0.43567156598898193
0.020506736524303237;0.22477165128078425;0.04870143607396438
0.970609762075632;0.035878052916256564;0.7685462510442093
0.11474228598434366;0.3781129829359783;0.6188237034939437
0.056605403384826225;0.33098059207426345;0.7643090020073972
0.5297219715535284;0.030691829993029662;0.9332418533163431
0.8701403516548702;0.44797609180463005;0.675835293831348
0.18909863344061273;0.42575085149516345;0.04946539566172392
0.5034785475472597;0.48803505447868467;0.840925494348595
0.9531979806776787;0.3662895454133722;0.40845029757619244
0.889672514540769;0.03523208727215932;0.39477366346383025
0.9080041060879731;0.37448222081921545;0.149787608845119
0.7864706162197654;0.20958221214133876;0.26684405690659774
0.4369711799076341;0.6035513199589082;0.8966136557397922
0.9645380863959813;0.7573558651633405;0.16284220574463038
0.05804458072804797;0.3839823246504087;0.35845989745094586
0.9879285461181234;0.09019120920561952;0.05207510934521131
0.16407584555097654;0.17792888074967828;0.2314183913773552
0.17810015303861537;0.9324221564569928;0.2219683609436519
0.8644069649798405;0.14666190290029735;0.011333323973299003
0.3988388756106489;0.12291325092588323;0.035574441540946355
0.7286765633043112;0.3995395501265684;0.2417831521141185
0.6224532771219354;0.2552936212969903;0.8974514768489484
0.6448735832417245;0.7234145379168496;0.16678327478575872
0.011907507195594635;0.9870232865209552;0.3377978199584145
0.23187952462612138;0.8030771021879786;0.7781541384730422
0.386597361148736;0.43748896385897706;0.5001326116821084
0.6252176792713685;0.6901307217490992;0.1560795528105977
0.16415995982362797;0.9855230037441762;0.30255320750203374
0.37188364146378006;0.42211931905223044;0.8606584278227721
0.7460551760528782;0.2503029965377699;0.35216072381288466
0.9360086150988608;0.1390072608792633;0.8793650497592217
0.8488586874947559;0.3041360960872226;0.5888052824520656
0.005170035875913248;0.11313054580957882;0.8422220550896808
0.44367850172329526;0.7250806475634834;0.7116702645454108
0.9226494908998664;0.8286050728120647;0.5951375409330935
0.31957104019048566;0.24417212062039995;0.8686831025465275
0.04889871493255926;0.2018041546454964;0.57446890783128
0.3605281780610905;0.7994688798124696;0.45219663832489876
0.23958155383577961;0.8963374221719737;0.2068192179781364
0.6556518944336855;0.3521880306817007;0.7543019675225955
0.5983109545821399;0.6269541324917539;0.7323665724047601
0.7445988725642015;0.7700568533672738;0.46696455681142346
0.09185702086160474;0.9354002422386345;0.256159665382622
0.32686593778465767;0.13065427270233565;0.13608309307654576
0.4815060057432078;0.3660841682722278;0.2720291012545911
0.9370414490593946;0.1340744404416514;0.8471586830332518
0.4011600232920194;0.43574079481583017;0.9451322314205134
0.4497605901557683;0.14462800174302726;0.07755780551233893
0.1245546278771189;0.054300652511553915;0.772372756932212
0.36611366032180137;0.9080639068977383;0.8269151540629207
0.6869871081714719;0.818516946573437;0.8869982601909165
0.20174284119244312;0.5121344956796458;0.28067403271588365
0.23698783400422252;0.4914839964195602;0.8549106827891392
0.010423110655144896;0.015175959383893711;0.1255436183065618
0.2555812436553192;0.4215072263640447;0.8502059694607256
0.39547112400823303;0.20014369320382086;0.9950734108748756
0.7377976462176637;0.484389730224583;0.7631848607853393
0.020750113945142812;0.6441183342040776;0.9506928025556547
0.024674873670104458;0.3568423997144985;0.4086401339176211
0.09301394090250692;0.38251275622849523;0.13896233980147132
0.3268135463133417;0.22947824878395218;0.42142882399000037
0.1992247281080447;0.09187960015267593;0.5600004494170248
0.3804252870922029;0.7809654422799104;0.1456534716183746
0.20069037518181032;0.7643219709732201;0.9717705473797563
0.08038737638042048;0.04189632984623515;0.09525583921330505
0.72449300231032;0.36933559580382913;0.7142169461472307
0.02797310843426737;0.5952831012956812;0.8563351968064591
0.8541365753588332;0.23331793934749345;0.4716708325891462
0.8831041129612659;0.6139579589983191;0.010835722022151328
0.013643560585380188;0.36621629924174803;0.6268603326910323
0.5483403048331927;0.43818674401598845;0.8840348061341334
0.7908486387336433;0.9710909116468814;0.5956688914420633
0.49625779073464216;0.07560299518558511;0.7356990405512072
0.06331953335572005;0.05146173903878004;0.38055794450943925
0.8724570844582507;0.46146183409912367;0.46823194602846985
0.6005622548815857;0.6331634752473977;0.1483367685712068
0.8738525579587154;0.19971014953135846;0.2212409755705561
0.6428992670522895;0.07571377094308751;0.9478608938984591
0.431337646055341;0.9841463901379593;0.18570331707722654
0.11626786672704792;0.3285605605254065;0.13399230449139232
0.9604731970982112;0.01159894767530989;0.2892907897810919
0.8917136595278705;0.2270867097052598;0.824867749642308
0.20257010835567502;0.9564065731176576;0.7603012148243096
0.8757832642837863;0.6867372246804587;0.5208815200500428
0.977555929769356;0.539762406022794;0.7708574943987555
0.32194675294854846;0.960404066490717;0.0025643507414160327
0.6146001753071854;0.7685422994796713;0.9899973480028339
0.580193727506198;0.9503982329844637;0.5218522051462936
0.0719978940188194;0.5515631157000747;0.2172134030238504
0.28159785726623376;0.976316803682434;0.26732757045572075
0.868939670796236;0.5220060761783037;0.18275333817292616
0.39403855708853186;0.24825382772949123;0.19498004662573754
0.36788234113138485;0.7932405484965857;0.2594396543033759
0.4402086495642882;0.9501092992232085;0.8532697333852971
0.8485400458697171;0.8265825954052973;0.9627133605142428
0.9552244882110378;0.23046799584600397;0.7760077487743229
0.5446050841786422;0.03282730108583032;0.08012256345404245
0.8984230882855948;0.7711956808985568;0.12765630026795138
0.489519705363214;0.9115393542853685;0.1969206698680569
0.542006309425759;0.6138650054851393;0.8352200300989896
0.27955951959584247;0.660344008147486;0.17206890855670753
0.2879351174967433;0.36125854628382836;0.5764412091847734
0.21896061595796334;0.14474530383856365;0.6637529733684606
0.883414159684929;0.7455218866257295;0.6485376076300433
0.5664884565484347;0.08648033773571928;0.08937410139504653
0.2941863026646334;0.5061425817533955;0.7539667860057419
0.24142615409198054;0.33307546352373174;0.8388226296034399
0.7796415537659995;0.032465248483315334;0.4131930147929255
0.14558844953712546;0.2687748643933411;0.13387933663573548
0.1240432477546145;0.8542308714822503;0.45626868264361353
0.7394505762499981;0.314286150143516;0.9104897408526152
0.7347856584710254;0.5262460626302119;0.45226487210111666
0.6912239682341583;0.8010243965815219;0.9734859274747311
0.640475282510188;0.26748732107359086;0.6806810178305814
0.44453732808244584;0.36395186712377436;0.8498497049487905
0.580963157611879;0.3770992492256511;0.42337787999240684
0.9491562370203838;0.22239357435873952;0.5477701841377404
0.6094129274092074;0.9700888126879402;0.05771524161525243
0.6595203339025513;0.8557388332072057;0.9201519875320265
0.17336593720360816;0.17701256885572147;0.7150144921582443
0.5014166688778875;0.7766773086214034;0.3708107000251314
0.6409431894005896;0.5431324054316431;0.004823777643268801
0.8664318941542524;0.09141623960874345;0.9542912246904279
0.18491952950102397;0.7137253278466751;0.7194271564682128
0.3175215940771178;0.4453741080191195;0.36764364226278656
0.22237946601180592;0.6889878985897855;0.5597698870041871
0.7465613752277058;0.2033618036724908;0.9385997604570977
0.257074298008813;0.7702674824949769;0.5624387323855338
0.8716842467618547;0.418243491976232;0.8752831537585967
0.681458165392578;0.6560412658912385;0.30673112665445623
0.44983484953549635;0.981442104116758;0.6601987297565197
0.5390862912694949;0.2863526150875182;0.7588931032943736
0.7110041948961295;0.09831640240975859;0.23358120936478866
0.13668775859167537;0.3223899573487219;0.05029233148181145
0.9059289545649174;0.12454830436359876;0.9175176194117964
0.958969970687163;0.6708906787211858;0.0260343409231093
0.41036314996184886;0.7684989471651346;0.17635027208478182
0.20773483034804185;0.29786272699403904;0.5798585690575095
0.971130165986727;0.6725949160264071;0.05887038325469096
0.22899233928987972;0.568940913926416;0.8930171272054408
0.11747907107382827;0.7874713059568862;0.14804496889606167
0.8082517621119429;0.8401578773325445;0.9092364857984626
0.4797879990931262;0.236486742903107;0.9521325267316332
0.40820207663297003;0.41161805111556504;0.9259427997233758
0.679266673918566;0.816575673669803;0.9078222093443294
0.041727244323292334;0.5623372463118538;0.4144346831847594
0.8590637478531846;0.474838424327222;0.5343059247518606
0.08118784939931256;0.5972179871203536;0.5436225803323952
0.7619240676731621;0.7715261916605018;0.7534570202934034
0.5854628319855442;0.4007398325888998;0.8248370671244295
0.49155586658451855;0.584726390886345;0.2155323432551821
0.42024882721287227;0.32536450771662684;0.29635389908807486
0.06218628073208321;0.645579527981497;0.376299804679322
0.2710816590919334;0.5881425150063497;0.4223130196456948
0.8552153262450419;0.9877349124974307;0.2506228526806902
0.566926075273079;0.8977557461737472;0.35119050466897106
0.29289895408173583;0.15758938688871615;0.3094942725870019
0.3224557532432808;0.10888358092543193;0.13004999532514327
0.46730780514532333;0.9915192418606349;0.2716424525252389
0.5665373259023132;0.9183987359712841;0.935482603583994
0.8048099133242923;0.5552350375366099;0.8151964606831688
0.28114610761105985;0.5106374028984193;0.9506940209021827
0.7748817796403847;0.6283532559117738;0.07966021697612546
0.5738394366224945;0.6251707068637272;0.5951216380109297
0.5793549752168301;0.7585155150570992;0.23998404914683336
0.36067846736016995;0.47148651208108794;0.22250013747975406
0.38383779471637847;0.717852992694417;0.6615783747933275
0.3160329780248581;0.37344731591519187;0.0800884423146313
0.37397580513899686;0.8472088092740675;0.2785564165189983
0.6976095428361576;0.880615058646454;0.7591349920262795
0.5155216750653274;0.7048240694479375;0.10786118621070395
0.6803206638241943;0.31937753772523936;0.42887900220549946
0.10671214170696497;0.9183595164050847;0.8886741096818258
0.47513525991751737;0.9723856061520315;0.06462491578739704
0.4575449206780975;0.7232944925074779;0.2831460206434371
0.6347343634406194;0.524814826430081;0.9294769323417019
0.3763063203208695;0.7128849964041696;0.1490470530889655
0.09573303025999702;0.4373840960562446;0.39766173337261024
0.6969409786852496;0.859221864286751;0.05751244512114906
0.16361189022824663;0.7719630793472231;0.8686952603103192
0.14411895158643173;0.4306739592587979;0.3187624209117842
0.6215357055611775;0.902109159761289;0.954792647909493
0.908263165597247;0.9656858333656009;0.9458584258507781
0.1528505875624927;0.8575595443806315;0.7220613424783555
0.28974582228126133;0.914944213693702;0.6348428677304626
0.21896983014202798;0.30878726944190893;0.23474876148662716
0.24149223752797033;0.3013686951054989;0.11580133893831002
0.8551289528401607;0.1555466168201456;0.38093358218405804
0.6193575871638721;0.2559771209365391;0.8757623787614823
0.7824101218560847;0.6539171680846938;0.5176742473844673
0.3793165507620947;0.9111522797231972;0.6981231231771601
0.2592710142291914;0.14349212449584703;0.2595513429678683
0.33129051031498746;0.8139437583258811;0.8147917061885047
0.34724319782892654;0.04985157958207331;0.10754433123422158
0.7242308309041955;0.7635283645024514;0.10907971024932994
0.6720675976409393;0.07035709064702877;0.42715322414477674
0.994420793884183;0.30008016364971324;0.3801038293678388
0.22704198052327917;0.5150917749101477;0.5279227760569855
0.5899932736653789;0.4427385970519029;0.7363313686843448
0.7946870450793494;0.07229254771455185;0.6688310453259467
0.05744145412146828;0.7567744987508095;0.36346937400285184
0.21236901430690935;0.37489786077995435;0.6355162460473777
0.534142101287053;0.5981620115717485;0.24959217689465474
0.02761416333244171;0.4871554214493172;0.1564043259173924
0.6594578868996305;0.35292252565372295;0.0025859211746153132
0.6937385522555695;0.46135334990362653;0.27484804092472437
0.8155610617827236;0.6518568800334918;0.916828784886539
0.6453378711997109;0.786851779710468;0.8203765913540235
0.8770600305635402;0.9942040039584077;0.2274632990031371
0.9267236685327019;0.8819286423276431;0.061336286904513315
0.05986785531547645;0.6841953507967872;0.7491287052189034
0.045403466893344624;0.05902981163339638;0.7915688002068175
0.9077739217316042;0.7245336813055758;0.8523151847517664
0.12906312092483696;0.4279789209053143;0.5169229938134836
0.2489700810746377;0.3962221378196401;0.20166506808442908
0.8358065758874853;0.6108959592798455;0.9879613776178151
0.8734194071968294;0.12119052983535161;0.43998907093185413
0.12770555728048727;0.7460902655932248;0.9336842647733989
0.7218036227979281;0.8661137346899401;0.5200926433833127
0.6210969768337438;0.4141749578733339;0.2875878502275928
0.6403748265848935;0.3459844533914269;0.8519553871421444
0.7929663249301143;0.7271663555948298;0.36774415306189556
0.5458353983547809;0.11984615647380714;0.26884931768227827
0.9879947579401696;0.5721882119555312;0.8436785093570865
0.08528393541941681;0.6089249948114873;0.12780643803393565
0.8095637648480252;0.24089159015298822;0.25902035285807345
0.44987089301057936;0.30563847548379053;0.9402202531664444
0.9730666283945446;0.29429788193993756;0.589400350107586
0.11348474372177453;0.9521589869331741;0.624953101666022
0.7388981060661131;0.7587291405624254;0.17123437038673694
0.7771504592544921;0.7527866878905575;0.8103869168522041
0.1510743258381806;0.1536696765739909;0.9589086897705368
0.633426394212865;0.24987061905701835;0.5346927304608743
0.7048933305063011;0.9876387503570049;0.6448455448815734
0.1418501030228959;0.3919787094293712;0.030165243800093
0.9112043145249081;0.06413215426843699;0.21820542022335854
0.41498604721577037;0.7255882991499888;0.36214347363562693
0.4597234268878464;0.8950268750190014;0.6198838577894208
0.1691912560213612;0.6258920611897999;0.6461266200187874
0.3537776488724024;0.5744029589110088;0.8462705941890177
0.6565947764411594;0.736390113650084;0.61444752322134
0.8874557227156122;0.03613752440588491;0.8889454802497466
0.5550154005545704;0.6243553242680306;0.22194035687707947
0.40419721652842;0.1581225760874101;0.6595943035811315
0.8350137290200236;0.3921353340720327;0.885504399544572
0.8470662447698583;0.8611439173167836;0.2589190611093459
0.1482110434895786;0.3357586761816498;0.3960293297316241
0.7849451900952912;0.14389326101919064;0.4128882551899873
0.47754158682628145;0.5663741061625891;0.39949353068877747
0.013597600766165674;0.7732552516110429;0.5295090580643704
0.32483912764386835;0.8781476566796044;0.8197628739157735
0.8630664588106595;0.864974790486391;0.44399210631434194
0.011131282014431587;0.04291985238406726;0.5074074846604185
0.40936728703825465;0.9630174025329504;0.605554746665623
0.697998740756629;0.6715789639165686;0.3748521057717137
0.8040967549830487;0.2256832009804175;0.05838158810194938
0.46863726207014966;0.1922987181203636;0.0975986481423674
0.8625501216745846;0.9599798232019732;0.7082512329349356
0.29120657648600434;0.9141167502767412;0.8865091940945837
0.5207570729563;0.719047607456178;0.020184454194030255
0.13168058307050312;0.9459274453305064;0.3406024546771659
0.5440962178189951;0.8911015569551598;0.8414065945273159
0.2086421841391013;0.2048477566487057;0.6466158304128293
0.718474521546384;0.5872337188517558;0.02949252671321312
0.06126052203593357;0.37924365136990323;0.29218015176526846
0.32603578355139096;0.19958678836386723;0.18923801917306693
0.8657430605992769;0.051082459789186574;0.4967333323561458
0.0650708457712923;0.8917253122729986;0.1722743624868721
0.3577678599952403;0.4428973353853891;0.8854074344472112
0.36086314421876897;0.8062052674304323;0.9115539627461006
0.0648571949675727;0.7773695799628159;0.9890799148350249
0.6539445457937815;0.37872830499496735;0.13788497673483158
0.34712583578224476;0.24007922942569482;0.6547363710753203
0.8901319201380214;0.38072780405792805;0.27901731177260536
0.43328870810633435;0.6540794750755173;0.20042892668271073
0.8856856030325498;0.9137994954128306;0.8881587731487571
0.9863569940744021;0.6399416748857774;0.5997114242105602
0.7365744788230953;0.7494703159160995;0.6674358271059723
0.36668084597825934;0.7815196121988225;0.21661727636035588
0.19916513554683413;0.5916636342122964;0.7669882874912742
0.29180705425927533;0.47428306886823557;0.049828341241767826
0.2807411437454903;0.22832868219141;0.6155484626195227
0.05522096681567634;0.3154279835762944;0.850220568787835
0.04080953747317906;0.0552526632158451;0.9024841355351176
0.11761196169008703;0.4756292858455272;0.7302112166667227
0.8146130054714091;0.024413342006276983;0.8023073490610745
0.9551121449159973;0.9541801247636001;0.0017086841210429693
0.783178111188043;0.9787789723166209;0.8371113058813286
0.931969899405024;0.30507680675052673;0.8207964441580967
0.14012916848410073;0.586207289266466;0.5627648470749116
0.2954457091402708;0.012719404494693776;0.4872449386079998
0.9797576259861988;0.9820536733923467;0.4111723492679178
0.6222422167277213;0.5083093078544064;0.5427156796229083
0.21178274415090215;0.3012744180262482;0.7621082600656487
0.8322670490350887;0.059233446601767215;0.5037241448380317
0.4140141110182871;0.375626259202143;0.2642402591205455
0.9301192432626285;0.4859698599523772;0.16836943199042942
0.3094419900607427;0.01204043353983364;0.8380575646456337
0.6563279453798698;0.017176230553529237;0.2382195137588814
0.35437723331047266;0.4764132535432952;0.7321341665184368
0.7011438210447801;0.5566443274198595;0.2175449983146105
0.6353864041801464;0.03658040162638565;0.6804694537003915
0.6495443783690982;0.4866941496105732;0.21187507954966267
0.2185246518470939;0.1605965705340785;0.6705726198624218
0.29279136599312494;0.32132938078570883;0.4435427610221624
0.8891417608829484;0.7242419293176884;0.37598265726375235
0.4523489484260379;0.4200167337275722;0.33752326625415996
0.5347032523294921;0.44764714226233204;0.6499899159361091
0.5628651011020783;0.8398818934952222;0.702616640576948
0.8830059589737718;0.028275024922207237;0.024168506739614903
0.44648212907656815;0.6663810364659114;0.7191536789201343
0.061212061818862296;0.18045004205580284;0.6324836563978851
0.6221125238881757;0.062369841204573784;0.48606188793992666
0.6566932211735177;0.8494111342393954;0.8982383108655705
0.6069438365656624;0.4838552607163179;0.4716429460716508
0.5883892216066842;0.5026467633904471;0.42054298320779226
0.7251635620694852;0.03896256467099857;0.6433691161099883
0.68562107395021;0.5928225224998211;0.19719930023905907
0.07774650743948297;0.14137571630197032;0.20182226540033954
0.8733987094798803;0.5173611934657322;0.8579239600007305
0.4887102862099755;0.09405667843727239;0.8647921363979896
0.6426946920952211;0.1531351325526632;0.783619143466839
0.09314991989165189;0.6590073230538458;0.666972684766054
0.7696027819595885;0.42150552655652584;0.9183992351392891
0.7362524958410135;0.31902024676304874;0.43927681740877367
0.2653138198389515;0.2907998210866001;0.7829098057128012
0.9764359694188529;0.7695827499525374;0.8472641354810735
0.6339088200616568;0.5514305337244836;0.1419880030081453
0.3054440136585107;0.9053563228907062;0.8631561328671923
0.3126197144779508;0.12727538893547963;0.47426143915417573
0.279117330425951;0.2497154241847781;0.951948785894441
0.33810397778669;0.661794773157842;0.18369726729946456
0.6378522933919721;0.08662513894118196;0.4781847235641379
0.8266346077941511;0.00805394832228934;0.6470922430755994
0.18948827478664954;0.23127715741374488;0.5494265152263429
0.40578732237640425;0.06514201207563286;0.8254479413000625
0.05244414053169488;0.060791957749938175;0.2549643361003582
0.17075441245974732;0.26293760976605285;0.8813305625651802
0.9314060241893326;0.5866882693748259;0.8665749465674972
0.06211273126295702;0.26819500615113745;0.33708666138147536
0.25282735043772364;0.9788755157099018;0.014815405926253411
0.010164055830729324;0.6335854792629345;0.6599941750436804
0.4670277061252871;0.006011569236465508;0.8250240503881953
0.8032418195264469;0.3878856219148723;0.8532165948969062
0.44204261443885506;0.9594690526270695;0.5035924505937736
0.125742225715765;0.23608870110825408;0.750540218460358
0.7597501737957103;0.936314417564108;0.20686431329799737
0.23882037490164532;0.7617147008081;0.22439780106653684
0.6765987673136995;0.5998654133752227;0.10501366873533702
0.7727694033190168;0.38320230622256335;0.44006442775732646
0.8882181946805251;0.6818206443111356;0.14951370469990277
0.7521323224244062;0.9029218959893918;0.7370749834950109
0.7887031352918341;0.14068632232240064;0.484264372449582
0.8109328608138597;0.6278230345215693;0.1881020216652407
0.29559459399715016;0.16723506639514218;0.2911619176231548
0.3867024801341088;0.061223399139484824;0.36961799706047016
0.8708283381479444;0.8580146609230045;0.6198573821672274
0.2044501414028932;0.16043169672117696;0.13430204827516024
0.08289755032421098;0.7308360573312828;0.7689402254348496
0.9514420065306115;0.9880953577853753;0.6678995372453178
0.6723559943846124;0.34547681324750634;0.9174019014415612
0.9898742433431408;0.47388120659682476;0.0918325035045302
0.9007291625656119;0.2618987701263922;0.6379107003503653
0.04745330309488971;0.9789286447045433;0.5182039941330198
0.5688219400946961;0.39294106052775246;0.44819781203926323
0.26051951410498375;0.17949401002444332;0.7402137521713669
0.17641180404529455;0.5536762887598464;0.9832618109478024
0.07134068562491747;0.3032031682876183;0.2838691282873608
0.17311179886909822;0.8368230198935305;0.2999143668766302
0.05035920798937532;0.9881802917517837;0.2923116606196602
0.15714437242709767;0.7570823920297218;0.7202107753224714
0.418056868437666;0.8734002290845281;0.350933554515819
0.3217474696558702;0.21482350420337304;0.6688796759050432
0.3537794482133999;0.3687968699867792;0.7027030289292882
0.8821310342857218;0.7171496849354858;0.02064994646664975
0.3583782696455451;0.003203661175936401;0.19758874934220005
0.6020594482534962;0.9912257596054628;0.889901722792144
0.3599878929792515;0.5825852015206504;0.2932186586020775
0.8200689978497016;0.6262923491527997;0.5541397487495276
0.5390129618341828;0.6445347554361059;0.10973361841394835
0.8138118932590458;0.8803582147766411;0.36753754062983
0.046762091078693;0.6692936038579408;0.4107757189148141
0.4076888487082574;0.3025541928594546;0.8184071766418576
0.5942912710831364;0.3464249443672299;0.19729591274695324
0.2528758692422415;0.12284285870151246;0.7225841795719434
0.8354594772373466;0.2297310895734559;0.11963041321639445
0.9120501203503315;0.2583897733101017;0.6485399299582394
0.843357673542856;0.6746371301513264;0.40196028260729066
0.16526092177319063;0.9718742137056717;0.32592509830347016
0.9526131845570767;0.6408142699721203;0.06603852688614453
0.629346481943002;0.5366835023049393;0.32705755037019724
0.05359008103113094;0.5635503881378275;0.19765276250830843
0.12464563789423522;0.9673350578684498;0.7282799886108441
0.6083495990966484;0.3479569918305998;0.13357909933387435
0.5013398746847129;0.709689028285401;0.6014669607975627
0.8090473388304088;0.6881181587124661;0.05126683290913847
0.22508062979805232;0.3577246336518486;0.8986801329522887
0.3479896087625439;0.49635126634013915;0.6043610404973895
0.20204676348390516;0.7787467414267608;0.3798931317483234
0.8078660747965845;0.747944780539756;0.6442155626471938
0.5183032814200345;0.8377267920337879;0.15138878346589224
0.048306258448779005;0.8368469314110805;0.18518103852639511
0.4048421044880157;0.9712672717197784;0.48689802139630045
0.6856299749072856;0.9139803464908592;0.8826858612048954
0.13401798519122143;0.5736510620719855;0.2060028180992255
0.8196243786501751;0.3319214113754331;0.39010353309730883
0.27411674742706815;0.8514883873825263;0.15914559294187536
0.7374472310270077;0.5719694536598028;0.4523043882973097
0.3075785911111496;0.8654504038692485;0.7043303248460517
0.4464379727002685;0.6340381993261562;0.6213647252246453
0.32190264009249436;0.7525044431674827;0.35241846856913583
0.6642545671993613;0.5501979933551719;0.6960224683133318
0.9309230039525687;0.7750039002998264;0.5111708172284346
0.9087260515001379;0.933740683576687;0.5719268828763246
0.8898716700186673;0.45779734304793307;0.3213902574095824
0.5205613152480169;0.505957847049277;0.6900196498555841
0.8492943765337807;0.08005353304379736;0.06307133046967539
0.03399070081415878;0.582183852859737;0.7308439810458233
0.9037596319435653;0.3262765009601002;0.7772359096411748
0.16189579979514923;0.343976622496001;0.13908013398466113
0.42022136671653276;0.9794653518580979;0.5822349112596971
0.6618297718772501;0.3273252896826391;0.1251092662531117
0.8540446740771047;0.1043376870738244;0.30051872927975
0.21996898487258243;0.022391774081504057;0.18395869446175417
0.6250539800082994;0.5836143868779813;0.8630518305420378
0.8996288344202207;0.2921780900831129;0.1459370092175809
0.2688449291207725;0.4532836827439245;0.6324533931457682
0.15038373778100955;0.5374783924806851;0.44876336769762126
0.8645881995138128;0.1672450928776007;0.6945057943747383
0.7632135856220712;0.44435423434005605;0.5295488024201702
0.45206826869886585;0.6232624596772424;0.9832132238835298
0.5543916309818756;0.6445917300603266;0.6221892996050677
0.09984218835654501;0.16694983451803413;0.9263705593242054
0.36581421671289993;0.5521610344962394;0.8946125118935501
0.624447870676219;0.9372912747935926;0.9372638423834662
0.9885793246378218;0.41337203768629627;0.7323387787505535
0.17536240190475583;0.32874028379606635;0.4497998341951406
0.5467135112864406;0.3086067342174116;0.875891506449076
0.5128301170585663;0.3007091309295973;0.04237137120357304
0.8964112073753808;0.865864494475048;0.0044584521755917095
0.8365750759315718;0.40795747836470675;0.860250881494664
0.7301606722058077;0.9961181145875587;0.6491298710011617
0.9540878546551493;0.8433216764078193;0.3367081978650688
0.8533892204005917;0.4290643406531709;0.7491128208193231
0.6391602140213909;0.08867211015128229;0.8480517790481692
0.39093484440556914;0.02362082716096492;0.8515915951467726
0.8160053890282362;0.3938354666945074;0.5130188365413506
0.14520400107567277;0.3006174134072058;0.3150698199113746
0.8760463541382474;0.7421111988761628;0.1991692592899652
0.26999564331093195;0.12062555679339892;0.5892152804612245
0.9850483197082718;0.5038368814856178;0.04056107306576795
0.1514133211239368;0.13484815188335653;0.1424632434660369
0.7794623833079832;0.961128657926357;0.36723175657145934
0.2100343975809078;0.9774081106462986;0.1309914955347118
0.7343968289316153;0.039209590713172315;0.6909720237900271
0.38994635434936054;0.006626168939264154;0.7081028732801323
0.4707855565125634;0.4917702152742014;0.19250527839103815
0.6863567375666788;0.5518004103517189;0.7525190849378907
0.6061261431822283;0.6122750485666961;0.3319686788706053
0.7035265398347106;0.6816763912661241;0.917493140211591
0.10056343763810305;0.5894477496910097;0.40221540421080204
0.8651314173026535;0.46808942175837653;0.6003167902942204
0.4055518538541759;0.7672952535535694;0.720581077173488
0.6379857978173711;0.44010605681165027;0.07189814787931348
0.3886813402188797;0.5335829534780597;0.5872724202475209
0.11584141610873577;0.42288667079936193;0.6104873164460161
0.6664267108674596;0.11308080829560374;0.960584711590479
0.7752555271785985;0.01588725008511449;0.8228156825577592
0.03391886507587205;0.4502045557947968;0.43155431637181807
0.2768160245397282;0.1389567458863702;0.4257093356193621
0.8832717916577101;0.6651998535948581;0.2122941460089901
0.9960860884218655;0.16645406910092886;0.8040523735217943
0.9259869339422304;0.8984586636880273;0.9059595654733181
0.9446796976836124;0.656162526623611;0.7709379706753622
0.9121566287998945;0.3043606768433773;0.974991546752849
0.6469168452239071;0.8609010352426949;0.4357989519159996
0.4134532720085795;0.23013641613908908;0.12811974406478055
0.9137133759948693;0.7013102352521937;0.24946588817583415
0.6701598979781566;0.8918189748796246;0.05610966164444808
0.01253392475795212;0.2884726617489324;0.35588931503096033
0.6383848308190563;0.3794550984536462;0.7521061911783203
0.20563165215971324;0.6916965843140344;0.6537466872680558
0.6221745448922656;0.33101350170096744;0.04715599285260019
0.5948859482496502;0.05617002857667974;0.5033988429385086
0.001187771313938879;0.1994267974853262;0.1670501258839826
0.6230295851942694;0.44659697494294204;0.27995471413383144
0.9348451267458384;0.842609152666222;0.9339002148857692
0.3394691152492657;0.5254267881975738;0.07823143241645425
0.4399363700893243;0.5606914870193644;0.8457056380248099
0.5797556076281041;0.018761793409410754;0.45175070584134025
0.05420086014078096;0.939680071223255;0.8941133631281086
0.5940702771220632;0.7316429993352672;0.2689672608973994
0.45286249241902654;0.8672990613981644;0.4086088493789892
0.5078145188522935;0.07286057551311598;0.6771554666008487
0.2861602532811751;0.3221424734185475;0.9443582094215146
0.024080169275813912;0.8444559628716107;0.7902409362779736
0.20235696905155587;0.33469424887122534;0.05462526580604199
0.3464841808968393;0.42219457630751744;0.6680708134711096
0.6910722712843251;0.7119656173568084;0.14808562404589498
0.6151259038985171;0.02868736497350155;0.8434689930284401
0.49004802338389963;0.5825634522935358;0.6551564246654852
0.31524867644864296;0.9722011113811887;0.8772314876331491
0.3701141336632954;0.6609223900539256;0.2815427857889322
0.8640022065546688;0.9885688858509404;0.5916618687448864
0.8426441746902906;0.2900444944934938;0.1890205383037652
0.8370784438951578;0.7247492811145844;0.6204151205304274
0.7762811630236912;0.0809338219326231;0.8303990943235686
0.10759903333931542;0.24748157201761867;0.09454480816160715
0.6460703592911983;0.755405429285438;0.3113390041755356
0.7914237787508912;0.017074037216847526;0.6573367288573332
0.5785847529626984;0.016023644456214514;0.2368464836217956
0.37574069566775803;0.12014442642340073;0.5795426567200135
0.7948769366336201;0.5722113455557626;0.45005393751220135
0.5910498487530272;0.30886215918191406;0.9355850538869596
0.9975874158436031;0.8223735689618389;0.719458475118865
0.6984489918073202;0.6374656750800749;0.568010873332992
0.3866711210145489;0.7419209508524708;0.6103314273913204
0.25467586061252356;0.1874957108034787;0.715857699740349
0.3753620225691465;0.03661804355535769;0.35009643095184595
0.34535365683417174;0.09517922493905695;0.14281993034515394
0.21514329399432364;0.3551859553864172;0.8428672331626877
0.1270339327351988;0.8509804617288712;0.9925624349867879
0.4745903982853428;0.21913438351647418;0.5358927880487352
0.4295695736718197;0.7621140018577317;0.15069566370652443
0.4323745275588108;0.9778801889103801;0.37795732923201875
0.34729119593189584;0.8513634061977006;0.6670215654812042
0.4629037714905567;0.21359431990044508;0.21144185850988784
0.21347953771795525;0.9704503126156704;0.18981413829631044
0.4858198162473447;0.7936517395241163;0.2103071692350511
0.07643805468772225;0.883443086913124;0.05771510533298785
0.3451174169255278;0.2601246672335009;0.6617967841489738
0.5827234330992653;0.9952429150343578;0.4895166454503749
0.7481854641911171;0.15468749423048667;0.4445125545340114
0.027116150199854472;0.40303045271549975;0.6442712901541385
0.5268675165550751;0.056724055556720776;0.1005418547984891
0.7585777106026287;0.9133874672618222;0.4779502275654358
0.613430945849892;0.885609789415884;0.5946345971433099
0.767162736928266;0.5132489836655817;0.23634924482673758
0.21325712899632576;0.3082056973328021;0.37419217883071665
0.30874714921300195;0.23945718083485246;0.2156383721409092
0.09517330192654616;0.9129779062228529;0.5252221417766348
0.13410416282529725;0.38185487994942;0.91611770944171
0.2670507341313988;0.2618763023188616;0.8209275162726323
0.586224468985122;0.17035020456414163;0.29409453895013815
0.8485473378057297;0.5452598115867625;0.10389884598963528
0.40927616820300095;0.025373736965685678;0.6091557147793573
0.34033203070176254;0.4607171912980622;0.14559502009627245
0.5089123256596674;0.6809637338375121;0.24372261616611113
0.7907221285170881;0.03251643525124015;0.6389205591954306
0.9595023329898418;0.35051904253769717;0.9390727139765472
0.4918136269169565;0.0001277570783441151;0.7039644583618667
0.5536659220564514;0.5860767787111645;0.8561173104104146
0.15666350819726482;0.9104394910660487;0.4296379553647227
0.8227401505328618;0.7529642197857651;0.019506174807426557
0.769514573682389;0.28060843928959445;0.7018332652097545
0.9822548844068949;0.10362383833466904;0.9461834168233324
0.1553705497147716;0.23516371504000344;0.6189951553238005
0.08350028283474331;0.9659977934945158;0.4358172146025169
0.27886449899335664;0.383634380753079;0.1759032540630424
0.9855989136993993;0.23951185298996225;0.2740759178370352
0.6352060878210399;0.29285267821199734;0.7498670804450513
0.1471047639901104;0.8106556279035394;0.02319295265796839
0.06351719822113078;0.06851643591285905;0.47378727288852374
0.15895048603900708;0.3971358654539032;0.3855404265664709
0.018865590354450346;0.8215716427725273;0.69717372512233
0.8664130547041202;0.5657485136550001;0.33094695246184047
0.6942497569278019;0.26616900221786366;0.41716979855564906
0.7956853975994157;0.6891552358507916;0.6094598057600089
0.047945036616187764;0.2161664770521441;0.014589050089164668
0.17737452100606754;0.1500766288150579;0.1146136798832107
0.9825278887904886;0.3526056835770742;0.4779543807291391
0.7170373372091888;0.4181786877382905;0.0933977841217849
0.7044184962564636;0.04935692509363654;0.40965564627946505
0.9346821030076122;0.06047016743612044;0.15370127919747678
0.18649494609788053;0.6345455435572154;0.7254055430086765
0.8387004009137563;0.22290050999138733;0.9064820084722393
0.5752018186177591;0.401331066922728;0.955021960246748
0.5325377252959587;0.8427049029744903;0.4670697074972031
0.8170797576565081;0.7678408251831601;0.976814409426032
0.7568480158736675;0.8163803871382432;0.574196270006802
0.44115294406984995;0.42435924245985956;0.6229073062011498
0.7142630960921853;0.584275668462998;0.19974023708971422
0.7361395861095229;0.626924244371524;0.7320520401618811
0.6545065385375348;0.2698458978210523;0.43397925074651655
0.4157540282132568;0.49230206800934084;0.37510303572270176
0.6739162107932887;0.6133791541541791;0.9491037363881092
0.03262817444265209;0.7916849280321921;0.10667770730811832
0.05739653925532251;0.8444672411471598;0.24070502700235186
0.09660465464102175;0.3875557821626463;0.6673680130479286
0.512544362587316;0.964392292740702;0.46395245879709546
0.8084720728172874;0.8934614966540303;0.13153680479183538
0.3537496087604861;0.7891548482141637;0.7053274398411566
0.7009384787730583;0.7423887950346059;0.9268985650194667
0.023435244300083258;0.07720293799487998;0.2987210371390442
0.05554120869536261;0.7369225487764354;0.2917144754840888
0.8638811625672628;0.09076549690030766;0.42704905086994327
0.31701033629182307;0.05746798945111775;0.9981220506765077
0.314345481221343;0.6078939740610729;0.6020755079606644
0.5964508596806729;0.9240887202580863;0.42852796672454596
0.9457486776391226;0.4803912118673642;0.5561007887393624
0.5071306068370895;0.5838242350112172;0.9751755777717794
0.9789750752359997;0.6499551990174577;0.7638604820197838
0.37791616365377056;0.20915584884866822;0.9528782033180222
0.6604086586843005;0.9875286578195346;0.43608137460418406
0.6360918606129023;0.5521075186357928;0.26648335675187595
0.21850968244705804;0.5824444250540305;0.8137777176370538
0.8157778281881805;0.9034066919845894;0.09852947037950532
0.952845051004006;0.603538720962377;0.5818845310163586
0.1952706964095653;0.9879251461254873;0.4741352137295233
0.9836441696321752;0.24418356099642557;0.03180452001284095
0.5078988980379653;0.406335657728622;0.48042022047792887
0.0027395885964085487;0.7640562075579217;0.7579395873769248
0.15508362287955468;0.12632586406199964;0.2932821554435524
0.4705367130152519;0.9094377168001139;0.5862013257217736
0.44173171025531244;0.20521785132575643;0.8597940996045056
0.760998508257191;0.6243658413385518;0.3950579014777563
0.617666796206854;0.8980148354754875;0.5792570174133861
0.7112549091173856;0.6104127223669987;0.41806387703154246
0.7465729752267939;0.11275409838596073;0.5039353030230754
0.0016396576470224522;0.7046207170444828;0.6264616433978792
0.149443356741491;0.8868518279419034;0.4641005260345745
0.26872352923885323;0.11366170182821134;0.27099714880518444
0.9468915803506285;0.23811138079742789;0.5713598725079394
0.3754893241131526;0.19048064799912923;0.5056615106041925
0.25795307256944733;0.5765856175198484;0.6275458671083775
0.4527178991107417;0.20359896090687934;0.686484209141227
0.7973574767325269;0.12319989047250601;0.2698004624829733
0.444960633211839;0.8213577084446393;0.45745298028256354
0.70889288084314;0.6683521593230469;0.3094073034487963
0.895021966941158;0.014676885114753624;0.737336980318825
0.05238752934947577;0.146187855238884;0.13319854883253657
0.2470792607887139;0.8815037905725288;0.4037687911484614
0.013851790115671947;0.24244623257355058;0.07616579972651227
0.6334026289494642;0.5672341272196862;0.04763019445544592
0.4396525474827174;0.052164147112222836;0.8042538925524516
0.8665216160667619;0.32558104812001776;0.07107634788556771
0.6626652177138537;0.467170278199482;0.6811249788789868
0.5114195098933857;0.9469516328446946;0.8348449710892675
0.5525800227952578;0.5201873905427465;0.1973576635543658
0.6091182303966212;0.000308911475151441;0.8178449976860261
0.5476157023763655;0.35620335523269464;0.43665824288885646
0.766032763125047;0.5356004460021623;0.09273152359746106
0.847364051175368;0.37992114834891444;0.8972240601400757
0.27714894478672536;0.2779011520424647;0.84202135355006
0.2335457521777109;0.8694145681601398;0.6952647884948142
0.37556530336206795;0.44474464919139267;0.839166547910968
0.8906159178607156;0.009927695029560812;0.29599239530159716
0.9776981513700994;0.9135067927538998;0.14197714603314215
0.010448604998124944;0.8771594225702302;0.43757384740212346
0.0829747529871675;0.19990886674860187;0.11735396705983436
0.7339842180514276;0.640191371074851;0.7222785637108009
0.029202381697017943;0.5413906504068868;0.6952435954451126
0.7802133834877417;0.4623610894902489;0.6360531935208561
0.1748304910322478;0.8458199464435595;0.7288449076780876
0.5070217670198647;0.10587559196214369;0.44428463309215127
0.23990060432005444;0.2157656472517231;0.9731892226405291
0.4969779799535501;0.0715525730013088;0.6059633728675056
0.6351632118971103;0.39668453176966867;0.5529629021636806
0.482940418656747;0.5062103523714508;0.8225957624020285
0.02549745547332727;0.930712822210366;0.9214363822067542
0.754895569569447;0.7821236641635105;0.6098059213496034
0.891119170440491;0.19588032769559782;0.7182187603642645
0.17348175679134914;0.7175121689345756;0.6812754776881788
0.11674396435760948;0.8812780998512237;0.7471156221561678
0.18814802500787808;0.8663010815404176;0.8253037683279139
0.6713724481175243;0.9758941590431008;0.2903465619919987
0.28487062369420224;0.06322630507261029;0.6963728853059751
0.4245665024109172;0.7759123319947131;0.982919613678631
0.6236139994138081;0.542436278865435;0.8726943876687729
0.7861798539134072;0.3971768031802061;0.10856880279048786
0.9402763942498006;0.08066204809360678;0.07914569718944608
0.039342435347457405;0.293398422688931;0.6788602066001576
0.5846691148989515;0.6725572561158646;0.21881566778061856
0.42244720462752594;0.45190437301355113;0.555757984149617
0.3730027209944795;0.11084663199950928;0.7561305634566505
0.7919847420530858;0.34947894370869603;0.008099504459622597
0.336431436850425;0.5920084309151569;0.9227908397682049
0.5435868570562679;0.4713542256226826;0.330655385492007
0.32567717724673406;0.06297415063004275;0.1051328157496042
0.4802578006504328;0.038124414711332766;0.5206366913827567
0.9908315906614827;0.8828285652110162;0.8080462909661209
0.642613443742328;0.2858628567557103;0.59087053753274
0.353022802922911;0.3038084124176157;0.728748235191414
0.8492946563546999;0.7470018103587059;0.8495770903864264
0.02734904600294119;0.8980033432787964;0.3343882622267299
0.4983228229781229;0.13040506434972765;0.8067719921184072
0.06544885763072361;0.03512668349682613;0.04547557828098092
0.6922217990209063;0.15963153124282425;0.8340282849485853
0.8209564989370978;0.934386082231679;0.7645636393700834
0.7177724813506969;0.5728518472605554;0.6462637744099806
0.3400635681327716;0.3414933517995108;0.32110510863331976
0.35434005275833635;0.2697468951270624;0.4473480297626561
0.03913181256556686;0.12073104802634826;0.05823554639215689
0.3738401270619085;0.22872479231311882;0.7733906946696876
0.494513269602055;0.8493175540343156;0.11170817702917424
0.5463195142579403;0.7198744698587654;0.8585085466203847
0.4280294604870224;0.4158267748767942;0.10970661543326177
0.6786940832959267;0.018951358591499212;0.37244067001001846
0.2228773517831144;0.972385834004605;0.49305614915060136
0.40368602107085827;0.2368653026778813;0.7786427592649879
0.622727766163894;0.041673463565459534;0.9910010490266021
0.9991963787592782;0.5301197137719;0.11214497183722039
0.10309550168666715;0.6127258724314568;0.32149004519067237
0.25554061889669655;0.940850231868957;0.2052814328487086
0.4281194059630743;0.8194543152594144;0.22300825997271312
0.8486369869073225;0.16793096938082186;0.42170130976457165
0.5678247058810753;0.6203822315515314;0.6956880244113574
0.40946291313103167;0.29756988599995826;0.08589816745947487
0.44749524714849853;0.011269884945086406;0.81361986262666
0.4640769503519545;0.8496798091272248;0.9391101027295503
0.8498351121117635;0.7227174003724003;0.009001806497844989
0.7878850794714425;0.08771666937475964;0.2871164947493544
0.7045556222309214;0.7680363814411819;0.329233503749189
0.36351040426173253;0.7292457426975264;0.9832824893624972
0.48907352793101433;0.6623568738996463;0.6840908441993687
0.430916635255579;0.639900669640958;0.3192177799516823
0.5956209934389134;0.8817447431195502;0.49418834905685305
0.29176427709949326;0.8337352343704271;0.49975117984710393
0.32298318228301426;0.3238058128852439;0.1299150033655937
0.7411471076849457;0.5236681458131734;0.6802339506888462
0.5345676076353895;0.7845596858021927;0.7396264340045731
0.9753347099482325;0.7808528116001536;0.6460968725723771
0.7357471864561508;0.26721390802141154;0.20626421510012538
0.7949477659484259;0.7781892502111323;0.05736464499575478
0.19948345826156977;0.41548141952903006;0.37220526510399154
0.7069241185403752;0.33898826869880216;0.9630903793535399
0.4226738276899942;0.2800855827052461;0.05918137481712227
0.3234304909995189;0.7317139077147438;0.009031203791416531
0.6031187764636805;0.9397392220182069;0.9100428316401157
0.3091419968239181;0.18718500474746358;0.26051312260413306
0.26849977445896667;0.872732027241931;0.8150646969978999
0.8033848792166365;0.41146435068467235;0.02672133562883805
0.2725605947406782;0.9506967256512002;0.40564203796852605
0.10638787382661985;0.046190928488250016;0.1605120161337369
0.5182703222931037;0.7511545377642387;0.08772247553415424
0.5850430776570643;0.5541405946934889;0.34063436082994336
0.4420054373555694;0.7189377359541367;0.7808597500314207
0.05329834630305752;0.9017441329720053;0.06784407321036523
0.060829051930063605;0.14614649840145888;0.14156721515464166
0.31761658560799144;0.813095922365392;0.7601596024584094
0.21784149616053305;0.9486681783208426;0.709176133316605
0.5842502944014125;0.4671611351451743;0.8604471537709836
0.09511619084841894;0.3828933764443645;0.7121396706890898
0.11832238511915305;0.9625723829014636;0.4485282853515721
0.2703843120183981;0.8808447155839946;0.40557562775631106
0.6809329984375732;0.8291183779504906;0.602000667914479
0.833118445746468;0.9120265085188913;0.14853307088129974
0.6817476325301303;0.025134849213065413;0.21214044498079254
0.8385244586481442;0.666219606346521;0.9995015042202993
0.20384355096639473;0.5600516686511982;0.9285079731411972
0.05926391064133729;0.11187690106609649;0.8429820467948013
0.9520541857431187;0.0972731841370652;0.02319051941178163
0.784623865341867;0.4768516468664331;0.2474809489712384
0.8386938286461302;0.6225443785320584;0.7895525646919386
0.8178946705863832;0.45808189249157083;0.8539973005317325
0.9916801642034757;0.8498086860266064;0.1511757350699101
0.541430485595281;0.8478751227724279;0.7078055797848329
0.5159281070446817;0.35310611042111795;0.7606660937266102
0.23496888659940973;0.4024171126134072;0.8048938225650879
0.7042320806546595;0.09516767034614526;0.07218185418267664
0.671049509380343;0.8665494209698922;0.2657210810691242
0.4029560545092751;0.5629539531074347;0.3976439740427904
0.9440424602678944;0.5015049055779066;0.2860655992148212
0.06194758035494696;0.23098046735049926;0.055730203566447756
0.4737992749534965;0.40073138046367296;0.3117296113760971
0.822250835046384;0.7793955177068391;0.22733424091619592
0.7639672675909848;0.8080352065814453;0.2636491297755391
0.6172094911210442;0.4863145008158545;0.9605572002316517
0.4268292046544726;0.0010616689843158111;0.7736879824961909
0.6778152578328616;0.03224915986767929;0.38197761100506045
0.3505904108759229;0.3983211677877584;0.9152664442671171
0.8165665733250262;0.5946128095072318;0.9755385083590926
0.10784342066981167;0.6560880393528727;0.47894779601366233
0.3702217316104729;0.42018739371102254;0.7642764661971665
0.853522175439361;0.23447908962071784;0.073610666102912
0.2799783611564578;0.5902906631694748;0.019881866827800798
0.23662777315723094;0.24650294611089774;0.35391102744141745
0.8714251769796091;0.48331549822328146;0.9773206855051236
0.6618816671921216;0.2847696857743377;0.9312744472341828
0.03452367651380828;0.7870530785011788;0.14390609563408419
0.4940873356030513;0.5323780138428705;0.9218532279730951
0.1194448100934501;0.649835378320736;0.8415523668533313
0.985903805386261;0.8785136132887043;0.7042412629149913
0.7720856683510086;0.19211447466513343;0.26378683047155305
0.11048359088325144;0.08179858726447065;0.02158952258874225
0.41119884627903847;0.8610519442577141;0.18569940104336857
0.6246883329558084;0.13815052340476508;0.011308069331677828
0.9761642352081898;0.36298071034756585;0.44262195377559777
0.9867652272122748;0.19404242906740565;0.387348164037005
0.8205986851067333;0.8092151946281702;0.8097370792555797
0.7443453477468795;0.49642658414873664;0.3447715434534733
0.027112557062643705;0.7012057467944628;0.774825628882629
0.21791923939040148;0.2510421528478616;0.5769926306881137
0.8098332828656806;0.5603381570858611;0.6359547600445511
0.40334038931068483;0.166294705648952;0.27099744089497846
0.6320435208838019;0.4251596935629679;0.842424953039837
0.7482080824758384;0.7456935522389374;0.40417441780264907
0.025173474242650484;0.3811385181348278;0.7444452625588635
0.2786764411584415;0.09963473652674748;0.527250686137442
0.4269493423951597;0.2855132116555832;0.7888503323571046
0.9680834284207794;0.840395736642746;0.040212679455232436
0.4111181892722682;0.8744339408120324;0.2981713124709723
0.9143086246245771;0.4880130241851972;0.7352666582997012
0.5171251258959433;0.11103184113925002;0.9064382096791512
0.05822372782473406;0.7534022907422121;0.257573427613343
0.16476752640477366;0.9549431024791742;0.7629547319866348
0.5244178844885917;0.07469835395676905;0.9649737743883237
0.39336202203981174;0.17198219652110713;0.15453514064356133
0.7115961111839706;0.598608016523245;0.3677138909300207
0.7527314849292813;0.37146156640618333;0.87261678965894
0.479070445413575;0.7502042003070396;0.7512300296656168
0.2871619678036257;0.31177322496790505;0.6574299931790178
0.10451891221977405;0.8369394464809373;0.6383637920762952
0.07078994093902868;0.5503373482871755;0.6097179175769087
0.34351994364802707;0.8673225796724764;0.02875028800770607
0.20313316467729836;0.46181318802453386;0.34217322158676355
0.9289828113468043;0.12527273559891738;0.5830267454496906
0.8961844309805926;0.8063555975400081;0.2240430037587674
0.5096755411439292;0.5323696151132078;0.4389510798985955
0.6349180001732592;0.6951766429063572;0.9016108946594357
0.9124793850468885;0.060141098819697536;0.24225065655888744
0.8338502337857382;0.2676330435922095;0.9437346181750604
0.27226883651834466;0.03169008949668373;0.2212996957811615
0.6814842348234953;0.17835204930939363;0.37892364821390523
0.052181237051881046;0.40487610118184314;0.8627931614278844
0.934365086586006;0.030712194468179854;0.7725834598486939
0.9647297321214247;0.8404962294935271;0.05434784772922974
0.042314778171658074;0.8207911272948509;0.7079465255358487
0.7867956915892851;0.8315284143816336;0.5310391423051722
0.6745902452738616;0.10415523931870752;0.38165559087167433
0.38036976122694177;0.5743213539832461;0.8063369759061642
0.7275361427982188;0.5922281667875219;0.19883481599537278
0.7847216289990648;0.5685851104992469;0.540344298651781
0.902065769479598;0.6224725516314664;0.022847534641730616
0.6494933410593148;0.0597999564311007;0.4064307475316926
0.5669762551553466;0.63919531278603;0.4319163012311289
0.18135111774492618;0.48968589244468885;0.6366470603657682
0.7334014319746457;0.6428460877673038;0.9852258866319533
0.9559264248905779;0.8502102468353783;0.13180381959207554
0.02932918201208945;0.2434550359131913;0.17981486841535477
0.06033232581374126;0.11585909469012445;0.5646092887668389
0.5694181915470514;0.6944982194912221;0.46339750035993343
0.6766487310600362;0.761040160837128;0.3487214840149284
0.9455330844239276;0.32880346160308604;0.6372922840090187
0.6060021269912126;0.1752639121689472;0.8984007110115195
0.3159404439026906;0.6585689904399331;0.20733853386001144
0.5696229224388193;0.8686362552693827;0.734860375864242
0.9477824873947431;0.27787908848222853;0.8413616461656493
0.9103956512740016;0.8028347582537019;0.223795126719032
0.69439423346052;0.2520017542570585;0.9747942078287474
0.6624800676499595;0.33414447477889087;0.9277197898823071
0.15678877580261263;0.03665943586184728;0.4336589703042616
0.552640564862864;0.1272322936537359;0.13315736951425738
0.34434783960586146;0.34992897561807845;0.731080542421203
0.6921911906500461;0.4681433539097042;0.7212165925331268
0.29611636198212266;0.159018400039312;0.10740202492449802
0.10395691826223974;0.5420934909269017;0.05350301443770378
0.36513856186554283;0.04100763685066888;0.6049023949859105
0.14647822620528517;0.9460898744526536;0.6678352989304235
0.37045396442335976;0.21755719786027394;0.39936704055023153
0.6544223394264483;0.238497503634988;0.5349817351773049
0.8010072793109347;0.4542208291820592;0.6045386097124513
0.888081911145929;0.9504705000446279;0.43800753558175365
0.860286456776797;0.6149859158471966;0.6192752078972442
0.6445981851980483;0.9684580329856559;0.9931501553970414
0.84099959023108;0.6129317098125983;0.9306499703704686
0.09288164591552461;0.6951200283825552;0.8324276109031065
0.5271680222496654;0.5989100456092613;0.7473767213954882
0.4683201212619781;0.6449897579623096;0.19476105190826587
0.13698905341904322;0.3496370952932323;0.015515716052457273
0.82593339419717;0.39875459729190643;0.5317268255006324
0.21803065930702537;0.1499016676026339;0.07148969062772337
0.6897575583351809;0.8348585786927454;0.5355553036808361
0.9541539025692957;0.3451055423092486;0.42054926113139834
0.762576351653536;0.918337552755381;0.6979476077190216
0.3630633491228129;0.16310293477166193;0.3338161177511294
0.06758307416050457;0.7242542173181372;0.4058877182711219
0.5863901574364603;0.23284723761126713;0.921039837280516
0.453592498016658;0.7894418363100602;0.504556362845513
0.09373183453918077;0.7565223204670914;0.7665265050467416
0.43062157791721567;0.9271390270485447;0.45967128733447615
0.7219314266851434;0.8401996638173859;0.17323917645128617
0.06211056750707222;0.47265391182190664;0.0868360335995696
0.15626323230632;0.9271243746799931;0.7145824857514713
0.4560587088030723;0.02544379905980676;0.9996666011914045
0.8618629934263133;0.28668273059536475;0.7257127559059441
0.9192613017658554;0.5229109409047117;0.8227929758174828
0.2775521375151636;0.08530750077614835;0.38939408399982534
0.7477514749973105;0.7230962469125151;0.4477743314841097
0.09081425482098049;0.10229957095670694;0.18877144356747988
0.18723197698816885;0.7206476228158506;0.28700270566073505
0.5069423026386776;0.3807682855900959;0.5946480222641011
0.6189123989621753;0.2789121579026347;0.15932691290327206
0.9458203702663881;0.7947838547521369;0.6522383768825631
0.049478213318934317;0.3042151348516938;0.38225560484942644
0.6142572893111584;0.9169286011099147;0.3456540121193107
0.8151192579548261;0.24565115314239172;0.007391365876561751
0.5718070662592926;0.22802046175920287;0.43673619975731126
0.8137150941764766;0.5451101979557293;0.14710526441025562
0.4307963058525047;0.1763986713901583;0.9985257043991445
0.282507461229335;0.31686858469626533;0.16977869131756884
0.06181916101092899;0.7759424036888115;0.8935743486548186
0.9004968138416096;0.24189426851447993;0.4543190770522214
0.9212856874033036;0.40020118414530403;0.5260923727674537
0.621569518115958;0.49470369827027405;0.8914838476339492
0.5402793785678411;0.7238478075376099;0.14129939303750116
0.8698040697127197;0.7347597492184831;0.9051198061160516
0.9861578345008212;0.1756906369075234;0.1468849133539154
0.3902307030480997;0.9957851579276483;0.5750787187341772
0.5885768645103922;0.44414776001401335;0.3489577401441618
0.593674102159993;0.8957858060254413;0.049129271833977306
0.5876676320478001;0.8129830273151166;0.8346656216283026
0.018778634771319247;0.16350409473200467;0.3730585137760992
0.8209455339928557;0.47516256922274125;0.2969297811471209
0.31203208536552507;0.5889662629466315;0.18367673768172632
0.4609901660411072;0.8827085674919792;0.6908009099192082
0.5735164380123269;0.03885719649020991;0.6597765601356461
0.24542483726811615;0.23782917582013763;0.43860043784263425
0.04481374928082782;0.6552544788065784;0.014853204719956214
0.1653721924901398;0.43601898809839057;0.6309129088322774
0.8704591054229865;0.1321382640727895;0.6058554592690503
0.023341890702481605;0.7351505892472451;0.8213763039008977
0.9737997519592926;0.9912436813137014;0.23195316248031594
0.6897406900656777;0.5331074340735091;0.18224150428408636
0.8598147273684998;0.5955516023523458;0.3481011817464432
0.24114317094604154;0.5309630731925953;0.0738286900231121
0.37670185416584767;0.16072842252696717;0.9787794797183679
0.05039720310955853;0.06559711895935083;0.7062624124231813
0.5504272046023968;0.42867843077997936;0.7019026232005495
0.5985175632839161;0.842356991056142;0.8771718058202101
0.43568361231243247;0.2609707216816497;0.16507184528657226
0.5734609146921512;0.859150441406113;0.16261535742062505
0.8765118449642302;0.5156418234912357;0.7743098515428204
0.6284482252236875;0.2566768441511227;0.7144947643182432
0.14925586824346748;0.5767767168975568;0.6900971987394727
0.6875542743671735;0.6734296434167013;0.17326252799929354
0.5020745250638492;0.34209458384282043;0.16083674264464753
0.058338265165945646;0.4092916032604478;0.8604128433310662
0.03872197034702818;0.9376742301914617;0.3873773343811444
0.2395968237946715;0.8712630848659172;0.8160759903547667
0.12770123417428336;0.6313107564442797;0.5000946501190148
0.98443638095276;0.05683493943719309;0.8652184273133467
0.49519305558469373;0.6246236952445126;0.8182403608649224
0.294377041686924;0.3800936624239143;0.7217998772639524
0.07137886513959713;0.5479948551370943;0.297001449622612
0.571843711662335;0.629328337682897;0.859035594314198
0.288084153517682;0.8745388182959678;0.681281069545795
0.06913338574997274;0.4324239970327747;0.2299538554383791
0.13639461116694862;0.6065446858312944;0.8892727554805958
0.5449763716135958;0.6547696852423442;0.28430378554028035
0.7984676916445836;0.43877743790506174;0.7077001451180917
0.03353608611687109;0.28739328981596457;0.0974797794290786
0.8183933919407892;0.18515685966240836;0.4906530394019354
0.7844964995315605;0.8439047026170495;0.2805542688442325
0.19916974329569026;0.002817740431888538;0.14259821467057077
0.472149594124319;0.7130723304411083;0.48238541305116267
0.500315349018979;0.879667298728061;0.9356442406819506
0.4452747578158759;0.90840478926834;0.687918646189892
0.010305512864466349;0.5824228072480467;0.9479262104262471
0.6746885753306524;0.9183465652535929;0.9047872856439125
0.5342622061105944;0.3515186946849048;0.9583810680978373
0.8720773155091889;0.6478967520676945;0.24294973672503972
0.007867894059328306;0.9808339367763282;0.025852596791781646
0.0547125342415552;0.11435785469587323;0.11091798985262225
0.16793349246086664;0.3392327231514307;0.1298057578773315
0.22362196307067994;0.05627543421394421;0.3470965834490639
0.2285747467912006;0.0844797641752798;0.026134309437972347
0.9209567544823485;0.9034346902691185;0.22429768857300003
0.2855532038472187;0.057341977801447785;0.4790496353686653
0.4725186425270186;0.7086511688655303;0.20661850520848246
0.31281987536253375;0.9831247733877447;0.43054084340271337
0.46281478024550826;0.033474326927408704;0.2517764018337375
0.016677406927209426;0.5526003737153276;0.15110058849557828
0.6644550731616138;0.4029591539001868;0.6367757981622828
0.9555631073319831;0.6127655921696147;0.21940900008643227
0.2589640753102216;0.5881948890161124;0.3466810233040618
0.3173399867736648;0.10296738934657601;0.6601722154724957
0.527388209135374;0.7143419514086978;0.48532657229317866
0.9301563550026039;0.19664232850947905;0.5923625627361032
0.18184554505392891;0.8812792596872442;0.32523283615594756
0.3850081129980216;0.46211886304375993;0.5576631369782372
0.6658937002590373;0.6575238449756108;0.4272882225332717
0.16024641213982482;0.06223776139487214;0.7337492386218217
0.9440602778144013;0.4898948948201618;0.19041463103568257
0.9149621841065132;0.5872291547321501;0.8312876737786451
0.5536984559590588;0.09868050065212719;0.039877683953966736
0.7186172211869817;0.30715759025198885;0.44320578082807627
0.1689916763013961;0.4194799824922607;0.6301405316433447
0.3578921137449882;0.43387202681203807;0.3748267777537754
0.2568538733658515;0.11835086929931227;0.23805302213101986
0.7336188404795961;0.9049265377126947;0.5971498981017984
0.29873286138446475;0.35505700986765487;0.5534562541445348
0.12718183705018116;0.15082982585954385;0.6822936254130265
0.3438184687713919;0.20830147117618736;0.17569048119292208
0.5359571589332128;0.31320457053957196;0.8896197104853697
0.6781433466420915;0.14694349704767617;0.8846284690220084
0.3351058287977129;0.9220936706594457;0.5227997243695229
0.011781246508384302;0.34408007465047086;0.7981281431144199
0.1988741129317121;0.260653991323884;0.8014396258773138
0.9875051173734443;0.6928551613002253;0.2658890070558586
0.375594667570576;0.05999937887160611;0.9988052284711036
0.4522180750373419;0.0014013884048145187;0.5183850011031804
0.26481828738204427;0.2573844086643847;0.7459373879649338
0.8560415170681238;0.4024387959343628;0.6963114478008663
0.05771471039162179;0.20642060493142556;0.4100672717105076
0.5513223565985137;0.778194370734802;0.49715361306724226
0.9415383322908827;0.91802091181533;0.3053365794410756
0.02492861333268781;0.7517587412144323;0.1986027202847459
0.6175892479321908;0.21383301339542515;0.565409319939998
0.17989977181248873;0.27840259445533955;0.11025077158707663
0.7208702818791525;0.31340592752212015;0.31457032171573507
0.5490684825023743;0.9186443644043226;0.5725075293436193
0.10408340181532427;0.15934796789856376;0.5344271228707239
0.23717176760019154;0.33579230542749794;0.11637405996066208
0.6223211709905403;0.486970223776956;0.8589938497300565
0.9799504066787256;0.8333114714204038;0.4252752193301579
0.48948129872655477;0.9963755031929744;0.4102589047064271
0.4370826568419829;0.8089268091329983;0.6165281754498027
0.1769353650838369;0.9953046704436213;0.587012424809071
0.6009863656920492;0.05840372848226294;0.3090030574380035
0.12129851134740344;0.5168001405790986;0.6334120200138929
0.2848499627236849;0.8574722906647453;0.5626930983692143
0.3707476302640722;0.6059835353104736;0.938140410417882
0.5628121357200205;0.31365911763776333;0.906923214997508
0.346513557668672;0.9690125361635211;0.338583431096378
0.11871003706163785;0.5074754672903522;0.27587256178705266
0.6419544182057051;0.452537428119155;0.5896422961978212
0.6562610482573933;0.6140122179294119;0.22863909399074311
0.09444276639740135;0.6980905672509824;0.4527462597553833
0.46669620685511537;0.12758346738814708;0.546507711006155
0.978102603544108;0.6582472190559259;0.19479192506522258
0.0406545071106309;0.26986793928174957;0.45932198051642636
0.13643644910728725;0.6201513693311644;0.09290539137430986
0.9426658500609126;0.3106432812949004;0.5311795790711877
0.27226846040012964;0.8146203822346689;0.11068532918254148
0.8185853645901305;0.08185119187459278;0.47175698210718087
0.7294858854052998;0.4240040643537366;0.3442296562048499
0.3881190586562222;0.8338447036347406;0.2596130776308958
0.9499251028647069;0.2801447426063314;0.8131279569426388
0.5461336125002112;0.7201844220275031;0.3340355024436379
0.9888979922116784;0.9437189081840565;0.1928093740741318
0.12889552046169506;0.1747062792621702;0.7774948085996566
0.33464359474773464;0.6964104187659356;0.141054698611773
0.6656903142044637;0.7583600431297729;0.23156160656181313
0.32094419820638953;0.5669941562460759;0.2207980819617511
0.7137414124919709;0.5576508435994679;0.10534754221820342
0.04059875461906881;0.07992271123853179;0.8827544353805187
0.7819626169094729;0.14753645054252162;0.12304013045681528
0.31898426590744045;0.8321868566424235;0.5690566336209729
0.5561689629699733;0.041668177526213324;0.7678142930325208
0.5069246600067494;0.9573246676777853;0.8924340663567527
0.1308222274790647;0.3360094975710406;0.013581308335293807
0.8371758317471337;0.2415244409953886;0.39611234979625387
0.5065371681284029;0.5888356348344786;0.842773464300221
0.1540729990076719;0.04609392034628734;0.48816424257091806
0.8452383891531319;0.6590817649629855;0.1603402411850926
0.4355169482482787;0.2986388236693589;0.31619775538468764
0.9340578432452263;0.43004659512280163;0.1210090859049886
0.5179046369461426;0.441807593368707;0.6889438964292501
0.32564422637311174;0.5777952715045229;0.36316601146960303
0.6687158534293203;0.11784089624845406;0.7449259546307988
0.1774418388623591;0.9647490072480865;0.7165421402239742
0.1925649625518634;0.07720644780592256;0.17298152282707013
0.40716969134686054;0.22288000004672281;0.2032494252753676
0.16683591584129753;0.9030231291692763;0.0661398568336784
0.02973393904112487;0.40586683383567124;0.8069704057380697
0.016053401960807956;0.5558167789260202;0.2755249716208469
0.037860770554790535;0.1874060691802074;0.20247130897984256
0.22154270536151877;0.8473505476326857;0.441757420470976
0.9232365954766508;0.9507324608415018;0.3281103352668513
0.026705617414249483;0.8049674216857252;0.8534683518633164
0.17385084257336314;0.14842363155329052;0.0003415073319013029
0.02408225967172506;0.05409387355960771;0.8326774104737108
0.813068395625603;0.6853012994338818;0.1544714487439499
0.8886878515713401;0.03063054248116015;0.523802837012175
0.34118294327491994;0.5408463034057625;0.9186208707889905
0.3183518817513964;0.8472221451641654;0.1961284780486815
0.7580804807965561;0.6872218026413645;0.01536796186653866
0.42436995094692787;0.7401132836412581;0.1657760206555603
0.8740271155696708;0.5826030183949341;0.11180964446589714
0.8187303674007158;0.3646185469541746;0.712026713432243
0.04254909556614672;0.8908391176571394;0.3282104121371139
0.45952394703736643;0.5860862774168082;0.6854992474586213
0.23855103224187002;0.11632254590409608;0.32929540629704157
0.3293265675122814;0.05547836099978953;0.8929134652773507
0.7379521522680251;0.3024249981053071;0.7883427013714618
0.7631120112485971;0.7076641695545542;0.818766225444015
0.5819072010908194;0.01516311847187457;0.9202310923740966
0.22733672651963488;0.05526017044015086;0.9722545475181685
0.817704376275758;0.6377607889124328;0.15198213013533857
0.503472930340227;0.6167673971490473;0.6021026401959622
0.6614143876135479;0.9737014775075618;0.3882619826817383
0.17809792145299275;0.7836570835342145;0.5219007634411862
0.06986586411184714;0.15977006860348786;0.31893719264217923
0.4632402742827375;0.618535982171123;0.9954126410643301
0.6844688748042456;0.01502722536451806;0.1654133989837514
0.35413548976479203;0.5611620861453722;0.09773369738680271
0.7103161932096124;0.7262375717501136;0.005379085761815006
0.7182794934719604;0.8273069772914569;0.3096424684579797
0.9829383429982314;0.5237421740917212;0.3504800395784041
0.16631128113414229;0.18229330089747597;0.5946803084989789
0.25301281784128116;0.6580372055970508;0.7290328120369434
0.22417737965039364;0.049588006516023464;0.2630802419900521
0.9738962921437215;0.677926271741175;0.2915131074427445
0.8252292718646321;0.7627807453611648;0.42140271108171623
0.5567293783888468;0.9001136020957089;0.18555286221831568
0.4559710622591352;0.22974937408030183;0.8637016900492411
0.6609365074597606;0.834621752241454;0.0767011100935332
0.7331074245475361;0.8000331154577975;0.6188585450742813
0.35993241624158656;0.33519778769367026;0.5079338714552494
0.7202159916233696;0.17210809469589583;0.7049195370489988
0.6751542958147178;0.9389233485713346;0.24010286293817007
0.6553083943476996;0.1356844454485755;0.5538307262469315
0.470011467600558;0.25215683515635934;0.9925622803879369
0.9565539174613997;0.424353731273452;0.8025601643032333
0.756708133760422;0.8512516676604325;0.013901525648944202
0.298291405112335;0.7248232842762118;0.7147650610463191
0.7325648916676226;0.8342075902877178;0.3917791250855508
0.4240076050695325;0.04354246488316893;0.44522912456977914
0.5270616135354986;0.9200109225600522;0.7475580269930172
0.11231591101885807;0.6371871908508647;0.7374804163592423
0.5665497583966335;0.6544506788956798;0.75720337356826
0.04025741185469589;0.554008169829524;0.20559006610056962
0.6093794002078274;0.8009703316213729;0.8596716841478825
0.47737435977613185;0.9975812752732237;0.9924545536193022
0.5995662261600148;0.6694402682067284;0.7815992794822736
0.7314233793950431;0.48115900444230797;0.31314288591031214
0.27035172917846684;0.2932616450517037;0.4902505108551809
0.37576510606780056;0.7928161327371379;0.3617438816808909
0.6413165555753734;0.4172981289383155;0.7163744082281917
0.4454705612766213;0.6744383446634571;0.8906849219144379
0.9719261626354045;0.8583404463239934;0.08207901786166494
0.10974514226729781;0.837695393673306;0.7413259632359331
0.3349618347371267;0.5908213216424427;0.5201913557528947
0.20966038133810927;0.1121263186240824;0.3571293283537432
0.3356932711255707;0.25875939908999435;0.6949200705165334
0.1044040074279523;0.9036722286940886;0.2142263279479879
0.3153885295585276;0.9293908647457708;0.713363020548553
0.3449923242039217;0.8651808239810712;0.22830345533037377
0.7897760996732022;0.7600986804589652;0.8373598509255595
0.7154177975572629;0.776530897967044;0.872885193477349
0.7629188724860962;0.5445870721237593;0.482294535490259
0.37124713531365294;0.8459086610366877;0.9697671914979095
0.22912188301922798;0.3695041591177217;0.5851516884501184
0.6227585559775344;0.26488366976721844;0.658080393583168
0.1769919154529176;0.8473547720411806;0.5047644268376521
0.115294348439964;0.2495127824408373;0.8950897217370997
0.030232857593366802;0.5978297065444526;0.4233971767026281
0.43027052430985147;0.7992607000111444;0.8628861225263554
0.4367251245762257;0.9980080724315665;0.6231649940302897
0.08874000702886453;0.947614730410839;0.5712113312118032
0.017435239052872253;0.7884425634780523;0.9509754110370415
0.4888096583105098;0.12573492199718905;0.3436198106533822
0.14127762353531836;0.7883745407089094;0.9032828778134848
0.6634292288046258;0.03682452183276663;0.7699330684682418
0.4462565500632806;0.9849851540464685;0.2524774625554227
0.6295036757322712;0.48738149781909756;0.36831736332371656
0.5779300457355349;0.25262860763991146;0.32381584897419036
0.44816776969112215;0.3895367475853203;0.22064594539019722
0.9917080264765992;0.9716661887060652;0.2578309396172156
0.5987996152997613;0.4014901492876466;0.5573011654188229
0.31573754082396566;0.8514078399133949;0.9421373702876369
0.3345297403640235;0.03465329003600237;0.6137267978640534
0.23257867249624942;0.11523547324763783;0.1223235863483515
0.7478991863586232;0.21311251350444582;0.7903128079411709
0.38324678875957485;0.31220732914791527;0.3680415433795551
0.18718932237342312;0.2014051821557823;0.260102287018505
0.29622690606164537;0.46042576208337704;0.29880661802913
0.686803550049721;0.40534164148170937;0.4695150936529314
0.9038459347866189;0.6933304625196562;0.10644692862451977
0.3009463268949105;0.49156838260092595;0.48371942609125274
0.5386401319903553;0.7516626639443424;0.9223337868462156
0.5057364427817502;0.7165225885063342;0.876672166828856
0.4809571844314151;0.6794698876347524;0.5346724655927486
0.9039603166448067;0.47185659530966517;0.8921341310540475
0.8449920801677108;0.2404502041501546;0.5131843940901756
0.9717453584875757;0.6317190899645172;0.5213222744169201
0.8541361460838475;0.24732178637682412;0.2999169373442764
0.23542973272654255;0.2558642146726168;0.6888978568901359
0.8250952564149057;0.006116170765251505;0.35781472998576513
0.7808436327023163;0.04578668670791175;0.23379532064641817
0.6902208973499743;0.17040259507294464;0.7826919650486381
0.12090378885385855;0.6754422977065869;0.7636865612056104
0.7204841894583632;0.010783981747224614;0.9200743018903771
0.3240713060070771;0.2140911591295832;0.3226276564368815
0.9442738345837726;0.3463595734411433;0.9658921714380964
0.8185995114402029;0.9584240769305482;0.42729646588584047
0.8141811781920629;0.20903371316906494;0.9628636176882277
0.4523773070645216;0.8894658883367231;0.7892546777697803
0.8890335173468232;0.7314666069092705;0.2580969079567129
0.7668745176669313;0.8187255360722162;0.6614332321116413
0.5812191987361156;0.2873079958369531;0.6718803310949956
0.7315368242149611;0.38653025026687204;0.6739361504844181
0.4980432322276098;0.7574093213100156;0.09748942240402347
0.4167085877668548;0.778935997503428;0.2098835542424331
0.7061250699524417;0.17104989464845777;0.4317362527893901
0.5619951553605379;0.6268337813412397;0.9319934866248353
0.5640082241810027;0.8026021621686651;0.7129614350594956
0.3565411554646949;0.1911340714444364;0.7242233872450534
0.30585498816369394;0.9532999391106631;0.8486355960064469
0.6285454716290614;0.6803013779678214;0.25996175602422444
0.45912637595736927;0.8444655144219515;0.18254806241628208
0.5973871350616045;0.20062563481383733;0.4509200377273529
0.6774800040256966;0.31178023900987717;0.9580003041278564
0.5489382743138015;0.686474285011623;0.8593691527966072
0.6755922456836884;0.8675316892987756;0.6632764240641243
0.030538448862568845;0.2297786279304248;0.3876576186408791
0.11772746829293146;0.13834725960039573;0.24143901766847808
0.4297503721233177;0.5875652744684087;0.17254927362778372
0.09418516596833015;0.3631749327684488;0.700758800094974
0.023641877900381414;0.30750206251657997;0.45523593972910636
0.540286517842519;0.10164234266683658;0.27495003472088564
0.7470428978299047;0.029373846286039118;0.5252751441455663
0.13964114975373065;0.006393622206502192;0.8403110572396558
0.8589577947445188;0.2810052612249416;0.7636476252937258
0.9336249180722097;0.4208601077562004;0.06403967610929628
0.2737564364180122;0.6005371631155805;0.30815750581057877
0.8083421552356871;0.2515142138652239;0.05898489411972718
0.6391363142435231;0.03771029255862368;0.8521035394292307
0.22710565459727017;0.09790211135269233;0.7762804027512287
0.006330524254627101;0.1427351466930562;0.759905379571176
0.5953885996002201;0.908739037681905;0.11915537860801662
0.07326638533438867;0.4085979661064455;0.5516347639266671
0.43232058605675405;0.7986998993570887;0.5471606434590042
0.6162737636638723;0.42955451416197077;0.1280332918131757
0.0015181481271203667;0.4865671687987172;0.48825982733584405
0.23676812353811716;0.7363767611276442;0.276160774199144
0.02057338386940455;0.7482780844696937;0.6778693444975412
0.8555571921217788;0.5869158048458283;0.9571128448507781
0.8751708826308983;0.2892266746088462;0.6873963806511522
0.6032073711804808;0.7874374143268992;0.900716975014347
0.09389859781817744;0.34027163758193935;0.7154534039262094
0.17714337644803257;0.20111590192786155;0.3420438343488734
0.9300236738114618;0.7294552401879423;0.52446703396713
0.034079508644821344;0.5695131440129392;0.049721053882702315
0.903830687698111;0.3973141364564551;0.8431852505089276
0.8352847001241268;0.24350609197705275;0.5549830252038721
0.04501224879493704;0.7908447979467388;0.40880307709577013
0.11770479205719675;0.25382527117792775;0.5876492535431713
0.34058401618041967;0.3797999679827302;0.7481317491729459
0.8820210200173145;0.6377006796346294;0.5355970151924171
0.02147341984759632;0.20773569223761057;0.29459624343482316
0.6377376494703878;0.5712481405125494;0.8185927232473416
0.18418779963164533;0.36341663836672244;0.704416577053179
0.5827785177336969;0.49215651943486327;0.26343497519688064
0.6557564197454929;0.0019227971669604216;0.167745257327079
0.0026172818586194246;0.8756164278123391;0.00815033563569878
0.13897434771024408;0.5172006936257935;0.8917188846017544
0.5824796227113999;0.5051368678158026;0.8080811688275323
0.9870463190660732;0.33289014394718097;0.9448343550574738
0.22795410309325148;0.2964290332208659;0.012190954063184711
0.43518552091498774;0.5778995399154517;0.021246685635835538
0.3725707787939415;0.9444577745573282;0.9169203617321308
0.7085117497318555;0.5119651132296257;0.6671305782174681
0.6559070368305099;0.2947575675439904;0.2156165552228918
0.8470857663656948;0.9454874503702179;0.6876633756096371
0.5269903211257069;0.39769201342525695;0.9582863168503578
0.26971356724661844;0.7795351575261431;0.8552552346938797
0.4154684528714403;0.1206303294125125;0.2631719114955695
0.4059536546233764;0.37308509249714694;0.7878101463071872
0.1445254345246728;0.596445388876634;0.5859016163957983
0.583912458789465;0.6349285611120706;0.7848125276860847
0.9554082579234966;0.811418541358887;0.5811595634609329
0.6995502130723014;0.668359945981405;0.5277674398825642
0.3811915241013384;0.11830044107929116;0.7414778495888896
0.4053986459051252;0.5164962059618678;0.24861266355604295
0.10546276868376026;0.03370224355696527;0.9960225585831336
0.7218353126239322;0.5300869015797615;0.540002759172987
0.047104450370700435;0.7041439021225283;0.4737772166534401
0.18074928635184273;0.8763568458150066;0.7778774139590633
0.962417465810151;0.8203844161893387;0.817741903434328
0.5506314685201109;0.45916536290484866;0.6701555371938971
0.18920877857488394;0.4380331913846036;0.7239184576444638
0.5115540713592577;0.03164912428045108;0.5087809973428704
0.1515717206954731;0.5906184942880892;0.7689053940872896
0.17246574493068334;0.8131854129158383;0.25526634892860245
0.10569669492918277;0.001797979323088894;0.0771447167059569
0.11014315619098258;0.33169897565415307;0.7189641278355056
0.897293720651049;0.8520504496071557;0.32246297426127457
0.008199081347468495;0.8315394810340249;0.9937317867311896
0.9551050115494626;0.410541382057931;0.11474510285285211
0.6591947065182882;0.7464589817577733;0.40303533391242397
0.8262397674233668;0.13799600881266938;0.9181708419624276
0.9054523440510773;0.1984112173342092;0.39283568135222424
0.10579966633466809;0.8026467693331408;0.4374263920269258
0.4347838994653834;0.10478665198308246;0.5760261721453763
0.003778893029407815;0.4032982247607757;0.006985553943757106
0.39892112631404053;0.7499144551684203;0.7210683788813428
0.745396249446646;0.595087847022499;0.1192948299072576
0.09275468678752219;0.8081263163617008;0.07912627331655897
0.06370668351387687;0.47356772115867973;0.7619426092661863
0.9794350137004261;0.17228711078878023;0.33622096827999315
0.7106848041596133;0.3730440832564186;0.9988371476228104
0.48905683050025617;0.43998404241316535;0.625757877973234
0.9848147553173683;0.08286878844529322;0.9529509984092666
0.7101913327425283;0.6209606297321509;0.6228484939547817
0.3244542663121308;0.7777382279900804;0.5672134959801277
0.16156268259315032;0.47157528600054577;0.24997972957437442
0.3582797451293388;0.09796236862050345;0.18451375752359533
0.04114713147671012;0.6414053651752919;0.9330158629138274
0.7793590592320302;0.8743162048471331;0.4989281076892236
0.34343410977508393;0.3026946385408884;0.35407515919979726
0.7915593931685888;0.6771859303706763;0.041513333183429646
0.30148259426867197;0.19248008637450287;0.48849113196854144
0.25506476728612204;0.26524977979330266;0.22129887181838537
0.00355478350293581;0.17231716609541614;0.42965303976606417
0.5700400256295839;0.4006981846670433;0.4754917262446956
0.14402738184309438;0.09897315397476103;0.6507898983633755
0.9789939191206255;0.27290833377742696;0.07821622472524803
0.867810683069246;0.7873017716993012;0.7443073563332645
0.8205253186372136;0.6412950742948096;0.5707161111078682
0.6687301612421588;0.6593414650491689;0.23843523686229962
0.4536379627065227;0.9841275964378553;0.4810220672631933
0.7152434643452609;0.8168974129746366;0.47831475789540967
0.11743973100153593;0.3964110358099411;0.947848441677349
0.8176361225691834;0.0252809949615711;0.01753467707253753
0.929099583740664;0.631551240087141;0.31729789831241395
0.25066876051345643;0.7974998125986497;0.6857074879950118
0.24548576570762026;0.7238342745508445;0.192440930448879
0.16301441617012413;0.36272230587774834;0.28076189779669924
0.5008792278322795;0.26787369001336925;0.8591893578649179
0.5297455715254493;0.029676792039059485;0.6399054917642125
0.14198690719324325;0.5597139012059896;0.8217170030103659
0.42994861112341887;0.6668575566047045;0.3997265565612008
0.6625238858511278;0.8377918386064017;0.8790795936624043
0.6355288132365942;0.46075047614172604;0.3938761766712532
0.016463452780983046;0.7460817613787208;0.42442636987270654
0.40349077625715946;0.4508562477417013;0.4791068148810327
0.7853904535849665;0.6012061345117209;0.6604810150191573
0.030808497575359528;0.032236611019293315;0.06494726684261687
0.2894009042895952;0.13543084203190137;0.535412207727829
0.8281965663153942;0.9683514744553505;0.25768110667517685
0.49130471928891084;0.6033473137371681;0.15654663843343541
0.9372303190650525;0.48665286663268814;0.2669536177969122
0.8809445720465845;0.4577851619568103;0.10623840020403585
0.12471778662943467;0.3685691562320813;0.9792503618281201
0.6876657305468696;0.5853416928879901;0.17669269980753144
0.13710901799490793;0.5588934257227477;0.2347998987783989
0.9676598280592877;0.4703952501262303;0.9754200871906743
0.6570117610293322;0.22141980513285842;0.662348092597334
0.9603392256049883;0.4122155260630104;0.6909687355196257
0.1163513322256251;0.36106116464328564;0.1671184147821202
0.5242468589389433;0.756426924060023;0.26363203413683356
0.8891041440566027;0.632709726526546;0.8463775524368621
0.3827317348136673;0.42558094671113766;0.9853772480911277
0.9281052839631763;0.6282095116849064;0.01087370928596132
0.3868107995570592;0.7802942269452763;0.0293985933280696
0.03448042047725586;0.7222531589288176;0.13910443887110202
0.25796995867681427;0.09042458201519177;0.9388466853373411
0.36226246415459007;0.7841692029860793;0.34910191492184683
0.31766498009808386;0.6475568887807429;0.228302420944692
0.7977427411598772;0.6508774425089472;0.8753548160385349
0.3225871750004673;0.6662842197463829;0.8420974849600533
0.25506457556186013;0.594933182852246;0.40872753899262804
0.9068824302369861;0.08867336528420833;0.28055605032998077
0.44658530958223097;0.5807458296519552;0.6802295327432909
0.29971979396258874;0.5669827865290816;0.2899906407017565
0.3463106540583589;0.12565449902481385;0.21549937841371414
0.7288200579649264;0.09122454019514525;0.10244341317434236
0.4416288688655374;0.3853025875872298;0.42043797730380683
0.49284347267659845;0.6296122122377653;0.7815352594123446
0.10624886350011409;0.014792287823056749;0.12483046440884682
0.12695043477646417;0.19635551401747342;0.21679845826394417
0.09254696048387667;0.8161377180732456;0.5297550181558617
0.9909003128202345;0.506232914632267;0.5824758157436203
0.7585727683624165;0.13011097009571337;0.3846479393858879
0.5591194146856531;0.44312436326242366;0.0002531103796985512
0.8836162714832265;0.3574960159151178;0.31788909648742647
0.08237891340862336;0.8080717268950627;0.39124035036002536
0.5137764853615289;0.21782184457929188;0.5036429168270281
0.9563499832404305;0.7146199464607313;0.8156907894776453
0.7254225039975999;0.43594359585269793;0.1704394944373625
0.2342585936755377;0.5252016015272108;0.2703724014408744
0.34959204179404224;0.472035248825881;0.3874975905510235
0.0726210421185507;0.13189366817375292;0.9456942896838056
0.052730591760434264;0.7411666431061553;0.7849060274400325
0.6119334682028926;0.24186389863920144;0.6240797040220377
0.9722186777205708;0.8377839627094071;0.8546310610331281
0.5426072476561787;0.6959407438294977;0.18667471595476337
0.06758346198561327;0.3955545148370433;0.736651478456155
0.23214578552719067;0.2802911377547027;0.3978676577375726
0.5314057420486579;0.4721096364495735;0.2631142317332499
0.43683351792265634;0.11204515031215267;0.7891517547769449
0.4883242712116169;0.5927571487760018;0.021792966804146108
0.2745636765408227;0.5835575947079933;0.04900770152577105
0.6018146519874886;0.685610729256433;0.31108502104187796
0.2062762557655049;0.4821846059517122;0.8908118080555494
0.8196257916460343;0.4171738312205939;0.6315179743877427
0.7251495968214129;0.937564225567294;0.34607443661899207
0.2513040251150829;0.4071032049731532;0.7754445439160729
0.009804249269898646;0.06459703014119522;0.45188559263508266
0.5780272829036803;0.9861815133254989;0.8141280340804248
0.24916168750360812;0.8000252943639522;0.2301135510737008
0.1045724714717382;0.938003472766458;0.7648768894483553
0.47436971637766;0.613016398748402;0.6175678338754657
0.6582820948741471;0.24776573920184242;0.12860955089819615
0.5527181299088898;0.20363272475728644;0.9930275209901211
0.47359379290891745;0.8342810413835767;0.7944535260725948
0.17733689715169776;0.11173737698369857;0.4281569877130802
0.07195780724426559;0.7124117530534415;0.7596148915507945
0.39028996636716684;0.1665363437766626;0.3366515828314711
0.4403503028728234;0.0522926544314547;0.017221614192232226
0.4537167624411945;0.9541738930273849;0.2467733816642651
0.5312550429298701;0.5923046756457616;0.7610167100000986
0.36067595918919015;0.38861343455597697;0.13673234134948598
0.1341812727037568;0.7645221796673082;0.9793282376015073
0.7959051446600391;0.2271475695137083;0.7159164751587381
0.32798148231944824;0.5871855422449601;0.1348643321088614
0.9022553737993202;0.2594002274755953;0.053694740720104495
0.6428011975349214;0.3735202071556186;0.0678860620969961
0.8850059884612613;0.5407461304713148;0.587016109878172
0.2656734232677064;0.0047868998293988385;0.05650980160565833
0.4557184254049611;0.629092412337931;0.6384166414266774
0.9978954110101489;0.0705570828644988;0.9545227784134637
0.8210124792652855;0.8506242072465828;0.13300828578867008
0.23951106617991147;0.4639576412551939;0.47876648913632047
0.4432227036627915;0.8053984751597487;0.1193583903143891
0.5061712566696414;0.4203223804571171;0.838350084109089
0.7928848065891285;0.11404664214073923;0.87731739727101
0.05334774140771026;0.3513163467639375;0.44251180990859584
0.4590074619443465;0.23830425439832637;0.8371615729134395
0.265983076220105;0.975414521546001;0.8130416905514867
0.4978151382860153;0.48239467852642837;0.7587552988637918
0.18239570357250035;0.4175711581886429;0.06033578046612276
0.4300985202011981;0.8410658821812074;0.5389927702200824
0.4153045958866428;0.31079134943644937;0.3576878676419525
0.680916380729446;0.9596961834172393;0.2873275862471707
0.9147516636006547;0.26542231867425115;0.012969038058054716
0.1108842903502113;0.453052793992888;0.772644785176871
0.23622885538463934;0.8134577005456681;0.08541747484716822
0.706578157265956;0.3968230056417914;0.17320265657213074
0.8574017509104916;0.6836645289726375;0.5092974500061388
0.20289960383257355;0.33194971491755787;0.039296078426782066
0.9559699478854574;0.3673642834962376;0.6191687553881081
0.021510748352662312;0.19680765164372704;0.07480689616196501
0.4423212079447536;0.9566274796806693;0.03467748541174287
0.483691403451337;0.4612704141245677;0.9175074203238737
0.42954028804497035;0.6952338798329238;0.05086829508474988
0.9406350623183891;0.9383909762009075;0.0658967908125252
0.6770044598459887;0.9876706392723942;0.626581264844555
0.8494410081493051;0.3737581130394063;0.5084470010897548
0.7441852604616261;0.5027075523037998;0.08538983262939481
0.6765113848918956;0.22137280168011497;0.4738782373518339
0.5822017621445923;0.14943699540956112;0.5469967367797323
0.5715768614873961;0.9730560281828436;0.9669480884420041
0.6659158834916881;0.29795900477481574;0.9662038405943996
0.6345966538818699;0.4747500719969623;0.504565710971261
0.8746412395954398;0.628504273568116;0.05626816765158682
0.4325252887062969;0.38754355177560984;0.5256290632966725
0.17192146039130085;0.7984779224339084;0.0797880454411023
0.9828092040543195;0.5066533444135595;0.055869582673998996
0.37085069162348905;0.24649231480489242;0.9397702420313139
0.2240935023170092;0.15379083264584048;0.15964197211679998
0.8398370030851797;0.3456707579267766;0.7787689444862207
0.909320397096327;0.15321282759655486;0.10564156670924629
0.8695252709021678;0.6990565500003181;0.2851973411154375
0.10005752825098935;0.436544695005621;0.9025633669867171
0.008460882120397417;0.3254325532264495;0.802398213143875
0.57468321861842;0.19474560420152198;0.9015449106550635
0.04066473951655858;0.8561529310839748;0.18907775598232512
0.22916861212206552;0.6442629123361938;0.11198255420351444
0.18325573363776126;0.03503044306984926;0.07315733086575849
0.12104620843889524;0.35757039833617643;0.3716565668957036
0.9207314881595865;0.7896959128969147;0.21563621747398087
0.4623806983069416;0.2990608433553369;0.029194915917113873
0.027997005757186;0.10435359019294366;0.8496893713674876
0.5341024034819047;0.5034739463673534;0.37154884037834857
0.224111902502387;0.18915808692675062;0.4487713280654052
0.7596985556518622;0.22433621343896804;0.6660305528924944
0.28127916899239613;0.09799602491239445;0.6172879356777291
0.49338618787413324;0.13207537485615928;0.4358174432831807
0.9980011095873842;0.7051256234761285;0.4933509392954756
0.29822078600955715;0.12935607382206415;0.8371866518995125
0.6546345870440987;0.5894023411526476;0.811694667979161
0.849053975539122;0.9258543796861929;0.5731501606636626
0.5742678669929654;0.7176965840056475;0.7140908618772639
0.8075175418817921;0.1721082224041166;0.8873380732572071
0.5850917535994805;0.6615964801373955;0.7073603008320485
0.9429096294926098;0.6395539637838485;0.6666226627848658
0.37985253444771394;0.305104517832931;0.5017743891197738
0.8572868804279737;0.8362464280680908;0.7670831753503762
0.2187959808845127;0.3853300703173368;0.17666799699453917
0.19328624239646885;0.6290417679309243;0.17274725430068227
0.9913354593609632;0.29082845777620936;0.9051341929434457
0.34044526800095;0.5157464281235897;0.44698629735015605
0.5767898080913741;0.7467818970872975;0.937135423973881
0.8879621504350232;0.9029093943038222;0.5355013110970891
0.14594724573817097;0.034811750977132294;0.09111962712405441
0.9259782766950989;0.47989705673011396;0.23148501873099014
0.20626362409452037;0.11696121519649272;0.3126508295130591
0.8069297102954698;0.15526595891618022;0.7833941963482189
0.3274227242815918;0.02076398251020395;0.5810142792274947
0.9032034749264414;0.8395290417381716;0.1829296792875561
0.3970777275263221;0.46317178219681243;0.06803097605804986
0.6279215251133718;0.8010123123419669;0.7215534123960625
0.02700510443342352;0.10904762483586372;0.8565367940837056
0.18317659693980815;0.6734982871221032;0.32851106635011573
0.9221396080665039;0.43208360240406685;0.14755390704062787
0.06829930425186703;0.195710325018575;0.27926076130136956
0.327188755044416;0.4109774485759754;0.6700335282649504
0.9681390359501889;0.24373168113692056;0.4490900760684763
0.4707782140385346;0.43724148508619376;0.0627867741448499
0.044809524376619114;0.143599516901319;0.7275229109789367
0.4316466867374664;0.11788712872993112;0.5612529447820107
0.2989984437013543;0.22212293256607207;0.13755647224593026
0.15089648649483567;0.544779998367325;0.8188823756670737
0.5957121682896814;0.4082032012180635;0.20617202117691902
0.058919803057044695;0.9268150802328168;0.8963933492605531
0.7348874927751045;0.0249858573548718;0.8781796723804927
0.9718503635422475;0.0466091193941468;0.6582027981336532
0.5605752130516938;0.3490676791719577;0.20550267945879086
0.21365548445301574;0.7406664523282208;0.26976865627611246
0.24717510303100843;0.22199490418640555;0.3180109261748163
0.526447132202922;0.30612715807541013;0.9945180255693157
0.019109313149614726;0.13432253853765175;0.9810729459958769
0.9090259351218885;0.5663678391751797;0.38467927483314446
0.2522475545601216;0.5984416206208336;0.6691096956499522
0.08347992035101937;0.5719000558895228;0.5334303003260477
0.5889271828141832;0.11033715854696591;0.757786432396898
0.4768022590843638;0.9736163953558871;0.328651584964769
0.46528563096377207;0.5839218622067194;0.7786788589430411
0.13404872267213186;0.8930680694764456;0.21618179535334447
0.4876822422098539;0.11786824807701246;0.5499802464711464
0.3123007147776411;0.8722914805931427;0.11928110287118499
0.7765383949801176;0.6190708770433119;0.28976343423462936
0.4481283269433419;0.08589947809849763;0.8096465295801415
0.6309210251902242;0.43901603771416886;0.7418123499123468
0.8622875921267332;0.1685589774301185;0.2793060423918735
0.7762246648136956;0.21192127855910525;0.6206299077220223
0.8680516858619478;0.0031424027756592476;0.2948495949691776
0.5008291711943145;0.9578269828698001;0.591246066726887
0.4129547597573868;0.5836607102320721;0.6212526706031096
0.9326284693203956;0.01903986636354127;0.29104538360810717
0.5421542048034761;0.11603697097053745;0.972794410454502
0.4555825604103979;0.16859105211105196;0.7671232651604193
0.9373408169644435;0.18607440276070375;0.014111548640287519
0.00211610943518592;0.49151428686128273;0.34570453741080287
0.38242195950638136;0.8860601097826836;0.15947278146343435
0.37956410127959583;0.16797443146680346;0.07241917115459973
0.0049788779000617955;0.6025742594410093;0.3308039890311337
0.2370368862109724;0.11567856232751184;0.37723232105018334
0.22222474146329863;0.8575208455894386;0.25518354414350164
0.13371072777397985;0.019726603637036044;0.13038712411303932
0.371869775244557;0.14489221615725123;0.869391987721843
0.6007277828649827;0.6290831587356506;0.26517621185863494
0.17475373184505882;0.14600393475737028;0.5185551537912884
0.19416155039914107;0.07314120264686252;0.7408512586106545
0.7388142598989715;0.49886391062564417;0.7802613538803357
0.7120856906997471;0.9960256609023751;0.38999245779624914
0.11597949833440768;0.21542505906501863;0.8312571167914468
0.5662016174095426;0.8618959460102157;0.5634289324127078
0.23674085761480967;0.3748033122098572;0.04507757458875339
0.2804021589760832;0.8472479021924998;0.10212901943139796
0.09169501166269023;0.9858573849111023;0.7335756828681247
0.5004354191289335;0.7292197706223235;0.5087413015677731
0.4047087648479355;0.4905079573649619;0.0045784396679954265
0.7616498791478339;0.580681691462334;0.16805415140222424
0.40251153166173026;0.39721131751201433;0.8367012330287961
0.7650479994265581;0.16667029881243778;0.9097761535732066
0.9486299664524124;0.8144959320843249;0.4587347410412157
0.35273336649953135;0.6791609543142871;0.5599688626687193
0.5327437034905544;0.7342349855842558;0.38625870869102774
0.41306280402860274;0.39558873092461366;0.2715266023368125
0.4712153854514942;0.21108548655132697;0.9830382062141579
0.5132912898942342;0.5681508556496953;0.05906755737692104
0.6762960870974164;0.5337897039536007;0.20245938768532834
0.8221467513999671;0.2729193309282565;0.7992731881026033
0.4473538612496629;0.3055247374721455;0.3734254205982409
0.39581831417765245;0.42422530038454054;0.7859512399967319
0.6955813561762263;0.8450727500048889;0.7479951759303941
0.05159151032508802;0.9323576936387762;0.445893745370465
0.006711258545107457;0.44279662136990694;0.7830875368439162
0.45197068124257855;0.21084357511419471;0.07735552094854703
0.5266930444990349;0.8619257615234104;0.8826970032561796
0.8946321673093638;0.6907139237375772;0.004288453688494176
0.06354444323188513;0.7817583128209257;0.7260946831441235
0.26061729489343577;0.8840292352167501;0.7504307671436299
0.3901462224030543;0.7378086374301673;0.8870367237978825
0.8827831598181506;0.1501393472515703;0.32668543843827946
0.2623972052448903;0.5860322458118303;0.6456759805456727
0.41338933805662814;0.10620037969883223;0.3750315180892606
0.11867677130509968;0.5859317477527229;0.32999769696359327
0.6481376880528245;0.4617075646348723;0.5631144592404723
0.46539675121626156;0.6147910125696966;0.03375717766883379
0.5252875133775478;0.9360978034370742;0.15860105904596744
0.49962359660531797;0.8408802496235456;0.9408763319208888
0.4017448274243435;0.7072414969850167;0.7513237280880001
0.8730814296716654;0.49576683345787587;0.7769597572675828
0.005541342859607501;0.2925048092632285;0.7160474985620013
0.9957943788992396;0.07038618483201986;0.7243445008403974
0.5772276919359818;0.8928832058330609;0.18222310308776457
0.009730329591845388;0.0431608805456023;0.43709153861162264
0.029531106824313702;0.18937033275241666;0.9239829084797339
0.2491639235312656;0.0013749079029278244;0.4500496965522789
0.2924888810391507;0.695404218044871;0.8270832161611376
0.19611715302345978;0.14051923789261023;0.4847945521118966
0.9604896087827074;0.629289769182999;0.7290835107649662
0.5368446305207151;0.2818844471119626;0.20571991447272286
0.4145752580065515;0.11463978309992173;0.14758478706081757
0.7293348420402089;0.6680012975337836;0.7387885674870601
0.9218739041067421;0.1722809410939885;0.8217733585822773
0.9414722605743249;0.28425424312234193;0.9946307385988371
0.6116189745752917;0.9707608637106091;0.8053420219761179
0.42129607348248455;0.6142655832875806;0.3963188183736378
0.5848397978781225;0.33016891902325163;0.711706362013022
0.11017468166014377;0.030887781321786822;0.2884796894349553
0.3537285340583851;0.9837845214178471;0.13140880228790808
0.24388280357861958;0.7781011265389453;0.9670064984497616
0.9130237908205674;0.326008038227235;0.792243460549324
0.908148477205956;0.8468774388075282;0.5720985827865173
0.36501905380661515;0.10118741442963441;0.13145823869106887
0.467733376363486;0.04845254847806302;0.5859686086893154
0.12310683476506401;0.3414555132661852;0.14294521648098912
0.0013479453927274232;0.012965192788171875;0.6895359993139754
0.16745417520949124;0.3792305362466831;0.5491106660641596
0.3096097275312273;0.8520567302151665;0.5714393685366218
0.061428708415610545;0.4584420038650663;0.8385730086860274
0.32703400462388;0.03635033299752044;0.27056435619986574
0.4410974203643322;0.7499199928554268;0.27305251878889314
0.7485715237552683;0.8539043337143516;0.31649552399991343
0.6398975148311146;0.5314665281173794;0.827499917164241
0.11763087302380804;0.14645068508599346;0.6183593752688988
0.07360605558334843;0.9809078341007764;0.8145037857524936
0.1681934194293112;0.7100738971218379;0.818160570828942
0.02317460278935546;0.2773174778413474;0.36417565660839246
0.8870236994652811;0.956097662984754;0.5735822659687679
0.028093245568217795;0.507027273039168;0.8203578274330392
0.8917023004679059;0.23036919291571045;0.7336381217624027
0.30550204891009214;0.08235365666992167;0.42678964405942155
0.47801859508910194;0.9972682809521006;0.8495625004361937
0.773071202810333;0.3082661452789467;0.973118521423921
0.6320903732864164;0.20616592715681237;0.9439711590832447
0.44049746215897645;0.40831830760769017;0.4088051488377362
0.007394930590192361;0.07218000243433298;0.5195351134286516
0.9887347244178518;0.864780626642;0.35543552556118485
0.3795244835133895;0.9057828536101069;0.798956324741783
0.06290538430503223;0.44890919239293237;0.5699576881993363
0.6028165862123542;0.4663840773510848;0.20306991656655105
0.5639261882059649;0.31391920845148524;0.38904929497156837
0.8787535739697686;0.6705806943494119;0.7629756919525913
0.5165278858281781;0.700899384349708;0.662864212859029
0.4181237988552309;0.2896775677610547;0.2417667001869489
0.38284592778590776;0.4949369946805817;0.774407059925593
0.9633297508587039;0.8237842021711922;0.6150005527255455
0.0551823909193504;0.3427582719373289;0.13646985064862027
0.586220229615202;0.5265037765661947;0.8177144918463554
0.18436142064775962;0.8136382818076735;0.5608502335393294
0.07191055883282915;0.33821330413329553;0.9199457050965614
0.21678498161105508;0.2529638120876474;0.40146669053659934
0.6292833549477796;0.9238738299628637;0.04808559248036526
0.41889084746510463;0.15659898864352473;0.7155125713090154
0.5368940285673391;0.10254007973661694;0.9436927215871304
0.33088725604676383;0.19886235320272816;0.9908849886889184
0.24520086924040208;0.6411185557342298;0.8090501481372538
0.978641180038674;0.07974501086255614;0.010829549358679302
0.3332887364047513;0.3399280351930589;0.0717626283542605
0.8145183929011449;0.886911205867311;0.9406224140544964
0.7979284701919475;0.9681568629490013;0.8697933719417635
0.21287346779154903;0.1343339528945806;0.2745003809909423
0.1475883661237014;0.9526953344773547;0.34148587627685345
0.7283127410700724;0.87890526854309;0.8167698152014614
0.7006955824364363;0.6066366708434783;0.7873586907741914
0.4805499011137553;0.7272579341300162;0.9681631441269211
0.8223099986978945;0.05697793810062024;0.09945252275642857
0.22312327663264497;0.9991491500084376;0.5479116413652322
0.05066119274090719;0.6128622748467413;0.599039436720201
0.09350466932941703;0.10535844048547016;0.8315393536897469
0.7833155134638102;0.05946167261584323;0.03930650368732558
0.293362697890312;0.4865564305340382;0.31364605701086457
0.01363737889973704;0.7133301971581482;0.6056381413782095
0.18850814639213154;0.2512302693392785;0.007877085801001882
0.4839615263494189;0.813235890845511;0.5998198765735783
0.29706957866317785;0.5282765221582575;0.9716959181606983
0.42691261981064343;0.4639284657973062;0.018450213617031808
0.14557250647151543;0.33999633372674487;0.34830888348269007
0.49835965782308245;0.3874312541507303;0.6426901711855655
0.13223377541108983;0.6687698451390004;0.3883638865090422
0.2849032640952105;0.38036418679022643;0.5818099084089848
0.6780305145889847;0.483810047893248;0.9898134958206037
0.030998224731099033;0.5074272860225028;0.4190549285380184
0.2828863644827365;0.954418828867794;0.34478641021156087
0.7614654624556557;0.6580601297353119;0.5557506072065059
0.8387249787809118;0.2952607059388964;0.9675667873185287
0.639199924169131;0.5116477041731282;0.3079797726646497
0.6063570831444507;0.7654497948208318;0.99147960156467
0.30257043795588867;0.5623235782824575;0.44123872549620646
0.9110676634844571;0.7792777079051445;0.21154975575378432
0.627403494035808;0.5767787468888889;0.7709357418900031
0.7061135112929993;0.8825890096396709;0.4984823049999011
0.8320573734927026;0.2619668438028212;0.36537691001743855
0.6457229960656581;0.5479291816337666;0.21297085820907757
0.7247599933781362;0.7005255788105127;0.39713675074603416
0.0012973025178324438;0.09384805202238022;0.7561454043714441
0.8075788664824779;0.5785830201582194;0.4727673355517511
0.09445476396647645;0.7692309277469165;0.3877975456879783
0.8820599409760781;0.694340257640711;0.3568734649509514
0.9862943343925693;0.29907663124197703;0.02180017161693526
0.8192405680542219;0.8693767584837194;0.3793277907540895
0.12208675961061533;0.12427985179787959;0.22808939443666354
0.09693015511521186;0.3406122426437832;0.6477198864875154
0.7887571459055928;0.9753367234040218;0.2642278764190301
0.320743526497134;0.38258584549275865;0.6747470911193997
0.5414093172476161;0.04157510877351034;0.8078792655430687
0.7685812538067328;0.3294891787232691;0.6327311587433958
0.226031716752097;0.48395196061691936;0.3443627839012454
0.7875464874112664;0.50528324293823;0.8078977252059237
0.8361804320322956;0.9601394034122597;0.8105673518773339
0.59015697594603;0.07405310808782739;0.780047779375436
0.010959813390596485;0.242035672555876;0.48584504403635087
0.12552168196378544;0.7192070468691832;0.36177276759895904
0.7845211457308812;0.4831309310592997;0.8328013431166925
0.4172765743772171;0.607466832598521;0.5902708984554773
0.27674687427008504;0.914681934832109;0.3235675110388666
0.48169446179352715;0.07451572616507418;0.31331102289960344
0.07975531750996367;0.742523010056057;0.8663672477099517
0.30553434838035787;0.6628576599521769;0.16984071009137558
0.5763044624943071;0.5449241413674552;0.3598095897807223
0.15212846191282692;0.7569183768899002;0.4130529040361355
0.7668124088010558;0.5402979961630683;0.1915548937858047
0.5784318539431272;0.15111403284688663;0.8814654755187894
0.6972705984384656;0.6514935295983391;0.09723927574489322
0.41399134979567154;0.41101746214936863;0.17218863933723927
0.4064069829614849;0.2724225272045441;0.33379035982240823
0.5592472159219557;0.628559934199357;0.30288226189614587
0.8733179265216512;0.47719465931906024;0.7810183188641264
0.9980530009798284;0.022765350288842634;0.42409952557748787
0.5234394468231175;0.4375797301597085;0.04598865649389239
0.24506309375047297;0.5317517579571756;0.8684276165108349
0.9091602152495998;0.06824137645185957;0.04328120491479159
0.5189187434669719;0.6784556583255213;0.8957367338649654
0.04272892294124142;0.5525308967210125;0.13602211155822608
0.6519353677768139;0.4199727864375107;0.3704552830351556
0.7106293269868325;0.25993654641579544;0.6166065418668374
0.17601664660262606;0.6192314230861452;0.4194258403681109
0.23294786752602437;0.39381666024942463;0.5787430440112832
0.24375315136212738;0.6145263752916316;0.7409984882466799
0.4134602630208386;0.8437682436761744;0.26320712102769295
0.6297868094024077;0.6731315774052771;0.32417783620059215
0.17075714012951138;0.009575500523121505;0.44185742410542583
0.7479260323121992;0.013419588235738189;0.5286149727249687
0.029638755778188752;0.3667214868339419;0.8079299501865408
0.15035327102573726;0.8546672607426673;0.2712733381981628
0.8386738043003285;0.960293933717515;0.8083643981057536
0.014458793547401205;0.6327038592757793;0.4406696897910103
0.5734770310104429;0.5466380044098422;0.24830564184923887
0.05801098174579;0.6175544706942983;0.4928717142993614
0.075275137175972;0.3755142257948556;0.31491334812511607
0.4972353723706303;0.1468014509743636;0.6994472312372966
0.653132702019878;0.9080898869156597;0.9149619662158642
0.025505434002807803;0.47721582239934346;0.6879446500446508
0.5294530371811075;0.06837984134920672;0.39660820086364124
0.5342252064530119;0.5501950230193884;0.5252172488808255
0.696261503380333;0.48078861195737865;0.23032474930882285
0.8834268957051405;0.27145931861272055;0.4016937512827332
0.09793290937409416;0.4144305904534473;0.21415851421437737
0.48801198279624314;0.7504733712829762;0.8755308301259735
0.3814103495105512;0.12006381491439688;0.2653147947185608
0.20398858023443267;0.5519787523716506;0.06011929606500943
0.6499687896933194;0.21337856282162426;0.5991761571579617
0.7175798026501292;0.5659518389470073;0.9284855423130822
0.6159367616658172;0.982743008542396;0.32980531176291095
0.3244981667380159;0.2784980824524135;0.20661791986538436
0.2144521872892189;0.9963968132613691;0.029018998372935867
0.36426187684098754;0.45340726445004254;0.24941874743574333
0.32886536011787126;0.7694778481267601;0.531743633212999
0.331083556354574;0.6556075200840674;0.39357351173619237
0.9085445478842841;0.10402810639571047;0.2932729096386838
0.7218488602468905;0.19855398335815144;0.9824759627322927
0.22583632742787985;0.7218431887638889;0.4406072582533176
0.060448337404454655;0.023630533652457042;0.21209631719995015
0.38670935251719507;0.11014295772666549;0.5012818675423156
0.013086167500033774;0.7413326471504227;0.08416336199887409
0.6175800102340642;0.17335485760538316;0.8897336094404598
0.398858429490202;0.160960917241587;0.05684426336211501
0.5924438660546558;0.023843433103703737;0.16275845328646987
0.026778828144269573;0.48159694282331256;0.1265527068766541
0.30799605272646624;0.6801416082590701;0.19876286838906498
0.2853025264528215;0.03145971374077772;0.8853008545744699
0.5356389818278676;0.8486883933131463;0.6170473988578795
0.5674949531875678;0.6671668023724722;0.15461929114050355
0.3359974477161175;0.6386550012018835;0.13291695430078465
0.5022500515023013;0.4530648008598893;0.9781619566673201
0.859052338280132;0.3397658246264289;0.5906297825781985
0.6187527050062495;0.6092979231456308;0.08079424425809056
0.35847047954397004;0.8702276028359307;0.9229618543090846
0.9093915841047477;0.28667941818298726;0.17874559753528785
0.07725282412713519;0.6972175641972815;0.26573403809348806
0.12633591808483735;0.19644962274330313;0.324353839644834
0.861563256759946;0.13532387856148975;0.8917548976568983
0.615793324695326;0.8837047907736207;0.46510365841547474
0.35419183408304533;0.3333590845471356;0.2176919970583121
0.2307816725038716;0.9624383535614895;0.8784820843061073
0.6624257727283331;0.12264216211284651;0.5651665630439534
0.21849798121193154;0.37573286440439313;0.03571503061067083
0.16077030334471376;0.3576942885272699;0.15629772194783942
0.09621230159424488;0.010459291816653837;0.5045511040115852
0.7061520053283148;0.6726790038731024;0.5966935635960919
0.06640639537119286;0.37457140347646556;0.7281940624748774
0.8160916929454088;0.03160255964055536;0.994208064127513
0.6814414835072847;0.9050184092526018;0.06355589253410177
0.10820802646344507;0.06757697747569513;0.6401467491162842
0.47771745035013513;0.04739038824867314;0.9974106788652994
0.09873839322789313;0.8043400331433697;0.06390107171240689
0.042473131810285;0.6230552519861287;0.316836367219142
0.6208953711967156;0.3522643701863649;0.35601566823443687
0.5440776402591164;0.014106221489047388;0.26890914389138343
0.9591205775910951;0.6225268157844132;0.8481914059177974
0.8384317055952042;0.7053840824455739;0.5638801601161126
0.7606424013745647;0.18391631563883626;0.24743268713320232
0.3034511591219786;0.4152317432708569;0.8653529016154089
0.5383870422347985;0.6447632467056807;0.6142445598486768
0.44546239599938475;0.3556785055546139;0.03699957671448606
0.7030848191300282;0.5037332704101442;0.9361336001555968
0.8937812462621215;0.30572088892339544;0.06494952529691034
0.35527188576854185;0.9409929353626589;0.606667899851389
0.3089417293624688;0.919799316213277;0.6835667048712347
0.5032211375023624;0.80268677021953;0.2396589316294544
0.22023640262935162;0.7005160128865557;0.4233483411970905
0.980057248780953;0.8648834040337259;0.2139741838269722
0.28668333881530106;0.6896821641284316;0.1682875490193153
0.1751937850008114;0.7605899823974626;0.08946328765262113
0.8085898677190682;0.09702411831503088;0.5973146260085501
0.5726027951522584;0.3821533196476776;0.3986990156941693
0.2379724974431464;0.6456693913532118;0.2123090805440061
0.09864273411300495;0.9700562945759759;0.3645924360888294
0.10746473821114955;0.25366857159037015;0.8783457256501952
0.43473798021567034;0.1544985379166487;0.5656543733395881
0.8119369166566299;0.7572259413499577;0.8593746908881518
0.5574684769267247;0.5831326989505384;0.8405007121212916
0.9390155303378114;0.7813976049463952;0.08841411537548671
0.11059435753262603;0.3071871329944692;0.8685244373357255
0.582700477572922;0.9856138440025901;0.6571159565240825
0.3645824050229064;0.4160043155826345;0.7184573620998611
0.7740330307189832;0.7477164535492319;0.029418517437039382
0.8536864768079324;0.5833389243717707;0.9006111596249685
0.9313464134773686;0.7993179823206836;0.8275766568364485
0.775482205654624;0.07257551499362314;0.5200601954979517
0.42342029997163144;0.2440768205397016;0.2821304978698731
0.5206335744069426;0.13845870356033185;0.6584753370744917
0.8169712556849844;0.28328629609253053;0.733267951336817
0.24652491022100387;0.7390571502710175;0.22256993677685077
0.6922183419100484;0.8498738455129132;0.18620667828908222
0.37029014447374753;0.5500903353625306;0.9304757222702017
0.5080422254907987;0.7690020797420262;0.0044111585837950384
0.37895452679453834;0.8016004739395173;0.41492206815026367
0.2432485545438281;0.5612647286080126;0.09723521440027694
0.719141772777596;0.46636712316805107;0.34406233298728206
0.2711116253122434;0.9808961922526477;0.2037174149031905
0.10819067270339167;0.8777627438611999;0.880565169102213
0.8641678689200412;0.0929996124514979;0.930254991084512
0.7298925300887249;0.2281820597115699;0.33073920209262286
0.3914615524131486;0.5274355927235316;0.3990451878919107
0.19845907874575186;0.6183817031266013;0.9626775717652288
0.006341069537867727;0.8577486124996919;0.9481754637458826
0.8954773076875542;0.8441301177902443;0.6760554857564063
0.1757943920063516;0.9474520522285547;0.9126028174850426
0.024894990592017163;0.12276370195323527;0.5772107227965636
0.17019884695119314;0.8803343775119841;0.30741702825437167
0.6450941276336334;0.6077598324276704;0.412343070813432
0.7144347954150984;0.7378144976512079;0.6051230667489518
0.7526095288611543;0.9290934598980544;0.35346658742023496
0.5822331807171435;0.6237111126534616;0.5633881525700619
0.0038171862118037136;0.4715159016100856;0.983970512051465
0.9440782338572641;0.8804844247866072;0.7822866568099404
0.6666622145212602;0.6439091539814515;0.6603305624990233
0.9562260374481132;0.5318342612717334;0.0594284109125649
0.06190353150222283;0.6390643206695503;0.6133568159217301
0.7285646107688345;0.3112897799801705;0.9307497371834601
0.45719656041692835;0.544811111027592;0.12305126980746783
0.05184517760192142;0.8678434833755543;0.6849873473576359
0.6118906871103443;0.7770569916843773;0.12371295493533585
0.24537658245194105;0.23924038383965363;0.8614696365056091
0.5244045277391328;0.18888088988045681;0.7672843645692592
0.07611122636512946;0.7773029209933868;0.3976853256978461
0.38884965642776115;0.7518999379264695;0.4438936788005611
0.7657387689573445;0.5743512363879885;0.5240984438734232
0.3797083169781229;0.11471990685370548;0.15379140282235615
0.5516859953994657;0.4279959941077657;0.8820006230038061
0.6130039857569314;0.23305513395182764;0.253695545427144
0.033900333811375916;0.16474292253816347;0.926514577038428
0.06718763412821027;0.899425300059634;0.5089372160769283
0.016158889750775174;0.3237183605565217;0.6898985750903088
0.501644308006519;0.3121697765644855;0.2282417535454131
0.03514537014654073;0.6024533278998692;0.6540511065607502
0.4995577700727408;0.02031459826024251;0.6025858528542574
0.1987690258426984;0.8556142590977613;0.25370939046084084
0.7660345407821331;0.051336245216740184;0.060811169648930075
0.6530819917702966;0.4878508870060405;0.920937402271465
0.6219832413307996;0.3584473290277085;0.19827917186641308
0.2986311300105864;0.5393189511626183;0.3150481150191534
0.1644136172573657;0.6445432056352018;0.9840177400586219
0.13635336610169901;0.6210022858284795;0.18613633251104378
0.5756875992140313;0.7111943999782963;0.2848813513076758
0.8217703028840232;0.36795601791307153;0.8976017029224009
0.16815012395273332;0.7729290775167408;0.24299196762640496
0.8922147668423299;0.7046330022314388;0.45995833375643
0.4934347558473957;0.9883820864793577;0.37700236311862123
0.11702786493370032;0.2296066176545779;0.23824941488303109
0.8924892098615255;0.7226420355733119;0.25258569134845466
0.828066437131787;0.4189225555780953;0.5277862889311813
0.3286704017005251;0.8488865573997126;0.45105537608889323
0.7148019304164166;0.8635643523654315;0.06582568160821556
0.5690129233664023;0.21755109816109486;0.006294412270441696
0.05905397204445495;0.3695506343319961;0.5663330979228093
0.06455613140696315;0.5230630992629749;0.6310684480782566
0.8138875115833046;0.4918995859784675;0.4651326151900763
0.49032187191329646;0.7491654243944459;0.8248346311249517
0.14845799678983773;0.5017419087186517;0.4221299785109902
0.9737677781882602;0.882061633980461;0.34246672916791177
0.660447277850461;0.2878185278317983;0.010547554906448542
0.08624476836210848;0.022491482274431096;0.982911146114758
0.3241383186029485;0.49397786375388897;0.7542014623411909
0.7948718789307186;0.9768315309977245;0.644406505820024
0.561388805451531;0.8331050663530476;0.5157443734372094
0.6548786001736038;0.9338892700802431;0.30907934210998833
0.1778863280127735;0.2565130783007119;0.7430446024470475
0.9563075987202158;0.814219028940353;0.36073053098210117
0.34540705898786406;0.22044945210854172;0.14334558059307
0.8211162327341416;0.3257499709634635;0.3318190783947821
0.1710590106557348;0.9405337531590596;0.27541142386006845
0.8115426090430498;0.6993863770295302;0.8601598185533987
0.6022204126920753;0.5300879872376077;0.707069458787113
0.6183397598392759;0.008929183867570578;0.5835099053520706
0.8604825055589062;0.5488289499940701;0.7019036747837256
0.12538399159146607;0.3161248137763901;0.4037253969697788
0.933065589942018;0.45464564050011447;0.4115751324404425
0.9307590069116054;0.2955807953495575;0.5538627117223048
0.16476767482388266;0.9494675259433002;0.7980272043136529
0.06403995673307783;0.02623103345014932;0.14318948609093163
0.16508557657277678;0.8612955747649156;0.9871461450934822
0.7819934150808565;0.05892975525866617;0.17205366093789487
0.39104890668351877;0.1262474641487028;0.8962792147107264
0.06463562371898612;0.3578424611322364;0.6848111052315033
0.9195173912539817;0.05190331161221362;0.3296398683674234
0.14627167844957345;0.16131542539137167;0.8254573744091295
0.2049359249613958;0.01356860613392663;0.6617124722903038
0.5236220589562811;0.28455533546531575;0.17526998662783
0.8922851257715195;0.47436527724476707;0.08094636262126431
0.930100710598323;0.5207094131387431;0.8625118294048906
0.009061590690846555;0.11490741140083582;0.8665613846908715
0.46032885937437884;0.6420343914210609;0.7669850543051725
0.38366740195714644;0.43134987318705165;0.7930341853353756
0.3789143072963409;0.4293439532778418;0.506860681993192
0.8704474090250232;0.49453238419670487;0.3964036612235853
0.3903089762938957;0.2823785155311316;0.3606088620057071
0.19847493156487972;0.06085779702018135;0.7110856069158761
0.16584592016542932;0.4773375771317717;0.18229235309747982
0.34137401895451336;0.29706514487219815;0.9544585987525611
0.662838768176975;0.621363580730936;0.08988100935419907
0.8348025531447629;0.5176595507216937;0.7449687052705196
0.5555257929179648;0.07861993041126536;0.43493997781336546
0.23410380683925125;0.6467856816148441;0.9452116779800921
0.8291881397032866;0.2598553623933346;0.6839585023670403
0.10057746137070078;0.9036404741261895;0.6636670718047893
0.6345109831018002;0.30273743602659353;0.8640539349601394
0.7841075838859799;0.19771360343796618;0.03304678285628693
0.5126851551292048;0.9347209858479761;0.15056241085811395
0.09567714392347348;0.2770628185514119;0.4555761005911946
0.5547101750031336;0.4609697568206331;0.3729120381268315
0.329684284694878;0.5831271561247192;0.8552992487344916
0.3820369680132222;0.4139993338132182;0.8584729003729761
0.4506134936770162;0.19691857897255893;0.9693307970901026
0.5074904542384437;0.7251799081488771;0.45372033337168716
0.7019075893648541;0.8729551915919629;0.31055683221898667
0.8116676563555059;0.6028700683352607;0.5140496059788823
0.7238892189738841;0.7110806978077358;0.7562700115376572
0.8004719907738314;0.36644036892085563;0.9598904653634557
0.2221638985662321;0.4654759028767814;0.04138005759148411
0.6703038200229502;0.3042851487940583;0.4451669320640307
0.307047821166741;0.9953391475835174;0.43808641451560026
0.509904046822328;0.0210772742387082;0.43143859213780367
0.11438628170801635;0.702763718738036;0.9745160039123574
0.03228179990729474;0.2696210743326968;0.4425495617205448
0.5763651318132355;0.4372121010482046;0.4291856061154379
0.2844966097608622;0.49393902131545364;0.4778520780715435
0.3773729795127989;0.1044786517418339;0.661374726862868
0.3133494051844927;0.33993504578372846;0.11916070658058853
0.4714630253643004;0.35627425135907353;0.2297245392516275
0.012122583909608187;0.5678250477232529;0.09086019991947891
0.7964937527522444;0.21475585363142746;0.1577064065388457
0.7461070333939877;0.45741543266923324;0.6558500132539172
0.9813495256096019;0.15174301013245795;0.025348206674839946
0.20652882943421624;0.37158652199488706;0.18541192928365702
0.2184255103854187;0.8487273342643038;0.6109299756390297
0.7817709056436362;0.9127822209546964;0.31263747100763906
0.6021647755252664;0.5176620872454528;0.1826833484332233
0.4212478752440967;0.800937167820411;0.08299848425910938
0.1527558902393784;0.20081262271470468;0.45325836681229026
0.07257061721422975;0.06265376657553645;0.8980061487740819
0.8541733568862148;0.04445366819805674;0.3636719056842673
0.5167690335458552;0.918709113964837;0.34303700669712434
0.42559742586731397;0.7914633075704591;0.16468519462355946
0.27907700972282;0.3742499096838052;0.004012022107574009
0.2663842835529384;0.8384704053831117;0.15465153102209506
0.6918123617758916;0.6278030584429584;0.6801268536833971
0.54208574483046;0.3141274152054555;0.06530580137984632
0.45781553912959505;0.6676398073131641;0.20825717638611674
0.19049830297739456;0.13026750735692139;0.781006936628412
0.4014204346376562;0.5222476185731467;0.1891334729769215
0.7711567746425251;0.5597858822908695;0.5861539712164793
0.6097324908448883;0.11920404956303654;0.22674610481932733
0.3918494984922145;0.0713505206433932;0.7506470511633432
0.825023398989435;0.8332082188342894;0.4422829228068814
0.07062447742770961;0.01601649935219951;0.46989432728971403
0.36647747791184493;0.13345682996223007;0.5643185904372471
0.4448641125547935;0.04750235575108985;0.15653300392571978
0.9690962587019442;0.2909466554618556;0.2551136099991238
0.27067593545261404;0.49333863531241007;0.45073483771538836
0.9804318697916257;0.5955351220220996;0.8398597377951975
0.15562354806627132;0.654257503612007;0.29509630545423704
0.5334330207932406;0.6719949858983365;0.5248174637315796
0.8322943930428712;0.004791875982362304;0.5600121544147715
0.037504386974170356;0.8591600208919852;0.5316195665410705
0.5709898855713716;0.7800713341721677;0.17893391643456902
0.5481342255145111;0.5799654248487869;0.26549565191515334
0.34756514624263535;0.653961050000554;0.8501503260164993
0.6750878322472373;0.33272030989682966;0.7585809224989699
0.03796795056884106;0.10367285618157907;0.7047361259486498
0.8088510884965436;0.5734648689486384;0.8422402741955072
0.8748531413426403;0.25135882816313215;0.479181210841334
0.8769445751712555;0.4510386109960771;0.11234646546153548
0.9668995369555334;0.946290925059568;0.25358892776868147
0.576946717928478;0.09770656571326553;0.6868402289672614
0.8461399317592943;0.2808000478992839;0.20981466057758824
0.3233324164792146;0.3707758219281868;0.6643182110959913
0.6686681507799487;0.25077849377645733;0.3561420200064961
0.05368511360340533;0.5930828038279694;0.10615008645583024
0.9374949757068002;0.28252664020387963;0.46120926616440805
0.3364904774172679;0.13883364911938212;0.6899738327413287
0.14984070290143214;0.4608740825437444;0.20949929163966918
0.6747002840493768;0.4689684649353776;0.8620094073179426
0.7680721195420704;0.8417905317010405;0.0953880228938575
0.42897435358143887;0.12243957460245158;0.8606607853018066
0.05270015497088487;0.5784617120314849;0.4921489610455788
0.513930314876382;0.6830773473816883;0.07880269955145391
0.2332129018286685;0.36014001422339614;0.5951893065900047
0.6314191018310618;0.9589835709176698;0.40444383082848057
0.0695408484041351;0.3659541455488905;0.3750258888927247
0.7291304618045958;0.9970222614688629;0.41616432518105495
0.6316828075815939;0.32050858639447144;0.62160397206198
0.8610593986831281;0.016125854157852504;0.4988961035053723
0.5936529483237234;0.7891936477761657;0.2781273441157063
0.5276680539197744;0.34948372537226124;0.12126644268851072
0.13238054672276678;0.32290507927164613;0.5885484297761012
0.14980616958150983;0.8133568514925481;0.7964256460263649
0.03932730338443413;0.08120154167204596;0.7803652350776664
0.8373359381820222;0.33472663047819473;0.9859583427874534
0.6063583078823487;0.8712532076523126;0.7321880620324537
0.8610478074132766;0.8668027059575605;0.45973341553117075
0.855065317177543;0.5864167772068001;0.023441555729798003
0.009459642048470052;0.16429425863655367;0.9116387483448568
0.027886804940138732;0.6258220358492645;0.6864403660873546
0.4861810302152605;0.7337599131352972;0.3177329639497156
0.41245027557908065;0.8581437855172038;0.7007558143255409
0.06799569214072343;0.4725239271228254;0.4102137914081173
0.1983023992917725;0.6685052287659652;0.6542892921419945
0.18060615999944685;0.8890172083613236;0.2972227353914456
0.0027172390754769404;0.9482960738523556;0.8577634827458641
0.034047019608167695;0.5674413709594102;0.11628484896992486
0.9632872925238749;0.11124993934064653;0.5254961393357244
0.04606456009790494;0.030197349550006525;0.05140512129407748
0.3122932194431509;0.45663813274455434;0.7452211508541519
0.3502562086148243;0.06504200872253474;0.8360141855169191
0.6641470648158332;0.782918806278231;0.36350717573462943
0.44971988666664686;0.9745508413195115;0.6549656579171245
0.8044978098329607;0.6766448952064396;0.9146441889991647
0.19093926330098443;0.6834930548551317;0.42779859353283667
0.27578271443601377;0.598251299871554;0.18459853695405615
0.1983798958825942;0.08269675669628562;0.46520790563334535
0.8224107407980383;0.9282999872966284;0.696671839186068
0.03302467485473404;0.27472575430661283;0.7253672460664491
0.8056921973137057;0.3525430302726428;0.49938393019703275
0.6219856902238322;0.7726968856562727;0.5769959850739876
0.2795517758327558;0.13072693194619378;0.7337332818218507
0.8839132275866494;0.16729190065612864;0.8106539013519315
0.6202632265418613;0.7595217320711088;0.4383048619496943
0.5319441665280811;0.9675825229388199;0.3022775185499378
0.9299639390219082;0.30616454669474924;0.12180143295488932
0.2135667519747365;0.8638035006949092;0.4674429455233433
0.6943655688301156;0.21083669907538005;0.2770877794425365
0.18278792799117471;0.20349119348594602;0.9082020432980318
0.2063639328832403;0.004366701657738781;0.37589074317304394
0.7765484153829949;0.07702244671984837;0.03893065532505435
0.7059734665326003;0.7410794539171875;0.30622190654326875
0.5472246202425819;0.3560383391686749;0.4045963353058385
0.16642948944078995;0.5331223897705413;0.4485860294276369
0.18855362414240162;0.8757780939931052;0.5967607451280875
0.18112026994683972;0.8032441014587516;0.10485706887931634
0.6665084840014709;0.9797719638707235;0.6364567699634752
0.8274002660031481;0.7258979731271571;0.22265355330115866
0.10859947047599638;0.989664714772027;0.4213342578596613
0.8024975116875942;0.3470797824885432;0.004172224240056144
0.26389898212382157;0.7931763416429197;0.15789733716524268
0.37788225955153276;0.16688794174160315;0.18848053722584468
0.6876151255592633;0.8793197523698055;0.8285699513687725
0.019733278309693847;0.09748332693861428;0.9501644471185169
0.04458664875761842;0.8700218843603417;0.8385759905677823
0.7264057083776729;0.8288070812597103;0.2661514228202674
0.7230496227562592;0.43071884535250504;0.15310772878832757
0.2002957811754622;0.7022915937414241;0.4013999651065948
0.399422440478473;0.21739628297984692;0.45980531053407714
0.6902489890207908;0.5889771011365652;0.6597110846823349
0.4709221293427358;0.695872885831453;0.8212604809773576
0.3215997894884375;0.775583249857303;0.8676975442004792
0.3536067634212109;0.7748294876344253;0.010536534777582651
0.42903275453038703;0.11397637566287155;0.04653722052715359
0.55749452520346;0.41620439395861597;0.29733605361930826
0.7139196465815597;0.91659829648385;0.7599805649732709
0.024456694973808646;0.33718739464244685;0.6556083299294512
0.38845157008621156;0.29568200305900794;0.055228449149769876
0.04201212231216955;0.8591976325707902;0.533949138851455
0.34799248737582555;0.0419299476896956;0.003161786203161432
0.18725391059222718;0.5348727094880008;0.5747358312977608
0.6989307346275699;0.9657350954101026;0.4236157246096448
0.05920333954561163;0.7310187405704242;0.1954661593306375
0.9729263189695971;0.37149718235510154;0.7495055236024386
0.3832075312460914;0.6983171197853706;0.9668687289901073
0.6675885941581379;0.30825811766681677;0.9292378436908725
0.06137475084715793;0.8344865029558154;0.10740362860392949
0.43923556676006925;0.03657739889099165;0.9641340589472286
0.05071969844192736;0.9663875036108134;0.5758118367260328
0.7483136526772166;0.9430692146698816;0.20956830957896577
0.20669012818535137;0.4505249883552618;0.31967327358203923
0.9971052755681253;0.5378221666955225;0.31705691545364145
0.5008077083183796;0.46468233472642306;0.7408633092073983
0.9420648042135961;0.5606380991070407;0.5380433045810987
0.7617049949569941;0.21773718955194055;0.039092599929499205
0.6974208379392876;0.62348664977881;0.8415171659309583
0.44360562053209096;0.7340703776673251;0.14325740832306522
0.9628748435316631;0.06340289486603923;0.9164579896018589
0.42067063960075;0.9747058716929416;0.12341094415730103
0.9146575285977916;0.49652872961797356;0.6254596426712701
0.016932105161499567;0.8207866060931628;0.07923142849446807
0.9869676490311412;0.9456913428778903;0.04155090606069123
0.8242459805979402;0.015017521657686106;0.47344648392771194
0.9682314929198614;0.5836693301609464;0.16329990669062933
0.5823092766024003;0.7821325015753513;0.35402635931535864
0.9547956582471704;0.6992857014835937;0.7403778085611661
0.9734103771610141;0.7851900551475217;0.9079618400408586
0.5729924214234174;0.5481607474335582;0.5594871786616045
0.3529232856685601;0.4352008633434281;0.685185954739866
0.825714072420825;0.9258211931615178;0.14596826085874814
0.8718196738177224;0.5537533755590929;0.6290585993272079
0.33434386515845316;0.4459603247686299;0.041269116450980414
0.4065648932160446;0.05112124567629228;0.22325613816104906
0.060542765065791704;0.8038399079479112;0.14775605679792747
0.5229232909740029;0.9721468756007755;0.3628928493022595
0.3142838115426283;0.791824189822552;0.25234765373546153
0.42154096993316226;0.4777742229130233;0.4700202212801954
0.13925038997228256;0.7206028569663951;0.7316251593795176
0.1506529592365513;0.16232826205457163;0.4976586497830061
0.9426260860352983;0.6465557632798272;0.2692123479538643
0.3231464677497973;0.3861181343070096;0.5159569463153187
0.01158555093847391;0.9673651892489815;0.9704295952656314
0.7526254675970614;0.8682460682651816;0.17862867976778196
0.5528911209056848;0.506252722923787;0.5625800012286579
0.6991335402687023;0.25022507352949885;0.13076010865117493
0.3721223394330915;0.04974960657597738;0.6659668430226934
0.7331054542134996;0.9002873370928979;0.944429781429958
0.46319082514586896;0.5919247799320001;0.34936734687391224
0.0008192129950543858;0.39616810176757444;0.8606559991005791
0.7742131555599261;0.5999259749683974;0.8566851920814185
0.345730733372243;0.7098918194819637;0.6697007673892271
0.34999860934770155;0.6599803170084027;0.029078287701626238
0.11042109229448716;0.23898197263927445;0.2707730868275521
0.5676118753353446;0.40604392477170415;0.14285218368163677
0.4117978453502691;0.9454154923049941;0.51829110347477
0.8354796803528373;0.9312624015138831;0.8188114060842228
0.7494959393820877;0.9328332031379034;0.09995903477170676
0.6414880565281217;0.7098869620423802;0.3291870726237106
0.7410931839318473;0.8498867203475834;0.3831425525109464
0.8311829775972037;0.4293772752683771;0.23052725180658418
0.6029422323044848;0.42809145250872194;0.8195969823267252
0.6065521159225629;0.3627702724009033;0.9890515343425995
0.47722399788175196;0.5196183374418356;0.9548854486006251
0.6704440571894879;0.18744405619306403;0.316868110272032
0.35573109857090635;0.9310443047877375;0.2487320962627254
0.24772113881972568;0.17125514484122062;0.5007963903724004
0.2168587427595723;0.684540850799427;0.9746464382582931
0.5761084164405794;0.9324889127941284;0.7985417027447447
0.21979458245970473;0.8557899436186787;0.11945955555297705
0.9827443755537684;0.9848544748701973;0.4018932515347613
0.33028712453932163;0.8831743895675136;0.1645682193970769
0.873678648328645;0.52956324558694;0.2849687554546009
0.6981492829739295;0.35807508730327364;0.2075788479285634
0.6363047796593727;0.5806021722764592;0.8102944266582479
0.4192075069089002;0.09859314346883241;0.47157450805608436
0.5455634118235059;0.7557082503326741;0.10351013861013025
0.0019809396438980054;0.5048146695766895;0.24814022627572208
0.40205631509278483;0.7269586094835568;0.7549327293064364
0.12528434371620478;0.21226889834393647;0.1394919313006162
0.8451697559361616;0.08070521528773911;0.37067781030511693
0.9746385010801056;0.864592919379453;0.9656539763702997
0.21419461418344488;0.6279769843001678;0.626445998280934
0.06749098998988645;0.761366759511303;0.8170319837781996
0.21276078776471719;0.16144895409498738;0.17021717990979268
0.4211430564549863;0.720878682272016;0.6359768441073994
0.7470037957962733;0.7280049802177408;0.8804916442914882
0.4870625307859626;0.9801329202680652;0.851363643754396
0.21559263814206597;0.9514883583694145;0.22217458540118373
0.9288632882876712;0.630315037779644;0.1891055364710783
0.3367867137002557;0.545009310489007;0.053575363957312994
0.49408947642324674;0.7425526904246836;0.8857449072972694
0.48826314609487353;0.07335592435115623;0.4819104721025885
0.05552891784277747;0.29315673463209857;0.45169506583456676
0.3252592850316308;0.7579141361221016;0.8900864005411268
0.30974462863298435;0.5672065826919662;0.2930051537662429
0.6265368174654785;0.3979022706988844;0.9501010626173388
0.5095827182364858;0.4661078768084813;0.7406805213079105
0.6104547995143913;0.3486940210474917;0.3704380857113716
0.6798724960140405;0.7616867962750838;0.7786179243147429
0.6575729105476089;0.9033708199597847;0.16661094419716604
0.28677714939321874;0.5290872916863444;0.43828186899675103
0.07912951435928539;0.24244214737940162;0.12273000382350785
0.7065072978593622;0.44059401425401423;0.3209585995934008
0.5621224483231587;0.4437665313345378;0.8382834266735691
0.1523197047775554;0.2262137708103158;0.6646129859527867
0.09909421806025953;0.4555044185678655;0.7242487950584696
0.8248051852620618;0.8327252841063137;0.021287410822716124
0.42182393360952497;0.6525780996402157;0.6102012555457756
0.678067092090904;0.00870980430393975;0.5462467616654115
0.5387121206249824;0.9934619234256247;0.7853649614935593
0.7255848552397312;0.41134202023115296;0.8681648411227976
0.8731277018377089;0.8757776742908098;0.24309771625859977
0.5532316735508568;0.6431583941101435;0.26876019513232785
0.8766744413605899;0.8690285152414181;0.7059193028465445
0.8178640908895554;0.9452267682365423;0.7326984685290363
0.9606277633511425;0.8914035420591678;0.425222848969093
0.7632529404109938;0.9660980211950844;0.525407750142414
0.8591140262776348;0.4548984039683026;0.574259280753295
0.10953355603567383;0.7363756419163338;0.8453515900750619
0.9569244163967724;0.36645274016858165;0.7335369827959092
0.6761241298777877;0.6645074473206899;0.20567452999490776
0.28398099035540836;0.3376119373621659;0.08884362693681547
0.9966688712426411;0.850410993997822;0.13379857565743936
0.6078046099258797;0.8983873895414929;0.90467919550757
0.6240737248663994;0.3565081916616363;0.9144624533975987
0.26792836396560127;0.044208260484768336;0.20565550862035265
0.35494341411089403;0.7845443511799256;0.6682650917240357
0.5999227413028116;0.9694217833382889;0.6401479204302132
0.15563059947810876;0.584282431150474;0.5167645888626454
0.48095916710441444;0.77163815750381;0.8561369827874316
0.39825197699977255;0.6595488866771372;0.24621818013059804
0.9733154421016409;0.14723203845946797;0.3541515810801735
0.0698393581871476;0.353074613660193;0.243751458854239
0.9981327413754821;0.5140654633724014;0.9825911746597423
0.06021015028685195;0.030422650540993468;0.6976665500767459
0.7802580705200709;0.13164316252113673;0.5875810177295762
0.22742954810206617;0.5384655412351621;0.44177102535885626
0.45231445809687376;0.3748933951389405;0.2817963266157737
0.2893775674138188;0.6447875433880664;0.12564819396718863
0.17964169603536584;0.5300851542280854;0.43619710361121233
0.22894037128662992;0.00923581299697962;0.4947735415859086
0.45572068487054773;0.8163362997861462;0.3597781055874395
0.5206058434472497;0.8164338127651343;0.4943035433041919
0.4448375812008438;0.01969022042523627;0.17729959183335786
0.039384091237673724;0.7118964984548242;0.8185443119490771
0.20383856656181443;0.397609544151595;0.10535860063953184
0.4945880999295722;0.5151446365053283;0.8944526447044302
0.1756434535467497;0.888639550564088;0.4252753501823684
0.7507109781854593;0.5909221034778831;0.26637847641464807
0.7420617741771637;0.1677963584713471;0.7638138720953945
0.6213303176818593;0.09573704438329611;0.7249596544288852
0.9164476917914853;0.36087579925842017;0.5972056545556802
0.06790351556103624;0.0446113625286072;0.6601428328977014
0.7796596165246775;0.4847295574464169;0.33431525049071986
0.3334872023947102;0.8841317530010564;0.7029286403195426
0.6136170786637928;0.38370146718273446;0.43970715211428
0.3877617226660778;0.15180588848760146;0.18117813983715203
0.8478020799289262;0.47940548633914604;0.32395705892267457
0.017756838560763377;0.45664833351937295;0.07586016641154225
0.9575628468145017;0.2361474578259346;0.2014496414947058
0.7966927367718686;0.323232682047746;0.8066073048330902
0.44171159385113057;0.8439897795306716;0.975610274988957
0.36758839260001974;0.8028935944462677;0.47173973193066443
0.5662356064670011;0.05997600073618348;0.04570839541763849
0.5425173068864607;0.6030840956695412;0.3620202582400601
0.24737991037448714;0.35762205333256525;0.7820825044244594
0.4629682033841639;0.22335748918683007;0.7048196183671932
0.4280203485624058;0.8019934184577364;0.7168558870638474
0.7724030537501139;0.6977576575314881;0.805143957087284
0.22278235446779704;0.32568980194491315;0.2784643523236974
0.7785073404271293;0.785840307204782;0.6581624973611042
0.41184138088829847;0.3209856545463545;0.3977269251649286
0.5920180933044856;0.2253430190876603;0.8937808055385985
0.15365889587435122;0.6974131769986119;0.09101829720267207
0.34935019558183333;0.8440719202941793;0.9748312950289875
0.17350625178150447;0.7402439473191813;0.43962757676034137
0.29666918038174894;0.9493240831532629;0.5759848744458679
0.5919132142337403;0.37481120873003293;0.4196700038930322
0.7725458306182426;0.6854894763153268;0.37105706149308304
0.23519039012690102;0.08378888401398332;0.6278749703147259
0.4022174380604412;0.03417292499011282;0.8869825796212358
0.7758706181669154;0.9359731011650939;0.3826646087733916
0.8711100348994526;0.7193478301288773;0.6322246488250763
0.59348369340769;0.8562585567823835;0.9636308107947903
0.5335614495104547;0.5617058966892485;0.6621853084985222
0.8812600813521266;0.1271460014591025;0.8499252700120035
0.5623625799651321;0.7530095341539014;0.6724753347455905
0.588660093616653;0.6510901427680024;0.4351062111988284
0.9900048088008588;0.670481209639743;0.2480540092760738
0.9799918917486625;0.7357469764030439;0.7741189667249303
0.603823242097176;0.0718589109981046;0.33156286436042026
0.8711236913501467;0.0848330899728118;0.887226971327773
0.0789715609864522;0.8513214567381626;0.29043812026813853
0.6904093893466119;0.8100496155048139;0.008011669222131812
0.07141961734740288;0.23421150021997694;0.8132138889864841
0.23862901264339198;0.993080737277428;0.013448787273805496
0.6937019128591483;0.046115160633226404;0.07108622934738162
0.08940052927576259;0.5207016956356805;0.7958278819361548
0.20451860821016699;0.5984562993874203;0.11563862298225258
0.3092456945092541;0.47130192204310517;0.8182585184940581
0.8934623627289551;0.024015474548093274;0.2560800476990065
0.9070315911232777;0.11256781015357464;0.008399197320571261
0.6074390772106639;0.017789628562635107;0.6818561248639005
0.8447055067373037;0.9178921564668502;0.9259413685486898
0.13265691911715893;0.40648152717267316;0.7165508538590852
0.04084163621470782;0.25956331681496225;0.8005290897650864
0.07576555997632994;0.1469400030279907;0.11007059156678478
0.8107630055937946;0.6443912319690294;0.24563610571907157
0.4470761573486255;0.0524495081472417;0.11905420323613503
0.020563423023798544;0.8204236641292275;0.0651939245179054
0.5678168746895412;0.4354851492431251;0.9988910776136277
0.16315108886456386;0.6656387762012204;0.5012871029132717
0.7921766234662028;0.051120762438305656;0.4122797172894853
0.6545132751031811;0.6692428694840191;0.574342485851039
0.9958252241309202;0.4265404757955289;0.28620924515898494
0.9733535173517561;0.898058694460124;0.1594539848007136
0.6723313091047186;0.09638210631065669;0.2186515839484473
0.41395080278206464;0.014148367178161703;0.9031529516610806
0.7035809527509683;0.0769802493198738;0.3023527799466077
0.5626128181465344;0.9685791970081384;0.42801115719990035
0.9546827911670875;0.6362192794816772;0.0032011574281484156
0.731231624295279;0.9764692215642723;0.8393615745524085
0.2857294612347573;0.8406591841587977;0.7222255427452434
0.10710346131111914;0.42328476941771753;0.6252671633282421
0.1550485798661121;0.4759343800943041;0.8250909774507225
0.15812501929243716;0.08437915792152284;0.14177294374774996
0.6086440768169725;0.9817827630496814;0.1192136795874259
0.5846566548512724;0.5559454705583596;0.1533886422593781
0.4383761876599045;0.7844756298680209;0.1545275451499034
0.11242784072541212;0.09444369494281979;0.31814324631758095
0.3139618055568897;0.8665315179619051;0.03924040750401103
0.6202769496666537;0.6077021851970068;0.5264954961246158
0.23350505346523576;0.5707364657845811;0.19015099412634384
0.3148973753759612;0.36544085503964774;0.8442738651169119
0.5373582836600629;0.6237514574426642;0.49947744760491797
0.8189207711480906;0.7043749171304963;0.24803381057293494
0.9338426687954332;0.5986381089728657;0.7321556832414496
0.6339051039955792;0.6461720953469778;0.9492236713257708
0.9427428147185957;0.2783319417044724;0.22565939352772235
0.8362460849297184;0.9536187862871253;0.19945770739995317
0.5577762675058698;0.4260874131955964;0.9339453549474364
0.8468241244990419;0.38075486121178703;0.09283228334559179
0.6953187264610279;0.7637437051384761;0.5727842447522659
0.23391264784682186;0.4148414648660922;0.2988052687995306
0.9908821502282102;0.9074653471947814;0.5045598122402009
0.29104450324252185;0.41123604243372003;0.9408417961511621
0.5482639726629105;0.4806065469516426;0.3622028211468542
0.035266766231701774;0.5056314166578849;0.696400398911963
0.28712337311233826;0.3423045518721569;0.6061722807826192
0.08543479479607285;0.6995019849853078;0.7383872682524258
0.6010608120290157;0.6494362564801945;0.21812783105574718
0.04058407084413218;0.7062340195859693;0.9186243371957279
0.7026688954934693;0.8485093306379042;0.6150298982188427
0.8622258773451696;0.6924422049335419;0.9413139109957146
0.9593034403864088;0.8964690313498572;0.5736643097390753
0.022886693963629745;0.08671603614742251;0.8048693918470413
0.28930082833765014;0.6124596622509373;0.5780689853121939
0.6624725652787828;0.5582206437293216;0.9880016288152444
0.07034016832924139;0.5255673032777392;0.863700338623801
0.7093711252246153;0.4051642481847758;0.9567156256941074
0.39214228307713794;0.9360417939372703;0.7650122390325689
0.6607488376364391;0.3909944766876824;0.46930905046862703
0.26396877049972034;0.005699354058483763;0.3062502254434749
0.20046593861086925;0.39682338882826196;0.44367430739736136
0.5630131964523558;0.727263389937259;0.04977665485373728
0.12785884362092448;0.9663128031059244;0.32125627239060084
0.6398911589374734;0.8507470173504282;0.01490909773872695
0.9729122223393079;0.8746778389787109;0.1681810097598987
0.9277670153138871;0.2598668628075611;0.27230351599439984
0.6998415861275976;0.3807035588447052;0.10607208875744811
0.690132302989461;0.23641191952407337;0.8487774989794505
0.5972640323745625;0.5973177410774255;0.4036652435655793
0.4695788179153717;0.49941028468624293;0.6597054834426984
0.18090557278960184;0.4748883584790322;0.4280717074059045
0.455486452411363;0.08484109989685296;0.5721305149729887
0.9843159044286467;0.30273866869609867;0.5321995262271758
0.5335060099582484;0.41635999770271515;0.37543899497056654
0.31480000393071017;0.6551873498556313;0.3545933232892674
0.4063940632445985;0.7663430232634197;0.198866968025188
0.7981321884183;0.418624608361453;0.46159664925756383
0.8630215333626545;0.42065371367025817;0.8178408628687432
0.6371957793008355;0.11047858836934288;0.613994424019681
0.3764619550500188;0.0191999523541041;0.8546859261529818
0.6602032811390284;0.1588170365136523;0.2452532150147837
0.07695209556697169;0.6523004854467378;0.10849339832511085
0.7724450602403649;0.40467474668837355;0.4197273070644345
0.02079766582250886;0.48444782992158;0.6986233481772872
0.34737735238702205;0.37532461282696905;0.2415902615380241
0.5674909038611144;0.6275830121677582;0.4712390602452713
0.26118355568498064;0.6487829682862404;0.8522712961065637
0.4537645961378206;0.9709239848464409;0.27102372440797295
0.8371901702186978;0.39060507489523966;0.2431952454491042
0.8450652292065588;0.136764655845517;0.6753271014709122
0.19983330321896098;0.29575802740915635;0.47352012581056213
0.20577393073623595;0.2853825882043646;0.26350871751647287
0.1142247025207267;0.6832666907990933;0.45060391724688176
0.7200701773550898;0.6200211296893678;0.08312195523884125
0.3583782153996644;0.7780631003247059;0.5757579589562942
0.12009349871550756;0.8046092302882683;0.12550405993009417
0.5950052860572549;0.8504047005253894;0.587751756327457
0.9831641147284805;0.8297525832091076;0.9095931539207146
0.21362916554471456;0.5302302049312791;0.43156755382297807
0.20182322517416618;0.7156820462533251;0.9918047733613331
0.5499658566258029;0.202560987727472;0.6168265303189042
0.3527476234639586;0.10661450788039217;0.9618351155785018
0.45586377864722283;0.09729789184045368;0.522014200084723
0.8434631879765689;0.5480804255513878;0.6000372022655848
0.863891876517674;0.4633346952103832;0.4996019701454991
0.6335841935225783;0.7824520304547066;0.581475863093233
0.6388448964134844;0.7823262646778635;0.9918439541279123
0.6165970681513332;0.9783012083234122;0.31248036431423976
0.36277294607763777;0.4143222650173255;0.8043152214061837
0.022677995930395656;0.8926747770719132;0.5225040546066158
0.4432683701854392;0.5853170199971297;0.9980978073492631
0.35249089526027744;0.6977071023252708;0.3733362002217311
0.15560725070855286;0.23523323559315867;0.9074746684293271
0.07425294263460547;0.07430318363324118;0.25126786194810524
0.6997557879594577;0.538499544104671;0.8613633883298331
0.8608972975113349;0.9818862408480417;0.8585893319452108
0.18618206880771004;0.005839867656600051;0.2285565794115697
0.7051716093911724;0.22992987778797203;0.8188546750983906
0.4107282811779327;0.049277420860929455;0.31002447241086695
0.10728103211071138;0.7988541282872704;0.5302987897537911
0.41405802868757924;0.1317022179296028;0.1010981225736135
0.3362433370090654;0.9859023380596442;0.10165757435056322
0.5083827092856702;0.7237174300177597;0.3117891299063821
0.36133989551823564;0.7791858421350407;0.5649792816684357
0.4080593029399471;0.20859997950420794;0.7595908436988502
0.31470922534111134;0.7934955116622935;0.925222631673794
0.8776094688034098;0.8259376512778943;0.16833873234568897
0.8599055219702256;0.44600246993688464;0.2812750003730361
0.3713588816594665;0.7647614827287784;0.5688240254024288
0.59767133900118;0.15295375766712405;0.3183648762585968
0.9132932028915358;0.9615301148421967;0.6008380461002052
0.3537992241921777;0.5036799772199606;0.6420013974168299
0.0417801861452598;0.22661652638867869;0.8063626269639469
0.04404701973077274;0.13181322991611022;0.508954244580256
0.9156009916416258;0.35109341339842304;0.06710105436272862
0.5807987992557313;0.5167050513381168;0.7769439676318542
0.11325836947701673;0.05334896177374304;0.858209247577524
0.7773231479849467;0.35170569538767504;0.05998941551846193
0.712978024501193;0.5619988817094853;0.4453193752897414
0.4022806035554136;0.6659996291091896;0.03400448294287739
0.9910683042809157;0.4481789698529537;0.45803753272358416
0.7381320651098192;0.16147277892967538;0.7714294724284976
0.3531889615852918;0.0028681911746709643;0.9827906467051726
0.20512491530256693;0.7259902265182449;0.7076438190263016
0.05179750958107421;0.8113750854615464;0.11484892550386627
0.049801697117213384;0.03693448215924011;0.798631942104015
0.45275141729267976;0.48371971340520814;0.37578343707644435
0.5436163525257236;0.13043962411550247;0.8167839296476488
0.03768685151254503;0.1762883793973714;0.9558082889111201
0.987859000284209;0.6975397834889495;0.24589324250577427
0.03695382953005322;0.3555493941341126;0.967369655632421
0.5744041129762876;0.8674262970276465;0.23588938303585905
0.013898527771549762;0.5358720887144547;0.40458594657835933
0.5533291975934611;0.7601893521010933;0.8524116353489442
0.03649110987787518;0.08092133983651595;0.40604009916448336
0.8641113897296788;0.25118916966315763;0.6052449376776067
0.6966679561888801;0.626289538913985;0.9027687971290552
0.18320355223523876;0.9866196876555823;0.5911488531355475
0.6900817865105868;0.6383851336510988;0.09867384550363079
0.07243089730574659;0.9415847503509834;0.6719941908407121
0.9682759410498697;0.2492362804581042;0.9675723297062404
0.2267613947799022;0.3566990128858625;0.16331504793655005
0.413906836542271;0.4525252162091522;0.1072054647711379
0.10486131326400883;0.04038516776417855;0.9029721595969611
0.4822180702334966;0.4458391265669417;0.36375840883838384
0.018658926333500636;0.30833313375960136;0.6272239613203368
0.8761294923878028;0.6846137362055339;0.3695083404497552
0.6661397411481335;0.6064000931982562;0.9038099920655025
0.9442967717509035;0.1379457699528993;0.4438773911871904
0.5320520125312264;0.10975884463111796;0.8831379229636531
0.336552951273128;0.7780492329375205;0.797497885543157
0.7311957552607372;0.8469222016419454;0.8417726855441912
0.35478536247916626;0.3464683766418041;0.12955190928102234
0.5911432114019185;0.4449777731577651;0.7707258595076261
0.5479846449488274;0.38881235251022805;0.8070385690651193
0.8478553007693791;0.8616103928687259;0.8451621079219999
0.8216767708395641;0.8641636745395167;0.4864079687608568
0.9373119007811063;0.1890387196721568;0.9360173076909977
0.9945000798314696;0.5098845172998807;0.43758024613128643
0.9392229976384023;0.03820162076783595;0.6382695481168995
0.2575405639580416;0.4808682954714092;0.017986957534267045
0.4043324128295628;0.08532061478663377;0.886931076810202
0.10840774679907239;0.653048160340724;0.041268232936849225
0.03225356971820448;0.5604705034279168;0.5110063571031048
0.8055637938786865;0.6949806937951178;0.01153666202166237
0.08893385107301999;0.4471158998882958;0.1502126091259387
0.1136032769952301;0.9547311549483839;0.8950715886492567
0.11761954245795825;0.02586339287486983;0.09081827554562283
0.5309239999262606;0.08593174989554797;0.12250810959039748
0.694939511536148;0.21506477378274036;0.9433349326594311
0.7251265099941304;0.5450657216087235;0.2847187285264414
0.04533789699878921;0.9020122634054503;0.890073224708767
0.9115281006431377;0.00879610162994593;0.5863964903164685
0.9864906647405429;0.18719569643052558;0.05810352359319415
0.164135424631337;0.49165721588848765;0.6873008227476679
0.8038097484583264;0.9862583374559741;0.5703680242339368
0.5085861607932247;0.3578534939645499;0.6793510209649577
0.17778728336565153;0.6307268132038809;0.36248494423573474
0.42256030097826036;0.0010366021001737558;0.8411190085034131
0.4125832710107544;0.9817358081257544;0.9776277844970588
0.004172187694508889;0.43606847072246224;0.3873758886541485
0.028243524175470713;0.6359294033162989;0.9663614248398587
0.5720373716594043;0.7371521965980625;0.8848347407542978
0.23428657690146815;0.32756320818319673;0.6328335117614716
0.40930606853569207;0.5911468749258117;0.11132260344045986
0.8489982724285481;0.05505542171139011;0.5244484326750489
0.3694258390819918;0.12242444031803901;0.15956938975268664
0.5460745241484299;0.8428228037050924;0.0288954623060933
0.1875984836958381;0.9780205470918135;0.04374786886253279
0.3815204566386382;0.3171591956267922;0.8256207449249576
0.5968903455310025;0.5211168060081635;0.8544337099338046
0.022404201609435015;0.2696085374128948;0.652476399389958
0.325709190109294;0.334899556817448;0.883926429699863
0.9617626080646882;0.6091463664508814;0.8001000830114701
0.10000652484790784;0.7234097511621805;0.7177493086957959
0.408252200484683;0.8023480630954741;0.49715499511930883
0.625227924973552;0.8552377903055663;0.3960500872614713
0.1533677275507076;0.9513420204851533;0.28349480602056454
0.6374047787310252;0.9409590092239142;0.8511381474158493
0.36199099579410887;0.8090171524625849;0.4043538151283622
0.7814077630997168;0.767317550922537;0.651139970937422
0.9310143979106317;0.2695184521271632;0.09387807585877994
0.3734529598766615;0.38926478420705113;0.36073244283607697
0.44248982495839195;0.7837172158503338;0.020348760288718237
0.5265839039670868;0.9214800850351179;0.46784913629910085
0.9679705217853792;0.2588880741460947;0.06114520769894871
0.6181152456644032;0.40576519448004134;0.48816285652267133
0.23795440696223047;0.11503232284667442;0.38346508520716294
0.2028173327627848;0.778822305997067;0.33801697661887764
0.703140190608872;0.4695897608482251;0.6459381070369694
0.5868468160379012;0.617046587052111;0.5241113453597094
0.7984469008407432;0.9025753478338722;0.5067309335131528
0.7422718213168169;0.2549305487992424;0.9629218430981934
0.6474878773870786;0.6965229301645788;0.9935721869400335
0.893729904755362;0.29113530907706586;0.5733770640584912
0.6755662984700602;0.6419665570540064;0.16694422341419535
0.040073065102434025;0.3969179208374607;0.7201430807684003
0.9113912024539751;0.6029293813460577;0.7559156576347307
0.05814538481596476;0.47886081230262945;0.7855343952929611
0.7839779406156737;0.36968941015035983;0.13400359872240009
0.16806277371361333;0.6782784620785396;0.8821439542183424
0.4072898310019297;0.6073686463868287;0.9569919199930423
0.34704353353962025;0.2625712269606043;0.8165830023283849
0.7343363612917295;0.1235629530589345;0.06295538936640233
0.8298125400568455;0.45749303626270377;0.5142764282469158
0.02862443973044637;0.3125212297659472;0.8040142092399222
0.9742339749829353;0.5873449933484193;0.4793628695907597
0.4328611632577668;0.6569226141822581;0.016453645389877036
0.27325432486461054;0.16494726589522568;0.059998749235164794
0.07316137743905271;0.9014458963141033;0.17445188519438115
0.40280241967088115;0.5911309012581357;0.182624087827438
0.921892263188234;0.02153717517310183;0.1807721310361856
0.9866271936009096;0.838037356277909;0.9329607544281311
0.4057695148817402;0.05558334541234766;0.31397847909975907
0.08678931451808314;0.05144108562291538;0.9692801538194922
0.682006781084133;0.2965471337445933;0.2899284437819999
0.00917932833438928;0.16841803907408937;0.7772395223676196
0.9189848266158235;0.26615342958681;0.27523343577918435
0.3207382735066372;0.6931463329157729;0.702836989108261
0.6670963407321824;0.6463376129418688;0.6082470601335274
0.6565906421399796;0.8740351882376034;0.5117811983423263
0.9728322538875142;0.04455641049214398;0.23158118127432348
0.5118249513170566;0.7040531847554073;0.9853482685927707
0.35463495466236383;0.1507263562885771;0.12672894110185828
0.15998398015523574;0.7251980741206421;0.5896506117619661
0.30537999601105226;0.14584710402207934;0.1441261264475242
0.19697746954683903;0.6737485685946707;0.6644476098224654
0.7164672212516761;0.9938561807287039;0.4646824616190759
0.8977945178261523;0.7948133758677285;0.4063717483676218
0.9349304906945081;0.9086554038643021;0.2307753814108212
0.7610627930270085;0.6135265997646714;0.35916333887703455
0.8838313015344798;0.0608147455002761;0.4035634688824684
0.2822108620134379;0.2943178685703761;0.1649771598441495
0.886550666988643;0.7024134277886651;0.4498080783457654
0.7287247515259985;0.6971243848371065;0.5366304065268714
0.7971015528017216;0.4175402750705589;0.8987282050030596
0.326096126901412;0.19183203728619624;0.2066596874706943
0.38180446993839334;0.2078943912926695;0.004945354628508425
0.1531903961658786;0.18082704721669896;0.84866911394638
0.644931899058938;0.569900021720479;0.842036161990419
0.8938282582302443;0.6126192512724384;0.49946837017604906
0.2773240594808519;0.35947945841907725;0.9320127200495587
0.5193452357048467;0.30021966917207676;0.011871228977730741
0.7830043272465048;0.20876019873482543;0.3989354653673235
0.28286887577876796;0.024778307862772686;0.9906240015819163
0.9899996067307884;0.7728181497629611;0.43153672106044494
0.9580907579524575;0.6640024531386244;0.1261059136517415
0.20481294244553605;0.9321144648311401;0.9466327007981596
0.5472153784646536;0.4888691217495499;0.06813772663921513
0.20783547724121199;0.2100904724586693;0.02950920567337223
0.22233169806050723;0.553580850612788;0.3101043962987874
0.9391481565725;0.136850507517439;0.07471772417772204
0.10619666838087993;0.16527768632957252;0.22994729373963319
0.3362015972472987;0.12546607458243075;0.3888882846989997
0.30490340441443586;0.8579250318327883;0.0934340009210135
0.16707613976939717;0.4711727243535023;0.9307336068268758
0.3870232752290218;0.5908982283122786;0.0646137861942937
0.393268297931609;0.15720955456359065;0.767868033359073
0.6184206960816208;0.7734291359490777;0.0637587323677038
0.7533010545906194;0.4967652777681486;0.18498112882628404
0.7348287440861911;0.28136569177509296;0.5607622877119215
0.3916606273502269;0.6022728668234569;0.5400008910543221
0.6495908916541846;0.9344620706979699;0.2615357573757707
0.7627526172914485;0.7787237079747611;0.39178979155315297
0.09300616910815962;0.931508024269579;0.30034866069046373
0.8718344780094786;0.4684412313069215;0.026035266445498806
0.6047517058713293;0.9598070864808284;0.06647118078153502
0.12405272066769224;0.6875178738071865;0.7742637322079231
0.8310214706216191;0.12799797396948542;0.5889074490846378
0.6523568811185169;0.3662669903904697;0.9397192579996769
0.986478513494031;0.4536442508736216;0.9745505705611903
0.7847295518545766;0.8504139275907491;0.1079964398681249
0.9683618543750813;0.46765151785977566;0.676278838825486
0.9024486758780453;0.8961144638179009;0.8257937104329841
0.09854053886728187;0.35617436706292027;0.9988992952246961
0.7463797597476475;0.4368241599249145;0.6127988052037411
0.026112266342331547;0.1685669603794916;0.8864955025917016
0.3763458345612498;0.36036263295227045;0.0009516683514589896
0.32614191002794946;0.0672249986451825;0.3134867673705418
0.06893882265162798;0.1365835251652886;0.6716063227332817
0.3965617336361731;0.4792287929711634;0.8371743289501967
0.0156943107041545;0.6103054902443673;0.3509031693049638
0.12729755801846965;0.4420091186057482;0.17636215532469957
0.013860642238066934;0.8730711695736504;0.5054728160388018
0.11452889336803285;0.9870126597044012;0.7465746996882896
0.9932560221395267;0.9402775543246005;0.4094861766025524
0.9548923397063974;0.7645910797068929;0.05423230700756987
0.8483994302148126;0.958908875643025;0.6041206132819658
0.9777116088798345;0.07818267107550347;0.3859448869517246
0.5329479223326175;0.9197673587576014;0.9259055378237906
0.38824920500460947;0.5678540768737907;0.6514552845846192
0.8251238575477884;0.934417523289507;0.03458404011710792
0.8448019270169603;0.3992786508229753;0.5464237116854869
0.9100062187844431;0.16796475572898695;0.26137426734666935
0.07162279263110827;0.47477659411135886;0.1952939908746829
0.4118858171920381;0.07188875456227084;0.8524644845363883
0.17353250336965131;0.21409561230658936;0.14681277083976652
0.06596964193363697;0.6031054905152265;0.7290615561396192
0.5050527403860914;0.9619931748473406;0.011568796922141078
0.7562160781033799;0.9621313814702264;0.8757172553607271
0.5424114696443197;0.7223431928026092;0.7253413118087493
0.1465728186278057;0.35640142690382504;0.26636711145285563
0.7395453297636252;0.42616465120249625;0.3710823076929125
0.7165743124393026;0.11827143304830356;0.1002250700761862
0.5109246706709545;0.34275107796849713;0.5369260560733803
0.33696416655695294;0.4798935045042675;0.8408887178267223
0.3070096955304523;0.1292945122159782;0.6298697024220669
0.04399685043040258;0.28995178134203226;0.18940517245445687
0.21189997806166605;0.9665983894393403;0.44540587475379834
0.5452781517783579;0.1707240393783349;0.7983556613228754
0.7926375374319289;0.6324469314179982;0.5462166911653538
0.9484458739690507;0.056403086236246236;0.8497819229252762
0.8454514630944185;0.046680896093450164;0.21367276764190546
0.5396206086496418;0.2671215659273011;0.7692826378336816
0.008464429835656206;0.631383916625112;0.7394336463879154
0.21764079907646017;0.91449807275057;0.8865854240272191
0.5121092017440738;0.5475383255885257;0.036525507209246966
0.38537417994037393;0.426855263651858;0.8462821816286581
0.640832076995557;0.12178128774573282;0.4740919912898829
0.7077845324040243;0.01897370074121707;0.28388163005022815
0.08671937788761142;0.7227580753734336;0.7455937223437674
0.16223873664669497;0.8471515855758505;0.9252121827958518
0.6152154783825745;0.14495323887100864;0.7332799610655928
0.3103462031051416;0.5543565806920977;0.7733639135390574
0.6140747106215206;0.5715160413214732;0.14945082725719872
0.4599151587614241;0.36562053656514015;0.6643760766730192
0.8310076930192858;0.16418045798628544;0.7933873473073714
0.11485451370825628;0.9933722902154946;0.873797638963013
0.014175536878581196;0.3825912188096344;0.8465030762766089
0.7669047602119705;0.9277738822188322;0.3755391833013927
0.6914874150653224;0.0743279090385679;0.3373038294286186
0.47849850050261744;0.5142637307289457;0.11270249944808797
0.02564260317225997;0.0043958757868095555;0.7943597521920056
0.822488787474856;0.9464921583953763;0.5774044644598574
0.24061048352590186;0.8599670951442053;0.5521512248433469
0.8438023899133988;0.8408014183956132;0.39236566479992674
0.005436513262997655;0.10781482644635532;0.46357562483614423
0.8222396503380238;0.6051858128834022;0.7880831280540936
0.7200534318703877;0.7079408497795046;0.8551928035975875
0.43379432804141216;0.8670115495145602;0.14608440000390677
0.2765221880498009;0.6223684605688514;0.028891615016990335
0.7998766988583311;0.29003384270754995;0.8613198733915175
0.6146985356692128;0.4250884022720396;0.19324060112963093
0.22455761960389342;0.7665791337707479;0.4550304440983799
0.48466999931328514;0.29643730195731555;0.7063017342597828
0.24003241205953085;0.4919462543539659;0.7968435211211996
0.8144844627533707;0.24812449295244632;0.018127582914663876
0.3591613211435103;0.11176416869172667;0.8994349297593877
0.4066218991972427;0.29314547986956363;0.45210348557337
0.005566748943323985;0.8373681113356856;0.4969952255161254
0.3175189113731606;0.4119657377989083;0.8100056517150216
0.9910460616126432;0.04249723909836922;0.547342800995452
0.29144177897063395;0.519367364269617;0.857610652985779
0.2351631016055885;0.058540878467766344;0.2905659963417899
0.9846318381260275;0.07793775732301522;0.9231311797436133
0.24721996687639702;0.10128618471060513;0.1484559528501309
0.6157247803433211;0.7212061333599895;0.23119558132731377
0.05050424844938117;0.6995848711716564;0.056101482494833155
0.1479497650652173;0.5198211595146898;0.09746737057632071
0.4373358834162331;0.4250129435823239;0.22754926943828924
0.6119322894470511;0.3408773048890833;0.11515818310425208
0.701302455270913;0.9266754190820892;0.1575623889580463
0.7416060896968367;0.5788494989159905;0.8970932516601801
0.8804172952797236;0.10471338232919436;0.22079106436167872
0.16387586424463807;0.7345173134061747;0.9936351241635424
0.809087457765333;0.7385072266668257;0.17792851911147733
0.4864559881675109;0.005083059814975255;0.4614371945338328
0.4584672150438457;0.18611995831289885;0.7762291687513766
0.8882232566195047;0.8219892459406108;0.10387332145029105
0.24386567291080052;0.31062923969841516;0.38898512349802594
0.20231078863086693;0.15190816330171675;0.8667432759377219
0.8603392324336762;0.0470837465045314;0.692056430412573
0.32140969155153043;0.5156032699285834;0.5326832225070609
0.5420588702383422;0.3664352749494356;0.9711540222144402
0.5320383996067775;0.8486240952649412;0.39969453256380105
0.6339218374563275;0.44158225983941013;0.01358586101171444
0.5865788914736877;0.854156204763721;0.9884219094907448
0.5351430603355528;0.6293621205885609;0.2972798133277491
0.6697381525068059;0.7435836233973159;0.16911416583053263
0.5367146409144313;0.05160097375229733;0.08958661670189227
0.2916218034723733;0.38599197785523476;0.1435206139681212
0.8119760819047127;0.2125396827221957;0.08509344764877913
0.8176020454713432;0.9654499767596089;0.5830701340856382
0.2798985860465496;0.9696671270502483;0.8410163070141903
0.07154683762855574;0.8930254946253704;0.722362782069212
0.1516807767665258;0.9403665844683822;0.3500604522796459
0.22533929503497474;0.9291855446531478;0.3282610406723562
0.6839354412659078;0.798235127362129;0.5257620602037357
0.9460233822011953;0.7017628344519867;0.7942986838775634
0.2928940389410356;0.8165383054645821;0.6539413462766259
0.25236428373149855;0.7665615171860696;0.8242287938710293
0.9683796917705374;0.5095396669480264;0.24373604896297074
0.011265493083166933;0.753897500339376;0.9894141143593441
0.5872427153002979;0.19854391853343945;0.2545290352087255
0.7391124820356363;0.921595387803687;0.48533041037594593
0.0891313293313587;0.26674810976780894;0.7505099717356697
0.4108761963137836;0.12336534011665656;0.21345311649100007
0.5489065913062069;0.5391831763824761;0.9343438253162099
0.6418556801329186;0.07676836174902757;0.3591961180785168
0.43680541901830083;0.05332592131499758;0.45159971989879366
0.7785092985512532;0.9559674107438361;0.02511672687902511
0.3014419377451887;0.7587230226588753;0.1329808303828881
0.6981272832307412;0.758515540147518;0.1899852883939298
0.2726690723744254;0.9534684743815275;0.7489580072248376
0.15143885019834114;0.735038141180235;0.29039798218684054
0.886016319233319;0.04196894250160943;0.376485298739893
0.5755866843894784;0.1779058071410069;0.22994738925625247
0.7627056889698667;0.7490342559003427;0.1659749044355333
0.5223861889038821;0.08091747671778426;0.4450686597780288
0.20948554388969787;0.4823683729804934;0.22885144284566017
0.6738695147607143;0.4714741513852898;0.722007355003118
0.2886473086197223;0.048445890033201655;0.6116602799663915
0.12210091297118919;0.3256912615428863;0.45746272651439035
0.5657958835959204;0.39705019776838557;0.052837792438677256
0.6245929133267228;0.930963082129771;0.06752777648160702
0.7470927162996074;0.6795114732152499;0.6214433469394308
0.300495931573598;0.06743239855743455;0.2262762867852539
0.3944497231012788;0.9194947883882456;0.6893406071993003
0.9508085167557793;0.5103395224493502;0.16718440626884845
0.11484795559263161;0.3790545193641871;0.05227239742558365
0.8584482865005009;0.595002539703606;0.8463075256248568
0.07231583412526665;0.9425707977296878;0.5585124944603476
0.08875075516906983;0.4045735192533343;0.7678776566817962
0.49449434802117165;0.7075567727251942;0.9863139427371227
0.46204421696786224;0.4382636364168594;0.9753010261639161
0.12030962290768632;0.4793840621634541;0.9299847688488876
0.4254999570248965;0.45945978898553597;0.7387931346481014
0.2511713015908079;0.08505018738854397;0.17880091133785292
0.2171337055944822;0.05880343984997216;0.48159554222162504
0.9773732479171812;0.6029750941746915;0.722651568619101
0.24098328927971902;0.25868672093273404;0.783389784535712
0.3205135707673952;0.6592502212440009;0.8681266224234545
0.7520267900678551;0.6297432809588425;0.7581203299605559
0.0006160657964626726;0.12322147826793084;0.9185091672274919
0.4411222203042421;0.5528586756784086;0.48596931982379943
0.6218566987937687;0.37099412897822226;0.6766301242484918
0.4536795470664903;0.3984019192131919;0.4864273159349597
0.6976813934211246;0.7024454529449553;0.5879993997578692
0.023136817505381102;0.5535950766271339;0.7486646069740027
0.4890109220998269;0.06902250770872098;0.7696588974636177
0.5721098533645158;0.6020526973502377;0.3179753662043985
0.22682429329193066;0.3459795948650273;0.33750658502087805
0.2660711551931282;0.8277005405017916;0.9211023413846876
0.24995388610441927;0.7097128263650822;0.7549447049559369
0.18936737084432553;0.8176940442980611;0.9964179346295101
0.1920742761739913;0.876883894806255;0.7708626494124036
0.17844434961675126;0.46426570542925294;0.018948772712191086
0.23652791960659947;0.3074727499799832;0.9260175901882851
0.6361535626204198;0.15035798068426542;0.20848476106771174
0.5285937984361223;0.6473057987640914;0.6159820873577323
0.8573176150550187;0.8707532911145012;0.9914895077087582
0.31279778684673487;0.3359817451929513;0.9493348908290434
0.7998091127109378;0.22638178762516914;0.4651943098343606
0.16712700240835543;0.6725911936368882;0.17590468229028844
0.2609952949230421;0.6815675999301408;0.8733524975501542
0.7517857235934413;0.702029199399395;0.5872205919530018
0.9178779693856237;0.6076077848672174;0.8427326767632735
0.6379695711828307;0.09101646671070396;0.4947793369911121
0.29135679254320335;0.17466656038205675;0.7194300716018791
0.6449736300805438;0.39082477852707653;0.6734375171736714
0.4314232248766795;0.3951740025899295;0.8772035405328759
0.6447639272219763;0.9441438484848058;0.19663010150232918
0.19302486213487846;0.7943126501836697;0.6308573179091724
0.6542297344590348;0.5456645984051692;0.874071663478961
0.21748440889458764;0.6199116706093424;0.6550432009439007
0.7538339566049986;0.03085554999167195;0.15274441769472658
0.23889318239739488;0.013394328815924395;0.6665022316756033
0.35200257179677363;0.9463609297779665;0.898754874086419
0.06334615451772196;0.5862032727571064;0.08126925901852633
0.3122275384430403;0.4349327650743158;0.1536330032326797
0.020102267713577593;0.15532043140459662;0.9718378266799754
0.10622800815199829;0.3457949172553094;0.5165956200376467
0.5126633036114402;0.8857547744210529;0.1444318044971311
0.12104618447211846;0.19653044768786943;0.07449041623212327
0.30719712036698166;0.44296370161087983;0.5540005165032958
0.10038378008677884;0.27092747353044033;0.15819362769796252
0.14866470801968967;0.7372176802510827;0.2890498170198472
0.961316678916303;0.3682298932984067;0.3276699319573595
0.15876723938290327;0.5431766114153137;0.5002257257238829
0.10557305670545625;0.1586795360865182;0.8245235900056355
0.1486748468084188;0.006698345983289888;0.41109418684863896
0.24140343812353726;0.2293828220504629;0.3564935564347883
0.17305947191541027;0.4303419289784334;0.2796430961540921
0.11649905454942233;0.6111976604469664;0.11339132246371397
0.4494565572951875;0.8025650842951422;0.28632500987878506
0.2235989200538202;0.3882950119817541;0.937101541403855
0.4160109125310242;0.8708932008965629;0.08279387187015597
0.6098561674308496;0.15374195764981202;0.3770681612357446
0.6773500096841177;0.23292543472987448;0.4859717505645502
0.06951362003390527;0.9327129914047211;0.13333257316772573
0.8668654388074949;0.3216146522960185;0.20995847118448485
0.6174666837284273;0.07913585342842311;0.10125258780215851
0.08628123462479342;0.9325974146118645;0.5274676424247016
0.8450982149429337;0.8060975413503993;0.8196773516036133
0.8065390850982561;0.5697845179240657;0.7194046497242084
0.9113324957879474;0.7621947558787824;0.1623990678408641
0.9945555641132952;0.36469189226293586;0.009418614036817985
0.6036360326244412;0.4416587574852374;0.8509363480798217
0.9431217650019093;0.47341477605104576;0.4349349191016447
0.7842259187998669;0.7235201615372443;0.48515971498571375
0.4526789861327932;0.2763665562001094;0.782962343022101
0.7432430193178605;0.36325487426711545;0.18120901646469345
0.8935680974104439;0.8125409059010554;0.4772081869106102
0.7489116793781166;0.13573811558975402;0.6873823146239134
0.0370414540552797;0.5951425799254721;0.5549506781296574
0.9128471670490312;0.7891592766023303;0.5078800131702452
0.2435542547064845;0.8787755917129861;0.0605259919427954
0.01711598177723017;0.8535287562296198;0.8064505975063767
0.044252691818014944;0.19096609147811472;0.8924153011623277
0.6452837039538336;0.9152080095262285;0.3417206108291502
0.8771963591798553;0.6794321813521311;0.10456449584493233
0.8991600625965528;0.9695275608391514;0.675088198333033
0.11575348030937571;0.7421958199886738;0.505282435590763
0.946921457676311;0.9435806266199604;0.9768590880473499
0.022354131191648974;0.5585782063525548;0.9671237384851191
0.3160196722629929;0.8482968320227621;0.4907144764204271
0.15383399079358706;0.4495326217490083;0.46537247989855923
0.9027457318729976;0.7179293243794416;0.1782983867846757
0.6660534233062353;0.7518792059894818;0.8493513476336372
0.03590123654331778;0.43822786273216074;0.09680998478677161
0.6670554648353454;0.6532848102501444;0.7820641430985464
0.9511069485604933;0.8772269442441194;0.2827365195094008
0.3140612143032383;0.15107218560601976;0.5738439399866477
0.6777388703619713;0.19638913832741534;0.542169489883035
0.8453783519653378;0.03586395125966946;0.5593882324088881
0.8119442398541213;0.8883313655492967;0.9681447607202197
0.9661820879002648;0.5825081480732682;0.28500422761585986
0.7707233249372043;0.4843127422162695;0.18041603125804073
0.09872889597000156;0.07335642800319342;0.6819518405854134
0.3565470714874158;0.507332141477591;0.899755295399602
0.13897200635181461;0.8106669895530275;0.9771411522121436
0.9013091570087294;0.987954246358477;0.36909406404578304
0.4442277040289929;0.4695383447254019;0.5619471353545235
0.45910803359949626;0.7411397605108452;0.690033969548855
0.5577458468184284;0.03491135999818007;0.07405946033236754
0.04460024511474647;0.9470696137133161;0.5934636763892731
0.48341374389126723;0.7015784229674996;0.3219433063117775
0.07536889812853176;0.44745802636965604;0.9928384561756387
0.3021306338105315;0.1103973954823737;0.2595002873485476
0.6436359835375597;0.6768593519281423;0.4052799423804804
0.4246050563743051;0.7795743540146658;0.8649670306435295
0.43368107847757986;0.05820840816064088;0.01874388908951652
0.051745453136417874;0.15353365778217853;0.8548992653864654
0.9711232531529593;0.4853469963393602;0.007207937593150193
0.8416758718238188;0.9554106352845362;0.4733385723389004
0.21453977914904476;0.1206446982580135;0.7380037318013801
0.11768691283466037;0.9569953466507317;0.9524403737312261
0.6091143251027403;0.265156808049244;0.2839096848734489
0.6115751711305454;0.9030878134014547;0.3307239818375478
0.7269900859024905;0.7388058121346255;0.38409812714288094
0.15830455989250491;0.1409006386310222;0.30721660728500044
0.7048662302371829;0.37224210665600055;0.8571060917354085
0.7124346673300979;0.34831613864096245;0.7927703532146998
0.6391980713254715;0.8544179757787222;0.543583489149669
0.33840906631653755;0.39523192198802237;0.37263105108191696
0.7299265188956995;0.6294928609797938;0.8187587381170258
0.6070058900913707;0.6764115237516963;0.6989978212558277
0.459026028320192;0.3533317464825728;0.9167363083533444
0.0444146932282633;0.3328832818106897;0.22338399384414354
0.39070693722254446;0.9873459934991862;0.07676615716063673
0.6495040593607803;0.15927963412975;0.8348668326186731
0.22693831173450307;0.8206866154768581;0.9031091404664372
0.8322437997261786;0.8932436616373423;0.37208229785780056
0.803793018584531;0.4617932544959906;0.03125306324695243
0.7429466304289122;0.04345040784919729;0.4876254224041836
0.38344983041143865;0.7938746052028323;0.3030511467169521
0.16117471708828834;0.7186068196984943;0.44371729459881604
0.9602354729148523;0.20283196322519492;0.4831413731306543
0.12390728646974647;0.0279958924551571;0.30583732331444224
0.9563194464987957;0.6900423995927281;0.48996463107420807
0.4533779578984999;0.2559694133521496;0.6992585176300274
0.2423784904310159;0.03670610478186631;0.9063007187810268
0.6302736458059053;0.06426870755220904;0.6080581521254373
0.6815735314121945;0.4264278482045729;0.3675819600787209
0.5704617166361895;0.5400498957181556;0.2515169822445765
0.6547734134307246;0.09342616501852519;0.817788227620141
0.8230879666358542;0.47840533366909455;0.6437080470893662
0.12995970324427653;0.07384933988746833;0.8054091991507947
0.4761254445484916;0.8977815548349468;0.4430018511895857
0.1321912912125328;0.5470526195289297;0.9188211768581941
0.5788250543485305;0.3868898101772251;0.4503881737305361
0.7592727567229176;0.07648320822929355;0.4804073467114879
0.051980539859359576;0.6384890063065485;0.6298124674756117
0.7668067468556488;0.25342175124181754;0.35830269735504516
0.27198838749319143;0.21702787781884225;0.06963955010988554
0.6864418017053976;0.3727935194090677;0.37872313677788727
0.6092350079833987;0.524929568710065;0.0146744442667599
0.20915889949880762;0.6733021445250662;0.8949664681479336
0.4875862175810265;0.5161184660401837;0.6969087894767272
0.5339123111431887;0.9649753537572637;0.23799269393761335
0.45248779013642104;0.44816395349057536;0.6514210060990993
0.21681624784305553;0.9129130597698533;0.09411663774410928
0.5815646046110486;0.3047487755452569;0.1955070980417114
0.9718670267172344;0.5057355801098685;0.2697098847373004
0.6495075493920549;0.32747823358463657;0.8152836928499695
0.15813412906809432;0.06222267725445385;0.7352337266051133
0.6824960978118352;0.05598410130165987;0.8692653248503011
0.3869778681172319;0.568114899302431;0.21998059783866664
0.6239779541579471;0.0369334368155978;0.19252109046524435
0.752570149852436;0.07883060797855101;0.32012209550436754
0.6729474717909347;0.7151838016469095;0.8122587015624635
0.15728317163570138;0.37356699232433155;0.8393736260302673
0.09604368132056174;0.39400441851992585;0.6079078080724551
0.5414188044900456;0.23505356991774484;0.18010085943768817
0.15091115549736533;0.8047954275644191;0.22322752963169734
0.8044954394607513;0.3514439083808717;0.1829662186870169
0.22466915771997087;0.5755596929256777;0.9261496928164589
0.759188974569524;0.6532902432249228;0.8845990684143656
0.7675602476089284;0.177141196399617;0.7564267971479969
0.9065962887825583;0.6936504636760821;0.014798537376255694
0.6318251630183344;0.24832522711026384;0.8813240194961244
0.39468272043145536;0.6147817999751749;0.36471092353849355
0.8119145993105819;0.204716283261001;0.9893675298086314
0.16840412750495115;0.016781442569396843;0.4993416773272743
0.5708835571675632;0.7674412484163765;0.020023812824984555
0.5398985030136836;0.864301300062683;0.7139516977541216
0.00903382864468305;0.9416195417201582;0.4469577647019627
0.547688712771929;0.5572673516991061;0.19703055004946013
0.5129807109521576;0.7275844037825719;0.3882844129856169
0.02362883463943588;0.49174910466728294;0.08235896009511323
0.5248283947439842;0.9812065865294589;0.14464789750398133
0.5680807914011242;0.22949615616807106;0.9721912047411811
0.7657066975589497;0.8324397781169477;0.9896759527309911
0.5441121281955819;0.3101296426960247;0.6601012757623302
0.5862890511337432;0.10950095284640626;0.028301901591622824
0.2096000180270272;0.061313141002224736;0.42621490400841533
0.5319373960987034;0.2991615690926124;0.6985466798491285
0.5409359499716199;0.12740132131636928;0.6911394216685057
0.0823856540287835;0.8877421149287015;0.020260950917140086
0.5371891934664551;0.6773140740960131;0.7951817024406324
0.23601148402136807;0.8018630114737868;0.16517671650323262
0.06477044148922417;0.314453549900891;0.63097544688185
0.31949434295995804;0.7499934940313399;0.8291454453388615
0.2994632234552098;0.39613755854518784;0.9810911640807533
0.93760531897227;0.20711981417204905;0.7608232157787768
0.5567327278284112;0.7615076261662027;0.935661177830449
0.013094505084669472;0.8760566528995581;0.08099710005761118
0.42353172593213695;0.6781850540740743;0.18263777693890415
0.21634127259380054;0.6050942256307071;0.8555487692443093
0.018068665405185147;0.03729283603580791;0.7885424920380011
0.9835069480505924;0.05547376458384645;0.4812440174023347
0.3281363962098218;0.6632596923241827;0.0012002491994602682
0.7300807596566417;0.4498929815254211;0.29904953921199895
0.04421784367336368;0.7962557986848144;0.6853007571784195
0.8100808717406469;0.38244903641649564;0.8400200668364802
0.8910184961804868;0.09975481588716517;0.03813974891877869
0.27152489608714314;0.09108219369626147;0.5994089951073764
0.006325565037071823;0.04595401209819283;0.12837275363179823
0.22711777438288272;0.9006366639142368;0.04497484416314301
0.17189314243406184;0.8504693613535956;0.1054187536207597
0.7792837065450913;0.1125207918423956;0.1250945466125859
0.7698722343226247;0.5543719402132652;0.5050263548633012
0.09792775845942026;0.5937202511274142;0.993743935400586
0.7833318324396098;0.05785699336749961;0.7133990704534467
0.35335480272846287;0.8219078704620285;0.03395511065807799
0.339258550605543;0.06862553794622495;0.9709168093862611
0.6573440584342904;0.7631656638046326;0.9972816921853609
0.7214762820787171;0.8025294214605676;0.3156940414782322
0.38266429001882163;0.1983574602728867;0.6392906027571499
0.3985307421021139;0.28419889221454797;0.6446484967850705
0.7374691612300204;0.69532323797229;0.028124798323909128
0.5384747395686224;0.9290284956232109;0.590347073465031
0.4238392494229366;0.4212222411146548;0.9945114355088376
0.7214250556667035;0.8934191135287912;0.11481311979842179
0.8166055301750781;0.050249617880479325;0.6398829383958679
0.006450882290349957;0.22648166594733743;0.13358883391859278
0.7594803682969812;0.5022197549280587;0.10606704355192875
0.4002041387298654;0.8988065862678594;0.48215792298270066
0.11811127180194425;0.7989183775174974;0.9696656245033618
0.2729575577923413;0.20109921813406662;0.24570849582524656
0.9451742860175927;0.41052550371788854;0.6051312228026466
0.9141928900926999;0.38139556015946807;0.530189641087087
0.18496333348772775;0.9856614709639702;0.8639302354136253
0.8124228966554801;0.9151016862278002;0.8410761811396277
0.6291385369262912;0.5362898912717353;0.7214981015920852
0.6060438878293434;0.16938236081933;0.3073223040393511
0.2557219090823327;0.6062871677115965;0.9292414620506737
0.6820032750204383;0.7131901999297137;0.4133619473824841
0.7997030861348947;0.4239501731276937;0.6584983568329226
0.12061956169309396;0.9483962061698893;0.18998252419276163
0.9750168217179623;0.6357852779137725;0.8747803231937615
0.3501861141471089;0.3011736430449724;0.25860543235065137
0.7540776206168935;0.8083929586936567;0.2781090570023306
0.8329313657831926;0.20372338454854044;0.47460561517117783
0.49484829387893614;0.34994170381799905;0.013506583685614748
0.8265838685837389;0.05065663342310256;0.0841187821066891
0.19493161300926076;0.24761077754971017;0.6388617727328443
0.07731179182225878;0.6762000811894752;0.4418179173377911
0.5560417753753986;0.9876199221015046;0.10758486125455469
0.057204259623421794;0.600478513281013;0.08090810799146242
0.6003796220315158;0.6101396434131494;0.9148933671318019
0.6848048954025894;0.8262067169703147;0.6194467052862741
0.4571559648700131;0.454672932213426;0.016384346499370372
0.15584079070685186;0.06002737739221131;0.3616127223030041
0.6677173127933482;0.3039582938594384;0.4187719512155864
0.82676736627438;0.9396551829434874;0.5812927396310199
0.09261262498821721;0.2407724343651133;0.42411292674505896
0.9590105182686544;0.5914968755247226;0.8474259319123473
0.48603679579265413;0.5658916371554499;0.7093761256809403
0.7408836764486687;0.8320862049790804;0.18268272125430862
0.401556624008821;0.45013446620316233;0.7638193527886145
0.4690652278572752;0.49941187430911316;0.5863894991727009
0.08548415497273665;0.8513277872653433;0.9016953851490044
0.518450004098334;0.6100147450440926;0.7614137034559546
0.40203715599291623;0.6469985871687194;0.524171088788698
0.024549576952754726;0.47947080913666074;0.8257377014310694
0.38442482775729325;0.22400204364738618;0.3437705336183785
0.053745174572066845;0.13309357868516714;0.8880490750311508
0.517780170633729;0.2168968327302221;0.6265670482467595
0.17715846513101252;0.9720990721321823;0.47123195608036517
0.0579215790189862;0.5972148503126931;0.18388128836209006
0.48964553119778587;0.6044765328529262;0.11879822664467898
0.9448924330188755;0.7582033327510084;0.11946504511336209
0.5438667405080341;0.6901875297047033;0.12171232992796666
0.1028416160977057;0.2344853081860212;0.7556147838020245
0.21467134533015153;0.2489614146956134;0.42797315068106856
0.5789550880287082;0.15366822696720872;0.43370339347571063
0.5708717102598826;0.13977654769578174;0.31906963603271854
0.45689662132084063;0.8827749274893844;0.2353723118815062
0.9642952657422843;0.4065025638374413;0.48592759810798414
0.023403725544061227;0.7899705697625712;0.5049019339457522
0.21438768612962544;0.7293539540205984;0.597112494028458
0.8215974645892842;0.5386329783385865;0.38863653985789026
0.34577571205589164;0.08116947621740211;0.40768153198525103
0.528853566171998;0.9518382161108406;0.43106284386468086
0.9772510432932623;0.9069782434431116;0.8336817809158807
0.10417104228835938;0.8149763918114803;0.7811260799714248
0.9726432214966715;0.6876226015517519;0.253349826279347
0.6716989204335369;0.25177962251918073;0.4368208018979888
0.5710138892352871;0.08361673039835449;0.18652311291744006
0.9382778885276291;0.4789859755365805;0.9645006475129783
0.6426620231807031;0.5874017305912472;0.2019075639503869
0.1705038892200963;0.8037803273493896;0.642189407618247
0.44070435399924834;0.7006941978595936;0.6349999121943228
0.585146245286024;0.38003482907111896;0.7012312218216034
0.39562892251492876;0.06915479602646146;0.5707988358749999
0.8109850477276437;0.7835633659375004;0.2435246937248251
0.07137441341670281;0.3162697005468448;0.5170934223943069
0.9406264058243387;0.27913293855331966;0.18551498369633168
0.5171413596800468;0.11823322637212297;0.9195135125240551
0.6423367592911599;0.07380359819120141;0.6918824289074794
0.32372630616033726;0.32141802422659094;0.03755130003200602
0.3746748505826739;0.980636247386706;0.15933886968535815
0.5739616364913842;0.7490543701885449;0.6532090161156355
0.6348120747367093;0.3853844667810269;0.8720127300103234
0.006074781483736746;0.47302897176968683;0.4573791233798935
0.12300042369609554;0.01838212802676298;0.46156178429809114
0.4800914801788415;0.810346061501175;0.6818597851210453
0.17912585647070922;0.5003791111527542;0.804294625566574
0.5926283962489745;0.27223152013498053;0.13672275685952928
0.05936439046479358;0.18253799771982848;0.04326828812965999
0.7600277642714914;0.2433645972005939;0.8745127454395024
0.27962490499496906;0.5360333616238837;0.7399527707654575
0.12467394751435745;0.4967031401311518;0.8288413064426612
0.16341570855287735;0.37120010306797624;0.7944472774403206
0.2785491272768199;0.9464277801189609;0.5812404939894757
0.3772373062460155;0.19547185845842296;0.6408040295245138
0.5023476655019938;0.7129674013664017;0.8255284114437963
0.4563253955312294;0.9892879002749101;0.4537365887003937
0.19877826564843948;0.6801438447520451;0.09800159198851288
0.6314200433269168;0.599177024221365;0.09997815575308977
0.6635229481035096;0.6377544636334336;0.4900891086679475
0.7013163450169262;0.07591201930127867;0.7412570561518016
0.012043161763269805;0.30232857761575116;0.057961588578937295
0.3895959586151282;0.8966467068513924;0.06504489044323236
0.5315944799479528;0.10098937580997558;0.6467073793666326
0.22448070789787267;0.9637612246189721;0.4536469714373591
0.15229955987039645;0.926138029831156;0.519510457711688
0.228242520725783;0.5936678851038559;0.5976637901197226
0.5869165278096465;0.20392938722370413;0.4022729092445546
0.9762941714448882;0.07774522939830875;0.7416430924347217
0.5962168745127304;0.48621337999321457;0.3039716414727708
0.1564159899110824;0.32709019670133943;0.9904725179942202
0.6973170986449192;0.5429354565738788;0.8922261435906782
0.03416224462239159;0.3030946273035888;0.0293011735392682
0.39140883592633235;0.8647290547372583;0.24548339549323062
0.07012384951856165;0.21745369475149945;0.1782746569030751
0.9107270571757528;0.9314730359877565;0.9064690163641105
0.010333487977319145;0.8450916896181813;0.09454214278308837
0.46982409765495947;0.5790799504594419;0.10851797607818314
0.5956964758073393;0.7443574214303728;0.8082678384493753
0.8117293515567312;0.6767564704200295;0.7043177844182865
0.5344689273392063;0.9283929222693669;0.09892559589662486
0.3967646952664273;0.8100791640279394;0.8272036935490842
0.8654221216825234;0.4243628906861616;0.8246147319763092
0.8646090616846256;0.17295342984332573;0.9743059434771613
0.3684801687249172;0.6630910926599325;0.4224039702022665
0.9970291064731466;0.2908498201979536;0.6156545806633031
0.29374974455715586;0.5647012027658161;0.48466290173374904
0.4991464945668318;0.8750779297162072;0.8844276985128524
0.8332026393298096;0.42728554363348525;0.26845799364491785
0.6333847552596195;0.9068973897800142;0.39013399966240714
0.4954577009700716;0.40616992558983833;0.4898705526654811
0.9424070479450564;0.6240848452332062;0.3974203721051651
0.41037428762150796;0.6332819396367493;0.5060045041752457
0.5832863360850618;0.11957818435339107;0.7658597968139439
0.9094658413531137;0.07596763562207676;0.12505424143628507
0.20054458949615028;0.5707018003984844;0.6727328900143494
0.03935731359430439;0.1615143553967937;0.28218150686755683
0.1892576470686439;0.8498902269163031;0.6009245935675137
0.6160840907535484;0.9264144347659881;0.17459423640004001
0.7253385918763711;0.5772302850796651;0.09651520082600573
0.46388245835696174;0.5319289820625188;0.7753101856040716
0.17460754005190038;0.32785199458287373;0.056351807258472775
0.4313203875240498;0.3179692254918548;0.8585402760930188
0.1605472212876623;0.018341780579978817;0.42143782874340086
0.3408435502829834;0.9564789756226496;0.9714416691779596
0.3634569670476334;0.3157658821938213;0.19874847711892563
0.828786781328389;0.4493771758283964;0.3937644199737529
0.7878559305653716;0.9997986322282866;0.2366920364487517
0.3663247958309106;0.6726353426720193;0.8847743405681405
0.47252148306514674;0.08942003754666039;0.7576583964258016
0.31404079350226044;0.31916267474890136;0.19799158607641432
0.24072685944558225;0.2514416722598831;0.09069432647700548
0.019977134119174678;0.17587472736276;0.7382451606078496
0.30510333776068155;0.9257424153722166;0.8706676736000009
0.6526902653355688;0.0867774846532049;0.8859851995426042
0.8098042430273263;0.9664374503061192;0.9144297911580799
0.6518689270720726;0.3278652032788991;0.2295181308168246
0.04414944343284921;0.598356095124003;0.7070793685851787
0.2757080543239485;0.20637655942351874;0.0803334229172471
0.288060191006589;0.5354056764307182;0.8795445880570282
0.4616810809239462;0.23046353334118652;0.49921409814577666
0.576693362059415;0.9369032711875331;0.3161298305732788
0.6974283328873603;0.5915169785988735;0.5213685431696176
0.36685108172363745;0.7222420651928843;0.2647167884039343
0.8657496634255125;0.42935636325861404;0.9165691139080306
0.2696870405690214;0.07700988988521607;0.2518920377367636
0.43122177835140474;0.24989023184662162;0.2610827944953882
0.6781125318797392;0.13119824331490926;0.7531697805200184
0.6709202636788215;0.8530154099859548;0.845522925591752
0.13152012109289002;0.7252339146529648;0.8747465098900625
0.41650208823067747;0.6019633812803022;0.8734405967512373
0.009512553389231071;0.014337931698053974;0.7665490741147142
0.22426949229535187;0.33919833599413673;0.2991687217704274
0.250314696542582;0.925822684417446;0.434990041718207
0.9143248983996083;0.8607244328713737;0.8198385172459203
0.9868260191075674;0.39572051300027966;0.27369368293580687
0.2662278258495069;0.03032171015691798;0.7625053382877468
0.10020394252050047;0.7015005550476436;0.9097618162487168
0.3294216160062178;0.29811724282194063;0.867552266248897
0.7161294596838613;0.012574199807835917;0.47230080411763276
0.7382337545890351;0.25595316576390936;0.40422903372151153
0.054539808046329186;0.8330332856715106;0.21565041057476686
0.25110082470411477;0.22269953267131148;0.18658354670724664
0.3464398248607612;0.26194829995432434;0.5035194754274894
0.7829664202606671;0.43390638263411363;0.6027329988125674
0.9285702753144846;0.42602845130713907;0.3145085609984014
0.7930629123416915;0.9409593879471992;0.7011750578322621
0.9632878593101365;0.18693881134275514;0.9573114775548957
0.3797013711924101;0.8410043202611595;0.9371454969117522
0.3784804962136148;0.09388406048392606;0.43174252480031516
0.20050466416801582;0.4558688259967547;0.83417969403
0.802165324970679;0.0667163945921938;0.5059689414202926
0.04768780591174537;0.7303072223446303;0.182362217604091
0.6597313678985974;0.7744319457378812;0.2349080187055358
0.04522499166171223;0.7257460168050741;0.664842942140692
0.03601092461839417;0.12766984947070525;0.39279207700495344
0.6188454128305103;0.8178565939317167;0.9394219330316228
0.5954561462088745;0.8814710233275523;0.7393517250525958
0.6380183446447208;0.8084096683675822;0.17997630597673198
0.3102531522520131;0.36226952743289476;0.07136139657067331
0.08091094603299709;0.6521701777558172;0.023130191915344822
0.049716379070185446;0.3642980750812832;0.3411141748109253
0.635207100261862;0.7606670388774758;0.9701771416843034
0.7115388990287002;0.6156630218648321;0.5942847785966465
0.6558386436615341;0.8384232903224806;0.7797370512287514
0.6511409274110543;0.6304256979781732;0.47475735986408285
0.5502673922497239;0.9824714698626611;0.5970039664469552
0.633334460534359;0.2166591975051162;0.7942586394131516
0.6169630966740824;0.6074880522308812;0.8213969795697916
0.6681268311296868;0.9658574355338464;0.661945615979072
0.037132638991200784;0.1518253277596947;0.5577125137670523
0.5841061226136337;0.21817005250514132;0.007034353123444026
0.6944578863593824;0.8785819199138846;0.6407693427402377
0.7563312693550257;0.44124555486027317;0.9411019762894529
0.20491711537115798;0.2136679808700519;0.07564266199040492
0.34226543259648656;0.31223865473587653;0.454356361716597
0.016774535387952594;0.21086005464094149;0.07503390966913981
0.7379933036561312;0.8284963919253956;0.3785475472633473
0.3712042732254659;0.1720429357370311;0.1599687713785558
0.8238058536248465;0.8120729078488182;0.30518889619225376
0.9181485871436645;0.3102122398363967;0.46574709274951676
0.7831857274357591;0.060357748513050535;0.3660322087294252
0.012851961935810174;0.2092934522709592;0.9902587466860896
0.07660688207260302;0.6645762067161874;0.36529428983812473
0.6227437052470254;0.9579332084817294;0.058430594614887976
0.10618465316876768;0.059985564889857845;0.7068539520940914
0.8094664531524443;0.5757223040839707;0.5809981927153471
0.14594380439877264;0.4470334997865749;0.019426402829251677
0.9738153598311813;0.9325366348383571;0.30322189792407195
0.6090036963314434;0.8041757711937632;0.7367961734766966
0.7319951236983564;0.7140005834759925;0.9966254949031882
0.7505358452191472;0.5331416073811176;0.41962105716016396
0.40406243718325796;0.5520877006412955;0.5082161454299655
0.5496377598002936;0.3236105552711104;0.5406229705427908
0.36713018871753667;0.7665701770259201;0.9223561390695262
0.7944169489703203;0.6672825764565686;0.16820104639306943
0.029425251591395862;0.42719492830236583;0.8163523749007532
0.1668478227564949;0.32573540045609883;0.14347209070570144
0.33300090050154774;0.9777569709054748;0.9733968285561114
0.7748674742268837;0.9172399436151055;0.5693765014121345
0.5527381810415173;0.6320446665513276;0.1431881489214898
0.4916937401324647;0.4943323769182961;0.3590670098544918
0.607627619280464;0.5639879714758741;0.9084378486765082
0.8662727166586595;0.8691103014065187;0.400145881360655
0.8528844640194574;0.09575986626084909;0.33529178333788645
0.5808615524662609;0.02218432996831554;0.1568929394311699
0.6355300097462168;0.6116931837442363;0.38961582177263543
0.703060777225207;0.0003857384181816803;0.08483328455955308
0.5673446061510382;0.40573016019242814;0.9791552641378913
0.25032253951778793;0.4305580879600518;0.09984966158586228
0.710213807211632;0.6760704385301205;0.607064532965167
0.26997520738040126;0.748733547016982;0.07744876856491867
0.43783452223673414;0.5455170795120379;0.700169672696591
0.15816441176696194;0.514723038014909;0.0383248824522302
0.32516264334172884;0.011992697998822854;0.3941674415715106
0.515161606299106;0.030927481818001312;0.5176249904020299
0.28403695921218;0.6496014787925435;0.48107178341855317
0.05204270456464466;0.8215420005082255;0.8678554423822386
0.23456449916965716;0.1817813910114744;0.7803426810086184
0.825964079895777;0.9546789634486514;0.8873183827965004
0.72082929025733;0.0750527323808532;0.9388535427194576
0.21313535701744823;0.11544482032646686;0.31958814759306153
0.4165784318322616;0.3012965783424091;0.8250600874067445
0.5271236303002768;0.10601928907729374;0.09889640166997415
0.8630162910195022;0.616525158354556;0.7615723287663312
0.9925551967938863;0.6505812450028824;0.5268409329190505
0.9418925490405002;0.04375780700746823;0.8216725601550195
0.8627746312130994;0.2163401702678549;0.5045766922793545
0.717294217007086;0.8184167572940355;0.4864985343313174
0.8863124702693495;0.42364551425770947;0.3994395272954179
0.26182051466258105;0.9879180099850947;0.0963683977033748
0.32550229637995565;0.6335333065413081;0.20640093207364962
0.22272782273820746;0.7673875878122814;0.46557443832953704
0.8746647299769372;0.7960832798596209;0.8661793763692667
0.2903322885412344;0.2467566685903162;0.2634424563800649
0.07139673030365645;0.3332650995686308;0.033450090721795056
0.3500307689565345;0.9534658242163101;0.6342510462726817
0.09439965097108738;0.9228077683454482;0.7632166865514047
0.8411706153296553;0.991317098931738;0.9447019227139983
0.8442976286528606;0.24452142323320758;0.8877792985984485
0.6627733395218943;0.12088956678592344;0.8350619591917814
0.11841492808080156;0.7852661780446956;0.30795370921747767
0.7021098380923786;0.5610982449335972;0.4334699394910345
0.837372925892611;0.08891107038258084;0.8207469881873111
0.8575189656618937;0.5334307327710683;0.03193527549600783
0.18683938310475057;0.7476477897097332;0.7888470835145628
0.0573081232793502;0.7883712878642004;0.774464124688589
0.9815643433773944;0.7545021114604202;0.006415761719523516
0.5944217339821155;0.3672988331959095;0.6872097683438043
0.1635651270609919;0.4933439421793703;0.5802585038698489
0.2746319995165465;0.8610600037427512;0.2548482017841823
0.3843242046495885;0.08447335613467166;0.7874794204836175
0.8314126221476951;0.6314341998094212;0.322366017710466
0.909731073335262;0.4544359778924987;0.5394061564923851
0.12725694230509765;0.628063669519663;0.0578861091761953
0.9713467968616418;0.6467229301182811;0.9677041329309211
0.41694548079563987;0.858538249279526;0.5168207409564307
0.7944711691494353;0.24901595771896778;0.17810572211692044
0.12925453083731775;0.6864342296063043;0.6361853637868449
0.6301205976565707;0.5593131814141177;0.03464409436932492
0.6913716356622635;0.45622091720994773;0.25954625710946166
0.8860782036953747;0.6745452082574576;0.15675613611125183
0.20783537829466925;0.6029851590409624;0.4686084937762659
0.4655471601140845;0.47281753301851714;0.8897797600918476
0.06220086998600882;0.5515099818683813;0.14324573242691485
0.4686111397369934;0.20865846729849724;0.40952005447220563
0.701371416812791;0.9767041694213282;0.4031829971551216
0.05826817987954547;0.5107561991695582;0.7952212735957005
0.13989057488140955;0.7265382258484869;0.942487172478461
0.12543102441022447;0.3555076545383826;0.091606676834879
0.6117402855773927;0.7028043118781712;0.5801218488430261
0.6018113278398539;0.3838825085471701;0.968920150551922
0.8944453875544007;0.9247741155499483;0.21824067849129036
0.34635531742886794;0.7950676211219533;0.6286450654652825
0.534236407360598;0.21538432805748997;0.9702942911075128
0.2044586351871036;0.10464262604188956;0.937503518769026
0.6362441576828526;0.5194063084409704;0.8199801593364135
0.5763689861364426;0.015995624653765583;0.09186877086637113
0.2993036372574971;0.531513476133731;0.4401202789179036
0.3114242610656289;0.7566359868425361;0.4324551491114046
0.6512135164551682;0.5998161330500904;0.16402038855828494
0.7602666847727226;0.8276856070301429;0.02034923028127722
0.12692032890794935;0.051605549309224896;0.23137573352174812
0.4110419055144483;0.20415858890704774;0.2586026499180766
0.17546111511168017;0.5760084276854281;0.5777065704100511
0.5245680571240974;0.5080637039490669;0.6789493616350784
0.5193621678700586;0.3996736337920439;0.6428412793125088
0.599921175663223;0.5187129111332229;0.6926490298329105
0.8500911931390264;0.020423676100714272;0.7517898041213875
0.8144639178452883;0.07695113200864623;0.7397750058012225
0.6205560116815536;0.019722846529019122;0.4890902949136883
0.19140586190050723;0.4032536328622136;0.21689021946576326
0.4389035119730732;0.4099496209494533;0.24270958518095842
0.46943476618640356;0.6758268356132543;0.9274036416459177
0.024242359446038253;0.4776543546180517;0.8675640682134058
0.1125448347891167;0.8492769328743065;0.40835327604974914
0.49195270577370487;0.4544857618142184;0.8179366877235297
0.16144745104222735;0.5661551497036764;0.3971123107055733
0.7076355717781396;0.5418121989808983;0.5655312720414974
0.7602142749833691;0.6563366595582935;0.3476221549272398
0.1618397446143921;0.2089141171037997;0.44943519079560346
0.4163130215418329;0.947132504599875;0.15847090298506994
0.7824995307993843;0.8322304339229251;0.35844878060441876
0.49101130054855946;0.8425668688567849;0.017722581729936904
0.35713852981914906;0.07450438762890077;0.7537842710342196
0.18590941406929096;0.22453251575671107;0.578658172061513
0.11518980057659745;0.645048226637473;0.5299777348901047
0.84606036567928;0.2665897786418414;0.9940921669334147
0.6966177024045577;0.746044146752341;0.968369553919642
0.32418265218316455;0.457245806499347;0.04305155880938161
0.2418324088715358;0.4913543486459737;0.7271285540901475
0.42335678395425747;0.592584330568881;0.3337398060777572
0.6993467146356898;0.5959789013407205;0.41707909070426286
0.4710172498662285;0.2665875596349645;0.868311742354169
0.807009229923632;0.4058860577543576;0.7595256926524734
0.5834722174170532;0.41864474275798147;0.5925302067306742
0.6636557700706581;0.5214824857895429;0.41131153438163026
0.13797091443051446;0.6004232383512114;0.8737044874069706
0.7846850129084952;0.42211256968080757;0.33564330061703096
0.23533924150255858;0.7737887585025962;0.8918626560997334
0.21261291340457344;0.3165376240935863;0.3108403372643367
0.4571523360817472;0.8622685091746218;0.08170869830791117
0.7501320332725112;0.5696549966929618;0.6704415844212146
0.6676455358998026;0.9549181322339376;0.3489803416481416
0.3758613786028593;0.3113232506790038;0.27658074303537605
0.8473552755972188;0.8643776396280921;0.06085399974838235
0.6064396397919464;0.22022290231138764;0.7386915189818416
0.5094704435585853;0.9041860143556272;0.9111231776537325
0.03390377954098478;0.9835884094405389;0.269913702555471
0.5626473022581414;0.9634857074206479;0.6358145286435388
0.12200969436202935;0.38350307261118666;0.41754822270594316
0.8435074381546765;0.3571680296813047;0.5138356231888711
0.04970266163882331;0.1007525300728438;0.9136829707199012
0.966961377760473;0.9115301116527347;0.2884504449729506
0.4122529177636671;0.3554750696792791;0.40171487265169015
0.22838702568211222;0.8124228855280856;0.9533609652051941
0.6554569750215674;0.21382153730392417;0.5588887645819214
0.490042944097589;0.9394206946891795;0.8346660196286184
0.0588776520504356;0.77619421941555;0.9086104886103961
0.8835992898821428;0.7507231611469825;0.10332266495270526
0.1763165568704267;0.05543978361655577;0.3042117907258477
0.6084970509681208;0.5920808132963208;0.4722512015879129
0.6918425716731024;0.9031462052297212;0.32971966728993474
0.14304247586163554;0.057480690914134214;0.9381997480991754
0.7692678533738866;0.5742908548709909;0.07164476664886954
0.8450702977927785;0.6664575486027203;0.01566747436911653
0.18358776939644084;0.9318920142007647;0.821274767707699
0.5900260062169317;0.2770940405398562;0.8765139315054606
0.7908238562901299;0.31201045025499874;0.5691697518462626
0.0948650124774062;0.2542021218129785;0.5273011115911084
0.9289468021022373;0.9906100702904589;0.30226465843522443
0.17349035662785606;0.06762273519921724;0.08993539616955637
0.31130134072549187;0.2520818562894216;0.2699730912326589
0.595691497442023;0.14032456215655897;0.4143981855650317
0.4565087016671677;0.43703354070409495;0.35110543793501325
0.6220236809337765;0.9146432345868503;0.7333205817934318
0.9514589064445818;0.48796479301838847;0.16117301186544308
0.8316057829202489;0.382030104817879;0.5614568415715748
0.3763332716260429;0.410508501637999;0.36163182692913765
0.6352814317665598;0.6733611194670766;0.539599073616271
0.06047433235585109;0.6650901799900827;0.19555935347170372
0.8512789418926917;0.1900317236961101;0.1380559860655579
0.44555326133174666;0.8504214599845504;0.5371004532902636
0.8556287240056519;0.5613735740521879;0.0684713720165796
0.4074210800121729;0.044235777795461395;0.5424084658272965
0.2760132525715403;0.03796943829518329;0.5881665679274201
0.7809719033838314;0.4234767713307426;0.7782121728946172
0.9051162527823764;0.7520372323117044;0.7236705589785886
0.07022918071151985;0.27976793166409397;0.47185086143386223
0.7762310358507084;0.9345948994635408;0.5718483552096364
0.7733752378072297;0.7088407788846959;0.9601410972638413
0.005368144116811635;0.335218279557969;0.24073594495489736
0.4355511710853406;0.2012952195635358;0.839614419628779
0.3540970819603283;0.7005177349710006;0.17088641308202235
0.9063402750957942;0.42916182757685506;0.17606473594011007
0.1484857371333942;0.3322442678855837;0.05762160740227773
0.8149198544070473;0.6718073395944923;0.8412109483468186
0.5374694387209278;0.7490423475309401;0.9335644130215217
0.8692787243874271;0.4616864136969825;0.002048615558634115
0.6581428351723806;0.05984318735647787;0.7381466200844812
0.6880554578986733;0.49652743618451034;0.5708745102814484
0.7625471985881307;0.9956771244507112;0.5101426154966398
0.20584438536387895;0.6825079043638205;0.7592776529648974
0.4686143660068337;0.25029500236230096;0.7053343496764157
0.019831747006641032;0.09456129357032272;0.2560613698588359
0.3970873403276488;0.07768123517051218;0.1719699528701013
0.4066685005680092;0.17655589173607233;0.9209725094768673
0.3269606496660422;0.9372710141616586;0.7311602036269425
0.6378801175225494;0.4316242429685053;0.6876162610746003
0.44948494639169556;0.13033344398760527;0.33553799048226784
0.9898000579901676;0.35642650970110634;0.7456630474908641
0.8059856507604779;0.7329624124299038;0.6099663158048125
0.2918831682607078;0.6425604518782626;0.3342347895406731
0.0002119913392817363;0.8224161241723866;0.9858634228064884
0.34127013675840856;0.1728158850493141;0.1588151535825476
0.5446808546774287;0.8600967085616438;0.012458565151977297
0.8891033008761247;0.6290769343174774;0.3738002220885057
0.08989799677450183;0.8554766064926574;0.8323514805086277
0.5871025164870771;0.786055353722591;0.6105706166326003
0.059137239365338656;0.5342393879250138;0.03448207184977614
0.41537282518076846;0.6747442191731958;0.717260068651863
0.12625740113086104;0.5486375216293989;0.3480504475104631
0.7566302896780083;0.3948934067254909;0.45726218630646787
0.3489731263243564;0.3535865395733019;0.9741909844393571
0.09154875775910953;0.8116870596674411;0.7866675316340302
0.07766496717171001;0.6118935367422286;0.7134876065487318
0.9771226175693494;0.43151646933945575;0.7858885608938023
0.7439040551305156;0.6535116312761775;0.5336361039734905
0.6062392232526945;0.23916552395559598;0.07398321505215066
0.9829814778710768;0.9096478100563352;0.06777459101243932
0.7217629175938701;0.40906174500776427;0.1274848593394845
0.1279912159026131;0.20792368205976586;0.818881215937662
0.46222180935274937;0.336659986016565;0.8887113181388063
0.16527660526297805;0.07544418335392455;0.7214198696807731
0.9958236922184681;0.6788028146851295;0.1225333376930483
0.9959218415098268;0.5708712899969796;0.1282739597023541
0.8435179678444918;0.809358524014128;0.9902593629167823
0.08664937737304379;0.3187793551393212;0.1008612485992495
0.32290725101505313;0.8322334586442626;0.5306399001863588
0.947230737076094;0.6038848305963015;0.3299317554500908
0.9597039710754821;0.8419751054143205;0.7746937231583542
0.32248650912706733;0.38487974773510847;0.5249875860250145
0.29435172145568145;0.2248941763703851;0.9159325307087832
0.024445036965359268;0.3960420978760395;0.7898637938794557
0.535718272942441;0.530891045235605;0.8005041608062687
0.9937881734735129;0.9883355993712962;0.011292348583859746
0.4693336166254465;0.28925787920877544;0.15417577581528707
0.43707724175832763;0.468845953066681;0.7796762689855522
0.6391714118497618;0.546760421150605;0.6503358286769061
0.01292631020564794;0.3975312577864152;0.5980460567304557
0.7703883595870469;0.8032645204290149;0.010470284492388515
0.4495870678622308;0.5545076119649595;0.41517030213081507
0.09964703147600973;0.7546806943770239;0.5258383671562935
0.4943389221589568;0.2865501798415411;0.8867856931394703
0.061358763482995404;0.31312880591772985;0.5599728028416625
0.4226236879711347;0.12115439643153014;0.10319279933940728
0.32555916056317136;0.48381794917382115;0.7985867212271552
0.4155878787159486;0.8159393722401757;0.707040246948542
0.9618096482029269;0.2529893287855831;0.4249891344270842
0.2448429851153029;0.1975618000277397;0.2667360013647011
0.35732506798359276;0.29738653746148314;0.9994122295899629
0.5186726699742151;0.9293313866086798;0.0644638794976995
0.24160234716812956;0.9265038703334004;0.013016300470186093
0.8210367542497232;0.5939593595907484;0.22175791960132407
0.4281094452253159;0.6426094833755079;0.0018749172216210308
0.19874073868275188;0.924246453016972;0.7785644665078956
0.3991208828905667;0.8438588681444497;0.7575726209271527
0.7111749156705671;0.47703449963112676;0.30514744340218936
0.13987280268353908;0.6961942087683544;0.8894224355598519
0.9796331030939722;0.4009472294752692;0.13244643662211442
0.2734454922464562;0.6772657254763289;0.6407067126694497
0.2658163287583365;0.17258560340130258;0.4259479148826383
0.8724390591110461;0.7902743784125583;0.901346223556954
0.43290911156778267;0.43237870617227625;0.9660704372149962
0.982586706503925;0.5088873264949242;0.07507882838380397
0.32394750658078664;0.880523531693275;0.3346343139311633
0.30209240266787807;0.37228961811499506;0.8829742673882407
0.7594341766890212;0.09160121763907181;0.567818195034754
0.22151038184081673;0.08566052863318518;0.7036763185660413
0.28060314311595036;0.1676696514585484;0.5578500199159653
0.5868896241987006;0.48474170343196343;0.04549791227623978
0.7137438186491755;0.9671579440409781;0.21627575834241375
0.45800266211465224;0.8512000885122273;0.035963214054701265
0.09117708301465888;0.3896634070771784;0.838634090653716
0.8296258855240356;0.4040485515279697;0.12931768485951167
0.7240920005682492;0.11091740829576202;0.8273690384494164
0.3143316487355371;0.4144429873665454;0.06444204308403478
0.14094279827358247;0.045553761103073964;0.7591061834219537
0.5710098118119648;0.9322852223789315;0.8797929917323641
0.6090539918996747;0.7043359479222004;0.5914828145898555
0.4507593303032693;0.999879363900077;0.2567683303323608
0.08169275916463803;0.5458826322478448;0.1651249183751744
0.6127899827967487;0.3092529525263593;0.5977220699824668
0.14183591753254365;0.9570918363608744;0.267417407125197
0.8231304180774679;0.130390090798557;0.020835232268585524
0.36048403174198884;0.5055252421606699;0.09539760140745568
0.43074022370917686;0.1244246735262784;0.2515243376345101
0.18495312853525536;0.32933767840354766;0.17602090281825977
0.5626897986392383;0.15144372750859014;0.38834891833925433
0.9975447055763521;0.8123593247613512;0.9397027516156385
0.4237125171409454;0.3513224177548826;0.7636801361936141
0.038719780941988136;0.9455907986913434;0.034747372520938846
0.7088431901503134;0.20130557317806674;0.3802840592588309
0.34415218869195296;0.7526886426988609;0.7926880900047847
0.7308036348098965;0.8943121126314814;0.2481564988047409
0.5192443402893188;0.3407496920550058;0.05828242859985666
0.4080164573544206;0.079428076095299;0.5545620199787895
0.6957199463711569;0.3086017103705492;0.2580299632625942
0.23673925209467894;0.35024467780590984;0.4240372750767786
0.8245467203211089;0.45439494927379254;0.41627989985191516
0.3396525202536572;0.09009344364867355;0.4388971886305305
0.7492237804630807;0.7237100694996151;0.73187428901238
0.6844068071218516;0.10466195946269397;0.26579576417992445
0.412201450343919;0.9156430864596147;0.7769177357148326
0.2019370091710332;0.22701085009353494;0.5932335544415608
0.2501647516105252;0.5919845249686302;0.6529136746904038
0.7530010510282262;0.9948281962608753;0.45024984543879554
0.9954350223642523;0.45728447672812633;0.9803761640959755
0.5235239701556913;0.5067003473952957;0.9151847525935044
0.9746530416829956;0.6946881317975279;0.5224897508109815
0.40843332775037033;0.5659385496766861;0.2918339419491047
0.5158067837745838;0.04065330450969262;0.11086074137965796
0.6423046203087596;0.27472248218508;0.6322067698076357
0.06127254909658564;0.8419060572068435;0.20442898751848315
0.6656449727133609;0.3681765481019672;0.522936978996013
0.38880515427965623;0.7082603833409457;0.3796032167289912
0.06725437580155003;0.8330297186670186;0.034327730252288635
0.6902321058345955;0.08048627398486508;0.3751130995538068
0.6499878796476626;0.13288759929202743;0.41838035923656436
0.6188079187402389;0.11378386974299459;0.5054087482958529
0.7012075210039949;0.016675469341803195;0.4274204937279996
0.10847847719112702;0.23983907279508376;0.522334336232198
0.12617146953423242;0.6314571889229178;0.7283389070795506
0.8392689853024965;0.9842185239840376;0.457826152676561
0.6345475532660676;0.9021161432483332;0.6168550894259356
0.1691618697055638;0.9647574208170304;0.49081463080991694
0.7026491390267464;0.5318585426749568;0.7996487787372238
0.9735820158494561;0.33413180800845466;0.28102200807660715
0.5195928574708494;0.5370964595665579;0.9417289565006737
0.0387953613531522;0.9529021105796462;0.37175787454520226
0.6362966746687901;0.27803791383276755;0.7960616497237837
0.3927120519610079;0.5770743974697508;0.5190678437457069
0.8814236506187497;0.13075201112479118;0.7746481844582409
0.012675410459275005;0.4435725268349133;0.4568351851791259
0.8630047050546534;0.9826970702803346;0.32230539858815166
0.5496678659864268;0.789035621459899;0.3335463466549692
0.056447677394879325;0.035946079828309774;0.08728964801896433
0.19814685527699727;0.5807966980371766;0.8764114648688056
0.4342991886282407;0.43370162056983763;0.11301183563784511
0.4939687412627458;0.4432027450531203;0.18168295579857674
0.6200190724455079;0.8114657144205636;0.0927124957470602
0.6898929979968305;0.9570367904723649;0.5436748294096735
0.6493127668717318;0.7104587806571002;0.5768128602538745
0.33778489492295116;0.289217221789974;0.29777544336498374
0.4064933861821154;0.5381472774877822;0.9140974787187962
0.1875038243917173;0.9101308885195855;0.25132620810357154
0.3467525498800771;0.5346928129026499;0.80133076727929
0.6948490118492441;0.6150719198597328;0.26852777053083965
0.4358067978638154;0.08232750075218231;0.019976488806147996
0.0063768434893604065;0.8167391939197666;0.08462338798778202
0.3549477414441895;0.042323696951896195;0.6419481510648857
0.30499037433660636;0.3800378659003085;0.7574638305834772
0.4192223370844069;0.08275604121791125;0.5961381310633345
0.9328380060627248;0.8504305457642;0.17003005915339842
0.6574849362789112;0.12630378017406452;0.5171011699197796
0.20453744903716053;0.048204885217639215;0.19451616641229919
0.5408129555267733;0.6357553661394012;0.2878362468157277
0.05252927253788353;0.8879985740976266;0.18220503983551728
0.7741905880177775;0.6321674170106554;0.5710012613971711
0.21544100926861898;0.23666761073809095;0.5321096469713806
0.6197988622022345;0.6099542711017449;0.23140285480875789
0.4419807563108562;0.15754069367442192;0.41658052458149264
0.023155165103384;0.7668166999513188;0.1702534283430781
0.8116440242617097;0.49956925043441625;0.5417154624644975
0.41960572129976836;0.38449588052092076;0.6799688039148105
0.7382542758792776;0.4039376173677919;0.793763885767408
0.06705020195735956;0.3233060056544427;0.5563156689765841
0.23693529910724442;0.6545655434221019;0.08649850486011734
0.7094195505140375;0.8787722474472511;0.2896485706908578
0.29705281745232504;0.6851808539069412;0.22739138983751295
0.9845487111358424;0.4767348475085986;0.752563252074631
0.3936852063874602;0.159992065509604;0.3983519698215524
0.2082288415572543;0.5192044741539118;0.7192465276084692
0.32237625882744503;0.24813365492952466;0.9676726655440322
0.21904712824395334;0.36797014314951504;0.2117813376158496
0.2803198051117354;0.26585707886960896;0.2845066895746434
0.3036997908666752;0.24527597726897332;0.36459238987506104
0.11220395966887109;0.9375090087781124;0.3375163540681799
0.07248568066916883;0.8914302586113688;0.4348048846402939
0.07682851974473626;0.7025326293478623;0.2803320875355987
0.8031355738966425;0.6052086435467628;0.527960637197299
0.8494345217616506;0.7506410295188318;0.46807778695663393
0.9161348686716688;0.7342792599841955;0.06755573537428494
0.06820006732887463;0.17708726474654202;0.524007098001415
0.13434674904215294;0.2852718675556425;0.5913224089223938
0.4322830156184977;0.40935530074251103;0.6506442952062349
0.6682951454868199;0.0571627511762014;0.7400495767408619
0.6402944652918053;0.1345785533471101;0.36843493774226355
0.5526567966473104;0.19539791416843122;0.4761615420900236
0.9118820097937606;0.3455670775197055;0.13887490982202733
0.13198654217881722;0.8498383551496426;0.3655081970328723
0.9431087750280898;0.20534018467409865;0.3251982760422417
0.6108489154240287;0.606283538782879;0.9400682388865435
0.3881582588813497;0.9750447899601892;0.6850342500403075
0.388009440160744;0.7701183664413285;0.9284605396513416
0.8631296209044362;0.37626677050977053;0.35741356245785805
0.6691093022917153;0.11396745917257334;0.5355419257921006
0.6521051647982061;0.9536427393988794;0.38603276765692973
0.2695170030262727;0.43950128973954583;0.734990197896159
0.9382533677684333;0.46169133732321277;0.6926078346195534
0.3549404042644808;0.6341993710418523;0.08406669830502456
0.1887693175172338;0.20817771482313074;0.9516966322454583
0.9704202869319891;0.9944116149576756;0.06209179997933356
0.7245889428187126;0.533980468229407;0.037131691680914014
0.7575929374550131;0.8612939210652554;0.8653215889392496
0.49540605711776686;0.18258347871534542;0.013182180791580844
0.293537349881111;0.24732561486674642;0.8264528704433336
0.24263726790313922;0.27991037924450135;0.485076707402494
0.2504043958580491;0.7645030352931618;0.19908806914916177
0.5696757921065617;0.2423676818937156;0.15793934785363883
0.08914337166014386;0.20478241642202766;0.7923958495661425
0.21966131687549784;0.25478247965392153;0.8710538940040315
0.4311637877971789;0.07035185578676295;0.7119047661637488
0.32043661118228706;0.9426658343609922;0.052055208148568455
0.997820722541015;0.4152426701420332;0.553515794344961
0.8629144153998034;0.9378257537437944;0.6784720073185853
0.30836692343749905;0.5096959250747702;0.35167003191765556
0.007954132703007377;0.176911304768681;0.08801794470175794
0.1408699476525508;0.7482299940007169;0.4285524992581259
0.008271916004842117;0.9301657222496618;0.13427045972508367
0.08464984622494032;0.4701075535763447;0.3175061632112599
0.794424621389244;0.44395461130608527;0.6744360011581109
0.39142173102217304;0.3596100104657365;0.04773879253189861
0.753064288038277;0.3902347320555336;0.9017643298644317
0.8479224579501013;0.010231363125886794;0.21126543764786376
0.2485172804636525;0.6452601349818722;0.8273228118059727
0.7665883368969794;0.14005910355492834;0.6699644989047274
0.052327060663729164;0.6786934641884012;0.015467143631726743
0.28731393124579285;0.27001584091954545;0.14453154423665637
0.4598679637263129;0.37171287569904277;0.5740350530412437
0.8472499176782337;0.799465616403365;0.7531451737163131
0.13151026898588658;0.32174254015633985;0.11790090775702666
0.5573127172044114;0.511597358795476;0.6546871186755159
0.5876611930209863;0.18866370834199164;0.9437089468454588
0.25425063346075805;0.033777351481142914;0.6820747496602046
0.5575093263233952;0.719022363325032;0.14430280549098462
0.7758781858700209;0.9892089545688929;0.8033317747288066
0.43259565979811865;0.14087358390948224;0.06285846305568699
0.8208416277467933;0.43817025977710977;0.7566063083204437
0.19777380930379052;0.6841579538970683;0.1646457102916956
0.45846801814894356;0.8676967381474381;0.45531571515477454
0.7456453210182336;0.1750659799813271;0.6777027188090544
0.6889814330764358;0.31667155183326734;0.18730741660612127
0.12902909498972137;0.09908407959609322;0.14078376640299506
0.5878451026449837;0.5624667455429765;0.5955095998904888
0.05350723924088496;0.479823062335202;0.5655978632310481
0.21820146899339254;0.7851597363602416;0.18253107627510856
0.2940874343330988;0.03522190670952863;0.6713694544518669
0.6364630089906299;0.2670822113229572;0.4388178993391001
0.9317974925720983;0.60447027577571;0.5733346377346685
0.6610651510615873;0.39497546209698375;0.5922099883796945
0.5128265612726793;0.6986128571830879;0.06179568109529576
0.4652090806429986;0.5225115040243975;0.1152685545602693
0.9425413773151211;0.15345428290200147;0.4218684384885746
0.9110888016137949;0.4956553161580485;0.5183270660566704
0.30915495458449205;0.8862005238677537;0.042083651772633734
0.6700037533358243;0.9040584997670841;0.4878604845421729
0.3517974556634028;0.46658130031294587;0.4283878608048477
0.8374339815354773;0.14496347605280246;0.026198949750393163
0.4957908424613199;0.8498950548462838;0.12787485412161292
0.49944858467432673;0.9813144073466783;0.9810366436644192
0.10900468947888498;0.6155486539754071;0.06582619434782189
0.5941403649636772;0.36807961961127866;0.3102433840451597
0.8523109492308514;0.6508963460583603;0.17732175680595996
0.9478374406409645;0.861863844716709;0.23597886870657558
0.16426429208334847;0.48999419286216095;0.2832480206673048
0.8853524585137824;0.2732120357594451;0.641366069710443
0.6186261547279922;0.4874605105112948;0.14241845312159096
0.7414317065974675;0.3711388308061946;0.9156500913091614
0.06580363197145234;0.18721659416130765;0.8201548789175451
0.31398573358046167;0.05986511915358872;0.2251686311561234
0.6130591191298991;0.6826217166125436;0.9100346945536922
0.8339595540157188;0.642266089773824;0.05176848490692865
0.5056686469923479;0.09638936972727141;0.9233493526209056
0.6137593523434218;0.1387759241069788;0.559666276816174
0.5637411978448894;0.22545209604762473;0.5672927972863306
0.793622456339531;0.06926327104312147;0.792536285789108
0.08880487087355371;0.2923012090713294;0.6326735591772757
0.7813723441794962;0.35615244382369027;0.6705517504090972
0.4612951793516523;0.9281838422911721;0.7768579276972957
0.5661281368324802;0.6187907043687888;0.03990532401930924
0.364397166737786;0.8841476221683109;0.6951204477432398
0.8930230214865049;0.6033445056016064;0.9758077192814271
0.8007132587777419;0.32207406089717194;0.7394709122853773
0.9823428536539671;0.6371619753814894;0.22263459485293868
0.9584615233828431;0.44285680463205523;0.9875265392999092
0.05627167874127881;0.9819511312075128;0.3699234160186592
0.04087009165906397;0.4691251929150526;0.4411138628885125
0.1841322276267846;0.6561402465960737;0.6308860011010452
0.18893932288078918;0.8206021163853482;0.6088269135281668
0.7591282948949887;0.687261761264745;0.41442273651517225
0.3044757743236569;0.12504153989710787;0.7780519533185825
0.3184586004909864;0.6670515260620433;0.9049917624878193
0.6226101306121867;0.44974763609032153;0.15160694976467615
0.26262939148348474;0.14263821472440308;0.34091620138465395
0.5335823937589562;0.5010229309294515;0.41534189787319475
0.4322609483526062;0.5056850414790133;0.9603802465739812
0.912929750912017;0.7392008602985988;0.3691126110351889
0.79655080204784;0.6525392045604189;0.703615285101369
0.24621863960990253;0.780049117162715;0.5803423312718897
0.7011733915470231;0.7756057757539642;0.4223039752805724
0.9939775852700053;0.4148445109517773;0.9531645887079069
0.6889755402565445;0.36707522388153324;0.8787408612926016
0.2816413250196632;0.4709033141432327;0.32682434545316463
0.902815427860992;0.9310533273577546;0.77264347805744
0.11542498037088256;0.582774503786829;0.5264683189816656
0.5867689793608939;0.9694393780990196;0.7494142126400365
0.5619518623470525;0.02411727752540438;0.2707667530629061
0.05147162862712917;0.46162909354489823;0.552661094162853
0.5356552763346566;0.9528266176361062;0.8994210693988967
0.356983103210061;0.13492358764582002;0.5318062067127853
0.29153202902552366;0.7262139560592785;0.25785573622451463
0.360014318337899;0.1462490389155412;0.6815500736140845
0.08733434489916125;0.4758664216498878;0.1305942865527694
0.26687446871332854;0.5075507260522031;0.729096778902478
0.1713132219783563;0.27298362504172546;0.9365994291744367
0.03074180309821306;0.11724834821079688;0.40913058997756546
0.703059062733722;0.23239038108583654;0.13230511733941863
0.5974090825786774;0.49166190167795076;0.9870915830024571
0.33355746492535376;0.08715816762939188;0.20269982039816548
0.07571717065347727;0.34357790634360674;0.10190201146540978
0.1417986329550207;0.6612373250223345;0.8456732517323592
0.4195858001955294;0.7869643335625804;0.10386984182049497
0.12617085287563812;0.7832869049910399;0.4960361946045311
0.8319024067049022;0.8851861154852416;0.24748548233554002
0.318055443498126;0.5002442995920927;0.20975878954847438
0.8375759119242283;0.08465766550700826;0.7908189065226179
0.09431640063157187;0.3815773344232074;0.47486315511212773
0.8195220811492601;0.36319952168741587;0.8169202080300675
0.7846852852551105;0.12184518941219924;0.6433472272718331
0.2274025057563499;0.6111848156053319;0.7148273436412833
0.5521452497831985;0.3808706266736336;0.8552765935977203
0.33806290279476714;0.49188836438999295;0.006945015956746903
0.29145615692897064;0.9847052541062148;0.1075303938745168
0.556702293800146;0.5082992158566179;0.4315280711173667
0.003999888099137983;0.6283965422730983;0.07728671514391716
0.7739663066709398;0.7430944353833567;0.8939987409426117
0.8561596192558015;0.044176035904353594;0.32698333564657955
0.8218582090142371;0.4031674250648898;0.7567697006274215
0.1320499216831682;0.2703903524011343;0.7776455639940834
0.507963840771897;0.3580027650394745;0.9593334743610298
0.5009006394812261;0.9291665088507537;0.44844739851735305
0.0830341218957118;0.9466693376272401;0.7875267864810073
0.3808236238787527;0.40326332758851324;0.8589929752384998
0.2334878523315087;0.36683658786705475;0.2553926359063191
0.5911763522954119;0.33699028095414263;0.2232948185939323
0.934790027610411;0.3122475589949385;0.35858137321456474
0.4232566150585666;0.6201513128737982;0.8062993023528219
0.3519194864695818;0.9922002621921955;0.0490809699824899
0.48756373366091077;0.027658851085812897;0.8988966769890246
0.05179107554208329;0.433267647162896;0.19762781527570916
0.39232147543807216;0.8634999550279253;0.2067729140283221
0.10404527046757472;0.9435177085665385;0.3574091068313927
0.9714071312473719;0.16423620817787088;0.33829211303435547
0.09676200014440417;0.40082105019880787;0.4374137704721176
0.08261963250231896;0.9570916961596669;0.2823976846892775
0.9521410775264187;0.23324918575722098;0.6231064604746905
0.8852207378108083;0.9224604985278447;0.7349103050977536
0.8636761517985193;0.4247225658626699;0.6446554398658504
0.09139567168138096;0.5612251000169383;0.607475594055705
0.5658084650381061;0.2264999254052239;0.28040327500949647
0.590585579258533;0.8701098540952539;0.5724847785703321
0.3749468363019681;0.6731110362747224;0.7703396678613579
0.4705713708768401;0.9131509176510141;0.028205728490642623
0.23384929178941516;0.6456188440044157;0.9361392368552448
0.8562288182435946;0.2649661131949246;0.7301283017562049
0.2807489146170561;0.0355733396925082;0.8506723911669256
0.207003759880672;0.22009306793755867;0.20801632800030234
0.8949778761252772;0.4996168142553098;0.8921680036100396
0.843966214069952;0.7925166616853049;0.22826670252083425
0.36178053530784926;0.8535922626956164;0.4794659861852726
0.6428928447344241;0.5554625401216479;0.549134273127509
0.7245110703014199;0.30844936134121204;0.27379561158775767
0.6139953741887015;0.5956309668091077;0.21723855214214471
0.9599738474553621;0.20031575768659626;0.4649278868403426
0.19935719568174703;0.2412997731721478;0.9022056082659904
0.6394132027008212;0.1406825171488606;0.26287118564505796
0.8580940867905655;0.08036751320440105;0.12455075704403018
0.44669921107732635;0.9393939507940047;0.8337616437926529
0.4910287978966955;0.9184721132303391;0.9453607510235367
0.441072410865744;0.9787150834934513;0.41563765279736
0.6437890678748054;0.3788198149197133;0.2835351600123214
0.9013506953556669;0.13421863204580853;0.2603529903753391
0.36797762311971427;0.5935229889431389;0.9214761438299341
0.484528701770947;0.9794100204495094;0.05234282316883565
0.45936863467559763;0.1891149159841593;0.9929017445853842
0.6263660624209618;0.7022311855513452;0.003800580541587384
0.6281505286474327;0.14559032250704362;0.48444281632331565
0.2587606931277662;0.692933166949967;0.22965133852957575
0.8748594052285397;0.7921620455587215;0.7441252761450433
0.3318072761939075;0.5943469818820868;0.3960346733433542
0.819744177252348;0.04847829601829945;0.37135737287910175
0.7452870583660975;0.8330201089701771;0.3829582559839114
0.30376511272703755;0.830194698164968;0.4030675275344181
0.9344963007242657;0.3972704541857155;0.0013549571317461595
0.653117228863375;0.5584598201951205;0.6461660315711298
0.9674409023908646;0.6404505228302263;0.8915183224399088
0.42207973275667254;0.8373463374827036;0.3830503048555087
0.2856106211141516;0.8499934581265981;0.22515182812826695
0.954592565276767;0.4630613390701739;0.6212646011322327
0.17837352770211035;0.3138373005411843;0.48942953100446485
0.785978733961538;0.31564057434810266;0.6395563701302193
0.581148944412373;0.18970231827560846;0.10744638293078901
0.5161116377208743;0.5065616417303681;0.8925216600604808
0.33654042075924184;0.6506193534227713;0.09202250203438611
0.7360720249506589;0.2501038844031389;0.15916937017772925
0.45592388834880204;0.6106092567505105;0.35954849723617377
0.6744425584695534;0.7532099527091956;0.31446201120161266
0.37496995094311936;0.7042781402142333;0.3116531977056446
0.20053153933015644;0.5083422009707812;0.9320801017859567
0.48531258251873033;0.9376171791046881;0.35514466090060004
0.7202445674154528;0.1412967311701725;0.779981363663086
0.5114726140452137;0.7832129438539047;0.08597285814738298
0.10280145434541865;0.016442908463074057;0.07817755542134908
0.8750111221508109;0.06590819466986941;0.16182110807942873
0.8091345921996488;0.7081929327610353;0.5545057140209474
0.11038687510979961;0.17954417155952462;0.6100204608178678
0.2227444674627247;0.787775561961627;0.7952624583563737
0.6447119267835084;0.8409576720515505;0.2978370574704514
0.8987910053767263;0.9992513813798295;0.4024651290943283
0.35459780035166977;0.44947703505067704;0.7946218900746512
0.4447837130396287;0.6647786916167756;0.01574449724346083
0.8374609834808829;0.7733121927469896;0.006510549592120163
0.43914834720909923;0.4125558179616907;0.691568320575589
0.19217999402647878;0.9482948776795852;0.5422683481677429
0.9926575265568229;0.9331603744232616;0.06184653510460647
0.8364269365311033;0.13396610293430744;0.3434982289115912
0.28166508328047224;0.7614949745474541;0.35130398314949696
0.3249611733194805;0.8420111868227962;0.5978845449301202
0.09798046635889457;0.46242426386797275;0.1257051522159609
0.3421011571156003;0.18391308203589496;0.1757108798464322
0.8652377576674248;0.5074543240098451;0.5243274086351568
0.3423553104315161;0.7893697822759185;0.3208209593211875
0.5742830163751957;0.7675364254088295;0.23333400205584232
0.22678245134762265;0.07361532658700065;0.8026897443243769
0.11962434276485134;0.3821684671130683;0.8097230608898534
0.9390519770668025;0.7973703450719383;0.9719540127049789
0.5419716666677514;0.6840048608232502;0.9896191621293997
0.5015254404476182;0.22412203707086664;0.05820302242729558
0.9389439146248711;0.6292480723084551;0.6794834566458805
0.9862301838168427;0.46102282100274705;0.568384856432151
0.6180032552959557;0.9494171151260207;0.531012369633331
0.6722848149184355;0.050244436141697046;0.593673475451619
0.9442683201157283;0.9012776285470161;0.9465933689781282
0.5284482732025354;0.12254171455599427;0.44151897996040246
0.09602316988008675;0.6113906954559356;0.9939115424196816
0.3994269211195176;0.73576842710639;0.4483571803317421
0.832891962359705;0.8901178851743174;0.5538917628832173
0.9896850191514952;0.8146772873675452;0.9183601581065083
0.3924139356950095;0.8534031075546724;0.9307002056655801
0.45912038388614795;0.7021204478653437;0.2985460707613691
0.16868962182674274;0.4725814003847243;0.3143788531595457
0.5655945820860199;0.3945583419344896;0.7601773205804444
0.5107871456464133;0.8802097100452881;0.46488075643448656
0.027671520951651152;0.8937263100098713;0.44199074775440705
0.8343715871730546;0.10274067450623603;0.6371341219919346
0.5930652077161158;0.18396692634997114;0.3319382800564942
0.9506155779725678;0.3026935445529696;0.7991578076253527
0.23076949961058335;0.9930164297910111;0.21654741842928305
0.01907687126455415;0.9352632919856735;0.6091318397885561
0.30056971708021596;0.8541291509999793;0.2494925278894644
0.49626499615470676;0.7525472614259503;0.49993837413109754
0.09156453165625567;0.7866931577565429;0.19404440147213886
0.30378594181616636;0.5527480171106458;0.19848547478642897
0.28859654644551436;0.1265629888620744;0.15501014295962579
0.14611690514902143;0.5367598718117916;0.02963794160649158
0.8795358587347524;0.05599419123467819;0.3089930291330242
0.19235837265597433;0.8797674965025977;0.3534799906100131
0.09928040783508407;0.3397416918868813;0.129813006569251
0.8025600030278258;0.8219630673060367;0.810979511861981
0.4702927628574006;0.3638504589805184;0.4272575663744168
0.1168185552303852;0.4485922885086051;0.13805487856792753
0.8023454753924707;0.6761179142869636;0.21095952476875623
0.17614652574636114;0.26629622167267153;0.612060236178532
0.8432651498637418;0.8480389290046909;0.9236056005553662
0.5061382960635127;0.7840770864591874;0.15953637362043627
0.3102165537926863;0.34252203640137113;0.9949460880929745
0.7941616331208365;0.8713204222423636;0.8414454698970157
0.6235527931440186;0.8611528866237338;0.7379821057515716
0.9475557733928291;0.21441222312826014;0.49985163837382096
0.5832794696715672;0.4678980751538112;0.5983825768401949
0.3244433294394976;0.7601486764121851;0.5424881635106286
0.6044998718633067;0.5396872790353205;0.12317177812195212
0.1944835985067157;0.8094214564985356;0.6179924863077692
0.2938685589886939;0.471381223561946;0.628403558413044
0.319515284720562;0.35743504445688234;0.849862599545225
0.14072773115726767;0.7066380142034205;0.9684749940389897
0.29017424310243556;0.8470277357104409;0.7037047651165689
0.16962157946329037;0.6242775449427381;0.07491931563765986
0.7199959948948844;0.0012498076888145526;0.5183439687799607
0.9550647133586868;0.5526477448791018;0.04955640400711214
0.5960119077990923;0.7438957744648957;0.44343865659565995
0.5653145032112754;0.039928650903283236;0.5434002236866198
0.5176648381236864;0.4515652190133159;0.3498541272388014
0.19667347046067774;0.6233045723681006;0.013669282120023052
0.020633312778881474;0.8963881866380302;0.787987211849643
0.25253305032489237;0.6909710858492245;0.05897192673111418
0.46472164697236484;0.7249782601193198;0.5614250298043644
0.8455241396156298;0.2653890498626399;0.1800463483197312
0.48699096035060263;0.2731733214758021;0.19952038516141513
0.24714644993162949;0.4141744430475526;0.2657996333202671
0.49454983375636785;0.4958247049711748;0.847068754369616
0.9981849137640841;0.6087775672780544;0.9892346289170558
0.32655146494165566;0.13531769071282995;0.2721227714310206
0.2382411770896078;0.7415638210531057;0.4011884766219671
0.9887939975373801;0.7473342225906809;0.3274879601746805
0.0033461879666634164;0.6991969098792201;0.8922836329019378
0.0865119404391026;0.9235009083715672;0.33962386328491867
0.9305021427346454;0.6842372629516099;0.4631665080834898
0.3419059693066313;0.8841605653981208;0.24641939823809111
0.7698054568643872;0.14687300876317744;0.5669891699951987
0.3999606290556027;0.2712555515981736;0.9460717602503509
0.9857567589224857;0.2639031857703602;0.18256566267241858
0.0404687078344238;0.6052299967783558;0.48859961744787306
0.9817716045558869;0.4109933500201791;0.5313553941502712
0.6188258652670149;0.6992892244254206;0.597577443932751
0.9708123733573825;0.9769077521068896;0.08749233590894778
0.027632674806470914;0.32198019344754325;0.16287080732098502
0.47373222954630334;0.5932500481184904;0.161859239576996
0.9198296656636674;0.18670538249020574;0.28896230258827404
0.5202941339937964;0.2471800181548166;0.43951501841210894
0.7516828737923277;0.4875179901432556;0.07978320494522462
0.3135917793657128;0.004383106241685697;0.7700751109879597
0.3058035080599526;0.46007922678382596;0.0535960799343711
0.4638998890434478;0.9068911474528702;0.05318934133226705
0.522325131910041;0.9543107216798438;0.9194209854311186
0.8300987786059993;0.6362668774355908;0.14597642592781168
0.42417339924762243;0.2505220568002632;0.26581856253656566
0.9416026817576313;0.20491950135713566;0.39004392727420834
0.850937977375097;0.11653400218869059;0.3171204751634452
0.6682534783763036;0.8583028787104681;0.9711358653119828
0.37591522950742395;0.4841706916268512;0.6555778008661377
0.9393875818287658;0.024515406600968292;0.3841617431715101
0.7195311478143149;0.000848171446058199;0.11080422944266399
0.4867421646504404;0.3537624002478079;0.9367717622016413
0.03743767592092473;0.35506521429752236;0.07729168175485723
0.7300531652096244;0.21649715555659277;0.2353773048242328
0.6610890888801289;0.6322755923938629;0.6412796484058646
0.3899756763654174;0.3624994452953796;0.04101932868331337
0.4018879767334558;0.288413029415556;0.4180640918347578
0.01460839341559228;0.12331204640137361;0.5665925644402557
0.5085320562842981;0.1926279771493632;0.3602096730636002
0.21596210995923104;0.2084809688251188;0.40269788575118615
0.6816037583324317;0.40767962793010515;0.4855206485924378
0.7536461756145266;0.5402922605414838;0.89117874936522
0.6116065551140126;0.27057590366072193;0.6443049699783134
0.9763571046509796;0.15639451725201114;0.7174905977453044
0.477148661789932;0.26936655495650175;0.25673404624030594
0.7706431614083863;0.8057851003145673;0.6894846066279781
0.20690311005502582;0.8848945113097894;0.296382159351408
0.0450294534925153;0.8607900591315252;0.9726240435492695
0.7014554797000152;0.9453506129614436;0.3776154201135863
0.10587356315154484;0.8036736042396556;0.4253821724561201
0.2252244844395277;0.14926384104894685;0.06655222883599421
0.4749321468239831;0.9991576746258366;0.24701001849990833
0.13985008942178145;0.3084394066882026;0.11234575927246293
0.49564781749703524;0.7989340027745259;0.03614130400418536
0.2480926860193602;0.8325861259703483;0.7467360254120806
0.21357951743171355;0.6924729452372029;0.07940535533867499
0.777083467244479;0.5306296816094351;0.02394202639049503
0.9183361561391646;0.7847101185088639;0.2956099981551157
0.3615816745621985;0.3738506017412615;0.3263662964655717
0.4127394210258005;0.3954659527154748;0.12462550132264982
0.5212737393329085;0.38574238804211236;0.9155121495543259
0.46480237161005755;0.16889577059563654;0.6606522593858883
0.6038716402465646;0.5860614922608933;0.1842279508735325
0.6188184798417746;0.9227754997777251;0.6806194099780378
0.3643074203804333;0.1896059560521376;0.8014464237715014
0.8128892486606233;0.33324830463737687;0.661022551082931
0.6743665627519861;0.6984729901012877;0.6636389982708774
0.3909356368631226;0.2476768219364569;0.3391215109597404
0.638414645456483;0.08222772179309135;0.4084274726858693
0.04742507967597931;0.966146228448668;0.7359414030642748
0.8046653956511357;0.8527365632512789;0.12896691469506938
0.4790468744350572;0.044330385769929426;0.04828154523915107
0.6568616129460653;0.13145014769294228;0.981855212887792
0.6702168518855416;0.05473169658323851;0.7206634689360161
0.0524461023273437;0.8914197530276049;0.6242506786012115
0.8267642950185168;0.8997573281628514;0.033192404540565046
0.8756973083276709;0.6266690606006693;0.11938352939714558
0.7313700384404096;0.7876811668780165;0.20388071299362343
0.4866364544417744;0.3981271134451787;0.8400050676711559
0.2416629202480327;0.32260796046572104;0.5033619273029937
0.1447467452724418;0.7200586983556999;0.09974540688567479
0.6658000000931305;0.9932257386947182;0.9788868837793745
0.9815206291715829;0.4975272702890541;0.8952232850964942
0.38298773050379586;0.8200641794920972;0.9990566125389886
0.965515457625747;0.39714364510587796;0.673013388161007
0.23346570927633103;0.59580583711848;0.1942166392689667
0.8773430867783181;0.8912327736998163;0.5478985172556068
0.08007238773858416;0.5184469645353713;0.5110237706029893
0.9793366906271617;0.63423889965064;0.8908673651453117
0.5204025393528124;0.48281088646882375;0.08304958346944102
0.3796410295510658;0.5853573796549842;0.7372826550831574
0.45922099243369263;0.6399343093924965;0.1871271551705117
0.023177266027913923;0.14785205011735603;0.9820773963739935
0.7932640982596907;0.44178543942031223;0.1905293634113855
0.38707174682566114;0.6511799911598982;0.6716405818470075
0.3693291450895553;0.1085392693368239;0.2552432521934429
0.9059750870850478;0.17271263528028025;0.2518187386761134
0.9578536142809789;0.2645289464344939;0.3596094480106029
0.15861730217661285;0.7232348769092911;0.9167039938417852
0.8239911893116587;0.7722312045221007;0.4898542721911405
0.3150705153886375;0.25432523396747586;0.928735307592812
0.09140244951762899;0.547643933045317;0.9792308467368818
0.8534244113792071;0.44996929564711796;0.6285754338709919
0.6135558663030807;0.24805923698842836;0.9029699995943669
0.2925226519866104;0.40503368445633603;0.479911214257873
0.9650266008478952;0.9139176306087711;0.6672605012021859
0.6385285149123432;0.18023014705312557;0.5031092576099283
0.782356643388373;0.16939341939633468;0.942529425339265
0.6660876492464062;0.9008187357840934;0.05183980600356375
0.5877741599010292;0.4426626780196503;0.0809712130361363
0.950069411236491;0.2034080505762268;0.4842057023413523
0.12414877355524034;0.7319381682246769;0.9219171344487781
0.780797465848189;0.6916959908371534;0.2064512134960429
0.3745196354293321;0.22048463778673488;0.10566721962612846
0.8555161634621176;0.32267922560985995;0.35470652522523716
0.6265922142714746;0.7343776402807553;0.314714244801808
0.4245020142454695;0.5722390790903455;0.6580896982475278
0.8351707064229187;0.3228896107831909;0.5236354680322968
0.8461820328108354;0.033867264489258475;0.8471813682501688
0.8436400713630056;0.17293256257426837;0.19948182398431724
0.8433384594862543;0.29839119949371196;0.7333845848608656
0.8287102206822382;0.42280121113558156;0.41533643086400873
0.8637213754643226;0.11115885812811055;0.2830461737405625
0.5394470378114484;0.9299764264800757;0.21908474788972965
0.4037130317399703;0.046609140128564874;0.8055612532587294
0.8702501202082942;0.6951251113972996;0.12450114883161978
0.427132077808958;0.24147680346137734;0.29136466055465726
0.16364076628060698;0.34347758974838627;0.0066712325184624666
0.031027135741275802;0.9350576222504853;0.5414925416144556
0.38931841289570457;0.40741895946995166;0.3388962298658539
0.04606017934387341;0.29800354424422393;0.05943884071142058
0.6617209658131807;0.23502937199653295;0.6702953544582184
0.5129631187469297;0.7341756042382099;0.7633309083851819
0.08624538766049916;0.015090189793530828;0.9295446972363526
0.44334345184737267;0.35510516000629544;0.7994432120000169
0.8990944422346137;0.9419747599410061;0.8909285153671751
0.7588783527885078;0.9369440780626567;0.05090295433059944
0.34746694062230377;0.5296373228002167;0.5378929487385596
0.273492756650499;0.5260054101446615;0.6499081288556686
0.8824970269185028;0.326257976619584;0.3318819360174692
0.9311580573097468;0.39868452624567063;0.5767287434708088
0.9978939944298763;0.48747399936174074;0.8649133656011039
0.23944289600671287;0.8500879660976806;0.41570247941514327
0.36815120118527833;0.21947022505353175;0.2827985115002716
0.16277600340639442;0.20822950218325043;0.6863534229119098
0.5521074095528826;0.9801460016836723;0.2910030341551336
0.8297677288852056;0.8432744378968686;0.9448334237154098
0.08415233650599785;0.2656955107205019;0.9585212787079219
0.01023819441222884;0.5056864009626956;0.8415389750511025
0.1371506525525773;0.9298344439540466;0.8654599556591558
0.25325611195728714;0.057024479670038875;0.3003322007780159
0.3331528773004867;0.6483169742910739;0.6504435060297081
0.7567679191890484;0.0988705895099552;0.25388451085911934
0.7083400614796125;0.13284213703112813;0.4609286698702606
0.7574294343642617;0.7644057511377995;0.2025746129034427
0.10738628073168599;0.01100615660748816;0.9037548384094902
0.905133992599538;0.5188421231577448;0.6120856914008035
0.44482912712382217;0.7894247889741651;0.49284705251919725
0.1621996311503584;0.549553248056323;0.9085672033006552
0.08572074388796491;0.6529306720382025;0.38252540240167787
0.737569427454087;0.726479402413095;0.9472557227030661
0.24800261775851062;0.6278681781427907;0.8897815844043209
0.017778773658679525;0.22168492112719218;0.3464795594786442
0.4354327429542675;0.011905586191204076;0.6062865325278818
0.7139318033616606;0.33550273868911695;0.4612997462863817
0.3681292967251303;0.6738585743861283;0.9464003939543847
0.741329596725834;0.6832617547360319;0.5585455878419707
0.49076708928327994;0.557584351715816;0.30741675953724046
0.10702928478998974;0.6875051460574019;0.5383922783201355
0.5981136625633049;0.7025232339989245;0.4440470075677352
0.09026425993061848;0.1461842241161968;0.41402854859563576
0.45241234854963996;0.5188976523564458;0.6645543714004849
0.8884830056948726;0.0023430861400040026;0.0888368271425014
0.9470676166106181;0.5045989413232075;0.7400384380182918
0.7099603778294258;0.09075891373041811;0.0424030309966158
0.25514325167988194;0.583042888348502;0.18857646379946968
0.1383446726810439;0.3971601475973112;0.883838315034057
0.8116407276196702;0.9663254554466731;0.5725586237224627
0.2988863925984572;0.35925302887389154;0.4182672124143042
0.9210612279499728;0.6831749464327658;0.7717687145561993
0.19073955755388494;0.4141679826391863;0.9416076321680448
0.2289431198073527;0.12161287344861771;0.01947302469032197
0.8884938164308341;0.3331048060853231;0.6425411661411795
0.831600412291162;0.6512163711289243;0.41548979831512234
0.605871513804348;0.34561945632036906;0.5200062270450693
0.735308212750763;0.1206805041928809;0.2596417621424556
0.6568630933182895;0.7003203024189456;0.4336861830599501
0.7339885709443418;0.24470892098001806;0.9530436404673651
0.18377443741248312;0.797426277687769;0.44770717090108536
0.767567120107267;0.6599425251389125;0.6691771910577098
0.2547101568665312;0.8300222550003841;0.43873761426038016
0.9153620229342112;0.23727352442729377;0.2123077579712609
0.6230719862064716;0.5498193618241985;0.7226790878150875
0.425065775810914;0.9724130684608685;0.08771359441952964
0.5907212049060089;0.34019659345373;0.7637601969899211
0.026799597411236498;0.4767386938386472;0.45564499720028007
0.8602614446214555;0.07175329409477282;0.8775610861881606
0.17750608593561512;0.6834533799771568;0.6270101269526639
0.10408822599566481;0.6586537830227639;0.6704861981699269
0.7357065971102079;0.331181746064407;0.15508987395346074
0.613271033136264;0.8878044600152422;0.47082231355808235
0.20623484533753444;0.3921236344679959;0.80237347627549
0.09361566489405071;0.7686210368716748;0.23391017709852913
0.579218434295023;0.10831490600201454;0.9448600582985319
0.10722727490689155;0.9297509086914499;0.6331080401439825
0.6083749630669768;0.9340559182077258;0.12298089603449103
0.28319037813720815;0.033659383083252226;0.7230727728673543
0.316282267290971;0.4136290485981535;0.7801431057164895
0.05580951304425885;0.06753090538788231;0.31398244443445733
0.6140938070255292;0.639932669886037;0.20758598054009758
0.23185221181038662;0.539303540763296;0.2697518841427352
0.5151314832619837;0.3738425286720093;0.21639336647052454
0.48450090966681925;0.024692724830600032;0.7848624621140506
0.2962944281451616;0.09215385047296254;0.6073592626162247
0.6942346430049253;0.8613433706781426;0.8041442484528843
0.7806598110138504;0.46871116750433717;0.08009750529888726
0.8920644838012942;0.9413568392913004;0.6907702558251392
0.6398958071846821;0.5640960237097373;0.2767736381114789
0.2858947716505543;0.6165387434051259;0.6502090672876356
0.6949331560950556;0.5188135295910138;0.30488156175286485
0.7542242905828447;0.007026750898092682;0.3188256411574676
0.9773596904590575;0.15914939458397726;0.5404223562053591
0.6757361373396699;0.4393006678988629;0.9608389667694636
0.8636466492441479;0.5352793036139525;0.8886781599039296
0.46829929403005144;0.4685010319885755;0.9569443025971169
0.28028969452936126;0.20704549174062747;0.879158530148604
0.12357338951369135;0.9791389933888108;0.2125730997099392
0.15280391521499903;0.5360730303331994;0.4962451066580562
0.06401635016580365;0.9342409719160306;0.10232443437141214
0.9583745764384776;0.9446242792811379;0.11864114956688687
0.6108012720406159;0.932003389095673;0.6156544573143572
0.07734684644285439;0.3543043045432196;0.5995785316343439
0.26011622195383566;0.8454604345154415;0.9971330435352069
0.3586069878426359;0.4595582910200323;0.1454082105038984
0.2306628160496712;0.22842899930549798;0.6721438326093369
0.9683723720849188;0.32746404947421703;0.8442452511821007
0.4805036559265303;0.7002130816731919;0.7786379595532374
0.22966961141802367;0.08443215428040207;0.6332338675450984
0.5342337360405858;0.18579253142095198;0.32693670095905614
0.9404756591667773;0.11104511440511611;0.18196317979312504
0.6422589276376536;0.21518218931698097;0.7019261631325038
0.9105907696489789;0.45310728328912797;0.7072581113363983
0.4245973450003441;0.04994650849680682;0.428556599008711
0.5850245300232817;0.9547332034047855;0.21400452019033112
0.8761942885877616;0.6006175478262694;0.5998643894355385
0.2842709753375038;0.5388252162277174;0.7446539775310733
0.40773104516213743;0.6624148266921874;0.15531231993728445
0.784641229492806;0.23810251940228977;0.6261361433639188
0.18432818545383467;0.4006016198086356;0.15211636942786133
0.951347407711752;0.4378742669238248;0.6424434245586838
0.2695193517831599;0.9609152325699716;0.6825647887438454
0.30428621327890315;0.7345869078359792;0.20404181849742808
0.0772075338748004;0.34292703207110786;0.4977910061178821
0.6640505838264836;0.16675296879127366;0.7304427567567137
0.5026881299061025;0.38301466322063693;0.5095327735155079
0.0076947936084194035;0.7986004562541269;0.04863709440501085
0.45329966718451975;0.8402543850953459;0.8781718274104027
0.7640614025387517;0.3088805782121169;0.2534741829596452
0.5228988284773801;0.1273278753285111;0.9093209983804853
0.08762521974194681;0.23255201609863663;0.8007995814803124
0.05712865416602486;0.8352408267717935;0.7186677501433927
0.13315746564672248;0.6525948137263112;0.7647011806214404
0.9740628017007548;0.10734292381818766;0.262422254069548
0.20902036452961348;0.45979999067466204;0.8541961993371304
0.976238151671398;0.387557392440705;0.8171240464746967
0.7361499242135516;0.21421824774268405;0.7417054227664184
0.5105740814978912;0.28971408948146626;0.2338869904462565
0.332961434804141;0.5301576758607153;0.1253370408236345
0.05856495731839184;0.06954740332246723;0.06480796208544637
0.7428078271604149;0.44495464483281566;0.9709211431590388
0.4582877730409096;0.5213111248404698;0.8152699953549075
0.4385499471827079;0.6738588918349032;0.03789411652781571
0.3176222969767253;0.8080439266060573;0.11074819523579205
0.10230393184462316;0.6501928773726858;0.2667591131314546
0.5586445572020661;0.6930027310257846;0.20696594056534734
0.405066629515514;0.049371502512206566;0.4312919776109585
0.9860848121580928;0.7274902871977613;0.5798102617540101
0.15632504274622305;0.6590761643552436;0.316181297704618
0.2535531865548646;0.6471751932295836;0.6951639802768298
0.4798366005344009;0.3170467578200099;0.5175483730374553
0.8733486740571529;0.7410153471915193;0.6123146295287633
0.2937903388901071;0.9627932653325947;0.41487499348517787
0.246137703221321;0.2966630190589912;0.8835467579627041
0.7184707393752449;0.33086476654859076;0.5559360502708002
0.9422205753547969;0.5006751527828123;0.8275538516726455
0.45397214509380857;0.0931230986388294;0.9603732068668726
0.02695892705368419;0.6543910077906749;0.7245719545228756
0.6248950636294995;0.4415032236212012;0.7077626256875187
0.1979325730776358;0.8128103826559595;0.5346742393911972
0.8291741168660468;0.1631207350200743;0.5985745957355421
0.13253611586470504;0.6429657550955524;0.5665137422178759
0.9128416328826868;0.5095710555426307;0.7047094335129926
0.5191239509571791;0.4823769484081274;0.6708179014693677
0.09609324165340127;0.2100284406691305;0.15674625520232088
0.9288234019411855;0.9970831740237156;0.2652455828732736
0.12415911100506594;0.48849040112137354;0.8705427580080534
0.7320844401203445;0.42760358032962165;0.19294902942368286
0.8944002249613238;0.45525753124705803;0.9578225752131981
0.8677537537960508;0.6635540990275718;0.698219431686301
0.3854454572890189;0.5654269715424071;0.2878958137976696
0.7407983288806871;0.8441852679093627;0.8085891204031938
0.7639385945114475;0.7307349834882665;0.5884038820386533
0.23526843162003008;0.41862528250385256;0.45535563107289756
0.5329979121915153;0.8776887451423248;0.6074676497570183
0.9517110022680539;0.8064998452015718;0.7618170173914658
0.29451156171511017;0.05114052260444635;0.21530246258613328
0.5936912688768957;0.46337459024275884;0.6718546460909804
0.4925919550982192;0.08623521453250627;0.40213653726862164
0.7663394434603678;0.18246208127764596;0.11534482271748803
0.03205554395572585;0.5089371019427678;0.5537850365798456
0.7127145601342559;0.6075302777253988;0.4691734905454634
0.4591033666381903;0.791907000206496;0.8082332061713726
0.6503628530511708;0.8123407817649494;0.2841507761750912
0.3351349031337183;0.9645142343739125;0.37056463808205575
0.29852287064096916;0.42595897457428367;0.8723472665339183
0.42527603114722123;0.42642712709755215;0.2615671269867029
0.33597843767014346;0.9422104198726682;0.7710604984125712
0.5630592229019395;0.39111510559194806;0.5371169021302953
0.1693798422631383;0.7030066350280757;0.24498489634412224
0.5318140905792956;0.13026639048356858;0.6959170510480722
0.5864776923988115;0.09789113299969732;0.859942781977066
0.6134013562125609;0.07805403590139004;0.4898542608264699
0.9663324889973379;0.2643069395343548;0.37739237388967695
0.6365121594779863;0.6829866071488647;0.6623277604143195
0.8257546840864101;0.5128687362418951;0.05508971312283617
0.6177266771888728;0.008638675732557166;0.07057883034712265
0.32321552193509084;0.470539583797037;0.3235632643614549
0.7264709259691606;0.5835213032120536;0.9113919224963172
0.6285933676181742;0.09280296726481019;0.15799494789394608
0.5948654746146335;0.4243346961065445;0.2094534609118387
0.046245984586531064;0.5100110397922168;0.3668076623430584
0.9069621177429898;0.210209480310513;0.36395822955760415
0.3023216423259417;0.09709016321566655;0.6061896644089031
0.5314041879242237;0.15860964813677914;0.12655855670789062
0.6325182861902543;0.7974186714544854;0.2276583765499326
0.445636806868302;0.548076189263856;0.2519557461317514
0.3051725339662965;0.2541797878119503;0.32636000148062494
0.3485324264882538;0.3257021683622974;0.8994262240990992
0.5965167840910778;0.7284277585668871;0.8706824481227476
0.050542560958144134;0.5704386900922063;0.6259015278751634
0.7578342796986869;0.5507389456023127;0.3031640961853005
0.35269846652158077;0.15089019020621486;0.46254598191483187
0.9583745918897572;0.3992042709515008;0.0923828946333971
0.496884382038981;0.5210154751127171;0.8297823284784774
0.6784327354386038;0.9356323246899975;0.27181139651073283
0.1005708599868792;0.5474368597139658;0.7364435743485416
0.21524987826804887;0.6402523092205712;0.0194440995826749
0.34538345040809415;0.0020281639013866037;0.5112245182004238
0.5479539859806043;0.9469684422215681;0.8216375770335476
0.15236661669109453;0.8979967854766263;0.5356118919802344
0.9778899479139824;0.5595563203474768;0.5668420564595529
0.5495819721506218;0.5896696790857628;0.6612125405862447
0.4342972319981707;0.6501472068068164;0.9402993556049042
0.6167309745597304;0.16311759779944213;0.22600914897208924
0.9325275684529268;0.7331640052883401;0.7362964416757585
0.03900282955302803;0.09652794510970764;0.0783357811213784
0.9841502034696055;0.6572606115790045;0.32806897367884824
0.954832223339396;0.1441660042580497;0.06722915372425486
0.6142489537249333;0.3249897208396718;0.6998679678990078
0.44293239173187715;0.5022364534525667;0.3332607875825375
0.45563434016855797;0.6540546982535276;0.6722683902834108
0.7174399429384242;0.37802744122996823;0.6925784163859692
0.6581592859558412;0.9486616638615668;0.5989590646298686
0.567568105388866;0.12270824925485546;0.8638338577905675
0.7965386246718997;0.10179350212273786;0.3098141909389278
0.995145781439201;0.9433165940410227;0.4418794959378428
0.3178581589291797;0.21134265914478645;0.8644302524612549
0.7721207245374851;0.6297991926573002;0.6369947445155382
0.7600451766428146;0.0896698076468766;0.7940090757779241
0.607463067767992;0.19845858898954527;0.05238986768007525
0.6880994745133536;0.32580587556957574;0.16192255029574232
0.510521598321627;0.7589313194502099;0.799174714130818
0.36110715595279586;0.4662647898180584;0.31159809082941314
0.9012690862010786;0.7100224637175127;0.9827305264430491
0.8643207779053457;0.2485773911913084;0.09970754219810751
0.8459265257539198;0.7075937424002363;0.9421651224839946
0.9442220069935151;0.41648571965793435;0.1991455345670755
0.046518669508320176;0.550913354690591;0.5183081521753928
0.24800677698041396;0.769259275006059;0.8758400974910442
0.3003239170364177;0.5941272117652789;0.5867187868371065
0.5530156792466862;0.005970226399899081;0.7865206054059567
0.4912012961907176;0.07822147558814307;0.25346352438004627
0.3521207480326176;0.27600386807867827;0.5593367883218868
0.9176619478232283;0.4076617125645946;0.027764184895469723
0.670508930294615;0.13054958635685765;0.2841327038193493
0.8618642352311886;0.18036580660978874;0.42440719434783325
0.8633629488571125;0.03186615649655389;0.01660131442101387
0.6729407786881592;0.5896374943608981;0.15496923095240567
0.4297572480412887;0.7409171930355142;0.5029117075089096
0.15096309312587153;0.998796790548555;0.39797935028676634
0.05635281723844776;0.7533163559491405;0.26377117523834315
0.33710996939041715;0.33008413630025024;0.1850582707438052
0.15612363736531876;0.869968368652233;0.9772555315705258
0.6421662939429056;0.3018097449184247;0.8496341441262131
0.44981438395980766;0.6884561593513382;0.921654956183989
0.5146501330996196;0.48646647915150176;0.4962691523234398
0.34076225246779557;0.5320974169975426;0.010736723293205297
0.6726391898003202;0.7138958161912883;0.4994626307566694
0.7505148803737132;0.06263743355786089;0.0011261183033229871
0.8615113336660507;0.7115512011741897;0.5141951065079217
0.6486123757507765;0.4140628022242283;0.43296308638176895
0.26093663695584846;0.09443975292397877;0.7015841389743129
0.16891900175183072;0.050021150768019385;0.8209295676714353
0.7873497648424959;0.9843812783940559;0.5035118216547669
0.7375581709733381;0.7127157884793822;0.08567764567558156
0.23465375676412348;0.6098280904566523;0.32733759598134504
0.8874282435920003;0.2794714802707775;0.8665373446305391
0.04661188981532083;0.05605246461465152;0.6617096276198041
0.6646118372990747;0.5094034369079989;0.5574300778866821
0.5052507657484999;0.6092005571730784;0.48912445778421265
0.5160166806647547;0.9257358070245025;0.34059447871718385
0.6788374868023407;0.959728484913261;0.11990798405642988
0.2541235295159109;0.17006845720937058;0.6199990330381866
0.16865862363150275;0.19974629604736194;0.14466002875112605
0.6566628098883486;0.7158896102836423;0.9439140241760489
0.5276058033230777;0.9602144230048879;0.2667492167076946
0.8893090679818568;0.6315655550313081;0.20926887788423343
0.5023836966193258;0.9859362257291479;0.7720979036732968
0.35571265150310816;0.6839682001859808;0.969635979462265
0.5698670660526884;0.9880288568064294;0.5960127389217221
0.7868210877903462;0.2048358449872153;0.3322701630557341
0.0930741603273465;0.9403750808439474;0.2676257088286905
0.9721178789077904;0.7527383985107085;0.18128320430365974
0.479208778663583;0.9613047876575732;0.028019874786954113
0.18980894436741147;0.024905249848826583;0.363829116872711
0.5802721113997996;0.9826922227212964;0.9449720098516664
0.3957209181983551;0.4663410749782181;0.4957822383529251
0.4819495830193995;0.9431691216911186;0.8053438905757927
0.2547266434462965;0.33544425942525746;0.5055706431013953
0.5737752956728577;0.3054652783952695;0.14291127471968956
0.44769433955781046;0.1612539592620984;0.3830062021694003
0.48235090740205067;0.6272454971696747;0.009653099330583559
0.681520019848602;0.04531910335355949;0.21392088564657152
0.7709284778655707;0.716368412395706;0.5757457954240739
0.8709842713965448;0.8845571299394538;0.34521549599718804
0.5838753485601187;0.5932938777965274;0.655308247142347
0.6575578712768739;0.3980114594530003;0.37362704210508735
0.6811936636606475;0.3912380241915432;0.8636734380486891
0.15762305081374972;0.0670042253557055;0.5388790618825245
0.37823731266132454;0.6623170402070457;0.7936022049125634
0.6356066997667905;0.4779655117704952;0.021348330794779935
0.29283430704280644;0.992140910000008;0.7430143563903892
0.952750257576448;0.5437847598804301;0.5114778415226844
0.38955852014282477;0.760216345466083;0.5384988698504378
0.3715596444227789;0.9657986417924378;0.5308010023046645
0.9315086327561801;0.432968275034294;0.9085689305426428
0.8437757797535411;0.2450678657477683;0.5934197008219135
0.3593748036223451;0.8358365557471599;0.8713211282676018
0.5172398098829877;0.19499896024649854;0.8710105545275608
0.3842556809937827;0.46186667449169294;0.45707017984199083
0.0013733947184628725;0.7652731147898539;0.9060119095001541
0.7557533845655168;0.723628064091548;0.424788645199456
0.9157938156700913;0.4273118234937684;0.8367256205037231
0.766391141696151;0.7330266338804533;0.7905874966871251
0.6798349191766496;0.23962405738071602;0.6888601492785649
0.15982092037800943;0.4754611197049561;0.6326973989483006
0.5082934969784398;0.7993985881368082;0.10270544286135808
0.31125078229583036;0.4240070366879085;0.1080476866276665
0.5159716016892752;0.07076474766109286;0.27969612675443223
0.05131499261146488;0.9823910596958597;0.25518614230495884
0.13592138957856303;0.5378207180386536;0.9479137068531358
0.21690978352528967;0.8036118176192549;0.7577106890902126
0.8977017449611027;0.025678404867938487;0.15326998015260418
0.9771982646415495;0.7942651762915263;0.8489980889846546
0.5533573447847093;0.7919224003392908;0.8389015737525981
0.4733961035479184;0.7870162530333613;0.11546490649012886
0.5230965691296773;0.296918809826035;0.3452018207024037
0.7635074023708668;0.9189356473879065;0.7752944034874397
0.4000477322050462;0.6437575330664519;0.9317467767305605
0.7328504493975245;0.4593565890252801;0.4874801844533394
0.6680572811044095;0.7544751212617511;0.5471119058530551
0.9793959128077296;0.4795090565914947;0.7574031741024574
0.9189596699049878;0.6269273613434407;0.8896420515216975
0.2466667122098286;0.613489279397351;0.19650917986936078
0.22052709978090268;0.6779505774757907;0.6991497245668415
0.26818164467132055;0.021387895790061173;0.06793328993746273
0.7729430000583047;0.5541053650906888;0.8318006513687044
0.5727919435375693;0.8719720140008378;0.8935201635331061
0.6611968698533897;0.1767293364999889;0.15195610845925211
0.3375828243764035;0.7859223966641485;0.7115819426096747
0.23601236099078637;0.5979347198890652;0.41773041601006555
0.7228110703926738;0.18683482105816462;0.366643364920036
0.8588893839993784;0.41846704333783713;0.8887395775632855
0.027004648240975593;0.33209154126397156;0.1998964926865041
0.5822778465596888;0.45042939665629556;0.4570821475564403
0.6739777159688141;0.3356676939234481;0.5592697186384804
0.6085677129878928;0.9993375716044571;0.582563762315803
0.28515675851186184;0.675154685784188;0.3451999482057022
0.8282609016562094;0.21214327095077823;0.353588154434217
0.24922124284069702;0.23263419975477173;0.5180079368036989
