0.39536347788295334;0.15724471670989715;0.8190564195227712
0.43709034354720067;0.29428248954590075;0.7298321550679187
0.5065461809758532;0.6013968371108515;0.4867634680196128
0.8989222091701178;0.10666608655576593;0.8968173269594879
0.6691908029391133;0.3775554601609644;0.0024977327290545137
0.11794771122594894;0.9031906392359332;0.48573304199697387
0.9488409455462476;0.9617970314978325;0.4731572054615525
0.6575606688086917;0.7093754337097662;0.8538387403644783
0.15879416244594935;0.4884762967512466;0.2304004311629908
0.16434074841599478;0.2745569231370625;0.0896439205661389
0.7412774085422137;0.09055094766687721;0.49647556360727274
0.37595073335134677;0.9011539258964725;0.2474350339191176
0.22654989692902183;0.23808246240759112;0.6794568723239951
0.7067385269056441;0.43060009937237353;0.49489355827949144
0.9252600710836465;0.24789106079968903;0.3365989618850138
0.21994428227407692;0.1999927966910775;0.8326270384314897
0.3220518856624902;0.7484693931221095;0.8427457670403615
0.1821322724831269;0.5080947740698227;0.41610784359413056
0.7836102319748819;0.7787359606792451;0.7223328713346616
0.1426802158534486;0.5506603405860239;0.22168008291452845
0.762859355811883;0.565339692537455;0.9920706566417794
0.2325445122842601;0.4137077243501184;0.39359587806298924
0.24167121504868394;0.6228465884100677;0.49440770044445126
0.6023865396630159;0.4444470985670025;0.11320966851472936
0.8856470802622077;0.70166253465028;0.7830855719173115
0.3012448927047626;0.1906489627459157;0.4993777126992798
0.8481391342264492;0.24240054232807107;0.692912902710857
0.6618635432260725;0.26922758813488246;0.801159300682479
0.08480690019874249;0.8960910427612727;0.19144752831677048
0.7854321014886098;0.3163253608701303;0.4279102688269951
0.19398270902010673;0.18791029867328246;0.8014701915223719
0.49491556178442875;0.6227437397832106;0.23120020581569423
0.2537267941547783;0.20843138468321531;0.22775150304032943
0.007015541322620389;0.4733320461101258;0.8517005897748101
0.7538251287550429;0.8074408938931723;0.15560051920026519
0.3548849435404676;0.5735422553017216;0.663313884705441
0.6931614378153755;0.3856863674585723;0.853901798745499
0.04921663859811776;0.9946582595169893;0.51639383618215
0.34507039694868336;0.5745097636560306;0.14806998090863266
0.9419428906809014;0.8051094027340576;0.5415176939469049
0.46472279285353524;0.060770042531684276;0.059746294310709325
0.5936273090151454;0.1081046014843936;0.4878808419660813
0.739644092324393;0.10634176217729596;0.5621622053754857
0.8966930135807453;0.4083914464399858;0.20436021220253842
0.885113620112796;0.9137926118709143;0.7469026509214917
0.4121339332869214;0.4535633409069598;0.9729490880641419
0.3019516435762014;0.1690441187416416;0.5771987472534768
0.2867974144004849;0.35711967169721015;0.4331991338040738
0.31089433473030015;0.5961017088558661;0.5237540344743022
0.39740510505315496;0.5832161988792357;0.48332356788952513
0.2949874463581005;0.8986553559533649;0.1077703377686261
0.6434736101441975;0.779636948230005;0.3500459254760572
0.28032696574483595;0.36682648343974333;0.5459964072065602
0.4863557285650313;0.3059292583998444;0.7388660766045462
0.7782746753317799;0.25157733620775335;0.767829383639594
0.6338523079339111;0.4044881775080176;0.3144949599686816
0.507420331218439;0.6814340993293305;0.006875398170339997
0.33879359270871023;0.5570941532396971;0.16025033311776304
0.1016249330400536;0.2006897790795723;0.8957817716683958
0.05953840396058008;0.5173204936963688;0.34100192855547995
0.8621222403672045;0.6831532303053265;0.47873189418665285
0.3661198427984462;0.23112171712530605;0.4270275196458978
0.9469553262070161;0.5912140848310476;0.8570238844097332
0.6028452721501243;0.22839358775890617;0.7832415378344909
0.34999657400406947;0.39397544114865346;0.8665872962682312
0.2001414410482908;0.5814087645890536;0.3794649529496884
0.7817246117084949;0.05422640933721745;0.5742768818478367
0.3916095256523906;0.3645136471665793;0.65342742377543
0.9544503649343755;0.3688069603877403;0.7863918118544361
0.05933175980966077;0.5046681453325682;0.03515690634275692
0.13227196263624286;0.2454667647834713;0.7812631507223421
0.06595558037468485;0.2561094266237286;0.36214379425914933
0.9553283254101013;0.5276442642920605;0.15308894823080144
0.15101575317959726;0.23289122327163436;0.7630981170284891
0.6183187860119908;0.4365419966045233;0.6245587313498452
0.8327718857006114;0.3138039940838633;0.5513772442480588
0.8994691810136554;0.5556318904164744;0.891059647159795
0.9356490427749199;0.2861288855390506;0.469500241542826
0.9566602091285168;0.17411377340502;0.5469684459234752
0.5834800917487208;0.7656212881477986;0.2708330678638303
0.8840535606725444;0.14077699168500257;0.013723242957292658
0.9279708673247118;0.8001821877364483;0.6074632081912186
0.3238654831654443;0.7453241787712539;0.7825547107266716
0.2539668853129917;0.3165338659973441;0.20638410419190967
0.9824457145700143;0.31115517074400767;0.3252360727986615
0.13190409583160656;0.5025764195264867;0.7131800301067737
0.4626511402979069;0.10209616029306678;0.8019023719124866
0.9670851978847135;0.43486327983117357;0.8028024836560309
0.7804488284016368;0.23471541448181465;0.044155401063232125
0.7792606856352263;0.38963566737126;0.44089391106426845
0.029224666162065316;0.8569370301549619;0.5870625419504666
0.35266640258095283;0.19556141123497717;0.7461758996591864
0.0007959521394619307;0.6253414407555954;0.27813791381958197
0.9363425884843143;0.6388746943205015;0.6314851193800141
0.5167965364637033;0.8260508705204979;0.024264107306075422
0.30428913703409133;0.8915091822470359;0.381888284798371
0.03459517491513131;0.0039983326895124405;0.5193772539390381
0.96275142756274;0.3595898000237524;0.8054384650091545
0.02198367211401009;0.22247830217589326;0.6685284481277007
0.925994288292047;0.48824787208156095;0.1615719231360534
0.811797888107089;0.10460565058454341;0.8324073242970264
0.40742632285241676;0.2425248378920657;0.7353324628945094
0.3328821355653455;0.5567243416664828;0.10272174065579165
0.3999558595366811;0.8424973420901704;0.20304326979160658
0.14651523410093248;0.7064566893133999;0.5078498074963201
0.9675602509512435;0.2241695535555709;0.6682913313454072
0.12422553916068757;0.6743447580528655;0.3894857926782429
0.5513361887674691;0.8782011517001336;0.2210657960240089
0.9428557390415436;0.8735526956806492;0.3847084940694163
0.46258299010037895;0.535344436279663;0.33919097942560894
0.6471058299655207;0.16074353523146268;0.44274981412232917
0.8854947345830056;0.13251443471427138;0.19275082468434312
0.8886749770241382;0.017905213082866855;0.4840480508233388
0.45211704918363393;0.514864708000856;0.8269370922913046
0.06598456622025117;0.9657701507385361;0.6854681623850318
0.006466848821325422;0.5191393200887137;0.20962000773990974
0.998865136807726;0.24303698813854802;0.8794504906531798
0.7490580600448928;0.04199935407796007;0.30486586117547154
0.03682079529598248;0.8022166145668882;0.5883972391559089
0.4319171628601185;0.8651509463941419;0.6860807247291852
0.20082544768207433;0.1148203599980564;0.5250840213771272
0.8224967097197844;0.7258284536437641;0.6529113136129825
0.1825043713147021;3.4275710281028715e-05;0.1589083559831006
0.39265895700530484;0.5700702101700877;0.17713061918277717
0.9091375703113995;0.20937086384984271;0.7803669683956577
0.8587948627388121;0.7177322945870092;0.5849481630126795
0.039579266248571554;0.23249395845740772;0.7550029535209652
0.5022145009639487;0.905485235045251;0.9876788037844838
0.9071203272447441;0.9887880683835363;0.977261918712063
0.5131870231149015;0.7047827180043872;0.5353787016303375
0.06142411117856417;0.9903161718088903;0.14278045671705142
0.765012453106055;0.8472612901883928;0.32775677964071614
0.5476716832635343;0.127166110641458;0.1544894898950211
0.9023641724667942;0.738626643083273;0.57159770305872
0.18936588280607447;0.8119829772851951;0.4729303660703088
0.21712866980048096;0.4884595995634553;0.6688964281012031
0.5288846923184332;0.6351444006520821;0.06576691594196593
0.4084399462687427;0.5945285597411222;0.011624991006556451
0.9855866222404664;0.9283699467629065;0.7944463984946792
0.4927903469563121;0.6956744745884769;0.6146657652876707
0.6437050221635625;0.611077795736541;0.925614091487484
0.6086757908390941;0.5539853656176592;0.5525357199049451
0.7915361478503652;0.40829692998104616;0.8013700569617962
0.07632247056340236;0.8447290102004751;0.5377323802007843
0.07418244611152314;0.893449764832881;0.6416747045802113
0.9064814185646245;0.025586108926562323;0.5165742756876155
0.10531719449462607;0.27658976981866923;0.45248420637793196
0.32371836616642957;0.48576143044959097;0.8847843190656005
0.7067658910746829;0.7043719681588212;0.6762081151034767
0.9052524122250333;0.43652120310492704;0.4748053107818402
0.14825982203845034;0.6736420925796186;0.4283510665811675
0.9895514126225675;0.8300405823653051;0.005282787248132026
0.09882493383019508;0.28626244737185635;0.5380516097276413
0.995851436197757;0.7541073369773531;0.7424772879416358
0.545636499324664;0.8552232299400853;0.382627377507195
0.8504665352356344;0.5632311901048226;0.5336979052331918
0.6347138066814498;0.9548313654994116;0.28473532595396056
0.2807443503404472;0.2824554817157423;0.3353396884368104
0.3313772908155851;0.3531459643989765;0.9549034881292181
0.11860232045391184;0.7196288591651612;0.722569425367335
0.4372236913276284;0.2700260781273738;0.13441919068087427
0.8982874377627166;0.5187878221510944;0.8645772718763641
0.2087316403184375;0.9332104803427622;0.8201177189512804
0.1284248924315632;0.7579029227591867;0.5341315088420787
0.4826196329546505;0.26110736528460277;0.20410409341652558
0.7155105644535908;0.3968733390397353;0.005852776247229907
0.6702136587658258;0.8075070685204094;0.9679409644738266
0.9066907389590955;0.5316109682730825;0.06412114053536244
0.7439133366282925;0.21931339970049923;0.05978508223040735
0.5739585185837327;0.23708837294156382;0.38383075183238524
0.25345192252435755;0.1097125448807389;0.8875759417468531
0.6833901982130007;0.9980427716829524;0.6207859191089052
0.07348906969362035;0.5244111755237231;0.26949052641608495
0.6077938999354179;0.262955524221932;0.37926967326008254
0.8203455780044518;0.509593752928641;0.3463436573937304
0.7421738558084102;0.5875544270342319;0.14711903985519859
0.010282883945332055;0.17158826459411858;0.5708800384692256
0.9568693495125639;0.9953013146077716;0.6052468024561138
0.510902754166306;0.006800028221026433;0.5864954707685276
0.8143319862058538;0.16101916909184277;0.14101650768128648
0.026671347821240587;0.12929287775351062;0.372283180429263
0.045408098133432606;0.7493313800462799;0.27382026603583043
0.4027274331988544;0.5120973974977404;0.8547901211173261
0.38868015651250987;0.3129385499113536;0.5489434544216417
0.8297742331866764;0.41433929848753803;0.5965430433259
0.9549890235381988;0.5766855784605758;0.6742751640283904
0.05131986228208307;0.29958174396671544;0.08703731935609516
0.9127095451828564;0.460638947767115;0.3034803863939658
0.9441172580416343;0.9203121287481884;0.13361785660590586
0.07271300497134925;0.44789936716819256;0.37719630580512964
0.4186815814566337;0.0717152779406447;0.0409899260114035
0.02692447075258586;0.2525451757512144;0.12914524783523362
0.8644583548149174;0.5581831236254645;0.9305350560528846
0.9869226816068812;0.12572706905491116;0.12318005824048162
0.8602188405091419;0.6828033979765465;0.796445653134697
0.27558640452219985;0.0971436158065464;0.6359671157319687
0.8556239655340607;0.9303189354161172;0.7212365991310563
0.2740246483774894;0.02855681310007463;0.740898997359222
0.21614675546912987;0.17358354576023804;0.27380432144874045
0.06048975707356474;0.566874793409121;0.4472838380140918
0.8698032965786608;0.021871336014129383;0.8206821940089245
0.6140293981925529;0.7122442445051539;0.31945170632390585
0.06521060531983924;0.5180303548800788;0.3953115826233352
0.7075502423865553;0.278831530149402;0.050205719476178357
0.9870708963879868;0.5541601787737686;0.9625462470639968
0.835053268211872;0.36395969161773634;0.28101870980332244
0.21100156727060404;0.9478344844497977;0.4617333914049062
0.13566237675217718;0.4275680622405116;0.6994913299451024
0.8083191129904398;0.4626459822144716;0.90937962041307
0.5190881253828721;0.03513785143461523;0.46287948140422996
0.4960581613484011;0.7824614798893825;0.7721390508744362
0.6133971664711607;0.3566605727781018;0.5311462593678432
0.6747606573563085;0.629234500535009;0.36978837381997165
0.3138821710668327;0.11258442188087714;0.9925105462773661
0.98480876125913;0.4228143534891945;0.5172364153025443
0.39650670991654013;0.22069987367436494;0.30235305932645684
0.265308551239286;0.03121739964944914;0.5170126594438513
0.12098736377020503;0.3195516379898359;0.8984392723349003
0.13426110756923892;0.440977488954591;0.7660826433863757
0.8126861899955438;0.7036815283547337;0.060471662206446064
0.3877610648562957;0.4898885992385811;0.33512852466641163
0.7527354932899811;0.8198954619300767;0.49417035262164144
0.9088494305883463;0.06974055930598655;0.5114383680250034
0.29417795887906173;0.6442519335175112;0.8403495360943904
0.67375340179116;0.937723453263023;0.10885060061058083
0.24159389024480815;0.31648715860727517;0.20834690900324038
0.2563549950064157;0.010472446478433817;0.42792824594715273
0.576576396404118;0.39122363347317723;0.6400881710200739
0.5023201513273724;0.3959027650539908;0.4441451835216971
0.5829370211913978;0.9342920235398227;0.06603137111884927
0.7773029127023501;0.4477797484731816;0.9998531369835609
0.899215204506341;0.5643116362445512;0.9387003046509026
0.8496211964748525;0.5862173255360371;0.41425820984871964
0.80797917556285;0.8094244812726988;0.4956669625190363
0.009946932491351368;0.4374619775422596;0.683722552496298
0.2905225774115078;0.9828905204056366;0.5213492778715414
0.675992351324037;0.3029127467377253;0.6710280034743097
0.21443571941203388;0.13911367397120167;0.018963588674350773
0.0717836337486576;0.016017951778979356;0.31108229697762646
0.8188500708181223;0.6494009644632412;0.2698049637894654
0.10376531639437647;0.18509048963433639;0.9193051595749765
0.1514951830823823;0.46805586501619867;0.7479773243300313
0.21587368332862578;0.24672500501005;0.6780320509434977
0.33515802796394945;0.3256050591135341;0.6744893661894693
0.9576928408849985;0.04103937345558073;0.037546027429409934
0.14257333449890264;0.7419679948244902;0.6028387596934669
0.836542196189804;0.7839977611167543;0.09573824269488351
0.886718966578147;0.9839503882419628;0.2549969429131298
0.720457778194624;0.4052314674598043;0.041843261640665874
0.21580384902726446;0.6170433789206189;0.43616500642255296
0.9697568223908272;0.136650195146782;0.042210090429447455
0.10616790659886433;0.051287955191819945;0.8077696532002699
0.09055592736797602;0.8039508599742292;0.6814969745135034
0.6427606142490977;0.4661802090429278;0.22794464505083323
0.9221279797646607;0.6373942722516007;0.4771020401215542
0.9691605327787534;0.8301900514916015;0.23014970979445637
0.2553215608120315;0.9751204853512407;0.1282938612390948
0.803047653821916;0.7292924452793197;0.9249732292376506
0.2110883809844456;0.17522451027913188;0.5159269794555071
0.3515851394213151;0.5281215852840767;0.1868646004921748
0.37897734518183024;0.3242483152071739;0.06302561784353977
0.9920789728846429;0.939308793404499;0.5276179905124416
0.8784463084957164;0.6880899640696346;0.5842023190947181
0.6735823571609337;0.11911834363543017;0.5328171573138194
0.6138051995325982;0.5659043728214234;0.3841908904213549
0.009024663938540178;0.7078530794944474;0.16809787233871853
0.9030386309846804;0.3613346162391078;0.7381824606521387
0.27022709572062253;0.9955053013808969;0.5949308371365799
0.3193852501274863;0.3387472996853367;0.41702657073561566
0.2680284742175426;0.9715406802797646;0.5420709256550063
0.9641122590664587;0.747186820874589;0.913558724320886
0.11230689252356985;0.41739175890164093;0.8826858840659692
0.27787764287754224;0.3289514342200863;0.7709673463224096
0.7816287070175918;0.881969022980886;0.20581778056971323
0.17836419327417474;0.04595003767283301;0.7417391136815882
0.41169716112189625;0.6434340634857568;0.16639559967754858
0.6527005535282366;0.8285983006340751;0.26145481243115143
0.8701442795159927;0.599513250947389;0.7200987339243282
0.8130314470792669;0.29155448584592125;0.36712485126689
0.2914782761588882;0.6854961702254493;0.6283528117565147
0.4826690181642165;0.4194556733430679;0.7214151020894467
0.3602237675322548;0.0538225993642667;0.5979514794810582
0.5993360355013494;0.011149368068344434;0.7111892949805075
0.7411098913081059;0.9156963849078391;0.3932049810241831
0.6408040740813523;0.11129578447190314;0.6546292287903842
0.03510246964261543;0.776954467526592;0.03191549986100528
0.41644993026470367;0.5788484615492494;0.08434439265950266
0.9598243623965373;0.8682437587107079;0.4598640844719557
0.33546460574562975;0.2275923032075724;0.9454908057308798
0.8719798944011782;0.7510682094687255;0.2643431657624623
0.8764126423237834;0.6155268771188633;0.8054376068050944
0.7386927774839036;0.34244872015780337;0.9064182286791513
0.8337607389689908;0.9898988950536216;0.5766468292942176
0.6181393765036287;0.6046674051824903;0.3420245389386025
0.26830440198542793;0.4957544102698094;0.6133133352010696
0.4626892139534239;0.9567869028765772;0.7560078951380428
0.04570080267815613;0.6855347548375735;0.24562246133382737
0.1660858869759989;0.6000182970975955;0.17537951941129448
0.6066511152314148;0.4655168538861938;0.6386391012797432
0.7810934325705411;0.4840628905743569;0.8045429450309197
0.12877740964859952;0.7864543266986073;0.5464538079523062
0.2833338745624554;0.8015949960739694;0.5265120821012037
0.9683824034771483;0.9103747219395383;0.3328293508657768
0.00086634185557255;0.01129529636323956;0.06821805287372085
0.08770676608450978;0.1696549377741695;0.4886287668221957
0.9544084720143643;0.0535688426416876;0.7424197394120958
0.5688062340577877;0.033296949999017;0.9039965167348333
0.21013841534288202;0.19530355678480837;0.44464905837974456
0.15273941822365522;0.17255385083329522;0.2998635106613202
0.40569339486972156;0.04150232521895858;0.27200732202541733
0.28199802824066844;0.055251144907243255;0.6884422227199688
0.9315165665400138;0.3828958063653728;0.6354904261295532
0.9595840272972599;0.35418455944775096;0.16719606530697506
0.692407216526123;0.6179846172182499;0.6539195800962739
0.47408626873776294;0.3994422660598246;0.7751375934622499
0.3090465770713092;0.7726804996992731;0.3988404255273649
0.4338314606669448;0.656865159480869;0.661800371996475
0.9971113901737466;0.21447119233413903;0.1695484771126956
0.6199210587218045;0.6908425454524392;0.8949772439250818
0.4508068785319467;0.5408950957155071;0.6927075758316684
0.5827776782313739;0.2724147199512744;0.7749703298528425
0.2840686939874526;0.9419971324722218;0.6324270915870972
0.1288112252257374;0.3952286593879447;0.6243471919913267
0.005260491978204329;0.8894183885686918;0.026083714330867203
0.13342705290908496;0.5465413587786426;0.04149937300417539
0.6911061593809993;0.7078685131656349;0.9269249635588889
0.7669676738471761;0.23309080693789397;0.9610392256273628
0.7044709034525909;0.309009316339667;0.22620214697141672
0.60460057129291;0.30945389917211485;0.4964914953244304
0.3445999935771129;0.9195441554970718;0.446714004367322
0.07574458644454629;0.48482208651022285;0.48051640628035175
0.12197418069590515;0.09567691292205582;0.7248902228992877
0.1594663499039899;0.4985863810624992;0.290451247060319
0.5077628641075489;0.8245243118450422;0.2956583707580148
0.24825915335070925;0.8295539321306442;0.48556016601546603
0.8569299094320149;0.6395500750464191;0.4802234410303897
0.46809706481739266;0.8221683540307649;0.5021510802207267
0.09182145715756629;0.41474352670155434;0.04197937494725845
0.8313064141306439;0.4378544831833139;0.1936559239317739
0.09343468208819417;0.5155154888102709;0.7852366072372596
0.2124419491532078;0.9601340545081012;0.9141131816426011
0.5698993510860024;0.7136932123077613;0.1070852470241247
0.6871270467297725;0.5097312648296103;0.7280550954455011
0.36969965988400455;0.5656547850367487;0.38332871729527873
0.2597738796648561;0.5387022853685867;0.0599734948355608
0.650576117698789;0.00725163924175487;0.5359463330051423
0.7544938211548732;0.27548110100740886;0.7899883946641534
0.5407394669214941;0.3426851916329826;0.17784191261587756
0.9923434152295987;0.21830580589922266;0.7839552515247551
0.9059997097076926;0.05394511231444721;0.18793654670124305
0.15345288293810944;0.7251507391571054;0.8421845856531683
0.5834086374741104;0.9134664766446401;0.32796025354426095
0.17463287811115769;0.9622915104708029;0.07715596778781075
0.720196349330586;0.18914160153414394;0.7904755968319449
0.6913962809327537;0.1361717360415231;0.4936409424748218
0.7733922932382095;0.6525834200718568;0.07856085958903503
0.10914399689760279;0.46408424808036497;0.5432016093727747
0.36847259391996234;0.58960261568711;0.9340418091678684
0.4362805319123536;0.7111593746495375;0.8521493343354825
0.1811807482258423;0.43003101414064837;0.16551032408646316
0.3054341629228131;0.029603448083925565;0.11587080938856775
0.8154670904657069;0.9547475426362458;0.8060869446385831
0.9173216986722749;0.6535456200349267;0.11621761747306159
0.13162586389861242;0.5543955991572465;0.7414221831956728
0.30838016095255005;0.3495689419081295;0.5693383347774353
0.5910498613729375;0.038387702531631485;0.8590521648752133
0.4837912401169039;0.11497362174478565;0.17134080454275946
0.014137305431865532;0.9109652995393174;0.7463454222718952
0.3740917793210494;0.617042514218557;0.2988402428837612
0.7649262114897414;0.6993584417136437;0.20054679412165977
0.047167474666814035;0.9254233019868785;0.22153549628534852
0.4251855106081891;0.27606444524511664;0.10907980930439809
0.05905435293263639;0.1708340904215695;0.7511792338512754
0.12591501909428848;0.024376141777584293;0.5031314443012929
0.4251275877828905;0.6549363711532891;0.4203067904047545
0.3142460237829864;0.9809385208580584;0.2956664901295015
0.16025202437903896;0.0707022125300778;0.550389538641129
0.9752724713338794;0.26705808378206597;0.14998757792892858
0.5930347156365056;0.07327814842003433;0.1649358263893792
0.5420379359096662;0.8004209447754448;0.4008279261336548
0.38801952873011847;0.4391708516894738;0.818638308755918
0.6003536587087102;0.48044917562448985;0.25273323832994565
0.48021729298876836;0.05701250314827622;0.5072977339314735
0.21424161202500247;0.04087737892426202;0.4453058008619206
0.02407649969980985;0.3618623853363019;0.44844455840757014
0.8807575765406022;0.20706300671882105;0.7085962843829946
0.5401523342599014;0.08773303477590844;0.07580761563653304
0.309202023253332;0.5756326059268646;0.4310732698485156
0.36597224348900137;0.5313772417853826;0.07289220267157936
0.8264422222047917;0.4445372023497357;0.30680350670781686
0.9368868489731215;0.7110711462724902;0.1618045267641821
0.7426422826148203;0.7639451904829617;0.8711348891252264
0.39567462344919113;0.9254302401186785;0.9080910701967319
0.6998685164891089;0.007970148859004489;0.16042728746691082
0.3488222321790978;0.410283997407794;0.7162234053358857
0.5649197404271941;0.09214518305131791;0.2284049476752309
0.0171485743734886;0.6744768620498882;0.9212040509999947
0.49278502909552635;0.8914229603829261;0.16149490464143834
0.8907046946142478;0.9100599456213307;0.32268859266553196
0.6469172610833144;0.25875213093272975;0.24737217120830746
0.22900484721994396;0.5296004079806321;0.6877927800036917
0.8035881353110312;0.5873721192046275;0.07859892760476783
0.17065824942746832;0.7866038052729807;0.45547437477805774
0.8621491245090324;0.21350215059805466;0.1197768054866507
0.8322819334744339;0.707413457483958;0.761379676423371
0.65215944357442;0.10926808363506069;0.606175443079927
0.9233758239204176;0.1816826770075487;0.79784787119062
0.14015018041270477;0.6272344703400183;0.5580247219158933
0.22038681782435465;0.5589508379450037;0.08970066865470894
0.9989161833980154;0.8205046841910287;0.015438315942309266
0.46278323305821023;0.3099737455973177;0.5469059979764309
0.24484347666093143;0.5484783832742937;0.8990280877989744
0.5809852040671363;0.2983744819327261;0.022664630646961337
0.07267287484952045;0.45821043008961415;0.55309666541829
0.5860987226792047;0.4838243878756564;0.5292138669377767
0.24989931504628782;0.06705111215493798;0.4812404220454891
0.9371482833275588;0.29715275375516037;0.20956679737246808
0.31174176661485675;0.871471408706695;0.43260640071703493
0.1723633935994614;0.9717543116413776;0.4184849778949028
0.20025926439011055;0.8843102015370906;0.7538438369358426
0.224509657655371;0.12440102884907167;0.7720648774771923
0.8987788895576695;0.042525237200695565;0.7778222147083529
0.5312266757156602;0.8423593546661579;0.13004706318718562
0.8040340859794549;0.5813437906149348;0.2832390393991361
0.9542883404404199;0.09200004990563393;0.9615648155778255
0.19860965912544815;0.5330372929737508;0.6453614419688116
0.12294345686748853;0.9717031439384662;0.7772640486545093
0.009129721599001384;0.6006820492615775;0.1074363530980208
0.350381725963957;0.9745240301128295;0.007940512273495792
0.1402417399462783;0.23253735122346153;0.9532831521374329
0.34166411978676914;0.8475581757905656;0.2747760959079987
0.43467920400852134;0.8536477533925546;0.433827873866657
0.19813295288142785;0.5786015404064004;0.088370638805773
0.8008115530815804;0.03275203897951273;0.02064278574921863
0.08028005637818014;0.5235942675737801;0.3372954325232217
0.7985528339662162;0.7626557903048583;0.24832864940254595
0.335163068691264;0.6875735197037935;0.8873630620446908
0.9292660035675607;0.13183599057764328;0.9586872638382041
0.42110857418252223;0.7331810485089629;0.9557328314858818
0.9623373194240703;0.11951984272058414;0.23765373397591782
0.1809745831836962;0.11337977456994808;0.6520879280036918
0.0560419546167078;0.47360818758323275;0.4421320264206742
0.055588207398928;0.9214255816835896;0.7258077890586906
0.4160357184567244;0.8108242651130687;0.4104167419146215
0.7972082181118874;0.9314412994881776;0.6886705684230952
0.7945988058865058;0.21127978808109327;0.6885303489218575
0.5954161025744178;0.8064105444717395;0.7672134120334237
0.5672930646959331;0.6611543699269835;0.7421736956422836
0.7522762672539984;0.6001805193391712;0.5089351040298163
0.4236410589516362;0.29983179194255083;0.9820444755787731
0.47461044765119065;0.42345852066958933;0.831938778088414
0.1485421004107017;0.5981543396075423;0.8485852099786072
0.7590909141684201;0.5808137567813665;0.3878474809448529
0.35523311343317043;0.6614991323107334;0.6235654103085231
0.29225570413094515;0.03248168997081757;0.276890008048422
0.6343940408633354;0.5771187188713627;0.9513740213949924
0.7268048472203766;0.3900671956208991;0.9707743120932293
0.8504963712067244;0.3088472180670664;0.22848805019564922
0.2198777874569563;0.9397293207325437;0.30919158066683805
0.07542318664690828;0.9593784566409671;0.8160276980230572
0.2626442315701273;0.9707084580330303;0.7494198141386532
0.0463887690734317;0.2461676878723612;0.9134151922845278
0.3494402300073557;0.11085803593760413;0.9955637586392228
0.1454440665744896;0.10759770195737173;0.7500919490937298
0.5894622940010651;0.048427234204967196;0.5676730024011652
0.23492147423559417;0.897495886161732;0.2690322988715208
0.6970440699889888;0.9428371204609428;0.529847591884548
0.5813834421257311;0.682483343059999;0.12132312921574295
0.5209712035267902;0.2888736116276006;0.8653973777991774
0.1607537441277911;0.9401063204020736;0.5976468587837303
0.7140850467942867;0.9642620582108437;0.5224756208529773
0.7185876329323769;0.42715194830808156;0.30402387602937253
0.9423114205288374;0.714215151302087;0.5760434544424443
0.5699615455421906;0.04260581708216704;0.3111640596381682
0.1733294160260208;0.8146131921747162;0.2964902160802968
0.6668086305014018;0.771224885746207;0.4688759991576106
0.7892941837922074;0.5929673115774008;0.9464302088273476
0.44971949289699276;0.0740630846079634;0.6769245438161849
0.8323544804994997;0.7449779864960008;0.3972089847793875
0.277619923083269;0.453186525406285;0.3845934691369023
0.8496484309417244;0.5583730402342786;0.9996623123220016
0.7359882249665982;0.6275498559273383;0.04381423388812
0.7689816438921326;0.16573411018447437;0.2733651375084404
0.19304016729094198;0.8496220806240808;0.20477316133383583
0.12146907766568982;0.852222719829083;0.9592212109451751
0.6034044610885987;0.7249595163703265;0.3000037899002509
0.03700886222357391;0.07071094999400884;0.5567691264554725
0.31857462957410265;0.1995302451551596;0.18150105314071807
0.3414079644060545;0.6379857965184965;0.8576198364079038
0.9386619910892676;0.13674731041852817;0.13338830787797828
0.3370073216799989;0.11892788867126325;0.7518466876036082
0.7059583422190742;0.6860769989599894;0.09714354230635669
0.9552077497553867;0.8818236933097953;0.44326133174091153
0.25893336591938965;0.450277632327694;0.21780457646648188
0.16518085888132394;0.13795804887139085;0.1317173870350038
0.08257304476386718;0.015647524312289995;0.39221170191458865
0.6206863427152831;0.192700088537737;0.5183754951587902
0.31066037206644936;0.7518567875239642;0.14259151976522777
0.008333895606461694;0.2543987984676388;0.0037524167613876003
0.6381149633581901;0.3364307310172928;0.5226201960670173
0.4618422602950214;0.9674384417322704;0.34208470020315696
0.7759512037558155;0.18720977091263136;0.5875149376632093
0.606731410173266;0.5814723454839311;0.6708388976148143
0.562312117984492;0.9455938742234771;0.7570591306334651
0.3396310998370463;0.4689251489606502;0.9106968993691502
0.9273268631230451;0.6158253899216662;0.40017848894437125
0.6937795585707492;0.5995398510072459;0.5121868625748514
0.8829163550369504;0.5449486186308158;0.6669199846266333
0.7029369825277011;0.7610438434049289;0.010233659781362925
0.7980920694604102;0.948417648956213;0.7093771796756275
0.5902113414693198;0.4106558806333972;0.787636923250831
0.3051762261204539;0.6919247806977268;0.13838751121484782
0.41027136974518374;0.7448387150388404;0.3750309752743951
0.6890344954576583;0.7795919171933392;0.17240214533146403
0.5776490175056856;0.3285231804786408;0.6245010786141048
0.9343095058019135;0.7457656274141231;0.03517774761292625
0.9614454797934994;0.3554496047023763;0.34773160146772586
0.8534620611678245;0.3513882983544463;0.259953105513401
0.868242856787635;0.002499521137025895;0.13156069094877976
0.5277159543419461;0.9220596627806014;0.41471802492643417
0.5966493142845352;0.09872998978648084;0.08073986276057299
0.38257506235300853;0.32126496557050455;0.6315054683564484
0.9746171508036883;0.9086741874557095;0.15559065444034514
0.07656652555436294;0.011130383555171819;0.9526688218484486
0.7501778893015671;0.5352740020477408;0.7198775729301428
0.40771362905724895;0.9330013953105741;0.17350565432602372
0.20034430202733755;0.9507327510578089;0.7316434784459483
0.6320975085925717;0.6587053874621476;0.6957421476798551
0.8575519123521747;0.6877375753575554;0.8208622581077931
0.5803559552130934;0.48467878240140216;0.9558540435459195
0.24095955521003254;0.8921085376104536;0.5941125546815859
0.7304342207124389;0.8804544759619397;0.6205823090218355
0.5829017186884157;0.4073674653021262;0.15313470225845083
0.42354824886853726;0.21278846304582855;0.8668546129204355
0.2540448785871193;0.049084460769271865;0.03378574341848084
0.9703790421626836;0.8852257391852767;0.5444573967541814
0.4028187063509966;0.29265380981822264;0.7646160854845762
0.2888758714864996;0.4627360507822076;0.7366632421626329
0.5970362434402118;0.0459050215547665;0.774395692590393
0.21561846797689277;0.2673518695597149;0.7801193363759614
0.3093983495624181;0.3299624566319119;0.4723579837477757
0.7677436925909827;0.07107308979390103;0.4596320704995711
0.4084439781871082;0.33731624038221086;0.9548710944610144
0.1951931805708248;0.7484212281099242;0.14017713531057407
0.31655750607116717;0.7827915824259748;0.5833646182813391
0.06916945806621855;0.2903714417904435;0.3828190682340592
0.9709841352083975;0.5441774126168234;0.06919390609755782
0.38482570773687763;0.10724324731631751;0.7741197347757648
0.6543660902970245;0.00014356436488904833;0.8190691581607931
0.0532052056731368;0.34440333646960786;0.3972891745741941
0.020063419496039847;0.6770262614433186;0.2962336784959677
0.6279390540470006;0.5846106805271843;0.46412654313327173
0.005025414722383936;0.09472215869440481;0.5329434195893935
0.17199448812684437;0.8281178013875305;0.42827877412058546
0.5624591677829551;0.29429655726488435;0.24136252366652822
0.7426400776502219;0.9474490332541639;0.6146513473205499
0.8358140443988159;0.5932123298301658;0.8617331518259792
0.7240389906964306;0.9308811500033048;0.9620450900166729
0.7641671173992138;0.7005754192569741;0.6112848653103582
0.6732311313568048;0.20235929331277192;0.49676414652334944
0.6979666632082385;0.2727002626407178;0.8431186314558549
0.28927991107885964;0.45736238692023856;0.42931705567079403
0.8755709472290101;0.3174457313740843;0.717391436240751
0.3796248076502178;0.3750180326139171;0.5773470764429488
0.9730391911720598;0.4036752944494386;0.07964081385850963
0.10494237710248089;0.5318261316410117;0.430298543005742
0.0022463064650570796;0.20744684835415994;0.1638283995578541
0.9380509598844738;0.8532200515935244;0.1408566318693245
0.8826595273040438;0.27129583379481637;0.8376326646982715
0.5561576821432699;0.06302544097846796;0.3272169960266119
0.9367964477747788;0.08290842340713889;0.908248715765991
0.07200771283711715;0.8260568092769006;0.47435984078657933
0.5785972806232949;0.09873049222324126;0.5804482687588782
0.6434101303482634;0.8321334648593643;0.8943280195966552
0.26827097948966294;0.4335875649046653;0.3769390142989887
0.69775373125613;0.7082965552984878;0.17597758911256045
0.6169858363793844;0.11884963042742491;0.001141334376934977
0.8239443538063725;0.7103678460245685;0.26530226398017787
0.12346753855525294;0.18017972791208903;0.8707367062889915
0.6537119460033451;0.734223286753279;0.2814762181214011
0.4744615879907955;0.9170250395598001;0.1112498612103403
0.5803573181903451;0.7817440736666822;0.43761755675812897
0.48212383986721696;0.502180695859999;0.6722389746657872
0.13203975430493287;0.5156276772793869;0.9299683139808462
0.2242867779638098;0.19660441982456678;0.29325404314409154
0.7623648879792362;0.7278990342812438;0.9655808881601923
0.08980751383313412;0.7924433248902081;0.06539008291387327
0.8764909801631304;0.9506499747768158;0.7584716393494983
0.9797891388407098;0.49901618067496;0.3715532176299696
0.1540469126062206;0.18663181229191816;0.24144757496998548
0.7822677298502665;0.7651681334512146;0.21701295034594337
0.4017971403737336;0.27799796303172286;0.2168175889694398
0.6140334135029484;0.14213917756682448;0.8427531500152075
0.2994317744327626;0.18283694538749418;0.27479272861322657
0.5099009881999692;0.03646355442447757;0.08979648397661832
0.41167586676081225;0.8440612234670186;0.2652231462071939
0.2866951684326864;0.4509137057729731;0.5310355384445988
0.37989258752543753;0.3481413087499128;0.001687963944327131
0.46282321348933253;0.4582065129948073;0.6704035657122631
0.9112648681388168;0.8011240027390384;0.8664366096058164
0.3799430828732946;0.22636386928273755;0.3396090315031003
0.5845666331866073;0.11751071857805961;0.4345302110119237
0.5136332796666784;0.41048450011826776;0.2039715209994858
0.5416305876358332;0.4989045466202371;0.8894309790111383
0.7955930249242753;0.17160345956196443;0.6195445918932326
0.33587568907293275;0.4629784318046478;0.49585889372108083
0.6892708614624385;0.7592987868155892;0.6135206419267464
0.08167488115956945;0.8381516672800204;0.7307490738263287
0.9481686365193989;0.5354152532430909;0.5692390267311483
0.07312398388512409;0.7330465301421348;0.45400677430273695
0.1490464595949207;0.39703148808300126;0.4721950492146435
0.8592939118301798;0.8774281734190744;0.8653542985601951
0.7952533757915435;0.3595455526851091;0.33242779521548016
0.673394842981208;0.0870476635217946;0.5140038131386457
0.36843515817127603;0.2029120864484194;0.7259417704510522
0.8754901121094337;0.4006792536232433;0.2586248614239821
0.38017175435298156;0.4826596201769384;0.33622139087422276
0.4800897575157126;0.1698958931724528;0.2150418856503873
0.19668199617777382;0.11477397152028657;0.555957904139799
0.646165430573583;0.4477090926271966;0.65850917153276
0.8421105091643301;0.5512911068991189;0.7162410222955538
0.8787366756445371;0.9226453647117779;0.1344932990630544
0.9615219421882595;0.9903096560064368;0.3472816682987079
0.7136146360605921;0.6867611758801027;0.8842339430538665
0.6121881881680697;0.2827598503038815;0.19922266999632032
0.745820687072676;0.39710482066840946;0.8850214366084252
0.8444205731724856;0.8535366675418978;0.7536784969100716
0.9878776664536055;0.38170381317178337;0.8162789651100332
0.8748854381973817;0.46229348610956666;0.46750653403266895
0.8774324904607715;0.5319139863851379;0.24504075808148307
0.7958873157712801;0.2913865839133062;0.35914318611355023
0.5874237625177732;0.83852062746794;0.217840192421498
0.03323730724648333;0.7044388815717603;0.5931942116041442
0.8984178662292216;0.4529258125079445;0.006383702817686632
0.010763538939554285;0.5384768974374884;0.10190210797091903
0.9135344215353172;0.36106112166274795;0.10594768189089165
0.06763355346956823;0.6497879033093495;0.3689436955834151
0.7799869058656682;0.6890997036305436;0.8145942125600192
0.506559033912951;0.1500046846229519;0.09682529026855335
0.05407892588533081;0.2988353167829425;0.3349118769846575
0.2518166293618893;0.3322005235603578;0.4100983292762884
0.383113748260302;0.8459171746462756;0.5996264929744215
0.3274147208277546;0.5036080112596306;0.8750910995961797
0.8271252369291875;0.5436295579163732;0.8251062015139261
0.17456216053058438;0.1041442478904051;0.9877553697989734
0.21168765277023194;0.4083067281138554;0.1583361963691633
0.9005463308285447;0.4982981765184358;0.36538572332480435
0.416529450682551;0.9081684398409723;0.8356808745632531
0.6522610712639585;0.7370651707982627;0.22433960257378016
0.2547350572034254;0.75263772230257;0.3405437639634451
0.5849123964281829;0.6103025025199779;0.6210928944764845
0.19478327304458587;0.9174215397216834;0.7008732026762753
0.8908677567399611;0.7616438144955456;0.7890605982116006
0.6706918848939157;0.5504312317873593;0.8859084241258935
0.7811516739067668;0.014486583507462125;0.6308019396807323
0.7557030894564359;0.8036269404235266;0.8155810102443175
0.5291615065382234;0.5924777468228648;0.7589034208909278
0.6798715481483507;0.06157963946326883;0.3399612140762708
0.7228908536585364;0.7968513941336045;0.5883035038446699
0.35439891053168826;0.25100258015181487;0.6424300907532193
0.8222084411366636;0.4200799299828597;0.3784347225990924
0.3648825919187594;0.4323583969515078;0.7802445565244505
0.1595470053158784;0.20898268144701115;0.6021518058247499
0.6120263145702349;0.5887564798058565;0.9399227170794757
0.16079809566229264;0.5159504737275235;0.587145572185128
0.7833221289520514;0.4945499613344093;0.5398255631826235
0.9387674625274569;0.2324020815209652;0.9902915933597093
0.8295837296029576;0.588969287491689;0.38928988870155556
0.37673420855369555;0.08128710708859022;0.12264684020150396
0.21214834017597062;0.56739431446754;0.684561828891181
0.36325653944289704;0.8305897573827957;0.3144742820807027
0.43725838315935284;0.9794051533796844;0.9074246283262484
0.11016280392426392;0.10703387577191914;0.6675833602563043
0.16364407451168284;0.5739435247900804;0.7043257492664424
0.2187029481840821;0.593380984680342;0.5456093804630703
0.07705043403491907;0.4893908337023397;0.24536728089701254
0.5485872575061775;0.6120572624638873;0.10511924232047654
0.7935355572124373;0.822836068356173;0.3917626430669505
0.8290566412303605;0.4277725824147226;0.8671000086033036
0.6340699896039919;0.1704165791086254;0.317436218938007
0.9071334206209802;0.738128979314346;0.2566300164391221
0.951177825804554;0.41104927096179833;0.06548235255003043
0.44990324920482627;0.9210473709263015;0.3159117857920165
0.5842812724191371;0.5114756714594175;0.6551959161445403
0.6901442123151071;0.6770662206372479;0.8622749290625658
0.5993398036282305;0.3833808631205664;0.07533922825226091
0.36679303032328114;0.03152085743451849;0.24847949819623294
0.4266819228674247;0.08020096700195678;0.3418715319796797
0.9894704061206;0.33741029269580125;0.5158330992821223
0.6089581133772412;0.7763409673863566;0.6234981772187616
0.8690737899867274;0.2677869119744476;0.6572424618101761
0.11976249408866524;0.6920408142927279;0.9967723260386007
0.5901412085870835;0.8123136993713647;0.47134545402779926
0.5968170478859903;0.9474986796066895;0.21976925709993123
0.7482016657368302;0.7647522126693084;0.687439740441168
0.19353642321847342;0.7324973785754145;0.535181620241241
0.3691152532615172;0.2189141191478814;0.7642018223112871
0.9122440780768191;0.20014695402487626;0.607201374985648
0.7467562973215857;0.6341286633635551;0.9426705457833667
0.027512410538910292;0.2456556417614707;0.40786668729384457
0.06551999166602074;0.9777148969290517;0.48112015599418034
0.8005045846431634;0.4314381334423709;0.26679326279020155
0.30400515303538933;0.4178421905484889;0.8924284621358257
0.035294552582460836;0.2524790708960277;0.9374373973632062
0.194490876638454;0.0345347992101136;0.6263836074352828
0.6438581723219395;0.5691104095245529;0.8764960136163378
0.3491144220009399;0.8520471580176306;0.7518272412694256
0.9440730005634159;0.24114374398900662;0.14705985066875138
0.7618641590004567;0.2082526485664279;0.499194974036718
0.755418831409458;0.6193961757689229;0.293915751277103
0.2023761992924804;0.14827805765663737;0.5163272583203263
0.13342367453088366;0.31650305025583514;0.7777992049029074
0.4537723968688805;0.9467040519693045;0.8290400989636204
0.7284265091854594;0.04893153327651101;0.4062632427038231
0.5894019711570374;0.7471215459413477;0.2029821435264667
0.669978794870468;0.2879422495328051;0.03214568177754884
0.8184184842704222;0.8996046085301502;0.216260605709641
0.5521369853683017;0.7229078584055567;0.22414771250219723
0.679795152917055;0.10338872189112547;0.8038617678671783
0.19151450870091669;0.4153752993193225;0.4511439592767812
0.33602595794129486;0.46932119009949336;0.6825276216754302
0.20986228957656083;0.6387463967528336;0.3479794694900805
0.13637115640984343;0.46460294627735843;0.49052980843421157
0.538164265041166;0.6447752295903927;0.9004671553660037
0.35639297429263095;0.6444106292546995;0.13110518100267055
0.7115891986577814;0.0561291383370065;0.06868173378960862
0.4453328163177901;0.7829102823633666;0.9721741264349123
0.5180613557672542;0.04795039697461301;0.6921190360555448
0.5332190706866778;0.6740789228801167;0.9245285115762587
0.8052306859779143;0.5272137990042046;0.8603208838530563
0.1839188467431282;0.5207220938371742;0.8826133141452982
0.44595426852386144;0.45500244515118704;0.5962114117405884
0.6350093279702738;0.8037612815814875;0.4469240559002673
0.31985773746014445;0.3028642370164526;0.5307759076993458
0.12525358108569462;0.8955443328347603;0.34223823448321744
0.5121030581914892;0.09901312939106366;0.936713018490516
0.18443662992380738;0.33854799686857207;0.8162399503264405
0.6460314014406003;0.06706315789412609;0.4826124846012477
0.9285592645105704;0.15179883686403806;0.3455212244403335
0.5584556443643942;0.8711561585642541;0.10261625290893173
0.5830849954673665;0.3038132259863394;0.6062877386218358
0.7481559755113827;0.019199215724570062;0.0947520278927817
0.27443734418290056;0.0257197533791913;0.6260404094084399
0.8968110561273342;0.39608636371053585;0.21908866376288139
0.6994401916006584;0.1802557755453139;0.8873787939785455
0.6503699456868407;0.5872770252312117;0.773076726605419
0.5117537474336551;0.9246367092039022;0.4328320456540804
0.9444827756905224;0.18040452603508617;0.6780609573419187
0.623178622857741;0.6677618762839624;0.1923592822526291
0.25113999799135767;0.016385856603202575;0.9823680185463525
0.9794586529142858;0.8744369664514375;0.020237332275757525
0.501966538520579;0.7827969609242889;0.8311581297884792
0.17487931566282955;0.3796895865366514;0.6892126347172334
0.7021875230171141;0.4322603210820223;0.06147594670781664
0.5882297235753295;0.7042616381012463;0.5913393849515564
0.853120752728505;0.9095548624895968;0.9293912646487166
0.5679635287341526;0.4534322817297788;0.7850770635953699
0.771687136039592;0.12641913853138143;0.9459244095182024
0.5380613492566365;0.9782375055174518;0.7478960969617864
0.5028045595233082;0.7200367550804194;0.22214118138129268
0.6513761455421047;0.5603893594642135;0.6214099461083151
0.7460161309212194;0.3574336996944396;0.19326742792469798
0.8083858762274013;0.2650591919672064;0.14679616085495062
0.22815351094826597;0.25391466245180205;0.25677690224230443
0.30896281621908794;0.7091308141398964;0.39916977625414307
0.6973992701369495;0.36681929268555413;0.6289104938858876
0.03926216139260885;0.2108796991673546;0.5011369626277515
0.6245941729315174;0.22408235229074103;0.40434909258655205
0.7130719709370014;0.18122080385309824;0.3588938833471387
0.03915578204366388;0.698304938278103;0.5822252206973282
0.7363209364005348;0.44139486441832243;0.5256940168801777
0.420327359755746;0.432679066348863;0.8342844520241409
0.8079062418745292;0.9153922066421116;0.6225835366195727
0.3609193343138144;0.12887039670966005;0.8570124769991138
0.3179154874514858;0.2962924094549009;0.5952523890997471
0.7153029486264911;0.5613340666434677;0.3781859217350413
0.840323711286233;0.5014310985738316;0.9882927668954962
0.1465552750299799;0.9987822783085328;0.37890181198790374
0.8151363307291444;0.07390439118476322;0.0033196794160799126
0.04231953984713299;0.9578636159780639;0.43261128603692844
0.6901358650293148;0.8792558802988838;0.9295859108805964
0.17877510396730834;0.7616751569737493;0.8227687964550333
0.5907851227839908;0.15531742335168897;0.2373784146461917
0.24609633917410256;0.8143187932863;0.9284969256038694
0.9342630795441608;0.7586361961947715;0.10773171107018609
0.879169493084915;0.7923446827937386;0.8394952514331349
0.8272343863911283;0.6174380725414833;0.6448910380379255
0.1463325168976457;0.41723328399487203;0.6735577651664301
0.5910298298470332;0.9311647185838816;0.4750496589106936
0.061226899313462924;0.8690003053486017;0.9186634146174985
0.3954665590369262;0.369983931982086;0.44016352505953815
0.680452541290715;0.9737587390790049;0.6302830247864992
0.9545298176786647;0.6201836180279123;0.8109021027764681
0.83493149205353;0.060335910669057746;0.7408811766932373
0.39848336688073505;0.638578471338676;0.31972856415211093
0.7344970983827076;0.21895496198436737;0.6084622964333936
0.9754629870879493;0.9329710419373215;0.24003489131182498
0.07609726705970699;0.9565225901776149;0.019543365607222918
0.6546377324558158;0.9064431913748663;0.4009069158589772
0.11907080640737;0.5028115198913925;0.35671668243410914
0.5368809320267314;0.718675300626465;0.42506783913058066
0.6743556598590782;0.6645697829785492;0.30497963693315944
0.5943398870947296;0.002200523024723955;0.8178907856669897
0.7985095328293998;0.8567665858331632;0.04219204877399241
0.6547414025363919;0.4021102913285388;0.07674183237202326
0.25580087874773305;0.9590885586830771;0.9968194626185469
0.510614016805716;0.5685349608631068;0.16030863268093742
0.189808437998489;0.6598803227841769;0.41376108947098733
0.5415033291344162;0.5676212152546726;0.03086012292302731
0.36205412925512725;0.5474729826705161;0.7236843481958604
0.6104563833227316;0.4611270524393084;0.09081827932682207
0.9870242738585454;0.24599351896605226;0.31936698842847877
0.336720882799204;0.46629261788952314;0.13576944683476422
0.7335986559233997;0.20428482927355918;0.8308353350648421
0.9340966645280654;0.8699085308241055;0.8602219175332863
0.26303368400101035;0.8075470007226665;0.9456873378441003
0.9490658909465018;0.11277723108080162;0.5483699797833309
0.6424284735012983;0.7676186303587893;0.29024879696888495
0.8907288739053975;0.17484565743686165;0.5937136764010625
0.9665766564956108;0.3645138723029595;0.658011456164991
0.7218259628832104;0.11069284772474763;0.17230511861515752
0.6132955046967228;0.6364589888280782;0.20234023792820688
0.4446004564938424;0.26081619805267675;0.39388950717316784
0.17944344972963;0.15186430978830745;0.48125766704546935
0.8102434083193587;0.2807546530662739;0.08738263091544007
0.2883989884071104;0.25277563064752984;0.9985838979053998
0.7982626465404512;0.9095901127260351;0.37308641647096386
0.414529017392836;0.2699957405634623;0.6415747584691482
0.6827005391053066;0.6190582749122935;0.18622707735225696
0.43392255779932;0.8363473739043927;0.14867085709163153
0.9388288867667222;0.7549596064486681;0.8262716967227467
0.02125302066387169;0.059454591855597094;0.4975546404588218
0.17974975487604483;0.3305507936107729;0.008765013962918067
0.63965233264515;0.6390685575741049;0.06085896323213558
0.3686898778827443;0.8611457496798904;0.4324111965472932
0.888623416684437;0.03997123170019368;0.4596579864923177
0.5362361800168556;0.24859887021189586;0.4216212214185254
0.6661684617856243;0.7407095943108458;0.5923529354790336
0.322229599540653;0.46941456407362636;0.11869858579125514
0.22837068365522817;0.9349294160698961;0.45173094686709947
0.32648747417373636;0.8709626392952263;0.009662827041380107
0.26328250406562703;0.9861911121061586;0.24483254816039302
0.053735196775196115;0.5453777095246468;0.7303731155965547
0.6495083549506487;0.3981624436685631;0.9154583560000107
0.021722564366818742;0.3746677604012538;0.771388648861783
0.4312141912470503;0.8761474016114776;0.8883929447478477
0.9167828366534545;0.5195021845820684;0.7553735099015105
0.33295839907688285;0.4966457758624754;0.3046349171877175
0.5894274945526748;0.7444173408056126;0.7550151472989679
0.6991090012859696;0.650751897662325;0.8442232735429972
0.6585800463827467;0.331180085272344;0.4603635566670282
0.3242596777834553;0.8259465069049962;0.3094074999805939
0.8245288803356303;0.21796854743058636;0.8623904140816979
0.35257674083704826;0.14911368193935537;0.8977671074016418
0.6536183686981124;0.5538753790063496;0.5814895047153419
0.6650002386981754;0.23126742514444099;0.8496441775454053
0.3355006837400768;0.9480760263564696;0.9165548748544858
0.5461019443357819;0.44442944347942903;0.7214221740487821
0.1873871118610554;0.5568329454463784;0.11024039710483724
0.21638265995436123;0.5673589702621511;0.5046103575005466
0.34058004265787245;0.9034121417094187;0.35967461965862657
0.3441117575130497;0.1547795224763059;0.828774443030916
0.822775618182364;0.23763085824077212;0.05051311478796161
0.6989776107308174;0.2344628746790105;0.41303820149016457
0.15037596157141608;0.8690294366589861;0.35923169168458846
0.9939975743548043;0.23260883926938136;0.9640069941982371
0.760344635812278;0.28544797503402697;0.5088131448997459
0.4056321765581442;0.7992280073590202;0.8300557930278674
0.9792727987157435;0.5048027764751606;0.43117324685449965
0.9697582785467931;0.9643170228184622;0.7665860244019196
0.5104388951919522;0.23785786704428935;0.1611486019127052
0.31008227711996994;0.48331055690205693;0.4239595687370207
0.04193278864212291;0.28599842703087264;0.40973651898256924
0.17755027688754177;0.20126883025820874;0.9381453561752351
0.03596861553895303;0.6902925003731675;0.1814539535324271
0.6119403843775423;0.4732238753158625;0.7558430914278805
0.20690356683972166;0.3869179950201729;0.5940180763565287
0.37587173033697985;0.8498399203220527;0.0648281715392598
0.7758330099081948;0.11079785008453569;0.9375652868840283
0.9845932586036222;0.8935558045357956;0.5886728855026048
0.2093291299729937;0.3449239465359415;0.24655595498422933
0.9435257509685816;0.8351543169013554;0.44353129165155103
0.16148050716085183;0.4676395576339669;0.34739134790772996
0.2759853128028714;0.6126418395244656;0.39317506182248285
0.3330284853626372;0.8119628421531547;0.19921178263647754
0.8933753839526792;0.5512668835660121;0.7518659190056581
0.3226936599386654;0.8181633268744009;0.36012904128038137
0.6846789004839439;0.21922954721094023;0.917839954879531
0.36326830387035414;0.745569129982218;0.5951589514155338
0.7625098079695141;0.9356857899292725;0.4242202587933952
0.965624895674527;0.6402053261467624;0.6813401092127894
0.8794767827179886;0.9409276573171115;0.8989433524976234
0.42935448282011046;0.4317093703955289;0.8813311808044708
0.19655655075518264;0.13857252098871709;0.7770811103549815
0.5307041726070107;0.15849546339403564;0.6973552445236231
0.055923760914981746;0.42674996349816785;0.15058564545254693
0.7206274350527596;0.9896810749088436;0.9751106089553525
0.9871131823109472;0.03400413077530329;0.41332212942961133
0.31310878469343917;0.7928401811101381;0.8465119516492836
0.13078245934352228;0.1931711658807862;0.1488187679235602
0.7262821143079132;0.9695481813971759;0.7695882210220224
0.11800349089332329;0.6634453108300017;0.4692431483042232
0.9134117230311732;0.8859048687010554;0.721879401180603
0.9159459568268424;0.8073238738096473;0.05863330532335531
0.9308682600515966;0.718869889659943;0.9655893795959908
0.17324574227681533;0.27213187394464977;0.9817903088461322
0.9234703901708087;0.2704367577753215;0.769370800062364
0.8992588642538607;0.646372360219986;0.7137303655459397
0.7455820048954543;0.702846351188509;0.55411399959796
0.28541770534419875;0.4085659872101183;0.4717749125366705
0.7162773535451723;0.6149177533514256;0.8758933878105978
0.7873865548954819;0.3746423183479033;0.04826639010994016
0.8556864962174879;0.5375637819977879;0.6229281044757432
0.04030305574165649;0.30916277882094334;0.7291203065106348
0.24435692311642265;0.28958722766086153;0.8289838068894817
0.522432379804868;0.9018350260339026;0.654624892902691
0.20407201773998507;0.7551062078971166;0.28596403062903
0.5413842565617026;0.23548633667024177;0.8151475742822835
0.3038414173322499;0.8418645884684255;0.12466435724934133
0.4143700013209606;0.005941606832369772;0.9398802197067079
0.8681195726117332;0.24529914045073264;0.6650083080053305
0.7510164478913566;0.4509502115223475;0.7913860675286859
0.47503563344099364;0.6429837758304464;0.734235605814647
0.12176255722277618;0.413889962462596;0.8813677286255809
0.8984098714321497;0.5292365150502123;0.3332637118265187
0.1431244129350231;0.09447170967817653;0.6303661348337352
0.4660431572920908;0.9079459024071157;0.2427894445544495
0.24803721025034653;0.0736480148256149;0.7049779976517023
0.12595102212851783;0.6747324439005692;0.5928253277959427
0.9738122402793729;0.09634994389893481;0.7429556936274556
0.6900114016521566;0.2657051821183388;0.4599815406446518
0.11384800686946273;0.9173479584491568;0.1465322780284164
0.3088486083183871;0.3273574179671225;0.28445183634511173
0.8208352421168675;0.9604002512121809;0.9520325640805657
0.9632024636955532;0.558231652957086;0.9450613578682417
0.9141568800381668;0.6943330410388695;0.11594015162275728
0.08671438206097903;0.006745792893063429;0.7976864393754851
0.8895001656400224;0.18048170019061271;0.5273005411164083
0.8341570472998749;0.3748446069152188;0.9650710776730539
0.891315350279784;0.8996337424736903;0.9321073354900508
0.6621006311277348;0.36426496434040634;0.5539799995823808
0.7058238361373932;0.15588323992878217;0.7364779673677284
0.5046497002643314;0.35540508366416235;0.5629691293472193
0.529832072984135;0.514278964226321;0.24824729888838737
0.33520831299362175;0.5276066046551873;0.07688366626727883
0.11182878026059218;0.4768078822306855;0.4387317587904166
0.6669759562586179;0.3142708419068144;0.4499696008035574
0.8926779380638972;0.7316003419592214;0.497365237013742
0.010945481519813893;0.3349462243285791;0.6641663263567207
0.2893421088895204;0.3520099670916147;0.459610336098328
0.3422093057492298;0.7490789085758277;0.059941394271316506
0.5739727287456845;0.6882080258241029;0.19058669637140224
0.43032528601862485;0.06915606863119683;0.9832671178054899
0.36642929467249263;0.6503021886258962;0.7495876711594514
0.7828441851918911;0.7242599878267795;0.4373716476954631
0.7451817207319706;0.043929183295933316;0.30834957193942447
0.18759360055016616;0.7329578737157668;0.25542277767929256
0.9058507625071384;0.3432279367877157;0.9647686575457789
0.3984318693882083;0.5342905810191281;0.2864611205402644
0.7661794512285699;0.5103237812122507;0.475814667951745
0.3348349783887218;0.5002195135388083;0.5781337527988012
0.030056669528500835;0.3028156479520737;0.7866619219811406
0.6397533875729167;0.9954507449440586;0.8420870420878803
0.8411284812048241;0.5436773471851012;0.15002677826260036
0.8570597215963914;0.45951131846766113;0.5661969356696308
0.40041618685226854;0.26296846903879434;0.9268022886398205
0.08434990339599702;0.9454359016068278;0.9364677952497877
0.3072323687679447;0.2495388012491092;0.08157899964308202
0.8708428003592944;0.516022494975751;0.7145322060552213
0.009675015429555955;0.9775995906448153;0.4676137368325779
0.5394439086773852;0.41554635559838116;0.7157168006346936
0.09546075073721261;0.5955007594511521;0.44546086161461995
0.9655917081255748;0.1875583037570313;0.7649698353381027
0.9360154353524608;0.32878381830424785;0.009387372038383357
0.29991760206751195;0.058491776884508684;0.4501754157117054
0.45921161555820433;0.678632225808234;0.28884188960899715
0.33092820775867626;0.4900681398636174;0.6412055288077669
0.8630008242430873;0.2748706777598524;0.48832393853655554
0.15934066671045732;0.35010215030321545;0.7817922243887402
0.5618380698558807;0.1612492822716297;0.08680227100665472
0.6791230602304104;0.20494920868373445;0.002559774552624572
0.6346396398969582;0.275977829912736;0.29742200427987786
0.7818125792105781;0.7016558133731146;0.08211354463389542
0.8161927081040864;0.03512254293975936;0.9430530208880874
0.9324306434076326;0.24084034319463588;0.29990106215447443
0.5261488938492626;0.55350099751716;0.11641176068970294
0.5602216452140987;0.09478548304933176;0.7210717622226895
0.5336889337331773;0.2552646379153748;0.5723939597384939
0.7335647777752875;0.7887639202658769;0.6472235882863582
0.22719988442250572;0.7688560894037608;0.6779016215037528
0.6858501490923296;0.920401189687521;0.7632175845854022
0.6496651186947757;0.2494418442812203;0.549652600578762
0.3700588436574225;0.45803716132167394;0.6826773983533793
0.23195323256288125;0.4425728474149436;0.6288461825078322
0.5370366020135265;0.31095434664849486;0.5085951235406655
0.9505144687612439;0.47592987251082886;0.6669266802915707
0.6543408937975408;0.7703033244487932;0.9295920741400199
0.5190119677199103;0.9996635776712288;0.41906199165838365
0.988518647512146;0.07983950923356076;0.6093209816577162
0.5735061038072082;0.8880317266380287;0.44163568398386355
0.15633625459347766;0.8153019535382361;0.8114037046184012
0.7496473770463112;0.4104959012961804;0.5593014723022021
0.7685590924788296;0.6808267517992146;0.2571570015029985
0.20322143088149613;0.32811794237115777;0.29961606960538023
0.9860467238766513;0.9747555192481597;0.9796809790962039
0.3960921776070486;0.7062782436068956;0.4816114033501946
0.2512880256007479;0.09211953464307898;0.3757534084920702
0.03844370624613702;0.44789258751118943;0.7183473300219364
0.45888068329411;0.5464396506531093;0.14598895642620635
0.23185569555491203;0.5654257625851914;0.07161522303691248
0.9185695288725289;0.46639968258228703;0.1774833336026883
0.6453417247191686;0.4933870300003377;0.4467986548512364
0.4833408165162506;0.18740586249723223;0.5402766511255427
0.021403347650820637;0.25012520777589764;0.23713037708940565
0.845467976852742;0.25332160517273405;0.31009855482200077
0.5324257731892316;0.865891006252994;0.22787392231010295
0.11484628913498829;0.2555555161273616;0.0751466157177747
0.8055055833861643;0.41288194040266657;0.8904002445374734
0.6060851908146115;0.13953235479077297;0.9693206442473128
0.9302036487092563;0.25078470888141247;0.8029684910483484
0.12955767989849964;0.2104459615698978;0.3219572076163605
0.6517330972618023;0.8329462443930362;0.10658633401050766
0.27966722120109044;0.4307369257192014;0.8820049535514898
0.24033090962039383;0.08482338567337122;0.9657025572441941
0.296057034960723;0.13549888198316618;0.7858340801427479
0.6524210127765665;0.39183788111693285;0.527364034364
0.40338821527246715;0.5615010914206652;0.6351823941519436
0.41544983316421247;0.07849963071171917;0.7977682804958585
0.8154001599266943;0.7398751421834039;0.06960249215562153
0.0933445846245623;0.6869088288445772;0.8365701389173037
0.1822678840135744;0.36398525534853343;0.10972392820578514
0.42242590645062583;0.6589542023240356;0.10425765081943672
0.30432463324280745;0.6571216687538789;0.645686484881273
0.7070130253260007;0.11417278198769232;0.5637920499831778
0.8961669241299525;0.8278656438119613;0.5937227422147953
0.4245822600816438;0.2756261067105322;0.6418419902147711
0.7498639916084742;0.6278180816900537;0.5541574298754688
0.8821304138274481;0.28845014068332986;0.6263071283201135
0.01518914078511202;0.7345809336570495;0.692144173728992
0.10169312029686262;0.14047001205607323;0.841981326258171
0.4634201259969182;0.9465380947648822;0.817845175424901
0.18632676820719218;0.23702635100632774;0.16905412452826762
0.754615783948435;0.5648031116050776;0.043775791621952664
0.8929117898792923;0.22027228734395732;0.2668654046330341
0.4159568110144177;0.4728534344296913;0.8194457594097078
0.3698825654469834;0.7902023109614612;0.8326815377620174
0.11025283834853516;0.2379996942408904;0.11871212476925164
0.7984317671617601;0.3732471228943621;0.7693060153717155
0.25204098759279636;0.4304106330997123;0.7081025117555116
0.10352559736467748;0.6755113804899197;0.23987314954376548
0.876576923310889;0.6513996254839672;0.06526022379551089
0.2581915933251404;0.3511775842616164;0.6065134880007284
0.19729634643077643;0.3640305033866682;0.7933391775357564
0.6640206939795237;0.8125933178299202;0.5666389380790932
0.6975463768437;0.990833367092114;0.8325347200956633
0.5045057587858088;0.7776832412373929;0.36073454634413527
0.2225160273414224;0.036924816107566816;0.8790601027465021
0.5192971919136397;0.14982005684456756;0.8440802805388424
0.8367142674541447;0.9555257753307134;0.06958802941906628
0.42913484557229864;0.8607396161147554;0.11811722182887274
0.8060064280159284;0.34819284176670995;0.04404871336150007
0.5972551190576444;0.5124262823267983;0.5743264203611419
0.8334581246181488;0.844660836903442;0.12776054275451632
0.11257357751524977;0.049599350743006254;0.9626807927505845
0.05853393663736994;0.4227881086657579;0.5751899265746738
0.656719941709286;0.33559918097389374;0.6603672262830841
0.7248888241456629;0.2105963970965914;0.6539116284169574
0.5231261173819881;0.01878658947160816;0.849369068913322
0.7035643859701121;0.46515131438318635;0.0459206867090568
0.7988379802467406;0.3266496563223211;0.998477759638311
0.8087437822397187;0.5155351943869809;0.1964123133765826
0.20307447785617216;0.38559673564261776;0.2341129137554563
0.6360886440255079;0.12609034230273142;0.7224862673982909
0.12002698689254432;0.8169021981655652;0.1482249302305889
0.35216912640648423;0.959492659048928;0.5623206530084264
0.8807450982901139;0.22839244349823207;0.5539778404104859
0.6777926475810565;0.4098452658336358;0.5339836276423415
0.24717502491551813;0.7133761524505486;0.49846265123082023
0.11744313765053505;0.9599825534713903;0.9649790698633653
0.7956947240254955;0.4220293401798575;0.33187309477399474
0.6012360383381905;0.009287664500792214;0.5827648011483095
0.07303333248163191;0.5722866019031589;0.6845747870186857
0.3369814017229704;0.5331103082390496;0.5855652694806919
0.36199320879851005;0.08074194448072192;0.01825084689645884
0.572349117614908;0.2842825579905002;0.0648557288151248
0.2892495924638847;0.94085910515501;0.9894816181001358
0.6407713086728388;0.7454243553208816;0.6727728284871745
0.13888552152406308;0.38822871477129395;0.7507431448899434
0.2633436520809972;0.19834081796505743;0.5525114833047619
0.17864330636918835;0.9331267715072272;0.11401061663006928
0.31856485453319994;0.4294277841237689;0.3144264845522604
0.9196184433124935;0.80822073874591;0.27612689414796254
0.6494601143909386;0.09048672938265945;0.4511221921225973
0.4207736505615548;0.19467868693962764;0.8963889387369377
0.0435394289937604;0.8078227975657951;0.7163241494977389
0.49166299938897606;0.376999570124919;0.6814548421930072
0.6732918369332113;0.521212948803272;0.5602993220967494
0.6815028968235841;0.5230049783648648;0.9552451581305673
0.48465361290187026;0.1435117071943408;0.11079872162098103
0.44829680461996335;0.6247801572433417;0.9364442603829694
0.670895008023519;0.6814767758542334;0.6017443257793208
0.8962754872040578;0.4818506012737416;0.4077143181198608
0.26801281295008683;0.9799786921141781;0.9557931310173331
0.3854756141581537;0.7311921197035363;0.791878862508382
0.21967203536730717;0.8780391096471599;0.9811023036784463
0.08613457439219696;0.4718493632022571;0.17598972304438087
0.13016586439819056;0.37092341368567405;0.09453138235046687
0.8944673408932254;0.9384611266299496;0.42224951593807225
0.8949611912811786;0.07535868885380292;0.7148021769694319
0.9127903834396999;0.4261406774077813;0.7747834016745666
0.004688511112591165;0.9469560706901897;0.023386027063044823
0.11174201537983841;0.40861903754746587;0.33881321471822157
0.5664682493274836;0.6550623612538943;0.6938885447604344
0.5893689652315369;0.9119115947419382;0.33102119569636657
0.484578189348536;0.8201194804714014;0.5535054300989625
0.7995847366124619;0.2233451888954615;0.49529249127677577
0.56240720142658;0.3439214937745658;0.4787830815721066
0.7219402878147191;0.06744622887185292;0.7009879234396698
0.6588431366513847;0.9520781946414177;0.8817496612929491
0.061228848506322486;0.02284295803026981;0.26916003021852253
0.10707627192036373;0.294357677527219;0.7924223979758535
0.20113506887838106;0.3722729628033119;0.8436659290350261
0.17241822046952782;0.8906139395080931;0.4032199800117636
0.9779071392853;0.5894469753981322;0.02282486422114316
0.2423794724186581;0.41969622964794495;0.294058458059159
0.016298037663457943;0.5169532134629644;0.37441736942485415
0.7680763881357278;0.10356887901313316;0.6368058826807655
0.5390661533620413;0.20859408796316337;0.9853199774484382
0.5435799234574054;0.8683307586012011;0.17035085342899692
0.016992851790599617;0.6910081288522582;0.8975029139943206
0.006988942831788636;0.4482115269662471;0.3456247918288927
0.2614621411603195;0.5130979302915306;0.9172078668079013
0.4585669795306506;0.8065864461422638;0.552211912795466
0.10269614106681524;0.4762494108286476;0.024611532914893153
0.06231576829302743;0.45861891887807804;0.6592900031982364
0.9489137441436439;0.05192783304879933;0.9707629966478443
0.5546230434979752;0.11203429676830712;0.1290502585351837
0.3418234917953975;0.23751007157909942;0.8499827209963162
0.4290014044699946;0.19582611019386498;0.11206200247357423
0.2975579306615057;0.7260157030217556;0.5559468007856758
0.9916459013341953;0.8216747096924923;0.4194330137190686
0.4098923812481797;0.0487844184182058;0.4482149574310389
0.7206927812430006;0.6031398958549077;0.09785282347354418
0.3945049158580026;0.1731739798269829;0.1531799142741186
0.4022163824529359;0.42498628732626165;0.8327623271847092
0.6102129029978531;0.4095742314662385;0.2133547607931291
0.33585117532669706;0.6198132636517717;0.2521343763574485
0.822286035886591;0.23120854357751197;0.17380585468853882
0.8035714133686754;0.8824188624395045;0.17773815767410672
0.24618266028281166;0.27741506214378187;0.2654027346313771
0.14022874457388246;0.8317268722495506;0.7252327468390362
0.280995577883863;0.985525575605088;0.554399421080287
0.4397436309744448;0.4755202367805561;0.4378874857718207
0.08175608002208701;0.1962405963064855;0.47526787234536316
0.28638931307129;0.7930382753275049;0.5576630840402637
0.06182898431435857;0.10133564773053294;0.8746382329209439
0.7687836529355239;0.0006485568063069325;0.017339206786328165
0.6218923380336757;0.8159541096848207;0.258448051361744
0.87276104330572;0.4881012998459848;0.8857325155603178
0.1811604689536057;0.9209925152197154;0.24772905847833449
0.8707135251770489;0.27608377630191117;0.6091302545842887
0.05613752105597902;0.5256272160752935;0.13588697062039212
0.88953669458659;0.19752154847347714;0.9975813448504772
0.7941915317186478;0.8279464264640215;0.8086364406211025
0.07413396309608955;0.24406445309554825;0.2746809242033623
0.025705754708188477;0.8479786334445089;0.8358759747157343
0.17688368167676816;0.02779621905170948;0.5572322131882056
0.6396046563387968;0.3577757287398745;0.9678682454915887
0.254084342349047;0.7531915941670507;0.7656604610045535
0.6246885193519637;0.8841859911993468;0.291347862867004
0.5990424826277712;0.3208120726519741;0.87948708744584
0.43200476157571066;0.08103373005654935;0.1219473024732054
0.7552314811693513;0.5616956192029585;0.7199596677898351
0.9364142739217355;0.1546961786700749;0.27836853885375656
0.6694035625904399;0.4220166968268413;0.7326907832532334
0.6424323802085848;0.650601530362998;0.18758915984205593
0.42085966509181894;0.42798120685992336;0.23342103031558115
0.619656274103856;0.5305204591066287;0.18710516315902204
0.4500369572776809;0.46575000027317226;0.9469984496264379
0.2936469698850779;0.7441977385720607;0.3211514248031784
0.4898295426693592;0.8644654884979379;0.3488363446286321
0.0935496695818897;0.5576874196114706;0.2532656949489913
0.8060720810841278;0.3561523573940907;0.5724356001354237
0.7642327764359683;0.7265397872090498;0.36394868099900013
0.7365161947770738;0.30397017641356916;0.5868504967317936
0.19629142454411264;0.8461817359272406;0.1688112512933989
0.3528255520651278;0.7138233386745988;0.37098209352466427
0.12171490077885472;0.90332019279357;0.294524829591696
0.16638169186807028;0.4674855320283723;0.8256722057185076
0.9085056249004364;0.05002957528231988;0.9064880937587879
0.2401930087865496;0.5631727037655178;0.28269511696507554
0.9215157985123857;0.11810780054543668;0.3129725320864414
0.6146192316293424;0.8374320554344383;0.4997878754870858
0.1625740941445072;0.6957621294129621;0.8249862466722192
0.02332635764734825;0.18286493755408095;0.22130340513035485
0.3478478334871623;0.30121047733417694;0.6122485122473651
0.33890298892222614;0.1342517832632727;0.7216227305527028
0.8653069697753591;0.0851703124068608;0.3470909868064228
0.8689960308213255;0.7156617140826632;0.4775795084091997
0.9860216912507641;0.4957466130632012;0.3396302625866888
0.8520721460511839;0.9193417201455647;0.8943008294782713
0.4560687894476422;0.19568699558057645;0.722013944206973
0.46129688721864737;0.8375228295603176;0.08710829879399629
0.8767952750006481;0.41897409934830443;0.30216218124598715
0.8457720413308767;0.26690212137432445;0.7253410156126717
0.7218298418022226;0.7853155440707561;0.16271489098076375
0.9795665474717833;0.07919328857803098;0.3386152102839788
0.6118036549517384;0.2760518744949646;0.4947976936404518
0.9572412374471212;0.7666061566309579;0.4876705540694892
0.49792825666064466;0.5220275364766841;0.17124891534724707
0.5419966100517185;0.9432738224448641;0.4292091415051206
0.6336390909341431;0.24566259977681892;0.2822431964047004
0.7293336818388105;0.6226787079794611;0.9128238071529514
0.10719027741691334;0.6056799925601973;0.7607636131858698
0.08605429511228735;0.971762361093094;0.31580366980260155
0.31385902050398184;0.7877377448034594;0.8826219866154665
0.016008617738661246;0.6723746143760853;0.23032902537220368
0.4335382962820379;0.9588291772672297;0.7441417774827616
0.47592808867994907;0.7302999624628581;0.9059707065508561
0.6433442748251313;0.3481141207775593;0.6736569410341469
0.5946797348790297;0.6344796576469972;0.8808832095464181
0.9419316622559166;0.8365702003037357;0.42041613878429906
0.06535724318392655;0.5762510121741162;0.7395417873048548
0.4130054843983325;0.18271075048764496;0.3134773335096086
0.9019988713596769;0.8501800208404022;0.7881399504066846
0.31112816531318255;0.7773555020835613;0.6781528393555417
0.09880372239188961;0.24251888560907364;0.907750819257714
0.12422584791503832;0.2399480731467446;0.1484870123902705
0.8958001876884061;0.2843111507902676;0.1395124550190595
0.3087259153688827;0.6371540081587292;0.9881422206417572
0.8122662511969787;0.15664565334753433;0.6371758407667424
0.2929311230294811;0.528539163012391;0.1928896878730404
0.5377261985056778;0.09221446768073316;0.9384321528547426
0.15083630025569839;0.2686685133778267;0.6378877026644698
0.43109206408484857;0.17041011203647083;0.2564792843462218
0.15320526742009977;0.15468601618691058;0.6691832448903778
0.631112791718772;0.49284773649956315;0.04093739421621534
0.34110544344249594;0.4668064455782328;0.9709734541181054
0.25091641017487143;0.3913784363436126;0.03148720319470055
0.7634171045830748;0.3008012873215351;0.4661931227799132
0.16074054774082902;0.897181010392047;0.6862979990768548
0.40302050591895333;0.6061152782030776;0.40672947055112163
0.05578108785683078;0.6408892117663565;0.6219240043878546
0.04390677612442584;0.3143606282161736;0.7995189940779104
0.9242451498589151;0.1457125563780981;0.026579070159866047
0.6216805478594081;0.7507913169835825;0.3867216618503574
0.6016133273392518;0.8110622401452633;0.8813762408997959
0.1151749118946499;0.1894682980848943;0.8475640096722381
0.9159320463447815;0.3236195375454255;0.04216987403644934
0.4867872773510491;0.5805257101333872;0.1694262116332489
0.5775837454746048;0.023031063048711053;0.15958633786207943
0.4279299921552703;0.04868326278794344;0.529077094768148
0.3462383397876432;0.6177564285482752;0.8106382072573112
0.5372859765916665;0.25238005848844625;0.9428373528325551
0.7343631437272821;0.4891455209981046;0.7452712023153935
0.5987542813752821;0.5244042041406205;0.9455585928732657
0.3926693129602149;0.5000533732020179;0.7828790390823217
0.5714009396803609;0.8090238957478404;0.6254875280189003
0.28595522130400686;0.8469934987762482;0.2168313197531847
0.9882454912736655;0.1129182679662808;0.2613241460364739
0.824315003726907;0.011687140338226265;0.9352846833534385
0.8330162820394892;0.5744595467759676;0.21377347085538645
0.8596343696913311;0.009312728456321473;0.8559612813923143
0.20546456830391246;0.672040265700748;0.7567477655227184
0.9507480257210463;0.7516189218282397;0.8829599270938956
0.031624748710299855;0.2398691675776058;0.25403099588685085
0.5397692705345806;0.07041191555010662;0.17819193381663578
0.6974558652024915;0.9894942177109126;0.3533366831982291
0.2830545312757672;0.48026263997696317;0.6484709077302151
0.7286936065759179;0.12981360074955084;0.046937248567400225
0.64670430327732;0.7840670364951533;0.7960641291349371
0.03553830139697833;0.9554103434401462;0.21108671609621676
0.5551424539065396;0.745364988131104;0.10349315555813199
0.8534082438160443;0.8693644737021144;0.024680121148739964
0.2845651089856386;0.9837096602088024;0.24043177916750325
0.7267455336259059;0.0602346987103336;0.04973085357082674
0.5715582985811293;0.6132843493356743;0.6547926550854007
0.39733958102822897;0.86038431663758;0.26512461178840696
0.3185853992325529;0.6341634181684874;0.0841886732199375
0.5654872631475737;0.9367412524032717;0.3916397993402133
0.6954630384960564;0.6004161539451025;0.2783184663254945
0.1479401367294545;0.5759218184759353;0.6611593210924165
0.4397127810646717;0.11033860895853509;0.46233363331381805
0.5800179182469284;0.17144853351734546;0.2846850307757568
0.3944058777166558;0.10493796999591132;0.3870065961781869
0.685592160201162;0.735848926009077;0.790167808549754
0.0933383932653784;0.223580381790345;0.8702136197710746
0.8587195390614414;0.5815050216138302;0.6155123942767944
0.6216648029860881;0.03733358546669818;0.1514473238026186
0.3551667036834141;0.41177060737333404;0.4188995298475642
0.5877966864153831;0.8831952874855796;0.3270407454136566
0.053766585063865335;0.5232675956158527;0.541069314409086
0.41504274118049067;0.14666816892477963;0.09895417584397881
0.0520510925807014;0.47699031503360134;0.2644807498309728
0.13911944255567044;0.38226909121238506;0.06859741391600094
0.12318651300964989;0.6625327435403016;0.11309515711225404
0.4102550319777454;0.6005418205829355;0.7393074358218982
0.15370283615332891;0.6415693916301088;0.2280558574359527
0.13568437349880436;0.5879569721938531;0.15315972055997062
0.8058567237257205;0.4705445880637398;0.3009344196370518
0.43935049603008347;0.3830076686046432;0.520020288162302
0.19482032966134788;0.7847267159730164;0.052961517512121636
0.08401011082504195;0.6544732898269132;0.2506817880395259
0.9968417570891283;0.5170501897900498;0.42431163171600006
0.07898785410471854;0.7822311390287068;0.6589532852356721
0.6862105274389173;0.43169758073793096;0.22336638573624112
0.6691034543768364;0.9829241081031536;0.4253152876473042
0.1928916302468464;0.6779699188954109;0.5486500746378566
0.7331569213726012;0.9699279417211499;0.044840775656809995
0.06426650186562954;0.21674896787827613;0.7967482946942428
0.9662360798109237;0.08489746377432716;0.6904940769272973
0.7279125330321451;0.3697395718484239;0.8451275705361382
0.4905981824964054;0.2611951132510456;0.14153849249500527
0.23507551098374524;0.44361782492675317;0.5230947599563135
0.2732024491640248;0.11058058337214283;0.026276840694036463
0.553676904372732;0.6215011296412627;0.17853316831268562
0.6265183256892094;0.9067599291591881;0.2877496653080366
0.22641780118379484;0.5613911597187652;0.2837626325505168
0.3735124690676843;0.6286058346795129;0.9274950328270727
0.253661760679857;0.7881672253125749;0.46781403493048557
0.690786063185339;0.7123479691897063;0.43609971102105216
0.8229752186132772;0.01879161777035665;0.1544302360079164
0.11348203501149567;0.7938523664686765;0.9953846754917501
0.39207727369827905;0.6981576266793247;0.7898710237959311
0.5396506005698632;0.7908470207843183;0.7842705762883663
0.878270691088176;0.5348205759849941;0.7318148030043543
0.8676780679409681;0.5586784650169415;0.3073494837977351
0.4109353173050676;0.3212129713197154;0.40623524538607203
0.5455905558320688;0.800970570169381;0.6993581682436529
0.8958441085524824;0.5209622610843386;0.03471615993360311
0.827400801470146;0.31090758245560457;0.578283554145918
0.24181119540559004;0.42978141065280706;0.4544346758096037
0.029171164256628135;0.8967286084964327;0.8937507075266613
0.9640689390080028;0.9156855908787951;0.27896815969821853
0.03170345476027281;0.496592370442111;0.3446738322617261
0.7110683720630003;0.767435138738263;0.018248723180837145
0.8900941874418871;0.16871100146384;0.701221333822245
0.9826611262391391;0.8205112263771005;0.6800989344998223
0.5489469943375351;0.5818200684030146;0.987037075727859
0.031230278745585704;0.9434456776444444;0.32120124597733424
0.8139962041704533;0.9020010780187098;0.9960194750088598
0.9184301020267497;0.19340604159300356;0.20453710798989866
0.5028946672310293;0.21184757807003762;0.28486752012444594
0.9055930634007459;0.022306782391627644;0.13543595748735215
0.02172766688092176;0.08481347191255073;0.9937527036318932
0.35935532302660766;0.18171846768120925;0.23060784139205182
0.8120684773647153;0.31721425794346425;0.22503126598327394
0.6250806698059368;0.8347031564152994;0.10748308394195605
0.6571791397601986;0.5513472115420197;0.9873283376253045
0.694792534438033;0.08177519882251083;0.03332260388679775
0.7220229373742739;0.07064861768449893;0.03794271500608737
0.5428920808341999;0.47025744348381027;0.45228807073437904
0.5336077967590094;0.7580501171476843;0.5972713847193342
0.011256638638288963;0.8365825299066024;0.7149565106109884
0.13670649300239068;0.16297968131806562;0.014803826429331868
0.7863788154968312;0.9936686253274573;0.5979595768815735
0.3753887405435098;0.21913455847086305;0.7716468636624542
0.5461649852303142;0.8703330311954947;0.42163943113182756
0.3131923960009624;0.2632346835170132;0.028239058921353144
0.4905059672053369;0.05579398130252888;0.8385234207998832
0.873233291953407;0.18588428553426017;0.6152812032588294
0.8869535198017368;0.9019222288867814;0.9605753524395638
0.3365998053864513;0.6540920452980833;0.630005046196171
0.20245301359733958;0.030426188517066022;0.2993698859987943
0.9302276884204583;0.12435625614432422;0.985890325426543
0.6252464437509785;0.9299917339335668;0.22377730084207903
0.6300559217992238;0.9483465798088652;0.010284879371810218
0.1698176374661533;0.6635569319786172;0.6813442164924168
0.6756886330453111;0.6140985012552805;0.28703566006408243
0.2012512614548384;0.6853636051861502;0.6179667283206892
0.242607390696557;0.4031881471258061;0.8884775890705472
0.5614381098278515;0.22161040442358237;0.7370089761370685
0.1237782397640419;0.41808633547101426;0.7891744653320935
0.27917996719949756;0.9666677570910843;0.34234918243308177
0.6969251575884715;0.8255220912782278;0.33656414943818824
0.3479542237630594;0.21968928185684666;0.4283626510135152
0.9683937448840892;0.9228262877377018;0.8880194328533835
0.22249459377028546;0.17152135168889915;0.8640958743505227
0.3961563804690773;0.6798488279653848;0.19216252254170219
0.8420997862072664;0.4773345008022867;0.7261860339789212
0.3886564882797565;0.2634365394228624;0.5146536361105631
0.024986234105439653;0.19817802017774555;0.22258370766796243
0.3748259608298783;0.03984916732920074;0.43707294100213623
0.9706957556655158;0.40874636589097524;0.26300107256510763
0.4173901825540559;0.8531423126002513;0.3721306780446195
0.3095937207325351;0.7644879573993166;0.10292361047794729
0.4634867141967076;0.17013552513696428;0.3395247143356581
0.04735483277678598;0.6256284076353403;0.13229460249941905
0.47475497654906174;0.3004929582566831;0.8574242551434779
0.7375483711334891;0.6230132019926296;0.5163771778415577
0.3884988081890546;0.2418988790965202;0.8084282765676507
0.07323037493116946;0.09802492225176296;0.503299775254044
0.08041265709311662;0.6069854025730524;0.9274541421320707
0.17431550057415324;0.6432346174323373;0.999376207067328
0.5252436877309937;0.7429580312964943;0.49800642057808286
0.9863049915082238;0.1343507871888815;0.7996211749297244
0.7731085999635511;0.07888240260874058;0.0067291354920470114
0.5325677835950277;0.6463387478344436;0.8144771205043825
0.31705229706532245;0.48864365685126043;0.2139078655245923
0.44367629760174043;0.4208738140748087;0.852733531086414
0.3523734616206474;0.6437752678207286;0.9532334412057554
0.29761050781139853;0.24389690013998022;0.9190151028606803
0.9575853747003065;0.1219477800446972;0.5468149812420708
0.6341271492877765;0.609042240662623;0.5388120478863943
0.08706394434030462;0.2924883846441667;0.1061903238456956
0.6802288112147149;0.5657533483230855;0.0977111256184866
0.9746890927291681;0.9273125413513267;0.8484543399867708
0.8292009857383436;0.8620255572734804;0.13603650691066438
0.6466060518190055;0.028107602026053446;0.6308382672094185
0.8317594992291049;0.14403968437078762;0.8459191360494167
0.23017989940957773;0.7952282514783628;0.8397808540438695
0.008822414267912082;0.6112467506156486;0.06289653639732651
0.6382594288254223;0.5632415283288399;0.6741426963093647
0.45031598264205897;0.8251580819636248;0.04680307178841703
0.1046426816418089;0.9618359458956809;0.5131466634217238
0.19494796886080723;0.9702078642511536;0.10070436702271135
0.2473752097578612;0.8741770361586174;0.7477604365808924
0.6959698901140586;0.7799890751666074;0.41273657486614324
0.40853106454705845;0.9159216288157717;0.015260633570016169
0.14457843510442814;0.6997430333167298;0.9254072791125144
0.38413179322950675;0.8960946141095416;0.2908977695455943
0.6808402529612356;0.5858339986769567;0.09067518706040223
0.9704859631223162;0.23716858307461564;0.6638506324382821
0.07388972412415495;0.16839864950240468;0.9808178040298727
0.8847680683802817;0.05254537824190797;0.41492649461810727
0.23850659242348438;0.4985293553711787;0.01021965608247788
0.4954978492043012;0.370353666935885;0.38912299512474935
0.4408881857021254;0.2837260236495769;0.6160112614689917
0.33246060011493606;0.9731436766252456;0.8210539031674156
0.07719407386218524;0.434715685990691;0.8488201758130289
0.32343686747339917;0.9031252951734686;0.18829795716438702
0.5502780114510278;0.41301739908078017;0.619396631237549
0.2377878842304183;0.8765268299394404;0.3160530962503557
0.2111835717867745;0.3153742143601278;0.330756746856124
0.3783252075833907;0.9668139090335331;0.40450049328723636
0.5551677372040397;0.5610982245266042;0.949424151730693
0.33910316887865943;0.8475767297752043;0.7115071859997338
0.41471843695153365;0.2536968986050191;0.8224025974180513
0.8446447736524649;0.496631803395983;0.04654727790348279
0.5564825978714975;0.5822317186407298;0.789186963954989
0.5579520391422104;0.32918894445094604;0.3409055062424329
0.5551292306925555;0.971046404273322;0.1428321070171008
0.01463064244990886;0.8233051137852083;0.6084036634215559
0.07658075464171898;0.9222099816484773;0.500798973893893
0.6582084415398542;0.646228779093686;0.15480559507469605
0.6100013130494616;0.6583812093389109;0.6175727504229466
0.25012736551622905;0.5485153061874035;0.8867333990220764
0.8961567534014159;0.6185422293128973;0.7395905334630126
0.256901651852679;0.9080021958990668;0.2633760918550675
0.3305457140372471;0.046506964625696035;0.893234941215525
0.2501955530277601;0.10768940338739941;0.9809362939434731
0.5540283677608896;0.826904637592928;0.15612144524349714
0.7843364140608564;0.12682919100702017;0.43963184138237166
0.57456699713437;0.4821103669332989;0.3461726065316718
0.7336182062249038;0.210123648271628;0.9361124796023357
0.10651009291496161;0.74766109498255;0.46789307304272443
0.029058791860647415;0.7084991623121105;0.9166047986198625
0.6419243827222808;0.769857407472068;0.5355470482110256
0.7839812612933607;0.81566725165093;0.6911722606644111
0.1507896567616741;0.40779051666735255;0.8650089849631081
0.9214030825970525;0.6660685416232767;0.22774790198395722
0.25960100401435415;0.5194083264686796;0.22718618337406093
0.8001381610870775;0.3537491112321586;0.3189601464203472
0.2987725933716977;0.8571996304893013;0.03346148231105972
0.40607549016567823;0.3511182385186715;0.9361557936163396
0.11813278657539361;0.8356360608700599;0.9772777326539575
0.5936104713048597;0.46281057986135943;0.4272321805800159
0.5708674290564189;0.09586589798610545;0.10558936259827822
0.6245662452024553;0.09568315393509452;0.9338971603325539
0.8928216753692844;0.8347890174250638;0.6714233486853943
0.028036100138390196;0.3326124758167788;0.8472701402228316
0.5227474717415165;0.8833794821868193;0.707907492899312
0.5944606980749736;0.7086110879374118;0.41236671080790943
0.6436790338802031;0.8025779729134903;0.47642598613138754
0.02981823751623891;0.6003327492768546;0.4049546070770804
0.9269415087417633;0.46613477558459027;0.17225218013992483
0.5338424761825683;0.5208717365997978;0.5789786318143733
0.6561308909821129;0.22273972327803582;0.12317164750405207
0.07981290245710304;0.002972797620836465;0.7497362758218047
0.9105802473723924;0.1539001790715141;0.21729278045033873
0.6989386463592581;0.5017892262463161;0.9322410634943293
0.15023032757967947;0.5902096316928064;0.19518700823597046
0.31652044426606607;0.10217074908830637;0.20485480182635873
0.5906717998606216;0.948489511220706;0.5250402792540513
0.42497685242213634;0.6494386407653924;0.07318294759694766
0.08867424977094496;0.32651907089479604;0.9403514806827314
0.7738786434115252;0.6832297629654868;0.6635086255849328
0.8492423070731623;0.11459884460198955;0.435267811147396
0.17236767438639922;0.3671002776934549;0.07254780589137755
0.8067839185939412;0.3073722296916782;0.9577519775704653
0.19021700622429627;0.11165540726575729;0.6576498065927404
0.32500809585623036;0.5881710142973166;0.5620606145763911
0.23836423053408196;0.7840431434351015;0.3503227947808776
0.006765040613503137;0.7708919447636209;0.8224657179764441
0.4264111024516958;0.5713190710897373;0.17070478902669284
0.3902944801529007;0.5533505949190146;0.08346129462707819
0.5176820040168642;0.7630801018357055;0.6292931021557996
0.21739884591555847;0.06794413527325893;0.2589848938514788
0.9342413021193321;0.8617205587468121;0.703844837135762
0.7440930957191578;0.013708339606288145;0.5067974794588833
0.6360761571915342;0.7502247197759535;0.6263988656756224
0.8411622399717202;0.8944647722345155;0.26803080967019277
0.0733513208184311;0.4977522982917273;0.3019108130851069
0.6609741838392547;0.11647228157865785;0.4799563134565571
0.9193606276654023;0.30165354400658306;0.06331987765947222
0.47877345237736835;0.5152610488885736;0.6232290473738875
0.631223734807223;0.1038188806812359;0.35918171300295376
0.7868205481053193;0.00212312664105474;0.5658280061959191
0.8934894974418698;0.7825959537183429;0.7381319181684218
0.573231628393101;0.6919277377726922;0.7983618321639525
0.2533653268618702;0.4310755106900691;0.12061033363193518
0.6118349536532788;0.4762148373510984;0.4319470466678269
0.18602277937422673;0.03685314505933268;0.5927735982406388
0.35203473726132983;0.9287962241799471;0.3894354744506706
0.2850513547510839;0.23999843250593655;0.5310121262688997
0.8879727042001009;0.4776879617144433;0.2704976652987421
0.29058829238185;0.41293561116334154;0.36027477613606174
0.5907526522969985;0.33051062776742623;0.7195760605380054
0.6664220985743479;0.9385494560373512;0.9716713250111975
0.3544396398334808;0.35909227228207763;0.8509592574816117
0.3689907549731539;0.18360463504228208;0.37290590031963566
0.9065520937258068;0.12666257890207766;0.7419553661747383
0.9082208343724258;0.16397249341471187;0.7430036355737993
0.733316703080481;0.28723128400184084;0.1321638120296288
0.48696427470436987;0.581104973618784;0.2968192015462251
0.833751951216959;0.7526188595616866;0.2391726712903124
0.826976433711057;0.5780167578689371;0.5806299811854396
0.2712727014057058;0.12330550312262079;0.15658889555767963
0.15580284239098607;0.322680236016197;0.6042465260175608
0.2975605709273029;0.513611504043829;0.9776521793603172
0.2932289426225354;0.2534981825990428;0.9527110186622317
0.23668449862998597;0.59050020274643;0.042524021370284104
0.13088835410012778;0.3476998355556381;0.7006863649069925
0.6449583251214529;0.8071993267576791;0.5251228118918968
0.9345658983844453;0.3993113150597636;0.048273418617448494
0.1099505474279654;0.7610622104219128;0.40780332203177405
0.4660736809185835;0.3065668120511965;0.39708589694060115
0.03907695538109368;0.7857921065844178;0.26287963744078857
0.042590139128975024;0.727336488705023;0.985388771338288
0.1434306829413755;0.8270714173850102;0.9612622979045214
0.4784314957216147;0.5995152875583144;0.5795521732174075
0.35131179009527835;0.07858202855597529;0.1217091976580118
0.9551519678949858;0.9739273270233174;0.7064127751033916
0.5503790598565156;0.5968470057263188;0.16773482276389928
0.3798030617647672;0.47036866133002253;0.5412455513348606
0.3408066036092079;0.38871580219500446;0.790363477520523
0.1782038614609005;0.3505680740509828;0.3866931678663237
0.6386302165633048;0.9060165268916093;0.8762680781150273
0.4165935424924242;0.05196009584146977;0.43126443600414455
0.9898879851136405;0.6836816946941511;0.8544263245636518
0.9655511366633761;0.1869256986653911;0.09859899775638958
0.722294446513813;0.9617840953938632;0.8763061988259965
0.9801837979777026;0.717037900434954;0.5824828445788818
0.38439863362854687;0.48074560659837595;0.21295107790483103
0.9906464998253761;0.9621289947870875;0.9393012935337284
0.49153250938284676;0.2488737374879989;0.19472457721669234
0.9748194291205704;0.10775162663793492;0.8593620470273999
0.8958076337283934;0.8579450580295109;0.2186452767029612
0.12688125650276694;0.7728402674643654;0.9438156262978172
0.34408068384760815;0.27874268497557086;0.4869382636443348
0.9881013734197889;0.3276248985147423;0.7650223179679788
0.613924077365043;0.523969560600521;0.3999292397562856
0.616098809317373;0.791892502718396;0.8067803657507578
0.22530063287645496;0.2175680081018767;0.5417667196381949
0.05340312978503703;0.9667545709303631;0.4733130200020853
0.09270359159345776;0.9204262103217805;0.12733977142782305
0.40440995358813414;0.0635637772196811;0.46778142287220525
0.9083459741142451;0.6430278213020985;0.5159770834403876
0.9927074367471072;0.9850416523868321;0.9900423738971861
0.6511144401951319;0.739376898615206;0.5120081548561082
0.6286667955252617;0.3865979784725605;0.3154028981934811
0.13167634926414118;0.21932377847735884;0.18180752650195586
0.953378512803172;0.8161329485910915;0.5847792838991392
0.007169984648306094;0.24282857746752995;0.08129153346921858
0.31380356003898957;0.5695457243468911;0.7412856521552492
0.8586335285243742;0.128454795257673;0.17670660262787086
0.043375929991684825;0.7117945739730356;0.8779318964614594
0.530891735751586;0.2824325363858883;0.9980734766392423
0.2947383172697128;0.715064980207147;0.4773813381901142
0.6163639798035871;0.9491259725127311;0.5803115110988786
0.9756427065997915;0.4166701511884696;0.6835225837668754
0.3762807931219194;0.2650383413639943;0.8723418681733941
0.41401431027522007;0.09711943136626178;0.28013234883898386
0.18229079210100252;0.8646436088413985;0.8989956312009312
0.5988232021645106;0.14495648095144642;0.7288378819438996
0.34309593926398974;0.9042722426306572;0.9770214086312576
0.23247911906883867;0.8681417775827501;0.9612515224882731
0.6396892481293919;0.9976802222923207;0.9056391561906033
0.17291711381858688;0.533684719386407;0.22938486220130838
0.501994300991675;0.7539312244651301;0.0728532176196075
0.6293958094933235;0.16138497421911624;0.7420884207199093
0.005924220459645135;0.5554043976587312;0.5722705522344946
0.485723095910397;0.9059239454974225;0.20164207732545247
0.6159582006354886;0.49491181894441416;0.7006568731944177
0.09536618592138846;0.7400189900657539;0.5432280639542938
0.49456324016125797;0.3940019433059765;0.575625677009572
0.5223925638733908;0.4493904718093621;0.7679631723119471
0.5579025450224924;0.8981214916371904;0.9716080216353906
0.5755869757775492;0.5881104841896251;0.5084864019821645
0.025168543926196052;0.41722800876990396;0.23594021813761334
0.007953579254338705;0.3438023159064266;0.11889679407227427
0.5522976786736027;0.48019406597350445;0.9486346604128023
0.9653382785679641;0.28146064361792245;0.4745710208079874
0.097374578246056;0.9851251757478261;0.778489768460655
0.47678382363642824;0.9660675258164492;0.09266971175976413
0.9719774447113693;0.7417125185682598;0.07324270448777725
0.22087787945794457;0.7925105189694752;0.0759924436702657
0.37419756810753835;0.8530288194159814;0.7554976354249059
0.1804826355528416;0.2949616238064129;0.11107270134712977
0.007398634800465764;0.5228083059430859;0.5804847024369731
0.20946327869823056;0.42420872119485686;0.7153598013823464
0.8807134494031276;0.7802396803097483;0.7491855096925724
0.046750234781254396;0.9404990041026225;0.2662309780589692
0.5314054847971216;0.14998607855902424;0.7056021978128495
0.21091999012116158;0.18121423622505217;0.529759372117183
0.35130943914469615;0.4556194516146511;0.9063398549994975
0.8015911932138158;0.8547574227202144;0.4084208709827687
0.6657742480484161;0.0086494751577616;0.5881586948350879
0.29281986145455974;0.38168923582858616;0.9421717645573531
0.11045739371677687;0.9379956161782563;0.6334355846190908
0.8594264456899511;0.5442183420371643;0.46457604104419115
0.5309369304473077;0.05740554345576121;0.02646231124714904
0.3915324411619209;0.8349347665546167;0.42959964760136526
0.6905420015858498;0.09382257826581786;0.0525125597482915
0.9267944922043378;0.19455837257721098;0.6726315991311863
0.2641201879431234;0.6105445907378858;0.38374690535457234
0.6613742409863331;0.750053074548098;0.13879375599000898
0.9275659370740434;0.1848597536049864;0.2279656821960625
0.5041634923412794;0.7979178482291662;0.4418658677155921
0.5918738920840183;0.9906976090113241;0.5583223327434899
0.8255312197431146;0.32879878996738654;0.31647890697594494
0.17189327042876745;0.6659721463339034;0.18446552316804155
0.5153636799447576;0.8284770421985561;0.7765505864304049
0.051228174721801745;0.4112284723434172;0.5365755506868889
0.0987877480096665;0.3288251421562758;0.6312160025524071
0.4500371791021692;0.4573829548235061;0.06305836831467404
0.889765162243914;0.4821212057110049;0.38209869860366874
0.6942971245596467;0.21253245186709957;0.07033007360280297
0.3387188629698432;0.08216986675742732;0.851801913887832
0.5690852751892976;0.405004666777777;0.2895392197453328
0.1290639915313717;0.41562530755132177;0.6471415162919766
0.27965889820820133;0.106088063514992;0.7117723780739527
0.888074317337203;0.8987984674318716;0.9810768668794121
0.8162829567752528;0.8351945846936144;0.2272411395297833
0.1498863915468739;0.3096131783111966;0.5332034429706078
0.16417311216933617;0.47724494555681074;0.7795431814289767
0.18813023407522067;0.7082620567803029;0.28828690386345857
0.13949307862834792;0.5830042167784413;0.15615564513245628
0.7017241469221994;0.9186577954946169;0.7810887939359938
0.5104444666677019;0.14350443433508708;0.06813463716966861
0.6600743460489713;0.321237195437026;0.5480430261891556
0.7626566656394178;0.7613107618011434;0.8686605244977953
0.24981810167496887;0.287265806200778;0.031649385985977
0.25539469223080713;0.8249655554614798;0.8218201429260726
0.20760024581874637;0.11621600811035149;0.5264774896098373
0.5170037367130662;0.20651399754587574;0.6380723566975074
0.34501067306720157;0.09231578117081574;0.2959837621322041
0.05831822389783814;0.9782690995827654;0.4984998438039212
0.20327718262639038;0.35151985833812516;0.8186461877632081
0.9304820797073562;0.7112379024160573;0.3904572522983125
0.36816364109523125;0.9863692493414341;0.7291209046396746
0.16792519580833032;0.4764413895216886;0.045727891636372475
0.6632258664558948;0.5835551479902509;0.30367672156739367
0.28214563517110747;0.49558081786012964;0.4756519691651895
0.8407222767177408;0.6173574639206441;0.8239973752731299
0.3985919116759957;0.7943816717014314;0.8991389294986987
0.15756156569995894;0.007219034520617451;0.41816977971860003
0.8341306246299801;0.41351291119746847;0.8575015463966088
0.46808287715734875;0.3075280857802214;0.3088123054538968
0.5099038341143317;0.7356464245271558;0.8639408272167008
0.8485546754540417;0.01915507075461309;0.07096824941038238
0.6306259230611408;0.5193308500808059;0.5603278930254006
0.8554497368361738;0.8704232375095404;0.6732069065027477
0.29586728438708587;0.779214965528165;0.03921880247302345
0.850689734974604;0.8076382049970137;0.20875496964841478
0.2513626300958174;0.3757389832980016;0.02350402541460428
0.04688007210699774;0.3101333452653757;0.6225547949693002
0.8952772087147279;0.12649722222396775;0.05307529100413788
0.2625504635299415;0.029323757804182393;0.9682202453851426
0.6602093910615597;0.9570140008494953;0.9146897878241737
0.2608136545512204;0.4985009303435689;0.6356902932561265
0.12786510614700164;0.16705104868446474;0.22705743749201301
0.4888995566459692;0.539540894997533;0.369070601433213
0.23618339931547316;0.7837179583791262;0.6049049263085158
0.11185366335170177;0.10125698630178026;0.07313123046856318
0.4204061121043349;0.541083503547504;0.5291518868110443
0.8283373484010577;0.7223805052669324;0.4847173422116302
0.30462884519230127;0.014884370229857335;0.06683325141906371
0.8538056072073893;0.5829019013334609;0.7559496937392687
0.2178231972583098;0.9956088297364856;0.38371678529667463
0.8502635329572633;0.882427266051106;0.6118402366395252
0.30589180079214906;0.653624525838131;0.6075796352933307
0.0780395319189694;0.5770758596507707;0.17039609045140847
0.315822340772284;0.437375571571892;0.7439710692654171
0.6179699566637784;0.5545698751727297;0.3110475728998805
0.9168623362659857;0.15564072373711246;0.14405055139459622
0.646994970329533;0.6762027063291969;0.026406963291543684
0.745515950286566;0.19577298106852548;0.4750510083379891
0.22515043436636495;0.7075145550923221;0.6919970706112896
0.8391476470333536;0.1658422036092344;0.6565664734100112
0.4802871140276319;0.5424490630956647;0.9721719521371723
0.8919053961982875;0.49760313398818035;0.34197808098824434
0.3762001720316026;0.26404460163942656;0.5732034381241118
0.21533786263173105;0.1834841739390648;0.38361105202791523
0.7374621369002546;0.001137754758002374;0.13366551198762822
0.5622959359244832;0.17485015875241405;0.795681064892633
0.08664789969406916;0.9961433101001408;0.16104135350369841
0.0655725867585204;0.936402451088638;0.4879078877608026
0.29448465908427957;0.25272547029323045;0.15284471985353265
0.151400122054536;0.012234541894987072;0.00528578720955597
0.21511900114831517;0.9873581292538429;0.7385698036643655
0.04206217808685575;0.683222340765981;0.6007642001631308
0.30095719791209563;0.030625227376940956;0.9045040145217884
0.9992703201297491;0.5485911087347269;0.04479536453975275
0.3964904571412675;0.9402770185238543;0.5617807592914931
0.9644554597856521;0.7259764497699642;0.29210976316000414
0.8840947391566546;0.7974898938572096;0.29651907107207487
0.8657218776365609;0.4570210988140876;0.18666542283229026
0.785542728359969;0.5214239614963093;0.4733667540440939
0.4756223657507693;0.4047878501777672;0.3494825468405084
0.044492621417193234;0.6320996275815073;0.939380452842704
0.9184095117159098;0.9149840102071375;0.9710719469724676
0.07089879648491881;0.6409692318963958;0.9814137985196358
0.6269902885105941;0.14888124795271984;0.47491795295393313
0.8918406929278477;0.17143526347955063;0.015791546570952386
0.45110246443747803;0.6895248907512783;0.009084979897439505
0.6029098355285665;0.8999682367977684;0.2326268912772842
0.28212703340213496;0.5948909024858176;0.36558990680645065
0.9750374303484776;0.08356283175609036;0.03825219511769162
0.1751693927443746;0.42356632347516765;0.6912251185973853
0.7033000332516307;0.7980181396167415;0.5874390680497324
0.21812397396754468;0.901866379514618;0.49469755918748626
0.7224334346624219;0.0920649162768945;0.40566653137663766
0.002332229769083649;0.10515916377085122;0.5782011821742161
0.38987458578289713;0.010168583550006383;0.09104470674016807
0.35518907411840883;0.8394084432181476;0.23297252202410312
0.4225324636308453;0.057180563703595255;0.63110172238128
0.7948140914196141;0.6593049319580381;0.24331855003534875
0.3804158240002754;0.9873288936638975;0.5480244190981448
0.6737408993812868;0.7121781099151768;0.7270226529764904
0.2858681225532024;0.24407616068558646;0.02762593955721493
0.05566163702691884;0.869428685508641;0.7558048106082774
0.6014998356092873;0.39138141497428447;0.09333902835127617
0.4424912511198864;0.6486452188345981;0.728485186960181
0.7817316345445285;0.5585693678359241;0.04048184710557423
0.34415971090180464;0.03812146349223111;0.46344915032251577
0.7447528280317703;0.19123030429295207;0.22589769664185733
0.6332204580673403;0.510539405859041;0.9593141612464046
0.535582598101216;0.7439636931034858;0.07179333453795278
0.9055215807703261;0.37839427360143785;0.8617929671569899
0.7963256358174657;0.06999968271753498;0.625950015548289
0.2513179742445144;0.266017060769149;0.6170163366201934
0.9320146119508271;0.3612021953412796;0.30667232102462494
0.8667567790781402;0.06255096385047765;0.7976459086319238
0.8267826173846097;0.16924858799400233;0.17752917317740768
0.29784036495793886;0.8283287956784043;0.7182377330250395
0.09896195456305701;0.3554211229232388;0.7051956055945269
0.3665182974696216;0.6637441355013745;0.5200558839033161
0.18409719045136363;0.9696349223849912;0.288227672321805
0.8252588529047026;0.4698069272375318;0.6485903838917021
0.6816212213319099;0.1689658157960523;0.7064323421425004
0.0919585376561326;0.15701903213496704;0.16313948196156058
0.322278251687105;0.2615769428828397;0.5882701677033888
0.6104627858849541;0.7618609856840073;0.35657933535311714
0.015007108682096426;0.03645118208674614;0.2428843938872033
0.0336930175101422;0.6004442012848341;0.4807686787986537
0.3074922758982882;0.7893707765397274;0.03825789911749444
0.8196163020611065;0.8307379391826126;0.9700595237612256
0.5715620068950289;0.9358562038553744;0.4412176713543299
0.5940064276772056;0.7974324128484702;0.9749175484293234
0.48663166251909085;0.1866584947305625;0.39247267496434823
0.12041007716162933;0.17723808656905304;0.1687719157334847
0.487403817284803;0.04150826282626163;0.046722427824884005
0.37345055846500264;0.556668825244339;0.10051932925251184
0.7370276957772532;0.24380785280582773;0.670325384072968
0.17210707983422957;0.4128769482310216;0.836874897106785
0.6389244175203268;0.9552011156790501;0.22005539869825752
0.6224630848843198;0.2745264831222496;0.3773147170275637
0.1839543228157855;0.031083441123107347;0.9177037175336402
0.3171721514696889;0.3094895790010379;0.07430383528482543
0.9770190662240325;0.7447943824822996;0.500068686152484
0.41638823025723026;0.7967855431351152;0.16189599551335598
0.6937297900843375;0.8632865139683105;0.3395464244585017
0.11573234348073758;0.6397056849051799;0.8511101533081082
0.38437026628861337;0.05101517673840428;0.36617721587406205
0.12393597550418312;0.36312936109071736;0.5489665286059728
0.31696931675367546;0.10667372965355915;0.34865296975933935
0.3704903374731704;0.6192913592588098;0.2549620333614694
0.9999010234511913;0.19130974624398578;0.7231867712273946
0.14028364142101069;0.11062395807195657;0.427445391981886
0.6184060799368772;0.549788559079712;0.7810884337856075
0.8491108040846065;0.3853501627948792;0.8403132220418051
0.720194542070803;0.4286954625817132;0.027501252976046442
0.9469600338432982;0.6921266620532124;0.8121414089408648
0.277790236885335;0.7091731608893962;0.6543841987007633
0.41564249616690496;0.29500751625793453;0.9959281847766243
0.6503406848373072;0.3946798590616424;0.5094927593072115
0.3529389763044789;0.20468100250282772;0.9175113394405966
0.2607460441732796;0.7162559035307694;0.7145180948546667
0.06972784494325268;0.7814952826939177;0.1871683724769101
0.3967216456569549;0.9326628696138323;0.5725835403154532
0.8061905729416315;0.29136657056162807;0.4149364429109089
0.7203237446399633;0.2956521779302901;0.5387111304482014
0.9237557691467364;0.4837532312109901;0.6402616698124802
0.5795737674262;0.6326195233635408;0.3547678930222463
0.8671455350437914;0.4980125858427876;0.9109651188988411
0.6569706229842259;0.7700677530727659;0.48102911277997584
0.5485681379768905;0.028042553791076452;0.13330085927791757
0.2257083407695869;0.9722924761783349;0.3192220310433175
0.598891056730817;0.976269473721021;0.581969254196708
0.9800447162067264;0.45849568105991556;0.7098265328149077
0.012093134549060025;0.050031533995161026;0.23037326098035116
0.9729388419708317;0.035069152354319844;0.11692010250264828
0.5810896088733867;0.15068836348329595;0.7615434656273128
0.4443021610392708;0.8376854545823432;0.707101688666506
0.282306252601211;0.28498263216732633;0.22246404086997473
0.7134711735990273;0.7107673507695962;0.6524662503839592
0.26288530872064064;0.09731617108072288;0.24568267537910493
0.11611452706450698;0.6650467670396885;0.3758066114776458
0.30590913290124855;0.5654027505054066;0.023144543061961897
0.07063182797319745;0.3399158819941912;0.7028425626982425
0.7234458050896102;0.3827032238600333;0.15805127219760662
0.3123511340882995;0.3632427334833481;0.32711515397432944
0.3513268529512924;0.9724678021319605;0.7308180313209237
0.01465410399656042;0.03424488134783099;0.4335209486510978
0.8822891629526933;0.9463931564364884;0.3122646954225904
0.7170911384050669;0.045374792975458655;0.7147409035703999
0.5923464215602646;0.04057867981218122;0.7739299022126701
0.8930965097162648;0.8931263387954337;0.8677105650810658
0.8229938429747051;0.046798185633814327;0.8512705748476795
0.043264462164516626;0.010514886520662459;0.9736470340641783
0.7464053505943951;0.46989574086300545;0.5794516805830275
0.7398668257464612;0.12739393816608124;0.15060788220115373
0.7378012010128567;0.10420732697850021;0.8893699618947318
0.9091787836794848;0.4843628948483105;0.7241834135987285
0.5560614859891395;0.7077780050718888;0.47790371354670924
0.6273302465997133;0.11843951161683153;0.7570710967628271
0.3019889869682456;0.8096158853224547;0.47051742893960924
0.7636072042380627;0.8516917235465538;0.9585964518335011
0.4037876431380104;0.052133154949805194;0.2708089157729243
0.0641955905494852;0.6105003690073848;0.7384336505337541
0.277230516656804;0.9376046124925665;0.6805560893772572
0.3724353656351962;0.09711188667917081;0.1260683532579353
0.9240489052207863;0.5549454047452556;0.44503711605861784
0.701447208239011;0.9615295329207257;0.31117577687565745
0.9255594561066013;0.8868819409950894;0.8770652717864982
0.7212894259990357;0.23946704650710204;0.28367027693163394
0.208475247361939;0.7153905635023522;0.6900788796210484
0.461992150977098;0.8249852277087434;0.6756474116003498
0.3313719406251072;0.5741309264681668;0.2525563855488496
0.9243122480186884;0.4806090235509358;0.6389500711609384
0.6737539362341863;0.4226573333784416;0.4473769344890701
0.21166724187998642;0.5000915157962507;0.12642837569193288
0.15121815733567368;0.48005554257555416;0.13169086227883997
0.36416823222644534;0.6143981127301;0.0630965855913298
0.7051727744588169;0.9952747681568582;0.41213787635620325
0.6977626760737418;0.26037959723795046;0.36508550354973135
0.7407963132983468;0.01572898969601444;0.4630052894366484
0.66712934213074;0.2607457167664641;0.6317220361663001
0.3360668545131523;0.2679804955150732;0.2925505647989646
0.29060864300582867;0.7951723060362623;0.6880854820022885
0.6156595934707858;0.4460543803129434;0.9461944047596381
0.8522382095544196;0.3201764094739906;0.3055439160837561
0.4931227379773243;0.3627934085066157;0.23133953439520805
0.7443557530394234;0.032415318441514684;0.7293653104116941
0.05579983427009427;0.8341077751216882;0.777544908555914
0.6992602725918851;0.8363626167937142;0.9438138470385943
0.7209336709867845;0.005580345334404657;0.54968681337878
0.6230755701667661;0.5935227152356207;0.3817077680016383
0.9393347873256522;0.6812405848797057;0.29875197403151177
0.16830548214011443;0.6475274131268055;0.07025398985467568
0.8429283803708476;0.3920676340564442;0.29990262222775044
0.2638844430827929;0.7613192748381103;0.7165688827139561
0.2190060747420436;0.14623368523610958;0.9288460857012438
0.34777692106874025;0.34216755172740065;0.821607751253885
0.08630855786900937;0.28438976520132464;0.008774029327247801
0.735980162475801;0.45843349617443796;0.6443064342027979
0.44563183370629456;0.9335886406093464;0.675980659809552
0.06636913893669238;0.7872060901945993;0.5620674419639261
0.3613161766452878;0.6555144174462637;0.07984491998588628
0.7409448763816476;0.5742107110838808;0.2934412860861044
0.6668590128401799;0.9043593302544882;0.488020224671471
0.25737495859372106;0.7976251854232442;0.34495699367110244
0.2374268956179031;0.016708904048087336;0.8757502363622527
0.33297272926659816;0.1699619961276574;0.677426857129251
0.913888214350238;0.28570302221816324;0.7009742421399797
0.7775908876410861;0.45528086590622696;0.7031318345560963
0.7633446482806189;0.30083343906534576;0.47647590563198383
0.8062187967798464;0.41484894643923464;0.9671878877987079
0.31661900522561126;0.7795341842151521;0.7469081442731378
0.12978939621728613;0.9998745119360274;0.460179656902884
0.8093571629889755;0.0010143596085046003;0.2337666421462059
0.1472944077802113;0.4664655827721771;0.5750498082008894
0.8299882870958566;0.9589830753765595;0.8715233407442337
0.2943882040792227;0.0842097463455842;0.6717678828430355
0.7700185222501256;0.28932155136479687;0.68480045751037
0.04097673325748852;0.9114117901193716;0.48445302340325447
0.640852672868866;0.8315415407342078;0.9173810042846832
0.355603300297324;0.09720477262971516;0.009414584095485456
0.43474114361757576;0.676658361251623;0.796743448336459
0.45147888097925526;0.38026721960145804;0.276129952083463
0.1410232504340201;0.19967864460405127;0.7547852406329155
0.834606943890406;0.8869883235997313;0.8889817003597041
0.005924263220039583;0.5366863510065807;0.5756095851248964
0.24959005869457618;0.27187464775157755;0.1273999316453297
0.8357668096070516;0.9605473655188955;0.38174273974403083
0.7535405359419466;0.006392326667790549;0.6112360456933291
0.5156365783823601;0.32004772049320374;0.15055230658164642
0.06298080446844767;0.9622857157595123;0.9784539549096212
0.5654345580136391;0.7968570261406288;0.18270842970598422
0.24986552328182354;0.49874744981683394;0.26408600533706006
0.9399994776420463;0.23739235664511937;0.8593667925603926
0.4886841728750223;0.8644982478530858;0.09584163891647002
0.9537978149811689;0.1703974591747237;0.23650802838816098
0.7839469092455397;0.4821166579483547;0.33242367924685856
0.40071666082941704;0.6131780983927714;0.581575475888229
0.32612299836302294;0.8176199487475603;0.6132696793624776
0.5811720649463773;0.1967967626723749;0.20547052632992568
0.08628306793797924;0.48539587508476;0.29642820329822483
0.11547822658941764;0.1630565876421073;0.02760779597822416
0.7032373481687595;0.3966422984359671;0.07859941933240133
0.3887257512702842;0.46398572208132827;0.7440627501488047
0.18599339680523863;0.7879030284654551;0.3591768453508568
0.81817891073718;0.4566240049341459;0.9245098412593603
0.9539978920823465;0.07050292104638256;0.34775736549562875
0.7236008318688094;0.8048893098700096;0.7588217613952177
0.8535480058488056;0.03549118414876262;0.522241665605682
0.03731638287267658;0.006411094803906114;0.49315992289137556
0.9151711447035008;0.2534838616027787;0.3194522157094306
0.5856829086975447;0.9334773274880414;0.9197275600284945
0.26433880417102973;0.6075744748475809;0.5683547022608795
0.8519599358973984;0.16642102190067287;0.8569710986628507
0.02777739880613872;0.10035033995418463;0.8218928570083394
0.08919898761597556;0.9034109762948904;0.6006238491400524
0.07156700205323274;0.9395266968097672;0.2623161847317309
0.2107913695933098;0.46753838484056565;0.3756829454134716
0.4148797794739969;0.5664387311091315;0.8933711606592828
0.6121800614185817;0.7080880784570628;0.2903882280081841
0.13508214786809836;0.732221037314374;0.0701364129118035
0.7686806849939308;0.1846177030569005;0.41395809770076986
0.8957717596740169;0.7709484053538564;0.3386354771414113
0.5546474979623026;0.7219855468855638;0.7097568376867327
0.2463256498874039;0.6518133814500914;0.299356280591594
0.6496177570194389;0.49777456731292824;0.6839176067036317
0.08282053068425999;0.5625965994011743;0.9067739897193406
0.19980994742485036;0.935607399570511;0.5818413301177292
0.38806691492095424;0.059740714654406446;0.7107687996706262
0.22604809184181485;0.1565811471272761;0.18592581411478726
0.5842854324158454;0.5766419398902669;0.37401107130211353
0.27100734663559756;0.6220866347361366;0.5992118065581351
0.873498700524048;0.6128842665372118;0.8408681718984891
0.7500044063210981;0.4841850836541688;0.3478184908066495
0.9748280952337108;0.5893495260637972;0.8329335451018489
0.6708241180175628;0.41198513423347494;0.486191377206337
0.7539179926957615;0.6180095934638009;0.8083108785494763
0.5452681732921065;0.8389003585074628;0.36921370935449316
0.677638083788158;0.041473295857984094;0.10402641813767055
0.13018251937742253;0.7438709157168623;0.3748041998430294
0.7028792878210314;0.27120277303993734;0.8678574662476716
0.9188172355125932;0.5144098135434463;0.6673421540573015
0.15219547157029445;0.9413300905584108;0.8703991922052761
0.47183365797381194;0.22667850657576294;0.972858301702189
0.05227944331354273;0.49619230750189514;0.8901796863015519
0.3652676795576678;0.7107924531217503;0.8378849035572049
0.033045039129620535;0.2803564156879851;0.5166402351690553
0.28116052799527125;0.5747341117924143;0.47636821017120967
0.022878435750472326;0.5947064981372451;0.7675789045140056
0.32215071752121827;0.6104706787029608;0.57190049435422
0.8571186568321734;0.510818679297571;0.2872775244346315
0.4700742685477223;0.3837798582736095;0.41880652173052024
0.9177599524474341;0.8395094696884917;0.8673698065610677
0.0512655946565731;0.858950739253838;0.8137152482467956
0.49586564306755876;0.26466192149343715;0.6383280626817306
0.5642602529858266;0.966164603918385;0.6743359618057159
0.9932497028612478;0.5934718012149575;0.5957197094920715
7.049406144377102e-07;0.8198209542430286;0.6918048844487817
0.19544927592229877;0.7968659851052844;0.30820403098791493
0.5090822466043707;0.5369236464315091;0.6851331073655428
0.3967192460721175;0.7880418672852693;0.11324420980297045
0.6426706367111852;0.9601899133828359;0.5142533170435161
0.5633313449043369;0.040173514259860044;0.6297735955303385
0.22686733042117346;0.5062168041302322;0.2019586925443667
0.42157336538943346;0.6691228475301458;0.47425311486326205
0.2422660005413092;0.9824059310979909;0.770119282531994
0.8543682058743637;0.5135278932067544;0.3433887786087907
0.20674772064530478;0.9690917046604158;0.41749244805207586
0.3560287902252044;0.03885742942534376;0.4944670506380383
0.851230075853798;0.44630254097395494;0.003838902118601606
0.9587169065997394;0.4274862014644588;0.8521397942301331
0.14509777417264236;0.1004693119696416;0.11835960540120205
0.385093184632739;0.9269928173405985;0.11596606256474296
0.6646555994183962;0.32422307191365896;0.3476274517358515
0.5468037031501164;0.3642293360886957;0.18699038098977439
0.21792618495464644;0.6607061031435704;0.25378799814342623
0.0456332420526806;0.4190671257585278;0.46658270838858473
0.6048249904733586;0.9549059147529485;0.07703158478161154
0.3086735010978576;0.40490221787856373;0.47479236947152426
0.6191379459173753;0.4805186601945448;0.304576870262938
0.07568835915476135;0.386838210354862;0.015504170264074357
0.3443418113167702;0.44612774198432625;0.9560788226252808
