0.1562940805262495;0.08878827641049847;0.049536662423652955
0.051667635797604694;0.8731245975773543;0.5034562492111947
0.23837338450410672;0.6368868182778994;0.16161370273037834
0.860205501158343;0.8351038753842958;0.8664747474981959
0.8988305749737903;0.13960036867138204;0.734671589761624
0.9919066752077988;0.15322540035682675;0.9378264865396579
0.547527483651816;0.18137777491067886;0.7010469932640047
0.2125847904969247;0.963003078080358;0.5419809790200487
0.6106942218936504;0.17006633571660623;0.4341815136917011
0.28865716416363685;0.18385457722012144;0.3321605730315794
0.5765503620321119;0.8310237746227176;0.7542012092077114
0.3724993991578709;0.2814762793458143;0.5894263471028021
0.004412599203154177;0.526367153885485;0.3551608862491643
0.07628999398450165;0.7462405017989198;0.8906356383683934
0.8317703139662349;0.9776208746049264;0.6079134673498383
0.12544424782425045;0.39109546995683275;0.4815309287579106
0.5820945258574522;0.7142768244985617;0.5024079401168042
0.08242941091661748;0.19697433499214334;0.7262961053629318
0.24750935354576542;0.8355868100687551;0.07924228302855973
0.009103599809303087;0.8112550652337959;0.5076069478647064
0.6457442866321864;0.5271762272926244;0.8662010599281598
0.2867271702223051;0.3822421066256084;0.5306996824864003
0.948952424307933;0.46080882806079815;0.41348633631420695
0.7490524938137185;0.7669239688048444;0.0382068237033073
0.6667076486202235;0.017249846970527227;0.27448025479021065
0.018291714453145702;0.7828295428101875;0.1662806384469112
0.6473360380755072;0.6299871531832498;0.6211990041326704
0.7370569339273866;0.23954459284282448;0.26670004625819543
0.3183056431573127;0.24438696946388805;0.7405631144988006
0.9720110073031546;0.44102968497242634;0.1631790573208125
0.20436661269623935;0.6513902122142095;0.5866850090631637
0.017700601452796616;0.8674702065288448;0.510412725215942
0.718522463655174;0.020889578621391847;0.21876590936472073
0.3447785055438696;0.6409879194777897;0.44884518799587114
0.2451976244757228;0.6433395486263515;0.6277170018307129
0.11813772741683637;0.6893493373693239;0.9833323629579523
0.030279714859055895;0.23307952585724412;0.9068233296358518
0.6956296046865653;0.18672068864591074;0.027370919785075776
0.4938881614842081;0.08549554426772532;0.7585022296376972
0.057801870372809705;0.4688480285873149;0.7328061808545268
0.6607597424539867;0.5059354990850459;0.590171366361325
0.32541313449598175;0.7192447369318611;0.3801359963441431
0.815436786460134;0.2103433743605717;0.9774086736367749
0.2894055209270894;0.21015469611410986;0.16414241910663718
0.05978912649295631;0.5983639625373613;0.2621899122193274
0.7664431013598489;0.624986174498946;0.1959201070472476
0.21713953923684737;0.03988693174325941;0.4784787804560787
0.5568006626188866;0.7708339250372942;0.406971664983794
0.19504805910081358;0.04945740027693135;0.18575919426361298
0.9670708955168253;0.07423443762149717;0.4732331586742363
0.5953906168526167;0.3854094963861796;0.9839111669304841
0.46929502050304095;0.9322806523519916;0.33568980085191147
0.2541580715828198;0.6179743801836192;0.06672729226472507
0.558585502600373;0.07181980427173817;0.1207430749692332
0.8181953241987928;0.6027628862478661;0.20067827542047456
0.2062782531459253;0.3755883240034583;0.7642754970405646
0.09174877209641086;0.4871972395695986;0.5345374607518208
0.7037693547383815;0.613500667196765;0.535483542749509
0.7389594343239664;0.3493555995819494;0.7763093462795503
0.011087633246832929;0.43041023197901773;0.06336365602217975
0.5185160535381064;0.3745031084013646;0.472846292846245
0.19026541947420028;0.02525357096193026;0.8231069394034519
0.8183164077161265;0.2283052917861852;0.1715489060087908
0.7321909070118926;0.587272380086658;0.21942964592020786
0.19001256575743264;0.23672605496381138;0.8538717928552287
0.19676834930285936;0.23845476629439866;0.6134395832552917
0.46401609339256755;0.6690667870515776;0.20920072292549385
0.9627191547710467;0.03966645527384571;0.21790098347441655
0.8431878165629235;0.4483086939544707;0.006218809082874754
0.6568216142937976;0.6493602086011625;0.7931003889482806
0.8760893224225492;0.4432734418899754;0.6151068156843761
0.7167220545462629;0.40194895471024683;0.5759233651311215
0.3757617218793532;0.3430274643319816;0.2688784504622981
0.8670674529392003;0.6580172174277511;0.1388030813489265
0.0575571030483264;0.8849066250393666;0.011994462201273204
0.28068311611746166;0.2852105578157714;0.4990999553236555
0.24287953240151938;0.7147895337688213;0.5863876187703353
0.9885319106081684;0.20692792206935706;0.4460547620605083
0.39528244326863704;0.9591848339263493;0.6998395511335765
0.06149731726026575;0.3012039467943599;0.8745343115771866
0.6674350620163293;0.14875459717411577;0.07179737111553042
0.39917412420150156;0.6446650816099813;0.10318304455146288
0.8905106796483779;0.8753163638295138;0.3393928924438411
0.6558534990119901;0.9474543572082615;0.9532725582528839
0.6221346780164714;0.09074370823626365;0.2665220492191219
0.9462543769402004;0.7162229098632972;0.2036994115404802
0.9394760657722709;0.6177916544873164;0.634247169414462
0.16841430825899062;0.004463656283681061;0.08483241000936315
0.33915458965080414;0.21456626694448522;0.5661652974345072
0.4817327468716315;0.529980061813658;0.8920615597171717
0.033966266868956985;0.3520890844905714;0.8753483026553632
0.8501191637165162;0.3210983921649545;0.6138293974450618
0.5492280070437998;0.1717393821690938;0.5757052344110729
0.2534820275677877;0.8256316360894382;0.17514097237535065
0.4501008636356796;0.0681822936694978;0.874398808200085
0.9396405999626054;0.29366659890760827;0.3231956072489035
0.9357076555882506;0.67586517865357;0.7794954775638758
0.6510331171507697;0.31065174214765057;0.7767911173382208
0.5553890745088003;0.6140925509663301;0.624385289249545
0.5990205266237517;0.6880523142262908;0.3693593043531742
0.5430894651449838;0.1226395643944046;0.1481137855150887
0.6317271417193984;0.3450059093323188;0.48486784280107975
0.46794515992376895;0.8357998079483708;0.4583542668310492
0.07652334211039691;0.5979619796174839;0.08477707417567448
0.10697007376483336;0.4522317900581583;0.6977703963023058
0.16109789846464317;0.648831963015381;0.7708473682064279
0.7122876325479913;0.3324215594033286;0.5269399276425608
0.9701973485426234;0.30584305710660087;0.7123092475719722
0.490684381812883;0.1480899598402584;0.09510150226814096
0.5151875068947659;0.37462852378056155;0.701534908248871
0.8876830074937682;0.7164306149374188;0.8707497744820426
0.7274130496492495;0.9916879616006827;0.021939700454763567
0.24283548240067243;0.7000093528794555;0.7600754617331017
0.7890735630235268;0.9694726741779278;0.1989572417812191
0.1120694092535851;0.20830906896034718;0.452512392009348
0.3932505440397337;0.10808914149298354;0.8861921539774059
0.3590553161797062;0.25107592591635564;0.9096642967347089
0.5837921079688397;0.024751883163768418;0.1928750510853856
0.0933868450726627;0.0301522869467703;0.8732354150258131
0.32877439466900527;0.16956403744803739;0.048090146421106095
0.9657585559211176;0.9979577206000203;0.8218152896134068
0.8856828133232371;0.4840331183340747;0.2828463258663906
0.2255294192834859;0.8216635075861027;0.20514639513800725
0.04336537178978672;0.1396932512331729;0.746672381724474
0.5776740005794447;0.5846993852692327;0.9875824024681853
0.1505146261031215;0.4215214162104899;0.5034207188679028
0.11196836322734771;0.9425213375922518;0.5803959839449577
0.17858315669861957;0.9946689389630645;0.9527487786571471
0.641664480857594;0.3772840323568406;0.7159329435536982
0.33229818828064284;0.019734289165687313;0.47621145090018446
0.24264935527872533;0.8482688382675657;0.5774057597908625
0.1556955627633263;0.9307662162453333;0.5067843853318861
0.7230425303330527;0.9570337294561868;0.3379486496972324
0.9602041991314407;0.10074744815300263;0.9202248710791453
0.9270108707397543;0.2666365518618392;0.890874888021303
0.9779668915525244;0.851094001432905;0.6528339860481082
0.34592089987221586;0.5012734037221773;0.04667762543905707
0.0487729758592339;0.2262989074551467;0.9061185153829627
0.6703327719946977;0.9137884783733048;0.2315008320034917
0.6641461533737258;0.06895248824665134;0.6697359724448338
0.29107225405195847;0.7309995007700231;0.9727043211984736
0.7719611885757185;0.39163706087972583;0.42744374516491657
0.43774868261120503;0.24797302898470397;0.2587559128873229
0.3275410837348718;0.5022830817925242;0.4369019548471025
0.8209909001951128;0.45256071231548756;0.47094083934940056
0.9703801700316342;0.2978138321694722;0.04142966529559444
0.0058349461905987665;0.8017815133257487;0.5837217639603146
0.8589137000308651;0.06584128101853759;0.7946749048260376
0.24652814530834566;0.012444065181534403;0.5700647987577534
0.7529232812812839;0.536277214869601;0.2701412320568356
0.9240467431202848;0.09086492829533988;0.2952179402572995
0.08754208546030118;0.6498567398603186;0.9489165748812569
0.953085127936447;0.8014117089116253;0.629993063453652
0.685546984373933;0.7021264388704693;0.66016594258829
0.09233736156244621;0.8091207978705932;0.3354736779494767
0.43002553720431824;0.14679629162036223;0.9189930811740384
0.34855196988089565;0.43436261351198835;0.04598155115900404
0.0348337201586667;0.12226238242627718;0.8621626156857539
0.865390991155068;0.5728295215714438;0.19285556389741576
0.18964019219413775;0.6455391764808429;0.5210761637783136
0.8014404904934301;0.3814322480588741;0.7305770070527561
0.30275293478452847;0.08787027366597855;0.35542562933529687
0.187123246332066;0.6651183712541361;0.6139732610570181
0.4950822933464365;0.9191537385597938;0.8405340617917173
0.005167064182918457;0.9044106488324762;0.08185922183917915
0.6970555822190796;0.7258706917197039;0.900730299107524
0.7221062467442421;0.8580038400101864;0.9437266737925912
0.7323725183517844;0.7837926992057479;0.6057811653234471
0.4429074982758091;0.9822116105150602;0.9353056268482256
0.566163410762569;0.18637388587183135;0.9186123241575088
0.20372168169649763;0.6597803860244317;0.6726922909489802
0.6290479832514777;0.5882550734526129;0.6379332026660354
0.17124461819652714;0.94887211252015;0.35907928078230655
0.32618838273698925;0.15079120148661096;0.702214630848031
0.2552112916654866;0.24603113546129274;0.4590581088869622
0.39726145617863273;0.49072639302158727;0.46961591993348584
0.22470267602211536;0.4798838784355658;0.8147717824117059
0.35926589230860406;0.16592223713680032;0.6682048142692535
0.3505115894994505;0.5263572732009547;0.6645900958078863
0.5754539570540169;0.3934928608806971;0.46474050541126766
0.8424688603335323;0.9096187940367076;0.17073358431006103
0.5819146434432366;0.7488034714718609;0.9489145959704933
0.6064365135105905;0.5249357434322208;0.5412211405051875
0.7506543862470315;0.4390041847895523;0.7881843530179777
0.47608908813330186;0.4828030042844451;0.22956553546823932
0.024155826336859754;0.5725150943364027;0.47266997916141196
0.39720523553587384;0.4368525913114417;0.13192567085963613
0.9255974892495841;0.5475851639614534;0.7252867280248567
0.08373852539024795;0.15659189708231147;0.4162133017160562
0.6148596334099095;0.450723518473087;0.8292896625552715
0.5010620541557701;0.4165992399913109;0.878438202226684
0.7221905927401189;0.37092577830052986;0.6268204230255797
0.561341665289335;0.6762286675879141;0.02883078735299127
0.491583308284795;0.1343166289709895;0.38830822564127576
0.08671301433185075;0.24384152394639413;0.47499191494176074
0.5502253602639655;0.6423169979985925;0.273797211146528
0.1618583343880181;0.8225443733417488;0.5809989449192502
0.35742465948404567;0.4118500269316755;0.16135576877837665
0.9831355702007092;0.144498387155925;0.42003228534557313
0.32553096406968474;0.9857718185845102;0.8916573783905013
0.4991435379108252;0.2319158206560361;0.5208888218699854
0.5229288596831605;0.5608070159094649;0.7615123924414601
0.3234037389562585;0.6441571661318886;0.8512887272267412
0.366724383562247;0.0007598813913112235;0.7373823494665965
0.008986935881698854;0.3486841016391391;0.7579251272981467
0.4765120114882828;0.8400418292366012;0.5832625279209479
0.4698602966046286;0.22821205808124845;0.14221232693391928
0.22047623766918278;0.28579461407993323;0.6413724322482312
0.5802088934202829;0.10534018646274346;0.06518297311212484
0.5061977443813095;0.6169735228846747;0.9145782007502409
0.24086405347202566;0.33713882665232475;0.8064313928631107
0.7507486080202671;0.38638395921545154;0.738037870903912
0.8738715814865012;0.21089938756819837;0.2241675801752283
0.9740550777688837;0.3913397543955648;0.48079200757716256
0.5265714673632116;0.9611226101713652;0.5414475859361771
0.2827611969126642;0.9320389122574007;0.25573285111115407
0.5816311715144189;0.7697158698583394;0.44905561637049685
0.2867869731561039;0.1700506277901881;0.029238779714763075
0.6984399463770518;0.740451226413369;0.9986964384352734
0.2738589590608923;0.18554666050248314;0.5254356669690599
0.23607213856135312;0.4717207160678608;0.6633022825283164
0.3168125996334443;0.4245080562301786;0.5730650089145469
0.6447717888714891;0.3257331135357818;0.87330325928765
0.8724322728144202;0.7682900439959489;0.28154745365063827
0.4408788999161424;0.25703849988851246;0.7005585506168175
0.10083649866335442;0.835317703403768;0.3862846077109443
0.5786793459397129;0.6300815055387589;0.8283538008516216
0.3018297147700353;0.1958617447641503;0.7004073580194567
0.7442682558968978;0.1663291883099045;0.2787599014792389
0.7425801414921319;0.9160615201476926;0.28580509255279485
0.4871104100520648;0.6616276218118573;0.7684614772731472
0.7481274890263871;0.004809959107153872;0.7960712187461914
0.9090357604481966;0.9878508510926665;0.8997512281454536
0.16915102441009733;0.5537631469933062;0.5623843297624729
0.16859664951128273;0.15129994158659332;0.11886454503719524
0.9195577557076813;0.30073622468427474;0.5057321124634818
0.7817523294395317;0.4105274401746246;0.9149619371537622
0.09006325079613675;0.3373336085879757;0.7895230069387346
0.8379610006067181;0.5998365043513707;0.031683232320011356
0.7756814779521565;0.77978815557344;0.7249002184308858
0.45610150406128347;0.4660322163984586;0.7203084821229363
0.9980661104527584;0.4252216236133961;0.0837898305460294
0.8261988436948158;0.2869792726166851;0.8623013384360211
0.09999506997309604;0.24333475370053725;0.006519267140786877
0.06909364318740996;0.9471255818954692;0.5093255286124646
0.874124533838181;0.7268034036232109;0.005773095204941403
0.5586219059104218;0.33891273621822504;0.6353925793254609
0.8724973076145508;0.7949765032974537;0.10115116736163543
0.7258778998115055;0.004249855572042716;0.49012031586891847
0.9469820056837526;0.9471770755433615;0.2605986883151006
0.34541521286408916;0.9992357282222714;0.16959670612533218
0.11959863851925134;0.7823569449111758;0.11736307107689636
0.718393308645979;0.1572792737441101;0.3996186494401631
0.5855377032447392;0.15095849839808206;0.46320997814600107
0.4646871214025794;0.4808330402235821;0.679794236129197
0.22865657480389168;0.32960737708058185;0.5116150823310012
0.6446962004428926;0.026757506463413794;0.09986152424374728
0.2751107907322722;0.6852453236882967;0.9119187327011902
0.21973801699704476;0.18634754828501088;0.4069093991534404
0.7045303129463817;0.4802169689127862;0.5888197852055019
0.05703462788644742;0.7586235011646889;0.38141700813797697
0.13648406665224244;0.05036828521193537;0.13925059215037916
0.41334011116658376;0.087297309091255;0.43136835949048
0.8538240321402182;0.9553811385878646;0.6436755742759415
0.8284524957343369;0.7005627888188872;0.8796378306583126
0.3137071950250385;0.7515198793187807;0.2568116221109379
0.9545447702257585;0.7362791784192666;0.014128175889712602
0.7832991420822472;0.4428182101739623;0.5640071148533207
0.7658476320040694;0.5095993239683001;0.889611543091601
0.015217679819443553;0.12392258874924678;0.23837692496177854
0.7358225829805556;0.39969246146939685;0.8938665120590092
0.19091976616467554;0.5428435998142206;0.489698985152351
0.3780436952582198;0.630211823236406;0.6238485797842614
0.5980834125716278;0.8958579153194034;0.04860702044491594
0.0016734006395791035;0.38003493900566565;0.4725620684533377
0.43339226049306934;0.8081951848129754;0.6967262810675858
0.9573156216536524;0.6137705091252013;0.18539184084813576
0.3610675827637345;0.24422734681648317;0.12012980748089286
0.53184063466451;0.7162496457460379;0.039852063409386296
0.1378902617846196;0.35844451428912427;0.5838120592164537
0.009078879579519694;0.004033620688177253;0.008413741218373572
0.46079589749279704;0.132539857439684;0.05242710235396175
0.2598956531842884;0.824332974997079;0.7923382398050189
0.1187575652756584;0.73707084288842;0.47039318222759907
0.9215115211539665;0.7821271318913142;0.864104603994993
0.6463083787207006;0.6097411453146871;0.640627289581674
0.23160398689137351;0.9181997293602853;0.9598012892937221
0.06268196478532773;0.1309349539397855;0.26442535619537744
0.7012225572209734;0.01218063054490659;0.21679371683575677
0.9047012823406104;0.8505756017232338;0.22272453356592248
0.8716982285445586;0.26077261122909157;0.4700133938941651
0.543075564518845;0.7283498984337764;0.7494403082135267
0.8868821762090245;0.9032140419661469;0.9415094947274696
0.6650290425653695;0.4823932440689437;0.13622658744973826
0.9288536625869229;0.039024342250204236;0.03398982496429903
0.5969490428515655;0.3040412066155418;0.11595229054925338
0.9276868365774944;0.3511138180383836;0.5128814410241894
0.3387292813087348;0.25349157683730794;0.3941064754677409
0.6863317889534707;0.9107357994904195;0.44359622642665153
0.8744974891495139;0.795195423584181;0.9868744324143417
0.2897118728222713;0.4898320902538418;0.8475199506585961
0.3425933590199852;0.8531184213045085;0.6095150807274511
0.4821917670671353;0.04733621545259403;0.6859821637977261
0.6309382622665808;0.6175209195189363;0.17216198023657714
0.2533988243647103;0.5135865426281001;0.9156247338559528
0.04122950836354755;0.583322274288606;0.17947697171441535
0.28371131457727805;0.5086154023355659;0.8516516842471304
0.03271338643801924;0.844282098231648;0.4851199899659153
0.7054446808798044;0.6296227327561141;0.15770899498176705
0.09529509149429283;0.07216765073910492;0.7401087093158324
0.9350639684765326;0.8808706116086564;0.11246526831778614
0.7214529356751163;0.38814486060322295;0.7069430620806287
0.8826934674112417;0.3230830433228449;0.8188391103411504
0.5520084374781504;0.41097418546537645;0.7385075062789445
0.18841387131111598;0.4599690791473958;0.525024317417435
0.3708564409181394;0.1783689718509649;0.3068667138150115
0.3890176545582211;0.2438803932664888;0.5600754280406776
0.7163820280509722;0.6054206180523903;0.3468155743780209
0.9336540310127621;0.6195772370130955;0.6861803061671364
0.12670091974731312;0.6013943502662742;0.09330000061099242
0.5050994476283183;0.8420022092979571;0.5513166381731889
0.7454507673920039;0.6224803088738685;0.6606938083638265
0.6942587419813484;0.6560927158966013;0.20301447867826317
0.07105650054094659;0.2385296209672152;0.17218922976892426
0.9761409387794316;0.8255328222265851;0.7884626066335322
0.6486874437683111;0.02411054538525048;0.8207183993308161
0.2492649924876017;0.49290766624433424;0.4970456457255923
0.46654318907797565;0.6336065218436937;0.5305323193298098
0.8519403740186218;0.3911355973174412;0.7059571336529407
0.014992784947792104;0.6056554260122137;0.29882374518081933
0.6504565110365049;0.6988854164318204;0.722811514843177
0.9996206459435175;0.5132146098623913;0.25247530598386314
0.934631907166388;0.6345977165918694;0.633255037539441
0.9680073939760359;0.5665605108878429;0.022396046421704785
0.24316718472222998;0.7838128668861684;0.5874088471118553
0.14761358528640267;0.6255781908188592;0.15367630293968482
0.6185918311962193;0.38179030106256795;0.26851843831091426
0.7620737021863644;0.8058505808193255;0.3172983268096943
0.7375018250024457;0.600145907507634;0.020273752812894452
0.657034016082462;0.035469052576799553;0.16535734005252767
0.648591366988477;0.7420970789040832;0.7490234922986981
0.4242568060183478;0.6472159356098959;0.9059929924168959
0.7697656041317331;0.16113237867735997;0.9252714430216972
0.720397211477943;0.2848116589475206;0.37902051086769484
0.9462183290756611;0.2537869322799339;0.7991400791452318
0.7577590041792609;0.8456726046070143;0.9971604490350621
0.9625436503121075;0.3049839960755718;0.7382988085257974
0.22213376631484205;0.040752661274852;0.49978713658611484
0.2554132320417696;0.452117620512146;0.9065201972058334
0.6116674058329118;0.3826397810507568;0.6443216443572509
0.5906731599543006;0.8070577621131243;0.7499176624847257
0.31624892937094173;0.5172396409796419;0.6798426434869013
0.6067246883107789;0.04463822351670799;0.9753829222326643
0.7811648947894768;0.8609069907048856;0.36382386564542146
0.439422448760067;0.8484494819565809;0.8509219118360966
0.7552393633956258;0.5066722078301007;0.29033192362245175
0.29190817126518787;0.9587204760211532;0.5456456458778198
0.5138604928679665;0.38014601916382706;0.23264005529602982
0.7274149350251005;0.8384660810947975;0.6665230537419475
0.43182040523889;0.5467415435065827;0.18959139477377207
0.24439418089059228;0.9952616411056328;0.3680779878209214
0.9278033682783354;0.19813115353110322;0.9534127239311545
0.9422841520786326;0.2194672779644602;0.9791425980928649
0.8716291516122087;0.07486199648547964;0.7091898353046989
0.799213206485605;0.12025182541125168;0.6060560453455756
0.10333441779580665;0.23845454142027178;0.20538685257641454
0.8611179343720159;0.3754803115067643;0.42517309092221
0.567706402924528;0.6722849623966086;0.14612760060394248
0.6924579157983658;0.052282564941092624;0.15658030713578008
0.19195152143784744;0.1842523090736894;0.41147594650343267
0.4422213065566709;0.5049514302242256;0.7039034577664228
0.45545962758345504;0.9500919945470084;0.8704393165873581
0.002950452306998974;0.7318818693786652;0.02556103247565733
0.6813334154873174;0.25190597486204946;0.7920000989207558
0.9805470788723549;0.7556948354744797;0.004174245250568864
0.037035063903556265;0.9835556129933201;0.7972410420487966
0.6266836607935284;0.9018446985788339;0.9336488253596146
0.4630397879703845;0.27214120467017133;0.44180128818212705
0.7519127334735698;0.8732857815815019;0.2083182305591882
0.5225862948968746;0.7502648470701841;0.9154344365988089
0.9566497109823888;0.8157432887631129;0.03910091234287716
0.4949556902728248;0.48782181619127785;0.08333847548832707
0.6373432694305226;0.10985687182942616;0.28710975790862103
0.6939368444926548;0.5371668903391642;0.478972586631806
0.589271681761308;0.8786477534208701;0.25826523061811124
0.267806450216139;0.9496387061254387;0.3653521278838454
0.6997517243022799;0.9620596787447626;0.9988535233548507
0.395512972395587;0.6590443553105527;0.5111871578575168
0.8341270985448216;0.1426811768246441;0.23076659809457634
0.3763722507842966;0.11806481825165427;0.6128504530873481
0.1303841937652307;0.7695537178989768;0.4512762169825629
0.9649552695641268;0.6711338949902821;0.3820619795825113
0.30850690373444745;0.4624573336810459;0.8420304478023007
0.45471171407777644;0.6599984433600647;0.2992839162531544
0.1773075927007517;0.23427616022390674;0.5566624428291689
0.41009720195532284;0.1772960772716301;0.2633274788179206
0.3939871170241708;0.5060993804736307;0.6790207454124354
0.5852194909639306;0.13758229303723124;0.42739019720787985
0.1653492765198339;0.36572007993383315;0.8671149058673355
0.6451888921222924;0.2867408020743859;0.44068769466509994
0.31738989076851043;0.7592886342125674;0.8450917780919444
0.4181540827068242;0.9734125869485136;0.8876304730233405
0.4011187864139829;0.9392975298902735;0.07292050668633376
0.9629738350712665;0.9597178567806666;0.46560091164732686
0.7401782699643966;0.12871881803416918;0.8915350972102611
0.6199557376524142;0.9223699268388487;0.3276294224702948
0.9087809742658672;0.12718708932918488;0.325523321517574
0.6268764551059859;0.5701737749114464;0.6634475825224806
0.24109460853689701;0.17240663002523193;0.9503842307457319
0.36562723320350354;0.8816071357002683;0.8313085981158377
0.3085416933994505;0.4208309030089774;0.4168776695808818
0.4823643143407639;0.1755996448808561;0.07387292726186534
0.49724330854037835;0.6246286666394318;0.37799924582253475
0.34377624088434544;0.7891071233891412;0.7352414940312363
0.8960289821136271;0.2638576080895896;0.6123351836261272
0.40649796950885253;0.7218862151843676;0.18448031720397395
0.5496922146008228;0.4665888571521414;0.5776733696800956
0.5094148958891689;0.9986323828004888;0.29062526818837475
0.5398630647368086;0.8194354806307906;0.3366703950235863
0.5650115228760997;0.7872637010600738;0.6827563856101121
0.7439560962873875;0.7975042119528375;0.37378983455855663
0.09819389005630519;0.24736532098075503;0.02552735506693693
0.8397801328900784;0.8091839494105262;0.9768899272332116
0.7551146844113209;0.26716471623280014;0.9783173126762409
0.7383507478321657;0.911769316259351;0.5230068501702054
0.9614495559184105;0.5938081671161629;0.8901472293751969
0.8822495846453438;0.25042049939967326;0.09584903058787952
0.5872787748263553;0.5697991898760291;0.9694801733670098
0.7201602653306635;0.33682780998081696;0.3072002350207528
0.9020399999873936;0.8038439687949087;0.9964208846837478
0.38005982326311893;0.501551416178598;0.2654009501376622
0.37371460941528456;0.8688973978924732;0.9952434229083803
0.025017481171102918;0.6821141509854762;0.11416888620512233
0.34475998963876464;0.11499294592170195;0.18337242831198997
0.18525318670414126;0.40631986696797096;0.4170293672592986
0.42693815127570833;0.1811823626207294;0.6638053456780973
0.4236892985220019;0.6529087665091157;0.9896316190635713
0.657578555989044;0.6694476137338551;0.51857008171
0.7410621608399971;0.9692722539146115;0.3833225134778667
0.4521902281489375;0.48328807689561815;0.8741305406221181
0.7850724254585965;0.9736093939614907;0.7693741324316451
0.05827506890502532;0.4815936040856411;0.1066360741313016
0.6844705895089966;0.43750085949728734;0.6481044187545838
0.2790369578152808;0.8268409459797713;0.5639803683547946
0.8375401969196999;0.7887642529310598;0.37901991081883823
0.4957038310290969;0.438986271171001;0.6892805875415985
0.20720950524705573;0.9446691562529372;0.19715531402390285
0.45736821082374657;0.7557070604201531;0.8550552397241827
0.9072568374484139;0.3426200266916797;0.6905254840912841
0.355227174240361;0.5667344418694994;0.10029858786247503
0.33817713433467944;0.279776265690741;0.5443589891533039
0.861630786957984;0.8404942957812809;0.877057368528232
0.03903304148511477;0.8288769458433313;0.807579273329657
0.9394269702323687;0.9967355727818653;0.041107997321604084
0.12536966019338425;0.44970734808574553;0.7971696622642975
0.45156646289235547;0.35964249101127965;0.8959104676953452
0.5658860251871263;0.016680612154917784;0.36869763176004755
0.7420811311271277;0.04303496439527066;0.8680291985419333
0.5591906217702091;0.3790773521363574;0.09512967793810356
0.8372711907535958;0.40797935410578656;0.17276132323627358
0.4709226462833086;0.8075646770376816;0.07823193485583568
0.36374609283575177;0.14950636874085277;0.11481028598221443
0.5681445646362335;0.08530149051009894;0.14694776477562144
0.7695683719056876;0.2772036734108575;0.09371734248824426
0.21292089315601337;0.484324703512523;0.11741361727793165
0.32743812375719805;0.8945912168599897;0.42841614149237983
0.18139337784137632;0.7665550332351568;0.7920433251773864
0.11375059680971933;0.6619471105983408;0.826683351317161
0.0918665650067052;0.6764140324380331;0.1612601888357983
0.5670290900928222;0.028598478061128585;0.513848633911553
0.684878397995093;0.3945618733122921;0.1471963380991509
0.6059194371270121;0.7016546544165831;0.9722279703533422
0.6321897708209842;0.7791010124450376;0.7369443218918672
0.13073598081885374;0.055319582967827574;0.414200229118998
0.06338499827912647;0.648960288442287;0.808858740154593
0.6373715333681198;0.359975509622686;0.418779270476607
0.27640339998089336;0.37319934388398945;0.765915530802713
0.3195744644796845;0.4494281419352709;0.9051626559825144
0.0778449331794856;0.2758711562220678;0.15462298345712944
0.0420395803207011;0.003496770401693383;0.9205061470378217
0.7077243706671181;0.5953762243052044;0.4735285065555035
0.09701053868897458;0.3550681159438891;0.37625590479066273
0.14597266086527827;0.23030216666218384;0.8098337102076695
0.36440089797911035;0.6144304891807787;0.3061525538721185
0.12475292256921988;0.2853688641479565;0.5394428337625841
0.49950489642222096;0.2285952312237436;0.6780897212636082
0.7427969130691854;0.4929359822789673;0.5696143499690184
0.7536493735622743;0.8223694341157879;0.6980603376256526
0.41263329276131655;0.15288599006151904;0.27169438690927483
0.7770383994239961;0.8784255377034822;0.6219945727388189
0.3960096753519001;0.4539410826391812;0.629919024093401
0.7971528833594375;0.6719257506055096;0.11826476949440956
0.018372044394259768;0.7302821860869305;0.47770915822743043
0.929298137410509;0.15712726143918476;0.73166942183671
0.20241510128561102;0.7564171608335745;0.466847296626811
0.37696192250676963;0.06525311570058911;0.694686641801538
0.4268123054583516;0.3584913706617603;0.29971810174573454
0.17800316479376332;0.8137629823668642;0.4703835522916884
0.5033537162573948;0.6017662282443954;0.06903998651760579
0.6660593316995618;0.19525873423221163;0.6460405299921239
0.24537749376776075;0.28341390851306014;0.45848082853273087
0.38986580864208376;0.35552587128703983;0.7273304656985217
0.1025892810409963;0.2069739163404436;0.9372346323804902
0.665747303327505;0.5366979479162056;0.08768318680493181
0.9220212645395589;0.3609805661426698;0.8390301311484836
0.030210590313357266;0.14542559444070102;0.40870363416501676
0.3730726887106238;0.34546274465737725;0.25480049824636175
0.07686329157057858;0.038513463794142444;0.2549996079997623
0.8177562803786702;0.39602483388228293;0.8081631351420845
0.27074991073691923;0.23479669230285838;0.7149330832132733
0.24923099441321495;0.4673020381300641;0.3214197809293462
0.23117575147749803;0.07575921873096925;0.002587963344634292
0.13144998754763737;0.2733547586371743;0.8375710475044117
0.8506623991311922;0.13705308217372802;0.0011907306623683
0.35080252537354695;0.16141551606617488;0.21348659974382922
0.2855026514197909;0.06225595070678558;0.006129116932775958
0.8237230953287831;0.7154823699641137;0.3686802951036947
0.4480862556965096;0.4905269305029498;0.6434930360259561
0.4836370392031609;0.49539402980870095;0.7797597089693766
0.5489515306940905;0.1728802655322761;0.9762246283693369
0.5514727160299844;0.06090887446529014;0.1877883142771789
0.5567921167644745;0.2395115332127441;0.5426860096501567
0.6110906989510544;0.07401613211711522;0.9116774756320083
0.8210029005894504;0.7684371268042159;0.4429320948866805
0.23967491417703735;0.22407909060415632;0.5756667961593794
0.16658050480550202;0.3672540383211641;0.18592299472162255
0.9362209702092921;0.804305798785638;0.1893494053967184
0.8218812843443111;0.16737466143278912;0.9246395947670341
0.3974401017776823;0.3494669413472773;0.22738705827016648
0.08880341625055643;0.04966404035678473;0.009931479461314008
0.3487731851255349;0.24757544719859126;0.0750002957694027
0.6976909999373887;0.9149175952024592;0.22116173724479748
0.6579629903995105;0.2126928902766213;0.7285392471164501
0.6882888113401662;0.46693027140271104;0.5239585511146557
0.864288667190652;0.09434839210537804;0.6528498158877329
0.9766192698383721;0.03939301712991605;0.08831457293981648
0.8667834085181872;0.8937991261172727;0.5441917294551737
0.8140558775776914;0.5754958123677543;0.6417082810677464
0.3131386021261199;0.8830211227533924;0.9574195460648053
0.38759711577009615;0.8958053458455131;0.2852235148362283
0.4097103047852815;0.8051015841353176;0.14705593356661584
0.644568451602453;0.560256608697781;0.830207441728981
0.29215050582189794;0.9442297032454945;0.7970455784608356
0.669519635692472;0.2431815004923913;0.7033157101803077
0.3660940852760671;0.46277169189046896;0.749448728667053
0.055903395189520366;0.8646333033885862;0.05099026510428628
0.6644884483872437;0.3222812962452294;0.04543538942206038
0.3347407006603803;0.988740547863174;0.6185706117023159
0.07965505952939511;0.733229220514991;0.383010169285514
0.5559254584302208;0.15911889920113675;0.0896326505864985
0.5327716112490721;0.011545016933745877;0.07358660091586355
0.3925189189640055;0.3792124730233023;0.770910574674365
0.9346895914962702;0.5916801897213037;0.12393008208311518
0.014351824257255452;0.35099779386886787;0.2853224090264842
0.4205809297758252;0.289967219008224;0.8179445535393004
0.8026885120356322;0.7465019474097466;0.33454329612298694
0.77608857768651;0.12319355158655076;0.02505690156164564
0.2119730499055127;0.04965737145468507;0.46042508562834494
0.6388995162845089;0.22714686135426176;0.43777588954478985
0.13259894072204115;0.4420445469170027;0.05687831020413914
0.7547089676329898;0.7941263484596212;0.71653219934884
0.8664324234540896;0.1524634341272446;0.9455274788013934
0.5211609929938844;0.2946482687453579;0.5305134708916469
0.04043855063460855;0.6779759369046651;0.14450879823576024
0.505635084908746;0.45129566364507;0.9789264289683451
0.5557854414120759;0.6593946314667923;0.48069501581556406
0.936712857757419;0.6556871581609247;0.9297037454764961
0.8337602197836446;0.7484919965904039;0.7888761081837898
0.6517809855168174;0.330016351895961;0.39561660734436077
0.852614824442679;0.7894076346166233;0.9531631390822822
0.5873910639890549;0.5140676217996886;0.9891806352983773
0.47659943864918297;0.03854378399348013;0.817268178203157
0.4972685090296821;0.2850613716659074;0.7105482114582784
0.390845468558063;0.30494001294509876;0.4592621774880923
0.7505202257855438;0.19869329140955017;0.050410325412325374
0.9867701504666749;0.2541613209385918;0.1884107713929769
0.18559752266425456;0.5850513699916591;0.39389590687696363
0.7539989416838618;0.7207032313404197;0.22884867522073638
0.8271007253148726;0.05703570987327855;0.6534420368025594
0.163531575012136;0.15161724230620732;0.3047522442643186
0.12698475639622875;0.8403496261041516;0.06252442615677056
0.656208226720684;0.9077270706944851;0.6998878324328458
0.32436227228599057;0.17300724881164709;0.6703443073348968
0.8067542947432994;0.48376966110405495;0.3538061611457407
0.3288826714307411;0.9882260072108935;0.033816823011385555
0.6901758673534258;0.7717776616068962;0.872626174138208
0.9764102435268429;0.7616832977881528;0.36245515997436395
0.4590215246959739;0.8613396854580984;0.41068393501723266
0.4583318935647175;0.17821567170789598;0.7695734183262356
0.27804569293346193;0.05261550784442126;0.1843991886217431
0.5525446512112648;0.6663089157658387;0.02329285646044088
0.38191188911149987;0.09653533931563407;0.5067463946283712
0.8860970639408682;0.4072980478623385;0.4927672202131873
0.968753165312112;0.3783018140895591;0.8278536976521211
0.07417398738935677;0.6781688676174714;0.4803723372974382
0.17763717310866833;0.47777914138282185;0.7961052564636601
0.14695882444775077;0.4325846336133685;0.6081697441595693
0.7863884437584227;0.31475758817695887;0.8076938200635394
0.37374839243073965;0.16437368383012596;0.017478997967766308
0.02004222565168412;0.9806744858482002;0.47829627026325017
0.2969438392610326;0.4702391196479152;0.6973915544904449
0.006544441786446309;0.8887442069490994;0.9998929616021651
0.15251446663867751;0.9806453835872548;0.014952638996757806
0.9412030433036738;0.26572814914090126;0.8926141527212101
0.30991392682133256;0.6163433085948001;0.8121545871843344
0.02538995591169757;0.13746411792826874;0.6372083785139842
0.5765267699131992;0.832368709526722;0.998373395998113
0.49295139649386877;0.15368164877093327;0.10045176325474814
0.9863595493376195;0.13473539972602455;0.6569933586632318
0.7955800994985812;0.47862532797039237;0.0665972325749451
0.9911750022368694;0.12618248547870503;0.417409298145453
0.5488449016775645;0.181986372528811;0.22896520151593025
0.19799224393036507;0.2403097113237207;0.5758115052431081
0.9478292757928819;0.2080793851788587;0.010646180140372774
0.5637499332438367;0.9108602857500715;0.8413927805255087
0.3663701116842376;0.1494576085776791;0.2541322176604902
0.6807915172531273;0.003695606504625082;0.3282455389708493
0.18686730659963313;0.7263805401575644;0.8493638175740146
0.7849296835859634;0.7464088566948099;0.19594669117797092
0.3199719540877941;0.23331876280185793;0.8402097634096376
0.7485451765620945;0.6355361820186555;0.8217505444190314
0.1300395900646546;0.5801227301424065;0.33929166540700184
0.10689166171087239;0.6724239433787227;0.05008377002855635
0.6734225653471123;0.45848982254356885;0.8321661304027927
0.921039261917438;0.01780228895632996;0.5384215235357522
0.2891162957785268;0.8412902154356985;0.06589574020486799
0.49631774219607905;0.1207177235683452;0.7423412363109089
0.4250306068063554;0.6044410543380162;0.9028353746670916
0.43041155836340583;0.2697115640282618;0.8583027478781811
0.21039072321797392;0.9670790759164171;0.24612105252601846
0.6570524338979212;0.6888961848811869;0.32836309045582335
0.010373137396394672;0.10810003980385663;0.793667020671049
0.043239026257793745;0.5875381971968828;0.2063164485296941
0.02792953701870604;0.07675968785465592;0.6357225088542281
0.9321988781616455;0.041693298316171856;0.9215736686370459
0.6938623433052401;0.8724641980230498;0.1249528538264264
0.5363428854031641;0.06599244061256182;0.21948534529798214
0.30947843538948916;0.9495508674926209;0.7582769833422316
0.1568626121295077;0.5806110303229491;0.9125744226950105
0.22231144743578035;0.6368289141046896;0.011014649340442939
0.5479301487872363;0.9325429067695449;0.7189207297019758
0.6041545697770818;0.24732987494823278;0.9655272529280345
0.4075669234957049;0.27881104755347963;0.9930180797050313
0.9284555574617726;0.4692407810880551;0.7521852931408689
0.939572515976432;0.1716067994135495;0.9395698390213008
0.9815242784083813;0.3849771056511746;0.9905329179904485
0.766668641409499;0.49518743776605745;0.9081675886554418
0.009634223764106387;0.5627473130366074;0.7329936131011769
0.13130963302614718;0.2676881355132965;0.17712702561120675
0.3628804275122999;0.2797637529242726;0.9757856830399765
0.5666033879187543;0.5424732931988837;0.7793706539040373
0.21624929156480266;0.36540034196169413;0.8835823758385823
0.4979748269447649;0.41648149770855214;0.6047152704081923
0.6131219785614574;0.14062338575814004;0.695453164825555
0.34473862411130196;0.4519487036522468;0.6965418608778138
0.6641364360846871;0.6094116143218762;0.11837270790519616
0.9018954656748839;0.8177405214387654;0.09358796274462211
0.7712955721656367;0.2072670279608022;0.16495907300251444
0.7452212800900295;0.08159018652807926;0.9131940620331365
0.637424821916192;0.8072407432090758;0.9608998319230585
0.26195641028147487;0.6007829158575891;0.8032922833701305
0.8795348531944047;0.5154522271660799;0.9604014525062868
0.02880871010019015;0.6419319724704795;0.02527382684480972
0.6911695567631473;0.6204971460965364;0.8948287028072882
0.4531950018239309;0.5437308596076075;0.9293322139048696
0.5660563472361492;0.718264774119261;0.21017308264022028
0.2679751655577366;0.7591281378152615;0.2337781616464608
0.3178416117835955;0.10035867028156109;0.0025009173578720567
0.8147004559893216;0.6818209415318731;0.06283262735966721
0.8176169344239356;0.2667627521344066;0.16331003808549727
0.730425441673271;0.2949558724726763;0.39230712023779957
0.4947336089003108;0.23982263828914874;0.07779558832967937
0.2852731329801925;0.46403893274713803;0.2465343228404837
0.1979040360604909;0.6319725017458775;0.8272398646406797
0.30300979196246414;0.3741273162017307;0.27315182077798894
0.012883679763990963;0.9475070046880038;0.7684521564376922
0.11224829747939336;0.27080460999467504;0.551166231446562
0.8645309937601153;0.32926832150174623;0.7843590108079026
0.3155390602866023;0.0732767424241818;0.28060760840634347
0.3826979599454292;0.49512570080141527;0.4723676305459058
0.7222093847224174;0.7697119695503514;0.41334995689053355
0.5828998299069126;0.7193001354139271;0.3993501210996854
0.8267488875347725;0.4192812004076857;0.21809742108683328
0.3436307846226323;0.2029106569280219;0.5833377315567192
0.5765003378460519;0.057446669050224664;0.44274840853861164
0.7066635363448861;0.6532790471444536;0.7021949089183419
0.6519946814514788;0.7348965460732253;0.5591143237286404
0.7830175768760609;0.02872719083762887;0.723174651329854
0.3541045950177607;0.7043487674832011;0.32043329454561664
0.5098603459554101;0.2775001000647619;0.8064441802023558
0.893104417843217;0.612141085897307;0.7324872037405011
0.03511521452021327;0.35431790660768625;0.2069175657304223
0.07558922418635328;0.9818063636384008;0.10401487616948901
0.21189721772687098;0.7972858063367526;0.2034779521711677
0.1831706987745465;0.12700347960945635;0.9739167057690673
0.6209003591832014;0.664462736408003;0.5928838489774184
0.03694109195144668;0.26456393316077653;0.8078858219663356
0.2752320797611607;0.4815678961585338;0.8392303356391002
0.49992824144966874;0.06275988956025824;0.9524369322889708
0.6294963177399555;0.8337364190115624;0.6681388336536787
0.07897652150750034;0.16510928409953074;0.7555077359520768
0.39312249914383657;0.3001204086651893;0.15289234144388497
0.9559557403042553;0.20082836202480758;0.9128888924561809
0.9174336116260361;0.024684560995122173;0.60090952294056
0.8423183075441857;0.00365554184340533;0.5574748705283779
0.3274902386858929;0.6992397754103469;0.8834532849618657
0.6406212312827284;0.239681026418186;0.8083007213768905
0.1659655553987247;0.5505747521416583;0.5781142549360421
0.49248696380331725;0.3809641742488935;0.11528734586176681
0.2244870995681173;0.1501051394567936;0.8757608291112048
0.9673737619447815;0.6146235415135243;0.24905569086814838
0.002932458634489099;0.8286134766877543;0.5585011916074298
0.9124084370842158;0.8582746030750098;0.08749398668277608
0.9364119319031504;0.9513224585264074;0.20261116566943782
0.27442592926254317;0.3838573335419918;0.39625402251878683
0.962130966339265;0.19864623766724387;0.3283776432142599
0.14826926592106882;0.8186609358797893;0.14148792876632477
0.8546610863090166;0.23391387643477446;0.700105480864133
0.7221986705737117;0.7076084569697478;0.5505792678315352
0.8914024684613832;0.9658972751887005;0.44417371932305383
0.11440291112686218;0.4561621504671529;0.22031849593673936
0.1410897903639009;0.14751417713937298;0.46347194341991615
0.14950839993322695;0.5013724566213636;0.24618568915562244
0.9088235898204304;0.120768877733059;0.05195148838447072
0.8561002022074109;0.9660219631165137;0.9094918921113253
0.1261788211047158;0.876158901938527;0.7690181044855768
0.017970892828304885;0.6570028741033874;0.7034445146742491
0.027413758424556844;0.12245012419325119;0.6285350958373584
0.2750963127169328;0.818503247257079;0.7677901373492977
0.04188327163629013;0.6189331396149942;0.7985644724247493
0.9854645705089576;0.2972381127934133;0.8687900764546087
0.9244835148210011;0.2919708155497641;0.6843034738404804
0.7731266479378577;0.9782178951119572;0.9710957193424203
0.7313843823149698;0.7305349156264914;0.01090946219386324
0.642662553275443;0.5928043309445454;0.14162145396986625
0.4929274881073238;0.1785335871058722;0.33736304660745586
0.05578166270882556;0.9565738092960221;0.4785000031882155
0.8024193851117934;0.04021223133647267;0.3261996012830981
0.03207824417698246;0.949474175181781;0.8760351235128814
0.817332676785096;0.22197841284737496;0.9771344587990787
0.22224992995935344;0.20323027186501086;0.5436693448039434
0.09061346376580404;0.943112185916673;0.7172082217887805
0.0622029950387456;0.5648363799603443;0.5495654295730645
0.055171701858828026;0.9479934783033023;0.743652452563334
0.05605894532528477;0.16565416668726818;0.5732975427464421
0.0635331502089096;0.2169772470715674;0.09798028496088051
0.6891398335535666;0.02427984141274686;0.042880008467306885
0.36318978056306606;0.4129052918209676;0.015842625529941978
0.30662973358291623;0.8438823895179438;0.3295487384151258
0.0946082686046007;0.8524960093684846;0.5660886822138902
0.9079807629060496;0.12157947350526588;0.7680364819070037
0.6428498022518646;0.6092234134044918;0.20773024941265217
0.22012203646304807;0.0027730691607104063;0.5560684319448095
0.9338567476632347;0.4046711389875586;0.897353450851264
0.29973007246038297;0.24082283597831677;0.5312753744036351
0.8283154151306477;0.4544861339610643;0.6459484275811225
0.944651310635026;0.050837493522232546;0.31722302224101073
0.8715592331370993;0.36932786534879236;0.7170178518158602
0.22111433622932897;0.1710752041774627;0.8485540985435664
0.043921661194204376;0.9186638845432504;0.21971266257295496
0.2754598673853045;0.4308604386638497;0.23038791868472996
0.7353663555775091;0.590555881047348;0.29610403662429163
0.28715558937107577;0.2615063548421359;0.9875818729515154
0.00882006729537177;0.9686780829754443;0.18563460610519555
0.5140267459364842;0.6610422670982891;0.5495580360233224
0.9705550463587415;0.08783364794472281;0.812894440489146
0.5291220704979721;0.408588228835969;0.1808412451915452
0.7732438124730178;0.19566648120226804;0.6178178401816746
0.80153703333997;0.3986529391179754;0.6312015480409502
0.1931708944650471;0.7170389645241803;0.543610337369445
0.8292386890026905;0.6344550970256715;0.8543362887218814
0.3615399792483547;0.8162087320354424;0.4453720433574698
0.960538346706683;0.4799882458699192;0.1089197850883803
0.9459907781603532;0.16788564499955916;0.3846484573382105
0.5625335168612275;0.7409732110197678;0.0034495500890958652
0.1985861366990168;0.9820875403021676;0.8587560780988057
0.46231813591362436;0.6865839074882395;0.16356810868565042
0.8698990251507982;0.6603288205946106;0.796494771591141
0.24597190856307982;0.6216306324603622;0.10799572236029409
0.6911904770466315;0.3625794618846353;0.5096067006981837
0.5239498464199666;0.7365071289764588;0.9638679088767118
0.4320131517482928;0.18721501536515261;0.7902040768630834
0.4685297106561952;0.7597376465979728;0.018849920006994814
0.500179776538846;0.8205168083160099;0.8754130650364843
0.28360595978678094;0.7205398174402268;0.7245834776493777
0.7436668851603044;0.5137236879252967;0.7057251710902274
0.2672878184397449;0.9123923321866192;0.2644461796311627
0.5638484668669075;0.35622577215507756;0.4708080470113102
0.008847267450421747;0.602861175653689;0.3324603344871676
0.8697737854727772;0.6756443537411941;0.3494807813396291
0.9122746361586859;0.5624495258343204;0.8479756032541356
0.8941045146119289;0.8663545806069284;0.21029706390927583
0.19196605117048282;0.7843464202779039;0.0006588746016606972
0.8716346249110597;0.33835211667915144;0.8805213400914268
0.3395247226080943;0.6886316465838428;0.09052455740564713
0.5476632407478677;0.444437608375602;0.19457338939000568
0.6419298869145702;0.48732743010481006;0.8822227126119332
0.23318055472979493;0.23448499090039876;0.03082007113855867
0.2784471532931565;0.16623203244081675;0.4863079124579236
0.005788792205713378;0.6341567534988781;0.8360085644939622
0.10750472306461523;0.642479960380939;0.7102303673876373
0.7819353570533059;0.6468715244803747;0.8512549939711439
0.13468448184364845;0.4625225472198867;0.28718383364761346
0.17895137913175752;0.06083167022845748;0.7104085589744559
0.92698010445447;0.44779333432473656;0.20467346169622935
0.675618370686175;0.014116236258506776;0.20874229166630265
0.8811301510357515;0.46899157255722546;0.9427330078671781
0.6307058807557779;0.4970067962842962;0.4773437792372949
0.2875161502246143;0.49329838991232133;0.7609632132881909
0.05109116677257264;0.7917469913194322;0.914283985858213
0.9972097434215509;0.4836841988052675;0.7693774787762435
0.4310351608185927;0.8326926619591084;0.9457085833818507
0.029464884355889787;0.8528574344747802;0.13311417224435274
0.4483832542595282;0.017938378124804588;0.9478741046766586
0.7886602352847522;0.7102516124377362;0.5791686460323388
0.6725511922723656;0.09965903042155955;0.3045275108628731
0.08691343333102741;0.030413588603840247;0.46704826236150143
0.020968849495268338;0.40212599993926146;0.07430949033025269
0.8480115513244714;0.7223906445517851;0.8655624904743855
0.2102340922944359;0.597978159286644;0.9752345044775909
0.842019888172983;0.5676268747566774;0.24759452741248178
0.5024355191280989;0.85048993077444;0.06045820512827771
0.2498618778820848;0.017140787193170026;0.3451853135478201
0.08625543854871554;0.817445415185719;0.6866717989319541
0.6241028086954802;0.39787673387844036;0.3318991138143834
0.7309871096531437;0.7726023538729678;0.8257132035493718
0.6967547527405294;0.9271984865167169;0.44465375800004214
0.5548894442107757;0.13832066744886906;0.0571573596653947
0.31408177321134145;0.13629365572769525;0.8320264619498884
0.5361762982524662;0.5032282071195235;0.7972248593275372
0.16533093450744507;0.5066166724185519;0.37353572023965254
0.3183676570102931;0.01307669836030323;0.6983218720562406
0.42153292873638093;0.6560683706337772;0.23776291234560765
0.08496003479954939;0.3030761589529415;0.09210328737433682
0.02486214732582992;0.7422309687316793;0.4490059295167316
0.029099323810216182;0.511653408332386;0.7644562440371052
0.6878713750253663;0.19292857620138815;0.4089361687291794
0.7998192569057361;0.19797676593385094;0.5289053495336066
0.5579200295152235;0.17372366250810145;0.8351421130545872
0.3144073100817244;0.5445312904299455;0.6022630252861505
0.9900163591181693;0.4231821274112407;0.09599595506400571
0.4758215078414274;0.43500245946222904;0.09566688204744234
0.3840277625322738;0.020634783417025737;0.6963683621985229
0.6532701678651895;0.9835995215976406;0.321819445894045
0.006449726197268024;0.5946377663216414;0.2526972201216321
0.8290324964051576;0.9699226684307783;0.973834255889411
0.49685878120247673;0.048418123293487936;0.6270147878937724
0.08215673311978844;0.39228944207486316;0.05740982029611574
0.03210151980362208;0.45959372188858194;0.11796154949957627
0.39193074683567863;0.14022824951263613;0.12063648446362785
0.5345487621795959;0.19812056567791192;0.7348282376011894
0.7229392239607716;0.0796788509744688;0.39213275935433745
0.5850749854329117;0.2104182714376358;0.9467225111050054
0.7236234315279741;0.4330839154098155;0.22157294894157864
0.6152313707170723;0.8859001640931143;0.1003378635518668
0.44055957509631416;0.07885198180589925;0.7186342565034112
0.6937666777522169;0.03017032846181722;0.29039171495800753
0.8212563763594811;0.015224403861782587;0.15790907991362435
0.35793676201261204;0.42113062342810603;0.5454458721274212
0.18823225690305156;0.9251150062533454;0.06438280656348372
0.5495450651279394;0.6766573237950173;0.6075291821308935
0.8676914409358971;0.46523846458053186;0.068459840477049
0.6647413526536353;0.9459410945299139;0.5078872805621012
0.2140924229126384;0.2712483653013361;0.7552836792206316
0.8350809663055468;0.01112854941401309;0.3773793351515595
0.07793013111956171;0.9195099169069061;0.42768510558113415
0.7405956176456784;0.6410970582236097;0.6158308662797006
0.86183388415633;0.21106255562277232;0.7819854274423662
0.6872294548328127;0.7253645610298824;0.3887271273159725
0.9952985385539743;0.789683014395614;0.6270239792963707
0.5987022908332505;0.3979653802166856;0.34014180402607086
0.04712336385317928;0.9776638682575834;0.36080189809655316
0.7704032606397175;0.4684847357651626;0.4784621815789073
0.5181369171118906;0.15318127279517757;0.39424305529784476
0.059699271888367766;0.5997264718864919;0.45483853977117905
0.49188989605501365;0.5860100879598802;0.6236839966905977
0.97350965363293;0.8128746524011182;0.8235202274485568
0.9021794622501927;0.09610070878036792;0.29293708124049933
0.6378712991194521;0.2779258020271337;0.7385980651985206
0.7811291965521572;0.4145922033259072;0.22419539470894612
0.1080718731554976;0.9617563025485113;0.64288325049089
0.672745502913377;0.1336953353975786;0.7655371541570227
0.15935330660767755;0.888980212442506;0.1439721845613432
0.04983374768542237;0.7968458572012901;0.9177669699643313
0.02030252418753653;0.6471508781868924;0.021722990679455823
0.7932096110823578;0.6556088607283126;0.37079038570023326
0.6634108106610633;0.7600376185582747;0.5386954935087653
0.20302626291939396;0.21264378454288657;0.0732226148773848
0.9282096371177041;0.9788588403398508;0.8320845341182787
0.7981516398749678;0.20536277252744017;0.027746447966617183
0.4054900995098202;0.5151012683628537;0.9844988141890345
0.9188310135561395;0.07441293503737612;0.7069543182571815
0.064534312849583;0.910639131341797;0.9033958402532463
0.9125595397447546;0.343714391262144;0.5371601210677934
0.7229882818459578;0.3738587592332665;0.5908009779733833
0.017299681879099804;0.16333745310879477;0.029409360220187475
0.4258814090890235;0.006198799423369428;0.463305514350031
0.8922530127165494;0.9213270131308136;0.1298815343555385
0.936296527489833;0.20986200799258736;0.9107730868789279
0.16189991577007412;0.6859063593929248;0.12532345806197365
0.5088265973365236;0.854118580606737;0.5934696148311686
0.5693396117179417;0.9387504596235463;0.11370071065263665
0.9752110068103109;0.3835329639254197;0.6051902668040191
0.08094239476076404;0.19470224142798753;0.2293715907833751
0.842851134651025;0.3598706782714045;0.7689894392624813
0.20227397251795587;0.6127095389928143;0.546948623971528
0.26408117692280797;0.8947536278778171;0.7083556522326087
0.6006157545343236;0.035706414902508365;0.1618188400042304
0.1515895210510294;0.5787241738439228;0.19550089247670288
0.034543966677371585;0.5462660687267088;0.4217513660248444
0.2556065304210533;0.0025910483782830562;0.26145048429345896
0.02146485823035771;0.343050000903399;0.19565051999426752
0.2507080761938396;0.04622637464214263;0.8324490315354032
0.10357682950735803;0.8138678256026636;0.3368125839244184
0.2876636936100404;0.0632288833906669;0.6806280082465676
0.12623290659871977;0.1893120561942908;0.5902947004945347
0.20686813001088433;0.45167100090819234;0.6260929209036529
0.5925583388703629;0.6206149800515505;0.7890916316809915
0.43059781902817784;0.178238936655161;0.24514915669093318
0.03959301622489453;0.0541255019885315;0.5749769538898124
0.8547900946095469;0.8241682745009953;0.47731774574099906
0.07570784015008691;0.5934394604314494;0.002542323587720663
0.3808727461102235;0.6162976069105164;0.30129188350050684
0.46624843795683757;0.9557711633231102;0.5307589115814096
0.8021303141908919;0.9641408823044589;0.10276200909798539
0.5662724955282771;0.31496184153957696;0.33132315357465625
0.8833555433673729;0.06452547025715194;0.22680055983192515
0.9495117925022601;0.0460854555473621;0.7715126428145583
0.19630720103338406;0.9498190241344293;0.3722476909856238
0.3978670704613597;0.001386023261241709;0.30375589882319487
0.23564157742794756;0.8094989074474201;0.6608523755611171
0.2519728812960228;0.28635620711765053;0.31578556791299417
0.5035182107436836;0.9218970854496681;0.8612917676905333
0.03479154788593308;0.25189859680688176;0.5833354027382782
0.5364001941816622;0.5471401657763192;0.19252929911327743
0.336068130361865;0.118012144383146;0.35955259237048853
0.16538690879860962;0.28679460128189127;0.12591183226890945
0.7935277391167974;0.8602496030540137;0.938021065703642
0.654820537105595;0.8016034345976206;0.367414731821855
0.9068185556491952;0.5729733948346176;0.5645399869404572
0.17024419631864063;0.2948729925918161;0.043357335953454035
0.7173135962259894;0.9468584966064123;0.23070406125392906
0.1291660956217332;0.055586708779671645;0.062321022109376956
0.29992109808644096;0.5128158435313493;0.740340182311996
0.094410138859231;0.4641299552018344;0.7335608162174493
0.14932358657646538;0.7120722434665024;0.6178557572281441
0.2157803812885839;0.09194540517692729;0.6161849885966019
0.27697971684879785;0.91179573455934;0.9710947110456902
0.9785196908237878;0.9934879023606189;0.024577652647624904
0.8175234001937205;0.9707581169458062;0.9628788257694783
0.9132797356634385;0.4074109725898202;0.03537834322492561
0.32410163071568576;0.11405420767344576;0.7179842579745054
0.8505292458071485;0.24862242001049095;0.43067057074944415
0.8401036114278524;0.06794323994109452;0.996617353682765
0.09716262636721362;0.8601805280473912;0.31583985665804215
0.5757717181689188;0.6507361781999536;0.6704975004629503
0.9996263462238131;0.7959472029259472;0.27709131402962706
0.11540776745768899;0.5160734938895888;0.33889382718773975
0.6032314297474071;0.5407139624538032;0.5801648377360442
0.95120368439348;0.32353366455195354;0.9715818978506965
0.9865928242762197;0.12491765421882495;0.4174786403868127
0.5556070147311138;0.7400944782551059;0.3828959444253488
0.9145342031721662;0.011087970761193167;0.27230111369356425
0.05615620142192668;0.546664132872451;0.6647612646509768
0.6220145970307216;0.13343806312218598;0.8277100047709185
0.7433973821996629;0.07396631270272591;0.9892716393631484
0.04182815084060065;0.9499578833111678;0.8268323993341645
0.057851553502681785;0.9414234777995757;0.605924328698642
0.24273114016854158;0.32065499880987547;0.7905309563205821
0.5282248913241462;0.12015096581570206;0.20508827190225387
0.9538119524608193;0.8455043706319342;0.7716699718058111
0.9031686160396;0.8416219687501725;0.693755302929467
0.10592865163125531;0.13811189483096187;0.20054718150257056
0.48564875142887765;0.9961089875601127;0.8882083260609661
0.670183637071205;0.41835709941385935;0.5776776343372159
0.7280552192109989;0.20651448530280858;0.8350411535598213
0.6072699732305146;0.6216926754226899;0.749112867798395
0.10086377550023018;0.28605934200466765;0.7843715926863891
0.13223757518971158;0.09680440372583987;0.17246019440973015
0.36835240827632953;0.4078254248828139;0.47230978542544866
0.2244575481347707;0.492237181899587;0.9981652503314404
0.21625263220894264;0.03900046892649367;0.7758019055177514
0.6846331897665852;0.4555280691464276;0.25740378015223253
0.2544595840495142;0.7999729298054151;0.7227542643730962
0.7398980820458585;0.5136576899101924;0.9004603780084691
0.07010947320726735;0.2313602002177999;0.939857633918245
0.32828997294230056;0.930552180925669;0.7275114938721478
0.5873023830371408;0.8457556288185178;0.06312595481084404
0.8788030042047359;0.9080044497505092;0.9624428381898024
0.6727024513550928;0.5788622104324198;0.277044992859489
0.5645971056724025;0.061298858009503965;0.05638368664737381
0.19432204335772352;0.9100511008460263;0.066242371079824
0.19911425459725984;0.9888103939951706;0.4970128757169895
0.4269812396747491;0.6421961688059975;0.4861374053877082
0.7524645468924592;0.8422626981307882;0.8506535138955168
0.6737501610814081;0.67520545599213;0.26281449587202066
0.16065685554693354;0.8336075583054195;0.49439689638861817
0.26451647994056837;0.772111334128603;0.30436734574578284
0.7389946345800659;0.944613444247511;0.1854753150673666
0.7125158000547466;0.42116779040006735;0.8216443730173943
0.4709202989150374;0.13160410470034856;0.6303011925220916
0.6160084117281099;0.24108841812075854;0.31152326394930063
0.5363044771080077;0.3426382811828713;0.4288543750012881
0.9048050648609317;0.6149548017337503;0.18798217246143667
0.883783241662389;0.9645230006561367;0.5767365296851691
0.5674163649047543;0.20452887419598398;0.6491222406261498
0.5663237057154391;0.1689165215786591;0.8219814776467282
0.5447354043071234;0.6971070294272897;0.38382646773532925
0.266730848311848;0.9550129716838921;0.5828113129648484
0.8587006651851355;0.8498195397302692;0.3764076983404383
0.7646447128947252;0.788045392879708;0.24095911550299476
0.2371444494275411;0.6338462831483318;0.19706207251043084
0.8204243662504974;0.8657183860114633;0.7479574255873221
0.8414620499069629;0.3137752772165595;0.7048869078638282
0.3333683620070719;0.09349171338674445;0.3278236966627879
0.34669375462030905;0.7610738227361036;0.32149443898210683
0.6972248743685489;0.7081951748255008;0.1229080661078924
0.7184391942923629;0.8558760426340117;0.753519788511605
0.0706368110844906;0.35299600675511156;0.6141108407390234
0.6939620616752598;0.3156538775781691;0.7344804762029103
0.3871133875419117;0.09902569670224626;0.97117045535943
0.4799770778434632;0.5251195035215636;0.5086119558715487
0.7413903950435268;0.5599989132057235;0.8137720096815625
0.32888036650901964;0.1733395900339867;0.7693589127586374
0.9310906931954931;0.17454011238335576;0.9760055508109643
0.37391059091564394;0.43944421806508616;0.6843133088649938
0.09349432861146068;0.1269479710150293;0.1601245747014749
0.7085392703211473;0.9297964418268346;0.17561766006390234
0.2949688172371343;0.6141208165215238;0.8740600389833039
0.5468740784227227;0.21085937834835478;0.8406891468208889
0.8423963040840705;0.10903153221665574;0.36209252480888265
0.8954420420357567;0.11946082775423839;0.9787490226929368
0.6210195624024676;0.6585466961856189;0.7637753363822761
0.294987109692755;0.4770143736028747;0.42955076836861705
0.18298337288510236;0.5278016852729877;0.5758403528798954
0.07282208316100802;0.588557747778591;0.3399435328985956
0.7258213583178279;0.5241538528107267;0.5385207389213142
0.2836844445913699;0.33354187340360175;0.7107488444953111
0.043049212734904696;0.5416780833957295;0.8402874044629779
0.9381302176143155;0.7341351582280209;0.5710820402169086
0.2325396936924421;0.6657071814765521;0.12687031248051928
0.6160715881759282;0.12880857876286367;0.25490916073269343
0.24645903960176974;0.047906967891081065;0.8580283533228327
0.5654460859003647;0.9257746600287053;0.49199185024912573
0.7206982958438121;0.8622656857876629;0.4627060263576551
0.07782098548654037;0.9580616913393043;0.3040250276062151
0.6011807221333663;0.3316830858278569;0.3467345695535188
0.14839920794282013;0.22565744339735883;0.685138181228688
0.830586019554909;0.0682644777205964;0.4927592732817766
0.2987530529102126;0.2366105223747187;0.30762738973774706
0.5928384297335979;0.8585774259269827;0.16630972203748862
0.5984475563192833;0.04371728373960071;0.6067147022469707
0.8566672025547659;0.05566904379299997;0.5835696493846131
0.33341007977484216;0.8635408173293673;0.06306891486660526
0.9466898876280492;0.11080726549851871;0.006326340792407015
0.8700908790985518;0.4018226057300107;0.8001557343424675
0.3887631536503514;0.5936501320823397;0.8423615345713932
0.7639649770818661;0.7675083034869974;0.15677534787460834
0.3795884168225071;0.45143623488744866;0.6273165562353421
0.7946113482455949;0.8237925534823559;0.02125638554515208
0.5304790204335471;0.23507547444531318;0.4395556861766349
0.8034193949717113;0.8450939387317832;0.3710537331484357
0.011143295417293309;0.8440035621979237;0.5477656273397029
0.6908035623344132;0.6424969673403955;0.12518119961352236
0.02899683854873447;0.41641257937665577;0.6048062947354111
0.8758846704114117;0.40065014793734965;0.7952547369932254
0.4584253932655451;0.12967662530954616;0.7229204340700978
0.49186932678084994;0.3560916549537082;0.3560808943754693
0.6218406587692378;0.7468463585739474;0.43120862022446205
0.656422289654008;0.10537582196309125;0.698624398355032
0.9881072700446293;0.96713274213348;0.36486705409587084
0.7154294488366811;0.28900631177278446;0.2621556383951057
0.014850065990221983;0.05148221459471114;0.9887844439199022
0.5232317830109334;0.19971822652318771;0.7003091290248513
0.2415463364502567;0.24052602780696575;0.1949507617830316
0.37370533256608307;0.008205237739699722;0.13440255505756482
0.14574971886400023;0.15006098453975814;0.8673952584220362
0.6281084779481234;0.9414023458369407;0.9392873532073813
0.21309854678918183;0.7522239113103806;0.7514969234166978
0.9939067030593247;0.11587469309697473;0.6148928011439696
0.35022341021036796;0.5214281679236451;0.94897135815534
0.35098579824867593;0.7341040860345424;0.5033532125389064
0.5058868007866137;0.6714309628331607;0.9509667266337472
0.7600425390449465;0.7003085043953959;0.2956009301818795
0.07023832032887867;0.00048341223849779347;0.2802071358642326
0.6976939743189091;0.38316983422418094;0.3247883486435531
0.9349458753947419;0.7479050110526714;0.3578595097853211
0.8367306419902828;0.964458026212763;0.16139691618962282
0.27276169238109427;0.7906894540724997;0.09593916857190465
0.8534982813833764;0.8417963031611163;0.1648635584503968
0.8939623726314938;0.7964627757252781;0.24814301499915437
0.42239885017360024;0.9016493734629281;0.32614677450526863
0.7877689969514811;0.22734874149115403;0.05848312303488323
0.20681618042199246;0.9478054948119722;0.40484038706709946
0.9368195759458835;0.019052217400443605;0.4433422104184863
0.17094499552893572;0.7891670332530655;0.8883953424041502
0.5996755627143345;0.7484120698334754;0.3455109225596419
0.8801426970249331;0.5292310790080796;0.19978929991301864
0.3835388366249761;0.6644254185248623;0.05660135091653029
0.05321546943899602;0.526939983746972;0.23089739357488304
0.5598969883283881;0.5425165434945536;0.6681376647802777
0.7301013596742688;0.787245562933302;0.22036747797998868
0.9220243005554201;0.2500208943101635;0.27982425207093464
0.5304893679817848;0.1716921523044711;0.4198139957658459
0.012743812959885026;0.2521487756523053;0.6399347398184093
0.7627069782625685;0.01866388328769486;0.4068673727184956
0.641226343113727;0.3192496358846685;0.7386239375961485
0.503298149641496;0.7396363197728152;0.15200811361645783
0.9304461995204756;0.8049646715917075;0.9161631127411133
0.531841974483048;0.2991388398601966;0.09590143569344001
0.598047004101892;0.1953905009244591;0.2440988989731132
0.8850238172674149;0.6932050784812445;0.5692628484731846
0.9999538888787752;0.4561900519306745;0.6660262666471454
0.30016264116475866;0.22386475077158874;0.7601781260497426
0.3533352738168929;0.17428332688097858;0.001186877129512376
0.6005594579910731;0.3509388341537152;0.9725476581977609
0.8977555087807297;0.9508726701519384;0.7816466792140507
0.468606394252841;0.0008367606694775764;0.497405993700924
0.644468354341078;0.43377430635403014;0.6983631905110872
0.601406226666814;0.433173744209859;0.936030480756433
0.06713526684675397;0.9991267181396842;0.7534253893252318
0.4841729074980258;0.46683233755822184;0.512126261150319
0.6796643304548302;0.32324927858813346;0.1455802983941934
0.5065139958612062;0.4688783720402022;0.47468563215594617
0.7358300691358957;0.06258517847320222;0.09567491629475566
0.15965105784385691;0.04689150857601021;0.690795072577666
0.6054516751340957;0.6213032595716077;0.18753521120125838
0.6585292900666581;0.7859930407757202;0.3091294380797459
0.32646869436137615;0.09302514190614541;0.8005159043765682
0.0766796953919534;0.12708254165856814;0.04565858443900561
0.3903561701478291;0.7881850581039453;0.13553547506160113
0.941137742374263;0.2879911642384174;0.8425003988410723
0.8582194214067337;0.750083551756191;0.22718212658527148
0.6981576055197478;0.6159467358826969;0.42437027978491726
0.16507960613523576;0.4329417963631431;0.5244998994705005
0.8869592294131877;0.7571071517141137;0.19232272802502492
0.3695944755200261;0.12796021374488598;0.3390600247477812
0.8947166295003923;0.7932844848108851;0.43642912117077237
0.9394577994721937;0.5302268585723432;0.38173486113789434
0.9651463517448865;0.4710914355889875;0.7981800458890337
0.2813774408498082;0.014814010536899236;0.16949917931020275
0.45153186295853975;0.06948397630249159;0.8332765180406577
0.7419362197097825;0.43034835957831663;0.7591076627432098
0.8387252542633095;0.9418656561678623;0.7690355647142177
0.07683027363283168;0.54437527125764;0.514990236462054
0.8150871086214002;0.43580625084382174;0.9785166939435499
0.020295951571231985;0.5992344766496094;0.9776035118295644
0.9162978704123835;0.21862940190516622;0.05573911633102879
0.5563111443593155;0.7660706034221011;0.37096948588016665
0.8382340760900749;0.03184657165700677;0.6361101370160046
0.54331614657187;0.8554447278196966;0.22998468358164503
0.9627676421860342;0.4501932498983804;0.03903653598941115
0.17062962188034292;0.0433009158880453;0.9088699894012526
0.8306298449762624;0.06470057615144742;0.6298069680952025
0.10169507965187263;0.46597865321208465;0.5965372299664027
0.17572773001617015;0.36258768318752366;0.9770093904212078
0.8872990390787221;0.001618624550450476;0.5749180204621104
0.9626133424974896;0.806996403942872;0.7403252841344425
0.01818975992840932;0.9931737070755627;0.9157135201814558
0.913929047944198;0.8928185342084796;0.9884075470884028
0.3394863723026992;0.3892538764986979;0.8688175312066737
0.504752389578998;0.6517738424929101;0.3481376791777485
0.5270668396665996;0.17173020172384135;0.9057433903064779
0.9582955529083818;0.6420140224076925;0.6252360288461211
0.3373711351136003;0.6089070314129706;0.7830093622274757
0.10512167612429124;0.48905635039627293;0.13215730213594745
0.6222592980677756;0.13756431487118426;0.9310409297120315
0.36969561904849013;0.22683577422417545;0.8650625151708735
0.19210756895641;0.9752151063128837;0.6467453677472133
0.1257651675125815;0.4308336246961325;0.20065607653587836
0.1766193686612061;0.24624373195308824;0.43139033415001005
0.8969096324518722;0.24291568166692923;0.4352834200112684
0.0046906938086456185;0.45420520831147626;0.7715462537592279
0.502757766898061;0.5939465302119972;0.6494773959514972
0.18461882914899586;0.37233955626364;0.31854684556133017
0.445234600859172;0.7834512412620143;0.7557264571361415
0.9417687360721062;0.806680518408526;0.878312950363134
0.15075078263547892;0.8916629440906646;0.07911891911665692
0.27541925895692565;0.5694032953997779;0.9656353626684092
0.14416370307505477;0.07272775929273045;0.17511180346796373
0.89548718228793;0.2404883586758434;0.27829552159071513
0.557784648061802;0.659582875219039;0.7887637076037536
0.18391897189343676;0.7598728928987535;0.2765566137393485
0.02078615657450733;0.10103032061499673;0.21358278073117465
0.1885423296944594;0.059938579534297265;0.23018256576363072
0.32723248198019705;0.6268418881061881;0.5421421221402927
0.9469062351408072;0.737414182326873;0.026746139885414966
0.20122255882971618;0.5989756439283194;0.15932468302925928
0.043137465713400824;0.467883481457387;0.9017416769678391
0.8708366589275982;0.41272042982995605;0.2844222717599941
0.25631878348311876;0.27050891589123827;0.7239092740091525
0.8316933464395816;0.5769945614585285;0.8743122725571248
0.06249011604409005;0.05049509786454387;0.0027601773136249896
0.8770818693924577;0.4253210735583891;0.5868500183936014
0.2997311224767777;0.7233579942754066;0.40097290384752315
0.2665998507178279;0.6766117768763825;0.18135560866510425
0.6779892542809339;0.5381479543203259;0.7375393335407382
0.10828417101176269;0.05867884400493806;0.37568283709430084
0.7500276065323522;0.40389400996769187;0.42399339583474627
0.1077227408747331;0.8177615229168725;0.42974299429520635
0.42199282356172885;0.6521767557759613;0.6473119618211128
0.29142603792527777;0.7677351831151694;0.0419373826344458
0.7723733660054128;0.8514049394352614;0.04151470472545382
0.4156174876377646;0.5755617204675377;0.2455377444194582
0.7487231427795817;0.2085389203351138;0.4900979281402901
0.2255661961642903;0.7265389752260202;0.00518045109462395
0.21249193769529617;0.703766401629843;0.7223281422348421
0.6487247086137237;0.3346732793548364;0.21764961531393068
0.583459054839802;0.4684304780851486;0.5310839926483073
0.4841521212448122;0.8158041071981345;0.8923341652070448
0.08168934649019644;0.5648136217065702;0.46810350807004475
0.29884782373902796;0.053019113473236845;0.472664233696536
0.35273701722722195;0.12502254179870753;0.018601953281310313
0.8240046986303499;0.061526827146204055;0.4314249718959676
0.44046427984902514;0.9699526723695321;0.6240839708747891
0.15983627441184123;0.3367871058064694;0.5691861357172715
0.4888494829574751;0.8032895039943576;0.5653667375381335
0.8588278384108455;0.3413950746270916;0.22863141840703893
0.7862993273007972;0.22650689103222976;0.40105824254513966
0.8239631205009535;0.9678176152786103;0.7629209889550295
0.6925668354177855;0.8105419625176374;0.6514477971001977
0.2638893805658943;0.18337083806256582;0.04557286482064593
0.33394635439933384;0.6999853397728392;0.06794716322012706
0.027186913238128718;0.5141497976715216;0.8572949151319454
0.2726483407628787;0.3109435780557077;0.4508639332028328
0.8143668057405166;0.7320479924504933;0.8165666229891434
0.3818500218528964;0.2922176616714718;0.6179947653403665
0.7426837256161329;0.8531231915107105;0.3557755627332405
0.18402693354979682;0.3489759528336943;0.13667959338538715
0.16855921900662763;0.7417911236709808;0.6220663814794188
0.9601594723090595;0.41919398976585887;0.40669661686899117
0.8731056769042924;0.9034192533466245;0.609386364781565
0.6686639514764152;0.5852675028928571;0.07572989183937817
0.5627938599402404;0.6687953184427627;0.7121373262764136
0.5560494607519718;0.7219630487107911;0.9229125455709557
0.35898074538580693;0.8010575742898552;0.6294089761795612
0.1703145999936717;0.8378230494331826;0.8392427609143804
0.2729972180515662;0.5089678504092985;0.4085107797291089
0.8805117076084352;0.12928637319426184;0.5123252435586427
0.2780769627509838;0.644014717254568;0.40320407521734003
0.9227931562445134;0.30304016619186647;0.3323405928152168
0.7872252598348324;0.5631279083507648;0.1446594217921543
0.18281112940248034;0.7018890297079373;0.7438046728598006
0.650553897076956;0.24832854769288026;0.10556675673810356
0.2935203040101533;0.4393346218187818;0.7665769909413813
0.3835946022906712;0.7003058218901417;0.12429296574771831
0.37981469521188294;0.5615652439398412;0.3361583555904747
0.7609538017554873;0.7021414117048008;0.6844777915862432
0.7437720472503542;0.747782639034141;0.29357733849307366
0.8306467073463203;0.9391945480705198;0.22436672470028207
0.8219486802820297;0.3755255589741746;0.8841416423545492
0.13572103593181795;0.8429306506745284;0.5379027482122184
0.7384990098329965;0.6790107983232594;0.5987266431730206
0.28246853164798125;0.479302312682129;0.14561208197671782
0.2541014100212706;0.37266139832708556;0.6075555494048033
0.6780021733841317;0.13607781193236212;0.3807541029377667
0.6304816261488978;0.5524983579894261;0.24133688145010534
0.5504649243418256;0.39387101021326554;0.929961740447236
0.13776841895901948;0.21182232297117032;0.7836977896657542
0.20426631577208976;0.02022019816608056;0.37347755022199636
0.23337489281664303;0.658366299089437;0.4386177322796001
0.33836816014835447;0.8987428947098902;0.7433578954947301
0.3773150066502394;0.10277895772998336;0.24165504049204045
0.5159042172032647;0.5351737326249162;0.5579879856278446
0.6840188491952547;0.08001260743930882;0.019024875713784195
0.05529811431592435;0.5202460296100869;0.8686180176224407
0.9268555571406099;0.8653787138788104;0.04872920468609521
0.05812116036785453;0.5379581608678701;0.9813110281446139
0.1539161862208437;0.2905051082258856;0.43058224671743595
0.17584309429738132;0.7916353072601511;0.3301385115193173
0.2802618500708911;0.3007385423893344;0.29037545658883757
0.690877807356947;0.34327964458392124;0.11520099473745771
0.960663905540448;0.8590638075080385;0.30861581062031507
0.2751399447047119;0.13788454259875094;0.6071745038424122
0.4786118219921941;0.854491395026998;0.5697761599864518
0.9511023163128282;0.05632339226856231;0.3343088446955914
0.2469553563996908;0.7274371198283355;0.3222646056802022
0.6795493354048938;0.539070908128579;0.8175495444749787
0.48937641540148535;0.732046799933085;0.7676242783056371
0.45339561434505016;0.3030074557292233;0.2602077608327321
0.4484326468147771;0.2786857535710061;0.308919595991036
0.5853549592817078;0.20900886545085084;0.40680526779677406
0.33738680972645785;0.8466524299490595;0.5731904648933719
0.4939347778974469;0.5709652256072183;0.6383154652712744
0.44653397290516406;0.02132124139917846;0.35991311647634827
0.4734276490739435;0.7308474396222058;0.266532141308498
0.17927138726051173;0.16868810609532459;0.3710349377919876
0.5743317747084329;0.27957523569331844;0.2277793615440159
0.8109987307906379;0.9077471915003021;0.16126786192903686
0.5265207426113709;0.655828084756116;0.7046903734522401
0.21358596049353307;0.16746337466026373;0.8811377430654965
0.5690131410435784;0.40367839439308817;0.2172645940914416
0.12694548794168337;0.012624188118704582;0.6060247380291139
0.9152731832125179;0.8599383398716908;0.5119493158000074
0.20093017610338393;0.874492863286217;0.02205992171467208
0.28424827809187525;0.20749157856377187;0.8486130114544217
0.7943584074384097;0.8175359468007413;0.41105109514197746
0.012249701641875665;0.3413273391452334;0.33165249198988045
0.8707405494624031;0.7276667943935445;0.8760005168655028
0.8843244459780131;0.5167877310100815;0.0856792770395447
0.9495036194185376;0.2672958257551402;0.878642450651314
0.40252102549527125;0.40261079430318025;0.2350263480690835
0.38604650599444057;0.9717079300269315;0.3075059104376865
0.5907468285672687;0.7456411195032858;0.5143471912758488
0.4839373988377984;0.9146194617804719;0.2588836153034806
0.26891060384114673;0.39500140482845025;0.051277487896901675
0.34161726065731235;0.842432306610631;0.7461414781569158
0.31744260954134396;0.5531639704447624;0.4294354131463781
0.9250298508486664;0.08687688093298618;0.5055461095125837
0.18388994838593087;0.2345161824793489;0.5968396366909129
0.8942198005482703;0.741338083680582;0.6763574848752844
0.8121116466353403;0.9092792733593352;0.07628587515464325
0.9694617250481289;0.9295074804446275;0.40001099227410775
0.8071014970354136;0.043032666635824834;0.06160845966548889
0.40260613556444;0.18828686875919154;0.8928755574070444
0.9794444867207064;0.026422631958000764;0.668084240168826
0.1440519916641294;0.09644681908751329;0.9757635488152212
0.6775165912605914;0.5530647804060688;0.366238603527822
0.12688926704279213;0.27060337222265884;0.21509109353224143
0.6113384209239794;0.4412757141053081;0.34805863983089247
0.37432228541275636;0.9320573432894463;0.1917191490547937
0.6240872888657497;0.9689996317423;0.4550209897036249
0.22104950659625;0.0417955754408279;0.31312842447851996
0.052927347777152134;0.27183861439812684;0.19603212029551043
0.21962441935316157;0.7523687778083056;0.1977349936628442
0.4556739410638987;0.47176655057110983;0.2861660726592946
0.13313015328068023;0.8079281364934399;0.8318031895863253
0.40457866995346814;0.29169807649859725;0.9976797791921271
0.5642372955463856;0.06580052370900935;0.7535452622746254
0.6486845888006767;0.7839968611111809;0.6917301275741623
0.9102456993114367;0.26683494811104413;0.6462210631662184
0.3519431196810797;0.4164348663684272;0.4441770143448629
0.4089979205899551;0.8904372931783071;0.7986178172367138
0.7729226864261199;0.9063653342963139;0.38010017312219413
0.20786061345390594;0.9503056941282267;0.21806389369889145
0.41694704156611273;0.47879781885387995;0.8410455205401299
0.5986818943913954;0.374789750261008;0.29892071940370457
0.4316237383420215;0.4772612741767921;0.08220233997246551
0.09974205135757697;0.797957303618013;0.43012550281706974
0.630799873933077;0.4863041434543942;0.06837304500333874
0.10016100323067023;0.32916906724462025;0.69144431066066
0.027501624461701235;0.7024407985603848;0.09296333764651032
0.3967031279626826;0.58747994111851;0.7588125973050736
0.09334912885109659;0.5381993290492995;0.045867417127996135
0.243771905725782;0.7460232438749155;0.6018701889249751
0.7970262592255463;0.912680637162006;0.04376476497479431
0.5206942723919757;0.3531663688756085;0.9409367340419118
0.16361596211384266;0.5781593650877586;0.10100873854355219
0.5301205713709797;0.5073896554390416;0.21767254679022063
0.572927733820641;0.37318588774432926;0.7889562126244876
0.3271222958671425;0.013085407672048133;0.7078172994988748
0.2820503844231742;0.4893676337577212;0.014357622433783135
0.4734866756550151;0.8747341449948828;0.764786351187094
0.0743872252361768;0.4191671147981362;0.08734656781801209
0.9417331099071028;0.7058343222187832;0.1460020538767527
0.556175817936327;0.934088065583395;0.12092053611410292
0.2344735008557608;0.7463735796815116;0.7286256275607731
0.5055067681798251;0.6151926924005457;0.43512478393665033
0.710052041126154;0.25657464424684584;0.9238594922583646
0.7663899758723861;0.22884479277680714;0.9842588284732519
0.3168551042741692;0.3475830426451374;0.9483931622041267
0.7907837801703557;0.2846636193601837;0.44718567753389216
0.4419424285513919;0.7794606192192745;0.1763432804038969
0.672465720787909;0.3370318607801177;0.3841535831827284
0.26836691355258857;0.04849956071215056;0.031113323946696525
0.17853436652460575;0.48150695841282354;0.9144383033353425
0.6621155368953305;0.865145150527794;0.104048482414964
0.5230560010516024;0.4358807201403737;0.2538340997194952
0.008430664890835216;0.4723042365695479;0.43977574159174304
0.9193170973357396;0.28264797774580297;0.8879872072484176
0.4821515418444563;0.9200346616416384;0.33551107197479035
0.7269760711928572;0.2172748490889973;0.9044565924334456
0.9168129374172316;0.7715230720674936;0.8564052907775137
0.31725315429426304;0.10806873539547868;0.8560681233590723
0.7769935732465547;0.682650538747488;0.8413470891709532
0.239916308619044;0.7677806166298154;0.9159937924656006
0.4957973564945124;0.11086721771195529;0.8876056684478658
0.7475414863596923;0.07042235664374619;0.9778011525542806
0.8932708897960401;0.11630784749178158;0.19104241416507772
0.9198300230779576;0.743342111206081;0.5436702237768
0.9267460037363077;0.8364565013545552;0.39385854956459
0.9899528284686753;0.2765922546586651;0.5444233095000672
0.42756899016039707;0.2034761488128144;0.6759413618539675
0.8571965430659534;0.59027263809046;0.6474758968400249
0.3235891410586401;0.4902955489275127;0.34443768734558944
0.868163628345402;0.8153478002841338;0.9077136369749327
0.48152897150666163;0.9334524579825139;0.5123656110912018
0.7221878263997739;0.3561169330061673;0.4925914831049192
0.7514125739170151;0.17807486230576008;0.37852348197836094
0.7331703228127229;0.793582532101514;0.9644065722276933
0.8963539135554754;0.04417511584394973;0.8631836870158079
0.2755993400640038;0.5609220977935594;0.7035848276330017
0.3029995658209309;0.16436917326878708;0.598473758355697
0.09493899052831323;0.4156439141528946;0.7400154701577418
0.15891005969486993;0.47473579630659224;0.32297540328222984
0.6227007457284962;0.20061725276024156;0.8986238886960508
0.8017807536137148;0.4232778226380145;0.5019100110453024
0.8196948354068562;0.037112518192559785;0.5260319642253827
0.5661614243353612;0.6808138515084946;0.5368116198917418
0.2070096949277539;0.18498384645977795;0.6136579735781781
0.12528402100395697;0.057359751147478266;0.354570388083556
0.2759450716212456;0.4796944325396739;0.055325401192741985
0.7674073235986728;0.7947814303284647;0.7504040046596699
0.8306213551255539;0.8728709364394381;0.07249565159195492
0.810256348346995;0.7895753383924503;0.8832336462477705
0.996485553020126;0.8475732408370278;0.5081205265521606
0.6608744845437649;0.34880430581137556;0.3139807061434322
0.9740638087121284;0.212011962229397;0.3590346829626119
0.7874671615590076;0.7906142078643463;0.37179685624786585
0.7921075801141234;0.5423403650636189;0.0828910447976412
0.7651754324172368;0.15988503708452984;0.8698363110278085
0.786472358571405;0.6563401772794293;0.6349372858627989
0.538119057712901;0.3714907592087411;0.5576965335089566
0.39568077976961746;0.21598997844310086;0.9826690710858558
0.6122656130063152;0.9461714360713551;0.5810851131694679
0.3056027546374963;0.31920778304180997;0.7713152954057714
0.47531858584483067;0.22741046553030364;0.5957865473561992
0.8191303675746865;0.14694129911658482;0.6175475778952816
0.7052863064102048;0.5637847381953182;0.4836750831166997
0.2853268510428173;0.8885979522571277;0.34074371752350663
0.28573697494586237;0.5006711858343511;0.3393323455730558
0.9016326597469467;0.06525517741208753;0.8923866773321091
0.6997882374746626;0.869964983510614;0.027350767578563917
0.08408894307532788;0.4034147707856247;0.900919322101535
0.04336911157611334;0.7833271316775727;0.8272278103146943
0.2752292325304445;0.6379917620932227;0.016943533124427868
0.7372305816970193;0.8632234605867303;0.7774621483549011
0.35447084100857207;0.2740495831697347;0.9651653236214512
0.2842677051628324;0.04250162586176953;0.7052975567817923
0.9014878478075209;0.27196336553515954;0.06972702175204026
0.7392201004178817;0.9858236588314769;0.3352633359117927
0.3071446129325157;0.7773846695004586;0.12026578973783575
0.578189043411278;0.7927438079408311;0.3441598875176328
0.7757586199416394;0.8862267953346699;0.48209975479683176
0.39174713094808045;0.10991440249190731;0.08950413385586864
0.07433040057676121;0.4630929099409299;0.09888277897367115
0.6726086994046764;0.9918211617893208;0.5082282411011695
0.42534844978558406;0.245608680641487;0.1981573195033729
0.1217079984364543;0.6014933060831139;0.6865471095656853
0.5962536855076552;0.5759304641616417;0.204743418618478
0.7171948472317204;0.5691776803386875;0.8084196525790749
0.13401454345135544;0.6207621709840839;0.7563361564360817
0.36643082865993803;0.7229301361383697;0.6324756197665424
0.2995748240029614;0.1524298381813054;0.03911139238518413
0.45728738257667556;0.4913216382866663;0.09797253833169794
0.981781024634044;0.047275571938661276;0.6411997527715265
0.7730002397666904;0.4744664127684861;0.4813748275977392
0.7938671984936185;0.3595509148026137;0.11344801320722275
0.5610129561876511;0.8728124947111321;0.2217177736918602
0.21559476276373446;0.2258598668344265;0.7290985027103221
0.9075183104447013;0.9839546884409766;0.9700499351543919
0.6346829185420624;0.2484465823150147;0.2786220750620436
0.15863960089884854;0.8837566690850431;0.9013013537721252
0.13165932905399946;0.1640396031553495;0.24813747195355662
0.4932555712999399;0.7816901816414942;0.8724453854366145
0.2784716867448457;0.5924237483919664;0.40063853105769665
0.6847329201574084;0.3120896919338023;0.09489354274709527
0.4584669953052516;0.2714720542317547;0.955640283860495
0.988558808952432;0.7195242091858592;0.7163053306359665
0.8973283425514883;0.047771299279677604;0.4877385960729552
0.1319798102839006;0.9681568406620349;0.8219584069115952
0.6310997426805629;0.7811715427709311;0.49731136704422885
0.21013454343963656;0.24499877895956002;0.04966844595480191
0.3450449183332708;0.5639039482249935;0.5182613483503191
0.7729646370491994;0.8137948089238219;0.725915410158685
0.2740173330528821;0.416725966827997;0.17066791444470775
0.015849231253678542;0.5698285312384735;0.15465714207687675
0.44580419692478057;0.6701070949285548;0.7079697658821911
0.8841720642013808;0.6598712326201422;0.8678907759024457
0.8126273934492142;0.9351897173974341;0.47553469388394065
0.8875733519327454;0.6283747955131804;0.1782492352998244
0.8698436475812709;0.4149182500315184;0.31690364943161153
0.06082313934721728;0.007685540654483902;0.45357706408493337
0.5484835318580366;0.9458182584588154;0.20838585410193766
0.11879932896526335;0.7527703578391588;0.15406534095039237
0.4380627372891335;0.2645688720280852;0.2841379665478302
0.8890099188943342;0.6066933673575999;0.7547754875322498
0.55334213154765;0.5038873432824844;0.6546099455090992
0.3607051228828687;0.03680116488180463;0.9736900722367221
0.008397693947787443;0.4906801819604333;0.6330054732891577
0.2829255497594212;0.4087138489418315;0.8282634152686892
0.8847473959230437;0.8265127079821353;0.9250542976560524
0.42532888717179274;0.4716631203790398;0.944631712103733
0.6377495570827173;0.43883071993619316;0.296913974942173
0.33798315020380854;0.9534189393692145;0.36275979470378183
0.6063180414325126;0.4229003738378022;0.4098556087622863
0.9271749428776507;0.8172352922658759;0.672956823452618
0.4156099784244296;0.10341490517864882;0.5674660471507043
0.4866932174104399;0.3077174629814854;0.5340961327828128
0.15417464387856183;0.9012296333012811;0.9935880058750942
0.6060988342278903;0.4925758352895565;0.161770430801359
0.27086243543176836;0.2734435825431334;0.45371505710103677
0.07862956959634859;0.10255056130712425;0.7449793547887716
0.8928091888995445;0.8365634571607127;0.05928414752021405
0.6239085240647527;0.36988291946497776;0.505616075226017
0.008233603671477518;0.9552863639356216;0.9088223355579029
0.141590646331898;0.026372043758823405;0.5311341944837902
0.9654231348869142;0.9090387339753574;0.2481888358981148
0.7619991317305665;0.9672701680464454;0.3054297453123598
0.3115567304477139;0.13281093064869143;0.8063831235184535
0.1813705149392142;0.5206860112994542;0.23133081525936483
0.8935062625088259;0.9239810443167537;0.6206686544920997
0.9969452704796066;0.20184816412036533;0.7590285346361596
0.7006476125564076;0.08147836852967572;0.041020426575828384
0.34935711541678405;0.32510949260067257;0.8471618725677145
0.37937383797023116;0.6115005077557596;0.0030345275328182986
0.24869200523021406;0.03548318845834131;0.46398181151123163
0.1919760836583545;0.8178080468671559;0.5135050657960978
0.13198417899743142;0.6592614448903513;0.32428892100539053
0.2912803549741161;0.1993535885774026;0.029139260600466232
0.7114421771202931;0.5641704533751225;0.7648110517388073
0.26149535648955413;0.01533810911437039;0.22570303489473875
0.3824215664820054;0.2833376356000694;0.6158882670548894
0.7598829813822721;0.2441461822321751;0.8139224315905041
0.4750085058207216;0.8135691426872619;0.35177750341768954
0.3840914080837916;0.6852679185714621;0.42456224969904854
0.13078307015254498;0.9910432342245902;0.38941276343337716
0.8410153453566962;0.5124683467729384;0.3341614751960962
0.682333554727814;0.3411012035746014;0.025006351881062927
0.8847339343287657;0.1173543598297534;0.32638401974103426
0.8198801492282938;0.10027506292462207;0.3862532483029484
0.8483957734597405;0.17569560076190616;0.7218179013677162
0.8270023886407701;0.250446227942154;0.5154578163092185
0.9089012474712477;0.5369135550820762;0.9397505736188253
0.44401477704849546;0.5919061713895397;0.8366343895277168
0.9906102301539192;0.4592734091468823;0.17356573853403034
0.8894560864784786;0.3264172997782645;0.3847513654649152
0.6283659124922583;0.983030524070818;0.08317500979176373
0.36407513053066565;0.8945360129689374;0.5538570494498988
0.16906234457967373;0.07031481364006908;0.4715402759252263
0.6260087636734942;0.2539316176666586;0.40711271676799743
0.94013246819113;0.7165466406753936;0.13438184999873404
0.776777944645687;0.7865214405748078;0.19742291765474862
0.8886863075128423;0.06246403686919588;0.6206491071526756
0.016729128892017053;0.5577600258316783;0.1811279201633097
0.0811555523916947;0.6579322312441596;0.5471987530199955
0.4298250100332264;0.36125871775448426;0.0982422368569894
0.9361728391241853;0.29867735199936374;0.053926143198053444
0.4561223465049179;0.9073036846094809;0.5354467836666752
0.8011755380722725;0.1551833085730714;0.94568033394149
0.8484223515002326;0.7816779578817071;0.3302839668287866
0.30115761713775613;0.04804102795599419;0.015989998924325177
0.31531112668885075;0.023984467855766245;0.0037454197124103805
0.19341763385452837;0.25567409935555707;0.26120189975246244
0.5392894012111723;0.34717827362032005;0.4800774106470035
0.8864626641443644;0.9082001424883499;0.8988057863009219
0.10906136922597998;0.737734992365456;0.357310370644662
0.46473393144953035;0.7510509031367382;0.041946763750884464
0.2502500333458517;0.8137148600144264;0.5150782760666095
0.7580602785664821;0.3044285445239525;0.34862449281308383
0.6598092350858722;0.4543799483105002;0.3528301267734185
0.5998299934402985;0.14856283305079931;0.058372497381512733
0.6108798657881359;0.7146453851616751;0.6550705193389772
0.210002107890216;0.14013184793571332;0.5021400682652835
0.6458922537695032;0.7953925681094504;0.10617432369296154
0.5231868116798921;0.7672427098958741;0.8643579732489521
0.6577503677515953;0.24094381680960641;0.3919898961598466
0.5868426528129939;0.44784541476088024;0.07803066055980667
0.5124232209347321;0.6543316652592143;0.32717768295427196
0.19883280393150105;0.5769586773795969;0.2934656987791353
0.6689666095202332;0.13246544943740546;0.127449660173375
0.19793711562869065;0.9938376666872416;0.6841437112914578
0.36514385182659237;0.7512115495197391;0.812055827383218
0.19619636280498143;0.2240512408718477;0.9407596181325343
0.5373907962013039;0.47330398414313524;0.6428586285718065
0.1724053145713479;0.832837109138867;0.8160648348826991
0.7085711783217146;0.6731439164028111;0.843953344159172
0.8148642093072108;0.56296184900406;0.5439407199446629
0.9327037573332729;0.5629429655038128;0.24683588008627477
0.7520139394135107;0.17330333049885693;0.479634609687392
0.4038668092964982;0.5226930385043456;0.22698199868290547
0.7662940682424765;0.8931157724408794;0.14383211705653853
0.37960132339892894;0.676307362538708;0.010213703289747467
0.32509106377966723;0.46456357849076346;0.2844287488776982
0.583291011481308;0.273987347929013;0.9534566096039371
0.8210359901966714;0.2792000419730789;0.7375314470871096
0.46313808298729753;0.24129726052064415;0.24753444471773522
0.6240762329360949;0.6806637157653634;0.5478762090384921
0.9403375536733319;0.8513586525225579;0.0009772215179593147
0.9029230252298788;0.7578722719063457;0.057517237474205785
0.3477951786415743;0.9140207426556464;0.1907670029072196
0.6643028830660981;0.6127768115268389;0.2702904053454087
0.3589169126181395;0.14169203252441476;0.5017540388061389
0.5441019468387653;0.05056141754631782;0.9801733392283731
0.41380004412901206;0.12474452252349466;0.17974712211600707
0.3109057420511102;0.4566253354487322;0.9898583684553354
0.023640252413417828;0.5577690450567828;0.3445381546091514
0.40460381713317217;0.04557178246328564;0.8097856791501684
0.3314681790746389;0.7614165302542321;0.1665178266902937
0.37772657313450175;0.35716678770424226;0.8037616089659757
0.6267486089335901;0.2657297968045428;0.6808987731812032
0.5529124218156544;0.4332694259537859;0.12114496882350745
0.9903151168226838;0.5194618714264826;0.5098332468942806
0.8339468171449304;0.7141495853068204;0.53790252094305
0.6545399908579868;0.992014486948026;0.6295089568141984
0.20202545266005068;0.4205729053029811;0.9566691145440226
0.9206788755989275;0.1743181079798819;0.23242250597450798
0.4600849708348429;0.08027648482361927;0.516619433182226
0.5376167799135838;0.48067885597524074;0.6541085316383439
0.4955624373104798;0.8661748578852801;0.8130039077461881
0.5991589158308732;0.35835497885692924;0.14750628785902353
0.02984018021100665;0.7421276136384586;0.7578532948944562
0.06951959703899668;0.3706075037670531;0.35499853624079325
0.5705340973980407;0.14593086842293768;0.9575209422466161
0.007168843351123444;0.5431562186316633;0.5041954697452988
0.6998036710765032;0.321969133952829;0.8804838412186318
0.37115158304763607;0.7255857804164229;0.9031319196923396
0.8225367106315365;0.4748763565982319;0.8248536714654834
0.567438619681165;0.07392990567948865;0.7343167767748526
0.04445265295099121;0.29463663493998726;0.2322414014952805
0.7848228748885524;0.030344586739092683;0.5768105561727012
0.7158188624441371;0.12039347457498328;0.020384829762858492
0.21844631757663457;0.09695438052648853;0.18098551520396622
0.6034480319867543;0.002919045657913566;0.738946745411846
0.2767590059383468;0.8332292507387763;0.5813561888361661
0.6220014041786622;0.6463812024731784;0.433918300159433
0.6300681865800372;0.8825610686393531;0.9901387918947762
0.5282932564872261;0.8984233085973369;0.027787140811725175
0.2868350520877768;0.9461805294045441;0.10628580578089608
0.16111353112536175;0.16495891455397982;0.08875985232928751
0.4027778837339643;0.44910878007492994;0.37461197614076724
0.27617579630984446;0.656496493977937;0.7471512422941299
0.5252109567183221;0.5152117835196973;0.6298150895351361
0.9217408711449359;0.5073748617635095;0.47251705099512176
0.5528444291326177;0.6961729566943359;0.22862593611686344
0.1863615376803781;0.9826949326340434;0.40099122749409843
0.10164836910469766;0.01545055251940064;0.1704344105581207
0.8763467010793673;0.6137142726679734;0.2748789213554006
0.9534729236133171;0.8058585005677189;0.340689112274303
0.13122666448962683;0.7590713805602746;0.12352832142837034
0.0365859492368098;0.8697940060799545;0.20856159210483116
0.5159205128522713;0.7618813087740955;0.0532755348711057
0.9972502755929744;0.9747628215030387;0.44515939770821344
0.6272622634178863;0.014125866786627306;0.1546366076524459
0.9784054981051106;0.44288357124892563;0.5525883878182397
0.4560470556914281;0.030762103051161116;0.026233019709929972
0.7529401543418269;0.3604281812845782;0.37673085390616223
0.4089092654378288;0.5832584638920688;0.7271546869620826
0.16715821860648628;0.9186255519044159;0.6898166369906359
0.16256833531582415;0.426313110224796;0.5260297765193788
0.5086635691398514;0.33874331310387196;0.7944399738930745
0.5461750568914425;0.7639441834290167;0.6188365113694226
0.3613064893095902;0.19866993431919766;0.15728543336760226
0.01135972524657003;0.49782656797506475;0.13934762846105953
0.18533331578571532;0.6155976012511185;0.4317723671752266
0.9961467979377217;0.9247731464979182;0.04770821023367722
0.8011536962971658;0.313725363234449;0.2510471817381946
0.6462193441631242;0.5975535048212537;0.4451609505856252
0.5256430874564848;0.7876522033537748;0.38303088728004187
0.3542632284482192;0.49749030283128837;0.8796746446165075
0.5597089556093833;0.9309554430066322;0.2904158246064973
0.6136543773357508;0.5494924025025871;0.651441629092182
0.48369099677448546;0.9541989262309706;0.13977934819707905
0.11812765831751226;0.03355976301430774;0.9145621062963594
0.33982703674531;0.4775447326654356;0.6450289750321945
0.6205839803855713;0.6809682289447786;0.9899651358419151
0.997004847097356;0.18014290352175788;0.2726238065113703
0.7301265295838522;0.6162017320862374;0.7599654182587462
0.6850642315724095;0.0040328294248744845;0.16676778124211677
0.042508565706900425;0.14146254091845212;0.07671711876029996
0.6849641530979721;0.6359820804445715;0.751460874059675
0.38502029218635925;0.5506617747017192;0.5721590458905907
0.372145168918646;0.9983207160864602;0.7102447236939223
0.44804411689393553;0.050634637168450736;0.6077319888018476
0.9380858674082555;0.47775012284856166;0.7304462410573749
0.7698730166603464;0.32974338359860755;0.7431194275177608
0.07791091978096998;0.3079251800376597;0.13623837692988217
0.26791119667032004;0.9624136189960605;0.19190798863676495
0.11896599201126512;0.8760275984870727;0.2913529110629729
0.3239834934773108;0.08771764445960806;0.04492600644726874
0.7132550666318509;0.3805971290716055;0.4141935725938314
0.3818035908751459;0.5768308761954168;0.8710291487374985
0.4235722979507247;0.739033708533906;0.170823789713206
0.6090757339397966;0.2659488170287494;0.6842643145371303
0.10024750905721069;0.31273946573663924;0.2466424187610452
0.7315044849541744;0.7227079338364666;0.2510305753150359
0.589309942559725;0.6229823661218499;0.8626804851764341
0.6312972217050544;0.6292203370660696;0.00572343221446292
0.1911526091336443;0.7362818830453451;0.626979957455616
0.6436539827614148;0.011799129552155563;0.6445183014915618
0.8860162806974208;0.8695915852195744;0.6077043789493908
0.2871951270345615;0.15406388165997298;0.8452774419945278
0.10980922681797489;0.18435600847168088;0.6694106929408271
0.5315878024292774;0.7007800118116361;0.15423744774821524
0.21017971863883433;0.28689542543586755;0.1512111378629758
0.7819031358848615;0.91087632457464;0.24170383753090596
0.4069916776945143;0.013535288204548412;0.3496302444649788
0.8392125046952149;0.6722256251065927;0.1770811164162308
0.3803377833138083;0.6688480527386618;0.581858632204336
0.19125112800739408;0.4555806894457255;0.7241022059051317
0.5513482097526763;0.32527775601012243;0.1526945426654005
0.8160551478040933;0.1441331247165979;0.773928765836745
0.7517909384084771;0.38007650496766243;0.1758941696882761
0.9178481387238384;0.4769103339726536;0.07485760511551676
0.8348717950342501;0.35462788029575165;0.3018940031054459
0.20661433284003328;0.005678681908150018;0.744073901764438
0.4592620405592974;0.8697243088891331;0.36162640279826896
0.9407552642729433;0.4174350097219267;0.7746619206715777
0.30226209158889317;0.5280679875493984;0.38385066706274384
0.82576890399427;0.348764272110738;0.3013649138832606
0.8251320504898031;0.29814331118773485;0.6231276179956132
0.055505055766021605;0.5605467087098353;0.5518345702375805
0.29852889346298583;0.35516497311882145;0.2886292884432683
0.17931653023669725;0.5793067207393511;0.5102936030233167
0.6085037434257411;0.8701860249278045;0.45567219052699703
0.1712612841966531;0.5033070467969255;0.33601299582607935
0.2544003529334269;0.8791170793276541;0.24827553516155854
0.7199531253358574;0.42835871223003497;0.6407063444886937
0.5353495832246574;0.10729576477594438;0.9684589573957304
0.49930760421998;0.645872208049482;0.31024315864267316
0.12261688647744029;0.8180289720178263;0.08321880359262723
0.36707278183223224;0.0822968141346645;0.6009478549287676
0.38850101747452814;0.9796289692655659;0.6911131386500554
0.340633707493338;0.9923234961612127;0.2785628643058401
0.6283958463748814;0.5510822722722899;0.994863664000312
0.40017656346977337;0.8118469481699385;0.34036683199160545
0.886860363634475;0.3029592991009221;0.5511092089446677
0.5383516511020104;0.2571838275476044;0.9858842163988841
0.263658140670489;0.718868339801336;0.606865071388149
0.34985395402540986;0.17785237269045684;0.482124942804553
0.7750001308963544;0.6507869652071767;0.43164822611179887
0.37405917758498397;0.587561052348726;0.22818843101491915
0.8505935618718431;0.9605881959968908;0.34876214556260365
0.5852692858242351;0.12052577377232099;0.3375753782672275
0.4321271047449441;0.1936133681203508;0.4570750183735981
0.5646919304785321;0.6842230502643711;0.2795125827227639
0.3911651566409713;0.7779564408316605;0.17452973857146004
0.6777566859015137;0.07878332471450766;0.7400087682158396
0.4654915272458924;0.039705053411421054;0.6176670464619214
0.23845391376035696;0.6924817069749558;0.24658953029888475
0.8378093132603975;0.14852091111033006;0.1573108074848375
0.31265825267947434;0.15656189313223323;0.8721751939743094
0.14272783060528382;0.000585242095688554;0.5661421312162535
0.8879548347805775;0.00923164116493047;0.35400362820041364
0.34057275302792445;0.48878521869608105;0.9836627782269574
0.6103471813799137;0.1844489355604132;0.11911762010403715
0.5473995242321423;0.6847082733892684;0.9255812013838534
0.08898597972387257;0.25350682469926866;0.3528848605358974
0.6111914093362713;0.6025067183739813;0.6323704724011083
0.09530400908231662;0.9073403967767691;0.02795735973670399
0.8610378684414477;0.7213722982263778;0.3171226598860539
0.5536695545658517;0.03661494925226805;0.7891707672707629
0.4133358908350815;0.47818863851455207;0.9879917851880966
0.35758616902579965;0.865640456389096;0.967222583655413
0.5560582293379532;0.361661831914895;0.241578680047156
0.6054998553751076;0.301957229382505;0.5325622450409613
0.3122381832327692;0.6818268788047639;0.01799398806153074
0.21511894320634473;0.9855883920625147;0.21520970185363686
0.5400369237068445;0.792387018623104;0.8083459005843918
0.9642727725610087;0.43034680259919933;0.823977510192482
0.5783036898051223;0.6003089672031273;0.5109750910499654
0.8061575795641611;0.3065150084506403;0.752822296160596
0.3361291384910652;0.8427457936192048;0.056469898046131006
0.7352555389366286;0.05953651650656733;0.48907044894786855
0.41030946364396437;0.5427315271780945;0.9666233787726367
0.7304202450568109;0.12423506553569896;0.8604529346388863
0.041836462659839535;0.5235109518314122;0.024391902838118984
0.03624239496294068;0.32498073486875745;0.8163195094299686
0.8798763831468276;0.9536309210375682;0.2067043831910892
0.2906566118626307;0.35405889692503445;0.5617840321686646
0.31173405756093964;0.30367096317794107;0.5600508652391937
0.610219204026919;0.03868113322604427;0.014409988170715038
0.21373560761971633;0.3111050314803119;0.8081823302188781
0.03750266648983491;0.5325391894491994;0.1413045211352817
0.02238587674126713;0.22654841134892834;0.3246927608703336
0.08345109531953332;0.5846009870020796;0.9172347380335973
0.41912700843086337;0.2551583058174334;0.3343725890170052
0.33352373071694186;0.7744374021269301;0.7336850196344588
0.12818010966181737;0.2539560939460438;0.09676617974613055
0.004174407935727098;0.7128212256909251;0.08727394013499745
0.7231844971068215;0.8343530532573779;0.33035040116163383
0.01876370425403351;0.7394186636022416;0.18889169931525862
0.4353442861773026;0.08963155113493604;0.05986560085380588
0.523460965978709;0.5228822698701341;0.9541441404993466
0.7467533548705804;0.4075824195000588;0.4679275870501537
0.6583089071678399;0.7236991091960878;0.10153711903656171
0.9624996907853258;0.4280254721958381;0.4828777773572651
0.1462438165528348;0.16346273951744994;0.7356714751599549
0.5882169970541736;0.9527610481809318;0.163246697737081
0.8422573102252042;0.26886329820423693;0.024511789554291674
0.20181618407450785;0.07044411087086577;0.472156895268638
0.07825396589866285;0.050258191221906334;0.0026596817292134922
0.6466616175903526;0.9172919463803735;0.3679143465161261
0.5411262405853642;0.3044299282487234;0.6533575316921326
0.5484644045264889;0.7648998765349201;0.7668174427890614
0.6295059925584098;0.5998040047761434;0.12202400629565147
0.07238172051900804;0.5729622634754278;0.7432898200525213
0.795424588637534;0.3733032460692939;0.15614056174251678
0.8327248176730011;0.20001485244514472;0.9090239912901943
0.9417579093231211;0.25939737341988933;0.627351911984148
0.06530601107458478;0.029207620586277905;0.8648999249207718
0.6652878990099712;0.17099298074999258;0.46975799425439635
0.34022763602782113;0.7048685677074084;0.03740638354707537
0.6751199892986883;0.22313048025810744;0.2355118494224202
0.33883412073362584;0.04427398265134963;0.2969254649075376
0.37175533198041766;0.461751446324586;0.2845165083557587
0.3752763857564615;0.6657788743580617;0.7531014477976536
0.8947324114737133;0.8682666809328461;0.4876544979783264
0.10936906062123442;0.7677041093094766;0.1612271940393586
0.736561062464607;0.5235845701070914;0.6487999063141352
0.3736063046211372;0.8572952248826589;0.05352749700064363
0.44552164961540663;0.7933801959711901;0.4061371623104332
0.21478499293753572;0.2736201851336416;0.7395263338324478
0.4017842081751124;0.19571345858406086;0.384140371599068
0.5359874555307372;0.10848633147822917;0.3927541368901183
0.774484028025812;0.35806636360389066;0.6597508144484892
0.46862053312454366;0.23972636920257828;0.2858288390207224
0.2702302179660522;0.9588020895194974;0.6544872781133787
0.5074646941947243;0.09210782832281028;0.16570747808430308
0.9227278198309828;0.8263204796932174;0.9784229206437486
0.7939565846929001;0.07283315830211423;0.514782877284204
0.7915240810934425;0.5844513627651117;0.05384655844659314
0.1898677543187398;0.10395735446884302;0.6547070701304067
0.025935093399241382;0.301893999033922;0.02902000940170002
0.8452153568683833;0.8986891701917885;0.6099643520753826
0.33176825587086556;0.42183103474638317;0.6178476984025939
0.32944324821328974;0.6385208922676895;0.407137503668748
0.8766004411563247;0.9043365529915528;0.1894606026858655
0.45243039010404074;0.10205914784622216;0.14115007185570794
0.9684261228375415;0.6001030320017796;0.327913717091018
0.7835028031408849;0.6642527161655468;0.03770142968561985
0.41863699408332855;0.7122349176677658;0.7963913784062918
0.6394884573154537;0.7504353095196158;0.4646768388672564
0.8694545079280206;0.09452740031925189;0.9142016382361087
0.2795977539996587;0.12402089817986006;0.15883868504315335
0.6223687284628716;0.49374473971575905;0.21783078620420204
0.6799717635585105;0.260380314434718;0.2711381215382458
0.6846400860860173;0.414657333036355;0.30082811821534383
0.7406162958959386;0.5761873803015791;0.9197407184533838
0.3397411834627625;0.8797575032953867;0.11576264039556694
0.357344664975641;0.454592356385488;0.08326222350622892
0.7457452247085712;0.7468961290754405;0.5536264253295144
0.019401257194250676;0.7386925961301398;0.5699430489926891
0.6988636664633487;0.996841884759413;0.5489569014976466
0.9862034807108573;0.9772606256674597;0.753929514431809
0.7621333712052939;0.23527100994459582;0.39768558966607503
0.0007303284498266782;0.283631532028106;0.5106436445499678
0.40116437430932284;0.04362475250973452;0.9199367236875309
0.8901301385626472;0.6766631641238066;0.7370929947341256
0.7106717662400014;0.19678610516646045;0.9197584390271349
0.327568364191151;0.8341762545520657;0.8292527478952693
0.42465496216418974;0.3065457657675159;0.7756269346736677
0.4429312515948691;0.6467517398534488;0.0736063771034986
0.13918536034849593;0.5168425388756177;0.8791960400121261
0.2663053023168751;0.8843465514224789;0.6038952098057699
0.7778158469843899;0.41739650304918074;0.4419595636350787
0.3276574867248019;0.8016671753130838;0.8443376513584201
0.2023788708411619;0.02958857331279119;0.008401233234932026
0.6057016898160359;0.6989205770904758;0.49249552318202794
0.3367696853460943;0.14503474323196908;0.9632768815549224
0.8212545503719475;0.7197436518406791;0.18928662119741757
0.9921407298615912;0.7192599776134593;0.1477219381615874
0.8921825787105393;0.741412885493734;0.8945853033189931
0.15732743242898806;0.9532790510650493;0.5169944370679197
0.17664371716186145;0.3241150669184938;0.06083267172267304
0.3605216843966218;0.4447933512825597;0.8145205262483064
0.6901456045774095;0.5857455552506785;0.6261747082510929
0.6813503435580518;0.13572356397086738;0.08647763546029297
0.6676125040491176;0.20789139365175358;0.5213736085074319
0.7000704512474201;0.08769551670677034;0.48134708373788526
0.04784119424022304;0.696209551561397;0.3888787218294423
0.8613984979894496;0.7199614651578025;0.08956439089396706
0.14924761103833517;0.4615840949830442;0.05726573072018104
0.7398807375145514;0.9454104124254211;0.6144261116283631
0.05203782017359149;0.3705448281389785;0.7449367627357156
0.6077253745002129;0.8062613395074152;0.6000184640980628
0.8982544132471779;0.029941537068741586;0.883319672379639
0.9700201395245809;0.21141050456518784;0.1350072033471622
0.3306822853467025;0.4120484047779299;0.17584110300350086
0.03743366776022783;0.49039548430394264;0.013582719993951109
0.04657336520822675;0.4353205779473749;0.8312208985600533
0.6473951058485704;0.2220236770340268;0.32338015330200043
0.545014307062193;0.2126733272387965;0.6033362137923088
0.17004796018816526;0.385222129656962;0.38831956533825174
0.7430499970231723;0.4512533724007184;0.2443589012401839
0.6665928156394172;0.5980641280492955;0.021961816999602313
0.7917207313323756;0.2880087848297034;0.29078424522793245
0.45482509653937087;0.6562597227371353;0.6066996397175138
0.9002072332653781;0.04119946436066568;0.038939701557826445
0.17011305990538106;0.1371909137364521;0.46820913911188067
0.7416516916393909;0.9228815599693696;0.01960322084073085
0.3325071163614901;0.8088700587332415;0.4347951627198523
0.7716123716621613;0.12564446257000494;0.051963476187833035
0.7932935320676883;0.8350113556963059;0.8632492708341899
0.6852143044440699;0.9553958727873375;0.754666838408664
0.4181662159889553;0.4789584868181387;0.8239742917739621
0.2010472409400449;0.3323186551066831;0.09848785404399496
0.4302961516572028;0.6495029149680434;0.7734395498969635
0.5434413034694318;0.5319030739162981;0.7376057376746504
0.8209228213618971;0.26320008508973625;0.15168602216221394
0.5458337715663542;0.6566471354363268;0.1284451020049826
0.017891746553385768;0.9265368369839322;0.4014497773378608
0.5096122907206145;0.7204509813701838;0.11938688974315781
0.8152173068618328;0.5105402054306973;0.1834153756793675
0.15525530190269377;0.7265440960116393;0.1456235478764235
0.36616925566978387;0.09989479880696794;0.13128647295497808
0.997928840933348;0.5588005319374436;0.8616115978373351
0.2647417881061699;0.20754279525121544;0.4544208189901765
0.6016021016360137;0.8755543893620839;0.7149158226046823
0.8797291174070324;0.11577935497766045;0.9384538285703282
0.4918733942783735;0.45072426954388467;0.9062589090397064
0.7613380890554989;0.8050318477295381;0.6396513226392692
0.4755459070620578;0.1722564170274491;0.8155542483033257
0.4937458621692459;0.672138740093219;0.1394453125864552
0.7695626226706858;0.05895598501485266;0.8098595908136278
0.11366179390248177;0.14349936413068098;0.06546767697649591
0.14222198720593293;0.7946822037435832;0.8120707889397228
0.8002457990165449;0.29679921306057755;0.6013093850547667
0.25991993152988146;0.2845564957905675;0.7450618421770779
0.958109249691288;0.4377484377506605;0.44296645663052703
0.9529850984832454;0.7778380851211568;0.19255290267246594
0.47208020514096016;0.9673561123671259;0.5580224673814349
0.6339382305767713;0.48857146679785113;0.4271289526715296
0.31125445999427603;0.2528457231677045;0.4341230353033987
0.20341562724648232;0.8106170134612037;0.7863217717027792
0.08492507503451807;0.6306430263320161;0.11526376583623865
0.8705054471413904;0.9457299314703292;0.029095133676252827
0.9451340269193822;0.8916233317895611;0.30896809424451066
0.31968520353138863;0.7384841933251101;0.3131092631271378
0.4875585326333698;0.9384021684790307;0.6230976623485488
0.9563864902750936;0.9839670430359305;0.42650115209811046
0.4771767491294904;0.30810007780844806;0.48927688444771844
0.5753432000590887;0.5245857707837756;0.48196410273976675
0.8137624533712567;0.1789860545444093;0.07673454982323735
0.7834817332462266;0.20725239529614448;0.4102708435205278
0.6624411515894679;0.01823969039980733;0.3881547690164554
0.8247969371094725;0.3782641651037071;0.17604874988071106
0.6437955887634531;0.31938503131783347;0.8369387564335775
0.6475311173014846;0.9602332348188317;0.2607243547123341
0.9460429347078868;0.17410093721232722;0.01583590177808014
0.8685991911259558;0.9488072436964697;0.8482489050281761
0.6991609368658596;0.727030714382825;0.3207345281850018
0.6655247798064072;0.7261512209291324;0.33142348113755893
0.5497963021877245;0.8828400943127744;0.23623717818976953
0.42829605337273413;0.04034016602436907;0.13440224847442395
0.03911794109500022;0.7197640468181724;0.1883777224980765
0.6556324558930652;0.06654833789524861;0.045246037239207615
0.032512974856648946;0.5258526341948407;0.8032842915431534
0.672543033487004;0.6964373514829795;0.6152654382631815
0.8029773639730863;0.9253719148797185;0.5764365714905558
0.4104162782126338;0.270248037637408;0.8737169027705778
0.11143169691474208;0.8199943916519664;0.7092319878005034
0.6406230381684522;0.22279546410052842;0.4896273894452793
0.6308716583202081;0.658602194568099;0.7380979943799126
0.8674199834884045;0.9203665885797491;0.4644794998920774
0.037749923488660575;0.7709943760897213;0.2839081671644711
0.7362666742276046;0.2446648877960872;0.9888472905991307
0.79980765079917;0.3883597320666736;0.4206058888205012
0.1872891476607088;0.5438439625892961;0.4505813622609063
0.7861657145448537;0.1009329057495616;0.4746193856060942
0.48646858390795;0.0408518097371674;0.42145311346313397
0.1864158418213655;0.8994501759508091;0.35303830375577705
0.14807148147554816;0.7166169431006186;0.6496517997759431
0.5198958768111789;0.13203658527729767;0.3071927839044316
0.3553324423424036;0.996091728045873;0.18539533985712509
0.14163250052080456;0.1570114940347198;0.391829530643925
0.38746158706559575;0.6274632912945279;0.03606965802510609
0.3647875509661376;0.3735449926770482;0.012805482716900851
0.6968764612290446;0.19858759436781948;0.3347042588457758
0.9090223073398761;0.05493756310624798;0.6134195785695388
0.4388335202904531;0.22191310962519228;0.33275354307329275
0.8785495202222531;0.4056878030791845;0.19738949074738732
0.35907885956632535;0.6956036754343073;0.5137618215015877
0.8985325381087738;0.5640841161552552;0.8272098125128119
0.4826522019098689;0.05396231422010889;0.7385738906256192
0.046664009356522373;0.8551077402128517;0.13182612573108943
0.4688939872257345;0.6882518727022005;0.3934976837060542
0.3748518953079941;0.599598883020493;0.5121502968106014
0.013463955986994236;0.039473762226134856;0.8122141095813404
0.39391673848107156;0.6452212583602992;0.3916323269844102
0.0708236732805142;0.5635435121457012;0.5133490138112764
0.7658013690438857;0.7159380301308936;0.9178323196547775
0.8853503537948411;0.45560727839218984;0.5540612022294675
0.8562146055780463;0.49927919206416627;0.4386524294328761
0.62106777591671;0.18962101889896488;0.016486849534199433
0.44322361862654003;0.5083605792477277;0.871441018955463
0.10965650969399698;0.07747423963046418;0.0273866205289639
0.964256710869472;0.8635797635766137;0.18844659636240435
0.9380775384794245;0.46209966133308256;0.5410910940610971
0.8619410250503136;0.32729664218937915;0.9118265610866656
0.08113329840944183;0.35739688791778146;0.1794636535293962
0.04900245818544624;0.3581279600967471;0.30132119006021585
0.6207747084519172;0.7821509451491259;0.20538199108180033
0.797972562787409;0.9810434255764925;0.8787106153486055
0.30376354954879625;0.23787814532300777;0.2369889918544833
0.7022210025813372;0.7689130476810645;0.8812615282784054
0.3260540824675835;0.38472809570230593;0.2966602970341763
0.9601811759800102;0.09744630856910108;0.41952725717640993
0.8591809379562004;0.6564135498250117;0.347382744594426
0.16814602206709772;0.3698412734270683;0.9542401360275911
0.3661812942993281;0.4283319627268357;0.6724396214866658
0.7020349176188729;0.6062095581378665;0.46962738106120994
0.9175545981090323;0.4265069171744098;0.4911717726740271
0.3259069254446928;0.8205005011682733;0.641364762741098
0.1769381065194331;0.948686266098828;0.9909881218551673
0.2112016408248093;0.7608905637509384;0.05537979706672069
0.2603103228695336;0.6614780860729867;0.012253087625338055
0.322907033720792;0.9434100953029682;0.5162400415130239
0.4892038667632478;0.34835269901755683;0.569529958811663
0.8383053375024164;0.9568485302907579;0.8345379225583662
0.9016194502054161;0.18183285915546854;0.6201571658096027
0.07160648088851873;0.8125583640951158;0.33838471100484313
0.20403460579243804;0.2599722427070862;0.5485958454248993
0.6947414601624725;0.44992382811937026;0.8261659785843459
0.017737062584603946;0.6608808545934951;0.5766198503998154
0.48666392362033806;0.44568094556935667;0.23219687595517235
0.374286610819886;0.4207788728789631;0.028000659729385813
0.35132810147772653;0.9218131274249858;0.8493713502316267
0.7010534035541388;0.49571287399278374;0.25422907280794305
0.09852312250365336;0.621171645632285;0.4866493629972939
0.7569031391410987;0.5338081122745033;0.8326649483648016
0.44650780242710497;0.8423419623846465;0.9128316915935655
0.8907330628997099;0.5582577911945086;0.24608505865963204
0.9795969775358127;0.5946121249457285;0.022027855129878704
0.4756278258961891;0.5395636317416301;0.42043669627410185
0.4488032957333772;0.4251693800274883;0.5941420780361403
0.0975515766364512;0.10379398409173135;0.9695094602093246
0.2778766918218123;0.585506914834374;0.20686362991981722
0.5082389552710951;0.3979776074155974;0.20952222258220676
0.17419814498661257;0.09343662064275648;0.8951626678611684
0.20774816976413701;0.09825235489329309;0.011533686908535734
0.7175523809070259;0.14833212796352635;0.6663997104811208
0.2598840126261962;0.8846083579468216;0.8865028503035948
0.060738133715696474;0.5466253921736642;0.9096262359168085
0.327437205243165;0.051194313113506196;0.9802988163046661
0.2442827495799399;0.4310250942362144;0.42364485911262206
0.4178913518825802;0.8486210123802977;0.8841804684640145
0.5683902444843703;0.03879439653354799;0.30317672784098093
0.9778121877672286;0.29184059808776996;0.16053673525557766
0.8315218142575963;0.28870271111014567;0.605710860273223
0.532214560445931;0.2156984971714524;0.6591123725891752
0.8136480737394667;0.9136398161522509;0.05492501987757026
0.5521283791998028;0.5642780846052128;0.45341201556580246
0.2937228584025363;0.7522730226649913;0.6118355786489375
0.9496326139954991;0.6950074088309977;0.20404013467430782
0.06880612047956525;0.8732110933184999;0.22990674014527412
0.380760763521899;0.24283010275936812;0.13450199525304174
0.9561918644909599;0.33655069932184156;0.30228804411947374
0.1604301730489046;0.907059948473925;0.2509623230016763
0.28284136343679356;0.5383653735966875;0.2722331837680184
0.957404312406261;0.841861771737664;0.3093071816211149
0.029944829703131393;0.19418131872863953;0.6054136332051772
0.48037448564511676;0.11837231261715875;0.6224885243527295
0.8624640872209455;0.323307795928951;0.7336010761919864
0.4963977798004753;0.3405816171423436;0.9287093890815245
0.7390945611139135;0.11052701912377016;0.08329251833523565
0.9726906225129336;0.0795515123212156;0.3269167160913673
0.38319630277184047;0.1808278014369643;0.10531264416904473
0.2705198115091446;0.9333967258598698;0.259068727910571
0.2265078481399989;0.2675935631947932;0.33340519667638935
0.2000114785807965;0.09774042070065103;0.5143867253972195
0.7239658031279416;0.8378662726786943;0.1944061274713289
0.16825685094918508;0.9359873098881994;0.6568433572104776
0.10319078478871335;0.23953818626663825;0.3170070748460363
0.014720594521599017;0.7392888268735263;0.978297388853909
0.9955072000595062;0.3801756793387895;0.7299163990591184
0.9516445029510299;0.5673325854491458;0.05826673833278384
0.5152597270149663;0.5063861251658865;0.8462979923988126
0.7241681061085795;0.7478950877057462;0.7810028527187238
0.7042756219129528;0.16732559831565175;0.4216917898005087
0.5045653636610371;0.5757883735147705;0.7694951750793388
0.6281657104404836;0.1192490225464704;0.2241125981652431
0.3570878153435928;0.3734109605532654;0.2705932801286761
0.5668435426540023;0.22228900641094163;0.3957959192164675
0.9835654253360329;0.15721102198886028;0.6514109215724877
0.35914320400607;0.7913101202719894;0.49095062285277113
0.00442747077784611;0.4800578055816892;0.179944572184372
0.13108379892068822;0.7528540173800914;0.9836055314260262
0.11893326031839069;0.03616425459277117;0.235634448510621
0.23308873883036418;0.6287816310146209;0.6644658080887894
0.21649863869626973;0.23426745071413535;0.38444063604270307
0.5184317692420807;0.5727295045217429;0.273578638981264
0.543714691043207;0.9313925604079006;0.8505146512981197
0.7425234851281437;0.20814915555061875;0.545524960162821
0.4667538902302256;0.1720010350068537;0.33889086823370695
0.4414876717239269;0.8565124502893416;0.34523509494157356
0.9591774154508378;0.03944522434040609;0.7945471087713971
0.8270597035595151;0.6868989317543925;0.16128702091704117
0.5070873567016201;0.304680106206654;0.2889787877287774
0.5120116224249531;0.26744700153775225;0.9643724043936193
0.4753826555482721;0.5571609331047066;0.853683184189838
0.08749845179127413;0.6400086566379799;0.3560308251540222
0.8982176725053838;0.6227328845612369;0.46946114061054744
0.06709508583295676;0.8815262780260222;0.3752529410943938
0.3044307047879953;0.017868654056103273;0.18262977350819853
0.6806165404821439;0.0020132298327407705;0.04125582194849897
0.6976152757981852;0.0039719854371742525;0.41036149296016344
0.7611401915370846;0.6319841794993621;0.34870963836091906
0.9653908280402431;0.8288563647737784;0.8958902125493737
0.5506866582007514;0.6031004094058766;0.14918761771347322
0.6096507659383126;0.6818485137527617;0.5984562642225879
0.2884551168029923;0.12395338495093566;0.008058588944784173
0.7359918714747814;0.8020689798463504;0.32176376835074894
0.19719549645838552;0.33779506306258167;0.5665337264199969
0.546681754204909;0.8537966223959415;0.043457516627792625
0.1971932615344848;0.42421005772577847;0.8365155970376357
0.5281990043188585;0.7294511548188731;0.42160080208271045
0.7620499676750108;0.4825844889559149;0.3524053309978957
0.612212219697236;0.6973913924973771;0.27285973230949856
0.3703941807960326;0.42297725950795495;0.5668817158324274
0.2863504103863177;0.8070542789313084;0.5612164962426398
0.04328345174932702;0.04214689726866061;0.3811778550292204
0.41365708826299497;0.35828678989696683;0.4262192737565619
0.8769208061608862;0.3768174668528521;0.807620433562629
0.18396319812408646;0.1706744161447048;0.16861672264228866
0.9841530093922649;0.09294963676444801;0.199362579490179
0.6460336561676912;0.84867799498711;0.07887200993848886
0.6715194037786595;0.17848095037014977;0.14491188048193804
0.47010852091131117;0.7932711052454322;0.15718000289085188
0.8027780139796217;0.4931060383546366;0.49658035239411524
0.41366627468444783;0.37373659379571034;0.04863523378546364
0.3184536779231294;0.7581628932152312;0.26609129783856256
0.26217156310120004;0.3641549438563316;0.5812379984584422
0.5168693551993893;0.10265325059039665;0.3776975109041234
0.3332442786896841;0.32654900501044426;0.9509395955107754
0.226897003903485;0.4360934776012426;0.3290726318049886
0.30204938871607667;0.6184411172330799;0.1691170362609763
0.189008699884453;0.28683577927662396;0.9476375463423364
0.7074021886588566;0.1012124443763307;0.8809351603523113
0.5523119097759016;0.6463468826750203;0.7890873405769139
0.8306342099990133;0.37067157342881496;0.572838552186824
0.29347099946217015;0.9944915403548161;0.9779753787255236
0.9612759084716835;0.0935822233937268;0.6941219610915903
0.009979380682794914;0.6495304038071248;0.07633751704614433
0.7137802217530483;0.4313221060410518;0.4724036103027389
0.16855767393649046;0.6962052277015074;0.5572198661829902
0.2956706624275264;0.022961767674967937;0.9365424574509701
0.20956160238051502;0.8945388746182235;0.7727718393948116
0.8850984424498648;0.62714732155767;0.23560962080225178
0.019760088021300914;0.8303544636667305;0.6379122604287447
0.25027361014122174;0.9287617723558637;0.5433334932698957
0.36660621248914793;0.2991221616299612;0.32161091776068185
0.6982491105164037;0.7982372128485347;0.05767549566245034
0.33019634139399934;0.9905239798112814;0.059200389879563775
0.6951052540272037;0.9094038710293236;0.7772485141601383
0.7312425513915203;0.9816996506876388;0.6202361910691391
0.8201474525354703;0.17258670256350572;0.0721583197739849
0.5747277439826725;0.6116284045627419;0.18784285304357928
0.9618664258347965;0.34249711579525277;0.45483017547822524
0.2632465110325043;0.18359784909429877;0.16735652615908236
0.49173222795927496;0.33655889954236917;0.9319982292492721
0.4869466774616672;0.8263900289162653;0.6267657532326119
0.32511849874187215;0.8551395082305945;0.24505006674605545
0.06002365119360342;0.5151731700168216;0.9599033335125287
0.6893868989088384;0.4113933681873746;0.5376456317657262
0.8826799659654433;0.3621487294878407;0.7542067040076185
0.8531178957426673;0.19055840689963766;0.5647519468875885
0.7434715485520678;0.684342626261351;0.14484555220662598
0.11524131368989543;0.23474641150128162;0.704234008481958
0.5744268683574265;0.1441025776728455;0.9065775850671756
0.7712203923336419;0.05191986281803762;0.4873727706623857
0.05405842902782132;0.14897434322872705;0.8724086858437867
0.7502506338650227;0.8534466325143283;0.5091063696345756
0.8789772077255387;0.7379284230082646;0.061838369246008384
0.9244185823691708;0.6932775467463139;0.9946400596702506
0.09993364658886972;0.2592667864858317;0.4201000942771995
0.22767948279059824;0.781527666239155;0.17856258314884055
0.021283186462702885;0.2209545545849575;0.30414398394090547
0.388143282561361;0.3056339341558659;0.5479644092442794
0.1661731989003179;0.8542264372437217;0.7741055054440522
0.7918799558757271;0.5845278586054647;0.0119312233347737
0.31443351717322254;0.20249845035819258;0.3998875127774675
0.3027838672980093;0.5709538299905413;0.15532205316450998
0.5208094304165105;0.6052641315436356;0.008645886727385088
0.24176593009566727;0.3087901612577123;0.31453119130309093
0.002357595071504459;0.649392975848898;0.28026957866044344
0.5497549685251046;0.06556860265071573;0.6976493453434561
0.2849187968860025;0.8876090459438687;0.6145509810459296
0.4839821647962478;0.3237237824818915;0.5763051586758113
0.5694634355411148;0.7670527494051467;0.1413018881548176
0.5741306924320092;0.821118711267576;0.553621488768228
0.36952033554037433;0.920356396680831;0.26709739012086453
0.011840723623761984;0.5605452551869803;0.44997134206556133
0.698724107761202;0.6680642737475317;0.0077456213535104235
0.6163895508107718;0.7580536109362517;0.9939361876874113
0.3860349934926235;0.8909640783691418;0.7009684395764416
0.9586715121776371;0.7527072748675212;0.21529339241401046
0.9095655118499003;0.02017988633465695;0.44173869482630757
0.5946389017711857;0.08886863825163649;0.22176949753702724
0.6229295884994084;0.40801661877555695;0.20682121867626713
0.7557111817086836;0.08869246989083601;0.5251390324396992
0.591130813553939;0.37269309243145565;0.12744984420889882
0.4478541236599285;0.9530383926334041;0.5152237549685342
0.38096357935423597;0.261216688284731;0.4989358072227972
0.026118981692815346;0.31245498847777464;0.4629648593214979
0.059003761600105675;0.228220315536091;0.5632102649674009
0.6896902299727615;0.09604636646268427;0.6810431327091666
0.8216225616164242;0.610239500727007;0.6341861215394063
0.7549771918148137;0.31024498319183835;0.58089854512752
0.9397323520060785;0.3059009052135069;0.22247158807422507
0.17550522737502527;0.5914026334239705;0.14373969754760985
0.47213224561509115;0.040013411151128664;0.12008799615861798
0.6527111914118797;0.22498456432915148;0.031798097663834124
0.409238797221937;0.28158049188951895;0.4766189267141432
0.547672348838868;0.9513016136022927;0.832692196342741
0.25711932199241094;0.7667344714089616;0.5467976689245536
0.027499397640277645;0.21728816529639927;0.4739343432093506
0.7357184517004772;0.5930905358112605;0.6850912821555146
0.9575723468969292;0.22013271147218627;0.8057640518912569
0.6963072594059381;0.1473563541284575;0.4424113437418412
0.7775060343893486;0.9459763200124374;0.513559230805203
0.43612561026295427;0.6304383519040129;0.6240367212201601
0.8071924969892503;0.8059978956463802;0.504843139024309
0.3528516847621612;0.824568799566261;0.6975509118479232
0.013538300681775972;0.098899598672604;0.6553271324609743
0.5656026909071122;0.3764882523078166;0.8786448948477426
0.5857306752437764;0.5894450089798964;0.8764993725761958
0.017400232367684287;0.08486690509609784;0.7615629917492561
0.44236902886439766;0.5411001574614729;0.5733053885257756
0.7831890978185083;0.2806861735841232;0.21260728300428322
0.5857211364621655;0.775775509550092;0.7690256113318186
0.7281981809912884;0.303864543310842;0.7243526723393704
0.08173294506549356;0.045507530301284516;0.5756777621425938
0.6236515328879122;0.40747814120132764;0.09073373722781297
0.5745712047046238;0.9745707908692949;0.17138195048032334
0.043314449244218234;0.14453316171165942;0.9237079529566858
0.5427225549726693;0.14994471056648284;0.4555278959186332
0.37665500489686;0.41157289975529576;0.541169052303644
0.38420007041539406;0.7830203961982553;0.29509636207587997
0.2302961279482666;0.4822845513996068;0.6703325486273387
0.7401713721541128;0.5021552940009193;0.7515973857366849
0.0526195540831661;0.5692901664849731;0.14517039598971626
0.21778927918237323;0.4226622472599578;0.23404563720779537
0.11239737220590273;0.050493981856748915;0.7587565023751196
0.640753249471751;0.7553643957247616;0.5019652973947414
0.3520203579873701;0.6753871359581577;0.9492346680640409
0.46601478541302943;0.9629639653240022;0.47267622203021775
0.4765000487712684;0.7777580663892938;0.8160409630918949
0.670710387144117;0.8063427282651;0.9006850821133469
0.8685226003854558;0.4760920517868955;0.8087960373815724
0.41490487385154606;0.764270944280552;0.1845047993397818
0.6325767280914765;0.9221248109651063;0.3526168674378536
0.09800353175172882;0.9859857563696053;0.23469331584601627
0.5678046494967879;0.28224571282969346;0.18243306172860552
0.5230365899469697;0.3073836837296181;0.2216918001784316
0.09536356217829389;0.46486381461205173;0.8899551814967566
0.5589339916536294;0.3284540026996906;0.8348646715296695
0.10855008466400684;0.5007949216139783;0.6425744422264512
0.004771815370383181;0.1154190496678219;0.7985315085726669
0.29509214657052796;0.8697066513081516;0.1866349384210405
0.10351825859673769;0.7311140939326058;0.14429559256739677
0.39974665460704806;0.7378439937689037;0.7043832968275858
0.8290782091671615;0.3253848680849589;0.5836501751537966
0.9849201851947046;0.5813201872804092;0.8729415732581515
0.057538197059832985;0.24667331206694454;0.7537612604108783
0.1675478964054865;0.860680036013011;0.7131207004197477
0.9745270651629129;0.9334713128765678;0.7145006588522012
0.3006377934704664;0.6018416756585802;0.267931263882463
0.7730558756075228;0.09441740123047948;0.8396613170128513
0.09647901148512494;0.6016677547935121;0.03838942898597886
0.49152110452712605;0.555062236306733;0.22040065576734347
0.4235504776797536;0.9218546781433911;0.838743177047216
0.2668543813035288;0.996851973127868;0.7301075035414728
0.40397829092633386;0.04985343441078849;0.17151552474188925
0.6315146684653149;0.4873131729155119;0.9036987520678155
0.16162775700013643;0.40229494362966844;0.3043613207912781
0.5793104787655262;0.4423935925769289;0.5390326434151241
0.8758992855746559;0.39082084432532205;0.47630211471095896
0.3949026381845012;0.6087086548646975;0.15407465266376852
0.3314062951837583;0.4741316047489015;0.546599906909261
0.005133667829047672;0.3929850928099764;0.4716332471497492
0.45174996565583947;0.3922723239843491;0.4028895385538984
0.5659004954074768;0.7097418312662842;0.9556265548848919
0.5185050272395043;0.7524481726666356;0.8900388787474949
0.5761018853633748;0.3554965896881066;0.7601641801149736
0.12130705239970785;0.43008446402045986;0.1358702190090687
0.5164633100933881;0.7590035843868441;0.6778762660343591
0.393553936026248;0.9017835696035407;0.6502429524785044
0.1944228490366241;0.6685904539270323;0.7549281632369128
0.9159281422852699;0.6940394070342195;0.9169541893225518
0.2501918781894339;0.18053064269826868;0.981588296706422
0.30568978141687597;0.39784531456574335;0.4958430214808002
0.5061602544293636;0.14046472363012286;0.47004396494778156
0.9229335236514554;0.30265647218384084;0.9010190714669473
0.5107185538210477;0.9896465011519535;0.5657083870927653
0.09590024119121643;0.30824479474488387;0.9988969151666549
0.3548162708124991;0.6004900594010869;0.8374401931037372
0.9470839601100601;0.8573116787146177;0.5880414043047546
0.8908844194937581;0.06955960421672225;0.07969669495995046
0.7558311116813409;0.6120360584572188;0.6563517291942961
0.8644674292792275;0.8887298915341892;0.46673118052598106
0.5227567742230769;0.33465648493524325;0.7154762935165737
0.016936059158671468;0.4396607070521381;0.8985391267119915
0.3664453481162231;0.14493134708417887;0.9606378315729451
0.8012858331667191;0.3700648938955843;0.7977870749497729
0.1398412836578481;0.22961785164953274;0.9167290049628077
0.8270951503728496;0.7304906853559897;0.09370489984034014
0.23928476580176128;0.3708773374462667;0.22378242945588178
0.33539936054644304;0.7636636399466328;0.05574168533528212
0.7866544242037496;0.027651491680033335;0.6974057896110072
0.5645254589576931;0.7143268633137893;0.6339968650300397
0.06334815459894239;0.24285604825151497;0.19663543395319782
0.7494882952533211;0.9985231095765075;0.2842757711141938
0.7982292293790032;0.4879396811379828;0.8775519526423468
0.26722281723649144;0.10688712766375275;0.9120607631201413
0.5823788686182698;0.7234370600813835;0.573545535445868
0.1925146794470448;0.39093573724325337;0.6213555962527226
0.7577840855588311;0.7663616144881241;0.041501167633753555
0.7263009536597926;0.5223467238864491;0.4530342967975238
0.051363834865742364;0.127314853064861;0.05972261504134968
0.748249733342622;0.8041622592236093;0.8556926440953236
0.9137042480967235;0.017195158936386457;0.6028329612134328
0.24851904864290852;0.16066486591052798;0.9604085080798196
0.5284835227826661;0.5070566443147894;0.7628847382173765
0.6378513594247086;0.694337707535162;0.7613228038568464
0.8150731618563064;0.947246981737815;0.1978195681156183
0.9525267602929405;0.4880779874953617;0.6176835373419551
0.8482789896975205;0.3072935386054634;0.9335776202842786
0.4743000540305933;0.8877489113225686;0.2900539905467737
0.22173698670586894;0.7329509340036588;0.8992919352068768
0.4827319426365114;0.20028583090455498;0.9692342794585678
0.2456257768739607;0.7922327629979816;0.6217119777807928
0.848441663039843;0.2361809282958215;0.6885799202440568
0.05588996462073459;0.9314974365952855;0.6839229925913795
0.3226735433287238;0.5150395131088835;0.8760146840177713
0.4095093040966524;0.6146792902852661;0.06398382282007498
0.8565241444599558;0.0782034723320264;0.2694608234426442
0.7929191886404962;0.1343304720867854;0.17810569259568632
0.9375618100055618;0.41782739302498817;0.2363932871873472
0.3401892918902538;0.7769306787354655;0.5776531801554095
0.2508185949928329;0.2796480254461432;0.17337053151023396
0.7372100430732084;0.9938072809770516;0.25219624930845164
0.7681366507919566;0.19087625670602382;0.36240605600476083
0.7585826511516848;0.709896998052517;0.21053079560213495
0.05335821590330703;0.8237961387642432;0.3133186804643616
0.4747662091578506;0.16133731977570598;0.9511367239219934
0.37475862774481394;0.31094061956084906;0.8037669720501563
0.7350584719296317;0.18526518400885905;0.6961619464463678
0.14023738024086074;0.7978616526785353;0.03646292999439704
0.3445524525135397;0.8608042449760095;0.8540140245611978
0.566234289589702;0.33895513950454614;0.5552067772732912
0.8422863521496112;0.6932577706390284;0.1291628698005538
0.3938776960080167;0.9991501174745536;0.607777484554922
0.22124467187221664;0.22338518626218562;0.9824851250973553
0.7081487507340413;0.9665230371456643;0.9231076485733031
0.3026150917179078;0.5449888281540398;0.060307496026601126
0.3273552080115838;0.40882178647873335;0.2258491754908527
0.6726472216683566;0.5494951265174279;0.6584114411813923
0.5427652477823474;0.34609148743088936;0.6865275939042111
0.6265258305539998;0.03663570171198216;0.296208017213607
0.09108539810259286;0.935214397912747;0.30825976182432224
0.4427281142823519;0.1664824559639837;0.8563907845609469
0.9962189654141509;0.683299161991339;0.1848454571214514
0.7692022931681899;0.7782514351497974;0.46401068095066533
0.6175887937525936;0.5395362473989821;0.12816074595754656
0.47346130408150966;0.3797911738710419;0.7552457198677577
0.6553973957294902;0.18195520472330784;0.34495006281524787
0.6229648319366886;0.10195034930487368;0.8129994552651042
0.058666516911759614;0.20653969074158163;0.7434304854316239
0.0020548328529419457;0.4303382092859338;0.14871923759273786
0.8734893184633551;0.028333183541120133;0.10220052864648121
0.6371661343503301;0.2228588438877399;0.23354409676872412
0.3889240126878599;0.5749357680359026;0.3140398706206349
0.055530932473894845;0.40290704627879714;0.6725297292023008
0.523922133945887;0.8603412782495307;0.8084207761869414
0.4478801506343526;0.16209622673495183;0.23291799369992794
0.16672807522446653;0.34038179975404037;0.7330590200542756
0.7541667500839424;0.8022640891105879;0.657783245341787
0.8036312424962956;0.1827939826692161;0.47566221145480614
0.279308301174348;0.6096840377279329;0.3421245098134772
0.18914553536150303;0.8479985452500002;0.81110608644558
0.9984652159035492;0.3855028383611334;0.7411342922512816
0.7778678301550933;0.8743714710441464;0.16026024338592348
0.13002940238515637;0.044283784969539775;0.11013276461731247
0.9131271796451875;0.20219151889116282;0.829563635221933
0.0014668423110076878;0.3926091885817793;0.16133626533323864
0.9078314733970847;0.6620605728502792;0.47983173911716714
0.9313942145155237;0.5062970983398569;0.7139141316249995
0.6819585920916686;0.8840990132803348;0.5369748963801703
0.5767290222833349;0.14138457866827858;0.5497132073383876
0.06955644906872738;0.9030960271819297;0.9997206378489447
0.44638418801371815;0.9602168284196151;0.4021971524133692
0.1861098580763586;0.8863329299605952;0.8806704549494702
0.13982501036394002;0.07961879794193794;0.8062618480805098
0.6883627283151624;0.27496044870293435;0.47806005336582935
0.8820502658754293;0.49279372654385756;0.5069018731518513
0.1354378459585176;0.7172093748532323;0.10460907494522431
0.024125433206164004;0.5952530709922821;0.39077349945691386
0.7271892697767439;0.9962249302232548;0.18357830290739108
0.39531516590043303;0.8665881699701365;0.644558472749295
0.11071057452046917;0.8196235516029369;0.3319989277923394
0.6374415206096931;0.2341598918124762;0.26795744105928765
0.5192516892489799;0.8834179979178175;0.6795013361243497
0.9266811849870237;0.13856446554102964;0.07085404034698073
0.7976114771525747;0.6324175725841646;0.8238403488378511
0.22817923614943547;0.8514026845181762;0.9203828618398181
0.3219858064866138;0.17841316687109332;0.43983159139515415
0.976050405190082;0.4040050540029596;0.24264315458054275
0.046851514212892686;0.3489163909258065;0.46660637038333197
0.1692471718001437;0.10704078282913543;0.05261997242388761
0.9804031642283622;0.39161650556995287;0.29122043602309455
0.9226503325062523;0.2810126393067257;0.855476810283154
0.29725167802116226;0.3140876656873798;0.18004680844261012
0.5158839896256724;0.509328540556496;0.3772331034695755
0.20120561442752372;0.8379301955020488;0.7558157274474472
0.02262023641283728;0.14191344863622835;0.7122084874330058
0.7945045693510067;0.49817940327081034;0.640873152363193
0.20356293389676794;0.15512631802674115;0.9021516222205734
0.8438910875837423;0.003138412078242503;0.24266359212053001
0.7504084685136077;0.49195944676667946;0.0865393877508307
0.9675784945648909;0.6036066560761041;0.03833245343187108
0.24561470845511946;0.11655633821345912;0.8798956793747666
0.7878392967198345;0.2704285228791593;0.7630457664905934
0.43373304505259846;0.372645961003251;0.3079695552981848
0.714473221641833;0.11931026377011178;0.28112110309509075
0.20617282175631757;0.4989747889097358;0.8607541272198554
0.5248500459130588;0.8762764256149687;0.8122341818112259
0.2919180109809937;0.46743589677190855;0.16466963880867236
0.5822055831632983;0.6757730658199548;0.15402649594709683
0.7263481956237117;0.7723778602294482;0.970046815666342
0.91880781301155;0.5585327339994832;0.9353261935208007
0.09179264055151737;0.3396292729830136;0.7197262334658975
0.5287533619707084;0.7872475343997088;0.9919901178247681
0.4935452771529989;0.9255690497237398;0.1466492557533262
0.9110012718616447;0.45678305620961845;0.9188609344723503
0.9972876485061992;0.8104073915926181;0.39317712248124526
0.6418623791391898;0.26603760389494635;0.3581080131712797
0.04079062517405718;0.1365897451323661;0.4771459205484634
0.8968578332618863;0.46592254316718573;0.941329453240738
0.9082445025920813;0.5184976338474188;0.6504863393365391
0.050082524591699706;0.7883338187967714;0.7790349786307322
0.11519576400075027;0.36183881529902107;0.008975026164607769
0.713214142866989;0.9424916737164046;0.10390982795601611
0.8593768741183202;0.09359114728734541;0.19031851881218664
0.16631625681656514;0.5101197180133169;0.2916631019466196
0.6219512144580396;0.7631575009822693;0.4089344623058232
0.35643506421692805;0.5170579985436223;0.716520576433358
0.8715279354002021;0.989151432554807;0.18995493671840158
0.641737102912968;0.7657380332166127;0.8103356777490361
0.30792471735239046;0.5594420067854464;0.69841842496693
0.26349032023550256;0.4152344300987171;0.5617896112770447
0.9028854910287896;0.7006010823035861;0.20481798827718833
0.8928009910462344;0.6472540340370346;0.37889086422604457
0.9255662660788195;0.20133776565311368;0.9898983235933684
0.43254662442774894;0.05270351745844404;0.2998060355504081
0.22537567906164702;0.5958683193039587;0.481639139010844
0.37037305272105714;0.613718863154034;0.5549810607474223
0.7962475489305585;0.6924927204048766;0.01602105419898281
0.7673012576606141;0.7721118732036755;0.8856583539947263
0.2126522807058071;0.37198979862024384;0.39929864342419397
0.6026309832968947;0.7361014215180679;0.4208540983559417
0.05648229598775267;0.20459617865013657;0.09271478869613525
0.6224578891189153;0.5328839807711198;0.6268713550846555
0.07639786130787207;0.7596789792481914;0.4684139611792708
0.30372652983097026;0.7240803700359587;0.0660341417961775
0.06324869046937132;0.8112551668037256;0.13191392679710168
0.14201566511999164;0.3842500420779418;0.19011284111297122
0.29345914326536393;0.10623020424892371;0.41456896352457107
0.3337760208459474;0.5522066967011059;0.8982174575406813
0.9471413167335849;0.5458587442859464;0.9500818439896999
0.4242453524969364;0.8411842195427958;0.5736726736009167
0.9326263260914912;0.5835818358212986;0.9246157079989361
0.765669863130421;0.8707431776867623;0.963237544396438
0.538157555324865;0.6444286780353056;0.06805224906473228
0.5395348182753084;0.29409169892139275;0.5271611873321661
0.07336991073931842;0.5230080231480851;0.6279946450610898
0.5751380844649804;0.4229959456083122;0.9513724520710111
0.866019643692369;0.813867467856384;0.5378096194815041
0.3907648731872915;0.3693310359068881;0.8452996659984051
0.18748967317020593;0.7830955168830053;0.18751268013696631
0.15313400278771272;0.09831028397211317;0.22112101898693093
0.6694114491076361;0.6288166498387623;0.6069978634366797
0.5817624519317275;0.22785759704171393;0.9909169839751817
0.6340666530572644;0.8400693145209638;0.9081519082931404
0.8186433638313868;0.7422123005890101;0.6404425437434937
0.3523543590347399;0.4161796507040838;0.23830894612461073
0.5309071932481226;0.8434529018402017;0.020114898071557197
0.5000372577302851;0.08183059619209943;0.44293519605956033
0.7219208127599293;0.4952770734416958;0.5080539215249257
0.31118454409003804;0.3990650249198635;0.1669441224211503
0.7882334957157121;0.09564440040489897;0.2439156330768918
0.13915195691820903;0.25103167825835737;0.3111153227976462
0.7717467331069935;0.5125161545686328;0.3278892061544202
0.6238737408016516;0.49456147444614573;0.9681983265571398
0.3548922607424311;0.6098900361948829;0.5231916716128735
0.12078905255049699;0.34218841518149423;0.3370115970598718
0.1765959268186802;0.6771353462087979;0.14845439346660438
0.25617377105019035;0.9182080106007738;0.9694500208116242
0.17514452107520806;0.07833484382845501;0.8038175454980999
0.7505577546568484;0.4357667739480129;0.20223839674941968
0.5787793021122262;0.4120101148321509;0.22626041489609627
0.8271867447603619;0.31728934503930384;0.6961483834062495
0.18354150708803385;0.8376672594005768;0.525537875273063
0.4033759906528268;0.5186317327707625;0.7706743946563565
0.6349147063965521;0.783586630651484;0.6341648428865997
0.3173226525212084;0.23857866060032606;0.4981704348988675
0.171674356072395;0.38040907477385855;0.8173612267597754
0.6438731995657798;0.3305538780519558;0.5622415055866197
0.46781275843987813;0.3545811003673669;0.00394754560393229
0.39965042471984025;0.6836498211274914;0.7530253377545427
0.7698238363629738;0.9545034778584159;0.1593590804834093
0.9016347330352394;0.06819567262760662;0.8735351979756125
0.9990550060535643;0.9176048270643461;0.4681043222045388
0.7749550140253272;0.8913191411744877;0.7216885584757928
0.6907815179479584;0.476162140196453;0.5659955416988437
0.18832948023652885;0.4312411849720956;0.23386829056328573
0.6524536643663021;0.1717757004342093;0.32102152537468487
0.8279437736888001;0.5838297399928555;0.43184112149184883
0.6282597216931562;0.5129741247099343;0.1720554465888542
0.30658168563779664;0.006425616826427394;0.21470462065658347
0.6707899877832586;0.8778997695453198;0.09646417403252938
0.7070725607194498;0.5923198331527961;0.20667138803533913
0.7098504744256847;0.031452099178691184;0.634502651181315
0.09311963931405687;0.861276916436158;0.956453253946736
0.4942219742572216;0.860660230063606;0.5797508928777608
0.7165152546088169;0.5014988148496744;0.8995514918187695
0.36983485837343555;0.14241969186082315;0.6935137050808309
0.6872741666296722;0.0264779950169296;0.7878192570374731
0.8101323533337577;0.4558264695517127;0.8605617469995138
0.5778053315338153;0.18363577132353193;0.6532890926980702
0.5342637521934549;0.03155252048139978;0.6397999084186679
0.4069249069597888;0.44225187880114114;0.4651303537900766
0.7960415724634264;0.6044491888537566;0.145105984943241
0.07855861938110953;0.8399510045828938;0.05634048796420066
0.3473137353889879;0.21321550572677195;0.6987063415232574
0.1896599174825434;0.7289490812119069;0.7400038691657448
0.6036805140886625;0.28838648619328444;0.2641587427550579
0.2994819570763293;0.28936163984257335;0.3527354460081701
0.5304599231191521;0.3967012683868725;0.5848233236640539
0.8128464052339929;0.36164242952663284;0.04934871179127376
0.3274796949676455;0.48069691278275806;0.32603333393790124
0.04031241773935734;0.6528299089969539;0.5311658206613897
0.6952306923546308;0.9742511145156317;0.8542540196442943
0.02408359129808857;0.7646378966237565;0.44431470525262995
0.556437378776124;0.37358843553529975;0.38504426968439565
0.5921386013204387;0.7614223547146239;0.8658473739370461
0.18735973749820045;0.9247241875694984;0.6419547781425188
0.17371935156631257;0.09942521109165148;0.10737907481616793
0.21090275391429414;0.05467228868267915;0.6945321870813004
0.3975485516762626;0.0927761684328855;0.9754494866473739
0.8671679868012678;0.39678221871052155;0.766772824989375
0.1818819690494411;0.05345534808960761;0.5067710989514518
0.9563797850245005;0.6214566047376888;0.975778841672593
0.4866368412689406;0.3661002017558753;0.4440722629476517
0.9543715622408753;0.713801006874414;0.6748702056171697
0.11143734661753613;0.6985677401364065;0.6392530791910184
0.5727043396304733;0.8530234738567525;0.09595631800513749
0.18777426562778265;0.5146372195539703;0.674595255086167
0.8844409850201688;0.25814206994737765;0.10179259891724446
0.2563201278447148;0.5966889675659848;0.03349984977669329
0.6835202488173758;0.8788008265568891;0.09729299654991463
0.5516270482256271;0.4561053767407055;0.7551357696478376
0.4908479688741215;0.43215688724168844;0.12502750986965072
0.9830771145332977;0.8828206169872524;0.509214878824234
0.8105466823519322;0.7824100934213524;0.10727599095561191
0.5600459185218111;0.2147318103246737;0.4387915857561223
0.77105826238336;0.838633506713502;0.5246111116402062
0.7085844493808522;0.05146901631818168;0.7797811895319171
0.6696870864049707;0.9653001680156493;0.7000289241069138
0.8929306353239298;0.3742101355648454;0.31426586240955245
0.9955366246239851;0.6140097767558037;0.7142095693105699
0.8483583871358704;0.4772478938984521;0.4716521694653958
0.5156769043940027;0.992388151696805;0.5158290832899193
0.1620125264234904;0.8521623137408365;0.09626810535432784
0.36688944309245075;0.10657864825052288;0.4760372733318564
0.34216673014929544;0.09804919676219948;0.5890742650617394
0.8192362147028484;0.7753915705751577;0.6988936868268011
0.9489150422076863;0.5491918074237229;0.9571549010508105
0.1662491417401607;0.7357943385037562;0.15308219159136172
0.8884661415931535;0.5780390530611819;0.7950433671271688
0.42311314919988363;0.8850258671164557;0.09012609524659854
0.01989112415147276;0.5285544755414218;0.03412489981047584
0.31365063560689654;0.9274200532462226;0.769143109500372
0.22699221554898352;0.8597471380679144;0.7782672282830285
0.10743088929813926;0.47920726967528204;0.08407897903242523
0.5305661931381846;0.14643471991404977;0.7989284383665874
0.4600504417184613;0.2595135948428191;0.8043210867040004
0.9127154746315841;0.6744365595819415;0.5768416961847003
0.8274673127169629;0.2187591731544395;0.5078007330602364
0.11058453927559142;0.6092627536257446;0.7950710376039638
0.4501524074832559;0.9738230231998273;0.05548688426795623
0.7343769986056472;0.1825125325230943;0.6999530088750343
0.07886946023757313;0.6357881582471758;0.2581167563723231
0.7740746102853813;0.22046622272469307;0.7037786811263614
0.8665222791702872;0.19780105640811652;0.5872303700879932
0.7302754439325059;0.030318901115885977;0.15985002827917594
0.647511470893766;0.15766477200626783;0.8253183412827368
0.6449047217387534;0.6259958851870856;0.9215257469982249
0.9783990460561587;0.23882682634836117;0.5373965920782477
0.9155433498962193;0.9029977738859774;0.3901518277414354
0.4142628682622663;0.9137834148681993;0.23201082079199886
0.814660483673563;0.8315930691207984;0.1270952592385829
0.5291304375298997;0.8614024948990924;0.8234974952458776
0.13370018603852973;0.5657318333952711;0.616055777900487
0.7279541346036806;0.6913663741394946;0.09194444159135684
0.39597151612422343;0.6703927846733211;0.39228031283415554
0.9063842422967852;0.9091963316822599;0.021011134856898206
0.28915856807896323;0.19925517976033102;0.8412645235908744
0.4162619299434096;0.46652232450560605;0.932914988567409
0.20581553056597524;0.06480232365712058;0.6555383675319746
0.39166964169195395;0.8332104509347242;0.5342946620618415
0.8904813798617326;0.05025560150424524;0.10326293685306476
0.8491417658814379;0.07665857218180272;0.04879345068869789
0.004404774996191185;0.6427945973777812;0.3239322004674685
0.7088442850580455;0.908108190381566;0.7036205064420864
0.14576535488048437;0.2515559197090168;0.39332838348293087
0.1913618275941552;0.5564417826402249;0.338829856198669
0.8964813848685806;0.2256185175771983;0.9217239694641511
0.12341043306750232;0.5690828722563771;0.3904411141286033
0.40649020538818637;0.08338135245753608;0.636299675192124
0.7896936895614453;0.6377842031514621;0.26741023248708573
0.06989238236479878;0.89906989255939;0.3721177746282337
0.47003881744649134;0.9003396209496877;0.08713927252588227
0.7776340177688731;0.6385312532952196;0.49371795711971567
0.2693549432877581;0.7659691634696703;0.7674936430505619
0.038156751554664914;0.7040331442323609;0.10393243783800832
0.040263823443194124;0.40625808549709386;0.37683340548331234
0.6030055387333644;0.15364049499048504;0.0859902802246788
0.01677035953023842;0.9845838228950415;0.44768184912104503
0.42325615334032307;0.33971058103937934;0.8896460496706098
0.4844278692813633;0.46803038366835226;0.8000758782134545
0.7228568450955066;0.9364323491161092;0.7982277322783089
0.671297583305713;0.9348533891276078;0.984754822589008
0.12283391605334637;0.5264295893422983;0.4494154766976548
0.5329902389903253;0.13897941847726647;0.8093076703240459
0.9654762083593346;0.4985559548135643;0.9282017877047081
0.9523897484303269;0.22545118673311004;0.2568308471018441
0.0758665024274402;0.07333379613914526;0.800543855161736
0.9200727939822168;0.6424676911754483;0.33291959279822925
0.7751115909872537;0.0020094604093990887;0.5908463294746007
0.1753867074973;0.4177054817438878;0.43624410303259387
0.3975392807606055;0.5531565285616137;0.6729853430357048
0.1702823807808993;0.7156019191460437;0.981465976746975
0.7713981752791026;0.5269643535518451;0.12418228724917046
0.3324359072903732;0.8662473171177594;0.940747193459905
0.9620662520862876;0.8455699410841393;0.7737872807631505
0.18727778489753832;0.6510779539885657;0.47098731699857543
0.0832701804211824;0.8949631494834512;0.8508742320769433
0.5077503778039819;0.5788212485572963;0.17081350198038614
0.9371957204114897;0.8683991978369997;0.11276126158105781
0.9311273103127468;0.21145089580989773;0.3821101491982849
0.011863246059512611;0.9408071551151915;0.1624359806722847
0.31953311558654096;0.2903294041323271;0.4119024043953735
0.14649904077079112;0.03482528924465422;0.6582556568479476
0.1835070342897922;0.5674088983031437;0.6941423264504504
0.670704238907705;0.17813685364853904;0.6893688667825064
0.13462368554239157;0.7723334297394737;0.7286717289770688
0.12957068088789025;0.6787712232426275;0.8853664172423266
0.8581623508354171;0.11647285249150119;0.012642955457785932
0.9938700301374559;0.12555452625419394;0.6485104631073226
0.9024266215883278;0.22717448437548105;0.6625522909507253
0.5560597415532011;0.8602857692514981;0.5174064159237428
0.6708716459113536;0.25028336478384816;0.08547711047293294
0.6764596544924724;0.11976070683250861;0.1191923292178182
0.7324799826007681;0.7878106777267662;0.9712839529109312
0.613333595470767;0.22717351563843424;0.008259742216558341
0.4553584439590237;0.0173768156679599;0.20078287069937661
0.26479030041012186;0.07345811675746172;0.9627452103823138
0.8768863505586737;0.38784762170823317;0.502460112592488
0.15990438769774218;0.8593563087731111;0.9639153806271216
0.3723763831386352;0.002508439554541053;0.4714739278899195
0.1950334995990446;0.2549599406956793;0.9038200452765283
0.22862442099754599;0.08218826505930854;0.19033520982048946
0.29432201927934365;0.27113957761461616;0.5256976381534649
0.227307385181877;0.8106705820586037;0.6041804199140577
0.8312096334414968;0.6474003236421286;0.8707814591240506
0.48246892799386043;0.25849861704996824;0.7319979511296644
0.5933092867690614;0.40227049234717605;0.7633681052206938
0.0076145307977704135;0.8759033292635994;0.7244564471022883
0.4362078714631903;0.6462774523305682;0.4749488829316707
0.7581472494979027;0.5562839757031748;0.15885321347983095
0.8663192108127803;0.19700697300632286;0.9165261090109427
0.6724230614577584;0.28200778475153687;0.42597353860671106
0.2376185990865135;0.3966712384509683;0.9857806455176359
0.3087937294191697;0.3817781594180404;0.6724547877124489
0.11877505296225588;0.25080957713760077;0.47776288848552184
0.028060115107645944;0.4268803909208503;0.8607880791113781
0.3419455127101029;0.18549024400377967;0.23188068078485746
0.7863753088458434;0.39541820672639694;0.9903128472910727
0.13021863967031766;0.9172572361152789;0.9042207340428372
0.4175305494929037;0.9768000689253936;0.3554646636351946
0.3499374993372909;0.45237772984227254;0.8105507708747157
0.9062552063708444;0.5212198626660667;0.013433325358880643
0.5315619684509064;0.5872877948425597;0.00941076098000182
0.46195860712864467;0.4214056302556469;0.4023284507238095
0.2834218814791589;0.8467526470334863;0.5236340843442702
0.2751502929412406;0.15211621277665943;0.8694793698829292
0.9694509141283016;0.025554477195649183;0.47927959105929996
0.2810141456731162;0.3958169024213183;0.4218442985065253
0.9709002054629084;0.8034542338479493;0.16865783670705814
0.3091191391568283;0.659322723796663;0.8038685227752881
0.34520142166300416;0.667004287406738;0.18218186212048493
0.6095631846720669;0.8561046942107264;0.2632052410457316
0.6193728035155105;0.3026606138790343;0.7762247467624684
0.0029444035396438695;0.21688902687442368;0.825261432794412
0.43910126022193974;0.6591745198054316;0.4463373089711037
0.35264098281329237;0.6684407552830761;0.6269196438437848
0.5378203446503472;0.7108154980976851;0.22695522924173028
0.9062859041485011;0.7852010781727226;0.5969248538661159
0.012215370310684981;0.5261262279727964;0.8417311373622656
0.5912670261934992;0.8426927112221846;0.18077777260193761
0.730098677844238;0.7624289887529774;0.8502762401708445
0.47643657683376217;0.9498388901193958;0.0758007946495799
0.048390180647929104;0.19900205469539867;0.6191343248277036
0.7716904393139965;0.937014212760114;0.4079091190017613
0.3050947018409472;0.4842498227472387;0.6500154804149968
0.519916029557323;0.30146416507708296;0.5556724177044523
0.22093125199505848;0.5759773732948228;0.8524756285834917
0.00365218972536252;0.9949835734704058;0.21904180546562535
0.8051440722815599;0.07599499317265757;0.40668948324199805
0.8410529008291433;0.420238832053368;0.16941490079389754
0.9278235994353269;0.33850787363529233;0.41506531840694716
0.7461612821829604;0.5556370890309372;0.12607948962708548
0.28639221525173053;0.11037059332393262;0.5624541296855096
0.801951449588223;0.884366892703172;0.5430422710151301
0.9657865165400032;0.07810933185302282;0.5987315338310274
0.6638412533683041;0.24989099587058505;0.4104572399974564
0.8896241593401073;0.21090774377960475;0.9712328307378132
0.24609907001893017;0.8404911621946786;0.38964546986257353
0.6560583227297354;0.9930832153938811;0.3629143423327431
0.24985982281844477;0.6614634580775988;0.5273807139421777
0.8839185203495556;0.5802491443678505;0.6392029374701822
0.0056770138330930475;0.4214475992809138;0.5948418214665977
0.9761753193009163;0.42397911890990647;0.18212013805351768
0.49078758621612484;0.6862978884728538;0.3844436519131147
0.056428613316531706;0.46448310794011527;0.14752419885969237
0.9330962492218898;0.1609776162616472;0.30221199448910563
0.8129243255050959;0.15052385422492365;0.9958699725563598
0.8944563672083623;0.7137454040055445;0.7780646509275034
0.18306728563084707;0.20234024487408975;0.9269346267849745
0.4743249384542385;0.7032881711822397;0.015576449572357265
0.3457227509434194;0.7398979861685251;0.5925790632543276
0.584044420473726;0.7193976424445687;0.4825246046573598
0.47378363097496123;0.14129171418467568;0.9540965587034343
0.9817994482936112;0.00644212832597113;0.3938070256921772
0.4785094219370727;0.6533484871042389;0.21436375301341604
0.057813843172177526;0.5036014216739869;0.5604840220953873
0.9330869449137432;0.1122189466296587;0.30619051081851845
0.5653384969586905;0.6838238760727753;0.6087593984791874
0.009697605410597165;0.652112424996926;0.09360020871211538
0.6486531064467798;0.8004549077499777;0.4420549054033207
0.39628442033216205;0.7783795344621295;0.7502568515821992
0.14182941906242197;0.7933373646308052;0.5315290616229525
0.7743331288372444;0.1648521089009426;0.6811228770700692
0.5239490159490389;0.9643389961388009;0.6442452723322665
0.7404220895484507;0.3720010635826133;0.8592085805927268
0.5586224122430185;0.7666719332560986;0.1451581319255374
0.21060627119312358;0.4155121110633371;0.33975415238226114
0.8202688752327667;0.8110718714728037;0.8671893217205118
0.2681649869242423;0.6201080474416747;0.2254195973755625
0.6813612498412273;0.5035723507254982;0.8276429194131194
0.14191286788582702;0.6486766896548247;0.5873661949102011
0.6496445118989169;0.8086718760305124;0.3108138911033381
0.6788973251282733;0.6531926327032348;0.39927993550435503
0.8058075111117163;0.3792137476465588;0.18863948517649864
0.16043741833803882;0.4360333117286733;0.550182613538783
0.47853134353570037;0.8145311121116914;0.017804222196180497
0.6276630603573355;0.23393211091361865;0.33905351338798273
0.21768317137525994;0.5203085958534821;0.13776565097217242
0.01338247225665612;0.7037755832291229;0.41115038910407675
0.6111480603506402;0.51272473678095;0.9433954283737397
0.015157479682196717;0.19054247943178304;0.5188323863698171
0.8018971728548241;0.5030658423719279;0.9883754971972742
0.8535335269000572;0.20067181185571337;0.00765635842472745
0.4802113111680788;0.9095212652341442;0.3637120721840895
0.0514420279523079;0.794975066640478;0.14371623515079235
0.5615102057052381;0.05599534461148237;0.34445573729805967
0.010154522103993036;0.017976370154873633;0.21602460754949215
0.20784680130580768;0.6782497037020595;0.8111643862021397
0.23210635650755118;0.8181101344500888;0.008933116783617745
0.1667446870018895;0.02017838785103576;0.18132926029854546
0.2588360465632087;0.16147599849021754;0.5440642866410178
0.4497778107008741;0.954822173561366;0.8832593443406684
0.3388447729866704;0.21060983683231416;0.4733296087536195
0.4098410481027469;0.04320322676008603;0.11635692133471753
0.8068695677378884;0.715990233684808;0.03037637412474481
0.041333314315956216;0.7942369599832663;0.2076865324217313
0.9198315064342332;0.2761746610814736;0.6669927734903232
0.045536265941623855;0.9148329418390259;0.6779416046860541
0.8319852897190603;0.7804084787030772;0.36613036386926456
0.24934798905454325;0.4996950465063008;0.6482512210498715
0.20912950125232643;0.8400854948451146;0.5056857085271956
0.7174828912900911;0.5071534376284683;0.013149151990502483
0.3999994987710599;0.5400160430596095;0.8604967787130824
0.5918600590798603;0.7672961452139455;0.9709053135233281
0.5650132054567276;0.3650810273186329;0.9691316199448096
0.2181851209310539;0.596557073109861;0.5038279792890116
0.48178257878769737;0.012054957413782041;0.07239167753985276
0.6599040190027631;0.7183083708751783;0.4370584965292533
0.5951127670735835;0.643336959584459;0.28436992924173976
0.29505138411274845;0.9253875385691499;0.6008282011363633
0.969231210692743;0.77513916468372;0.6446163665090168
0.1217811186738843;0.23624981149211322;0.4090998009305812
0.5917213556915091;0.14795963586999694;0.7598265768425096
0.018523747371438026;0.7122140953306241;0.8795847054914318
0.2502910649509352;0.9827966026981835;0.6355808275890242
0.03626629445985208;0.5661279295103908;0.8134725005820269
0.30248224793054623;0.43572038991440354;0.9218173117722739
0.13246666742391167;0.4585223226763644;0.00415315377925729
0.9012459985735733;0.6085027168306908;0.9530366486304497
0.9600196668091612;0.9790028506202126;0.6269450550791252
0.6574755665537779;0.6378244581678548;0.9815734260904616
0.5488643845056872;0.6791698031711816;0.4187225462887504
0.18873682922193402;0.26111566108412987;0.0855941855578749
0.7681433441299503;0.43597273734121156;0.948372991704545
0.2611091488353158;0.7378772380174421;0.8613190541709705
0.5071866496330901;0.6811154954721758;0.6663585738185193
0.21868465524521907;0.9600832486871969;0.3161815363800915
0.7024342240548117;0.008164890631098043;0.5307802234511154
0.410942156262439;0.22922681697252711;0.21355499383296717
0.3921145351060199;0.4277366123927181;0.5729312822388
0.6568421539293248;0.9522348875622784;0.5782428951109226
0.9558968279009646;0.9917945511674254;0.23391451720894185
0.4338960766988167;0.733270938004533;0.06598215330027657
0.6725605560931195;0.1624173134511373;0.20020579892724322
0.030017605349314747;0.7479222492130271;0.3352048927148944
0.362464101595662;0.47075974174310087;0.21406190031124284
0.6854964505225322;0.2629210178883644;0.6014607999506438
0.9912233024906457;0.46961223751497483;0.234521735201627
0.5750977876135539;0.9468695518311673;0.8983850718426669
0.8409620617278105;0.2342505849470895;0.30960316246426844
0.9096699949714144;0.40360608150605803;0.41504795449779686
0.9522079489106129;0.6344259177797742;0.002466291375707863
0.7267155825561081;0.526658629576968;0.06835451670315384
0.5309619326633955;0.5147405105624758;0.07912571653860068
0.44610926462625;0.9906649202211653;0.18089016151762527
0.6685319095435664;0.7523952272827468;0.6590686551368403
0.7992649375542678;0.26335098906095034;0.38258988320289045
0.052627934336940574;0.4812940132798703;0.5355211271608487
0.5659550810143315;0.7941228164315429;0.6276193823794549
0.17220837472368322;0.16262989759298507;0.3423689660509718
0.27687444671504846;0.9831148315037732;0.9504993761997014
0.48119966340400344;0.9914706281169005;0.7014291882835043
0.2558892233018094;0.0268344530251452;0.5284783487685906
0.8365118289863696;0.7599962660833007;0.6479541388735779
0.5747435440360047;0.8570182670148572;0.6887857449255927
0.20847658770266786;0.432478574249896;0.8689924939212911
0.7460899245934531;0.23060111755460688;0.36548010690659893
0.06722920280788514;0.48475948026432336;0.08073469014218304
0.7084115830373465;0.14950128345757396;0.8824536678043972
0.4133176186032351;0.9607027013811871;0.0014435507762716737
0.01316198532599444;0.19873495680830366;0.07769341771019467
0.44433965662824015;0.1363941744885947;0.5427997548921435
0.37740114484891285;0.6978932482019262;0.37444679297003014
0.4890286592176849;0.6824647202250674;0.3841417651127643
0.5009221125076058;0.17266247612865104;0.5097247535446173
0.06451489619712059;0.5604273185315694;0.4221081808619146
0.8513885616181361;0.8022947979702236;0.6440064432413701
0.7708644052698261;0.11028424974965056;0.8526913511302737
0.17161517015909533;0.2392417585048734;0.8337838929733199
0.6661903153005598;0.31348073244355035;0.6955205665945466
0.7794719321375604;0.801301699372907;0.342110214034697
0.1828691408328691;0.7990036087823164;0.7795907884506056
0.2961445768011186;0.6565531404221395;0.3853397539734399
0.5006385920624582;0.8253378773375915;0.22547372658037956
0.9840649982914603;0.49767523053530005;0.08665805468864363
0.5339351111437771;0.8624252995813436;0.2522591249676862
0.834351304170782;0.7460196269958029;0.7182117929447396
0.7889564489977253;0.9512143236380546;0.1528778035561339
0.24637464108971907;0.9035938451386725;0.29199293936381454
0.5995695979785065;0.024383825441878892;0.07361748471993534
0.3429238162223245;0.9734282108877209;0.21997088512283558
0.0860160388346336;0.8486259910702083;0.9246285674819762
0.9582469769545935;0.03752642626325009;0.24998934908341452
0.18997987497453905;0.4566991246263604;0.8490263903756611
0.59882348695391;0.5297977964667677;0.9197302828049732
0.9567535747677911;0.06381025001145435;0.1922326990481944
0.46687075218732876;0.9431500109627029;0.570190418429286
0.2519851435200554;0.9676717081413969;0.8888891936362641
0.7686506557234947;0.6302846491995383;0.6115761008424063
0.40517516315698154;0.7207621913507857;0.3521453074876536
0.8647015322645349;0.6217646625795861;0.04865710492909203
0.9813010441973996;0.2891074133033452;0.34023180149722965
0.16646244833039725;0.8971375633683438;0.15784233496823075
0.07088604951868127;0.5380572334578075;0.238516013419121
0.4242588496636198;0.9923017767558961;0.13288391058324256
0.6887435350031921;0.7898956942941273;0.26365096250571984
0.569125131397376;0.8123279101964973;0.7626801569944119
0.08317298832074649;0.8230077301569431;0.6142751873262517
0.2386957156997329;0.7517462191790936;0.9869367364801703
0.8267317406027023;0.6618407508687307;0.13254920259826508
0.9178556407244381;0.2074674332522004;0.47760194508717346
0.07712020455056201;0.9558883438382325;0.9501768560167313
0.7199953957790536;0.08359852222389852;0.5473841312299734
0.30066373317244055;0.9847459271250051;0.15528054933086433
0.6087453330058169;0.4382771270249922;0.5812646477136005
0.5831734707902564;0.7286914148330713;0.9143718132714853
0.41024409229855907;0.07410509914726193;0.35676974715702303
0.9749313059292473;0.2675081076104098;0.04521871273979683
0.6201277908609149;0.5054627448752363;0.7739518592809908
0.35815467460720396;0.16105265235013178;0.22786924094655825
0.20082369157990776;0.8927838909946337;0.31303166498621005
0.11549257681865643;0.03228279746853113;0.30165495044144264
0.8601122466380545;0.04277880528848399;0.11636994260722466
0.0014123547037574458;0.9394405367626361;0.07717151912828124
0.15490060610660228;0.3068995382618487;0.0026260167891467567
0.9926783184658754;0.0034982502398822612;0.07731868288583976
0.6041458946340271;0.4925243948200875;0.9424764161792799
0.5935422327435318;0.9867220458160659;0.4204595768316146
0.26191751692692444;0.57492500205551;0.7662898539145111
0.9038311797707536;0.06195994275843064;0.336897685808627
0.5458895579986207;0.6443261393716649;0.9441079919250499
0.6233059446429577;0.8429018142429808;0.897274667807898
0.755270748687484;0.8378910510292678;0.9245814718492555
0.2595888253709744;0.24437946595315974;0.3243324691534679
0.47103674582587596;0.6355901592230271;0.7014564255099877
0.3077458395658649;0.502499608115424;0.27604700897425105
0.5037371453118011;0.6870392007643904;0.020808880706723265
0.5448872617627841;0.19111840802175684;0.11877472824405488
0.3422545826130061;0.04392370041485849;0.9108702909289057
0.26212846158921843;0.7953485712212229;0.631473121117932
0.3130205539794574;0.9205200748677353;0.7329479169847072
0.8024730617330965;0.4509853376381935;0.14327819285805932
0.7717272951984635;0.8590110131937208;0.7547846361731978
0.6446592813011304;0.08701599706148655;0.04568089009949272
0.661408867403619;0.16495366328081806;0.5317804700769281
0.7720343022832062;0.07975401287467576;0.520013109783656
0.6934992250270072;0.3168606455926414;0.18811351248984876
0.5456526356909598;0.9485030994764606;0.8446863376733426
0.054444976106909015;0.029256128436173978;0.7664576135200122
0.654987776758891;0.4809411015267091;0.013040324903682787
0.09546799571988307;0.8279066979582199;0.10101147746842887
0.34784241755045164;0.3639402382115813;0.615877320945407
0.646305144882963;0.8201884300608334;0.7298200431925032
0.1836658784260744;0.3301146530660073;0.5167430158058247
0.29836242309972794;0.49116283244003356;0.30359687048316886
0.3675045425466432;0.018008883686884802;0.4288195905650606
0.6201129045310044;0.7213103683740681;0.4531132736056609
0.7820964848967069;0.8959440801557499;0.4195018633997114
0.3651045124154919;0.6232068847781737;0.43351557274097907
0.7252381156401179;0.8760332687830213;0.03165765902252771
0.49253598757343053;0.10173613617219945;0.6553290373628253
0.7274812823080367;0.4242892451673894;0.08521610888174236
0.34369414212052696;0.09650128463414698;0.6074524705872937
0.08533165061275683;0.3859345736765618;0.2856299849879007
0.1004891678557156;0.7086737380273466;0.8222388012583536
0.16202950614640876;0.9098765619771471;0.31763173021600866
0.1778276551488055;0.5829400150614101;0.84394117420985
0.07468174028386532;0.10673758168533065;0.8989332719194838
0.9322320363032364;0.3891990801350137;0.043223721059785114
0.8904925697437794;0.5740992606759521;0.005961135133891515
0.463222885297752;0.08438018906621725;0.22571028196197418
0.9122003858281832;0.29617023587536806;0.5948005090513651
0.04526580276068315;0.24391755790700786;0.36416543692258585
0.5715923075999743;0.24949857060111902;0.28009433973907283
0.4859997856752589;0.31200842447854027;0.7083197893315883
0.030866984421611843;0.2752427075285281;0.28085805925111196
0.08508916008500822;0.1510434526406369;0.3982691959313769
0.3222286616433486;0.8257780744528259;0.40985847300897604
0.9065586285858935;0.12546479276269962;0.7542161918736421
0.334994736226056;0.8530936140594056;0.7120165767184117
0.9794774382837356;0.9707374819379644;0.6022345886177256
0.48838066176835304;0.6543770923495442;0.6950674265549047
0.9910504420368744;0.4834351505961648;0.6596198543234477
0.7636579031792846;0.31699119374792006;0.05916568535167466
0.9004237549361473;0.8492995817173448;0.09897796178932472
0.08332874804872303;0.758469926419726;0.9749126293260678
0.04367622012501293;0.158607668031153;0.41940791525076215
0.5362822320668083;0.09067514569214519;0.15214354887800496
0.7629726012497824;0.1627898232276317;0.20827145207532805
0.49882109542648534;0.22308334910785388;0.324136429930037
0.944430828957114;0.795017642963933;0.12523974458064302
0.1584958074038313;0.793067848671527;0.540396639334291
0.6490610123895465;0.3317674155068432;0.2635909191888408
0.11914785292953112;0.4425859557715345;0.2463555927065444
0.824171706359029;0.928682551707016;0.49767725693459874
0.5865805726737973;0.014477962874191896;0.39506467455224004
0.018530239364869527;0.9608497144850341;0.19160311879502778
0.7451614057297973;0.6991679163775101;0.04725141731749183
0.11933967474052565;0.7757988029821172;0.44512342840984975
0.9849627644738064;0.8210942337587044;0.301190686708669
0.6303688439905076;0.5845544012009133;0.8598206856342901
0.1991819111706543;0.4410013156725858;0.4102779260722256
0.16775316875226354;0.8672348379311318;0.976615494135686
0.7465572492146443;0.7379893951303729;0.8069255818466056
0.12904550281157534;0.8516936980858472;0.957446711439878
0.8222176505489498;0.6598741102508624;0.6279284975047021
0.9097959748667764;0.4047643691956906;0.23016304286381362
0.3044640413572751;0.43644043819012523;0.18790887394739064
0.08141564260376455;0.3720638531095275;0.8388807246351225
0.15352204907588007;0.2868027957343896;0.5645950537320941
0.017102561335986977;0.09760682748754035;0.042295556991408856
0.6988302473477503;0.09101444489737065;0.8344268596780489
0.38207935377432556;0.47021599593448293;0.12139047816398041
0.6909413373822683;0.8332370058788107;0.2180169589031571
0.9621578841250404;0.06463924222829864;0.7476421596669096
0.24072360161354334;0.05227200407918775;0.03802371677111771
0.32508443423543165;0.8772435858962738;0.04615326704271194
0.31547603379172695;0.6178005730143131;0.6917924620501139
0.6326607364650109;0.7675042370105469;0.604718224875559
0.29093688682360763;0.27749006559390343;0.4873268093275386
0.2480153635829384;0.9529905805426293;0.035425338026812914
0.5955786522830798;0.20366145073321018;0.5275811846538907
0.4742235132925112;0.8584036546574586;0.6396845157254263
0.23392134763990668;0.23090126568405156;0.18464845524216622
0.5071057198514078;0.2931398102760595;0.18035738940031043
0.24728343343237413;0.1707307673422268;0.7449789981896322
0.513729953952061;0.4359154435012973;0.7543031258085799
0.3513867740138784;0.017993609895500473;0.10007638839764033
0.28977347336957215;0.16359679061166732;0.8101967849804935
0.07887288992399677;0.35455046032054605;0.5725420070467078
0.9781688291221801;0.8637623810751932;0.49354546833185586
0.05219007418222321;0.7628547994296319;0.5259577468960502
0.731921281663644;0.035475564971247486;0.11365449048345655
0.9996665045285165;0.207928490060862;0.9460037252436662
0.5264548399244464;0.5101410654160514;0.5467969694225349
0.5803947477194581;0.820041908506611;0.2688345780757464
0.7562967070252572;0.30487123980091757;0.7936832867709442
0.3608642655566152;0.39505984191087395;0.06033748257000027
0.015053817576608952;0.9410752255178138;0.5706746401823315
