0.997865068355035;0.017226377087294464;0.5889051273490953
0.819788229952378;0.2837694348937405;0.953741312328377
0.24933265726959064;0.07614310071812769;0.53730311680254
0.4810349181420427;0.48792976014704126;0.5601755222928629
0.720200872141975;0.5461784726907136;0.5963319339745725
0.5861325838694158;0.8159958715452053;0.062052196279198224
0.44734749615309377;0.43098870621472696;0.8167368151131867
0.5777728337258627;0.31805616714579343;0.22961383653179956
0.7214073339682964;0.7565772361188402;0.3953206138866001
0.6663112116585823;0.8408261006536217;0.047536023970631724
0.9244176794310588;0.5184541185541764;0.4225589282493585
0.8336119436783233;0.8945185736206337;0.5437822753240789
0.48200680372250915;0.7661502028408655;0.0021759615537503274
0.29681090387652376;0.9473783855684295;0.09635549524892806
0.415407961744758;0.7654575902038847;0.8907260517416608
0.3279477714419008;0.7509356750606958;0.5483665069710588
0.711775394478473;0.042370409612665694;0.02774237831708959
0.15077154849615526;0.7575933569222904;0.19009486715918011
0.32414894846372466;0.5407455013781622;0.8895832439581868
0.7877299012822139;0.8927734434568444;0.19714028271621165
0.16719758764010828;0.11245318484996936;0.06827373261053249
0.9730409854764391;0.6821451361930515;0.12136387533168402
0.1281844400719745;0.2549117213178449;0.08621285689346991
0.6704982199639203;0.20590082735713933;0.00023243688698426634
0.30669191967710696;0.5072477972187077;0.49892379177762414
0.2587013723964662;0.693720817699058;0.8654359868665902
0.6102948814462923;0.22272077191785455;0.9676003836635522
0.865131858456334;0.30308539332333706;0.4635735591781627
0.3091200733457454;0.45886270386533634;0.8628416291772633
0.9941323611828748;0.7217155029076917;0.7677301280516625
0.041870538523095746;0.8190621002820332;0.1313923297373406
0.7760266672353876;0.560225943214095;0.8056570305802822
0.22381627131661186;0.9643335401249052;0.8127762381503151
0.9382748624672774;0.5241556669324215;0.5048771024479137
0.9130792774929931;0.06061704989060168;0.7310032773873304
0.388516006787322;0.6215923997200146;0.23550494378192344
0.6533059459259485;0.7023416323062549;0.7391878606541606
0.2410972721553445;0.7049010141936604;0.21900988689299772
0.5624656827160962;0.04511046850401246;0.4623955196798797
0.6684931483330105;0.27869097733979176;0.21618091864679956
0.5025815353892328;0.06942692588888166;0.949423633408687
0.7122221617851963;0.6206736980281136;0.07038199748969887
0.14159101855910294;0.3957908441492406;0.2444945447240432
0.9571685724036085;0.3724119221471667;0.36147357991114304
0.03403643947449697;0.1091842643428127;0.4228297599363806
0.49795164083172183;0.30869480250093473;0.6858753531299014
0.8779047596361196;0.1457539034508143;0.416469520558835
0.9013789214168328;0.06556540454245241;0.3486590837256194
0.01535141838312204;0.20737935424223386;0.6920222502652144
0.08717936415251892;0.9387061277907927;0.088078761769122
0.4475610684719963;0.27430780577975433;0.2160124445738748
0.7214971095320948;0.10109513944175441;0.106537957887055
0.7922604087292884;0.11739794230642042;0.8414138835601038
0.628449484783805;0.39101944564810887;0.2630674835991973
0.5214309313111001;0.39770216292650085;0.08373661867971782
0.7481265555276281;0.7705330303143427;0.530794930020867
0.5581715212023504;0.6011797628160129;0.27942455352926276
0.9322814034678173;0.5831249350737072;0.7207450035297213
0.8168272685931359;0.3816339762678237;0.18772271662851125
0.3661225554586841;0.04292373096032931;0.07771321125209674
0.4749465419789124;0.9197320444615141;0.9827483644794234
0.6944956339689425;0.9251242703436757;0.7287636633354928
0.6239396247142852;0.23342392656382838;0.6989624940831339
0.7401938568195731;0.5803544518258973;0.9052275244454786
0.317404429749366;0.01925334936309797;0.36542304697685346
0.39479182759956777;0.3339014719174419;0.05264882527335646
0.25793778010640467;0.33233569434048504;0.34831674383035405
0.6460795407682407;0.9059499301694331;0.8876608543288291
0.5637882696011017;0.6823320580550098;0.6668741437844993
0.2358101724850915;0.4458589954369159;0.5633082266479388
0.4459266942896768;0.30164152085172935;0.9946924425711972
0.6515169746847276;0.9490117480559868;0.5055040046913479
0.3288339498765681;0.16768036479723936;0.21833565953185663
0.9773467458353094;0.5749260204351041;0.6302179364247275
0.17356649914819366;0.6307470768493384;0.21544677147185265
0.8820282068311215;0.5898671265863517;0.05702528627406933
0.20958528921707142;0.6841178654553103;0.8499336549538318
0.8837731816658921;0.7326337806540544;0.00958434218445503
0.3601268516856788;0.8768099769787823;0.6006805532700944
0.5252314288903553;0.26837664934076844;0.6921781872964048
0.8609839268956847;0.14643306907075504;0.7385841716605496
0.7531186865097825;0.5243404969553404;0.20234100326833115
0.6872475623253025;0.26521567382748323;0.190716983806405
0.10735726522011746;0.8592827785248645;0.24242652168297718
0.21671207849250462;0.15659086845397918;0.6289591408050813
0.5750277863499503;0.018783144367133797;0.3088302673407288
0.13273908998345152;0.19269406356519914;0.35664210184223877
0.6228590324151145;0.8842623551454718;0.7587584337038082
0.7181456173529595;0.2142295345370352;0.9966285292903251
0.9872804602891427;0.7063383477484746;0.7290926348289885
0.8126678699874398;0.7751335713626706;0.7548105051508145
0.1512973259790461;0.48740421631970954;0.8367367742731441
0.37729717934101636;0.7281863350475762;0.08631139747166239
0.17732399750614547;0.6068251871797026;0.28482989720308083
0.32690579602039316;0.14958489390989793;0.706382885678256
0.26363211317613566;0.20566935872586756;0.7022673130978958
0.9385727492941972;0.1503169678317574;0.5314995421555411
0.7269676247321308;0.9548826773324623;0.49563807599497345
0.638882204364543;0.24786388835992312;0.7401745698364478
0.8028378240893149;0.9391390488986997;0.9965498377045298
0.05136255776090981;0.4422183016890414;0.7217240346659185
0.1568435417072831;0.42004531223815067;0.1096114333736361
0.44331211235740253;0.6575067392935356;0.6249292063942645
0.05818939197672057;0.8010197157572101;0.8832875385554532
0.8111410258534476;0.571532707991981;0.6982972876717525
0.14535817045914667;0.3117399575099896;0.5237922597345205
0.1283344051609262;0.35234303895676544;0.16662571163879536
0.3855856544703291;0.5515427510744939;0.5221981331168658
0.16214879679084193;0.8661674579663908;0.48414875485914866
0.9574870011457635;0.6426924263735065;0.22204581935413725
0.7490209827481268;0.8116371209611745;0.7697608426445299
0.10364275021208746;0.12530695656788504;0.3783280241774739
0.5865603531806708;0.41666222957683396;0.8377285312075953
0.36886388893052213;0.5901673009451766;0.8935544863942411
0.5610610430548325;0.6583776032749068;0.4897670091195153
0.9269269511756386;0.003309701815894517;0.05654329587732665
0.6653877842884907;0.6104941513277412;0.6483341578931887
0.9553821312575326;0.014190875415378112;0.5810249112540579
0.5204293771309442;0.22957295222951235;0.1452670325813461
0.13013106570560118;0.7622018034255316;0.021531537925374544
0.9670684646323612;0.6063886026462489;0.31017254673839467
0.7284534345667059;0.16088149291269005;0.13813538386912538
0.6297202460072255;0.2357203964592769;0.47138277313906773
0.40472156133492065;0.8132648551690981;0.754931841515869
0.567664769233999;0.6778475162193918;0.287826615874585
0.9354594143727737;0.7817421255485696;0.7237454297604784
0.29332530727161477;0.655471585959153;0.3160090540227235
0.08726383395164261;0.7849007172221455;0.7226075566443432
0.6876700890457002;0.12322115798083944;0.027569462441928372
0.6791009964723183;0.9445714308091595;0.7868868984386007
0.413267493718951;0.45035421120412633;0.06534828888893962
0.8527055210745969;0.38560346401402645;0.9966563612984684
0.1094520560618033;0.6847286309118014;0.8126185246058204
0.7213889806701573;0.6127911424544517;0.3972870987047423
0.9848843313404487;0.5446090149118147;0.8012262896176865
0.2868030982834071;0.9635726653044386;0.3614603364258834
0.4298170922870409;0.4644558787566947;0.967826619173558
0.2059575419113504;0.45699928096724407;0.13113928443057477
0.72678943234981;0.2441074118845309;0.8385500114151478
0.6103173391794272;0.13963317393056007;0.09446242241051439
0.9833616589424433;0.4344290398215348;0.18131682375267988
0.4294802462260565;0.979589806697231;0.2148569930318739
0.857174749614407;0.6163745327962386;0.35707272253050704
0.5832087490043332;0.5611802170420926;0.9869603662718883
0.44651513721590197;0.8212397661868397;0.625699464135515
0.7161858705096965;0.8954305771571816;0.7135316120928759
0.25969186710970615;0.4053433751724558;0.06987193750857446
0.9331225758001311;0.8226104938202724;0.5767873867212374
0.40393715476621983;0.6577814060696179;0.70962736098396
0.7973252398599605;0.6385746311825985;0.7266368009599918
0.7987070783536703;0.7773450564271638;0.18485496420862346
0.9039010477635652;0.9754164199647218;0.0688877051197424
0.5378344770477332;0.5030389322572176;0.5470924956754841
0.5073354489908385;0.39974911633941224;0.6910857220937864
0.7515410510801692;0.44450080199981934;0.6860797683735812
0.6412884060461705;0.22508191431370272;0.868308387006234
0.451812110947436;0.06393810167516012;0.236106000426327
0.8538629471883851;0.7349718694423113;0.7522502817210996
0.022786612562910258;0.4820353556784427;0.8082091137548321
0.761176015546948;0.23325065405618162;0.2107228346110529
0.3817175899230838;0.9736379976684415;0.799485649821167
0.7423818448105841;0.2982500589426229;0.8790256005836539
0.8446271142559827;0.6419411042922424;0.9869299808306832
0.4914399765646008;0.9493313983914837;0.36245788937051826
0.4111515130389656;0.9333642167959053;0.6227300758234494
0.29079586134569435;0.6849038397376391;0.34184138823801635
0.1315446927287709;0.15117573334165202;0.17682223902756156
0.17785228657007102;0.9227618157408644;0.27197195164202315
0.5448817118647754;0.9385206128627364;0.554111288903596
0.4490244543912367;0.17521600096978884;0.3081869398966428
0.6269359645115816;0.8192401470623576;0.9029798301219215
0.4445994520706342;0.9135459379256197;0.488460943014156
0.867109639732048;0.6540369309676036;0.16186064411484524
0.23028047108762117;0.8446433039442304;0.15574133310857896
0.5517269300626183;0.19621670815302128;0.21521617637407964
0.41716652536350596;0.9911694544345588;0.9235558225415762
0.6184857405203246;0.8009883828109601;0.17644197344702683
0.4018253938055415;0.8075393006276563;0.4979428730456069
0.913722313156473;0.7613330806382084;0.5192843826010453
0.9262219442055365;0.8484403102065132;0.27818595971957283
0.903527707179221;0.3942874796516126;0.6218028994479602
0.14258495368766033;0.17528024631840866;0.4859168460068841
0.8848092347892142;0.6314831459712393;0.40676383113817993
0.4786587146443383;0.6680334157253752;0.6796656109445793
0.3165294684765969;0.1729063784101058;0.04815281613072098
0.15547395582929047;0.15558134155400438;0.2628825423673443
0.15547820450796213;0.5300455843898367;0.04993475527994007
0.8433890636200128;0.9561144365376953;0.24439023666480597
0.6177894631440225;0.7028466112494082;0.8519515631007909
0.33994439205141447;0.20163604205025987;0.7907000723383553
0.3881363410275426;0.6419201454571638;0.3013606048957692
0.5216035362091489;0.6564795975863369;0.6321929795154062
0.9695233152591518;0.35791463878139784;0.9055566721805762
0.16502844744744405;0.2284444842079303;0.7599561579390454
0.9730022121246289;0.5335560911646404;0.8949803458266902
0.014385289985703209;0.5400704478843732;0.49907660479075755
0.6627134430010776;0.23645820788123895;0.45689679162705266
0.8026588711103688;0.866767819353789;0.4787955262617597
0.30198208451550357;0.8570245884808798;0.7993665443270779
0.6297328317641021;0.9527571154808506;0.036978692623747866
0.6750960230444314;0.3711432668217919;0.06767325011416936
0.773362484653525;0.4601157554887907;0.3667994055282435
0.7050928425895946;0.8660876813875813;0.12178561767857754
0.016801741113376956;0.24606800655260375;0.13031532884639585
0.37721354067248325;0.9860137586808144;0.7635574648693658
0.9261698901664113;0.8683565398601952;0.45063839736228517
0.29133534793878313;0.287188213416271;0.05516472806947581
0.5403444841888941;0.9518214012481906;0.05464339021248421
0.7072805090345129;0.40497128311456776;0.4047123523152395
0.5855898073314632;0.4110539532510158;0.299218899401431
0.3477790858181875;0.6864294500572852;0.1979814613514569
0.7802324824436195;0.02959100749520449;0.9081171116854347
0.010804564765474645;0.9910847187010414;0.0829129803676204
0.43793426949593506;0.2193929564830105;0.7221032509456283
0.8967589677785275;0.8010376679625051;0.021668413895190253
0.4549318544047446;0.7434156311618164;0.048346754119950375
0.09283328595003493;0.14763527583547587;0.6982278111303071
0.7906937011020353;0.6238927145167696;0.14377720164625862
0.42209780991582746;0.728912440512464;0.06364411353614419
0.4679978205382175;0.38862394152553936;0.2247879877907385
0.34389492121612797;0.1978202780229995;0.916024679426659
0.1115815443181728;0.22150100401529238;0.44407868839208153
0.5443104522932636;0.6502982196180082;0.47818243951381123
0.7723926709526421;0.7889059038513824;0.27568579161687434
0.6861148934375262;0.8419288683937588;0.578040128995054
0.7020881633872723;0.05564803382409733;0.849933971120421
0.10289278004647773;0.027696156590878762;0.09644008112894786
0.5267875760339706;0.8793506165016056;0.46402735388799354
0.5428179804015648;0.7122506093062395;0.06981053140490034
0.1186129533832635;0.3720114871942444;0.9688650580090117
0.40800739471905145;0.1789296606615809;0.05278765329441237
0.18333505867188415;0.3866317443714362;0.7302527609103453
0.5286207076151769;0.21712864329216186;0.17800389699339259
0.8390879976805691;0.7812722624775528;0.2551287646478655
0.7032746286253206;0.47737246548301904;0.29161122151385177
0.003567606517299815;0.5535648707906645;0.19317618774864853
0.033578923407330596;0.8244982001834312;0.11652442798907303
0.2029283571141567;0.7323286123506934;0.07873969355620847
0.030115640600123394;0.6043246944360718;0.6473318252202179
0.6973734491879359;0.878250609183775;0.21827207748711608
0.8793337575093395;0.7311426428037284;0.006716966946939129
0.8704344991296675;0.8774588735910219;0.008083666755829055
0.3369030353975586;0.32480560282789006;0.9344824970935931
0.4817506033404627;0.6524476537860541;0.32943302390642226
0.34270310612754973;0.9191152722873998;0.8739522918338842
0.20243411975673764;0.23954182125894974;0.580411422709951
0.06910060726091494;0.12178391786500908;0.060448139775674425
0.9896427361019131;0.4541990450484399;0.49598839941138106
0.846166317761374;0.08986506877629674;0.7906077096637018
0.7864925938680866;0.4692465193712009;0.6511837448700414
0.771106926449769;0.6886455707630927;0.6668314761663003
0.6748008992392268;0.5562631607044884;0.4630518872109657
0.7674186268795652;0.6820809116656081;0.7560813816014932
0.10296993374519381;0.7587311151680617;0.47946233054733467
0.8619374946139837;0.14484127655289547;0.1777942720557284
0.2585136423259212;0.8817698425354451;0.07494635345086387
0.5636803634504988;0.49840581198733935;0.2638727529576931
0.9260189549976142;0.3309759864090286;0.16274474326623123
0.36806876389304566;0.7957452844215672;0.8105129802822097
0.7757324430781833;0.6848953105767961;0.501953873064816
0.5638749926604838;0.09656607657342553;0.855981113539267
0.38011304671125956;0.08702480894446507;0.9659442639139716
0.21777457938602984;0.7926607287147878;0.1551656254781345
0.6126602892003212;0.04129881380933709;0.6542237781191925
0.6839962051316152;0.7734971417936505;0.06913724713304881
0.2128458378013074;0.44738856258213366;0.8483729808653155
0.6401413205326846;0.6489943559576759;0.12238213447115986
0.9171607172974275;0.7277249500878015;0.34779774218260606
0.5112811957418267;0.24305232638906626;0.9343056944705921
0.22414646900123492;0.8997487020780233;0.5083245239390533
0.3812597063313118;0.3317241215131741;0.5382300568279714
0.7892054721919423;0.25344110966129707;0.26266474939683215
0.47480614382651387;0.4460788895783794;0.1424021804392097
0.4666437201459851;0.6825671811693382;0.8032281314769925
0.3314579620013457;0.6846216292364645;0.92022919560283
0.9529172264732791;0.5337977951111029;0.2686415913711959
0.2785096603169883;0.2210213392913024;0.3282423300961167
0.030617133676280495;0.9072283637197056;0.24779585825479444
0.41580305508539317;0.6895481325711257;0.590230101150777
0.8580843799976212;0.751295006165382;0.23004204100451542
0.7323175814091897;0.6590497054772022;0.9288472274662521
0.4670817204041109;0.6262141006991211;0.3688746733477589
0.9847590626265942;0.9805107845358094;0.15509593330578697
0.9818670599071269;0.759771896564037;0.019183772142550404
0.8767099241031878;0.06777858285016114;0.6647006236948358
0.5019084963669823;0.4739342123280377;0.0028237781710188647
0.1981210484434871;0.6499383870746616;0.5824915444637865
0.14500462136144554;0.23341157579218008;0.507986638320502
0.31766446197106213;0.7230113433455452;0.29161039092842067
0.37837411643961805;0.10954036627096775;0.11412818755925203
0.9946074649752077;0.23750641722605192;0.8778136804343712
0.02893023126527361;0.3282777184906479;0.634224542497875
0.3825904743423598;0.6843813224304779;0.058655769454368234
0.17027892860041705;0.23229120731757424;0.49314936301975065
0.9991534904808417;0.45724584033598803;0.7559993116922585
0.418453425414707;0.7867688820433438;0.1600798766971222
0.099707076733756;0.5356142397989092;0.6002759611324688
0.3913725049010034;0.2524200328420836;0.7336535428253645
0.675418446978516;0.7304773682358844;0.603348365345142
0.2010954727133737;0.5439821611474182;0.5551378673498126
0.5756633114391515;0.18784676007770007;0.683873684339459
0.2914783277834827;0.19439803329392868;0.2337982146242904
0.8696041580796972;0.45397868620598714;0.39010084318743454
0.03844566702290275;0.35459593377549636;0.8478737693562687
0.782127523015182;0.3600395796047313;0.5307221287416238
0.6945881350159144;0.08796150668460567;0.10355788690941747
0.0933431392926154;0.18482525281160567;0.8323865552456933
0.3519567749862531;0.07222166972545274;0.528190579025344
0.5559433627321957;0.9214998425465192;0.19177057077702342
0.6328728747037281;0.10799482080732847;0.3847277791378946
0.7001529391570017;0.6666863213143336;0.8574165983272996
0.6791924378702033;0.6320391573747474;0.888678302842862
0.02096583333340918;0.5395935324734105;0.3464856215501215
0.14126285743251565;0.6576723566459904;0.12814716998998688
0.9139100456749409;0.5231619492007672;0.4879385930855029
0.6532400618191462;0.4596759535114121;0.8548611626182333
0.11049769869650827;0.7815638240440687;0.5232160294260411
0.0662354245385548;0.9211578449454699;0.7914980450990766
0.6834038944572299;0.701410546446581;0.32429623312879985
0.4313954402867666;0.5158349185434984;0.8511417973169585
0.4071329875226919;0.16986323900814293;0.07951130593952971
0.7255471980275336;0.40866601647241585;0.6926275469843507
0.18859693417988277;0.23070273405016517;0.4041532815822122
0.36411090263006496;0.33513832791188436;0.6962232614237264
0.16200149849204137;0.8222743177519721;0.09671167279263371
0.5838576967739925;0.7508341389483218;0.25845742249323167
0.2514030101836293;0.3348673562991268;0.38599736659800543
0.3943447133277712;0.8887663642261368;0.953803227698718
0.16698030496720695;0.5157743391428615;0.6706029188787987
0.7549483599144304;0.5454872895396056;0.6204320851160374
0.4542019433143446;0.12750416863345715;0.5410879691295177
0.33674245457821605;0.885441315293877;0.8916972811113784
0.9422829799971969;0.6650278466811717;0.2158996966760054
0.22229792519960412;0.10432808039547092;0.9054564501757366
0.8403071817973721;0.41100320277486246;0.00046485603006862775
0.07717766374158685;0.7088415216465537;0.7294669637099113
0.6863170905725258;0.24972177233567405;0.29461888602341835
0.3731846720101675;0.10446408198168955;0.5067038799135157
0.5698369425183767;0.7504729288471171;0.8044721661055658
0.8166750751292862;0.5074580923445585;0.4594887825985514
0.523859307789716;0.7631668726705633;0.06085577791927488
0.10823420647405091;0.026591230350725636;0.3654732177924568
0.45325883824855984;0.21149411654274353;0.11428131673166997
0.5316061096016355;0.9976020390905956;0.5067569197036043
0.994766057160217;0.07248350846228913;0.38732999580080074
0.6136635596905254;0.8605011565494955;0.4014412883661037
0.5854301993208283;0.24176211027403527;0.5382878383292895
0.48400045903556177;0.20405276916004433;0.37604590866589394
0.2297569270199583;0.03416575756631113;0.08029547023046024
0.2353526774517738;0.4615218924032485;0.5648188164129692
0.3634074727164389;0.9901945807392265;0.8787255857168601
0.2920490626823824;0.9356239294693683;0.4741759709207226
0.8824252143953781;0.2218373860592735;0.23818204418481748
0.5922919906315772;0.11663970259105205;0.9543224382349662
0.5342301234771283;0.531036629288261;0.8136859502933032
0.9849237467138271;0.4215981380089925;0.49714311064383176
0.7242921492864351;0.5095045278531395;0.5198090240600025
0.9112806286169157;0.7539989401289828;0.36849009446144454
0.5662593445650865;0.4453693820547343;0.8841768126579677
0.6551645308246775;0.3839918081094488;0.9113074565682417
0.893811441950387;0.06578281839094835;0.41114497884702084
0.07373002752912194;0.731750619240426;0.5377276258658381
0.19427266402323773;0.9853104027417785;0.40155534045130004
0.3051717539443951;0.4188627107236599;0.20322112199413778
0.8857540812529244;0.19439599025004228;0.07262163504349828
0.5163180034726164;0.7096742103556803;0.5753519441700533
0.36520929605332075;0.31111438372053857;0.8825044213646843
0.45116872338840286;0.13936281086741376;0.5815930556105946
0.3323383345350044;0.9633475952687117;0.25482333815398506
0.7036187509052577;0.9472509082077032;0.3033098907670698
0.20356510139014794;0.33240571236774663;0.7060271589781936
0.3819129441487584;0.8257526191362334;0.6629342014276012
0.16816462653970865;0.09575685848662074;0.03135333081894731
0.43102081882078624;0.9950066568415347;0.7214815901528994
0.6198927680562628;0.6269350313858888;0.33939406745896994
0.8877927486899958;0.5733520409311139;0.2856917075844413
0.3771478244393083;0.5669116561342221;0.4820408329892406
0.8383638578871299;0.00686967843203512;0.5892651380061487
0.4355934524706788;0.16532947035086643;0.895960967783947
0.5280098260727802;0.5403044149812829;0.9020416733974937
0.9900328263166553;0.1373399304039733;0.5370007133798755
0.2346847287297874;0.8838670596660011;0.9374049603383929
0.17581932392671062;0.15293406476047877;0.3900997258323996
0.05801054349233492;0.6098541885675737;0.03795132034708382
0.7824368538026435;0.1260867175347179;0.17346310301952916
0.7650802701525051;0.516151317079706;0.5754184195387867
0.3652366077647894;0.27497321807472797;0.9680781513971503
0.5589716027828666;0.9164455559915655;0.49654768752268796
0.3471396308968626;0.7725365441012052;0.3972398599691309
0.646426921317028;0.7266956277999712;0.49578525955381636
0.1403960415834521;0.127130863501833;0.32483353514009394
0.7543711656170006;0.4722657037652549;0.5081400930256502
0.3245511658666418;0.6765076057120114;0.49198954270280115
0.38403933580661365;0.31553857627987536;0.4657077811547159
0.5929903078031099;0.19643012300746443;0.9820719619110433
0.3545959651973295;0.5220940727341259;0.7382002884501978
0.03391769517000698;0.7382870555472827;0.8818359655304766
0.8200826062807751;0.6036163554156163;0.4371229204948899
0.9531410800410215;0.3230961583095452;0.9911165096844331
0.39344713328413317;0.23173989929976002;0.24922198085297487
0.678105974478609;0.8312573865596128;0.6737965486608906
0.5315046023404976;0.7264121985943485;0.5374130893149033
0.49045700815616144;0.7711199386585134;0.6376696542392831
0.07285741101749943;0.5363764879709311;0.465245154241703
0.6258305064165033;0.34553608278569226;0.8621827584614877
0.36350555620234015;0.7203896814656631;0.36501898621671436
0.5855531152088171;0.032720176171767146;0.7444600613157311
0.7752446559501619;0.671737895418589;0.9489660101063676
0.20264789724257326;0.6853639219586452;0.40878767931442395
0.2548090704781065;0.2519678063659839;0.6384229146518754
0.9256982130430096;0.7188455112775137;0.08213779043258884
0.8646233293770467;0.73635605926396;0.06078744750428233
0.5034315944512794;0.006776466479158971;0.6721228801662508
0.38775736618938106;0.7628224183598309;0.6775509155396475
0.7935510485549275;0.40008620212146206;0.8162887242725289
0.7292244975378915;0.7707251557165196;0.7662688298876913
0.38233629622267207;0.057180601020618615;0.9802452192754476
0.9899128148523164;0.8467748400650201;0.18542187386766962
0.44627137979742604;0.7473916290244698;0.8720375347003473
0.010501613831906287;0.48610255835776195;0.6395104663088556
0.25329573025472396;0.8203600477420095;0.24826645868161634
0.7264294935982635;0.6158991717182671;0.3223052726184834
0.834950954773238;0.5798758631036757;0.14413826174541022
0.022496577293090847;0.4711536302287309;0.16824713178835793
0.6253494052263503;0.9312716456701173;0.9427772762953132
0.17324256009591932;0.815446592548948;0.7799377647434372
0.7237419124808274;0.15632462779279443;0.9207554451971719
0.3499112978188532;0.23178859216263936;0.030481597151784556
0.6643896170915691;0.46216008722383084;0.9984329668511772
0.22773069356958486;0.9699204333293541;0.6356908636145235
0.8327635081864676;0.1640631154889426;0.09161333540702454
0.6269357925700094;0.11934678892591521;0.09856879855470335
0.3124764085478293;0.5328019518030138;0.5713369825268028
0.09838890236343245;0.8989934415005759;0.04272457208357017
0.7977910913245378;0.1764239333856722;0.6143376343487492
0.09309830628996629;0.7575589776737681;0.35987011925603074
0.06369994797993817;0.7185538393632295;0.21126088424166045
0.7794086672894505;0.7799055428812928;0.12010309459522217
0.8459208355209155;0.5294784952874106;0.4844925281558261
0.2708898543830346;0.8481607772362211;0.2347989363155193
0.8885225009083174;0.17962634984911507;0.11063415937412735
0.6053455837660746;0.9521797406285732;0.690689109036679
0.32051413577149734;0.4406148883615514;0.5378086234986316
0.590498188393565;0.20731805528353053;0.09476852617099218
0.4269647161928154;0.07176171158089528;0.1507398258683258
0.7269468635482548;0.33188220566827387;0.23498013856612565
0.917506876141869;0.8025332118674874;0.15359123019962706
0.6695099143710019;0.7819313893129599;0.8108819187823347
0.14218179976147416;0.7664632674125982;0.8408532685219562
0.6395842133044721;0.9100716398801607;0.9760074033846258
0.7704589161895511;0.0024263866869019823;0.9889216240049519
0.9919336902350895;0.8723107809171405;0.7536488532428057
0.8798380077564176;0.9747301095740389;0.4581774232184628
0.050800982285473584;0.7616531008348603;0.5673036483383186
0.8533694954829484;0.5794119240807001;0.2674728682036248
0.7509327792519085;0.411844042211884;0.7027181991499823
0.28077216580285436;0.12558898592765377;0.5613116283039243
0.785277447746594;0.14885851895021096;0.8356952261939897
0.45210196032024486;0.5619301729215859;0.7172704937258981
0.2531132629102537;0.6927587018564133;0.321183803146854
0.9052500833036594;0.08138584885235023;0.931698453872759
0.9876587726280417;0.47028244133738706;0.6134941685437844
0.5897455403954878;0.3578360714490071;0.7865447625365984
0.0023027958427387363;0.03247259536473468;0.6057298755026373
0.23509153292596952;0.338208080669145;0.49252658805209615
0.5072192669351437;0.08992666815367034;0.9413063219463467
0.6717753810251796;0.28737114062548186;0.15771609497699823
0.4121052124541934;0.22776442497845806;0.9397533476792446
0.8344382141409152;0.6756337041860653;0.5200316292177869
0.11759130732857725;0.4054674673352092;0.9393232042009143
0.12709823994716296;0.35965348191773583;0.6588896221963522
0.8853355012615203;0.5199497051583968;0.2746126334374912
0.3373484956696017;0.694934816696352;0.7750957983280826
0.678665631709273;0.12641830614852712;0.8657763615929209
0.640298802296594;0.7038121002715706;0.50686370645605
0.7615813971731876;0.2960070687157603;0.8360075916873625
0.8817857325377078;0.856133460107148;0.48990182126870285
0.34392394495380596;0.8164445897308076;0.659011670305717
0.3617984017836937;0.5163702621830444;0.7337445401364049
0.5696503064484779;0.29708434800089856;0.16925682953474108
0.3010000069628812;0.6709253739606081;0.863252879808595
0.09744847677665203;0.0719367463896804;0.33649022345128377
0.25402225909894527;0.5252494123326094;0.9066230066869789
0.10328052024354029;0.2725028277437048;0.4828751543058719
0.8299507367430359;0.36445544870132407;0.32609633578820985
0.19961360207834877;0.22756415678222852;0.05083408483408203
0.2260573107271645;0.34232263645159355;0.14473010020017607
0.12791476406517;0.8819198204685619;0.6725611282434832
0.6752304568404448;0.13522216596901415;0.34354391451978783
0.7580676371745257;0.7672585068226906;0.23132392936381507
0.3162483716782143;0.6673052722144754;0.06004554761192915
0.9863050299852884;0.343297424860354;0.31728791805351675
0.054204658839871356;0.9162168297695374;0.025296998547020277
0.313704553374508;0.4629180434810777;0.22165711094541707
0.5823988748511526;0.7165115110924248;0.3917409335042158
0.21188410820789016;0.7148152025500039;0.061244280606899126
0.6685754564944946;0.8236911265720683;0.3571204650495673
0.3949592273944309;0.9895076669773656;0.18687447115142852
0.03404014240063402;0.20199480639224288;0.1610753152818829
0.15197003704832235;0.93715157923619;0.823743909214046
0.6279560304205808;0.1546163980084394;0.2253090348483432
0.1269019889479187;0.17580659051323932;0.6643536626298272
0.630998481439985;0.8237602445897473;0.2680089100189602
0.5045995332346971;0.18623467804652594;0.461956683420198
0.694796129166551;0.922815806377042;0.4445441953916196
0.9777654685749348;0.9095474889961506;0.9012287753186955
0.9606481679185531;0.5857701030616064;0.4984520523914785
0.528657968493038;0.5714350653296585;0.2730072543681681
0.18863120634083652;0.9365497592793101;0.27793555113860735
0.7925015859434921;0.6552887911124516;0.2410145281645455
0.19887753653169915;0.885769442370347;0.960849928559137
0.6280915193686949;0.1235793382613215;0.6648400497193013
0.720445244124718;0.5314300267276241;0.560733741087045
0.5598161201268432;0.6251424035192402;0.15128282597568554
0.2427711014802768;0.05673471218363646;0.8827410178570005
0.673344007505298;0.8011617081985611;0.7956527624596154
0.2321199518547613;0.1114684780973152;0.1007564809000473
0.4705290026250408;0.2894531288844665;0.0018501216080932803
0.32155395421188104;0.7777200433071293;0.5256967366847645
0.4329689704252466;0.7697391856596638;0.5479238027759182
0.6168195996599631;0.1390642203737874;0.861340922664327
0.479345554141527;0.2724633213148169;0.4345177842745577
0.6209509727842509;0.9315659897811502;0.441125127947133
0.5236312116937935;0.5636698898268063;0.9236887939780138
0.5843591964801662;0.22297858915130386;0.9514689850225996
0.26656066152548796;0.3465289867664423;0.8312095842245787
0.23091498041002423;0.09789035942187019;0.21963915666420375
0.5102113393828709;0.6609913375541228;0.6746850566580749
0.4438645788564264;0.5207306000038543;0.05897581504672256
0.45522835544815454;0.19290752670386735;0.09125512855153073
0.17019915858505152;0.5728964586622025;0.6651290874181813
0.35547517309334253;0.856670277840765;0.3270351552780091
0.8823587138641018;0.13352561222888326;0.6893925298064857
0.32448543263608587;0.3044040997928176;0.1917055374312835
0.20822480212387628;0.6372935042721258;0.6148158341613831
0.8970134824479427;0.9653812348520768;0.015739665304933426
0.1411036928109668;0.3413553377192772;0.6339751155196515
0.2757942240874408;0.23788818061569839;0.15283624452449318
0.8337873774011443;0.8549593880251894;0.5494105581862522
0.4472470538623685;0.34961915077266303;0.9660004412205556
0.04486613362960534;0.3920554794725979;0.7798564523177371
0.26427351788288433;0.026042077700765276;0.33204689498006923
0.5248817197613483;0.9908778230186086;0.46254832612653674
0.9295546007680883;0.4251259993036103;0.19262417254728192
0.15881024955622203;0.5074054088694254;0.6382990540689006
0.12600914167319632;0.5125654119924924;0.6403666520717898
0.1209104011399218;0.9383447542715398;0.9929386331644741
0.8377051204329788;0.45190500422032975;0.7080074431347252
0.13530662287279238;0.3440711396271725;0.9846424423547884
0.0106906808308469;0.042611886191643356;0.7925064066886867
0.7688372315409092;0.1673636696268711;0.33392774803490877
0.863048776840783;0.0830803212574277;0.9523774776898184
0.6583259264615998;0.5117432865331631;0.662804156969108
0.4106309503762179;0.6883516570220066;0.9369738259029511
0.3374898463880892;0.6873012589955946;0.9983803119008517
0.5738394975544716;0.9766178745254741;0.09199291156507527
0.7561154502631231;0.9881611463643635;0.7757197001293056
0.548500960329456;0.6447059611634157;0.14080452105313046
0.6539058879189313;0.14038895654699513;0.42415201247430245
0.6197894095325017;0.6908223909840981;0.005073080269903052
0.7018474634219156;0.32872420881279785;0.5480394219115617
0.9751286005989007;0.305492046158397;0.38577148636351577
0.44108900117892613;0.9822888959240252;0.49540302310569806
0.18027108115967827;0.24061442228904384;0.675368097609133
0.18841620664878178;0.8678525583650448;0.349435807187191
0.9960522268089272;0.3828591323627384;0.39109756539374696
0.4568948701453982;0.2724605858110316;0.3998411614674624
0.03471016644959346;0.11665461152142831;0.20272002255315202
0.9709188349858614;0.017806107470777932;0.9968795211725207
0.8816936189725856;0.6955422832785129;0.38103165298811614
0.2045386093895316;0.6715325985623045;0.41767452250083115
0.9625178586856002;0.2274733433040803;0.8118628248695654
0.4207953982383862;0.0716662366962384;0.2738458001475672
0.40646724368861986;0.9499082281823942;0.8283255238719074
0.3992752931219151;0.6772803316200892;0.22137363339779625
0.1519251535144308;0.6275582999716135;0.8878057368717263
0.32781655024502354;0.184209601770278;0.8775182161365845
0.49005107868613573;0.2086794309505181;0.32310571558202905
0.49260568690805395;0.9350256512046615;0.7344459870633442
0.568681528720277;0.16517715520265785;0.4886622991070434
0.9774411060210986;0.5226767504130972;0.760258010986158
0.6882582392991149;0.5225210325786246;0.06096621754094045
0.22443437453331727;0.36706106446209164;0.08844433889401349
0.32331452136032524;0.0986031635742326;0.3958450762044904
0.0023552704044302875;0.7186912847849363;0.16068787448615496
0.644059815769207;0.4070995805413824;0.959760079294887
0.1680469709040342;0.2041185434159466;0.5226928351183303
0.5276610141810848;0.5600761231797536;0.8719473036322866
0.4989133209380622;0.37673919538884326;0.21578450447407116
0.4608599796237378;0.14648505886987007;0.21094454264872553
0.9644226884413201;0.5423686313116108;0.19615198087377805
0.3390286836311256;0.20937385892111537;0.292627032773071
0.7592943005197125;0.07330572483173425;0.07095026343329958
0.9940548756088422;0.2557771009913292;0.9564917006387713
0.2644957829465655;0.5898508558468468;0.1726939006032523
0.945166690751019;0.8796201771708928;0.27389232139189557
0.833941707009022;0.10279245670869763;0.4277898827313834
0.07941972150807441;0.4975844473863915;0.1537609720989559
0.5229185258413711;0.9115673059032456;0.6796671024012264
0.2954917599312795;0.3651300986311271;0.6652361749679314
0.21864955502012018;0.04232939553333426;0.21344107031867243
0.3869449187215823;0.6516198870139691;0.37006728900240504
0.010308005167341316;0.159814727599924;0.8745781690314277
0.21702422615011985;0.354631704784404;0.9683317073004727
0.19028350807172167;0.07015735416611923;0.3695738428790153
0.24106381493686269;0.8185591707428813;0.5043604492134273
0.22349883096676748;0.5044725585218774;0.5359978626127326
0.9280423109280005;0.8263205814049686;0.9112819478469077
0.9634635893343184;0.16737163828733703;0.1409422784946821
0.405352687474845;0.0013120163915513183;0.9302432879771583
0.8366468261616439;0.5123531310954974;0.007530096182977064
0.33906083385882013;0.4022758989426486;0.5715137819169133
0.13092469413744945;0.28798355587299884;0.9976306379171752
0.8125016752618185;0.6455166804061057;0.39922411500770516
0.5063646039644691;0.16047972159646873;0.10619836544899242
0.4857938825277279;0.4723271903326306;0.6016127901591092
0.30837499171285965;0.23996012011704282;0.7745335924104397
0.8379056454949494;0.15318629649326077;0.6925974506170524
0.8233471164963493;0.6170426130529466;0.06789818993234908
0.8959597794210715;0.2904228283616226;0.4113490355021806
0.2992850285979407;0.2152320915193311;0.593052068170997
0.07517245688515206;0.13360623435610797;0.9329045025526984
0.9310498967064745;0.9424880882861362;0.7120979022901883
0.743304874397063;0.3023265453331656;0.2461970283176509
0.5078147854678929;0.3426420482665947;0.37200410812640317
0.8546522883466251;0.6884891632437493;0.03398996033501067
0.5027573144564778;0.5537814727812056;0.7658657357414248
0.34259877112421877;0.49518214832168084;0.9893406019629604
0.7740761220119717;0.17137004000384404;0.04312570408123628
0.032274035161295456;0.010487001490306791;0.4113984489126383
0.4271076175860078;0.17592169108168565;0.8896739693951443
0.5964404947386348;0.32119937322270253;0.49600693996911294
0.12416670547475495;0.976820641513999;0.9591553989601954
0.20383255103789966;0.1364289307908778;0.49422475375708774
0.8509613959856132;0.18370439021810703;0.37462763321215053
0.7164759417938643;0.7899622228363985;0.9467241011907148
0.8628417113511564;0.23189424147917692;0.6771720748949007
0.11767726057943806;0.9524252388999381;0.32864884338801903
0.6396071063838944;0.5394811467092525;0.32188518084409545
0.3093810002950339;0.11629009439484583;0.14633314675151765
0.4155965732973832;0.7565007105345024;0.3868161712798722
0.8377368517945837;0.07748801543415285;0.7678827398039746
0.2449526973831876;0.9123345393591479;0.8353568437600948
0.026104835718485653;0.9900516063129957;0.6113478057993473
0.34980257895128875;0.7417866786843065;0.10701156549495916
0.4735873834052853;0.9197408195336938;0.8588943495186376
0.8659088709912083;0.5321540188795235;0.021033350441959087
0.2425182858803534;0.7194383940003662;0.7846688044849083
0.365181744122564;0.48060499353074226;0.295898977967178
0.06474426392173505;0.028756734238131187;0.21274397467727846
0.8470643796777308;0.9555155227845065;0.6732910687664048
0.5318378061441605;0.1010467133003895;0.6655558807197263
0.8556792361598566;0.4816826233720104;0.32017001820284396
0.37601908937311823;0.6930483795272274;0.43372361099719126
0.36071535540884825;0.5264512040594214;0.10776782140426411
0.9422434136925856;0.24686571678926394;0.6380196269320781
0.5625459682928267;0.07826426115924756;0.21410666674855372
0.14445173564692615;0.04104289938226657;0.40907624223896966
0.8144967002676761;0.45831501697123667;0.7585496659722034
0.5846103788396028;0.6710606286933603;0.10389039368454789
0.42125609033591926;0.20411397731871417;0.4014698294365243
0.03887576069790166;0.7428954213473615;0.766938825291765
0.49889817123443647;0.8154745919850956;0.021891545131705548
0.5739302397372228;0.19851445988780447;0.95760787339583
0.4783338070206852;0.606530760134654;0.9724072660957559
0.23011267450187212;0.21957380986088948;0.9961324795245702
0.475917509753944;0.19443208215907526;0.3446140066480018
0.22241837656684227;0.295529814998469;0.2949354543826008
0.08274253627246464;0.938241359698037;0.48843520904462556
0.5545407476273122;0.28380152944833026;0.9371789700177463
0.4213007105615044;0.05799892195591083;0.5036750358805808
0.707634105316343;0.22189820569843588;0.058863152030189325
0.057987138232268864;0.37806994343713773;0.3768901452298612
0.5765620688572616;0.436835078014014;0.9316061030601581
0.562335500303011;0.8659347343281298;0.06362441712818956
0.03922409079196787;0.5303813730585626;0.9175597975120542
0.15573203520833845;0.8750960170055887;0.9479166427070604
0.8946300442859336;0.0862186854276582;0.11631592033859262
0.7886034537515998;0.7027874195334955;0.019332647448846885
0.018317914747738917;0.3485101865058392;0.5048037314730583
0.7643762201012916;0.9503579325649133;0.5887783786622881
0.5377447910194381;0.4103625354584731;0.6241408582713499
0.9967884861939248;0.47069144788657147;0.15600155911015678
0.40442691289373445;0.5705817394399809;0.317203833343365
0.3513254141338026;0.1901371326643394;0.4370061215667197
0.18514703095224927;0.5321324171826094;0.6678891770281625
0.19309998681701734;0.621684317573893;0.35138121596866134
0.8303690007291453;0.2713142209616888;0.0976531815464231
0.4933204602617426;0.2232606131547119;0.8204159844152926
0.749303551863903;0.8972694063436403;0.39378772059668765
0.11126787371422542;0.2648513430958247;0.07933964133203197
0.7631553944412099;0.7351706072670281;0.5966221494600037
0.22956316646710617;0.4710791756757089;0.03634518550600829
0.8026108027546018;0.39964255938675286;0.03874173484453525
0.17471243337807707;0.7841973582511892;0.029331069280641664
0.13064932124662088;0.19535508247359845;0.21469995526620367
0.7435783965033458;0.3964537981820614;0.8657465592307386
0.9647925097070501;0.5921565002789937;0.49944777284413955
0.4199356153246634;0.6604737418192771;0.3370406201787145
0.03435540809490267;0.6447767609193287;0.7405495320958844
0.3030262829754289;0.17904668469194795;0.11488161986395495
0.06485109155777857;0.6836560643451711;0.07842369149566741
0.45618011120074187;0.6473317493371086;0.43114563598968725
0.5060065887427169;0.5552881349512018;0.9698018380260489
0.5559440263326819;0.5921045324278128;0.22309261142706582
0.3561788758144452;0.54268451232574;0.8794323182887712
0.6829556410503247;0.2537936325428909;0.8526033906959332
0.3219579236265899;0.2719938423716828;0.9866247502938204
0.6448823367479013;0.380305299725315;0.27823138125021685
0.4874570773341832;0.21549777242451562;0.8886383499133979
0.6357317343937184;0.3472219730620164;0.4714508578790557
0.7418621182491253;0.6319651445497404;0.14912549130626407
0.8623602214228502;0.744182710912815;0.055113452775802485
0.7544432967245738;0.06536478502395582;0.1950524693099447
0.7224608311033636;0.059614419480459424;0.9206648506395531
0.08333392666331463;0.20799492794111496;0.69349638183493
0.19765492916478844;0.41146230701915276;0.6676551874598611
0.2749867186379531;0.6088585341621239;0.2218174545971121
0.8718931767783921;0.944925992154921;0.1567876583365685
0.40766985125786026;0.3479628251461182;0.4435002093579872
0.20585138368726175;0.3526629260384978;0.5468273883028278
0.4106641895367342;0.9367885498466942;0.1043744670921547
0.2090429335190045;0.80479443443431;0.9155967624631549
0.7368760317485296;0.4520887637309705;0.7724371824872578
0.5823174003244158;0.14492802176659247;0.5234798465730429
0.1975624817348547;0.021834996442153032;0.6673450661845192
0.48252002664096805;0.14126130130462722;0.5320856258261635
0.9925648221217022;0.4746144394777737;0.8647861612368115
0.390272703139105;0.7324247722516062;0.7782278878381705
0.7900276592591552;0.2815076487065389;0.39067426870937716
0.6720550369156998;0.07154985551804849;0.6262887573204027
0.6610162672723103;0.052593570163803505;0.15258429318583266
0.7543728031274132;0.5104981240992422;0.11869511172900093
0.9249214075040711;0.23625056212015005;0.7418298314936186
0.4384112718588755;0.7179643524091597;0.09203161670188997
0.6953850052012928;0.25333878562743917;0.27230349111565333
0.35297700786550024;0.6538587068953361;0.7552873786299723
0.19197198196126442;0.8861779859883799;0.7940358395603797
0.5631445491885767;0.27303847508997925;0.682999774671166
0.16906200652416037;0.10783442900960793;0.07254124551529828
0.33063560035412387;0.8325596787173503;0.0067885917965323506
0.7865802924720714;0.421768437719223;0.8435484465261561
0.531388769823155;0.05402296062954326;0.2801632860895853
0.6285763268346645;0.5908007311872153;0.8727322597477243
0.3166983190613939;0.8569252705239202;0.009369094187524518
0.9958885558632773;0.2888910117990158;0.6964601739857778
0.755093697054205;0.10468664229753388;0.7571816282685128
0.5633202665484034;0.40781106864450667;0.6529251046456133
0.36280453152445413;0.17591403402567585;0.3620401400200549
0.3093992681335104;0.3064471505860431;0.8095149631510843
0.4649702747382901;0.025344928366421215;0.2658056845618667
0.6021968002077748;0.9424484842122607;0.4556834645457376
0.7347641807050519;0.1231559280996748;0.16318522803214508
0.3177062114977316;0.8451579630675737;0.8913897279682177
0.47913393915084124;0.3995391958178467;0.9607155301773358
0.029712502453209222;0.9267530875620209;0.6788692932890635
0.39363274289100636;0.8833674408696253;0.2717359647020622
0.3998028310842462;0.40073593012367636;0.20339213548691393
0.5004668069117033;0.9404457075413948;0.8364804958189667
0.49225167645873025;0.3174640164260578;0.8482563184888008
0.6703580068001613;0.09010708042190285;0.053151596020886926
0.2969827019727107;0.27868821063519367;0.3942183891760871
0.8785716792838714;0.6361434656308113;0.20782721556820716
0.6625027674510774;0.9474840128646077;0.4480414191457178
0.24840279976256574;0.9591055078569907;0.6286229206175336
0.663485825820893;0.8128586358161293;0.27271324750998394
0.08095365598453064;0.6818186750325933;0.9191257600199818
0.10747069665494446;0.5688613026699537;0.30940074191180855
0.9280975801846467;0.45927383853873927;0.4073609410584367
0.12717519943755518;0.1955393639411147;0.40029336551136563
0.36109262477411097;0.67794707991309;0.882473533048607
0.3168143730616447;0.37386968647816465;0.6051899790576252
0.24090279059050212;0.7956074131465936;0.23191171809899247
0.8854795871793512;0.9839515812437143;0.63137504216401
0.43251446796744286;0.08579078816524521;0.7548604313716075
0.6676767281942975;0.2742434480720912;0.8018543416188199
0.5826535433518698;0.33647820877428425;0.6820645051647561
0.8704454762223215;0.24198288373345;0.07739747134365893
0.23232457057805989;0.08922471122163234;0.031076490977127613
0.8296995640926075;0.9326881931854563;0.3763031564301138
0.22434514206960243;0.3469997559408603;0.05410844473865961
0.4690386467179508;0.86960975935471;0.12130986753915274
0.3414501405414576;0.6244329908267692;0.9814887601462178
0.9756572331523549;0.826956582973923;0.9810061334662606
0.5535130864875457;0.8669788854082233;0.7287809571972929
0.5073125365874706;0.4273477606036258;0.7648705216420356
0.3114390592420201;0.8547024738573521;0.7238415780084705
0.8501814226756292;0.5749795313662456;0.4144731289479259
0.8677063917607574;0.058581797883501596;0.5673306639506234
0.7979545162825749;0.17478829914022231;0.16913035690654898
0.9347443779871679;0.24411097379498914;0.6335767717643865
0.2621949836934486;0.07560014736614362;0.8216534523558711
0.9592768959297878;0.27016288164155466;0.3324830522825506
0.8066957979545277;0.6756033410370077;0.38660898066836724
0.46423741344120384;0.0887027776574405;0.42123311066498603
0.3288436988026282;0.6745894276744226;0.636309275158513
0.5427822946792401;0.5126384629754484;0.1480852240330539
0.7975274858047341;0.8086111177726838;0.44325755547176204
0.7001250865650689;0.70230571209066;0.7827614915816336
0.46444278262156924;0.2475880247501644;0.9819720428476363
0.8004251872490219;0.6171835000076364;0.6886952536490284
0.32406326930147356;0.6917854516248346;0.038197073270560544
0.9091657987183456;0.32321613230234303;0.7680229247130254
0.9272206613507129;0.17112646901316475;0.32772370064664735
0.23402350137679384;0.9765598644504909;0.39901035675279994
0.8156948415291798;0.998258972339477;0.2353712218949463
0.62108836646877;0.03415657646043524;0.4231515104196556
0.7859150096944721;0.6715791932607557;0.6500789076275996
0.3512443346138796;0.42723239648698663;0.17363342545192295
0.1052065729087498;0.5291822444867007;0.8753661810690635
0.43896227024666457;0.033641805617761644;0.3870401265588015
0.0633026697943121;0.587932405943096;0.7246142408964337
0.21966938160657046;0.3840962754980608;0.5008385150952901
0.9041652615521785;0.8900118742347123;0.6115523604376437
0.6697497950071338;0.800172757646628;0.8030289698688187
0.5665606135491954;0.45901377221407125;0.525262809090385
0.9868281549520703;0.8799574140785906;0.05386223463498818
0.5883953531344732;0.9876797448111261;0.5715638614595606
0.6251291788523433;0.6297905744674172;0.4640342410832027
0.24451003673881444;0.06280871893460394;0.5453236106169551
0.37913278817053375;0.20746507807177628;0.9561925143582706
0.6059927657444323;0.7897049549867353;0.5561004098954606
0.10335072556988756;0.1981037850274513;0.8253592084549985
0.02316082345146786;0.2952225383670284;0.6183672163759908
0.7006962557661484;0.8648248445823178;0.8833438385996292
0.26737248285239956;0.49381111384026666;0.0970370717854333
0.5610553244354304;0.5584106537716934;0.5044631337776889
0.8039602083871297;0.35653587901627337;0.6460594120682739
0.2794706044152633;0.9703503771494152;0.7194807764092649
0.40786588314888417;0.7028677720843056;0.13675780705804919
0.48796557123700235;0.04721867764448484;0.7794284357377734
0.6049457776564717;0.277377327495831;0.7836412229119755
0.8675881773646164;0.28714814938199706;0.3736601094398714
0.9023535382268117;0.13612304003036668;0.008599409489234877
0.9824047172422042;0.06409930578131529;0.4484957595573038
0.9462421019697206;0.9232906921854074;0.9620280618279932
0.8791051133359694;0.9261198397483129;0.6129975351832628
0.9101631072650134;0.2223499677752272;0.6149392457582886
0.6117447707170164;0.8366299097458939;0.6628654360825583
0.8655107069907879;0.5895252414011477;0.4926613832180703
0.8644876149788113;0.8207091456288161;0.014482325636404614
0.05563547474573016;0.21847012421362655;0.008687695329317235
0.8903564259084269;0.12278145022063958;0.5854745229905972
0.06001280893804939;0.9258420922028258;0.1658957634773892
0.2540500294459088;0.24055250014778118;0.6594947969386185
0.3807158409319781;0.6660156383240137;0.9016303487653989
0.8648742451145667;0.7278185512645122;0.30919736009378573
0.17120616586626358;0.37800989665637774;0.9734510474332336
0.3396114094963404;0.9564006294776017;0.6668315721060631
0.5959217127737242;0.45706706111184137;0.07995750301647442
0.9246018206231793;0.5548159290494825;0.17628258319575119
0.6286231269233191;0.4350759159810119;0.7845648723749792
0.415077817131809;0.46241971272263926;0.1287226224187633
0.896398970016005;0.729091801427366;0.802070205950787
0.7285287200881762;0.2921519070655585;0.5323951449267356
0.04289430555490692;0.41849759782862317;0.937254581381086
0.2581306943022458;0.13057026264563787;0.11073136179857979
0.8743179905814678;0.1510726021302604;0.3535008261506841
0.6650759464207024;0.488159905349391;0.16374812419453366
0.21888814487891484;0.40997253850252846;0.0744596484488903
0.97332654140644;0.2804244674165477;0.08213743954243014
0.761407879415391;0.09686312733768809;0.5254742003647818
0.16132024203379214;0.4573202079871189;0.13499413684439487
0.8635540579932897;0.3172173180900353;0.06714902875531292
0.6271225313068498;0.6683231608642486;0.38917765335309806
0.7465205836052063;0.902448360935442;0.20731267172535806
0.6134706475834267;0.9811526238184185;0.6878860282698533
0.41356590192984743;0.38710285966083124;0.13686089705321935
0.49383646621412114;0.8466001582804743;0.283382525965414
0.949593676123278;0.21314668515288726;0.8208215921316221
0.7572509351315796;0.07620744475839503;0.22162388546527179
0.000368902978890584;0.7718889536624642;0.6942561420196677
0.2813988918385594;0.24234496649488624;0.09401008953103518
0.9870852142427512;0.48280567770345395;0.19045463505348015
0.17588688298140676;0.42015190464653684;0.17394602969424633
0.47126142297138096;0.23592064502720345;0.4021444712762151
0.1700512798341497;0.9185385807573963;0.3457648227364919
0.1671817602365142;0.8844390443618574;0.31070520075001506
0.9294305133953762;0.6546990607959544;0.24719407457137899
0.3494831937437347;0.898528529937324;0.6733861086346918
0.7871449892540953;0.8142561084097929;0.25439067040882113
0.9724306358215556;0.46486566951228114;0.020187859591479396
0.6934691706928927;0.6510755184491632;0.36115595622598606
0.7792864559715269;0.2577197343600677;0.9149180666297333
0.6147825391933007;0.8502768433255062;0.13733756632579264
0.002773708844116096;0.9408767467730261;0.042497917049350575
0.7678260119133845;0.650238771856173;0.8097107336761826
0.6440942364569576;0.14771314857955598;0.9052872199563732
0.2062115036083182;0.5789510776937776;0.6606968584680739
0.27111998121115066;0.826538412469874;0.7266392623698789
0.38699644064965943;0.5897633877175641;0.8373513015580568
0.2502035074028732;0.6242005178510718;0.7079060983327384
0.1797591431611626;0.39311023722133565;0.8696784567348003
0.644237513567439;0.9655743023191851;0.7538059633839354
0.9191552284833678;0.4130268776205853;0.28787429505172946
0.11777598505556197;0.5449179704908501;0.7832707574098339
0.21163655100028145;0.6509122489874789;0.3150704982246132
0.09402077984336799;0.4763068463867428;0.5929570393475134
0.03438144360594708;0.9812056838791242;0.4773677827114585
0.3426811514678262;0.5258298826230448;0.45891709219291976
0.686482321805108;0.9231101529861344;0.31570717230694345
0.3951728369895947;0.798602438501629;0.6994534436332696
0.24999980594863858;0.7061651184403196;0.19719923250855798
0.8351617458198183;0.5151068257599369;0.0638156403464688
0.6270461722256482;0.5823294615447635;0.09549015964742003
0.8094902070882778;0.753179063964672;0.7604222118907908
0.26211127403516454;0.17284392468367715;0.329661561588826
0.8087015842190757;0.3561347456416367;0.9930208350225942
0.9823481130859878;0.6574581144092442;0.7264284232986116
0.5069172259348048;0.9352036376870279;0.16476613607038237
0.8837509745751944;0.253576324526801;0.9296919382026251
0.7569927911461254;0.029098475139204494;0.8780340334162997
0.7570604711283876;0.6790252936882685;0.8579497539791747
0.14595621916796275;0.027527458356010892;0.04459233554954356
0.64209785800524;0.9144381344749368;0.6214738260537396
0.07083314300936372;0.956991702039434;0.6524253510322048
0.5674838748412234;0.5858338618424941;0.14545128422469655
0.8584616270520038;0.4426174291883169;0.4859064740539688
0.3919978688245259;0.08481307067491772;0.8014973342665754
0.9768481597621689;0.5513781577159239;0.1567005521119762
0.30571739621780947;0.1249426320989735;0.7039600558108496
0.6537191368915871;0.16256170634462663;0.025018246557018897
0.5031569917179326;0.557588483700176;0.4936126278530629
0.5300781046988581;0.6399173740820758;0.24979322049337493
0.3199672700990671;0.23099928350551402;0.03975701801809428
0.20622317720240757;0.4271479853065103;0.3965151262683263
0.20508507990919334;0.11466307760231542;0.8535179556468435
0.561206944959748;0.3211458921001804;0.3931447576611985
0.859357613009356;0.921472684285181;0.7421789492708307
0.625542369429054;0.5941260582879134;0.222911905727464
0.7675630781572353;0.9532687503404118;0.06881189821455591
0.2667524172242631;0.8259579658268635;0.9112062564332788
0.7122294200836244;0.5403357237746708;0.4069045696708917
0.8123837292844145;0.735518464135263;0.3674702259300474
0.7532205320071943;0.46331956337076474;0.17669919927355127
0.5667008330795104;0.5876022275455572;0.06367024779167685
0.024359008418992856;0.1076983188847489;0.4252168080092926
0.7902198116875039;0.11631777610903093;0.4191915892401773
0.738789892653445;0.35074493345446955;0.5958928474112176
0.880740693039872;0.8022448705868661;0.712573427771564
0.6304421461157402;0.9700417637395033;0.2791436956908252
0.29056221996158405;0.6610474601879052;0.47748537984498796
0.7018768263464519;0.7218368230729958;0.402761021567971
0.5052930777490425;0.7308210523855349;0.7204059031781677
0.8037650794828441;0.3412275326204909;0.8145376706741836
0.5984474507791951;0.09403763471432613;0.38501094033494887
0.669327496154346;0.8605939548589937;0.8660315278707507
0.48007540418574446;0.709763394136045;0.10404185890239936
0.9687098547310744;0.2230556474655988;0.16697528345645463
0.19996138443253486;0.6590455663561422;0.4170290046153009
0.4587634854688174;0.7518789145761746;0.022087109533855065
0.9760786388457023;0.40421920824604185;0.9747749753285132
0.3925727522051915;0.6724428392977639;0.9680051630698838
0.7007314772357592;0.6863727444569171;0.35213778772387616
0.020421816994983244;0.8856582914154093;0.7977743934978008
0.05957878336602651;0.9778003206530683;0.6438974687153614
0.09652506123266291;0.2467277668295682;0.897989224677256
0.9095962312230519;0.7386574689061581;0.2615136107618228
0.10338986228026814;0.5275709918311331;0.4933297709660318
0.5326694650905263;0.26695415454651783;0.9778369279894544
0.581472936329736;0.10937838921302456;0.8604310631273782
0.4151264856542245;0.6208729735245274;0.05504480157135272
0.3771854021196712;0.8814001742191101;0.7510989747647754
0.06592470833060704;0.5706518807020596;0.8906211566291855
0.14748844273975315;0.572691005293832;0.6870459401840704
0.7662419508680847;0.8430053649501318;0.7993502510713435
0.22685649345499814;0.4626715566709563;0.45498698519021485
0.27374124065064864;0.6769528011820072;0.4831591054235398
0.3596280905530612;0.36441839487443883;0.05996386395692754
0.7919102375645264;0.3771290213638724;0.9690628103550948
0.9637911961621553;0.30345382622097583;0.8261871378653283
0.049477876409325994;0.7361305327085856;0.7606997601040065
0.9383739943951699;0.5386285882394124;0.38958604990422374
0.4506082771565131;0.7814999452224825;0.40224410347240813
0.8668918626287626;0.018388959590268983;0.611974174902055
0.06783026028362138;0.7409455203203623;0.1268275422043068
0.3600488107845714;0.9134656367091658;0.18265063836293716
0.5140741726836344;0.04886055842619086;0.6925722172259462
0.9731872324385458;0.15946636336074138;0.4851989030760421
0.0798648081525013;0.7577345509922214;0.6035573499644354
0.8914593510752499;0.5328641875678326;0.49725446373461235
0.9542279792983366;0.3919794282585628;0.7302294313902467
0.6914375412169066;0.8755819951433259;0.17456569882478634
0.9855215908557775;0.9943930864453445;0.770508340172289
0.8457482812020349;0.2940482228885104;0.8484908990057425
0.18055051091227747;0.13907412111158957;0.7225212092136926
0.7357914103460824;0.5706512809322712;0.874444439997307
0.1515505483132895;0.6361824273820442;0.505806183269411
0.3366633454154586;0.48641432963508635;0.8733247466010199
0.3617960687279741;0.09126502925716751;0.6958809102668422
0.9300457229518639;0.6535803303254086;0.9948433623306868
0.044446601153560694;0.8230596497551048;0.6103185498544529
0.21580232602463756;0.4611031710841287;0.619184742527502
0.37677033737240184;0.4186687496124547;0.5261281217075197
0.23505667129861463;0.15845703781791098;0.44799215292119277
0.6684861838905508;0.7370547643094887;0.2646368569846219
0.7056588609812378;0.4074320194598273;0.5485546092444668
0.2688007222215435;0.7699999843668305;0.5411635000715604
0.24383413272292465;0.5305558564682074;0.8944263646949584
0.3168182177849479;0.8244200399925925;0.1976225741187152
0.8323776828290499;0.23119964491722356;0.01530769048900893
0.860036930938621;0.8545190878353394;0.5029121271881818
0.3140163316892901;0.5788118848206836;0.5706219374129105
0.38742039016898056;0.40456655385662;0.22052492608015006
0.47766972467565627;0.56283967687585;0.505610642001961
0.6098279149672063;0.7162466895225117;0.7430581086521193
0.6177442566867812;0.1100379925885655;0.12882332133742858
0.25259009795996423;0.9065923806432926;0.01017325898188659
0.7506687139058165;0.599003185961277;0.03796379598149324
0.6086939765073951;0.32429128107913874;0.2667258145056651
0.31332411912580427;0.6760842283470704;0.627084296158775
0.01931399108125975;0.1829506551773814;0.5224833907389995
0.16171260624556627;0.08280380294172163;0.4685390410977943
0.12957283503297612;0.6268310958258386;0.31971107555066647
0.8417283773832414;0.21154253572428228;0.7645993114875655
0.7005515147884059;0.6173367696896925;0.4577067781850752
0.6134291306596088;0.36567177026124553;0.3871188236518526
0.9621339739096963;0.6237013718447465;0.13472628217032812
0.1297588096317005;0.8244536626203787;0.6459099014617035
0.960151025630586;0.6313788729759234;0.5875591997221481
0.05212265598717303;0.3975961483473902;0.5667967097201654
0.3261405324919936;0.06018263732732032;0.9780865803161775
0.0852281481375411;0.9528754596517675;0.2772808323962661
0.5728671733833507;0.6302031182281623;0.41251786413784153
0.24624765148223615;0.5812637649217129;0.8846943097236271
0.3014740622094383;0.6749773358133345;0.6983217813105641
0.08812531798754641;0.6472712115112995;0.7721949404739672
0.7935906421181705;0.10321291743571925;0.3734029361840071
0.19750277648999126;0.9917253325093942;0.12104963899752785
0.38823620153429983;0.3401927463431522;0.08286033944314664
0.23534867436847973;0.9595493490237047;0.5528120921619557
0.3903471858512655;0.5485219138674335;0.9829375907078355
0.39648102486961456;0.02083995878385181;0.5670239730496461
0.16574507518138737;0.4848913074124398;0.5802879321905331
0.7381277021698002;0.9506289215517962;0.19050520606779786
0.5765582404198081;0.04218103759445091;0.0009319137381864628
0.21905205243383818;0.3489061374173037;0.2982877464674204
0.27574033603323467;0.1902056169373061;0.9387836297566307
0.6529172917731373;0.8622653007790495;0.9081450238052133
0.3304759686324885;0.8009872716905994;0.6953730773174108
0.6637045349414609;0.06812443328731843;0.5591749890767422
0.24917429763881171;0.03734906434292795;0.9470840237617323
0.823638813833451;0.4596887641129177;0.23365561989529637
0.04964118887518354;0.5023033373622785;0.625749896037547
0.11511747757219137;0.870883484990054;0.14582130632790358
0.6593551904544114;0.7564998203807636;0.5333990297012493
0.5901609660938241;0.781957739772792;0.36149693878151856
0.36699558211234407;0.9866903672103541;0.8110789113850801
0.9407565342607976;0.7161454759620378;0.0844468183506718
0.4452995302740599;0.6547403366455253;0.19009149451644314
0.9545849937955092;0.07172783117830495;0.42895035848785945
0.7041227900998892;0.8474260120579332;0.8407456161848531
0.22727146526569753;0.47442344440429673;0.5108786472267711
0.7715276644631874;0.22771143115190262;0.839352785765386
0.46036695537211525;0.8331069596793723;0.23287681834161933
0.2627453563827524;0.15239490739746808;0.11779776094899452
0.4615521654751953;0.36850498617068295;0.8371446819239126
0.8686058428210065;0.9779749406753653;0.9719083545726366
0.6963635479641788;0.18837234612034903;0.4350563010467663
0.7630175922156499;0.17848069281076595;0.07329381788579559
0.17765044384423823;0.5415422310026461;0.21944230713495383
0.574415198928196;0.496349906539686;0.13510188909220355
0.04937868535029322;0.6648229720336364;0.6373577414980224
0.42749579285816397;0.9701040374020907;0.4758827175449142
0.9678356472666154;0.6875268492713345;0.5443891241291215
0.4793367592261569;0.48122343323681527;0.2828765257486513
0.21102397179363774;0.8179630686404044;0.5137894319733254
0.9930745173641831;0.11359213396532208;0.6054589064585542
0.0452953117736683;0.739414544471886;0.08130487911996731
0.7165910986728345;0.6816603466816279;0.28709740594326416
0.6823447458449956;0.45728201793806067;0.7146126432376455
0.3930193011166888;0.5357016124417462;0.2823469848102671
0.09244891147712109;0.32828398678594095;0.5640047455099558
0.3911466662969988;0.10479912869110619;0.20682501141601917
0.5574214966112642;0.8124872040411698;0.3168982266702699
0.6469416883260889;0.6325035800971849;0.0424194513896583
0.3402497392234489;0.8395077285305801;0.7565629356939124
0.45801948634675127;0.4117352626671056;0.9645228257191374
0.7565287776458113;0.0924860677785524;0.68999664565588
0.8905863545293135;0.4851063190498396;0.7438369038340256
0.14669300970021215;0.7628238544734933;0.7819486212786102
0.14864740021782707;0.8231086636802202;0.04489027136471224
0.4158051071741238;0.7268730027229934;0.4220926095345541
0.4008231411343628;0.6220306332418779;0.22573080675407198
0.6907821096773434;0.9829042533577004;0.662838606766746
0.8369114037238972;0.520164764064357;0.2778908354002415
0.032932022952684936;0.022788616043721954;0.34769665874025046
0.6917345218971186;0.4496583323760518;0.9621779059674083
0.9714257727424114;0.3517419495763492;0.4287933460722735
0.9847264395265289;0.5017430248785286;0.4150071226974802
0.5400448972786087;0.18575377454452457;0.1449775359883051
0.5237844658203701;0.8772155005855045;0.34315213860630145
0.953627381173763;0.6756118484950998;0.9941338329550261
0.34652014126391006;0.35081716635880833;0.2664538297749691
0.5339085264867693;0.8759440065061004;0.32909400573287617
0.52827425681949;0.7949394829317264;0.5076218992419488
0.7192230110935857;0.888765020150597;0.2727910935759905
0.5642667740953317;0.2574085787026089;0.1830027386364852
0.4039635850115605;0.6607741792236296;0.9764428487043677
0.2330316422894022;0.18787774523253553;0.2681617468975823
0.4465668838861847;0.5382091121795094;0.7675953881465999
0.5458814312130094;0.8395183834709614;0.23005439023452312
0.7245917418679089;0.7904825787387858;0.9171086515543796
0.08179094334086723;0.5631476934118921;0.42542486290408454
0.21486779864743244;0.723392312939035;0.12296071115255369
0.8999550828082169;0.4413189845511645;0.8050482486241596
0.7747460165143976;0.7012173534142188;0.5807923243437502
0.7950900447847402;0.5950579151059362;0.7299612250953652
0.29077444785441064;0.43901606859048525;0.5941617181453482
0.700125325314113;0.9268446500716659;0.33962864160944184
0.8576811717940943;0.6841047742592323;0.871774480507821
0.09864746409127456;0.8506186644615279;0.061264320613814593
0.4354904630665265;0.04003640359531213;0.369160363894652
0.8625106725409858;0.6321123726884643;0.34404522702978835
0.383756104342723;0.9949690331322312;0.33444350433534775
0.7728764310997798;0.40728670890381624;0.7956711909056837
0.8936492124080015;0.7878583370633006;0.9796498648517901
0.9911147105868595;0.49455520555283405;0.15500989156964928
0.546844934976643;0.7590707236964847;0.223938149094987
0.19612857155771157;0.13826668174133805;0.04236199194804868
0.5568444690398308;0.3555741009082076;0.540314231867275
0.3882311122095744;0.8711854179041819;0.3031326460360939
0.46687176992069956;0.5268227969173965;0.38437957584439897
0.16966420125700066;0.4536724947924994;0.31326939952110355
0.2824395126262569;0.15652490739836478;0.407416519233182
0.321780290101052;0.20544482284778565;0.9404602454805525
0.752376411320196;0.9051512590150333;0.8624477124808086
0.4192096228607737;0.018615952396566104;0.6715906330640569
0.37513120952590673;0.5692296920956307;0.07858210608867677
0.26862207388331616;0.10271868366816606;0.005172168627536999
0.6391965278949869;0.8091726923895507;0.6286008193589518
0.7848868607783797;0.49312556678091535;0.017719589706060912
0.50725654421504;0.839582964896074;0.4111644325047631
0.41669538382943605;0.2750359864183394;0.4083689536088557
0.5519446800288909;0.9340348552792437;0.08770982267804839
0.4779718328284327;0.4908048669624666;0.40394755259467285
0.41874378148862557;0.2967010337381013;0.36871525920300086
0.8936424927279277;0.31745768287431686;0.0022819784769303464
0.37460938880824257;0.897958514898011;0.2774374857853481
0.790500797350046;0.7517762974054654;0.7050382309729957
0.8554650364292943;0.7392653396807373;0.7534506882001096
0.2738128748195623;0.49960549174874924;0.7497835260161575
0.26458560681619625;0.3402912309613684;0.22589552219969722
0.23485185372064366;0.9089683677894486;0.33109947823906305
0.3507343686322216;0.356735029497839;0.6710382906455731
0.6434752787825152;0.5376024549581299;0.5723439902223126
0.09678628204204653;0.954490700936679;0.517773021712368
0.10277528344507336;0.05941771605897295;0.5145796790035996
0.9587667820148942;0.9880930166136758;0.7360894877717711
0.2975704746376271;0.29439801542199406;0.042603204105065684
0.027650266969163284;0.873208394864569;0.7939841697487612
0.9528898621572307;0.6631790110265302;0.26105484238243926
0.6058552375608309;0.169239179892693;0.3574201567938122
0.4809573660956816;0.34304928215807273;0.9350782166130247
0.5190884544243823;0.8675046870304208;0.7308423758950783
0.9164787545692059;0.8259670147493461;0.14400055506964804
0.6401327357007931;0.6973453537272085;0.27233044493955383
0.6722518695401668;0.6521461063768361;0.2226772199645406
0.5501027438288896;0.13463827815471396;0.6087487707571745
0.08618433704349182;0.6533923716502112;0.5230397405291191
0.053462852854722964;0.4138449302316912;0.9590887889771397
0.1386326879407217;0.6689356275740983;0.20830048956370673
0.3249017022658104;0.36090171268738747;0.9662463341530346
0.2430085561271097;0.9015892864200025;0.6458243464009549
0.551576073129283;0.7598253175942701;0.28055454529380175
0.28985583523732816;0.28083105831116173;0.6254591241953398
0.3492463558509509;0.8548837692943334;0.5101116817236592
0.42334407637705573;0.70373202216887;0.1692095768681291
0.9633965064507606;0.8213856152751918;0.10566625743360214
0.29212372445197277;0.9378240563003084;0.5389395338779609
0.6003615311718037;0.18234434532563215;0.8096379034956835
0.8493598547146454;0.4852649708311252;0.8668183875967659
0.0007062319937397588;0.7922671270044994;0.9728434182908269
0.878558137583971;0.10768542845621965;0.7655187895820568
0.7312940925448278;0.03223845118750901;0.8444201081688817
0.9701861603042803;0.9282358111765419;0.27475378063934164
0.7132893194920601;0.4231335987304661;0.847622274809374
0.5013739039080715;0.3006056753336589;0.517937954267391
0.985200056008372;0.9042580301262966;0.6734584226694804
0.9077591053846022;0.8664438852191454;0.3625080883117179
0.7885399478751699;0.3487199966326773;0.3836952602614623
0.5832696728192716;0.7955194160324854;0.9519828166841854
0.4296779535833509;0.3543798691059675;0.5490509736140579
0.5896164522200993;0.5241974492545632;0.9783762611378221
0.3581224149144524;0.46893712395328446;0.23949134048412002
0.6705047697452319;0.9334755980948831;0.5814029634033937
0.9474487808117584;0.4448371165812921;0.16081181047317994
0.15269800165533776;0.8929002173138523;0.19470959219411943
0.9659515279309322;0.4242062120441129;0.06790642742199426
0.5594631515299076;0.08691026729307738;0.34698660647076385
0.13362476213829266;0.8843746741682743;0.045789019826241284
0.31748262604017985;0.08226334128305701;0.957047593908589
0.13832502540528746;0.6807056517298237;0.5454714149698542
0.8752708986141842;0.6627244755818715;0.25616869914654194
0.5459888727273452;0.4099525895060251;0.14406465178831074
0.6866895680293505;0.19881146515489778;0.9337193542626879
0.3099176647834969;0.04679730204103372;0.8282328887576962
0.26393326896393965;0.5358040312257624;0.041183442780443835
0.8877848387706938;0.1787669817775659;0.7630822911937929
0.509880687972172;0.3082275863800017;0.16837330444092802
0.7137850292536004;0.4234283992559441;0.6898774806930372
0.5900653392673252;0.4401423262910825;0.14013943516981797
0.21508364247079237;0.8656600271226261;0.4248600782280849
0.4677421620332858;0.8836638658304906;0.3871934771212011
0.8330434588507019;0.8763820886434542;0.8873711754438175
0.4529824766755727;0.6099812844456536;0.5692337651560648
0.2616452492436506;0.9648277561292936;0.839660455784836
0.4668676117904902;0.5222617153996099;0.9267829334022867
0.5189060836991553;0.8639437272221571;0.2777562028580355
0.6175477561541766;0.1419929414891684;0.547053311275513
0.6203993372258882;0.4637629892161683;0.7775921954029211
0.7331641476707678;0.2738284988461348;0.14387711252064705
0.020703057969054472;0.2906479793252644;0.9668533696493435
0.5834141133689952;0.9153123867052663;0.587323569709352
0.7410716703329722;0.5732212390605372;0.7129625792209588
0.22100622113883106;0.08674618551746638;0.06353803365392163
0.8265028935482919;0.8214924262729701;0.575972090706902
0.6198451193520399;0.4955738223148296;0.45782332380672464
0.9571690784259533;0.27625158076492917;0.5884094586241534
0.10954940262892887;0.19357262049982582;0.6289851858294326
0.7155476312156503;0.11277073083610922;0.7027960994522469
0.01319462953647943;0.03983164510682291;0.36537680828057284
0.23852688702797553;0.638273848774315;0.08106973525834127
0.007024542052083915;0.6294626978727865;0.09545792167936318
0.5985812541606246;0.45926914766621874;0.986132506501243
0.8882903644952272;0.4865812362593641;0.24352617763922824
0.82558457310416;0.5006196960850627;0.17961102946349117
0.4110027401708565;0.3137621423095194;0.23814118015753571
0.8347283641696376;0.620093362905448;0.14979530402512042
0.165135407188983;0.8597055040816124;0.06712595143424027
0.3241088970843179;0.2770144436637434;0.07640775678810774
0.11567049186675671;0.5883893081855128;0.33361845964498316
0.8263552340928623;0.35046352411746484;0.11805733082639791
0.7840396472348364;0.4541445092873194;0.6870009924284446
0.08271581215206081;0.8085217963736665;0.3982285866574231
0.444897088085524;0.2573745349254013;0.6249378629353206
0.9299316083491643;0.9492535077134322;0.4677868584728988
0.3699230003797779;0.2575861182102457;0.5286410457584192
0.34182481190143377;0.15789845408161052;0.8215905385264607
0.879066324486481;0.7026995656396475;0.6108842281651222
0.9614541373644072;0.22770299891865886;0.40647496071856104
0.8840997707705731;0.576117584669043;0.20763567947856698
0.44718334921312275;0.9212391293600063;0.05438736929856347
0.3597335708331856;0.3751351887468307;0.968686360994127
0.4015274070652116;0.506170380641825;0.6651930664879543
0.15394245848167154;0.23833468179200934;0.3905723812991093
0.3347246512954578;0.5801004939820252;0.6527576541731774
0.9198204409539931;0.4227799148096909;0.34529085029778417
0.04580479406657745;0.7427749777942957;0.18414922726433092
0.034071842259178586;0.5709586507535437;0.6982942593489723
0.8380767899729711;0.6543554127959096;0.9198129613660847
0.28869373387521835;0.599417500878812;0.7625718644257077
0.6328180346337992;0.9707051997092148;0.8621556422922664
0.07932296523626203;0.6684818868117995;0.5733709560472751
0.4248238434056226;0.9933406229890805;0.3352712505176375
0.7327601571830082;0.3205594226350902;0.30374863205991687
0.053534353257849165;0.5386497586974409;0.032613208199086974
0.4626429978149911;0.6186152847610079;0.9097718097741058
0.09410871994453063;0.4690477693619953;0.9750384409373276
0.08390096562942828;0.5295260436897136;0.38741191458909563
0.45460819740866276;0.6957138231420871;0.9210549169316099
0.7802017843024023;0.7286717677222859;0.21320151951942434
0.9284811001606452;0.6481153302949025;0.9555244450054982
0.57814891556386;0.4977728686131885;0.035822206696562
0.19252398324228415;0.02161586182724151;0.9887443185160784
0.213103899414394;0.17104211539187475;0.3849959406142679
0.16852267076848093;0.30821117542517795;0.6853866313769725
0.4056224469935279;0.23124626337345022;0.056706086966585745
0.03240397904062786;0.7834666443617189;0.642043577919828
0.6294094345828576;0.960025641552854;0.2276507401626673
0.4441874345276854;0.8319357164077774;0.1194857824619
0.12020090286039775;0.24454585897691938;0.1936965115035325
0.9641713240445213;0.8031441877181489;0.46507453769069274
0.3002168953905906;0.9675510975284858;0.08382063049386745
0.4825778388682409;0.9307814357887283;0.4957757061445317
0.13424057275268708;0.44882309178069413;0.021890713410919527
0.09790468150049125;0.8471963331776375;0.4819352462292741
0.7496772818183416;0.3165696153364026;0.8746580715062301
0.11184335378568533;0.37521039302686376;0.7710490943211862
0.3387692013913376;0.3401318615077866;0.007976591474656458
0.6699301902576088;0.5595692049126696;0.10331154027466793
0.4593751832255404;0.29087819739565035;0.9047473337132264
0.9670704435519025;0.7472410070043752;0.9233542362422298
0.2917742503164482;0.973283878392239;0.4209879678814118
0.11400148481156458;0.9923382636581006;0.17391684243466354
0.6170634464021301;0.773544376221575;0.5123650828146203
0.32664349508155155;0.6329078627377803;0.586344458258372
0.7971893567263636;0.8766257701524056;0.2743438770508757
0.1738341365417474;0.639768001811065;0.5526709375564502
0.13834085424076392;0.37133580053971316;0.1317588642582158
0.13889801895464637;0.04203044308104531;0.6641681128383248
0.1926905181325247;0.668520833016528;0.9677830924392848
0.44176893941470974;0.259894060429969;0.5405745716717709
0.45122569958295067;0.0018238065941696968;0.11210126302517143
0.4323147650142345;0.7145486979516137;0.9635145938884023
0.5189127422125049;0.4848715292972555;0.02822124359180067
0.10937101417949713;0.4107248044763865;0.6670001939923649
0.5561425392122248;0.22392140654370862;0.4901321362442983
0.517076146069447;0.5188538110186145;0.14671547111447092
0.9614125533407024;0.473332158573454;0.9623511525633658
0.22098640907706435;0.14150949970877313;0.635826781644643
0.49017798079168384;0.7158525788268678;0.5895997681913748
0.4249354725707294;0.8354707675765837;0.07687114095792458
0.30629282655388135;0.42419643491530035;0.43950826314162017
0.6591892248866091;0.7252301954628061;0.08632567096192156
0.9372762818904264;0.8448759386993873;0.6456704831479967
0.47430296269594596;0.49222859192002977;0.893552436885643
0.5601628478152166;0.7401188911760284;0.7349753321862036
0.17996459851061997;0.7130158967172892;0.6571218615651913
0.4950810956825914;0.5012575132475277;0.4967335702657085
0.8418200757976935;0.8460246178818008;0.6266664722114843
0.1264993436034555;0.055232251506412644;0.14765022371128844
0.08279694305230179;0.5153241427509129;0.6183013127682424
0.2520819278836701;0.6225774337297725;0.9144293362442854
0.4019504944440544;0.35107931143427085;0.22780396348778065
0.48427248551859914;0.3544603391786494;0.14672005173161295
0.7274221338550007;0.29945000445476044;0.5118943766138645
0.07426431598631644;0.9715771211599539;0.43031253156791816
0.39437321028669525;0.7422801679245004;0.233798983650079
0.1411516910056575;0.06687439542067197;0.19570556884691015
0.4093730938005946;0.5023121999779198;0.2501845293538244
0.090073081549218;0.029683947623033835;0.9725883115716034
0.48066363878584417;0.7605508040240128;0.4696716019339412
0.7480674442011117;0.5008067856300842;0.6164501445518846
0.6797837002572111;0.920678671994916;0.5963618201246244
0.12258480926805815;0.015441051910669579;0.11909590836893102
0.8705572882813346;0.9883475105928309;0.47994416320164235
0.17839238335710916;0.6774893060640016;0.9400986156693172
0.23589682322322902;0.8164888236911942;0.1385155112705181
0.4002577431808809;0.12940284105497668;0.7574739303455502
0.9427594232122539;0.5761872466520709;0.5283120713693615
0.6452021624108588;0.8520599297028979;0.4390872236848229
0.4828721279496022;0.2187210257997323;0.5344719313511017
0.20539061419401228;0.769749243716549;0.4654651210073777
0.14395778204659082;0.269274134472135;0.46192675973321007
0.7816750450712033;0.0778942764585463;0.07404366484766023
0.2897822969863082;0.8678358181855936;0.9521043308359818
0.3294783199763336;0.2670211742842252;0.3496104045019366
0.04245332891434528;0.6973825067385163;0.22941023204735678
0.7505555850330659;0.34535418142331753;0.5718669494546786
0.054156049774159;0.05929173738210758;0.7707858421651831
0.9992133166537005;0.6512992589740509;0.3720832261092475
0.9242919921107056;0.9338865381316598;0.9463754094326727
0.3102169630365137;0.8419783387261587;0.9804023288687688
0.9655060556173979;0.25087751918390266;0.3058616110586321
0.737622425365212;0.2837972296252924;0.9191192138204233
0.5719687162845399;0.5036336978992663;0.8894885268991585
0.44400842037182564;0.8331168611330964;0.246710007978029
0.7291880921084983;0.428688600492661;0.7070929834050086
0.4863143230859105;0.9663551486267233;0.7363538672331741
0.8359135568752203;0.5384223291033603;0.8572332551368811
0.21609906594818606;0.3457308516463037;0.13383675779541904
0.956473507012851;0.7319206659852296;0.13783367001962588
0.9334376233209581;0.0691175565495259;0.07614730076156007
0.858090438134314;0.07689255621095048;0.4961403992451292
0.5141325267604743;0.02541364622631137;0.03208936821231356
0.09317327929571051;0.6860547819327959;0.03055405470020245
0.02068789868222387;0.4820087897275004;0.48051099983306567
0.5509081488262607;0.20053744302067555;0.770328324395287
0.7022308886446863;0.7787357646450582;0.060099069846513364
0.44587811179784254;0.46977187404925314;0.7994538860374856
0.28886623731587413;0.5248042969712725;0.3721966190031908
0.8843351948064733;0.7110170241448754;0.9269762357526207
0.5350488232199048;0.49411652228765757;0.3379635746171502
0.3305342137235674;0.05056593339439175;0.7241783743008372
0.9188871265910733;0.9522216315582974;0.715008210053406
0.8967143759999139;0.8217582749345178;0.8923431400204754
0.16971497292343718;0.972089554392799;0.6308146013222891
0.9441906047684916;0.3800514036961753;0.3056658724007806
0.7603797488777905;0.2089422227660951;0.5944739747865191
0.6323381979989807;0.3618336661067735;0.6806352039695777
0.6698994061798809;0.9614347118988605;0.7744640143108129
0.107073106802406;0.5954178795508682;0.7278011105800594
0.5743281461513897;0.6018047933988079;0.4041085243463697
0.159783822606259;0.2981153962191384;0.8950867657235487
0.5640187767919178;0.15160035000852123;0.34970947050380885
0.9456948215307474;0.10196430778830634;0.5275355176766143
0.6192337084767748;0.29834496357150375;0.6754031940532895
0.9460585807190187;0.6785645927029925;0.5111265030043378
0.7094310719489679;0.7043193214377143;0.11733691577476246
0.6911808620566922;0.34038454454013156;0.9481172437442833
0.1332765081615942;0.8882474291706725;0.5613601528542495
0.832804248752136;0.8317973919002591;0.8258901938248081
0.25574100600549066;0.3891018290882182;0.12062312573898726
0.20648737455483668;0.3398584156912904;0.41438491679275125
0.5141510656293701;0.12834297444925247;0.3693803446183078
0.6755190536278971;0.21617749661592278;0.04611813319268443
0.16804424099311954;0.7445035191603233;0.23455587359219632
0.2555317988906036;0.4759624074248664;0.3066131680234121
0.7427518469827119;0.13990700117907962;0.44090851527527275
0.7353531420467753;0.6225251699131946;0.4179047989748488
0.17564521748472361;0.44038959280802004;0.06740190954652159
0.5133895420211426;0.32811268167233576;0.6675736864942725
0.635098962918305;0.6080700163840156;0.3248277813498063
0.1863062947073194;0.23147835090455038;0.3643646742420028
0.7856029847343778;0.17662212135583422;0.501136649051849
0.9029152299870843;0.24452639732503678;0.8912825879182015
0.19771905318543392;0.8918238340644309;0.07480430228671353
0.8428457082052802;0.33224249890045565;0.8708074747439167
0.1740453087452829;0.8150165275347636;0.31566887318612247
0.011181503591227049;0.7437159363953204;0.262368405413836
0.5178157399815976;0.12850631460209305;0.17528153644468192
0.988046782068455;0.5947633808094;0.8475930850188391
0.9690770660786743;0.7354861036419166;0.7093003031715506
0.7076957109351092;0.3830566951958321;0.23843497611020015
0.48332699255264555;0.4110192501347575;0.9892057034657809
0.7458147413500057;0.5847580356912131;0.6997720277652469
0.1263652949471894;0.7915308718960189;0.1836466408766112
0.10055137067535558;0.7568261547639976;0.6312403081629374
0.25136801908783135;0.9638111588885498;0.41284251913605674
0.33498854977198556;0.10758529267166039;0.37692667177786865
0.8036257811278646;0.5763311719205335;0.3861120931870907
0.12148572012738235;0.6909787758392271;0.4847771741822039
0.1241468717372719;0.19817470909104185;0.9930882226356309
0.356192908997666;0.8355131343142865;0.5504469802837137
0.16324404540436166;0.20892767861253436;0.0350178972142402
0.353697827427107;0.09357521996016593;0.04736984572585834
0.10766633285238392;0.893898824451999;0.918273718168103
0.5189499438003847;0.8597397577539525;0.6234350183814484
0.9389656891309621;0.5529696749311024;0.7346388377131102
0.6311040385587509;0.6575126169564504;0.37670253227400907
0.7623929501357033;0.7143518649890241;0.2438549070846059
0.9043059693887858;0.22343985607594163;0.8405967226121465
0.20319308095012845;0.39051318678488467;0.031048937493058815
0.9924809768317927;0.7386541360295906;0.8470709429315605
0.8061713513733149;0.5457615099813756;0.6514045205784371
0.7890402228498105;0.22699419731413184;0.512499171355263
0.928193742032718;0.31587511932871504;0.8060174844830521
0.4532377634135374;0.240948449725103;0.4333697668683938
0.3996730399859134;0.13474149617616926;0.5885204366461737
0.4549044246252586;0.886681514113755;0.24273366043479294
0.3368530845512896;0.5743577794721031;0.579066542598526
0.6515189586721077;0.509477507338921;0.8463865396533571
0.3922899056858776;0.09513459589344386;0.27976750438996445
0.8158366333624972;0.48424721522751313;0.42677482683789736
0.22420009223477777;0.36899972618492016;0.4405855409628645
0.16565656209934843;0.5134233112870561;0.38653922564692333
0.8964100865025337;0.07122980993150496;0.6548863937081556
0.8253427252801628;0.12071838470262986;0.3317473169207519
0.2966463572913415;0.9609595235621233;0.9879725521638228
0.36072280232745846;0.4341542436820228;0.673268333483014
0.3354052681773215;0.8816469404651871;0.20813106689530536
0.9397865511927977;0.5304769155568703;0.7157359464441536
0.5550234045358039;0.1990100684810142;0.9275360126888461
0.5053054267398015;0.30312610809516305;0.8694943846390347
0.2797765216381022;0.0009663036057324659;0.6466002979926982
0.3766400438983477;0.05550932734445968;0.95595259736538
0.9166149812486766;0.12713376901668827;0.4290136579241267
0.389371792275203;0.5653356961589061;0.9771675272138947
0.0750389936061574;0.009435003686701804;0.6270828876457718
0.6386474014373466;0.8481062350792646;0.20276203894854372
0.7102892591974536;0.16239783442220468;0.1303873259685725
0.8190143916099936;0.9318435136888376;0.6702102950920727
0.7598313984920133;0.024081617847767745;0.406833528865296
0.8839895318154858;0.5811755212213021;0.07343633334457356
0.4987063033594449;0.744812783096965;0.5833530181490654
0.5416851105056537;0.7933592232620438;0.43269110221952345
0.11127622816259597;0.9597902247371897;0.7409310722790958
0.35643750861280765;0.3221750777560587;0.07022233733041505
0.7771809530625381;0.26023652055938096;0.14025575627817988
0.9371153274291968;0.41970266291494973;0.6099178881294824
0.40296155609899065;0.32998216288587723;0.693596677352859
0.33607952693253484;0.8300567940016123;0.4343906685310478
0.19826797782944194;0.6139014671406595;0.6667693800358527
0.9016035623529634;0.3296039931682142;0.8738486521759783
0.9752943841127495;0.5955802909701444;0.40627427742814337
0.5824431541721055;0.3132518070686854;0.05845485873237255
0.4545033699623273;0.5662025575607963;0.3977600492702803
0.751695046071788;0.41485413163669327;0.2571410294078197
0.3079111894051265;0.44664957032216446;0.7271468795209831
0.6165794410198143;0.9901372148830875;0.10963865538522122
0.4588893960930094;0.8790056470901877;0.863805996086522
0.199793661842937;0.25867069784791286;0.09799277310341159
0.7131784880833502;0.0912898898689336;0.397380878380437
0.8466349017719772;0.10587080424521855;0.5723380665165028
0.718660145309318;0.24983201193045335;0.5581715941206973
0.7073385505069831;0.7219125535192567;0.6335851628181248
0.16130122066885744;0.4995781158070799;0.981135326041472
0.38608110428680076;0.8022445764030287;0.5771781607727609
0.7341345024773468;0.6716913564587226;0.8009981170534393
0.6177906847146779;0.10870109251040205;0.7444342371023618
0.760684035460205;0.8094946880104659;0.5608886210397365
0.39225201099121554;0.07506805795092286;0.3103351005658316
0.9950034104057847;0.3416418475868602;0.004428070232857406
0.8623991972222325;0.6353943515086766;0.027962385261457556
0.38126097610463605;0.8738028232342991;0.22146514637701753
0.6669572860568928;0.46934580309952145;0.34806778351869627
0.08259152961669536;0.17688800582611952;0.48053861813463683
0.08903034650670083;0.4522461477192553;0.22116319715627175
0.17450298123354457;0.4465754725245886;0.377530075912053
0.8210816562691827;0.8341559583487573;0.551761932821614
0.19978801552352943;0.20000571694802993;0.2064321962273361
0.2934530617529437;0.7815360765317002;0.6862919347603276
0.9864824676332374;0.896106046040523;0.0014031438395785134
0.1246760425028357;0.2826038399283153;0.2686010824292051
0.566959470217877;0.4075044370556661;0.38684657846083137
0.5973556214654443;0.8070117286729694;0.45345102674567184
0.7659559137953452;0.9867750085502923;0.2810596950460742
0.2360904405325478;0.02513613416345173;0.3260725509344544
0.6324212904124771;0.4463677913396291;0.86204172067128
0.6328539879186024;0.37238410845541525;0.9599647903840921
0.5452072176598364;0.11115840502090635;0.6307265388533869
0.3812246860774865;0.7390716035993318;0.6953178492334465
0.7092190130726196;0.985294753668281;0.01966164193589648
0.5434183276554224;0.22920421802393875;0.9194605776013987
0.08364966514287275;0.7447754492423793;0.8323473205815766
0.27470588070382673;0.6491568193329268;0.16779031633014696
0.055856765285713594;0.8804413376588516;0.7791413394012089
0.7634389569111297;0.6019462201009542;0.6406162051353892
0.08182391490449048;0.29937387462652765;0.8384258381141272
0.47832049892580375;0.7262705281938142;0.21628558136798792
0.07257235645623916;0.6159505768325162;0.9270195210373288
0.1650686462209433;0.38807563312819615;0.9183911214872325
0.4032278178467338;0.6769913681112609;0.7508513488733014
0.9866933556087997;0.8550475227202234;0.6334967326138208
0.0814642445324909;0.6318527328070299;0.1438613823731193
0.3371040181092385;0.17052443658280658;0.9560547675952522
0.08633337059624513;0.4060803000759672;0.8015005169877123
0.6474738736929655;0.27063511661608053;0.13996848116871563
0.7866531508894155;0.059172428102911456;0.531958501039383
0.9043092858317773;0.20961204581255055;0.6677178403135797
0.5712844529776202;0.05618200514620719;0.9878896805248829
0.690627837195283;0.7221456512600272;0.34422606588356885
0.8534815148979186;0.09721830178491409;0.5968885895447789
0.11626556966747081;0.18172044100738638;0.18228829992655982
0.8579811917984954;0.3270649697155429;0.32381789767926095
0.6366260619302151;0.9607291227669136;0.7416495659317343
0.11756919881661143;0.39159370800893956;0.41513711261963515
0.9686760936375317;0.36549515506651575;0.473407110718695
0.19789718804942602;0.2784741531287681;0.13373857707560544
0.20415304396084089;0.7005246516496035;0.7821011061431172
0.20888967783285017;0.2438400997160024;0.7304364917160551
0.04749684537088017;0.42778399017129465;0.7744904141559025
0.562820238847357;0.45595977428164713;0.5108749469079825
0.4788445410658628;0.8593531070894698;0.0629944205587436
0.24342935936193166;0.3019107867743024;0.9309264582276658
0.4198487553285031;0.9212032454288093;0.12588842162241498
0.026502086362834465;0.5624452450957323;0.44476512784032163
0.9594245581647934;0.9478954007055134;0.7576287784904147
0.6526299694092125;0.43333121472737846;0.8358498695155726
0.3856810447020307;0.5320902806422971;0.6447468359863465
0.07770697674200533;0.056525281421093254;0.8553989737033522
0.42396575008628967;0.11142908698400811;0.13175779571288282
0.7800832536392915;0.08395687207508118;0.01578508705853021
0.32583150144233464;0.3499358752458952;0.7220618571236337
0.10502950514182341;0.7148415975971087;0.2545909799198267
0.06540641684720128;0.3226725755223404;0.29157361670508675
0.3651569437067773;0.13326909068812143;0.5940780720754002
0.45150855939853873;0.4993904088519032;0.41886408279188625
0.8770491634354348;0.3767585754350491;0.7482883724720987
0.9811206756317121;0.713635593415562;0.6337056433230923
0.03755302531596072;0.93098709554856;0.717519994322491
0.001415544641295785;0.3148750000618862;0.9599610620740948
0.15183635297767273;0.09807353175518319;0.4801485094229738
0.6200521014886093;0.955036528494564;0.4623404727129429
0.7667844543675398;0.18042834134628505;0.1988819987524285
0.2757377448532198;0.01899032215391594;0.8508793653101742
0.578053235103715;0.6997050032251978;0.6066904349518101
0.6563645633933445;0.5163555085105445;0.6733640473856882
0.16815075991911976;0.0760260034739102;0.13291592371466177
0.002385259848684207;0.48391459049797647;0.1315840150687736
0.029873247502241962;0.8869341316119446;0.38695824206596874
0.2959231521217587;0.5383013679401347;0.16833862341700345
0.43410774153710996;0.9932736548825266;0.331687417413834
0.3807201794273064;0.5083133365747007;0.9535672732959161
0.12349207547914332;0.9422423346456991;0.43836774409111257
0.27732852254154083;0.38364395688456143;0.3736552351309229
0.6822034691601354;0.6103654407754354;0.9152539556424982
0.5612762599439735;0.31365052867754895;0.8787549788374118
0.801117261354659;0.9083717212780194;0.9812026439145756
0.1401129928213355;0.8352580907913428;0.7516919845126132
0.2214035486853535;0.8272345030800468;0.15308566373981602
0.31005545663900913;0.4236858793771602;0.4474913291043877
0.34582308635889225;0.7124367918728466;0.714680348843624
0.8823254467693225;0.5241616166581973;0.39644928086382736
0.8493030633444789;0.03364058684336613;0.5621097491471788
0.9431864317741154;0.036467749720199616;0.9267180327271226
0.02773975661032113;0.11088554177418042;0.16101571310156582
0.1620476961433822;0.6433353150594213;0.14005486783366006
0.9343069407225426;0.38245132913047397;0.004883072702012381
0.043654936760716634;0.6384057289673328;0.156631880294828
0.18325579491695254;0.32833383575383546;0.38298774756223875
0.835471857396419;0.11486978843072848;0.8969267892727563
0.2945740324852276;0.6282679959236146;0.204770553087123
0.523657724554802;0.10897334760874156;0.3905203260161275
0.8948089766621997;0.9980592783849346;0.6972312139528212
0.4705236070896699;0.8619922884733477;0.5988995340769745
0.9753522133552169;0.585061887866699;0.9449249389065558
0.3924542163469681;0.25270045178577605;0.5752235458991968
0.5996035363487366;0.1435462450882189;0.4739859758511824
0.9041533798629798;0.3867957165824071;0.9413437978004288
0.32120440335159395;0.22131365424813076;0.9962349304052183
0.9495535917053682;0.6641853020669046;0.027106298354661718
0.5390552215759872;0.6246431741350734;0.3502015368111876
0.8220360124652986;0.9083376682968954;0.30169413859322114
0.22850041411114086;0.6860205434102912;0.5820426808020465
0.6037514017797545;0.145910753859829;0.3066368090734204
0.02499155182610202;0.1858024072405714;0.08242159655597803
0.5356239169127374;0.5566977465073846;0.8598873600096194
0.8470569193532798;0.8101636989462585;0.466611172987462
0.3866570125748696;0.7018555559155294;0.3514744224074372
0.9234564727396873;0.7768918071018869;0.0006785512104690028
0.3819194286692281;0.7509909347710203;0.9916367930061646
0.7136079120030566;0.8973092406905792;0.0579646786423742
0.8668960262192111;0.7946324267831445;0.6207300806829841
0.7231454266073827;0.5766339587117705;0.13349860186017382
0.9041657914716097;0.6667765992503556;0.008980449156634318
0.568250444179015;0.6674128240159045;0.8628356420248471
0.5197289399979891;0.6244457684920036;0.6985296170585605
0.20460736825668413;0.025640210353836235;0.7718249910386058
0.21740662893255736;0.2976843473765033;0.07162843149770692
0.4807695419767922;0.5848742782753836;0.8773600738816585
0.7044817257095328;0.1706961383148291;0.9132834398926559
0.43269251391711716;0.6948987192837609;0.12665986986870137
0.8606324653856052;0.6407459191495188;0.7357230995672698
0.6642843701903851;0.1633371539054057;0.7630406698011601
0.19973745502580942;0.7743767261221487;0.26816371465154965
0.0043932004497824195;0.8269873415902737;0.9553655668416763
0.4157555980520494;0.9121027326018509;0.9022301782134385
0.9839182873365352;0.5930568142568224;0.12801824598932543
0.8866453609957533;0.14591198188248988;0.4371372917105275
0.9619822726195719;0.23499432070734483;0.4933683401396609
0.4377549817343547;0.4026948545898459;0.7630023236433479
0.7236039579947333;0.5094896552255513;0.3757356467609597
0.6678971830116639;0.1372248981714096;0.033148316922117615
0.7544893668854583;0.9503160028730352;0.07841365452559867
0.9820316934213877;0.7848066506787813;0.2761499760934816
0.6663055318450557;0.5808700434618957;0.8409482799850357
0.08450053947019542;0.17257383056942155;0.4181318290517756
0.6252570322053475;0.6465910730286742;0.4294203414992589
0.9380652845857613;0.8073431926250887;0.11538768791685239
0.7955144973203331;0.4267547887841927;0.7686434202314629
0.8785742760464372;0.8776481068697389;0.11541282817471243
0.2756983953014387;0.44802314052924364;0.1941839135180361
0.42386895487197296;0.6985021351312347;0.019090813977055365
0.08816814054475952;0.3237361645032597;0.3136827525978929
0.14226089380231477;0.24184720989788488;0.9451348061504484
0.09584619695520391;0.7893195329466004;0.4953980202039796
0.01435567220691647;0.09880985257670827;0.839303025294446
0.75717359279567;0.5336673044480085;0.27593338852144356
0.1136349276727594;0.00276484160164181;0.892078875696298
0.06764399678488464;0.6535775118789968;0.9618700875896024
0.5211484784877198;0.4640351014550812;0.13887827329888391
0.8017969557878475;0.5085414542551004;0.4028686273954446
0.2580195725980843;0.8330957935235339;0.550802040799145
0.8767564635689741;0.7103981054656082;0.675840456315092
0.29983209607657446;0.34693309785571314;0.8856621569616638
0.5987309210938793;0.5472685804414281;0.09841301514980472
0.63864847119963;0.3594098456386474;0.17972333673914898
0.8845853939242899;0.26814125583071013;0.5085897384613439
0.6068948548603783;0.2506468078418266;0.7640827761987099
0.8796892621096329;0.16891529299037256;0.7078601277468799
0.08806370693338961;0.6091523988584744;0.8210881692741694
0.13307548517689682;0.3452335972464623;0.8260387835250896
0.056702880047807325;0.9683535547955258;0.33511808582622415
0.7310486328283615;0.0523980929222424;0.4125612319696442
0.8145054538602208;0.9751855668240497;0.02136824956238015
0.3591603906884179;0.1222006748819433;0.5416015153528635
0.898875767618436;0.04426615360715891;0.5957023742038178
0.8061274454663321;0.6889105306246077;0.7370964634004649
0.7928323986335369;0.18848147174362428;0.6405363482287858
0.8320275721072928;0.691535337934184;0.9554519656376657
0.17144565549801993;0.0884586543811724;0.9980811916205551
0.6242497507685355;0.011296005159115885;0.5440206906263851
0.7624915829189078;0.22221150311643778;0.13153199835369989
0.5541220179216638;0.3107197131641374;0.5582596076468511
0.09448328270161976;0.37872103588247175;0.16228032894391153
0.15219012022774014;0.8670757449317572;0.23918370020844582
0.8858819982790785;0.8691466743039064;0.09735832416052626
0.23058809061670438;0.1422826770769603;0.44822784552685346
0.03237224989209386;0.9264131277883305;0.6236346202034531
0.5807188319527606;0.13422867199396438;0.6083561243464986
0.3427431656340899;0.4804233431225279;0.9175544755225664
0.22341938680685625;0.8315664189819392;0.13286040814571864
0.952998802585865;0.06628433641199516;0.9145887252950843
0.5542838307453262;0.18764717911163487;0.5076605544842561
0.7806123151282214;0.18107264658871736;0.9346945763486203
0.2171844071411584;0.9757853315633536;0.3238101912648025
0.5524142965650841;0.6554127765061266;0.4082732504463179
0.2904336843755322;0.2066348616457997;0.5980800012965236
0.1889519962358407;0.5962012037404536;0.3237428807621654
0.9341345992291995;0.3556186742051569;0.20733787165372874
0.5526169866156818;0.8548103718936688;0.857288451826504
0.4342782989369409;0.30909988113764464;0.1341952606921163
0.39744673981705114;0.9395826427866713;0.09477427219040135
0.005570113797935927;0.4674035616062412;0.9909145953273737
0.4000379574927584;0.6091109359977401;0.5368081703557464
0.03932270396622983;0.2592253869333787;0.4845694628346442
0.29970731115793314;0.06139767756090275;0.3707002760899576
0.585955761700347;0.6701832266115185;0.3788172419425262
0.5393379553842128;0.3001082208553967;0.5046000979567293
0.45463974536855245;0.44134216746425925;0.205683164670298
0.6771792765387857;0.24829160982645193;0.3394158473382587
0.3034586434869332;0.41941603914739667;0.8305765235284869
0.4181850290341539;0.4032987561989133;0.2237245499910283
0.7055813346496967;0.2582354451845208;0.3866905763642067
0.27840326765647394;0.49555150518921254;0.47619718763497176
0.6112444794604135;0.12653477251807732;0.9413690211127731
0.7285451744006227;0.6955651923475265;0.834256192167428
0.7668919157958538;0.41879660755556136;0.6640350322474157
0.5065296041580432;0.11377071441063258;0.4602817241685331
0.1263396161278879;0.01252461739255517;0.35320092695690486
0.866431903056144;0.24905939676611621;0.8743839296217428
0.013795757512528484;0.2935792805088304;0.4187134593838606
0.3177540112588566;0.2739447980260137;0.5814168636862264
0.9647480717038048;0.4921916340718998;0.5072106401427495
0.6186758253978187;0.2886781644062877;0.05300417458567319
0.13562178858649965;0.024097803819285613;0.8068712647935828
0.7244361355772788;0.5173006087964027;0.27137378651905564
0.8208002960308333;0.3863415280216428;0.7331577037564089
0.34942815253344384;0.9012496399921359;0.5370148568969488
0.05239644969778956;0.172195250914722;0.2731763748642315
0.847447833073935;0.5486024403106534;0.29691569812193663
0.831362332928467;0.9935060702496668;0.6554974260048033
0.7148841322838084;0.08218374394876404;0.4063638678574727
0.6748205443079031;0.11646865840281317;0.8800948259056554
0.3318924055125976;0.021135331130415103;0.3320237865724963
0.7699001737359116;0.018999371989598668;0.13356887463412492
0.5353890203836125;0.7314783654521585;0.5319185903899943
0.33860470991474445;0.43701383551290274;0.1497493433561493
0.3398019078153858;0.9226171088047282;0.28463764512483747
0.3844004963411607;0.5042610758607312;0.719594492761428
0.9516624734594098;0.4304621410936066;0.702050263500877
0.6025857483787067;0.06490012679694979;0.7055243923492399
0.8699334788293787;0.833147373152454;0.31571027973606347
0.7394472626030429;0.2911194868897934;0.8575134796888525
0.5646913633867201;0.7624452141036311;0.02633626536344602
0.8010492884951159;0.8982086191303988;0.9273814416452597
0.4980827349805643;0.6519158968077736;0.20935103492126172
0.7403437609823681;0.6750542158809271;0.05604128510830775
0.04267981158973755;0.6799381008028015;0.8862295178732108
0.5494015017164279;0.08497155011755242;0.5994385618842092
0.29286785196324094;0.6358231298462035;0.6499158202303165
0.6110700262851505;0.6961708214406495;0.27198379715158394
0.7758289334952218;0.7422838873523776;0.6900037950346005
0.25343103322047644;0.0769990975053485;0.16621365342578232
0.6891275380998227;0.9173233415161685;0.613587012028138
0.3523751987588917;0.8126289440444316;0.6557913234000258
0.2253207856335675;0.9142458784865773;0.424293537196174
0.1516498143353856;0.6855136432562947;0.8378084842794137
0.49101354764536254;0.449853552419499;0.7148900804929371
0.025924370214584713;0.6035444281660782;0.17193982847195155
0.2585821165384947;0.9702851524684138;0.9668441569850375
0.46111700050583804;0.8358859394661512;0.6700660696536631
0.9833049695648222;0.14946337654871644;0.5028284299465009
0.06995231274105362;0.7395963988012563;0.55026021995162
0.20852050743761963;0.2394349804822279;0.042144425866233126
0.5279316524040737;0.7803901699919767;0.25637013215451654
0.4882297055719669;0.7729929451626227;0.5669225495116419
0.46508652901207337;0.20025513143048435;0.3733291915705965
0.8530776741274508;0.5879829386210224;0.05389089201520603
0.01325442745264016;0.09326171823765328;0.7974062791927149
0.0390436993884109;0.7769988050404957;0.5508923034828113
0.6185372509158156;0.7072546955895216;0.8486901522698451
0.299738785645832;0.41860410553935856;0.24305709837430478
0.7605110369077914;0.6953798270235618;0.8744780690939186
0.5361044855032937;0.6330987076295566;0.28171988837975137
0.6816392238679798;0.8674600497402918;0.14634763021093433
0.2882461553529333;0.4068111378664664;0.6656485854950914
0.37654352276162106;0.2500154182256846;0.2867621503684342
0.7304154756244388;0.964912426510114;0.05977095247766018
0.3931101827836557;0.4857123682485679;0.6058118084785056
0.6339596229222806;0.08031145996310418;0.0723759544081487
0.04811459991833078;0.0810601774102816;0.10737954303567476
0.8625686367688898;0.10897677061481947;0.8642230312403851
0.8726279870628972;0.130809156387508;0.5659137436846037
0.6702871031339471;0.23647620899600463;0.2508986378966135
0.7315097316603545;0.5606754143254873;0.10774988531376894
0.5091530252333298;0.23207712795513236;0.843688484150865
0.24181471892564277;0.31066814094496;0.9427857459521056
0.3454368876695444;0.07130494760310602;0.32665155528133005
0.8675424978981958;0.5597741777606489;0.17779603586446746
0.5850510385049281;0.8466393071324466;0.02216580077026098
0.6017078395930835;0.7672753104182074;0.8731917377772652
0.6097491623912403;0.3401695058094165;0.6285955661306116
0.71648087544301;0.7393022511401397;0.16641456887363437
0.4088292638656946;0.5521963149156235;0.6655375723376966
0.8729972212575008;0.11021312789439486;0.36848113439762575
0.44263607256079973;0.6215709192841968;0.653579814267451
0.23693016801435707;0.7648934153133716;0.5683530952779058
0.8062278424903928;0.7134640219426951;0.4657439775046728
0.39312121150092794;0.22066388642094814;0.21588770706086358
0.22089184202703516;0.06621312830146708;0.3531031716182238
0.17381970291226012;0.6030819417336191;0.3924237006601663
0.452268542887985;0.004619855112382276;0.24613550572289533
0.5191094450226655;0.10109772521935978;0.6497659686210546
0.4788941681794755;0.5464552557630161;0.04439355462490624
0.733106450859699;0.7864280841246474;0.09806192117778167
0.13314408531666622;0.45031223772008777;0.0699725802948431
0.7168854450102006;0.8411703737525814;0.21737748311222227
0.6300050146141165;0.8838219185296725;0.6253593631307197
0.695740447304032;0.25816292965576393;0.9770594404857286
0.1580247338754216;0.5088573521014315;0.10870525394616515
0.34858355557903287;0.08460827466079146;0.3864363414766818
0.6888483679753508;0.19959631605596773;0.6335953301199567
0.9451011193719997;0.3296624091088377;0.7086198426315805
0.3795083160987247;0.6052858838295;0.24852230264191977
0.4354843830411662;0.6134569891633693;0.875821331915141
0.3081326890680346;0.8537778917143117;0.2624849977009912
0.23870549708898914;0.12299083768472852;0.6182114596799231
0.950659062741932;0.15742060861176044;0.0892090791803889
0.44857982522403284;0.3701605896121156;0.9329287037145364
0.1622240901177937;0.7064392495819005;0.09021624305343112
0.07347302702853109;0.4332359917360523;0.030098422656025803
0.44075549477500753;0.1337126029086131;0.684140585050997
0.6582515668053337;0.4925855839465858;0.8585643144668753
0.06097310262470346;0.4225231235040702;0.09580738234464459
0.7981855911629734;0.34835977324373657;0.4568380559831038
0.15022017373663088;0.1950189165748749;0.010384955577162014
0.36788116781562075;0.2298424574563922;0.5836865794803048
0.02761965771999353;0.010015103393357871;0.7290936008927841
0.4925296521547331;0.8619404560078863;0.723904325347401
0.12238821928701771;0.5889249144847376;0.62788277394011
0.5684580575477906;0.47913332313856327;0.7431246613701217
0.2434971382337624;0.9537752376830257;0.9875076495029317
0.9661204597113322;0.35358945275262166;0.5466398653851497
0.3960749199782221;0.1489198845240296;0.29844605710988337
0.8551284525521927;0.7005463061334419;0.05989108524412856
0.7063229100755097;0.4611201876383164;0.9480595908193429
0.4264446688780379;0.6249251060719753;0.8467926358929878
0.5061937056549676;0.3118786783250582;0.5311607967160316
0.7533244885489317;0.7305437464996732;0.1694087719756422
0.40050783943557966;0.4375103956524644;0.5581357124595528
0.35404372979524745;0.096639433306556;0.3260025840361438
0.2759863563515712;0.1594427223140955;0.47205851381886876
0.32294397816131515;0.5852247521279441;0.6214362205245973
0.619638698759819;0.9396751427999118;0.19036300739517376
0.3576368249660953;0.42115203914491595;0.3352411412903157
0.4714249306329906;0.25197461099335294;0.46812485317020447
0.24524263130949808;0.614995678098737;0.5232692923286185
0.5229776002465042;0.7725651121743062;0.576313197597699
0.12431255863621682;0.12965629747775054;0.7732348063953564
0.8970122033160214;0.12719028141322675;0.04486627428429868
0.230973472063134;0.9579206553646513;0.20867345057613373
0.08574720400842761;0.34584629462563177;0.6502490952372179
0.42850758392494137;0.9820867446391435;0.9065731471332613
0.9850146113879881;0.5727942239277463;0.8812911953596472
0.5028375074334106;0.18262885866885015;0.8458430611246966
0.49705686622272194;0.31149882940333606;0.7663213774085386
0.864448740677076;0.14551690024508435;0.6095393331097825
0.22882081741699367;0.41060968847610746;0.9865118499662446
0.2770934776411951;0.6068302226987039;0.5828370280915549
0.03701628488273312;0.5173343751474512;0.575633460161077
0.7014494141749746;0.9714497112320647;0.6816232358646641
0.4944421906398393;0.4740183920843474;0.6922110395804719
0.9023013545954001;0.8136963006217701;0.06424257875529882
0.6615081176946854;0.4166224048258156;0.23709097087745357
0.7359550839069063;0.001266005012484861;0.4015786852899734
0.7943692295679108;0.22728925001738287;0.3280866637036437
0.9951294860708685;0.9846877009008852;0.7250400945331232
0.5176200251907385;0.6588518118088413;0.35477142004979
0.4733348561744535;0.1788434100424764;0.11738406071076979
0.07879252539022075;0.33523674957352334;0.8806286767001591
0.06581128120312996;0.64632105575565;0.112337158073891
0.10638606966129505;0.7540840676078945;0.6803718949537588
0.910711873578295;0.630348032163996;0.2061784149741459
0.7754865733579719;0.3174662916256368;0.8736987526546889
0.4783410544089025;0.8346501573687832;0.7781545949244851
0.8654743677212713;0.6361997713019395;0.000929718208249608
0.35298515988885626;0.249915181562257;0.02739457268743606
0.7676871367988989;0.44766761049116965;0.2257985066265482
0.8120525493382308;0.22819754475467668;0.8127081133051705
0.3694056327044236;0.23224841432954157;0.31641325745306936
0.008351306233866707;0.7029734700779404;0.7669807341763939
0.24281754163715996;0.05115366488128059;0.09104551433565722
0.8979356716408314;0.9438503803866327;0.2466854405747244
0.33506801417791343;0.5900938490122164;0.7010432343135596
0.6770035005759159;0.26673388710422397;0.28247496149825213
0.6001953037075791;0.5770060296679133;0.5718242812198191
0.7688867743754554;0.6995417175707223;0.9096399599023678
0.7378635304761432;0.03802099927874614;0.5784538701081195
0.014801613650306855;0.19112203931736105;0.570509821076217
0.1521732596623957;0.453528588940047;0.02102468384118672
0.10550635625583082;0.21898111059908132;0.06719650272747779
0.6452677272187736;0.8665470665688002;0.6899162920647626
0.23561345161838299;0.793702917749297;0.9906071524404969
0.7392775329936024;0.2906744188528976;0.271564521019228
0.8140125015714385;0.11085618596220959;0.07306932622185425
0.18857245328306715;0.7552866437026392;0.42861966142519936
0.6412558171778618;0.8816211430603701;0.058252044794189106
0.30595737231763054;0.46692019738319146;0.7067628395895746
0.7416131525030222;0.4755392093200329;0.15311866980863098
0.14294430510258715;0.4847417961679866;0.0640863539385802
0.06095745940688957;0.26463378336827414;0.6173160155449644
0.70732605787413;0.8798437309144048;0.8755762258741178
0.5935479559064836;0.8030838211833181;0.9805019999843166
0.2855394578281665;0.03548715715018791;0.4634913174172798
0.6238860115829884;0.6131611076294593;0.5288004392547395
0.17121935815529887;0.08428880859574917;0.43262113463600926
0.7466762759597185;0.39584883415377603;0.6834283149901159
0.8529315557309134;0.0692969132929484;0.158519048959749
0.8517145531121287;0.1546605348393485;0.6162162352699683
0.6334483639765038;0.26063771222690324;0.4897851173768172
0.37251034696099694;0.7675135325064796;0.2220732326657846
0.45042485740951577;0.5701452725200982;0.8071979952720898
0.6499317467094284;0.44111173630497125;0.48341341453416964
0.9221622234380641;0.5311999529180295;0.9746716739266742
0.26421066507771696;0.0009248194327741155;0.6195642766544478
0.7651659392938899;0.1547778262620202;0.9325864882758793
0.34424864611202277;0.6349096448145712;0.45534353421487817
0.954887885737239;0.18288331249318301;0.6950581804533611
0.34097336919790344;0.3508325637454094;0.5221927185089104
0.22330529014263734;0.8476155760103787;0.15537635076965506
0.7784428598117684;0.5851397274349895;0.007084682434087997
0.08438720984026438;0.5219940469573074;0.2664962730179026
0.024727617396510526;0.4721257759902978;0.7562356075494254
0.9913822188463945;0.45462055822449254;0.8689476336849828
0.7730303789892942;0.355388673747669;0.2859848979570395
0.54388796874168;0.6027291373841486;0.5940866598589669
0.793135338025969;0.3636902201347182;0.6477345238191344
0.7785231401201523;0.2193978672822926;0.3291306205285295
0.9162425415209277;0.46521234605292827;0.35511460872915024
0.20317555603372162;0.24779691141556315;0.8671655264365316
0.5259848786418274;0.21772348405859432;0.7307407695640314
0.5861423314167951;0.06265635224547661;0.19483049362585592
0.7397144236518883;0.9612364278420078;0.5537834674763479
0.1456009188375682;0.8121062968711636;0.20810978676618586
0.13658535496123336;0.3085086202824633;0.03457874137171124
0.5589233527272721;0.4167318700284487;0.5552982063903359
0.23981057109034676;0.8271521644587778;0.6559938552375999
0.13498087053734464;0.2916673694146066;0.5878093857419299
0.5224609148013258;0.9591281300946688;0.08489312663343662
0.6641130490842438;0.4908367763192869;0.7706155207982892
0.7287197779330253;0.04113636131049592;0.07635245806040003
0.3881477800663514;0.04400398352007562;0.645814809862089
0.6215432972714444;0.7989286331923268;0.4255572348037745
0.8140874163359144;0.7745019230542013;0.3284204546835606
0.7902985024019042;0.22732948463478164;0.7794283770229714
0.7318801898692068;0.8595152787059563;0.9296134160912042
0.29201763894891486;0.31406304194712464;0.7881732179435791
0.8186463923398946;0.7288817017478032;0.016427013251794742
0.3508279534050053;0.7099219925121578;0.2109989571004871
0.9527284698339666;0.7881198536925059;0.42242050745261517
0.025046937503407696;0.6269443710523859;0.5838946528710514
0.4564923532197862;0.4331403703865262;0.5269885926800841
0.42258373348439016;0.7222940413229829;0.8158988340087955
0.6577043414905903;0.4376708281037379;0.20765028422928222
0.5025636524265292;0.5264067306909069;0.9503845912606192
0.5639199977212389;0.9443188982750013;0.09234544851541293
0.83239623745902;0.5125501882432334;0.6808006284014575
0.28675660263694847;0.1253195921592961;0.11006899002396264
0.6972029454652748;0.5901049292406737;0.10976372570103188
0.7036616979389063;0.9902230196533913;0.8760296403128016
0.13096942850233884;0.7040453678830791;0.4605811796993923
0.16258545536672142;0.24555833100580415;0.6813407250696538
0.9249593517189607;0.6487694057554435;0.7358202427679044
0.6613400350989984;0.6009889279974617;0.2528492866314087
0.648857817202834;0.1354546434195245;0.14379159324830604
0.6809373249192281;0.5072511193209934;0.9165524062827705
0.22181854067083817;0.912467455321865;0.9981128860809991
0.7787847720169954;0.7036558012730634;0.9608829043692346
0.7180160413085882;0.37421084046919106;0.8149898025870382
0.8873041677984693;0.1359652200119501;0.13623321581518666
0.2529412400562081;0.9055505277870061;0.036204959304969475
0.009843954533293675;0.29338328829082905;0.09507817267817698
0.0002814383639855311;0.25143096695485934;0.8711646419321287
0.48665054457810364;0.47929253079271894;0.9016453782712192
0.22327195379597298;0.8332728821114264;0.5343288458295807
0.59995239006923;0.9950559281634844;0.6285460000613848
0.6583685070852354;0.02666317132055529;0.31427531749152415
0.09864569810408419;0.5109521056769885;0.07545352622772461
0.5910814401830862;0.039251513795840354;0.9140296845261886
0.7285794740540573;0.23979424129066929;0.1125563442135532
0.6472571847377957;0.8393533404352721;0.9705727010386699
0.35721363668403605;0.8925440104248348;0.4106277720095137
0.938428759709668;0.372670690617815;0.2546038966026678
0.3735206274388001;0.5371573278983379;0.21014107967057338
0.8721689804914424;0.5561649867918118;0.935754203105032
0.17379167265090512;0.04591761170301656;0.9063548300068964
0.2505960498906584;0.9683032904211892;0.7611563237103156
0.9743057186593584;0.4741922948075711;0.6839924203298511
0.7263426127084738;0.9860321813342162;0.06320101533852807
0.6724515325203136;0.15730307743482752;0.5849623210937662
0.3844445884542358;0.5229969122414432;0.35802684199721846
0.7219556524156377;0.6073386585978047;0.7323734496833895
0.26712428338503025;0.8643690947363829;0.7417208684233246
0.12315247707637045;0.4334232374839043;0.515611408263818
0.272136792334839;0.5736755820169094;0.11537860092250918
0.7071923850417327;0.05754455700271344;0.32087619923361843
0.40092160033945556;0.3161480845824517;0.19526696460932003
0.5511536140616069;0.06470847561870807;0.7595673063436947
0.7158755674566235;0.49921507111949825;0.21709381290188567
0.4439828715184555;0.6133765251085912;0.21931786714041213
0.2475889399137;0.5764769704888258;0.4260001892153752
0.12777583666052228;0.37111445414145716;0.783211098168534
0.6770940909952147;0.15781596511563933;0.9519793051262236
0.726277605658994;0.5363439506432801;0.08653888796172637
0.44527281198555335;0.4481983954504135;0.6859149585018748
0.455714187968702;0.8953923989845162;0.5052623248110145
0.943406886038055;0.6804093182116028;0.9277837710164216
0.7114907696179787;0.9084993619584933;0.8701209606249182
0.4981283242074852;0.6679186293770133;0.7828151386959808
0.2664293310517911;0.3944474560344663;0.7703310194451195
0.22800215666163426;0.6603711498547117;0.340707468330943
0.9921998954876987;0.06428088473109128;0.20519691675062945
0.4503258109564612;0.052679859294293085;0.8944796743535648
0.7697138423834606;0.9326189398358855;0.8016409713176442
0.16286298445734293;0.776873559556125;0.319941220386451
0.18155135156015811;0.2945306369878723;0.6185977727343227
0.9602578491306869;0.8826792122368812;0.5876241375606448
0.03625882152459303;0.3241641354981283;0.6549347519400461
0.7817562545556296;0.9724038311632629;0.8143096911613401
0.7758099423567449;0.916888461520587;0.5628099734093424
0.1615791152806878;0.826538833681695;0.9142582793814078
0.3363318348116061;0.6769523002782248;0.579115641119841
0.9493173769274473;0.10285504586782279;0.27283585370724117
0.9678066047008858;0.7384299799045093;0.7013412639329902
0.4747284896531677;0.0636384102584373;0.8013359871243255
0.11566822494265272;0.6962541274399057;0.6272868684892134
0.36142244083273256;0.5502828024218127;0.19730931232930748
0.32832112751102016;0.30213984275965355;0.3138263480635175
0.8131477372291457;0.6574029183016429;0.7964646972281313
0.19617264610423701;0.41277597823453005;0.5765702980944581
0.43792195546632484;0.7816205975942618;0.1449471344675537
0.5085434467885706;0.10788403790809065;0.7142917596926193
0.9981262804194763;0.6948341795339494;0.6170413837977866
0.4968645438089655;0.011093934130440242;0.6026783959695585
0.5903340747555939;0.5113605920663237;0.6494206502775948
0.7445809968426023;0.16552946385544787;0.7699933233492143
0.6792506191734865;0.05621082558325996;0.06228261738173546
0.41727624433890476;0.9227276318441797;0.7423243464991534
0.956746356852261;0.6326251500853658;0.0025492845238753725
0.4436793983686387;0.9734552256439174;0.6305989437700872
0.04440379055523591;0.5458687963840526;0.4412477825901552
0.6762440298141795;0.15878525479215722;0.23989810621190233
0.16999559325774183;0.6739508250014679;0.067949865560192
0.40839558453065505;0.7691786192141702;0.655546911406749
0.4451447272745328;0.4610184829725379;0.05601136853519517
0.45520461900430154;0.05612485162652947;0.7764817690983202
0.669910877109453;0.13742356621910012;0.20798625053491027
0.9746818357774403;0.7425474877036744;0.48293015739713785
0.7238758406700417;0.375796640377157;0.054182239645714
0.9760867000869833;0.9387031149804272;0.7630678435063932
0.1245988233526708;0.3232028423798926;0.7785463152156294
0.07995450515483571;0.1268751538286541;0.8657625132960501
0.591800356628388;0.4821106166227469;0.041844073912405855
0.9706581712761102;0.44358349696736155;0.18503810624518957
0.4694089391930024;0.7075571304947001;0.5959334006241055
0.4092680822365612;0.034662457709753625;0.8594417131853664
0.12384667851438957;0.3460186127373459;0.3512306130461079
0.497868758703633;0.6533708305529359;0.06550865428745312
0.04879483533688933;0.6379577462055824;0.05847104040198292
0.07455868995737247;0.2380240389514897;0.30216076180445883
0.8956451523155222;0.7922416293566555;0.49730898231316367
0.09783032560569682;0.5423967625128705;0.6988945735983986
0.5678034325859438;0.7806232947990552;0.22312092655232285
0.6917538381421497;0.9353917900145194;0.0728541074384692
0.6354546345118548;0.3597920555981331;0.4700698336199357
0.8291258666280679;0.7960672373061036;0.55399141420308
0.4705635634030896;0.8106982780922916;0.853957762086419
0.8420375774896828;0.8539295673463042;0.21330417992276152
0.34520128560228147;0.9420603613751636;0.16433441117779313
0.5388138066567196;0.402012850093436;0.9117110633411359
0.9844129928972833;0.07908126021603246;0.44805316492353486
0.010986644423670366;0.7951609178557395;0.20450516265081176
0.2937573962910567;0.3611483440584724;0.09242506887998692
0.43003188240128254;0.6758439455909916;0.6370650060279447
0.9114411104549967;0.9541291401764597;0.5713586227121941
0.8469287285896301;0.8082323968888099;0.16981388861496127
0.5322004522125514;0.12789525269594582;0.16653498602723482
0.04313661911703737;0.9119022291268842;0.21310315067902486
0.5951768429811566;0.43828978791811646;0.7915130826149058
0.5085639261354379;0.31389661557534676;0.8020177218717902
0.35333172180669215;0.32607501292387286;0.6801615661785285
0.8191777065346234;0.6120218168401336;0.6749528033642457
0.1970413971273457;0.2524013476875948;0.1889664780736684
0.04450583754149884;0.45104795804090925;0.7921282900634942
0.9318677803113881;0.47519943712412505;0.34686988948047925
0.8839255893097245;0.13790044925323974;0.7013827032246214
0.9482695953869331;0.318698056205556;0.7807470646971636
0.6896508759281607;0.2216655984992869;0.3495536175364956
0.8101169901872967;0.6851305555572291;0.4273187368595951
0.3958154894458953;0.9227136888800905;0.07461021141641877
0.1597445048042868;0.5009060794009013;0.4522850643441396
0.8402960333591166;0.5301939720827453;0.720561164063274
0.27680308245950236;0.6186312692859225;0.2321757426048784
0.7102920337236266;0.7114795649607237;0.04807184305393286
0.022481712460680536;0.9304752176793153;0.2866200191782795
0.34643770326040435;0.2964142386636215;0.60189095113048
0.743999488205928;0.03772076879359454;0.7105003387752038
0.03806703595300165;0.4934949089997357;0.1650287208548833
0.6065679567496827;0.32105870872897524;0.7157430875648976
0.3196956243902047;0.62538686209678;0.29385543769836875
0.5132276503742845;0.3054577224653716;0.38411196087008426
0.8038233301709201;0.9035810521747862;0.40514980992439475
0.9236835646052183;0.02102858764045168;0.5095817641998832
0.2589035361764047;0.603326236976553;0.3493017556991156
0.7831677373886881;0.5543122808897798;0.10457646267683407
0.4678266833356315;0.983292388593435;0.6706963590627104
0.06007132743585275;0.9576426980003463;0.5925795408777489
0.5842739077758705;0.5146236903661178;0.23787990577477602
0.6039382041589553;0.901521783368059;0.3722131066364305
0.7774792018068826;0.9867260302215266;0.9949353696195268
0.4363980934527947;0.453098858735994;0.502679693205078
0.8895488714137484;0.6595384572379525;0.7964500769584262
0.7384332138669885;0.5331753192780194;0.8412695199271277
0.7406123685929642;0.3956617362215359;0.42682261144923306
0.5748276330240346;0.8388620680208416;0.596418606873217
0.3592902231090589;0.7146460079856576;0.43858947963365347
0.9084125532199178;0.08832555022687238;0.7383028265113354
0.839291917902906;0.6145274869122538;0.9651684943429669
0.9223886307311006;0.39931220597371775;0.2524459224776785
0.7510322303405348;0.23689502186207068;0.09296791601093557
0.4298626710617255;0.12642199874566817;0.522293806186629
0.38726063410645184;0.2374147306526293;0.2845496033604419
0.32189976879471505;0.5829394021549721;0.3215859868871337
0.15423765589499283;0.21681870638938305;0.22627966649006415
0.418440763126776;0.8589102537504962;0.6938929744338833
0.9382327295038703;0.5146787610482726;0.23734984666634362
0.7414331676514272;0.34701052151503275;0.3554122876819972
0.7936944027563982;0.03735533987022743;0.33711800160712
0.8822110578024189;0.8519917056758306;0.6413548212647081
0.21959606399077636;0.9364135887963332;0.5361350461327927
0.6823530077007117;0.333920803127681;0.9720111481434214
0.7629892623386061;0.8867037379633276;0.6260767719304563
0.6289823652784561;0.8430179944410117;0.9153739280139664
0.21095515753991256;0.41841369278397356;0.3105080476612393
0.3890566508709504;0.7237572852937864;0.3712087824879313
0.7377136981407452;0.6786451252494755;0.6144973125617702
0.051458613616306326;0.16269341685876715;0.9974107841688976
0.2727406624063272;0.2962084707400964;0.20944727584351353
0.1979394398903669;0.2053498006410649;0.14676969299949505
0.3519930676014025;0.912185264742964;0.4534518973537749
0.36984617012981547;0.06446520313075366;0.2266563920230138
0.9206205064381223;0.11786989962347705;0.48697838047851894
0.02969138410192884;0.4076467371040038;0.2740028276891101
0.26598191463176935;0.6922480993683005;0.15980551381024133
0.2808111081949606;0.8116449458755102;0.05154933821454821
0.13930360810164755;0.7442938838834162;0.5387513145683709
0.07865124353449104;0.8702089205281173;0.6186209482269246
0.7401684278271022;0.9470231005068908;0.5892885649096697
0.19012615456195825;0.639834588877696;0.18271604121856422
0.22921053405727476;0.028463024205432785;0.957584261327603
0.4241575324620195;0.7694095814714867;0.7312323635669465
0.6479031533731352;0.14571609670403995;0.5569544280044134
0.885365560518065;0.7655082818129785;0.4479969940719606
0.2500659963573787;0.5313655699898595;0.22682740848260996
0.49176436696146586;0.6897313680272926;0.10903841964378491
0.16386317465916755;0.8208916863241741;0.3552945540827509
0.6882295651005499;0.834374996654328;0.9280429676088434
0.969877324769131;0.8383831555399207;0.14384102272212318
0.9512081339906129;0.6513816726359136;0.8962083724221412
0.5412883529195722;0.41509619875717163;0.4644246804764811
0.6092724999399833;0.7929980562043765;0.02183183030364988
0.01799758264460294;0.7419201281410093;0.08065310601671538
0.9318807638129487;0.6503924363596401;0.9043107436310343
0.40314729477827227;0.34407792196563447;0.33967297910961247
0.9378045165337084;0.8374459444701284;0.7547097375869709
0.9583259059730744;0.8290372655578092;0.827687388988985
0.726176067721135;0.019182325770238817;0.8355242239553593
0.7868809966265077;0.03623656224567018;0.6408264197493047
0.5578204529925465;0.2211478439338439;0.27352993507912904
0.24418448088782863;0.003660570902918603;0.24951646440528885
0.4520735117717418;0.9859924016197884;0.36059378426063526
0.135662449890398;0.8999480059606648;0.744213041161462
0.732276660795686;0.9238879825390085;0.46327789378042894
0.7196594671898011;0.7926541581989351;0.8074807183275259
0.02512698734098706;0.9324446132864352;0.217216589881695
0.8864210470570223;0.015393087063498734;0.47914065545439655
0.21960374241097613;0.9938703556471145;0.5195359632819565
0.1618926532588798;0.3770214886250627;0.42946730533891564
0.5741959015104263;0.974740592062164;0.25002466479816476
0.4353827948382849;0.8687002525574441;0.6780851025153345
0.6037408821044103;0.934704325528565;0.02238666334494488
0.456302962371506;0.9922180282836645;0.011815496872513154
0.8065700488574556;0.9884711315280124;0.9500981761134429
0.523438538129254;0.40998728976107046;0.009734984166552163
0.23759538622971366;0.46129349623622773;0.225527792805704
0.8704862447993715;0.7115961245285505;0.5408388601558026
0.03466922845635023;0.7577962107144289;0.017250189537861726
0.36542093032425815;0.010525404710623354;0.0231237326040602
0.08266430563277838;0.12294059255049772;0.6728368443591067
0.6922614382413781;0.049728550295614404;0.3652642185085404
0.8614865304973228;0.31835754553118867;0.8616602273108064
0.42531951632364795;0.14774484897767015;0.6217716699609759
0.08347154321909156;0.630597284682263;0.5714703841701927
0.44547829560065577;0.5424381163496547;0.23602321771812995
0.6441276793217976;0.9040015358594298;0.09916377123746534
0.6606350043831023;0.31026316336741766;0.5955603688409019
0.7445624567736538;0.3541346113923044;0.5190292973333653
0.09606034510944284;0.5782031701817707;0.7582490230970028
0.9723324519058928;0.060737709584101074;0.3114440171211158
0.8715004253798608;0.3898664884016444;0.6319827291639184
0.6070983094496448;0.4757397738321225;0.6753677510632939
0.5223822862985765;0.6774679028538448;0.5159255747706123
0.6054624830471702;0.13052072367766265;0.08745680631263564
0.6693334461566237;0.43492414742802177;0.12942956740339928
0.2568674940517429;0.9122741019221092;0.38934899513359356
0.5933180297229085;0.6734613941514674;0.19737479040334804
0.936860912798812;0.1345526969291072;0.03361223671131974
0.7104429962468181;0.12677686456913684;0.11724035280848089
0.5804502688820582;0.29515264432468646;0.3143702091822046
0.06355653823137286;0.607702308326972;0.33546053456447744
0.5965159033593503;0.8252460901503291;0.4382848257007729
0.41242931668697236;0.5964265095027906;0.4592156645601607
0.11851156286426823;0.9309044883898266;0.11613394529178955
0.6532545862002163;0.49707625032648317;0.9161810261558935
0.7594062558482451;0.1955479473545837;0.4204158923440683
0.267263205336583;0.8250011642556471;0.4266201425690961
0.9489990453788706;0.9747083755879222;0.8840594257772748
0.014752739132704362;0.7752327320235064;0.24783331492794203
0.9277978710324206;0.5394179307326008;0.7968121898429511
0.9157497601410267;0.15537866187375826;0.5203193330002291
0.6506914672262697;0.15555858188613225;0.3868830253129343
0.5646526603373452;0.7891253412824345;0.5968935897446056
0.702915610626206;0.7894828204460352;0.48258597453749064
0.37732636448424184;0.762681616323044;0.4524422024254692
0.8444128154102212;0.483414004576327;0.6952167928181342
0.258800721933788;0.8448652887982079;0.48512421914471004
0.9226543232594652;0.9482939919208792;0.46716353689252865
0.5292831511410502;0.7149708579181248;0.25417293204004265
0.12179453742099144;0.09968316435613966;0.2421326972662443
0.23517684776020387;0.4276189627517981;0.7564006842105314
0.9297453694206514;0.5813777445417635;0.07838422952145352
0.1758031197936405;0.19908302581771586;0.79004879427245
0.09495686757595034;0.02640152734530732;0.7034288719634253
0.1360063943622084;0.005586625500527909;0.12997207123886856
0.8940611870112065;0.9470533211173514;0.493931908945746
0.3416819156219324;0.6397141175277314;0.5231907075818482
0.935917328255879;0.2582720039723573;0.3326369615519147
0.39117333752857086;0.4199011690056167;0.04529172996457209
0.18504287159031685;0.2878276744322711;0.4597935728514583
0.5976109237088243;0.8867770151411108;0.776453043268603
0.5261943696417684;0.6090619237064454;0.11021214903299148
0.08734486081399218;0.28406847620146414;0.4971739364362874
0.9169066679920396;0.8818233221522273;0.7212014651929376
0.7312953125831491;0.524042587606552;0.5743830641585141
0.29615524534725746;0.4974885420788784;0.874837679004965
0.1652234144958442;0.37506052991365857;0.6135654628013585
0.28495616636988585;0.4384165176290514;0.9275331220368136
0.052361132880652805;0.888286764564387;0.13482842554474184
0.15619292930943873;0.295880803852699;0.3767686157891311
0.5256222723620282;0.7010761572562899;0.4273881479435354
0.6572754100596068;0.5997002867252255;0.9447799980573207
0.8377049050048974;0.6229584121684947;0.45397822249899855
0.6978996002369436;0.16159908437577963;0.31122727590454147
0.5966498599562198;0.17371684145585564;0.2032508723332196
0.956174317304218;0.9607278705922052;0.9235685849710596
0.6524173463317554;0.17455479000102603;0.5264187215869942
0.5000040046143105;0.9083959195192135;0.2017739174687
0.17765822217928406;0.3311933497540147;0.6630007445118669
0.3110391495305933;0.6409418945258278;0.7816081049154282
0.7644867004785857;0.05003824719246297;0.1683747363146496
0.895027838204034;0.706205101414772;0.3391876949549516
0.8182652306676352;0.2771898769391299;0.3647386161974673
0.7061331868299657;0.7191422676312726;0.624418543671326
0.8043307553847403;0.07281018783676618;0.38628662954526216
0.022566571319767692;0.12428602460348681;0.27149571530000527
0.32254575391450535;0.21435083414973177;0.35500162111696254
0.9276354463775565;0.4880836403699206;0.047427658921025406
0.9449493133099169;0.8266393786370122;0.8306314319426112
0.5933385187881135;0.7974053394788907;0.5289524299483394
0.8276995181520231;0.6210557933039565;0.2988104022858178
0.1388886850733655;0.3404243848221955;0.06432549750538707
0.05306317950017936;0.7308735774881387;0.6972259235521691
0.6852935495750364;0.604466505025703;0.3883100884786642
0.9206970794278659;0.6730670393470601;0.3185581653115327
0.4777397310972694;0.4168959997144176;0.09251654485588823
0.761732576968085;0.4052148795075504;0.9573749423559014
0.942006500076823;0.521054754349225;0.2970100158137017
0.6935315088587146;0.7850968050154922;0.14255779640045096
0.6746036897396102;0.42492621367363137;0.1982974141588485
0.4300957560215697;0.4762929193261092;0.009902568410342205
0.1526207576107561;0.12054705869881854;0.7551732148543643
0.1849404774058666;0.4569445574147508;0.896950284902533
0.4999867225050564;0.5703133493129913;0.25925050937196936
0.7964521205471237;0.008972708570515575;0.45251555301739044
0.9817969407254445;0.41397524283828513;0.12493495067220717
0.9712239512118094;0.38366486917793463;0.9823224226380772
0.14053041840404512;0.5912727622994878;0.16742670604924736
0.7807236063357249;0.31949124632672654;0.4100984826861108
0.8768949253499442;0.3284097064202125;0.877212938890903
0.2743404995679466;0.6801518542921626;0.449966475310021
0.46499461189522595;0.60234471780549;0.4517705975233717
0.3257224990957933;0.7948935391482659;0.24351565472033532
0.8799554590881769;0.5962702014645056;0.734460760168712
0.83710315750302;0.8101479241119279;0.428000234720763
0.8224654248796444;0.2648712220610916;0.12610023499143053
0.27517660427342305;0.9348049981171487;0.03822305690912797
0.8868474687541767;0.7762116448566743;0.5648809581771584
0.006882865935463056;0.6022713793941177;0.503083438166492
0.8440494012524344;0.8455356123406903;0.898296142737811
0.3352717546725813;0.3669987665910174;0.4545810390501458
0.023233634307633144;0.36078854610436273;0.22284908786680535
0.7229254741529079;0.8537932436261639;0.07139088395730975
0.2334617800067601;0.863908676610691;0.7374351612953105
0.9886308374281659;0.8649284932346848;0.9271391191676374
0.892051286769272;0.27271940880166623;0.2909763322202177
0.5991552965370776;0.4790162940449558;0.4417913036936406
0.9558159382053278;0.5369334435790036;0.14477688179725745
0.4851768686852127;0.8226570354625745;0.9904063768257696
0.3125190995778073;0.7327065252766672;0.13271439827300935
0.5677529191108945;0.9937788054602684;0.9013224819959363
0.6021465082832242;0.8888596516663388;0.8516342133188168
0.2672509203773632;0.3592083687641344;0.3622566867411523
0.8915198118527925;0.19302029938360787;0.17775702983683517
0.3869926239910041;0.1769386667184376;0.5574975284519003
0.3765112366617236;0.7004757128679432;0.42559827380427384
0.19013162970585185;0.7766914791496121;0.3422240024402744
0.4775178947267963;0.9020068293297886;0.9708363978605672
0.4253759290404253;0.8390037744873842;0.1443322565508096
0.752063746081547;0.246146265095055;0.22765422799708324
0.16081485935000406;0.9715438721961567;0.7378711698036827
0.11178952711565338;0.3627580288687514;0.7101443497794524
0.2491063616036474;0.795503980591004;0.12748008923153653
0.14644138146453212;0.9629537416843161;0.45837528852255127
0.9224710525755307;0.2868241493525464;0.14230682956051866
0.7420659018914758;0.488756830385483;0.6008730267553193
0.5159316388081799;0.03941840056837553;0.3666176178655465
0.5851694395576935;0.09118080656106142;0.015575838649014129
0.6369991833548833;0.5927682407280549;0.39974872722218724
0.6443088720682747;0.19576778282910456;0.4062772101951361
0.04503550144001389;0.27558355852472316;0.5137405479812369
0.17345097599856707;0.22380626227408418;0.39055539643493575
0.9247158423440535;0.736960043361722;0.6641612307452164
0.17539120150052456;0.5004001982770774;0.4031147650219701
0.40047791646376885;0.36396643875068035;0.6486680407176496
0.0968516263300887;0.8533973303481486;0.19920321570590416
0.9422219515705371;0.6982492788801249;0.15029256424344706
0.7465597776746894;0.1044267748235096;0.2066750563938925
0.6781688000652032;0.10049480647112319;0.5004276462970031
0.5507259058736541;0.4022007563848935;0.026183364448829294
0.9860728149286145;0.3477607870590532;0.5868555794712624
0.8980234771103657;0.158440457991311;0.7260625974773599
0.33264828092689824;0.15886979439331084;0.5012743288091744
0.8535955750064536;0.19086496814682863;0.24582942192296187
0.17905304962920565;0.517191223854799;0.2331994257353115
0.626617678913558;0.6690177300962944;0.5298894742916698
0.9202206357114144;0.38324833531164926;0.3948307225867035
0.1856678596382263;0.4019366846313316;0.7155532146100541
0.9165447837903743;0.8611774539826484;0.7324750550008133
0.33714011891179996;0.2107894563273116;0.6720449257785002
0.41960526431517087;0.1902758854666029;0.6763174882188048
0.11922562222913247;0.7983258984736686;0.8780853311040494
0.8135394702565814;0.49451805837307794;0.16197496752426888
0.06547310866265366;0.8443972757648983;0.5378080945540301
0.6316378941465427;0.48201040851237853;0.4203705902243
0.7094383934489177;0.7794045606408693;0.9093179067154946
0.7851523183614968;0.5890945062039081;0.5307742520923565
0.05131350349981445;0.065962655494888;0.47868540771189794
0.25712316260057544;0.9338472693648308;0.7732221676134362
0.11750355998688755;0.304479672864281;0.8229326111364176
0.9873815862477165;0.5238589384551263;0.41997795442562313
0.07045122677167825;0.7108650186638259;0.10998649856164189
0.8880428325594152;0.11790158966438458;0.7541294147446747
0.9130590205634479;0.7362462455013875;0.9793041645273989
0.8389994755455907;0.7116006499154145;0.27402428674950485
0.4200752568794245;0.09284914794071475;0.43765725289056745
0.11616197975890175;0.2769691823028415;0.3034466957926991
0.7867649586084466;0.5333005375299187;0.4882731231030638
0.46657837616172526;0.027614183561169625;0.3132123868264981
0.3153605981087624;0.8546398108020969;0.6186484712376638
0.7821129613665815;0.7929303123878629;0.15526687264228312
0.9061837038043709;0.09369556765797349;0.2489947925594892
0.11330148209297652;0.8880721380533538;0.12969095453734725
0.1394623328152902;0.6778291990552519;0.6477096476896684
0.09383253336769637;0.6274582739224199;0.29840558081649005
0.5613758609416958;0.4088883921660583;0.40843228406834564
0.704237397084984;0.905285034080039;0.7258000141043931
0.28925905916765715;0.349327072011404;0.8212401340796827
0.33606590024201266;0.007636581874072457;0.9149761160386563
0.8542513475045397;0.25660073191056976;0.006762612831765047
0.8562399661677143;0.6957712090121839;0.541002436677638
0.20921076410340544;0.21482816366198298;0.5195746318419863
0.34975492532925534;0.5932506009223619;0.4898462068440874
0.2509447267942494;0.7076158930636869;0.7719102992947307
0.1240454667201707;0.4443521506683147;0.15135086431721612
0.28242915473344676;0.14501299882330876;0.6024267956738381
0.8819085063940753;0.12329989105777872;0.4573073337847593
0.7863643271061412;0.8609559686556996;0.7601499981800577
0.22793373038329057;0.14099762408940242;0.10600101426456277
0.3167794305602635;0.8024713240546716;0.10435771817785555
0.9320448024408758;0.5929904531846064;0.7372549569036745
0.3705004315107704;0.1651909479810615;0.9695174288838595
0.22104016160730455;0.26268064897336574;0.32843544447218176
0.07110324455047612;0.7701907272274564;0.8929677488399921
0.5233032147764837;0.24326207144310663;0.33564858171108336
0.9225111192502152;0.9627321813273583;0.9855272188958245
0.9769660630990459;0.5352946401110482;0.9822820446618341
0.7284660451728446;0.5991252379799359;0.0739324050536515
0.8668887836416668;0.5427971734709819;0.9370166874501343
0.05315991169400591;0.843579174833264;0.7342975908668494
0.4582435674446389;0.2401043079247751;0.40203765307269446
0.3935018049199983;0.6625550927420852;0.6499856162900348
0.43057714474084585;0.8860560754975426;0.5465743089800521
0.7546117354738517;0.9858709197433545;0.7095510200348984
0.9377931474602199;0.2001381243835998;0.7318805348769627
0.47905645292087395;0.5417288520476989;0.1879678888847608
0.2607755974275975;0.43497636624838953;0.9701928280517699
0.8930437834077627;0.6782490678428417;0.8843501235765135
0.41744408973827085;0.7798435925415255;0.04015749002748037
0.43407587628367994;0.4705574502176606;0.6706957932861776
0.08160448739244275;0.714899961741002;0.30576571210197834
0.4347058317118526;0.5799937472874639;0.8718906947458223
0.0037440152458544373;0.8224600687914393;0.09612968182533088
0.014585188490734646;0.6811960385773621;0.335162745131402
0.0798873850637819;0.8906410638231312;0.7974107995304326
0.06994480371514;0.4825556282435115;0.2870342139676063
0.9526551482845266;0.39838853178300604;0.7696163149622407
0.6191441973626558;0.7333339088263694;0.10252355201650865
0.21880182401405712;0.6645577788610225;0.9417414936449094
0.8633560147835702;0.5432673954417871;0.7020413134331569
0.16383430250249864;0.49132154280654106;0.7492928445511373
0.8213092505793075;0.5544470623676495;0.9718617443386489
0.6921102432394622;0.2470367546835297;0.09223475358847433
0.6095905880929703;0.43270494426716477;0.30569538298687116
0.29039908573104833;0.9909975337014572;0.7039680719122798
0.2164729092581531;0.14704399141861912;0.34358181966198986
0.4387294043894233;0.021985008823490415;0.21002993264362746
0.08304173585196784;0.17131250715751367;0.9708892419098154
0.9651258525635338;0.5869750857183484;0.4647977703585593
0.3815327411324472;0.3006525031331696;0.46705493161963774
0.6322849364095368;0.6141259776098446;0.004405694904185853
0.9110206919168249;0.04133609423086937;0.5014531483376505
0.30122007863655054;0.6186803258720256;0.8934786839622835
0.16760999801767007;0.850581571876585;0.7741785964733601
0.4990156612295983;0.5626863657452629;0.47965090521084974
0.1941671814859317;0.2806244254804102;0.532308016865908
0.6421412928351276;0.8459168360452173;0.3408308081696687
0.5576609497261422;0.20420998809896385;0.8486289077957035
0.40394300726606513;0.8840211180251282;0.9138044975906912
0.0694125971651538;0.7859439065024079;0.39629018554483497
0.3677958962254314;0.81949944164796;0.22511699781992145
0.9114427344789066;0.9986765818007388;0.8134075149370431
0.3316981277721496;0.9774913854921048;0.12550103645656907
0.8383812678509193;0.1897881561664858;0.12014206883213596
0.27514522976165856;0.7893330148817833;0.7894644201562436
0.2906360476891622;0.07880376471792905;0.9263708054671901
0.9176119322560063;0.04465991374166378;0.5654842778580211
0.3727140544672116;0.4791416510005574;0.864882176200106
0.2701137915177372;0.1425409798423154;0.29640027990489126
0.8172175152694485;0.9140851928010422;0.4637970502487031
0.4368146914881622;0.4773014074939541;0.10499034790051487
0.15203848130497544;0.5453342275364649;0.0007712639507524433
0.5924146232542368;0.6999655189243064;0.45113547420418754
0.11162441553374325;0.8073471271799286;0.33441443833495943
0.9339974100511718;0.08260419643653705;0.6610641896846005
0.45217916814121917;0.428521508833534;0.31561009477910396
0.5355096377076543;0.8837888768798674;0.6587209226444807
0.8359030734798061;0.4756713114734581;0.04249260458161408
0.17966552711512163;0.06858961446844891;0.993927015927787
0.11157759064805828;0.8995654299239418;0.19569914063308402
0.2609603834636526;0.06999767692169323;0.5913176324549538
0.528813741333594;0.017782256894665727;0.413462219679664
0.05395031963274488;0.30752331709406777;0.48907282267485175
0.6314859482902576;0.5350117862809842;0.5759931098342158
0.31695355526795777;0.20146141731351108;0.382627553244695
0.49554130281743225;0.7752537079317025;0.6051516786071555
0.6660036093113764;0.8215505640855842;0.5890834828443168
0.9634541974642822;0.33740996612500607;0.7706896143120168
0.3392645465831092;0.18258993778452903;0.3681554725875662
0.3426050204209412;0.22370808122675867;0.8648386944988631
0.40035365915089927;0.23370943400948407;0.40346700360172905
0.6475086975888953;0.3703587528580041;0.3486314389183367
0.622072942418664;0.27726118353173834;0.15057030430143026
0.5376634003212253;0.911098226829205;0.45409033403288623
0.568129630497894;0.7728784175969563;0.4036713495098917
0.8159793994830621;0.17561147479949546;0.011615418049077064
0.28700758976361784;0.02025800803482458;0.7339396979703497
0.009016186691633066;0.6141302792156192;0.5364676031758088
0.13319451803479132;0.10254092240632684;0.9772860386861781
0.4805585224728547;0.015212973165808608;0.2532407787386127
0.3809686923755313;0.7122957471708165;0.8862692476208264
0.23740775751762533;0.6634345680758219;0.45344285125722084
0.8234889201807386;0.46095493398615994;0.2012885447716879
0.6520350390046982;0.4548019102761943;0.396148553578193
0.824025256883751;0.8069813082964574;0.7282403318029064
0.9572023883881935;0.03399481556555528;0.960230394141562
0.7869214300951697;0.9950367790662867;0.08157850483004758
0.26728777534876746;0.7563297811426019;0.9833566590887529
0.24626927158896428;0.700393124692671;0.7458979777915895
0.9356402401504489;0.6924325494159062;0.3389956536002019
0.8147257093318162;0.31151679795750664;0.9046952453272866
0.33960147066577606;0.47157452858237703;0.3680052027248337
0.7060150313649648;0.5028920853688336;0.4094370814622257
0.3575006611510594;0.8505540156550009;0.03259872435701827
0.5929468434365467;0.36124948327684536;0.36264376818442645
0.5206252370762069;0.042729519456956244;0.280790707904246
0.03387781908591314;0.9622633656030404;0.7654078275115309
0.5729951435210738;0.3810549846633918;0.9033352554153921
0.2586647419999655;0.8002105533997459;0.7396593010498755
0.2998660088199607;0.3490920050929115;0.38971270915517897
0.7564511358672044;0.3593510793176006;0.7287561882480441
0.32881532764985255;0.31320708184746315;0.6913103862617919
0.14672779470664155;0.5877326655678143;0.13674037238273207
0.3844571737970428;0.08065920839933904;0.7077649466813994
0.9647774180061262;0.6346279771176232;0.842698449332731
0.01379983357394432;0.39931350201396254;0.8033019955363495
0.00995523047066793;0.48274454796751465;0.5132981688206137
0.4409846892128608;0.365565812064232;0.7678170045740079
0.6818074135809729;0.9910399096480187;0.4495176477232903
0.6949503350157379;0.1601539623218008;0.3344155484663539
0.9833470613307644;0.18266444216707556;0.6096310327587535
0.36727296217662964;0.6615277791457503;0.07075170935839625
0.8438629486873894;0.17347067284198148;0.3659893773817027
0.7479796697364771;0.618631809495546;0.8297347328990715
0.21524258867890933;0.6634118061718939;0.20358680419524233
0.5002327988582776;0.5618726290521717;0.0531484996526419
0.13432243738766414;0.3558288037635784;0.9000367622271422
0.24212282937840535;0.30302756927473706;0.5456904378886906
0.5741988334480683;0.6862599976866283;0.7214415730151663
0.06314667240297145;0.7486533603726916;0.1446953807611474
0.06607067099296715;0.23620739079086017;0.18153275644691214
0.19513341232896986;0.9010489518499404;0.3694209697478815
0.4221897948054636;0.7201972615536983;0.5827338459271124
0.17996294865567886;0.03706135426082402;0.9651614737397797
0.2503625714057307;0.7709880366506598;0.6557619376986186
0.3001933096504108;0.8190220448073703;0.867876752826441
0.2774211905823164;0.38978675782619765;0.4925905849352745
0.41277516458559427;0.006866291116161993;0.4937416301030345
0.5645202889594991;0.17577788747498801;0.4621000576076898
0.4776126394610908;0.3558869644649014;0.9200932428389603
0.4964763454713631;0.9511372873450585;0.8222111835823344
0.0661628427066766;0.09785601758354201;0.7748366547706412
0.44467997638016754;0.405835933699902;0.28318856719977037
0.11373229232466431;0.3197168487444624;0.5492971635294029
0.1997456368483459;0.8966354212271016;0.35788195431476977
0.8588691829508377;0.37067708713629655;0.052765746179008866
0.9876758654756586;0.8772152886797868;0.9578987351739493
0.5766015883724288;0.4579094669522221;0.4636521475162664
0.6909463760554555;0.6939450857304326;0.9613503158746676
0.7098710961461658;0.3460271296493197;0.13648293704173498
0.3525008421412624;0.013724674731795283;0.8595007702998358
0.63225194729085;0.8617146380008887;0.38608444038256695
0.27724390503748453;0.10510636949947405;0.37437214646310124
0.5894024582953159;0.6454088310129223;0.6490464409321861
0.38257199643715056;0.27434685801562364;0.503028854360562
0.7262989985116005;0.4498599298747804;0.8345832072585714
0.8791467007805;0.20123034496092163;0.7770072677517904
0.225406381969948;0.9819053532968856;0.4319360217623567
0.2349836429733846;0.17031923937401283;0.19338382371502827
0.995716412548753;0.8341052538014844;0.16658465313249649
0.6111704359089558;0.8527460456406325;0.3352042656183468
0.23498472889561273;0.55367528055322;0.18512501677672377
0.7431394341231257;0.7066852298960916;0.6390420756042448
0.06474194167157765;0.9149375711470296;0.32188643856808874
0.40531851010217024;0.3743267892753279;0.2075969530059546
0.3231716777867977;0.14949237355045608;0.05476511862923539
0.142843979136972;0.5616690992063639;0.12870337432260848
0.5573707497275471;0.404793437339785;0.5925099796004744
0.14443636009908734;0.8817182642289968;0.2226236241791547
0.7735986483869741;0.5662194127209511;0.22706183955370585
0.1846734893392713;0.43344590847123965;0.4040289468626248
0.055140827699787565;0.24807549022274444;0.7189092414647263
0.1563002459801055;0.45547535872137057;0.18275475396822827
0.43457411507341326;0.16819325172122157;0.025706213766508945
0.9797638159990744;0.9217913049094729;0.8347580223259127
0.8523929965579057;0.9569752661444063;0.5085787856174983
0.6882602388701747;0.2262003090782425;0.5509196419897433
0.5408738370695213;0.9019026991570877;0.524070600256419
0.7601268597942028;0.8281102087406447;0.5086861080874291
0.5276814535880878;0.06039803115723219;0.47042482661414564
0.45273925807849835;0.1333742104064134;0.6759166896257499
0.4553714375273188;0.27618551264608693;0.10059485823309877
0.2329001905966761;0.47281872002364733;0.48055645169561856
0.33399028790970686;0.7698203876717816;0.2732886069865641
0.6083770180378604;0.8030688665834085;0.16852284916106952
0.9557568911980157;0.4302325186839495;0.8786808203262456
0.7498239888640791;0.7228758030168425;0.6437276823241636
0.08500949352352227;0.26846637653318994;0.3823597437661317
0.11671989245196945;0.9480164689538658;0.5427018998702362
0.37204914450295234;0.8980578490094387;0.9587770729573315
0.7830240568941785;0.30367911776246415;0.027681303186030237
0.1279967368610455;0.2652442395783515;0.8366331328818397
0.6700304211912042;0.5050291762320546;0.5998554342784752
0.3339206858598911;0.5248137536117996;0.6113056602268113
0.38426387904138837;0.6369321768111845;0.13477855290390783
0.41919004382646796;0.9574982912621698;0.5859970169960572
0.2189080500519467;0.8698484853397055;0.011674372331421545
0.6328699552220668;0.22142120093732465;0.030653505644701262
0.41398649553142697;0.3198528963958618;0.7355024700140881
0.8403109021328846;0.07715214217999922;0.8627966337011578
0.6475119173151659;0.7470338870299577;0.47894289751911423
0.12643208831432462;0.6566644798684621;0.3489293578445074
0.851779578013674;0.6922322614898014;0.058513715139146716
0.7606493304847011;0.7115509328096863;0.6067671314003974
0.47872098555526565;0.04367889894621868;0.4419623083368559
0.37577647396602787;0.34861864015206623;0.8486688536005532
0.27094824084972957;0.7026786450788467;0.29251907189810866
0.4174297961150081;0.10386829613471327;0.9578217362540725
0.43145593103903235;0.06479355071942017;0.5305160074862014
0.28244225948879675;0.2555040130238402;0.794249153007197
0.7212208710882376;0.35394643667506975;0.7017058525051809
0.8283075095464791;0.5241679224016514;0.38690619469068943
0.616809177131232;0.7923028593495801;0.7855400000739989
0.2626690714075982;0.6337904725948968;0.44755316730296324
0.054192335673590386;0.25569207486641066;0.6170673095577759
0.46535013976278794;0.8894991783264551;0.023071308549720504
0.34577406779737685;0.6126349694147883;0.5804184974593396
0.9938359409573609;0.005106425557207084;0.35252429211144476
0.3048484246740767;0.574013270884321;0.993683482906593
0.569524321937113;0.27124168193687526;0.9176390326164253
0.37208913926205966;0.02356324674227417;0.16975772755484098
0.4129401416434225;0.3227547504860714;0.2801206831976194
0.08014041424984097;0.681925985106465;0.7883756675553278
0.7207196425618915;0.5626789223536037;0.34951717122704085
0.83962763530867;0.22932494526662717;0.39077443783024046
0.052410490285070166;0.5026522242126066;0.5165083540955674
0.5560792781996109;0.27384092702646845;0.5290282716254152
0.3322825070455724;0.7579381139651608;0.6871842092386197
0.829656416771947;0.23969926920734652;0.0616302523699791
0.24916372858658486;0.13834492453484293;0.7432446289758805
0.7281549601812362;0.6323900655373302;0.1419318562020836
0.8368494838059819;0.9330744097257636;0.008823250860464205
0.5991919101033969;0.5649446922723889;0.11955815303584605
0.28811490117509375;0.4000855327038134;0.3936571583123859
0.46462849140074514;0.29479189687165464;0.5313509564777473
0.8580856404922823;0.8329700015229998;0.4850595473037146
0.9241992898500738;0.12311983205812405;0.8337777879482543
0.5782357273866935;0.23128738942782068;0.22875610325199747
0.47716392513136974;0.6164698695326915;0.9224974582566143
0.9852036134015024;0.858004050616414;0.6410718981548762
0.20105465206344653;0.8327226865925139;0.6606907207121975
0.03731568100118654;0.7218474161935411;0.7688397188751095
0.05892551472069585;0.14083674619574116;0.3355570696375738
0.573171550571654;0.17077591592173602;0.14126061739831897
0.483608884989159;0.4584682483626431;0.8315779415697285
0.3557199263799645;0.9860851145459522;0.8912601810626116
0.035571368437438355;0.3703276778204837;0.9455760049953377
0.31686472885506467;0.6944406836017292;0.4493226448993094
0.7275954770578358;0.9407972756209744;0.9197330563274605
0.02288305535849522;0.4588536246034146;0.6716335520196868
0.36026068614855955;0.6548459269427817;0.1851669904146932
0.9106817715286584;0.8726359743265832;0.15258619039905486
0.041734539438951224;0.3316411943809975;0.4529721093228345
0.22551649982948474;0.9926287394161107;0.22160493659109337
0.7472780728433591;0.45162330288563235;0.29019885695984415
0.43722877104918256;0.4868274428727015;0.7709760549688207
0.1847432384507114;0.4999369765090582;0.9676260354042852
0.18069696912711208;0.25744032724217636;0.18259781502791383
0.669165014348471;0.8748631709582197;0.15015732643856416
0.6215267373634435;0.9317569476729932;0.5914925854196871
0.6777423277290267;0.8074648975463803;0.814502080406402
0.9635349911056247;0.008113097011154369;0.6363992437627546
0.4592501904399018;0.28219534295019555;0.9803207468468741
0.786374234973051;0.4378620907073888;0.6088301224672583
0.682796638881344;0.6090803480454049;0.9914664980471524
0.7050568175631156;0.6236002888966726;0.35091687407826955
0.47179869641275884;0.4248692767873844;0.9773457635326466
0.9889171157573631;0.7920914212086291;0.033155616354554884
0.40221389437029265;0.9891794004201498;0.17331992706331178
0.2325757625132311;0.592813731735642;0.42151759573455505
0.2782553450060973;0.8861139893286849;0.014202816079419534
0.2462451678466273;0.6869837524039728;0.86118235424905
0.618882342681541;0.09189572948496871;0.21276437898212863
0.5532050374291925;0.5886863621727647;0.24646798225555688
0.1317062756779942;0.614640550356032;0.6517209811625347
0.8520910405989087;0.23833422527847836;0.4936689037007086
0.13982627191781372;0.17383699007105402;0.5838718723973384
0.6995329368252887;0.07416400171284643;0.5322450980550036
0.5872184606556263;0.08840421288895939;0.425446682070835
0.8912649677960545;0.774718707994628;0.7503613184674662
0.7019284246603528;0.4524002562983165;0.74115522621509
0.3136592505105885;0.9230860319933145;0.5224093616484516
0.2165979938502105;0.9261562261790669;0.04885233515433074
0.5693923758018906;0.5261930972925977;0.2807604204336245
0.5328083723629714;0.7033347641620921;0.7602750463539896
0.11321997563023245;0.038478418609557474;0.5276298371410382
0.9077467679236199;0.6132759931121102;0.12602833641900868
0.13368004703617553;0.806922871543406;0.6081932200064031
0.8318374733114294;0.882218752349881;0.8234286912279988
0.9635222063742295;0.23263824356479534;0.8912372827158876
0.5652318557526046;0.24377114133015498;0.18764869565991527
0.17965223093852367;0.550802383653835;0.12123253396012756
0.514201739873954;0.16641222015608148;0.7282569493330652
0.17401129504814705;0.4095852231883733;0.17455432351836564
0.769342611180227;0.28172556076634125;0.5705484492024007
0.6283698801809806;0.0051344212265395095;0.9067166599967956
0.5626873224476489;0.3201663782668227;0.9189785982538714
0.030024035105301494;0.3890403062304556;0.39969733268944196
0.46430591289505485;0.6099857717405917;0.13046393684253765
0.607598341486866;0.4328429464402126;0.6245625594146738
0.3783738780398176;0.31275108573657495;0.8612757784332397
0.42446602510612685;0.696522165953586;0.4192900985180502
0.22179366881619367;0.3265407048508737;0.6732989706882603
0.7416846635351823;0.5185834368642889;0.5623495325998759
0.314793842959871;0.23656159525892295;0.20585808083518264
0.6698229454098459;0.06808688317769429;0.9562029009585854
0.05687733865338962;0.9914790486051429;0.5020754124378924
0.30735048437128176;0.7617308238248255;0.12366337063823485
0.3310912775667644;0.4372042047470517;0.08480305822561607
0.4137543064438587;0.19157422231031285;0.0561255883870293
0.9749296023114027;0.6171785899338609;0.42631886862478474
0.8730924209345061;0.20299683837859106;0.3854694423235201
0.5392841349346925;0.24289437061350116;0.6515807325038654
0.4198340498126083;0.5042359862562402;0.8991787536264507
0.5115895672239403;0.3933181925551734;0.8534156189672332
0.12055204780720508;0.18482345481188545;0.7752008568663731
0.9251359415345154;0.13192976783243138;0.3930368330165468
0.8482154035289611;0.34285830157024355;0.01820120490642796
0.6625827639191201;0.18416866448187152;0.9432716767797241
0.42505971912189366;0.7329709589428222;0.12712803974357856
0.18838935692603342;0.4061155592909119;0.38516700981599605
0.8155521907406637;0.29309252859067325;0.04708135762708976
0.16351133875501156;0.9171083319429169;0.022377392244950722
0.6183554482236;0.8141783507550936;0.5519783209319118
0.9516877210525548;0.12054777101150183;0.05886738955477977
0.11231415130719424;0.4066498743308541;0.832817853558313
0.8493203039084403;0.8785219201077529;0.6037670056750187
0.3853428063405683;0.8267190479804722;0.12242491339661488
0.5509649046894546;0.19227249042710182;0.8810225724350178
0.7034878652136054;0.8331202411538409;0.25046048572239643
0.5955700898678624;0.9128245204942941;0.14997136705219494
0.32518044891674125;0.023358818582533525;0.8040869374731057
0.7547475026330898;0.046759486027052044;0.03879876004695859
0.41443520261273603;0.9473894964443416;0.6250619557576929
0.3744589579650276;0.9309940668539133;0.6232691076878873
0.716290974975495;0.0831053395147473;0.17545406820394271
0.011638967690337232;0.01410706017905805;0.864225834764872
0.14565467401748566;0.45261860675621346;0.9372140072109244
0.7412575535002232;0.586344518237919;0.670818433680905
0.7131044638035049;0.07039856552357893;0.4901745593600353
0.1279519762865634;0.6875556917479927;0.6650321369858722
0.8993482514864517;0.8497985175076649;0.03146222507326457
0.5686151356887165;0.918571644392093;0.652762184526931
0.9613152365949031;0.1461354555051403;0.8802228149655811
0.848149683933176;0.24567022885154655;0.37155482828623443
0.708108871179837;0.4086668327266051;0.2507381950509959
0.2946946894339575;0.4303971738865763;0.7041663263862875
0.047207952775464856;0.1685956153263809;0.5359116348589763
0.7674133940725825;0.33777059413540156;0.05456436826321309
0.8372038982095303;0.9367807516003253;0.42623728214392176
0.35352468714912577;0.7629425280989108;0.9346129909689928
0.06518723477637212;0.6230589807284265;0.3081567971333362
0.2479621722471672;0.6906914662264905;0.7429078513657019
0.8411544526072223;0.5673369353752136;0.4509096521969367
0.3603844294968035;0.41549208907089064;0.8069363186315811
0.7226003808113306;0.6359150306057224;0.7573833572592136
0.6500456959596923;0.5993359068568744;0.5508627686155682
0.06425725105792546;0.159999987262334;0.13940725283243183
0.572339903811702;0.3107736912834651;0.5717688839688209
0.14295108811253632;0.5521028612399614;0.8240693296112701
0.509853039149778;0.14901607309824272;0.5289514649229092
0.46807994380167406;0.7221310324080447;0.7332006152236388
0.23581135917650742;0.015834467216941484;0.06851436355497642
0.7069541786471726;0.9865838539923333;0.4014441130737507
0.07441379238908497;0.36765581668071434;0.6759215051266247
0.15393394100473634;0.8261590579044108;0.4194152487979478
0.5970414222640317;0.888658548689885;0.0938061558140576
0.5509614441109117;0.7729629942993792;0.5403633292347922
0.48172852575653613;0.42455762300435695;0.1304536824572915
0.7672882380051396;0.8036188628833865;0.6519836360628499
0.9975593552410739;0.7000915490193381;0.8792517465239104
0.12896230835329592;0.22003872176600647;0.27565181811351125
0.3964061089994031;0.8720168661423994;0.7346738616544938
0.36402456238857195;0.011033669637923404;0.7588993560044018
0.6573018164269947;0.4849721426225866;0.5593169096274649
0.7209671486683074;0.6017981874278134;0.8380714931666993
0.8486025954136006;0.43416785927458157;0.9456220664327617
0.9238190735403541;0.6443293500926558;0.26323779722627993
0.2169836227101265;0.42209451391012887;0.5510359838414457
0.07417674128936691;0.777144317761135;0.8045113872313715
0.6127200086775108;0.7258787600572667;0.7786383937652933
0.8077530444033574;0.35092374619170996;0.7347277814735818
0.636530230680661;0.5005067141178686;0.4017844549189271
0.2792776980635061;0.8318300775901832;0.3894895025540529
0.07151602412077307;0.4805671612855309;0.591619165290717
0.08680480546714797;0.6879931037969313;0.4581134805146516
0.8484913625224428;0.9146743218316861;0.3444368904713325
0.5400577168491686;0.033390849884952556;0.6746207879449422
0.7854733480477449;0.4627637369704546;0.014456002343510188
0.6419755453079179;0.5411629339823575;0.2488394651059056
0.8026129216006219;0.951946632702587;0.37760805794348107
0.6825763546830861;0.7467847426499965;0.2973315583738162
0.27982747659789853;0.01139976064153414;0.09602009973054926
0.3993642847031289;0.4787069849675629;0.06485978709782159
0.7072310769165028;0.8337296027176135;0.05249244353495086
0.5920630248153004;0.26747498771148204;0.8256706876387656
0.8287165860952598;0.7848022953423802;0.24792540220418546
0.5369827474930499;0.06807332723007686;0.30162270882389675
0.4298186926784766;0.6872201199436379;0.4896873630234502
0.3249219986002083;0.7193726792039363;0.9200373272589363
0.6184384331333628;0.8974929627244054;0.7881254930484739
0.14027379611610824;0.7185961491525267;0.8475151338169775
0.6100752342399028;0.8421786377254381;0.8899338704446754
0.44320476870685577;0.3557834583591448;0.12892120740104662
0.5470949431476396;0.7764915894779221;0.636923772795924
0.00470729101195122;0.2838341154213001;0.3049120668209545
0.24911895824317087;0.47319764034494505;0.43939812727326244
0.5790390233665125;0.5985854137546168;0.04029471846185706
0.7630296202786366;0.0889148783037671;0.8855084892769286
0.6487929100618056;0.7109833315245663;0.22505238273754824
0.4785205921067561;0.895888444247224;0.4282418332195175
0.7753693913035286;0.38961828528898934;0.16580725529659057
0.8669362251830212;0.7053550204105461;0.9805612159850856
0.7414197416109239;0.5082978445588852;0.9642324347697006
0.1859495743668249;0.998401474765711;0.5318591805983632
0.7368027386242386;0.9850862448660704;0.5731688580430339
0.20082185424514454;0.9857350585837298;0.5568459849109954
0.205336913460767;0.44179171496870273;0.9808297920614274
0.358026842426034;0.8330502883918134;0.14006459117650416
0.8229592032064964;0.734745504689888;0.00382473371783576
0.13222821987618638;0.5694855231986747;0.3247176503505961
0.9755946980364889;0.8258619205006693;0.7485085446048201
0.4957440751778316;0.14318988491739637;0.6681020132782374
0.04628868856927426;0.8743911986861771;0.44823725008230053
0.39549410380209515;0.09452658282876114;0.9014769172058149
0.580129965306617;0.555024331002474;0.5136645955865797
0.8387648882470066;0.12797423155390453;0.23017146139597222
0.29265071912365126;0.7424680468169549;0.13038091160637277
0.2925963855534677;0.05110572385576462;0.1528565141150503
0.6133839422717824;0.44874189347263305;0.9631695317605533
0.4845827596047435;0.7279218769097622;0.9646159468364819
0.6835049638065468;0.13576790777269043;0.1315597198223699
0.3424294612003158;0.10916625105539657;0.1297584414890508
0.47801437639383104;0.7722546630520186;0.6111845648631055
0.6065521059505598;0.876421505346;0.5878505488703877
0.6270951407304957;0.8529682892157364;0.989203121650188
0.02518471517520271;0.003036377647823607;0.5205673851727457
0.9131072468954871;0.7414332394183502;0.3653894102992796
0.348166528173659;0.23491844344386725;0.7656222861047857
0.40320226838462125;0.006519990938632647;0.3272465217621606
0.6450846517637682;0.6608184520470556;0.23269423735563233
0.33012786521908977;0.4933888436249134;0.2321607087792933
0.9026853969831797;0.9515820682265318;0.28613703817777025
0.3345814113054095;0.7207283357407956;0.5862917442519311
0.33816774494534285;0.7937483900912938;0.5384376024816461
0.8483124915339165;0.5494021717334963;0.30458669353565493
0.9433366159037413;0.06656564674726417;0.2959860555010757
0.34852073645675186;0.5157954933958869;0.358270634199623
0.8789275933474396;0.35562510063509467;0.4348695261047534
0.353373354282147;0.5928629390502528;0.7319608759630633
0.4915886314504687;0.49126955872877154;0.06188952880596532
0.4924616000269999;0.5987805510495428;0.20592290678094893
0.35620981812308283;0.23649135301611857;0.29440447541206327
0.5379236571179643;0.7822916698487046;0.37750929994152915
0.644988230237079;0.3019191625535719;0.09680142034856976
0.8012408054154373;0.28106972990111534;0.24040926569544718
0.8078063514054908;0.03935000415264578;0.3378089647561259
0.49366656980887647;0.30869226861886023;0.44898725191531763
0.711364913820822;0.31615898978467394;0.2041804718114001
0.0711008414461275;0.19650240681341846;0.386959726111091
0.14694146422397247;0.2519996794506112;0.9929720320070179
0.03244833270210068;0.8202439081271542;0.31590844763385073
0.9958640615877254;0.7233572935225079;0.9639340036100698
0.8232808923050801;0.9178737834951063;0.9763072704970763
0.575870441255999;0.6033297913753923;0.5197724315334266
0.8298649344903284;0.9051156158986113;0.7310388604246194
0.8653806051998774;0.961269055615447;0.3369788601027721
0.47979909563588197;0.3099392220288537;0.46119240088703317
0.34231196307128486;0.842937111314275;0.23029185257651974
0.18125522790056836;0.9566511693716782;0.5711606177161985
0.6669791522412879;0.2881341326428811;0.6491900837556857
0.3665393045934253;0.6361653696654996;0.9753337829270148
0.35068673453071386;0.028639211978717216;0.015592938966319192
0.9077059578614822;0.5825650052272263;0.6677942314589542
0.3686414610978004;0.250441167822426;0.7152445805552685
0.9689049269213715;0.24572791190312748;0.05489833741335359
0.6105904063613901;0.16530350250963433;0.701138336004565
0.7233790938310221;0.003243965854700215;0.6012628760374962
0.12000473553446023;0.09214366411809494;0.715527800113992
0.3550037252916929;0.7173515219961302;0.21366989741512832
0.476552704354277;0.9322284295943837;0.565332693858884
0.7636561685044897;0.5980060478141901;0.15286124234931764
0.7907385203677387;0.1557799012758294;0.6704382731104696
0.5590895760625783;0.02514791247123671;0.33605936699020533
0.8808156756932533;0.12161241246523402;0.8800115089932231
0.18046099757173706;0.8534349648203264;0.8328297479238216
0.6714381815208958;0.5360706763961227;0.8433673835546253
0.482477595642437;0.1823946936788463;0.32386819541874934
0.865048327459304;0.4024037149417231;0.22316671014981881
0.9734274054631366;0.4069364886836908;0.3049215384156798
0.5725219437616172;0.8531345324669963;0.610182757732787
0.7833734967317707;0.5632603230551263;0.5734243685287025
0.769784147099422;0.31326079147074126;0.4417244693922888
0.7094362808115218;0.9118929294010828;0.1895288372462296
0.5835210903970557;0.9430198090617976;0.19516960269435124
0.07831453844897951;0.7394899254272622;0.8018664473306901
0.0019176503400956113;0.9867566278440791;0.28593699087761304
0.10840997971642308;0.21518320241015298;0.3703400997982277
0.25136431879996846;0.24784006669714964;0.897945972275718
0.001960605532516313;0.19671949288050306;0.584302518847676
0.12178554860461199;0.4235588888931211;0.3172113412991642
0.4055867310563176;0.898112795728842;0.6980571930226089
0.47020981217980096;0.9781146768370332;0.6363674696600723
0.23190041627706137;0.35992502219214073;0.4849524871022203
0.4745152323123789;0.7353918491203291;0.2644297649172844
0.8768818662285258;0.8217960883201633;0.6285373152460073
0.6484842181831418;0.17027855211799192;0.6747628737931985
0.9544786139552158;0.2076408598636793;0.7103970919180912
0.6179733207788924;0.3737406820619604;0.6642938100924218
0.8805037259745832;0.887056742337471;0.032987417011892006
0.16163801064432615;0.5128382099448591;0.6359949916031654
0.8989389397881639;0.5011932879672679;0.4970870911428793
0.4031442299969761;0.2728273883421276;0.7043267925857675
0.7058639603049989;0.5609694017193128;0.5740759356524344
0.5122769106509614;0.3358065781437396;0.8841296457602693
0.4944060253311293;0.0885268177722115;0.13204923315483919
0.6620718752203206;0.15061777491899486;0.7132810475796691
0.05310696107386759;0.1442946718726501;0.28504847221814555
0.9477297779959636;0.3911830126830482;0.9965307163530756
0.20850316692823923;0.9286757487194751;0.33911640078472927
0.4611957581627856;0.8648706164638356;0.6765835740201313
0.9829325583108346;0.39535584581694194;0.892076726479847
0.12077041886597628;0.3754526184913366;0.6451394815194288
0.8906039668481522;0.6974793316373816;0.1527043788060901
0.5403496700544789;0.9108656612793623;0.07054231100201103
0.2967275831365582;0.5760754037956061;0.37076645278697695
0.9419562510204166;0.4382920139105856;0.9623144818403946
0.2711583219829172;0.3760003618245731;0.510698391547299
0.4034876816855981;0.5936718911783543;0.1895353812795605
0.49723679600309867;0.012734555203516407;0.5447745189307175
0.606328482658585;0.18826861223778046;0.5141623602264668
0.6812361288025759;0.24970205397964218;0.7529497096024607
0.6953839943264345;0.7151602579339067;0.3033450252796387
0.1195435581554315;0.8128786997091473;0.4529978627240733
0.6031198239928315;0.008936214155475963;0.2977297186162857
0.5811307794284934;0.9891770287089279;0.7786029385734776
0.41808600782113026;0.6085707880323219;0.5216921528701605
0.13653489206014824;0.7713144461775694;0.21743777200678227
0.27983378923796876;0.602573619481018;0.7657710090329405
0.9659252868439095;0.08479458477705704;0.23583284741334398
0.3006386827349139;0.3729675104591331;0.3384770244245092
0.9867888203170531;0.8608109081168254;0.3328406783908826
0.7229668418497573;0.07629155553267752;0.4604336903408085
0.9464075349592587;0.9653697094278658;0.10440759787778164
0.5874294833317355;0.8410171451657967;0.17279176044846123
0.41650551724518403;0.44485017063399945;0.42725015426440227
0.6887965823920535;0.22792193196144284;0.27087136346647644
0.8836686584473656;0.34857998733304674;0.18919165194085086
0.6324839848802851;0.7929381744210746;0.8845223743210439
0.24052098536943856;0.5855254313526328;0.9213001153076703
0.5802421020647353;0.7549025441478072;0.35439177660422805
0.704137840490305;0.01321421460569483;0.6907139600268912
0.6197849694671023;0.24192337336804026;0.33956320585759703
0.039364886636069296;0.139083291231763;0.583725908269523
0.6238275224604636;0.055778432842496506;0.2553324722025425
0.369204185119949;0.09212739969942751;0.21456962903968158
0.6768813507437413;0.09170833810733414;0.38370790854906656
0.6040421504544069;0.4647598890155743;0.6797748227204946
0.929517488002314;0.5666069380801421;0.5287389101864765
0.048846035557047696;0.4533331745068444;0.6818958631634884
0.7923868461056576;0.758726139521822;0.11950489166068279
0.0915358668534817;0.8094971363818998;0.8132751363391333
0.804341314776728;0.1504710506157505;0.1339752927304203
0.06490988646261198;0.1844510417304619;0.33398279192415603
0.3164095415381629;0.3256560294744174;0.8331568313311891
0.7023920507713455;0.4838030233100111;0.7552934631434096
0.8740406512349935;0.24950127018959933;0.03563740888489808
0.6646382065312763;0.1251581158349233;0.12073977127935198
0.35089829674081296;0.32659312341302194;0.8079643671525948
0.6602091785019683;0.9146211760463779;0.6477188573744237
0.2919107887410992;0.7267777926294873;0.790094953111763
0.6814346387653554;0.6014412224117909;0.5241763120442311
0.9362900740825338;0.34683210816446564;0.5423309182345746
0.949512815678442;0.03609014074129391;0.2320955134684528
0.7670217455099754;0.5474537980624408;0.9668256486159806
0.44524034805060453;0.31813335889465366;0.9567799264966574
0.943364954842345;0.16382625452953414;0.5251563124699379
0.689644208088247;0.9798771953255605;0.1433280724575099
0.6566154132584703;0.8254670924702651;0.5459641620411105
0.5321079385921196;0.8987731198044575;0.8604712758254555
0.7552709299260997;0.06092535766736806;0.5237686622214369
0.5020285587744245;0.5674990802465449;0.9748102486325481
0.25341353874204076;0.25495370027464204;0.6823987362443124
0.6290754554735783;0.8492121473480824;0.8965374569395201
0.7933069654095855;0.751646899510775;0.6076463399689023
0.6558534197892009;0.8495948929889207;0.13744520387880743
0.2531802158681983;0.6462970190262461;0.14810902824052996
0.7206193969558488;0.46379540505417627;0.2878063367271315
0.2386224652133545;0.689551728060022;0.8876033557476121
0.21603122912054917;0.02798913422146787;0.3988700655094116
0.4772369036280566;0.16690671903478926;0.7870999930218985
0.4311003851388787;0.5818884366093152;0.005940808095786121
0.12413366432352058;0.17681448682608558;0.5690297121509351
0.9964004557030676;0.9563216408636356;0.6415606244202541
0.6415288578424121;0.6989233300313288;0.4842716609041293
0.6150958079480959;0.030024958597708595;0.7888061456379565
0.94796512583178;0.0949891859650086;0.9846361855898341
0.6245849293238355;0.896550908160062;0.4263354142261554
0.6736975480160299;0.7698307893411391;0.6889700935661036
0.5322430146655801;0.41902665654823235;0.7773664411975684
0.9707205495027064;0.9546515526281454;0.6926767307626344
0.7479104947303546;0.41473233251596164;0.755726346243618
0.37369910779219995;0.8977874447492441;0.9794747392706379
0.4251295254980332;0.6253502757263487;0.1378417539127672
0.07898698517967329;0.5499277533655916;0.5027539845937643
0.48764909525235833;0.005576567279708011;0.3993814814934743
0.6819397468493421;0.046391690314379286;0.11870671430916668
0.17366449080218938;0.2517591081221432;0.13640202817153535
0.28759045100393077;0.8285067448249351;0.44374230059008013
0.2406858558804994;0.3156782246066635;0.8677845074917282
0.06653908482045567;0.3688695742680318;0.2866656835535608
0.799108066251959;0.7007216159872959;0.6095214622842053
0.6263359396131416;0.9012123599026486;0.9200940485002798
0.27726249465694475;0.5399104511567505;0.01947673803086436
0.45900550245660854;0.9011920862777043;0.030479103767842686
0.4519713097508664;0.02832759256506412;0.9868034943725668
0.981254033319857;0.08593512822579774;0.7786201835065577
0.13012979912247524;0.1737073778134628;0.05672301615574271
0.13417415944271704;0.4634049429749265;0.5950155630869233
0.669154991089647;0.03193191433500875;0.48967470497851495
0.39722131828312424;0.934279616635856;0.17213346284921616
0.3626721410530883;0.12761256137805166;0.9396658404197673
0.9933417974442218;0.5755584648672939;0.7239239342942001
0.0440592725266038;0.32346730014053393;0.5440101452166511
0.8431854104794096;0.5126356162332503;0.6032122527006517
0.3679023173077788;0.7703810274007483;0.6737524078550025
0.43481924211096834;0.5983402184739004;0.7583676416220682
0.8773721375508883;0.39681539534067045;0.04722122479785018
0.703058538894786;0.8674859508941695;0.45838536180642053
0.8974140678700373;0.42689377199175393;0.5798478962277122
0.7516916210614568;0.6889719519705314;0.3081557259351583
0.4007186496975058;0.9534276679848219;0.4690814864048305
0.559577334438222;0.2840295450507385;0.011603695961939331
0.6464108077949611;0.11788850913212734;0.44204648599788954
0.744729726054014;0.5478027855582184;0.29610730675956853
0.92483961870578;0.45210633972493997;0.556413853241307
0.7089252517419449;0.6792962487150609;0.8862602425113423
0.6865824027732339;0.715008427485328;0.5684269794426874
0.149170604547745;0.406097090167267;0.3597678785533933
0.3532333696179124;0.3742758002383425;0.27754962392373106
0.10370183137778088;0.8787491144725206;0.4402598567163677
0.5278392455037045;0.9697806813906221;0.9402827227750011
0.1439557996035975;0.1495364329079386;0.1029523956859919
0.1053926793432588;0.7889652393357284;0.4193738750559004
0.7595574012753653;0.17718156693659481;0.287983733619797
0.22745949229899043;0.7810851382825266;0.2888289291262762
0.9832418983986276;0.3880908490348618;0.046599124995737595
0.6171536127062578;0.4796802701279391;0.3949829523830447
0.7071115374063665;0.2276717940770423;0.5854229587535876
0.3653683424198563;0.6461945230662541;0.3528516133392957
0.36119798708998374;0.8809996858765664;0.1630952463421076
0.5349990791938022;0.853402349993128;0.22780952123725684
0.6799808372183961;0.7378528482127398;0.23365645500239263
0.6305277219624518;0.082774117705812;0.9378642621677736
0.948066743760722;0.39188797796309394;0.5573935921582268
0.9239678575923169;0.5115963153012377;0.38727599265149204
0.4925205933864891;0.40286889677020044;0.4173227105303783
0.6353970660461279;0.5224739124259782;0.662398825947884
0.6444837249829547;0.905435319586866;0.9718739295535361
0.7940722197372208;0.6430155362104428;0.21502568236836161
0.3034624575799767;0.27095501031745994;0.7254423857803713
0.5093729731593857;0.8777488802893711;0.1155795327398903
0.5643273302666488;0.1920980403037933;0.9749427643540597
0.27815662495876936;0.028869274769677156;0.4479233586067959
0.1875683606094759;0.07615269905073219;0.48151322472812974
0.3543248769033569;0.22395170615447013;0.12661678554253974
0.5467626005836494;0.8546101160348305;0.188701430993357
0.9910320812433293;0.3376904189541243;0.7164074961375835
0.8899087017800618;0.6655865645417668;0.7184966505347866
0.8550048040730049;0.33525460496952153;0.8253992894894557
0.20588241886558212;0.20932674672537555;0.345168108347393
0.8382820297295234;0.2174536926192271;0.8543754928755043
0.5718839759911718;0.25951803456808176;0.9796192748368238
0.01350425761267482;0.9039644927372154;0.8937686382116286
0.6470655822416289;0.2539323584473162;0.05999198125198857
0.8692049010276667;0.7595712455512798;0.15924682062520845
0.32441072464727017;0.04963635816743772;0.5678011210003099
0.9148491276875997;0.06724961094913295;0.39717861041387714
0.9917965459141043;0.4529258407083868;0.43728828530735175
0.4140122196165511;0.7896140339617502;0.5071976817032691
0.5416324057035179;0.7412226394391144;0.2567641302865863
0.5511227671272204;0.8146253829499941;0.8700382099689906
0.811188790234663;0.9768240503256767;0.6094394065759867
0.7913353346527207;0.34467408983391024;0.7976276323571109
0.9532968902411337;0.7676903009940159;0.7650254537111489
0.7824366945693082;0.31011276574590074;0.3989728409783113
0.3571629216039872;0.964579585472156;0.35242085955535696
0.6376685048985035;0.7661914599779458;0.7783934151888647
0.13384740027006392;0.7659626249787332;0.00631080984545529
0.1974500474466766;0.3554280683214337;0.644754585909739
0.021227175173923474;0.22520514891686405;0.24337316273018172
0.9634751360787482;0.786919212236684;0.5192902928542759
0.7389871563239869;0.5269490206976366;0.18799766982836918
0.4958910284739356;0.3929900738692732;0.9091045320184105
0.631995998530171;0.18392172151766972;0.039813354396103895
0.48613301106963913;0.17030853380225097;0.4588996609882521
0.14567871119423792;0.4863389890728378;0.21230215735788271
0.39789255649844457;0.929590838251622;0.16764060413613446
0.6049816993546893;0.3529631249835866;0.9462280294217225
0.39082584569190837;0.682647822656387;0.44997271398544636
0.8850509776409557;0.4038280745584971;0.23475980409736463
0.04862808438162969;0.37823898596242;0.15947225998079517
0.3016056385487986;0.4638240053083649;0.7133167831429357
0.6625911295960036;0.9396297690524191;0.37132081926917226
0.1789048858389909;0.8226332306143893;0.6182685775380612
0.4196852899267983;0.5658014448273563;0.9330569220686711
0.8383774754830328;0.9562798956227837;0.1823146290094898
0.9179246442677814;0.9134854513059446;0.5434979253786328
0.5131613377251616;0.9437750990110563;0.1905880671135407
0.1274495395654207;0.6621168844274831;0.4881831875937581
0.6975666373244366;0.15014445657663922;0.10739607439451448
0.07056703694725897;0.09540112158860514;0.3641882699963206
0.17651459826236315;0.17961814585194646;0.5146522985403115
0.22157650692418762;0.3076811529968233;0.43404112727182764
0.4458260156623539;0.8101476136239194;0.1884901441392065
0.8163567675075925;0.6085955117402277;0.10520751288969632
0.5179809380784246;0.24845212111192605;0.8402947969496718
0.2351409056776519;0.2368370592871204;0.8538848407386586
0.3258799239930512;0.3787612738683006;0.1396281996466624
0.14365420404193796;0.9302656495254287;0.22294853164075112
0.5776742391347409;0.6303491440045087;0.9927270970948362
0.4492017795506885;0.1982853809750429;0.4696754269011745
0.7818565732779963;0.5434511145794022;0.6420111624572141
0.9835071427727626;0.05210476763377614;0.1598672059134545
0.1500524261027366;0.23962093539211582;0.8323400512650481
0.5823230421454992;0.2729919885541927;0.18794601427453472
0.13216985233235967;0.42316308471960584;0.31119260452792963
0.19324682285432082;0.8641100759893043;0.07846745230020369
0.008720858993475633;0.6467618481132668;0.2486181152217637
0.5224662375153604;0.29372734500002273;0.0814824106190567
0.6795057021886328;0.11351093755046948;0.8660471073985174
0.8446607867301547;0.8924226039807961;0.7957137426667197
0.10471650504910113;0.4934682024294056;0.8166233466830203
0.09643662983137613;0.7751062405285181;0.57182206675991
0.0808602643129569;0.8085278067991171;0.7050237233314569
0.3312141534680283;0.15051507905545392;0.1977771624965291
0.3337429041812041;0.2704155193351032;0.30147236779275943
0.6807038807857675;0.6086796965913458;0.3929119693864329
0.06428559430743319;0.9650815993268202;0.5005679999336997
0.600681431505865;0.5961749488010836;0.08424810011690309
0.6910006777086292;0.84587519518012;0.039048348414978284
0.11217888023934963;0.07697429914057363;0.7919573102979458
0.640606818815696;0.03844784237251986;0.5738905979074456
0.5240123414948848;0.490669191556373;0.2927746195848415
0.24767405069651394;0.9804054437605291;0.8942214149080967
0.2522252161923779;0.8241961533469383;0.07893659713778234
0.3057353689828032;0.5821560317193617;0.9930305696197669
0.272598975077208;0.9613672921471164;0.12499906399826932
0.5749147101660375;0.5998119913972846;0.19000626234120344
0.14856794599850331;0.3518900668345063;0.2433568517666035
0.18259903564017177;0.6386207651013086;0.3174512481097068
0.851491507774588;0.4023091812111015;0.09521401675060348
0.009476609627502297;0.3728299218828438;0.9728824630117587
0.20362833043969863;0.8875973160643726;0.26563147591017167
0.45618031753895694;0.8532744207338708;0.34424968096443476
0.21386559251281467;0.9803472702132412;0.7730200095120028
0.5140984118638527;0.7888213242767685;0.015100747594828379
0.9940906719869755;0.7355516910359136;0.33343546166063653
0.29822940297970757;0.27146260074194095;0.03177305920575413
0.8780347097870551;0.6084251052403485;0.3724660547928478
0.12125409625511696;0.9273731350295208;0.4815107720665768
0.07728099915866726;0.13780679104290605;0.7781277186162553
0.8385267270437337;0.3689664872051287;0.024800574235161688
0.04292708904292952;0.8930024019080547;0.4694144038566165
0.39383758384800205;0.38539089556234996;0.88237868903339
0.7688154542590346;0.0489369339635054;0.4702545606347983
0.187893543967261;0.35619270985839846;0.9149596787903183
0.8596112357582767;0.7903221276222298;0.8512568525201445
0.08889608376156644;0.7637345074598316;0.43210697191498204
0.21131494277952867;0.2622263938090599;0.025437095120636743
0.9990517757062002;0.3891217448322499;0.3126079531612115
0.45303793969254036;0.99275526872931;0.3937826973577625
0.2852743788448606;0.8133796016151054;0.2264696119595342
0.5388043530706492;0.8988179319044314;0.36835039489919474
0.1317343698960235;0.5596389745945376;0.8672978849683572
0.45572185287210876;0.3071990629232435;0.8657980853008359
0.21541963507384765;0.18813054732777412;0.24667324748398378
0.28360619741281;0.3323028650178895;0.310518552743393
0.828313255824619;0.7112483446268716;0.7562556598966748
0.9725114446631326;0.9389091665520183;0.37911648708149015
0.24073913283998694;0.40268288673156427;0.1262956091727383
0.9346924968666078;0.9732462774405688;0.9313326219754742
0.6318426241694414;0.7768629065971232;0.7615708032755804
0.7130763271562541;0.2289383516525293;0.5335278159715264
0.29488604231629534;0.857694766213112;0.9560026567194223
0.8126598111799032;0.9258675631017516;0.5102768003414968
0.367130267979498;0.005428934189223855;0.2946050653036335
0.9896651021149031;0.23764600986865148;0.8108019908060338
0.6984132118580562;0.5788212803948596;0.38005852964010767
0.8696362789606824;0.6477531859377914;0.8301338258660178
0.4519585984898169;0.8270062335218459;0.6829150709698893
0.406442987508972;0.9159407084212584;0.15560720789187565
0.6634455596645845;0.2717332342415154;0.4199278018425988
0.558165346590134;0.788215947227221;0.07394815472341565
0.6673728596838356;0.2864874394131438;0.496165674946181
0.499992730145136;0.22692223046758897;0.09866835188607392
0.6557816216838696;0.7028184840517334;0.08758638288625609
0.5340026653491264;0.18224535309468393;0.2987518286439447
0.35570784165196945;0.3299445957878251;0.7254863344227546
0.1698850888181237;0.9849118660421194;0.41689104097327856
0.4078786170083202;0.43379907309588694;0.574298866234778
0.11834397992977763;0.8789957213619632;0.3775288261005343
0.02680631144141188;0.7220408879002762;0.8210449355098545
0.43405717466942884;0.8328756739369241;0.9570975211187503
0.21769069171586442;0.318907932445354;0.17661330501768502
0.44617272085873905;0.4164776335147361;0.5480848623698656
0.13132334842789894;0.1130015879215831;0.036026360148338044
0.9282079600002141;0.19350851880020714;0.5599102926407069
0.4607418364885504;0.13372460048269674;0.6532817144694347
0.5291121090004398;0.42767836245497803;0.824083022983661
0.981609061649318;0.062468453592358086;0.11009116053634971
0.83592175392571;0.025851130638594233;0.4809872752579152
0.8648919607054437;0.5022997887855783;0.4561022954678322
0.35049142509821474;0.9049940206635136;0.24602777691114364
0.061029939518482346;0.7390522084352378;0.3582219095769834
0.792772858585359;0.6958562953003307;0.33217552413254325
0.17788526936753146;0.2242781516904523;0.7832536775397079
0.4829606662981718;0.1290674287229483;0.858557058080762
0.8647007773110114;0.8828555163098478;0.6315218474103329
0.7842310045342444;0.47244643711270207;0.10137467769891095
0.27678068747795104;0.06765172845648337;0.1641332563487965
0.1945843341078033;0.310642046670792;0.8384489157176294
0.9239278237595927;0.7826616914286493;0.6541431826452955
0.40505313915370245;0.03280870855413409;0.18071950698143868
0.7246889785552553;0.8429430424045052;0.3667884212182453
0.06381499289362358;0.9200060255964373;0.4653054726369379
0.20762109697848907;0.37565410207731176;0.8773192084938146
0.5305847678599913;0.615869091867483;0.00610889813668547
0.7552203412983408;0.6810296480512346;0.49440197033550437
0.38397588255071446;0.18175985906381165;0.8386339395960246
0.14085709057528362;0.3985582639591738;0.8417066615803867
0.7584216074988571;0.7498342223619526;0.5107090215656672
0.11313427920162544;0.6071625443222617;0.45091472566603896
0.3605663484206537;0.26479752455305383;0.105621846312424
0.11683590970194146;0.3215380282540996;0.8421843392579047
0.6968471848773684;0.6979557148368197;0.8459980409453088
0.018461160389812825;0.034449034702395354;0.4835481986127945
0.6212737394891067;0.9728092904646382;0.2879826197504941
0.19025561691711046;0.6016761568670577;0.5915632075898322
0.028462656157467903;0.8776476500904179;0.9451250005372906
0.8036504510257304;0.5447934933668618;0.5600069728938443
0.563906504517991;0.7342343060893178;0.422229653118814
0.2597627578712297;0.8671862761827528;0.6909553202303285
0.31736567840782137;0.9889399273863227;0.6273432825621109
0.09678900205019725;0.06155587898607662;0.2789812704067074
0.0692619221401034;0.7136185811946885;0.22245710656505602
0.6180482101046175;0.0462820164136154;0.4917329378803581
0.612344559263935;0.4545963013848904;0.7157258843360144
0.60916230881201;0.4432225030721879;0.9781806188014146
0.36572159079065325;0.20373464426554422;0.10242187488627541
0.3455318004938911;0.82698432493632;0.09749872985248986
0.6763545311313024;0.017660079954567753;0.8015380306411234
0.7543466690296255;0.2925668986335507;0.45247054082064286
0.9748330536595372;0.15492767606022761;0.7360294854967692
0.11376298742734925;0.6052030966377054;0.42027783162202836
0.6136058962336807;0.1484294112684198;0.8035574910035429
0.7942529082186653;0.22852590055927968;0.06078358666621486
0.3994456853715159;0.636558600317687;0.10923069186592849
0.41565825113115273;0.2444879554149918;0.5827112410563996
0.61501520507993;0.05245686696435514;0.4301826830803336
0.6246274674723379;0.18000485150356982;0.5387338733268178
0.4805014868754447;0.6104950709802601;0.11201943345865717
0.10942028180320473;0.1816556052853443;0.8869958940524363
0.890188030940318;0.514916243006534;0.22331862337617914
0.5150363957813188;0.3024236540826504;0.2884537749161167
0.8735476611089079;0.7243429677945827;0.5919997252726303
0.11618015426108874;0.060650066631643185;0.3187368424355377
0.6498858545885072;0.5153248387117264;0.7541115924637737
0.5112062221684565;0.35301222876406346;0.4206438045354046
0.0685840260228604;0.18595056711508962;0.038450310112656205
0.6017389468773217;0.2820981105157484;0.3237851118980667
0.49890739988496613;0.20863759895316214;0.8640000573832751
0.620460674342161;0.7203316532766977;0.8408542731231956
0.8760702962144229;0.8362414640157363;0.2290239939781037
0.6808544698299434;0.39143566646154837;0.8614254158706369
0.37171148694328504;0.1361848355783547;0.06238448108885952
0.050092491428602504;0.1143288015302042;0.1961006265748182
0.7180152321036964;0.5836757791003935;0.6422082690566178
0.34079883468104066;0.011590157977954041;0.9290276337469425
0.05010182752271575;0.7740263617369708;0.3303749291234185
0.41679422026224056;0.3997505215639686;0.29707286594817117
0.4923631905530035;0.33903105194588934;0.6333209388490544
0.9848769559307526;0.05222258856310791;0.46247423179094616
0.4163946267551739;0.2217280737483558;0.6676815646927187
0.9311878268365686;0.07593604594190151;0.8389553050626065
0.8815413966403254;0.7574474804844624;0.12961970999627648
0.987845607148254;0.2706708608750913;0.8538862353997386
0.05329001479471529;0.4981657559235988;0.7522099993712882
0.19681863122687238;0.904452757402608;0.670699363215007
0.40058255684199384;0.5059618441718554;0.7149620867718113
0.34215443166314363;0.25551926115171;0.44060869442944317
0.18251006799401293;0.3981153808412381;0.3612271151452453
0.6774052829628657;0.4175720868403957;0.9968189588479812
0.022059517479424362;0.9010415251023371;0.10281283251307782
0.06727616256853364;0.28939119365582666;0.7894951001682063
0.23377900221176684;0.4106111601422897;0.8434033783467964
0.8431959470428614;0.6816508729316414;0.4970096461172706
0.5036626336801551;0.9646439351342387;0.029178127339276272
0.025229847695163565;0.16104335958099225;0.5481107072537759
0.10062925340335438;0.8106510626326386;0.8264114986652357
0.05942782490088783;0.6126374324645656;0.5427846049030156
0.06508663584824137;0.4182600252038474;0.07990984855960992
0.5829848710342233;0.486493471426377;0.9532225549478488
0.4891728313522409;0.580309470944866;0.3553221170179578
0.1477963995073167;0.4554195580824495;0.11936544408840022
0.8281366900508642;0.8685759256136906;0.7687232970561103
0.18210738213864952;0.3770856529175024;0.9283924320001365
0.9641713579936633;0.7505702042463025;0.020934417783235904
0.10625016032625234;0.03134735954246448;0.7180712238774274
0.4558298654010541;0.9900849551735103;0.08477651244246331
0.5961559902997579;0.3665269064460135;0.08867774445427878
0.5765738723042607;0.2327208235446161;0.5679030739231578
0.8204207729881956;0.7181403259498365;0.18912457007832095
0.466577745551755;0.4698112268016478;0.905522227800587
0.9984181747512308;0.5713569942389397;0.18380108634190373
0.7015039673373961;0.18221865363414913;0.9223387402503569
0.674360064601407;0.6866883986004041;0.9690026606747811
0.40069833991346193;0.8798598087365087;0.2672221022126292
0.6782737116756258;0.0010803225370559222;0.9206183294331334
0.3506981323534757;0.8082126131873442;0.7215783125700729
0.9213541354625532;0.7304676477783797;0.35878692351889574
0.4320543342764327;0.02090735370922603;0.18605666029034185
0.10675534339137516;0.33501078990369937;0.631803593197573
0.32426962708682083;0.7334094372797453;0.8830154271539886
0.07238689138954058;0.31737275385347197;0.6147963612054138
0.9077736121635624;0.5919257158581277;0.8713837563602302
0.80165302249548;0.005837305115032221;0.39558417215550223
0.5848213323117268;0.7601299115088592;0.5013672222311895
0.37611819897281573;0.7420069267952679;0.5865912028877588
0.763588067314302;0.6869779823931575;0.0914333001902593
0.1822746623747089;0.9393588498131559;0.4574771144148645
0.1312458844889517;0.8388169069099954;0.859029391612706
0.39127383650445546;0.38130196656996973;0.49503405798213596
0.17887506763039185;0.23704656327385054;0.07680367817122635
0.755320322113439;0.7164279541102043;0.15679006296393938
0.24025913076921335;0.5334213805563495;0.39056577853091545
0.555792473074581;0.09154958795805268;0.6321541409581809
0.5067035157304359;0.050497003557747;0.8921892777629851
0.8537413755177395;0.8472742355639821;0.2583703862025707
0.15137183183217062;0.9545315087107147;0.8187534900835994
0.7352354434980173;0.8642485754120739;0.9421589329818577
0.29590427965699617;0.1000909271414342;0.37005444470070004
0.42536834149520075;0.841824529303067;0.6813804481867051
0.7310415793897335;0.27034273054892055;0.004152260330269275
0.9590498068469838;0.7592300768055154;0.8982810225121878
0.7840275952078845;0.16861467892387594;0.10703658802917371
0.40462830398776406;0.8617208397153474;0.7425248168722188
0.32472566844158424;0.9112026519615462;0.5905810748112943
0.823003773025225;0.4010970159040478;0.6323259910573373
0.11038050026664381;0.8328989566008949;0.07099493751507768
0.9152065542012642;0.48055748431166156;0.5770288546507917
0.1703530486613365;0.8823823658747618;0.08915945126157987
0.38444659470763143;0.06449906036539377;0.7139205732526699
0.444401256503024;0.03211514759070877;0.7688005302286384
0.36440729121449433;0.7026270923905674;0.7135447659666806
0.9622312781749905;0.4830790094545242;0.8016824108127242
0.7557639690258888;0.1885739758392544;0.7976737656067344
0.4453304023506425;0.5931301282224055;0.22540264064393856
0.6065971040550201;0.9552154661093393;0.29081523241266805
0.1770750489639844;0.33720676955788786;0.87220800399341
0.8459322312708165;0.42440150163678114;0.5862316241882414
0.8566535936183789;0.4639414566077261;0.7957073903961956
0.3553809650244203;0.9644086918512366;0.9416332561681144
0.944468576544305;0.31582348585017306;0.5302869872901719
0.8002116175826686;0.7720684855109072;0.2388219096988704
0.5818735707163958;0.9548123759895757;0.7326261970392844
0.2150656382553393;0.6515125126357306;0.13989377188490404
0.4123890229309034;0.1558272949704882;0.2761600432523863
0.11072710145133158;0.47983152691376263;0.27151950682141435
0.41798547600742564;0.02703368592611255;0.5968247415790554
0.004107757661051981;0.9420982994234889;0.7469635057610391
0.9844821239298858;0.08004805974602502;0.9400179624645895
0.5039724713338162;0.5353549507105481;0.8015040637172163
0.9656788158040494;0.4813593551067791;0.5549536508933068
0.32668669655551175;0.7009777692834611;0.6681129876307568
0.13030302910197777;0.19682987480464798;0.17422567201970918
0.030379085920963056;0.1857069695690028;0.5766378112824105
0.7568953610380115;0.7538383812973152;0.062379989477554854
0.36619292888206156;0.7077550224546412;0.9902662075208403
0.8087676036540056;0.19077808921771267;0.7578107966647994
0.5952369983707587;0.36618832519967126;0.12434208016711301
0.8792590612654773;0.11210858376405608;0.34222130984494026
0.931996875197706;0.14110978234817895;0.2836839985116869
0.3543892923480353;0.1564332524096883;0.8837279924226894
0.6747187965339924;0.814542866022463;0.9422512991022896
0.6155828184763453;0.3608808241923449;0.613070850858341
0.7427869218281166;0.08972477140390656;0.06516658718161394
0.792220904831222;0.41317043433258405;0.281065840610354
0.2140268250133479;0.42989740865191317;0.0035124395217221993
0.851559999695225;0.1935540652714398;0.5401003835664514
0.16983166209770184;0.8344416269977675;0.20918542884826907
0.6823986800060262;0.05159040195681375;0.2281051568958522
0.34264923875574604;0.7626482551340052;0.6384665720480558
0.7328924345291599;0.3254285875588283;0.8276307179253857
0.3615866730877957;0.9442663951902123;0.02504173722673886
0.04136628873661774;0.18060363408000923;0.013532711239613637
0.6514364193746404;0.2526933058349613;0.7154072515153502
0.6600653722856615;0.23932075197620672;0.2260893010379419
0.7092107734665362;0.5034372562905663;0.2678893428557292
0.08761235597694972;0.7434040009933854;0.8881680310924389
0.199628473005518;0.4321013748450939;0.19579122431166351
0.2346795506187247;0.8118408130725423;0.45300995292659707
0.14496747810048893;0.7537397345327201;0.780966134634829
0.2759476357558719;0.5420273072377605;0.5857194536521435
0.41378347696433193;0.004108223194513649;0.8216489978812747
0.9976382783778379;0.2135714498381932;0.934166206309975
0.27627847930806704;0.8932277829570956;0.8336953358310373
0.46584399224194917;0.7086123744289963;0.24241610453571405
0.795756034338422;0.19631620898958335;0.7261405859748198
0.12663901558428958;0.27865234048443177;0.8615660314530557
0.4383934561527596;0.45302946405472255;0.3281906686335688
0.8707429613828045;0.20231313113943528;0.8927772403244179
0.4291186946846861;0.5585784879557374;0.6993727697410237
0.7779110012290409;0.10626803022092135;0.7337801880739192
0.8467718553826266;0.22539703087847252;0.7088380491311614
0.6401713232934153;0.9914172346003575;0.1022112649991076
0.9026046533906232;0.4911224101676058;0.7839228781401407
0.6405203393155675;0.4556676948847448;0.5900371702308983
0.5618434198579754;0.7233017097578703;0.03770522060206849
0.7935488833259158;0.9252097113308589;0.372925663635598
0.004366628565859565;0.15529016140032725;0.4710357001236989
0.7913331315507132;0.781550354311437;0.8673613768436906
0.2368495945692427;0.34242233037643277;0.8504153083528715
0.674796753505119;0.6186833550805252;0.4604675728347609
0.053899491697094515;0.02883038033973795;0.1880521450881092
0.5773338469633235;0.36942978146535377;0.7297091945300451
0.4887261304805651;0.44009921777209304;0.03454307983029126
0.025305350845153618;0.42530977631672107;0.743555788016607
0.08945442727621866;0.6821941476997913;0.8260596661075241
0.7657130165366505;0.3522813583841339;0.8907602457988235
0.35849057830660025;0.2829558826662023;0.9552298187499638
0.25963216800028865;0.9913391523977721;0.22306939474840348
0.421377834946152;0.8160383362376974;0.3922674383456801
0.48869975125003484;0.8954097970388929;0.8305706667041131
0.2412987909846629;0.838661611907455;0.6049070249963951
0.838160487549189;0.7970895614497706;0.6837896495069784
0.5079198975790101;0.9434641051420899;0.4692354362302136
0.14677649052565245;0.7013937583053473;0.12888533099880684
0.27778181671176194;0.16257583273931098;0.675290339677214
0.9589993981055961;0.33106527460012347;0.751037440401903
0.4106050082951682;0.5138093642245848;0.1360567779828472
0.5669500534389472;0.7207891691048594;0.5966356388926906
0.7259609572712985;0.9563587523217982;0.7818616656964024
0.32952521796308587;0.25181918160827854;0.15577151869425054
0.23044000688786503;0.9677549994039464;0.11098095418284504
0.49912903338909564;0.5463944026494153;0.038181610575024005
0.16110165208804084;0.0010846591870493638;0.03626132653044767
0.9065369642448753;0.8831173480897665;0.130915362490727
0.8468079109146349;0.2068643081926238;0.09063803049227404
0.6878869454919808;0.47182195954835704;0.3410266778100822
0.29547580011107455;0.5879698913681888;0.9538925762508741
0.18223026065439896;0.8825878379125542;0.75312505058981
0.03290016225408188;0.02632888426139557;0.7859212657970778
0.005578702849988959;0.9903786994227189;0.39174344191209565
0.8291967986401821;0.8203515795503783;0.03060051243634787
0.9315362961373473;0.25266213267227466;0.18083721185903023
0.92774414552093;0.655625224762221;0.9980530981551143
0.8057614396896982;0.09681465411864976;0.10926552505112153
0.8894260980014767;0.7072570778901667;0.16557149060296839
0.8525756898914985;0.993756327994165;0.5221576883621358
0.9049506501718495;0.5955193462919912;0.17101312798663582
0.836430425818661;0.5925848773600693;0.3963403363743968
0.38081742887818226;0.8017715772705318;0.2025963746275401
0.5580781662197354;0.3948569891244661;0.7952125379370105
0.45278501944080307;0.5452029091190849;0.23981798558151146
0.6802147619472649;0.4022920693767176;0.5032809240146692
0.3080891389861744;0.8141665579459066;0.33368139188768586
0.8451621220613365;0.8738736159105325;0.1550557434028984
0.6504746755106254;0.830440541711583;0.7243629054654284
0.6885295262494301;0.8058816684009547;0.15334047849304588
0.15713445159175343;0.910675519928833;0.9356856560324212
0.22061515934638953;0.7480293627447786;0.4059546214707638
0.46872923343857475;0.6848402260458273;0.0060967119528422264
0.16776907357668902;0.998067477986787;0.2612624851866844
0.06272518103291369;0.8963728162557456;0.052428487215530284
0.583858123238574;0.6531660210737386;0.9573626986317746
0.7731329585935394;0.46248713971429656;0.03218163014721609
0.24032930212866332;0.06024997158913303;0.39774552006159014
0.5725168594291472;0.8969779274650304;0.6380295053090018
0.13052711129585837;0.665137295627901;0.4170124513221628
0.580488972570959;0.5800100959886451;0.4053650525371493
0.8286673197994096;0.05160448022818054;0.4537570900054846
0.8850788637378042;0.1553877015684585;0.6270239097386585
0.5687232610785842;0.2639946022353675;0.9974982111349501
0.06841655011143766;0.36716498575114787;0.6813236716934845
0.7417417915763408;0.4415097106973356;0.21708900013193777
0.8886438553343154;0.2699078732611775;0.7418299119411229
0.895165960351438;0.8301324437925404;0.9972428603591718
0.679335268936898;0.7784296468172978;0.42942396856060283
0.06860156369045134;0.253691885486377;0.5752934855460161
0.7794334340754323;0.533551021856637;0.6070423337401454
0.4517126056443703;0.4739436095746884;0.13971545382442585
0.7516165931718192;0.44811579950574676;0.9802519810959813
0.3911313156793378;0.29956047960016496;0.052841780637516655
0.813798968480784;0.2611855872238691;0.6740359267968133
0.8147621125129351;0.8345616231007507;0.0419278567315986
0.6385951083488655;0.6389391612732341;0.42000990310564734
0.4911383036268345;0.542252596293958;0.931724890985761
0.5269872141762147;0.26071273596363076;0.9431391844745683
0.23625670704562196;0.7134296329899645;0.038364681033357884
0.2635907542487048;0.18364894947433896;0.4271909190780072
0.3674100191062245;0.7733395337216067;0.8238228955535336
0.08255691225390471;0.9669949472662049;0.8853372428820434
0.26956380863012885;0.8830527436098617;0.36219913431856354
0.2430542211765655;0.712450176520763;0.2982884146294338
0.7126063972648443;0.5418100874548996;0.4951596386620457
0.33253270861910855;0.25296270159246825;0.2577924074962443
0.19071011777443425;0.3738159737154755;0.21830448944240632
0.6024897749839213;0.4275447007493981;0.8117707199664842
0.3646507050109573;0.0766916395709566;0.9816611975608838
0.5989149985542682;0.7290298718543574;0.6214671967834372
0.40621059978410856;0.7136510845360389;0.44081228071904643
0.835244964961824;0.3559102656891625;0.8192314892090687
0.11760827462277379;0.44128236271907795;0.480228682543257
0.37070740818430503;0.16125446274496313;0.8101824377704634
0.6225446674083447;0.02317644702902666;0.2653753202183574
0.1885020925745713;0.7382251726076982;0.054852616999593984
0.17962441358428494;0.8000906323119404;0.39328410794983415
0.40982633331968843;0.18785873570461198;0.5558959674755926
0.7632971397820292;0.25788359990700815;0.31895844251162664
0.6638459183124267;0.26563976398923106;0.51434590075253
0.695814410303991;0.3229269248190928;0.5715534734253799
0.9759544007092785;0.2754531264522918;0.1569796067667114
0.4080271989400356;0.049975285191112495;0.008994058562098006
0.17899161885512893;0.6638657569489822;0.43163647080041523
0.7746533050431245;0.651543395046381;0.5492077040207102
0.38545453654993034;0.43772935144163694;0.8752610689825618
0.3078227299097017;0.9092523578603889;0.39573315509802864
0.9119945705746987;0.5631059808277628;0.22622008549222938
0.4671420075264884;0.05727077937528846;0.8789710839141371
0.0569337731368218;0.10983664777004909;0.8079476359526889
0.7403446793956185;0.15749412363933268;0.7187273771595238
0.6059854861961537;0.6652056286006182;0.08359458200897729
0.8266212352181906;0.8488879322550718;0.6439464540036858
0.9673994927503768;0.00651769908398947;0.6933405031814701
0.7232227567417375;0.39324528485537125;0.3013483623233003
0.9035744425828723;0.452029492394172;0.16254975756340917
0.21506018875235433;0.043671617548233455;0.3897282298283349
0.5614936828883583;0.7800083708920849;0.011643186581702825
0.06816358319513827;0.5457621834795956;0.3274620142019843
0.567679582293315;0.4639942682628617;0.8533505169023192
0.9024004136120058;0.8783052437338469;0.5168034277764129
0.08101587689337486;0.549875155372814;0.572631761703035
0.08217429502932172;0.34040329751876786;0.42018411367013553
0.6259372793513887;0.8006586818569942;0.6358014157173196
0.9308287820937521;0.2151433727575841;0.14996786658094663
0.7271609799630018;0.36920220856743247;0.2853994587200398
0.42927418248956994;0.4193966352231837;0.07277548109334608
0.743415439735637;0.13802525969901092;0.21505957575537982
0.5799058949115342;0.14228700393695193;0.0032601546233747003
0.0666642879079935;0.7929369440261311;0.2751387843856209
0.626429826488458;0.8624799156786024;0.6272134140613299
0.9735276578700559;0.5301755033268456;0.39885988014189977
0.7730016604835441;0.45537197755390624;0.08551403918535028
0.44937947013976964;0.6396890808068815;0.07975609384313398
0.6697433189146882;0.5663597416012502;0.6423474258782567
0.5393304175429307;0.8187097107789864;0.4358614589364108
0.23814490505228247;0.23760330343971747;0.3026165567202015
0.1957667041130159;0.0942017167903193;0.36664915141005006
0.44014364880843826;0.2987550671158795;0.16652659589537888
0.8806139215686412;0.6199894512933932;0.14417224148482177
0.6974952449050243;0.13162899410857853;0.6081360759879515
0.752649123989036;0.391179682452484;0.028793801121111406
0.6278017409350063;0.8373496507500283;0.6759685270887038
0.7646279434399325;0.4722121580400427;0.3968023400545615
0.35067665150138405;0.21420252143486307;0.7415123257403834
0.7907488459180404;0.0966933451463049;0.1627506385308981
0.3272261720075801;0.3588429371835098;0.5004978853964048
0.869063005268944;0.05221508701088973;0.7191987582696958
0.1200150225216261;0.96124574508272;0.23300351010664988
0.3428384636346853;0.04964212382402067;0.8350086140814345
0.9895270263433472;0.06798096978760326;0.12159983922050077
0.06489518541145345;0.259374287351411;0.1653562936170906
0.18928305879059093;0.006350400515224064;0.5562607311732807
0.24795130276749666;0.5570456526020524;0.577566549542198
0.10748207466893134;0.38003299185039685;0.8192236376464235
0.8428102001858062;0.4615159018477919;0.47895535714291226
0.17892263357185323;0.5225859047576378;0.09944754321754101
0.7790670192572029;0.03374195118969858;0.7287452059954963
0.23129307630738283;0.8053080330881501;0.9169653063628651
0.6752274765111875;0.34666740198366086;0.7537074538387184
0.5272729275588246;0.4273993986919593;0.6161973788557419
0.11963250506218004;0.3976858273120044;0.36404111123677807
0.8885130383792325;0.48697777631816863;0.2947012809927497
0.800322154397639;0.08351044316893819;0.9469594246296927
0.7411087290702912;0.8255904055922028;0.9809546953185226
0.3321468875174989;0.5209536304121066;0.641991978045506
0.39515065134056016;0.3957699444257423;0.23945851460774803
0.17672119410372333;0.031217876761561292;0.8077885960526046
0.33640946085544965;0.22548276244668752;0.7647524399247342
0.5900192012746046;0.2581153411414786;0.4143774566327808
0.2944939649790337;0.43410955355672953;0.1826192132195108
0.5675381433550534;0.3209628967826983;0.7483532284779704
0.9202438950533719;0.5777612675923826;0.07624430863653775
0.8177297048203592;0.8245023925648981;0.0005903821074506599
0.2886742262404217;0.837068349199446;0.754155242215501
0.5691547483219055;0.176647623000587;0.04492096956762459
0.874161013959149;0.49033953808453556;0.20351145780581725
0.5579192797950691;0.7050955978412558;0.3508008300257528
0.2177232285532842;0.7248310002937803;0.261437277922948
0.6873577286227798;0.3227125321132034;0.704414604782765
0.5598652027159672;0.1916033881702215;0.507372548334338
0.9205618794140461;0.47561565757887114;0.03569557786412303
0.3902314260239429;0.8995670609684807;0.053374479032034405
0.6553667060223483;0.3542701383071871;0.8210090130744752
0.6300847028638336;0.33825192641534496;0.6749566866416462
0.845469046538296;0.5932993363497912;0.7122843462055743
0.1607356275849373;0.9566711789505703;0.6586227290328193
0.11861508798123277;0.5548494202402661;0.597412772811586
0.17026025373966847;0.32247221533329484;0.29161805197994717
0.669887948699273;0.8885587192748335;0.8698511142321322
0.737262816117881;0.5672216405285239;0.7405678714263197
0.748177068247217;0.6353848616539692;0.939725823982347
0.476992635434507;0.41963726201664975;0.5540886458038072
0.6045129928617978;0.6356072784093432;0.7245330714644211
0.9860185607571604;0.24782402942889403;0.2679058610359156
0.8711175158213627;0.9003359856863994;0.2747705919088089
0.7522959340858709;0.46555660630701556;0.7799300912779866
0.2745722152865522;0.570093493830172;0.7091935361292535
0.542987199534889;0.518922132479733;0.7105728376184216
0.007368755043931419;0.969874279789351;0.4388387283401626
0.9698680861590783;0.9082946723402554;0.30471220664594656
0.4964279149635491;0.3060093319169406;0.6136407021129848
0.4057412814991609;0.05119450656562863;0.34011123673152666
0.46291736375299675;0.01760033551390716;0.9330054527255487
0.9012714805524393;0.9688981946026537;0.8978367338481806
0.5790823586046828;0.8490830355023153;0.4589783706153415
0.0766783040703346;0.9927678925039622;0.6485865694772034
0.9045111899605337;0.7803255134927884;0.5439309343531922
0.5188079763566185;0.16974254823377644;0.4351315591238406
0.8951618777669615;0.4541185612203614;0.5446631798192889
0.4893660138691406;0.5739279361799117;0.8332189875087758
0.2384194337444947;0.5872870485878687;0.003942332934269377
0.10767636866492447;0.103722874337008;0.9014113855116453
0.7978895552633961;0.527903945668702;0.5889544654684188
0.7384838547361663;0.9881972390547512;0.7657493477468427
0.03957038839148408;0.1977998000865685;0.3100518756474031
0.8521170378168983;0.6779855044254464;0.015684578599536092
0.032114211008568705;0.722043499557524;0.8781974384646767
0.6931040383342604;0.3131393217485029;0.9749902544262602
0.19463354244861875;0.5384994041988974;0.4808375394004355
0.19358130527519724;0.7609719417483384;0.49498449861885885
0.7582762751780318;0.372147395281645;0.8523302906978474
0.10346905690447361;0.3348526204584181;0.5793074203680995
0.6474607817858917;0.9378557514392821;0.9022974385988222
0.1427519172680366;0.5531311150880014;0.6659713409519035
0.7591057698891265;0.34863292209265007;0.4371184605180979
0.5069311486707931;0.3649004261207408;0.4838171754269788
0.8423226836247713;0.1361270721161989;0.27863939686995187
0.7985105879283483;0.3368512899046612;0.9689663376154688
0.9738676482190345;0.22908080323143798;0.38361069485627963
0.8026601553616293;0.9295428232013461;0.29901681545894576
0.264138868468482;0.18636121831954688;0.6281708054639996
0.560495054575417;0.950208087068462;0.17137835824228864
0.6535825796549263;0.7045489905211318;0.8266464476758476
0.9799005483793076;0.2877227366991293;0.46638187196337844
0.04556498131603337;0.4864403845067635;0.03998473094618549
0.15139909043832944;0.4105624315192178;0.6182063961150079
0.6935433213457745;0.5687588399829476;0.41840841411240726
0.574221485540102;0.16794867777709077;0.03711743663392175
0.43687313768251745;0.6905969970891697;0.7907810963892482
0.4028370815997271;0.1211198992366127;0.14128992230040882
0.9316451558941462;0.6755027866929187;0.9298918838213104
0.31784397490644045;0.9391601091005943;0.8968445616064816
0.17946223907746572;0.3669558787118856;0.571201623273136
0.7022500058801397;0.28308921026819;0.40789926171421287
0.09609941596138039;0.9045931537418413;0.5607278510049393
0.0269108718626343;0.08428926237129053;0.7620786138333041
0.27396725071026873;0.0597310164570386;0.6199532231674351
0.9130752995595105;0.06588138733370075;0.34796538630852625
0.8736529179473591;0.3137877188540562;0.5450849365624858
0.8067110583598953;0.6327723973580465;0.9660471168328113
0.7735095590987192;0.32216676158646884;0.0024797157630267463
0.6225471262521634;0.9717634265605406;0.6717054023471057
0.7866041367478548;0.8836804932093366;0.5548357686657146
0.4776327935677215;0.7988410246994097;0.99387802414252
0.5405477249681645;0.6925611800162492;0.13801888049316402
0.8955200040557864;0.3861584858469963;0.4804106849066999
0.4984878147518549;0.14179317441318795;0.8900795878710394
0.704469774223603;0.25253380741578635;0.6906994751522149
0.09364736986581657;0.562298495736552;0.5857748476007395
0.029921347440720836;0.6498777047039276;0.4355084787886785
0.7567002222737196;0.3992387163077582;0.26831869501687056
0.09772840333517319;0.3712750965659408;0.9359892233353484
0.7570457309698;0.3664929450176766;0.9462334028478765
0.2793103219899271;0.7489698994392547;0.7569247143333311
0.24396482690683963;0.7129772204914023;0.005220509173028742
0.37612984617050915;0.5789845767713577;0.47761333586612553
0.14427359780724325;0.39035658489254577;0.776560999648007
0.41362636507093054;0.32203911928030804;0.7211453542399915
0.0020038886399293965;0.906403700319221;0.9466106430696895
0.05789442326472416;0.48323711833620875;0.058689926374098755
0.5420006986355858;0.6485056089720357;0.554119646632455
0.4737295243609184;0.19072060180527983;0.24965006782923216
0.18929569410594904;0.4215501928815706;0.11855271876492357
0.31108125127403385;0.7834409689788999;0.5229295388308943
0.02967853611334048;0.3780788908345405;0.4491581534754533
0.17044006547859147;0.5024406000614381;0.023991202090976937
0.11311882278556329;0.24445319619996309;0.5044875230256909
0.38511716229956616;0.4216854275506523;0.36168564736199516
0.06386321645827675;0.3481934546466191;0.1382794333991525
0.5910806138275657;0.51938960723053;0.8954040193720632
0.5453956015971094;0.8094217344628236;0.6640260289259275
0.8042441282817928;0.38880188199124577;0.3667455910249726
0.7296301477712941;0.7930358604104832;0.32048339282971805
0.17327478561880927;0.16845274356512985;0.18739415636070034
0.014713439209286472;0.43242732590171085;0.4365131406027196
0.3648572540837476;0.7717072754601607;0.44424670715919423
0.5806894030995553;0.7534053140476704;0.04230667539293331
0.953857706846457;0.665353890409128;0.675504804470636
0.3249879385092934;0.09173300049461197;0.3478379952268894
0.9350827001889302;0.8809384596835479;0.396090922654298
0.5091088865815305;0.7594085579832084;0.5864259591081985
0.8896850817645751;0.18983513521584416;0.3237963238624718
0.5486114320398944;0.7122830695372802;0.7060137295399357
0.09845259824619668;0.6137750815845476;0.740314715463785
0.8532330930038715;0.7377709810437006;0.9561697139911326
0.8588690270586951;0.13765072225060226;0.9204503566181049
0.25111718738986055;0.32435204265498885;0.9103519676490671
0.8469990667092713;0.3772481848999708;0.35459379253819057
0.5504370818492391;0.9016556490106593;0.7607451564723677
0.7389816110341334;0.6000984248386924;0.8697647752374333
0.6534096692257931;0.9567920293856643;0.8049616017609434
0.23216890979995797;0.14172779644342426;0.741334169157131
0.5752002535471693;0.7152700154852882;0.13104478188182
0.18842072998572967;0.6030037533040854;0.45141262517969427
0.947381017757664;0.15308469699416027;0.7922385491506345
0.965373540855655;0.5209384718459674;0.8893481637467301
0.9701594414508284;0.6166436650681726;0.5903047548135525
0.08665688859859477;0.9105457617377681;0.7460009110224951
0.13165166012410645;0.24450448042168904;0.3338660565624436
0.01393373567782441;0.2613044837796007;0.6290285570793902
0.9866017567801374;0.1721019162390821;0.4158955281564457
0.06017644675033984;0.41566182273964036;0.543946942270974
0.818849734706276;0.08392756282421387;0.6068036387230938
0.09351018069165373;0.30789829916513844;0.15179750606893316
0.05398409844048213;0.27817427702807673;0.8782203368441689
0.679764122468445;0.7326337632549741;0.6385280024589601
0.3206425015036748;0.585312923263815;0.03170249539328085
0.5931874548515679;0.2507260061452641;0.40006748656034086
0.9383334553273922;0.5612263005263809;0.6780838079767709
0.8765717365038944;0.037950728707051185;0.07456821260532365
0.49268907785027005;0.4488381482472952;0.3240963597765957
0.2972223972749919;0.21124189692246365;0.12884209022452453
0.9477755530962345;0.2881597975376693;0.4278258597414136
0.5227611565908437;0.10996635578242075;0.7437079076910604
0.2949802119860906;0.22120444119330285;0.563762715432479
0.9709338985222309;0.6635201792516132;0.6294893384943678
0.45854637102737683;0.5864938254347553;0.9708644037762312
0.2205610665344757;0.39410422851906124;0.34513986610421143
0.8847176763586256;0.6734057345803287;0.718578356671171
0.5328214892107155;0.527950498667034;0.7026598491863767
0.6447185706653981;0.5752173703308627;0.010014138088294544
0.7816779036304263;0.9278264178694713;0.30572341447142104
0.9169345278173593;0.3672881709175079;0.5850235104769458
0.3110881432239514;0.6690137549890539;0.23428509306420964
0.9500602346054501;0.049136764356184526;0.5482852434804473
0.647008322335777;0.12957395938284277;0.8599458687002257
0.8234901931877039;0.6579004691950151;0.9029675779194367
0.8604441726156563;0.9747458283698663;0.23403201050261957
0.6924802460824591;0.2497873756938025;0.8887842303201549
0.622748172202157;0.5801059868941834;0.11889401683018808
0.8596154634035779;0.2262733771135902;0.425786153199079
0.27382361225904683;0.9931260713748457;0.06999408589099754
0.6791946076268742;0.8972787688107883;0.12333910557777494
0.7730970972035782;0.5049114964830017;0.19668131405750056
0.41522363291256903;0.855974876462508;0.5514724183897664
0.30358500512434616;0.44308229202414684;0.45086848788901734
0.9634247610744197;0.7689327693987847;0.15850120355500197
0.4330864461109418;0.1952657961361467;0.4467368479124759
0.36166381557609584;0.20375351217720428;0.29127496607233316
0.14873888749580555;0.7653257935577655;0.650354102110721
0.7228675408789947;0.7055706484450216;0.05147345728951869
0.6171839561679614;0.9467628796060986;0.97942446227998
0.5196405059790005;0.7985195978948215;0.8482539468524795
0.9813062906385075;0.5143690049551473;0.09398844166304854
0.6777605924288235;0.7226775094185367;0.6511616816712211
0.8005553102739391;0.17315028422677492;0.5379800932089998
0.09803333630722622;0.03751595377138617;0.16793788247186314
0.6206048494164035;0.8283832919743186;0.20396179070200926
0.2670786370371223;0.6821654929115388;0.7838704954042517
0.770246294112358;0.11031833721930795;0.13570016334463553
0.009374885019061585;0.41970580090701803;0.9555326131987382
0.02565854046055349;0.10855105335050419;0.21556689967312315
0.15894961820646103;0.20846882390908694;0.3770157305476697
0.17071325814139693;0.5774366361971052;0.23980759484907443
0.6478109794590262;0.15943452779986833;0.2820769427168228
0.09042686303273006;0.1657554903153533;0.34857040753154045
0.871537560302013;0.11794850063175821;0.40195593403253826
0.30259363765582026;0.020225962707851153;0.6131334868403051
0.6334724902526235;0.7481103770925152;0.3468401850778372
0.5303189516213094;0.8236680749229905;0.5915609886969319
0.7584148993915575;0.4408953569969395;0.6007810525692047
0.037688532500021465;0.5117341196240531;0.3321544149158906
0.9555712351978001;0.9320218980461382;0.22040075570581052
0.11944002793872488;0.38498516201496746;0.4754973574114203
0.3942893095201405;0.675203996535551;0.2605551984412189
0.04615693610829763;0.11643172179163763;0.013778652127903301
0.16358718186979437;0.41416460818337;0.6689473992618377
0.06429160237587406;0.20335710153020647;0.6471072062609755
0.4758102498007605;0.9752786532285327;0.2794082886506294
0.44940651476788984;0.5856035334862872;0.005593530050269191
0.020873537971902945;0.16347740870218186;0.5574277946561011
0.0915909301068607;0.10545323512136306;0.05599950643355234
0.22802815889969796;0.46071852740774666;0.2275149953926604
0.3659188576438678;0.72230002488642;0.2073755644596278
0.3840531339651816;0.8295489468165864;0.21547102959568898
0.6636669021646653;0.19788491820602472;0.43781229937045874
0.3735746508232992;0.7043480157065946;0.30491187137332976
0.1013333517803845;0.23070465692952147;0.7186022675781231
0.31242242174973833;0.7588265423870353;0.6998359931231798
0.16418274666019295;0.9947046108754042;0.799035719344943
0.7738846798721184;0.3127825382050037;0.12096342956835993
0.7019386491639051;0.8103247875990507;0.6608041700340642
0.3713336473067743;0.8014122172854871;0.1733347562986186
0.5024405695293994;0.648807047630312;0.7378566491202446
0.2162714810074945;0.7564649002787598;0.983888159961331
0.5694691525377313;0.9230857124208304;0.938980762776642
0.2679620567379142;0.2630058847450607;0.23941062099376664
0.6593136023184353;0.15716121947064066;0.3571775443933515
0.6383866903169916;0.9847477062542254;0.7100054297322166
0.19157111401077398;0.5794311663394036;0.5921244563297768
0.36424383684149075;0.36320916345143617;0.7101780751009412
0.6311373169916634;0.8209596552896461;0.7754869965511416
0.7876772201212897;0.015617196783353493;0.914353146700662
0.8420949708604306;0.9921067420965941;0.42204127355066867
0.7665809755125769;0.8820340898553191;0.7265880500934735
0.8553588908964106;0.7084445833118601;0.2638902973706595
0.9534237477998968;0.0024930228885927663;0.49906743433161427
0.04588705091214473;0.14891898086309163;0.6483383372484351
0.029784895531548616;0.008835023868944414;0.9532619806180981
0.7965070572878443;0.883008790004489;0.2574187281696011
0.10441139881843586;0.6647362353252922;0.6361040174642583
0.8337832077332616;0.30029138655088417;0.41018349185687075
0.2925440267727726;0.39158979985711906;0.023421348746412995
0.7051426625847942;0.21407541394656382;0.3894279504521929
0.07537211427427293;0.5088971608519692;0.4399218851330461
0.3022905817606809;0.2565753660362009;0.18142951487194858
0.9653654283027094;0.8256754047459447;0.5646191012353906
0.9110296331259286;0.6291112840278285;0.9239992441637734
0.6798449556169623;0.7106713937401793;0.08565038773313849
0.26635575235172326;0.13451796690463247;0.41945689097395666
0.8531965121740157;0.2397858167019915;0.9040616379487303
0.44761343731300673;0.7992154032502188;0.33218723765840474
0.2997459975124164;0.427244620808791;0.79864407949483
0.3010671066538565;0.45686292187902333;0.22448813078913743
0.322673917681945;0.26102474023417954;0.7627215962129521
0.9044886629537727;0.625582041859602;0.8252697785899047
0.6074040591999365;0.9509107501565949;0.7266751625334633
0.8683820242159023;0.3236300707127273;0.21295660159165675
0.10709263531510116;0.8097249644077;0.6543207350211591
0.7987176087420809;0.9731720768177844;0.23564838823458956
0.41921728045196593;0.5949739282458834;0.2251066348225672
0.827803141606041;0.694725634591316;0.33305106248823246
0.9211503253477008;0.21723988917904746;0.7135906886266531
0.06522466451672071;0.5915247542534621;0.4951373801810043
0.3760505975685525;0.4184786356020759;0.9704975850650797
0.18903655539097508;0.25051083024780163;0.2858641096749407
0.8437672780168683;0.8418549806098202;0.008576479291920402
0.04784624720554931;0.26041639756251256;0.9935452360799648
0.6826106065320843;0.20884640562392787;0.600079102101019
0.5205922325497203;0.2628643109480011;0.6299077019507229
0.5468989726974111;0.5142294506384779;0.64491130939276
0.2543470489579778;0.07020265267968528;0.3494323174206174
0.6902450792762899;0.5817585444511466;0.5643414741298993
0.24957642956482218;0.3695046336235718;0.2670424902798799
0.3152129122173295;0.02746913962794495;0.21257159140704207
0.9380305684824264;0.25037796259008394;0.2810692527051172
0.2220455343685903;0.3207827186788279;0.6053056452302162
0.9808409664707934;0.23292112748240046;0.2748219761358104
0.38516873087824255;0.5492302372492562;0.4326150513257849
0.2585763887506958;0.7281218292136794;0.657682013727903
0.6314125437777963;0.13657677708237892;0.7640835666346423
0.13948611642285813;0.7940651803617128;0.9811214899093235
0.06228881615628057;0.9438029248145438;0.09966811943453369
0.4120914619692432;0.21104855245651444;0.013005388200994061
0.3527044405217966;0.24412268781718627;0.38720024796335595
0.8544146213270832;0.683916141750461;0.8221966504383819
0.15994573939880385;0.22305702412303252;0.6066150201694275
0.48926142967065045;0.38572329355527557;0.6817746748771417
0.9012168415808011;0.42262010135590866;0.07990396060477134
0.9655518390998831;0.44441093754252137;0.08834075327815882
0.35201680278078507;0.005415815816825265;0.13256711676144628
0.3336823004456474;0.6843297579115024;0.7524103180067353
0.8011973092877356;0.532120457218826;0.5164752772314297
0.3320996441443067;0.13675917703532936;0.7843876092789278
0.5794610513521566;0.3950157471546981;0.4768695958251665
0.8589536668596904;0.4400191882876181;0.5189984975597691
0.8056692617438462;0.2501089769372683;0.35126632414727
0.7408430746664799;0.6535183610620078;0.5333002228919548
0.5226018010715848;0.8622740742901941;0.619709046153066
0.5271995715627676;0.04959363649546855;0.7819420728947978
0.17379138760757784;0.9139444953397453;0.522209225194077
0.19102440835158652;0.8620777448552519;0.6687752913229922
0.4978060004370467;0.6916793187051602;0.26914938528931764
0.8281723942233423;0.9566786955066747;0.2858032311000286
0.9742156626281783;0.28655899776287674;0.9980947658688675
0.5169108144438691;0.06513863588380309;0.8287845158018253
0.41769416593341313;0.8803548998245694;0.956888756870802
0.45933974267626476;0.9974456607942478;0.27417599675026494
0.01976376796228152;0.9748763349414398;0.32778118017651414
0.6497038714663234;0.5910166404934504;0.9779854843115003
0.17690907715460125;0.13554087411408033;0.6943518742487785
0.9752031236063062;0.7288707752123061;0.5810205390879569
0.6292341536028286;0.49305600560259255;0.6938410123349134
0.499567125888162;0.02329596574666093;0.259035430120214
0.9728005142881806;0.5622732884815053;0.6829705647714462
0.4013537347103002;0.8341489415704979;0.2749631176758205
0.6836009548067001;0.07294516251042238;0.19569221985685226
0.937330730217907;0.9428769632446535;0.30671883775776776
0.23552194129843607;0.5005339896281176;0.05856555492623572
0.29844386685889934;0.6212117050689029;0.3742232550433968
0.3819105270982306;0.24084044835773477;0.01928072545195647
0.5446357659241781;0.9917195791676586;0.8145370110471744
0.5225492710034138;0.9397455284490761;0.08410802550368224
0.5098877627988206;0.43095780891385094;0.9521187202438913
0.9851620992842341;0.18539116618759188;0.39878696811479
0.6526224891641205;0.7210694190829241;0.9235461678837626
0.8821844831561922;0.706790771955409;0.7878469555420269
0.576141209591105;0.1396060086028601;0.01228869500423091
0.8844486197935221;0.7263487194189738;0.21773758610736738
0.10425120018269673;0.7942040639460671;0.8715898054361788
0.4330330539610475;0.016900035900496935;0.29342973318024435
0.8829947099957485;0.8560824343084646;0.6881303526465251
0.04999361141137604;0.112601393930295;0.0008933369518142609
0.58795984085122;0.019018209344570103;0.8368924187958574
0.15233857632424852;0.791681717200841;0.03989481166928077
0.33753134405509977;0.7735134464487605;0.2593575507707553
0.7034342302631719;0.7305943895642064;0.15619952421953354
0.9214490750580995;0.9739573043021756;0.951102819334353
0.32621169576280984;0.13968168677100756;0.637908817332051
0.9775616548798177;0.8029809514965802;0.42523601718862425
0.1716845812109975;0.035292769311219496;0.06494096491959778
0.7475452223604746;0.8408799086886534;0.667850843246131
0.23216414315559708;0.0730944086084474;0.2771813094670391
0.2183900601945702;0.019822238629482736;0.7839091060835989
0.8742031831484047;0.8616114680869914;0.5483376279423285
0.49077835756479893;0.2187871024814263;0.9714504808382731
0.1720123873071039;0.6163960838235781;0.07895916883609244
0.5301179592243271;0.05184904330753404;0.5675408790333388
0.5818407246991651;0.3986630919654941;0.7993349565697534
0.31375754977236936;0.036174184285569844;0.8870957581159743
0.4164457720570961;0.18149995039162925;0.092032796560376
0.9216269009421575;0.5669064164732421;0.8006210088288523
0.7668710560246005;0.5100560910409097;0.9554475138203062
0.689597319361148;0.9754162479580409;0.37227291194835843
0.8419724496463509;0.11609649511769071;0.3923509920185565
0.7542281563933978;0.7237200390983332;0.2723978134417846
0.5605504827833768;0.6954549014739778;0.15052845656426117
0.3618336844269886;0.9342149748123855;0.5328708306072255
0.04325484168190463;0.24183509346489784;0.9706666005971243
0.845825282592936;0.1530494415035636;0.3164910748308619
0.17179777246099437;0.50153825765784;0.6624921054171524
0.5122769928679376;0.027578463268208675;0.2661864323951687
0.23354999382029173;0.7152934860646851;0.9439088410416758
0.1388873657840649;0.6834501371336962;0.8737931059666696
0.298100617314381;0.7883913532711947;0.33289650179570507
0.4718164975609208;0.08002341870463558;0.20200259936747622
0.6561523903944869;0.35504244221060144;0.6174766429177678
0.26731794527261854;0.7997898872229612;0.22141860903034039
0.531537978014284;0.20547548384332903;0.7938617932615167
0.9843958212864361;0.2605665864546285;0.3844475440098982
0.2980140282813669;0.6663743110563226;0.03569547745645263
0.376901460724535;0.25496887951417024;0.49754967370490344
0.522504468627766;0.22482342825879453;0.3126425754936689
0.3517139275809572;0.03824087411474075;0.31556115404225726
0.7576131410278779;0.834585681434344;0.5634499811455931
0.4873319463180654;0.39565311516481816;0.6202528512179389
0.05236391738496504;0.6843089210001007;0.20516188841938088
0.13291431882236415;0.6284359140465916;0.4621508341675954
0.5728634804984007;0.2906562286629718;0.7210212166591992
0.04936929810946333;0.7861986149317195;0.3748085448388062
0.2926236606814515;0.8556476691476599;0.8959144063746217
0.6120986693718516;0.09980320337992221;0.27409929026485835
0.4535258529815791;0.016529188697706365;0.7557386611569222
0.20591878687605336;0.8764778151290349;0.8703012800175525
0.02688578711880285;0.6957810848243038;0.9744770363681012
0.6862674794305761;0.659215802737482;0.3142979988277913
0.1628927854313743;0.616504319693989;0.754110023309933
0.8770299771391551;0.5580622034131497;0.5924918912305093
0.6376018028622945;0.5494020061459343;0.04499473676160759
0.41785704259942225;0.834689776117114;0.5943859949150815
0.04964639805169391;0.6062419535473871;0.22689426256922163
0.9975345240128213;0.1864589975655827;0.46504590020169956
0.4574623633129088;0.1261490240487736;0.6401516026608144
0.5371490291949907;0.24513534570595774;0.7857571217020282
0.6876565701762802;0.9893175182404143;0.49613796723184933
0.27810986900578083;0.1461245215793998;0.450694112697243
0.6010373686301659;0.7270393479502965;0.5204129579301394
0.5687656416107862;0.31393854016832223;0.4994732811532112
0.2946873910961426;0.43793747797100213;0.3325972079677293
0.013371319603377452;0.762699184726974;0.30632864127323156
0.2645006689366409;0.30895937123687056;0.5525502230738903
0.0413492390284097;0.5093897629478399;0.3771718729394651
0.09033468652152243;0.7269376507387493;0.7658906173591477
0.10725437744979738;0.822502813648451;0.9090383143563338
0.22697065890852464;0.5239820584844624;0.8317869671974298
0.24685547992705315;0.017360511120596223;0.7782394461865724
0.302983398330137;0.48874324309860706;0.292921918658657
0.4031164124741041;0.04716659129937939;0.3468856198478961
0.6007648189203444;0.9990781162221334;0.13773051087096155
0.41559594163367564;0.9651506798323467;0.6919533895597298
0.8612330589194813;0.34880574828421074;0.9964428514466777
0.05328903904540838;0.04752430804473007;0.8049521297996806
0.6833762942279854;0.4331989001657768;0.3841635558903871
0.2880397708903747;0.6872187662661264;0.8550456240931698
0.3198129825985513;0.9907977520486432;0.056389441027549836
0.0837980993531251;0.855603922963347;0.6621641680314848
0.22982055526925593;0.025832975728342866;0.18783185705243
0.44687038982599536;0.9197222934056023;0.7151576905275658
0.20669174026416626;0.797502206475941;0.47643286686960507
0.38371240605280554;0.1641972404944948;0.827362585152268
0.14136636600071728;0.21423677914825567;0.09378966864551375
0.25840827161332025;0.14495467005099982;0.4091157993997152
0.6813730595692926;0.6426444447379385;0.8886955302077226
0.32037004447798034;0.07214568844118663;0.1793647329375685
0.5988032882576516;0.42294505735241916;0.2320404158088074
0.9521802876430892;0.009897222689197016;0.04287792561988002
0.34179802436953866;0.5843094550351001;0.5325854016647076
0.8206136829454558;0.24009162862331712;0.2064111750249229
0.267437241772268;0.9258031620154417;0.38697094674593124
0.35918185926501167;0.6896844398427071;0.35253171407843187
0.2766029547323632;0.33600558157215676;0.6084233870505134
0.5346093772736307;0.02949281230665657;0.0802291385457069
0.9477674847981615;0.46577858184620435;0.7227742712536888
0.202649053216155;0.4625071985929763;0.9289862701190006
0.8609101290115274;0.30088000891179323;0.17955120667359759
0.4013368848693716;0.8760733198633621;0.09214391870594674
