0.5145602479508805;0.7165833798116564;0.34549266939377066
0.125253071858471;0.8704507855674167;0.9501380635131221
0.17422866866756026;0.1825579181826802;0.7127302635502901
0.5905883285562383;0.21969039351561737;0.653629049516765
0.9571852683480602;0.6944259716009751;0.3643424132155043
0.9880416133439917;0.4422609535143208;0.4412557627049203
0.6957848470355836;0.6614134205046206;0.4573025476848902
0.21486190822305906;0.6113839365985531;0.9117504900264431
0.5032964986952713;0.3498712676755268;0.9148634213752209
0.43647901602686956;0.7540546412242194;0.8442869705709652
0.24962924854403146;0.18175400441929856;0.23148314171595452
0.16940875593410964;0.35800222696274575;0.24645065292467006
0.15560912985752795;0.6778812538489175;0.18158266201120465
0.6271362312465867;0.7757456273067904;0.14298267281768462
0.5111970029251747;0.0001321609995778017;0.11213581579829046
0.3058123862925315;0.2993971087450653;0.5825229924055427
0.5432560645838725;0.032037562460364044;0.938234503279068
0.06596372646619053;0.31706670752378063;0.12165700173767313
0.03934133313052035;0.174729743808693;0.01728655287003744
0.3514929208344715;0.5605032495690335;0.1773997474019684
0.10081994987554721;0.09148538409680096;0.6598908153389853
0.08650309507576359;0.03787492255521063;0.2572648687998138
0.6460685252188527;0.21298231983722904;0.002746739433512002
0.4425337416171363;0.18282794426018134;0.15270339563131685
0.02961641576221896;0.19473677155809743;0.9355426169201547
0.9387699093451443;0.23311617780665905;0.18211233759310363
0.4310522514758821;0.10931374964631868;0.8895008391680053
0.9926234934672544;0.17174987794544083;0.6638560904846503
0.5680552038167999;0.9748299464814877;0.5203164570437672
0.052626554605493925;0.1055082467535301;0.015276899162132596
0.9308897310397747;0.19459094415012124;0.599152249422661
0.630698565058615;0.3374224814015404;0.4331346998395774
0.013384797867058928;0.6315525862789806;0.03909990298409394
0.5325433074351903;0.3355897705295515;0.6187158926026386
0.3533237370340808;0.9420446374726036;0.21776676184103028
0.5496926471870277;0.617314841030876;0.012855592120590953
0.3035700029049705;0.8557740043033438;0.2999961248796478
0.48762892652081413;0.9824403779105433;0.3254743863625412
0.25696183199737355;0.3236654082792886;0.23893442838474488
0.3100612389964009;0.4585558067087897;0.020694187850716417
0.6703662624524174;0.05514877304428656;0.8826433950379798
0.20609669491958182;0.5090405670987812;0.19504502891857067
0.18208876161365783;0.9252229538661543;0.5761084725221705
0.9436030566613189;0.4340943749872179;0.859275450108518
0.7388737224781985;0.7418240112727761;0.06281788363548879
0.0894632024358738;0.48119942533907545;0.5215782582240966
0.5128338387193625;0.6586070856438506;0.22476307552408126
0.8370635080709736;0.9251040779548344;0.06261859091162136
0.2383393411058211;0.600583838319564;0.7222193273826062
0.379928411807237;0.08312132795569327;0.7779596032303306
0.10981982174251892;0.8665079186426139;0.04073850349764885
0.4861489875975403;0.25888734287596704;0.5884992526862654
0.8011622696276095;0.4679532406661274;0.6691731763198114
0.5279016673376804;0.2687947101840277;0.8331520568976589
0.32092155219714447;0.4412712460962134;0.4586840355909154
0.9579819828935334;0.6540784250043779;0.6383149404780759
0.06369665874897923;0.722821507044452;0.8128639559836853
0.03729577377740123;0.787580831752061;0.6772637797577684
0.5890904267118952;0.15152043240588775;0.9752139867387845
0.4570055263947945;0.7626454724010386;0.7427100195388292
0.8995314150376449;0.024831053295770844;0.8749537620501553
0.4016256266527217;0.3370326174010927;0.42001952603297543
0.8514667720533696;0.1815514754228108;0.45596633826468325
0.9411748774610034;0.6545294149691123;0.010581527227586318
0.818036112960949;0.4234169769956738;0.7548825049503538
0.16022796306834364;0.8606723364609065;0.2983501925321781
0.7602019031885698;0.4562756425929789;0.3934226160092924
0.14296007298515168;0.5956187506023991;0.3449298698199069
0.1656074513648621;0.008995635267196156;0.6598185517492046
0.405236850259153;0.9670566850636478;0.08951893076367934
0.7758631792031312;0.2571904169319438;0.7587005574447682
0.14627201450851912;0.1555653972362412;0.5637604930840409
0.42533848178238554;0.5361115164106417;0.6130418270656747
0.6467556819391684;0.8622624560657257;0.05191018982375106
0.6517527092734159;0.17825250593365183;0.1291858607484596
0.5918147861586986;0.8785650174347497;0.46555672992850006
0.8543825025927743;0.23963287228604013;0.2896317482696561
0.7117435198112502;0.16415867883024204;0.48492643974761873
0.6973320207245285;0.4686647281526426;0.6203632103475168
0.48928871697415277;0.9529784523180588;0.7464857557217399
0.28267363584110383;0.7629091719937401;0.9602842769012924
0.4728949047817249;0.33006407927680304;0.28518824905564133
0.6313157079604537;0.7641857392566995;0.2960052089133045
0.02426088333560883;0.1336882045454839;0.05595397449264794
0.9186769785830715;0.15221446177465592;0.4054141417618762
0.8840506864922937;0.9248977880822754;0.34568728419273265
0.20448739745619304;0.19577405404584303;0.03540496588989228
0.3570215550409771;0.36728133677950603;0.16831799310461626
0.821735404633044;0.4404197610231414;0.5357896427275798
0.5096331968038609;0.8266039003332877;0.2194443674252683
0.8291235685252284;0.3580182706288664;0.4873192613660051
0.46023166253653747;0.5636005061207109;0.7469666698390115
0.640545813416424;0.48861993268688486;0.563428433055154
0.23729627080599303;0.5695124312294175;0.31434065933773603
0.26843200850439786;0.6137832656381887;0.25830587336606026
0.9252613193059384;0.7705719763265755;0.26078676045082727
0.3350070924719122;0.28561089828758623;0.17864332216279122
0.7488263033534325;0.29398888377940025;0.8272620370697511
0.7359078027807944;0.3776028833656966;0.5897872781171393
0.7168920245564998;0.046335534365037234;0.014004715271331958
0.9794464390295834;0.6108198469272309;0.2542260290526168
0.04010806026648672;0.06601332221477496;0.950379986575474
0.0035815281918571973;0.6582887926434017;0.4542511935432022
0.5898871708537312;0.23959637193163963;0.6148094409644049
0.41374295720288023;0.1263598925754723;0.08801641547349592
0.02761779110460727;0.8719667489674369;0.1820861210123399
0.9151207073188619;0.4894792453814557;0.18306197013668435
0.5562392997077861;0.31557336731514396;0.8295102016461612
0.17905875460214393;0.5762436817153554;0.6630209909461703
0.10539950917853846;0.013072351507496749;0.3001893731137142
0.09399931447544285;0.9149141603691697;0.4059968412920134
0.06619383761559017;0.1993225751464235;0.2971576172556608
0.5984825900543557;0.4796763672925657;0.9439209548235337
0.8646507226133032;0.6240166407912993;0.9480928805102441
0.5227948164516089;0.44480988244418196;0.07306791347805586
0.6883455940635067;0.47829911880834897;0.866863313430225
0.3916050385453108;0.4063130257462573;0.884085754982861
0.501408118656639;0.9295277701147459;0.25403549521506885
0.20887213678272964;0.24247360323431288;0.8163728381009469
0.0750519688379766;0.4160553519699878;0.8479880387546423
0.6533886037370898;0.5439030085812159;0.766589661823092
0.21248676990990956;0.5769971393436506;0.5612682451567665
0.4404595308984959;0.30902478064194394;0.12298561347424064
0.42676923405112166;0.6048110355082925;0.6292158461871185
0.2092695000891045;0.6129724036066081;0.4063520171355882
0.649630903088967;0.05547514648013463;0.4461725120379687
0.7691668657873606;0.48759225123880745;0.647368797993819
0.2565928210771463;0.8842777418640804;0.42754714440152475
0.9195215688587356;0.047197041677742524;0.5900577462019446
0.7829354005823482;0.7629896513360332;0.6482833344052854
0.1263795954643987;0.6411562345275257;0.04756944738702917
0.8535330779289516;0.37534432044070265;0.2764172049644624
0.6768659104433217;0.11507057728966763;0.3540519890539595
0.20048620726114252;0.921846194119218;0.22868823914584213
0.7735644835949407;0.6944078589054467;0.468453015408113
0.05625585516016662;0.9453133468700897;0.922771459157764
0.3065901012931791;0.4947146562081024;0.913073852862873
0.0021923494262755527;0.6718082626030869;0.12957979283480459
0.26514654783810376;0.06016661145547619;0.8925228241832416
0.9149964730169498;0.3975595541555873;0.7250551034710383
0.36760928691138006;0.9534982935634422;0.7633089297623546
0.18712689406365224;0.32531866004809806;0.11823750283756185
0.03375285465838773;0.9800328899077371;0.45385640816043993
0.942070906997074;0.15743018686888066;0.34911169587002067
0.9683526038808247;0.002534596487560381;0.564588873336155
0.6909144219229332;0.15491608055991557;0.5731041120280975
0.026673610596517627;0.8447279577988593;0.3425825745515958
0.8535395077738972;0.6098124162881255;0.31542180261492836
0.9243857954120637;0.1393086229682452;0.09976004557897244
0.6293134513755226;0.7203009052789499;0.7072164238105115
0.40624870427887905;0.2206480675117931;0.9453781608796852
0.2251676465608362;0.877703507260833;0.8265330925646268
0.6028126268811104;0.8972039580016324;0.2359251556910804
0.9893662117049214;0.3292144215623122;0.5744414899351378
0.743718611025646;0.5848569729285477;0.21919425180691787
0.18923983205918904;0.7216800857000196;0.03945321886052655
0.8334235146127791;0.9982812014640693;0.02796345254722188
0.7263271765880411;0.6347601292064047;0.15955077848346988
0.48444372558267446;0.4863236085030801;0.5329755868152688
0.5793845016397845;0.7740671797418252;0.5443661631977698
0.9667594501977057;0.8508477420639202;0.30324303753318893
0.5342906291424365;0.4549690567025221;0.5871918150194492
0.7322457602781305;0.5037110775333734;0.5170848800450668
0.7791709542316603;0.03958831849830968;0.9631140459797194
0.811250133729639;0.29072945914514536;0.9506391804299558
0.2960281139254709;0.633155314836871;0.8826185438036108
0.9539594091143484;0.07658752394275525;0.08430707265871384
0.1687630227818403;0.28057870648382877;0.9866987307734768
0.8603726112859108;0.428166966316593;0.25942723700414216
0.0519549362435453;0.394100661054712;0.571349031471652
0.352804618489328;0.6375477660305976;0.12038948768383129
0.9623443702618238;0.5847575462476925;0.8360099243921767
0.4007833115191476;0.7595263674358316;0.6691703016395517
0.0989285177156427;0.7797415162232296;0.8938021831551953
0.3274190636960296;0.6524455304686885;0.33728828986107384
0.11233184724429457;0.6035649589627906;0.07030863059819248
0.6966638836866726;0.31854629625233677;0.363729497693395
0.9339439718537593;0.5415757478491804;0.4128628022267572
0.6182403150092117;0.49459845698303684;0.8775675655667032
0.27137534630587834;0.30774140862918864;0.7320324002896708
0.9532097087547694;0.527834682524181;0.28101264230148415
0.031383166493371695;0.8520248511776334;0.19068932427621432
0.8340553537843585;0.5954634340632957;0.7673692069934872
0.08652638780517308;0.7428361619327322;0.9183508290528196
0.04993143696609792;0.7467589489811335;0.15982273302064143
0.7550441247727471;0.8268588865904892;0.9796093299925219
0.5914378257638221;0.8208697138031966;0.43414477775728244
0.3650797427747422;0.6744596599768763;0.3386782453910573
0.9105152400709128;0.7007971073748261;0.6078204390479011
0.08591533774243443;0.04093532046112036;0.7075572443787272
0.9291292590405326;0.7890711593434578;0.6168201955616422
0.8546911873168219;0.07078010081844299;0.0605346933707549
0.46052013462633723;0.25778087917625825;0.44059407775596504
0.7062342235290944;0.3872203670426885;0.8338709118397156
0.27283148813441005;0.6355877572952406;0.65769304546529
0.9394353880732225;0.9341165995427642;0.1526618724746326
0.5786722609373344;0.7217693324472129;0.06311150386855657
0.8318074421180351;0.007282464819161727;0.2159882771577959
0.6137294108980579;0.550148365990354;0.9466261921054856
0.8990705281103696;0.8941459047424596;0.8359538420633768
0.9530021327439642;0.6432972424104758;0.18168664740955953
0.40805174288294277;0.7820891608830314;0.6858086048173971
0.2753300545380284;0.41000700509068044;0.5669760562352459
0.3915264815632713;0.6767754263614149;0.4164927574048417
0.5815859081099131;0.3587742019569846;0.9117054556098853
0.7365356826355122;0.9612941372414839;0.8305101188626591
0.15447469898085942;0.5661475124189097;0.764274202920212
0.9285166091296219;0.4413937794320907;0.9089138856895652
0.277325095602054;0.07560725439311244;0.061327778963672586
0.024906446910518243;0.1850055307948547;0.5653817444315822
0.7004621092046334;0.5596192597670784;0.5135882561033984
0.5180042464127537;0.7092570875593627;0.9924286119806748
0.5520953099736318;0.882821185359549;0.9096875580902103
0.2853983684574283;0.4224080440157134;0.902331162590408
0.538413197795031;0.34598820686855325;0.7828010208604501
0.7164632558945684;0.8663317832033413;0.22834608823808833
0.2136590981787999;0.3449491616168511;0.40915408109481777
0.31498678988030293;0.22806243752145416;0.20373824561493892
0.22255113691246287;0.05327963571164196;0.03726412963966763
0.6927217952984246;0.5784618211187488;0.06430342842781467
0.24432301680462187;0.420522281319612;0.6737485160736826
0.10776195656720144;0.15336477252483394;0.053462473724901094
0.48588681760650576;0.4388734615544928;0.8032517082403384
0.30219436358359664;0.6452881036885294;0.08005616221006329
0.2632906457520281;0.3317378002738216;0.6826251627084536
0.26754869501710243;0.0283731549495172;0.06438356300775672
0.8605246670301457;0.23272885867364757;0.2586025082420178
0.686732526791014;0.53040181992963;0.97730136564108
0.9843538243253406;0.30415632324389397;0.688439249516236
0.09755926987370966;0.7410784523087972;0.5681027119627583
0.8090470504133971;0.38970672599513545;0.9193932487418721
0.6240066610078859;0.055399618659390026;0.8816962942545392
0.6295452087812358;0.7886215384057867;0.9279600409364472
0.01570040848879961;0.7418263019411517;0.6504132261005275
0.528989979781741;0.327014482339711;0.4487351417772031
0.46883147495978095;0.08527676558246056;0.5500155280193247
0.6297446221741181;0.26443246883767124;0.5700818207311643
0.8476731719292013;0.4820671328146994;0.4819445407567028
0.36407297619774504;0.9914235218712144;0.49445067747615246
0.7877288765612516;0.49135411056033296;0.21234850781492576
0.5491572790578235;0.4957237057506899;0.051362664595705154
0.10665941811612367;0.32457947897256434;0.336675024975044
0.1181607055944307;0.23718438274976328;0.4842944408341733
0.1099171977485699;0.7808828540086239;0.24568527189865874
0.2539600469610095;0.668241193795627;0.006351166370770267
0.6118992922899475;0.7317183384446287;0.20025556996607619
0.31966947881413144;0.7590762141176954;0.8334491578603835
0.8661822858628125;0.2799696658215084;0.29432116584416324
0.09257049387230532;0.3198884542362367;0.37170865129223085
0.9908978060398365;0.4028713022855732;0.8385778240530755
0.10061310620881891;0.38225074209743637;0.7294665971896843
0.5088786383266805;0.4494686264597495;0.38831416392150675
0.2951143961004975;0.23040097878892585;0.48135083251441846
0.7430540794295739;0.24013030792565437;0.8972851503219557
0.6623071675170092;0.8437398498540576;0.36868948296765824
0.3636973508102307;0.21469745244960603;0.2828539567745263
0.8141260946389022;0.2114791742886748;0.6552947865935631
0.5979817544859629;0.8457255524277502;0.5486812674826216
0.44732231973488834;0.35211971509758777;0.26844946191838337
0.5126470826591968;0.4048463906425732;0.3442713217666683
0.7525023911258236;0.6294499381262031;0.9115323294283206
0.1625292446168387;0.593035128080735;0.24588716797331311
0.632740772670732;0.3908424946354472;0.5009229001687856
0.5729193427885934;0.5521403737705782;0.20286028834036218
0.7512327284638999;0.7249786956997932;0.965648222981877
0.9029188256413742;0.3308614188800171;0.8212972334505444
0.7116631244446047;0.5196088900287303;0.9071168620216156
0.4826136829935961;0.9751864379785741;0.10306216545144664
0.20503480615189462;0.31366729218119693;0.15503480380804413
0.6171204855071312;0.9272434779452424;0.6052137921610962
0.2297371028563393;0.20582437709339285;0.11655049572704212
0.753967516273213;0.6832415400480827;0.5856118066603024
0.23042117380203153;0.5070125337503646;0.007522676040622289
0.06122363008678455;0.20774776807843298;0.12696540562284753
0.0353111009797108;0.6993001465249017;0.7141151004988014
0.9655262727868045;0.2712196018675268;0.49786810322856767
0.7874147333848533;0.9483543853724542;0.709470261588165
0.6583556134356888;0.7730159720854403;0.2117842987994949
0.41197563050923347;0.14173013494529874;0.36666593890264154
0.4891289490844122;0.5732741759603476;0.5805166977106054
0.2421356666144603;0.19180925245514957;0.7525473271101426
0.28176476266505635;0.3531499529853749;0.7920467803836566
0.8442940880378039;0.13519678087651799;0.2510706561445698
0.6873274038888917;0.8932226635428451;0.5097317891761802
0.9250933245627413;0.692437527632812;0.19621996154634158
0.9215613269737817;0.5985262188004787;0.26671670519798385
0.7319056747562834;0.39448925519924594;0.6142230199290136
0.4184188091689387;0.7825803816234037;0.6534814094880348
0.18903330298205112;0.4080260608079278;0.6204647736186082
0.6095789127403094;0.09816089419782292;0.24384591564753755
0.0854927154324231;0.4190738546797813;0.13592099627033372
0.988722676809327;0.3990216644450446;0.37851120694845675
0.4556107622832808;0.5300815876468452;0.7463358671606498
0.9364660748739256;0.7622930521178747;0.4962252175118299
0.2840447974932184;0.7543108925134104;0.16707841920278688
0.3983682761111571;0.4187599840687706;0.036718774519734265
0.43638258665728713;0.788477797007481;0.22199292327838427
0.2169719512320133;0.04186388062598845;0.7451268906725921
0.3658694729963279;0.7377441176247128;0.1808198667077061
0.5973092634102517;0.9571638396642139;0.14972556674645499
0.4702929348534505;0.9540589181395815;0.48271322108810666
0.6175407437318815;0.05732363079826297;0.5100663632248588
0.7779392228595193;0.4549955353995433;0.6024029219924669
0.812697524505936;0.5545860193346395;0.385776404362271
0.7042958321086221;0.7899610739707655;0.03977019602297871
0.319363436355678;0.19894957049301587;0.7345222715105081
0.5647063256811465;0.10632632681775467;0.7503352554908467
0.8707269750406815;0.9428580146319686;0.1311899225112385
0.4064305660288492;0.4985823532560998;0.9333712157799237
0.5982906178638276;0.39302201911909007;0.4148281623977276
0.09145026812477619;0.8442883191263537;0.31383474903485886
0.14068471426202422;0.24382391919917978;0.5678737701960495
0.7914343199881039;0.1385701759645218;0.2955856498540216
0.40728428381863224;0.8961382389511104;0.0018917336954396013
0.228456540065631;0.7857801453997045;0.34973665680161636
0.22416999918213298;0.7045654653456136;0.07500939195785172
0.9786031024329613;0.4818219873560884;0.5573526955145862
0.1340348553511792;0.826957483732064;0.8399006230748567
0.5266321297471873;0.20455382247796605;0.23550134413711188
0.4399029373883193;0.08913126967096263;0.6548448948782168
0.10451854161974883;0.6070092475371062;0.49133615906017003
0.6457309086201845;0.38210896880931866;0.46620759318311034
0.19155803270558425;0.24335721878006977;0.24234707063589023
0.8398363991749986;0.43140420298043647;0.45021259185460005
0.6434331889276989;0.3597414525480118;0.9482327260808732
0.6536185883629247;0.5984969003252975;0.09087305687338909
0.6029767866997943;0.18680378551597898;0.5733900385680013
0.8433264089681963;0.3456829746302188;0.7067600844433916
0.19736932247048433;0.7239594319987629;0.29936607871769894
0.3703747651175555;0.759237913283262;0.8340694554158206
0.29510708384184137;0.023301330294451694;0.7001617240010825
0.7388790754660625;0.7380588686773137;0.4087081840111312
0.5738545107349845;0.705453185440329;0.719333798911464
0.9003619564876272;0.7156943074719002;0.6151053668069424
0.8379180795756092;0.6194893101954203;0.6931282299391002
0.5887214850718046;0.6299804242352882;0.05084213897136469
0.2759406179539995;0.9415661593444842;0.303075358325949
0.3969285902461265;0.07860310716589802;0.8714720189187537
0.37015525343174716;0.9428602597342729;0.8169060933497985
0.9427754406095533;0.8224689812869103;0.5855945646247925
0.6496113795446619;0.6917723164957478;0.9491613991762184
0.0671209346575089;0.014986199061125083;0.13137038271984003
0.5722601130941855;0.3128971879895448;0.8132711743610224
0.8205123183817851;0.014204531868591497;0.8575505276093217
0.48256758051015014;0.6310755199652557;0.3815168188502813
0.6482275410117949;0.4296785694201146;0.5280158913936669
0.1542611734365683;0.6443889485999515;0.6217591232746338
0.9464338307628423;0.6787790171690908;0.515314237480267
0.8865485726375307;0.013867151304617797;0.9340680591691306
0.19111156336191715;0.7386637404547637;0.20199843371470172
0.34303601515280135;0.13878863042424017;0.6932079683182109
0.011057111942205489;0.863703326115543;0.6991841096357005
0.9673427475402719;0.8678657976622796;0.453742978455002
0.026672647493840462;0.4282588842142345;0.13677508216383327
0.2061451583552436;0.10245535556118557;0.687593118317745
0.7453677100879307;0.667212704102325;0.8230445644847695
0.2632421128317587;0.12798185586597777;0.7962454806821964
0.5675966346589691;0.017318062907445975;0.5511448802611975
0.4866462253880278;0.9077166285731202;0.35314783572879827
0.35320756928285757;0.4859934447531049;0.2662570295596013
0.12226806420980985;0.01767063754479481;0.6411959459627131
0.8567519962664308;0.45959015692604577;0.34620026943244564
0.857911234973086;0.9835191790431982;0.815849825840608
0.19805560996089533;0.8136617039939145;0.2667758944481766
0.7038667260151008;0.519644473565953;0.12952845137170643
0.6224179866892043;0.19736306316004015;0.7523616939901393
0.10236381254651183;0.2234637433596347;0.3925846101544562
0.19294866717672576;0.15547892009261788;0.9568244843741177
0.9442808055438529;0.45729440589763304;0.7337249017847789
0.16423396796573542;0.7911129711211269;0.2080074917936372
0.026271062130307055;0.5906204049508192;0.5086892322259886
0.38392367835022667;0.17944404848030993;0.9741203678029705
0.7173497567058232;0.5415592285966548;0.28211821335727716
0.010198112885204336;0.0064785140618456305;0.3021231351176673
0.038955212196752353;0.16963488939167193;0.9779062064539369
0.005498771133895741;0.026480037187809113;0.7198170286072026
0.9368548207245706;0.20277334940032254;0.22996342458301933
0.6723339177333326;0.9457780695258945;0.636842475349385
0.37442544022187785;0.940012992386553;0.062227027027140336
0.13483149053260157;0.04434626329271574;0.4496991106779037
0.5171118171670716;0.610181845687365;0.3045813114568967
0.3070191723718514;0.9416104334168598;0.0988010253468875
0.24037679471540951;0.6976601567737533;0.5291179154521124
0.034802188961777336;0.0037704377199189176;0.2859723943682355
0.13125616882232183;0.9404945221703386;0.5556173486367432
0.743726610281349;0.6345978428927278;0.8543296938538489
0.1496338908707756;0.042419215557161105;0.5380805248015021
0.5363163024571888;0.1157774766052192;0.009734014586364581
0.9815313655030944;0.517828624461295;0.8561755029612013
0.06741593476687191;0.8341042987771663;0.1760833399195827
0.2857031897233441;0.5028025349613476;0.4530460860555994
0.7269986148850132;0.36423896471746964;0.4060479510398969
0.47129222540618254;0.819842166865479;0.45643925536047614
0.6439802405863035;0.8649767259251492;0.5519412017975636
0.3988579797276497;0.8433596983044073;0.1842085563640109
0.17960046214720393;0.4631258165737726;0.2483181728817686
0.4250608669126933;0.5916340378670066;0.8735333110743273
0.7582848993842486;0.8442317522277614;0.35207989859630584
0.2523235212286631;0.8457334687238621;0.9913422884657275
0.8790899504610229;0.7494586223541193;0.028984303792158106
0.5360770409333748;0.8986408709847102;0.4503302991225454
0.6070391002304253;0.5512257133248826;0.40961111583229914
0.8467298781620585;0.7194610060615905;0.05664814239591143
0.36001810554413505;0.23686193361430508;0.7086602043084415
0.27675619881711455;0.8482739424250045;0.956707479374953
0.5863782176641376;0.8161859637357439;0.7016068226519847
0.7281738330720077;0.45273788220234534;0.11561676547215327
0.06722489735445047;0.6085262859963809;0.2428997719161894
0.6677937396338858;0.8945428983960501;0.9108892144315258
0.7732662640426454;0.9088262197924927;0.9653633129225564
0.5061851205451958;0.2993313452446724;0.23477176240009778
0.3323299980887564;0.7525903309683047;0.5210163369657365
0.24549359133136395;0.8767940052650873;0.8766978861953456
0.6506115588016216;0.2968391486308978;0.019650919573830583
0.7379771198505961;0.5525758474214856;0.9153551815047757
0.4860179437228833;0.026292017320995287;0.7947400728597653
0.4252950195236107;0.43928912645012086;0.6790796657530506
0.15911527931491853;0.7568888159832551;0.26042640588564314
0.09111088525537092;0.9229007406429843;0.18600091106481675
0.5776137939992789;0.9750404786282398;0.2383821599622583
0.09484419396242372;0.8072378271643545;0.09529779236818658
0.8732601397716356;0.2092461277833194;0.17391116939380535
0.4013023198693936;0.1782466949751419;0.36343147008582355
0.07309288761642196;0.36285592700632563;0.5923998773195543
0.6218266322079224;0.5937780132364794;0.3188943188064477
0.7717864364920553;0.024519464827403414;0.6107914598289578
0.17911585521636175;0.9727304004709797;0.06755420169923676
0.8601751650702874;0.3334591905281953;0.36979854479738694
0.8371422536059543;0.6888229854381406;0.1330889534623163
0.5099993185290028;0.5187333168380471;0.5381824985785681
0.10317327959306899;0.23677606759315872;0.761952364490893
0.14013920477304465;0.8716273807662458;0.2028248906692256
0.9823287223027105;0.9273661592855241;0.13255267083447075
0.13876613639466606;0.5614743315520757;0.8239013761249533
0.6329172942078162;0.08522808017337635;0.7745781041864283
0.7552020961424015;0.4346692206445181;0.2953425576086811
0.4052971405676551;0.09537088367486879;0.11846939936437229
0.5866814413785273;0.5886641253265066;0.5764905539789394
0.27248722128263647;0.8636904875112014;0.8652612363996443
0.7076586380943204;0.8097679769363583;0.7957712102834827
0.3002871089369943;0.6646628589343224;0.918230657167984
0.3077691296842515;0.6886298727732533;0.9164131506370077
0.3583713110436719;0.28731405213695127;0.7616597047468178
0.5802949875632617;0.2683328316003438;0.08705422592996259
0.5244128254771335;0.7008683039521902;0.38128127863638606
0.35640700196317887;0.972418560999429;0.14590516261454212
0.8892937803657975;0.3119481730934993;0.7991420161054741
0.8920357217563684;0.7064886252354392;0.8897629141854885
0.7588323159266153;0.16256222107295992;0.1221698088334432
0.5568904697392008;0.10196243507834946;0.13335510394900973
0.47801792196894777;0.7581701781790953;0.9537823726680904
0.011346293861953405;0.7299649620519947;0.030809887101266975
0.44423033665157485;0.2749091730588624;0.5265475101127177
0.13770860148743203;0.9249568104142637;0.9020740822448614
0.5399254584862405;0.8453907472876703;0.029797701766911988
0.5599477602219904;0.6842480858439631;0.4350380297345614
0.21244944561657852;0.0255937172320001;0.7655358719245252
0.09351615579312422;0.5422321360771504;0.0643153903188668
0.1476731793538647;0.3734882213956625;0.20457431421563133
0.799159634710426;0.15893193753936052;0.02809062671233742
0.9206442715239576;0.09729268940653302;0.45025389729013365
0.9080093907345125;0.4671697538497286;0.5901334848075793
0.7473581585520156;0.374020437971743;0.22373802376746832
0.18603140436236443;0.12678378422964387;0.7413382485776621
0.5859792873246197;0.20132033037670605;0.35735180312588977
0.8415117347524927;0.809885732006756;0.9277193011421382
0.15472013972887222;0.325653649464823;0.9226744237223794
0.47473611311424846;0.8186832285900133;0.8875465975604937
0.5464790857071365;0.09334001007860482;0.08841140372003486
0.7674612693481396;0.8931861659792656;0.2735220798643706
0.9461925044605709;0.8077880985317099;0.10055133668278837
0.20432867851725656;0.016897939809025764;0.020544248854859504
0.19360246374239598;0.6297014885736835;0.4488353798904652
0.35692421971029775;0.5425173172135375;0.012866214160866973
0.9972102903603709;0.4262253066110617;0.7818789350652163
0.09880159198579774;0.2500474090391679;0.7044531393720034
0.9871651415975077;0.9311775072894312;0.12257612352408231
0.530183264482931;0.4488069651620571;0.6620038005155409
0.508402669088956;0.1838172983886368;0.42100071739513467
0.9202522460478263;0.816030522494486;0.5714903142053557
0.7767276096108201;0.31615022768590706;0.8840826824706748
0.8203487544460836;0.02265266462205673;0.1434468652701919
0.93278901785484;0.010685749148730772;0.6757003008201703
0.2320975793798612;0.7425553256877953;0.14274821121126835
0.5334093357329159;0.0833553810992218;0.44385596918374204
0.3417232715581202;0.1956928871212723;0.4339203576251168
0.5899254076156026;0.7155055040628294;0.9221247568849013
0.5108266091819843;0.9679023643136718;0.29210385515036685
0.1261892009134813;0.3818864309042823;0.6039707388477785
0.19629153239056263;0.44454475978957697;0.4958362270394242
0.1516723079220842;0.10740462443030785;0.268154559445381
0.01291774006235813;0.013333398387344264;0.7302354439297873
0.6364030389306427;0.5146482978178359;0.42879222246391746
0.8670597490317081;0.3445530329021349;0.09656714611879313
0.9178988791251966;0.19496813883884923;0.580179765392364
0.1240223541979204;0.1364502151865219;0.9561397789717816
0.6863288392097244;0.058609431364704756;0.4025921798863401
0.5218660820935872;0.12858706027071065;0.513949510521475
0.6470180597317712;0.3262058299013285;0.3258716379611575
0.169859197718773;0.9642658115620789;0.9461422978627683
0.09920371249395088;0.8421865561417808;0.8369142525741876
0.3960968754646472;0.15820787128082292;0.13239461442120937
0.92691614156876;0.9093585170340858;0.22325703784836826
0.22355262989559033;0.613013723791466;0.7556692864964614
0.16076174403331023;0.7815066882750459;0.9067550045560833
0.5305042258250909;0.7313823835651634;0.5388045136453136
0.19670434048721963;0.6484185790614474;0.9416177817046912
0.6386723256850467;0.2995383081010997;0.7118984369014563
0.8198282914484607;0.9879202380654551;0.9979172821650596
0.2206281158535729;0.9783564643314004;0.20801374004241124
0.22051221512889652;0.5758745020342216;0.9017387928476756
0.17451439037546457;0.6503201212966053;0.17489901658333973
0.5509898608651465;0.871032598522407;0.2528504226741731
0.07103764316298189;0.6945387375823884;0.11564327936342234
0.8429615339261192;0.30096580052844313;0.8946522996943349
0.31272210261953703;0.5953607018429461;0.2028910121757871
0.6274811535076112;0.21121322498257733;0.6867666240005091
0.24417013391614328;0.5247575313063374;0.4921067649634623
0.44427431696325104;0.05374635668922778;0.7698861907642804
0.574235300980646;0.5321736072685946;0.5263631096960486
0.757592263885041;0.006268475161164355;0.6399251564166676
0.33291793270463965;0.37273278280892186;0.23493075229805715
0.23999381215690285;0.6057331923492004;0.8879341718909898
0.9208482091552251;0.44239860032024403;0.0533030650244829
0.013540267538946216;0.9117050424633185;0.9003613719302475
0.9211701033588157;0.10833948523246317;0.19095122910810014
0.010897036297781604;0.24473682598052826;0.6282806360971291
0.7948475567949194;0.21377637300844543;0.575605049039922
0.2450803409130552;0.38904514911854593;0.4331990114518147
0.6619849684812962;0.5251671677032835;0.33776661488663706
0.10397508602221539;0.24281448020106566;0.8965922358498518
0.02551202532937258;0.9150397722368548;0.8516723793830523
0.8903495520553243;0.43749381728929293;0.63890304248723
0.9137708373477893;0.9131204470514169;0.3203673953203019
0.14889896288872884;0.3836636108817997;0.052060275345011564
0.4012367559792952;0.41787988248171015;0.6611120094462027
0.874328641653453;0.9536625414943032;0.7648915462219286
0.10608995959844358;0.22071718008370966;0.8698925338965463
0.3557399950121378;0.4304282613047906;0.7116958282676873
0.4389782154831332;0.11080847762876866;0.9634855741560953
0.949080055422895;0.26121113653257244;0.3281049109714327
0.20738098394144133;0.15198268875999843;0.26055688133875654
0.9490984888333674;0.6288738127690786;0.318195799299286
0.5374740282379603;0.9733220385788023;0.5242129352755013
0.3492464370754793;0.9596881447764166;0.19932818320128143
0.14913411483060723;0.22844937295489354;0.5508681160541166
0.9872495145466982;0.7711931389491147;0.27760108652652027
0.7068229680039885;0.3652133746190751;0.15379080371853515
0.40439610421293537;0.35764531707915737;0.20870972858017056
0.07841904161653068;0.9161385711908493;0.9599432331436536
0.47147828328061303;0.5828376705866309;0.2708441781637362
0.7854896635905196;0.3673628607963174;0.7797151963108604
0.5340454301446583;0.21496906444254793;0.8114022963426745
0.8633404816979305;0.27850648125363164;0.4870510844728432
0.5825759614834164;0.9180786282140597;0.004716425069827279
0.3226173131654887;0.1571494814895107;0.8199710886465686
0.4001357368963375;0.10442028684160631;0.18607220042937622
0.5926121370425824;0.5302823093534736;0.8362704860688903
0.5580957823214809;0.4063621943529129;0.144528520722501
0.8941763239740713;0.5105200704253194;0.8370116594056812
0.27721566583089097;0.6327232058387698;0.8857129489371491
0.2033104039962519;0.959235851889998;0.26702888990450724
0.301522085821871;0.12741670592318788;0.25320669879979985
0.8153032284546445;0.12423117632874192;0.7778383098003744
0.7669127256770941;0.6823804742389196;0.06002354986198577
0.05563120115878861;0.30045273404472483;0.8848036395384936
0.21029078098587373;0.2474402864743378;0.11506621502417991
0.5358035417190268;0.5098480873605513;0.3456239214510328
0.7251339657461592;0.013364217485026697;0.26278451155954174
0.7266042278148884;0.5089278763330668;0.6238546978529528
0.7133365681474714;0.9734508869034509;0.8552189133478203
0.7695362817572067;0.8287829236015121;0.8984314301454083
0.6555503216034925;0.4679900079980689;0.041230140327494946
0.2223254182929283;0.7363944325963669;0.6475540340630871
0.2491036773643105;0.5238782791756748;0.0032791057155209247
0.8130878480643355;0.5669128405596168;0.4696648057622289
0.6761782875411401;0.8555798822584547;0.4175500543296209
0.8033283188665219;0.7781197103679323;0.9907841372157637
0.5996718621126675;0.7796237893140514;0.33083851504819006
0.8749109958862779;0.7192380489004654;0.1933621889751449
0.529830586434588;0.6626619677624159;0.47800654812863075
0.7076045988648699;0.5032757083366252;0.4830832957486597
0.8906299917176522;0.6842662301657978;0.6944504259840567
0.2605022817159408;0.7249841741538571;0.7709766407710009
0.5619260455128213;0.049008393391481664;0.6901966697988222
0.16861898043142387;0.17552064781016863;0.1601358052412537
0.7665807081716325;0.2557819732499743;0.1599302278184075
0.4399342634769474;0.45433742945209776;0.7601047249771383
0.2971761313298624;0.11441982242629534;0.30165768306377205
0.2039856162590986;0.9237541732973343;0.7813761167406598
0.7436449509151539;0.07973140495372055;0.34855949059883906
0.2872721245688743;0.1908363951420956;0.682298376374563
0.045171584509240414;0.8886190675408786;0.9678910212902239
0.029464605669585642;0.1726399186929981;0.3032170689054351
0.052870555772531413;0.7897371454361919;0.34512592913615125
0.4763380722069994;0.4112148859438627;0.5502421605928612
0.8304670112771861;0.9657589275783975;0.24420323326264637
0.6562030852345565;0.8305951960441663;0.5016354593037151
0.8340475863566825;0.3453555491881011;0.2112230837080824
0.7652759409087936;0.6169967963998916;0.9503869526462427
0.688271265374496;0.0344619667181465;0.2495120654956745
0.748326731695881;0.8631755959335085;0.5465077709265223
0.44970455305601464;0.3804442651429042;0.283918231604834
0.603332058522677;0.25070287601910324;0.9689030351213159
0.7902501104799927;0.7819468436845292;0.0162017558473454
0.6521169527685403;0.6856198866655594;0.40452344218962955
0.7358797410195259;0.7481034952846998;0.1507631111698825
0.8485980604038929;0.11297155689114202;0.9700453322438994
0.42251298082934485;0.9028285893529004;0.6241009802662173
0.3186558560547539;0.464756477513635;0.1612225093593993
0.05896747548503567;0.8625515232081234;0.8900921292429477
0.9487095074367304;0.887169175575732;0.35296197709868893
0.30363905281276327;0.024851064358487163;0.8147576483894883
0.6497404737086128;0.45150806260223775;0.8623814982683929
0.7748350161508508;0.9037283134754213;0.08023099295457536
0.48868123828895005;0.9467103312192188;0.2804521212843786
0.6702270105659894;0.38042652698646684;0.5547047388617181
0.9772653529716567;0.4429792292182748;0.06201463633693194
0.6807210956097441;0.3686001175537944;0.39079163348904344
0.8934113360160373;0.3664425996256796;0.31810420837017117
0.8431547487546304;0.37425128077390357;0.9583709104748929
0.5235244343248759;0.1943231159905091;0.8453279965732977
0.3026756055884867;0.3403622602651818;0.22158814761184575
0.38093197836021464;0.06726483316307341;0.6798463905134845
0.9822968716902113;0.04413225227734552;0.4090180690637749
0.8420836804088463;0.6394997602460455;0.1088041466847618
0.9709982818334453;0.8930707173952008;0.9414494200896436
0.9769221196733803;0.37663879930244315;0.2903742202391052
0.8631525801531098;0.97605523546165;0.08522358102399841
0.156073536441527;0.4882722986378507;0.039255393863182886
0.8586968321970295;0.8420641954552837;0.8458425455333806
0.4081378825011839;0.6029443094928153;0.22145857209215447
0.08505138447445348;0.22567199234774493;0.4680274070564686
0.6491112059607236;0.3826841619447475;0.7915562874017747
0.6150903719812714;0.4693229060278862;0.6623725792602205
0.7905857829196737;0.8405219365748786;0.4224652266065325
0.40768426685901005;0.7685776758119174;0.12512579609149665
0.2718225546097658;0.23362122719701872;0.1446747676774146
0.5274167186518327;0.07453502426252256;0.18238192184891122
0.44873008123108926;0.1812328309142215;0.2264703583433102
0.8629052317915179;0.11482006227004715;0.2936289141703413
0.2955907585480706;0.9120812761620968;0.021628221706900597
0.8881858901110906;0.6614022738657988;0.7955864324523588
0.5312148682390923;0.490039613342624;0.7982216313865207
0.18633450273050167;0.49783074549624173;0.25724005124778504
0.0704054530252688;0.7391825839886946;0.08866464843994637
0.8283496366606765;0.41855608143293266;0.35178293257989846
0.2765241509429994;0.449044681842412;0.342634264876731
0.8196428207669497;0.1319245523583482;0.07935980119139596
0.2598416507670025;0.8358965507425901;0.4810691311626245
0.5149756711165435;0.9496019337919362;0.3286686920050298
0.001638066624244372;0.8330242169196754;0.800233988561867
0.9983032341691591;0.9211968819200287;0.3701379309871454
0.6543822254775025;0.2913958046081595;0.568464591061866
0.3939953170515811;0.8057492541302058;0.36873706832335085
0.2423673164529454;0.2458122033355158;0.25160200599764726
0.5418601332320118;0.5743472968693791;0.6441966144818272
0.41671075628496734;0.7464801038860425;0.0004761507170307766
0.2607073028846273;0.8337674919633054;0.4269294313334929
0.9107003520813779;0.771369035753161;0.9796626270405397
0.6459233307321116;0.6689575790326379;0.7279294839264936
0.2923393635033438;0.07702542116647026;0.2365407204311719
0.26784604519614874;0.6896386138612424;0.10032967493548961
0.18835210949514591;0.21152742823667914;0.04058300788661118
0.517084770426915;0.5133264861618334;0.666258846574809
0.07335651849970737;0.34440308582804346;0.39054953352287314
0.2933446614693377;0.4327026175927413;0.28917488097881916
0.5555646236991124;0.8211855510879297;0.6641865900303325
0.7251328792871186;0.9681605639992432;0.4558439656908385
0.010725843850551198;0.9385446771968853;0.5454086572119927
0.10320228996962355;0.2427377137632274;0.9879279323243301
0.33711377743082216;0.03826674064290658;0.8416800016897478
0.4940332756917317;0.9189631530103689;0.11197364535925469
0.14910792568193498;0.6655791630157878;0.29697011196847845
0.1994994972012406;0.2521583808462551;0.08965212564435165
0.9556478357060946;0.28870239204931925;0.1247049334350353
0.05853998196433963;0.5978462183450524;0.7307716003219065
0.10618685916300674;0.2625638089347132;0.5631185567459032
0.508349562944167;0.15367881243265769;0.756753562989243
0.2696461581259786;0.9167378608567351;0.6509084499190092
0.4774791639121322;0.10999951388040352;0.8682080485867025
0.2370413036310557;0.03596138224608536;0.4463987877434581
0.3423817407815415;0.5532279611643939;0.18260600256296444
0.8862040549005387;0.8163781972249622;0.552525432950283
0.22553714497272082;0.40627106871798835;0.43326457883464875
0.6874263656411999;0.24249870140777585;0.8873772309231005
0.9475263976247171;0.8970966933401298;0.209617151178204
0.29074289613445314;0.10868417420770526;0.013331075539117498
0.028635680424863197;0.18456323516090145;0.2674334838212147
0.34689251961382916;0.4523469890684205;0.7105191274366425
0.28732716218846066;0.5258718275515084;0.29806280782693895
0.3423331993226737;0.5337639244376481;0.18400923672497882
0.8529685566104015;0.21999724066430282;0.924493766912558
0.9834754938885946;0.5486451795693923;0.04464791174525884
0.8285404937544265;0.9480133060819866;0.0032549577176620437
0.33160009656687284;0.36366282000156724;0.6994035586781415
0.4575713026455013;0.0014010085154416707;0.22966081246414338
0.30996411402719803;0.2840628739849467;0.11059209168445283
0.4429064930469697;0.8155487773830706;0.6791160809238294
0.08442164793592655;0.376162152639803;0.4681656372951817
0.2737719369774074;0.6148501803408565;0.7866286521938534
0.19024458569165914;0.2778357943348323;0.9083270603656283
0.7601636041358852;0.6920264633334199;0.994402466645691
0.9423029072870089;0.9613829572775578;0.41358137629919334
0.4109260410222947;0.460104856421215;0.4909126455273287
0.5014501357246242;0.659829201752818;0.10321112699391388
0.3851796260247077;0.6409100039310166;0.790552549706271
0.6133899252187863;0.5363454237129022;0.729782491839222
0.1922951529199377;0.2606428190001375;0.14399635583685821
0.3655055211999949;0.22947261620516834;0.37257656866760736
0.16579055367764084;0.1419048145346935;0.1053818043635737
0.8564097091839479;0.41712573142552567;0.5209447649279699
0.5763813398387119;0.9288527956611794;0.263163671353015
0.6678474656950305;0.2804743503530014;0.6384393827281842
0.29730744570206036;0.03924779753960639;0.2715058339471529
0.7571451125268457;0.40268036235830984;0.05621716277793776
0.4822006653718228;0.9172518409340016;0.5487627045098967
0.012137726052563802;0.27241116852882585;0.5337443258264957
0.2927964992511112;0.7254148728790587;0.7318586405474301
0.3206770807490231;0.6356282659271577;0.06193746929045385
0.3714473626588709;0.57057013552823;0.1580880397177573
0.32363493332463933;0.3870553190665508;0.2803235085637622
0.8241213422681942;0.06697611260390768;0.40286239912907595
0.2398212659787471;0.13588349036787584;0.5841785020947245
0.7083813498100937;0.5497963471506818;0.4975701229415844
0.9097592744697183;0.43000361235466833;0.5290110713094407
0.3512607121713913;0.6037800321782142;0.9340612388313416
0.6106636501544974;0.8189248494015511;0.7041919678118455
0.6678907411147286;0.6997482559688242;0.14116218233647082
0.6757291729220818;0.552440017680592;0.06858688057397733
0.681187678153722;0.9739159304892969;0.8779492865323055
0.6330098751303183;0.657708716171981;0.9439822726582028
0.2944736759395944;0.731537134921567;0.19301097210646467
0.7967876117263198;0.8282671016873716;0.18665303563564473
0.2474207671312697;0.4275898465279976;0.17879513051952223
0.39916762024120245;0.6777803193582614;0.7820528749789775
0.8577732916930381;0.8049132334814029;0.9618617402976255
0.9332216611785494;0.24917628273421033;0.8477166221596378
0.9382933481240928;0.7416885098079583;0.4829174372587077
0.29612231804748346;0.8565234188555229;0.669782473832071
0.20445282480371374;0.6087758787166331;0.7882979603165471
0.300083314258467;0.6488474424259194;0.4050513565810365
0.14901262655861358;0.7227974885988202;0.7719332094054095
0.31081045216439795;0.50698271010788;0.09065621568726645
0.6436443150159338;0.2877432933056976;0.7345652359217854
0.8618321534242055;0.38251634202962526;0.7280685762528567
0.9130675005375677;0.7889733147268919;0.034693869728528615
0.8444071768059875;0.79425258546411;0.7960987911539723
0.7448632390838945;0.026663251175245706;0.41907171597496207
0.23721321418023056;0.40280301897927684;0.5079276747382279
0.127210373853459;0.05635777787138441;0.8430019314011847
0.4758811607638118;0.962741596354626;0.7241176953781943
0.6844082121365177;0.7222918442987163;0.6713835194442825
0.8922490678534026;0.9754178379849289;0.6433255624498212
0.27532632347226105;0.9574265740424549;0.9963025859100562
0.944170327807234;0.8182605090285936;0.9656004435603645
0.1684926817120509;0.8125943328784438;0.9961183590181422
0.6487411335905194;0.170929501011863;0.3871067049878878
0.7324667271211768;0.16885894208832475;0.99290668067793
0.6182782227467345;0.8394407850955379;0.935900266596922
0.1519609969304201;0.5842672457280393;0.9782715433595949
0.3080932842435735;0.781359421758912;0.6413599208432771
0.9897604579883353;0.4223060154057109;0.22774833231821534
0.08528233679828567;0.8755360827155648;0.8420001107026183
0.44262459411635113;0.5531079133852839;0.08152227106812793
0.3339987143667652;0.5979906120149373;0.3491901007343252
0.8612565150420086;0.2500897868113221;0.5963397853434603
0.012648452246473818;0.006392165204883615;0.5908432713782799
0.6995982358155942;0.24894542361081895;0.4211612917085106
0.11290321340650489;0.8192287773864625;0.8358005150089397
0.5666213256985309;0.2272764851966128;0.63350118810627
0.14228379179822137;0.5422823881039035;0.6270381125497166
0.9644045214393356;0.60451959936233;0.055457146229083265
0.08889476361501658;0.8780162941122567;0.7495845216048962
0.7345557807119821;0.5346395305730689;0.3181189395072196
0.948788202363359;0.795939720427549;0.8424313024868246
0.843581722359377;0.1046780590607157;0.154830742952919
0.6820264611456132;0.39383048242722396;0.3898380329113661
0.8116362658522873;0.423598301737411;0.16716346370396584
0.4225589330718722;0.5646054110381139;0.0498655337739502
0.014571149363092228;0.9558656514746728;0.5584300485595962
0.8647211299114256;0.5952063584401176;0.5531435979992655
0.12820306044287333;0.2562483947419375;0.009246966464183215
0.5134833902955788;0.4345862549904185;0.5245043458597509
0.1517781731059119;0.18102777989895757;0.047678593148540394
0.603770376578632;0.8140808130961636;0.26144641595648843
0.9516280249972114;0.8272172572307842;0.8893452786885471
0.577206699451447;0.07393654948247097;0.8065606600783753
0.02118513960609103;0.6083093077795417;0.5542968983854344
0.9862097286555688;0.6638841816666011;0.2624742903865963
0.13925484361362395;0.034867024044253125;0.8711672702970241
0.9183632187550806;0.0323910216612715;0.6968099809517837
0.7358131367731234;0.3148947692030811;0.6174655705935732
0.6801299324343377;0.7303790133893877;0.3509763492362714
0.8597218632949161;0.7828305718685188;0.08907733877071866
0.19555220284412167;0.06233100164835781;0.8185684466218731
0.3492693234624006;0.8434032978322173;0.3946754319829525
0.15991294574271786;0.28643889106407483;0.8598272313275896
0.5298902488575538;0.1711883125344562;0.5688246139340765
0.6908920387121077;0.11475904471376586;0.1011905640949422
0.15321256636042857;0.10473980401200622;0.3197547630482548
0.40416183014863516;0.7215258006991;0.2252739312026083
0.823776931186098;0.6571533618931926;0.4427623486978818
0.31914496986468754;0.4177273734327208;0.14990406515744237
0.36915138444147744;0.48833727404140204;0.6192160480418404
0.6550539709062272;0.740207748612418;0.45298212273540683
0.31088561020633654;0.42829952582122766;0.6043879119056585
0.6146452625075949;0.836913644453832;0.673136857692959
0.24912237405453286;0.10116850788347598;0.27338355301758965
0.9701204440795034;0.2732209601842658;0.4737403569804386
0.05623844915733245;0.5563472102714199;0.05110761213522186
0.5972111432670407;0.19526103809577555;0.7947720302212598
0.4704299588133193;0.3236591058754864;0.8427927923147753
0.23082994689824443;0.05066976567751802;0.8995254528234665
0.46708843030161795;0.9650358713458392;0.34920682037006734
0.7324240296201809;0.6686465573206298;0.17563827623419626
0.8416232595986527;0.7645554706350645;0.20431657555827853
0.47846862271215973;0.14942262582714316;0.8705836755085522
0.7897462569960968;0.7124251172999176;0.05523533860775409
0.3352742699784773;0.9713131918918835;0.9498758540520604
0.4657429752286155;0.8590334094369235;0.985313719793991
0.030640290596979036;0.9685537764498644;0.25559420182214676
0.09721991504901062;0.8908741016414344;0.22306273261783804
0.15023797777666703;0.5503895909637128;0.05807895775876526
0.8470222694328313;0.23245356120007166;0.07616980121187311
0.42654878400739293;0.5379235490514862;0.48901587648926514
0.9016756034913362;0.16073160404296072;0.8918688251191407
0.6253682598485475;0.9335904977825357;0.5089652802383132
0.8421499189545524;0.6298173856098769;0.6179238714067377
0.08386401510705288;0.49815131052167705;0.9327572259655701
0.472860935439227;0.36063834124953;0.716412426732268
0.12457894564990402;0.8882535637457074;0.5443155263258505
0.4650662447099586;0.2879200847676152;0.7087991391634595
0.3524895086906763;0.18575299475993667;0.08356982335738472
0.34304519350174156;0.049090136047744926;0.6834300321175728
0.2650289244862022;0.6086967959967058;0.6315263708756448
0.6387739043566388;0.5782483574030121;0.08243018768199395
0.24650000993884158;0.6292848434644575;0.09365749748056984
0.44354400434562236;0.41364886101474785;0.3979681201298084
0.8631976104736876;0.6173880088262839;0.344664690438343
0.5892990080315612;0.21117402466407265;0.698232644269129
0.7345517365453713;0.7311465177615543;0.1854564029461857
0.5378301091020026;0.6155280720235047;0.016446078330419
0.1629359507987893;0.9249216480609764;0.49195629171270516
0.828357304404192;0.9550302668133912;0.9529088570522167
0.40149931901536584;0.08275535873376239;0.8455382234621335
0.10698664650433709;0.3565656647472595;0.2959836364584679
0.5682835962421646;0.9938576752683848;0.2623304015374487
0.36099711575713755;0.7889151056362352;0.800725095815328
0.9694513831899864;0.4553700158112679;0.050612125899681004
0.18797997482224105;0.8808317938215299;0.573817904475894
0.45476717116675447;0.047736490854673796;0.09608811759953961
0.5182330751777114;0.9395031977485006;0.7845321005371223
0.22939475773554652;0.8699375243710091;0.41323289779174033
0.013586578302598795;0.20543897194130267;0.7146299642719356
0.20306647720785065;0.4455684229653446;0.12124581460602213
0.6530713176762681;0.7164915352345771;0.27363719742797166
0.834593712203759;0.6613009410691096;0.44899669681356214
0.10832030378845181;0.19528144081772214;0.8319306468252894
0.828078207552317;0.8951833000947205;0.8151417354623196
0.8598643850827665;0.7656610919210832;0.1606595976474554
0.03849148046548889;0.6586590811001434;0.01045867261804101
0.07004694442289205;0.7656869114490169;0.22131458841328
0.6955966885906945;0.41010069976482244;0.09699068408077915
0.7555842681023269;0.6891860659417764;0.916256240355722
0.8767664640838334;0.5062827705974431;0.4349253002727528
0.2610571412646332;0.6771945419961374;0.4467634755290887
0.6884488485428409;0.12028274066918909;0.1327405830898346
0.7879901769829994;0.026145067839582703;0.2855604396817887
0.45962641774225077;0.3071314994585165;0.712513213206121
0.9231800867505743;0.8039930810298963;0.28138397729444276
0.48198858394185695;0.1184260667602206;0.36720729879433234
0.8481229686377247;0.9573510337005133;0.11033044178607132
0.3626544277552871;0.6861491630020217;0.23512217703894644
0.18610480316856715;0.2680328217242651;0.33539553293346536
0.5347010328953911;0.5255924347117442;0.43055662558585217
0.5376438794334706;0.48857341405181154;0.7959286940073502
0.6026456699217427;0.34978083995716713;0.14413710820380776
0.5461217630324559;0.05446194634847079;0.7797827669017462
0.5463174915334807;0.044850963721290604;0.1940040737806853
0.9639253287994304;0.48638305763833833;0.7493611222309264
0.6370934133859074;0.5388004983784654;0.82106407664549
0.17977659524965917;0.1955195693453724;0.14828988974322344
0.40506786988843424;0.5299503250067181;0.22422710092991593
0.669141118570302;0.6127928587154523;0.31403665794677726
0.7384396141760149;0.5688403716031233;0.7228523850917193
0.36402401276721363;0.8834939618657539;0.5601039346198928
0.9705242236676135;0.4756887336388549;0.6377255916220367
0.7862100565556084;0.23622239402293055;0.6828297724549582
0.2297606490481029;0.1725215942773316;0.18774882391310654
0.38000057303283996;0.7231172723426595;0.2804112810287115
0.918040357568464;0.7647374627107972;0.9419127828273017
0.3016636442867645;0.979079924295128;0.0198879313602196
0.39051232809208214;0.8973439920802446;0.9895026474371957
0.6119025672812805;0.8601647290231919;0.9850140558247549
0.25716593629533335;0.13638814442789682;0.012047702007541794
0.7090330939945454;0.9281831290940459;0.790261732509523
0.8310887662791607;0.6511438983204416;0.34738863073603266
0.8173518688388306;0.7195165561319287;0.7448700795469023
0.011708724802931503;0.17352344400206643;0.95812080957858
0.39656047312991216;0.3780927686033083;0.7951651696992599
0.28085613216128147;0.6401982824894049;0.16019482943189922
0.1829587138941563;0.29555126720647296;0.6626021781914639
0.8389740533409507;0.1936413515251365;0.5776743700266386
0.20695019221152244;0.6662423464325163;0.4646210266705604
0.49671242824571205;0.16802035008005467;0.3151540896730656
0.34860553526490834;0.9117545891841237;0.15795138318181956
0.4603944663871262;0.7305400363049833;0.1426200146660509
0.8661836689089354;0.23686566236104434;0.9013565956505857
0.21133516891756032;0.6676016672095378;0.954062263836556
0.8962889212244309;0.6618316739173995;0.4000061914046237
0.8550116829739081;0.75920040106452;0.9073515141953619
0.4131383198474218;0.5211303478576136;0.12716015257219804
0.5919025994227374;0.4932746551213154;0.5435052721422055
0.3720595830859865;0.9440032026139354;0.6185813757718602
0.19361449788111473;0.6269381570375837;0.428184196451741
0.2066995158486029;0.9053555115604144;0.03237239846146811
0.1000766976381895;0.04283668556346576;0.2405702686571357
0.8477605255572108;0.14434942782113336;0.5373786419780274
0.9065637822037056;0.745472476524381;0.5947049333903303
0.001052121873805656;0.08934902101709463;0.3106866118842584
0.0330833048137279;0.4529568296010217;0.6675914791333294
0.35022281272666733;0.8696431115365029;0.9398767187423731
0.19552307850165862;0.6023555852933989;0.738652370628445
0.5164419286917321;0.3756349515693841;0.3998502097126586
0.40459580029621234;0.4726323651868567;0.621789997380098
0.7008562838672105;0.8693794569509254;0.4270545316369909
0.9046691424400997;0.5984775432177353;0.10787639765542945
0.9319495574904512;0.15122083349359838;0.8842857199636331
0.3521581375961026;0.9042436029275523;0.07802647675174124
0.9748130853313243;0.03348520745904837;0.6442217452180914
0.5299941041247985;0.8891322875415631;0.8603805148394672
0.5894465648619589;0.9530449626628974;0.12276011416545285
0.19798690057329393;0.822030562763437;0.15286118241335567
0.5882652480808211;0.2081861320254519;0.07597022943641907
0.29377481029720764;0.7742845075598795;0.8907808081584181
0.6754055206804244;0.9184158292029786;0.7796722352463867
0.9827318655005985;0.4439584647542132;0.029111388087481926
0.7620303683139784;0.46067236596064676;0.15858871108354844
0.038169109332592877;0.47808980933408685;0.6171850999518623
0.8260754449230662;0.5122387419580067;0.4864754244383144
0.5188164411448031;0.6027597660896838;0.5535186122526958
0.28383789261016834;0.6615845921426053;0.5649612492791588
0.6500383919277515;0.7458431636666193;0.2740608063032345
0.9112499581234692;0.3741536568322458;0.059225483838841075
0.2328257930762726;0.8661263370479307;0.9756849265937845
0.2973940387525503;0.04520165899186557;0.1787319606427915
0.4512933053982362;0.9484254792345895;0.9795687199411661
0.9554906029515583;0.8400473931154294;0.6983386325075289
0.9424368019017247;0.9544987826429625;0.48039936240967185
0.4626390402266165;0.8988815276014899;0.6826687576205336
0.07878866734653223;0.34616738784806766;0.12812097918446574
0.9955631490981282;0.5326383306396204;0.1637095581364858
0.39901912897565983;0.7786173088379256;0.7323925485776627
0.7744149444105226;0.7690044108922383;0.4828352391438675
0.2048206024103012;0.9862666346100696;0.3580583134751141
0.4141201693177359;0.8264729724278123;0.521606997042021
0.22701844467785925;0.331051245763911;0.25983312687867777
0.7110782368087943;0.0687131048104972;0.9630461067846358
0.168174149594168;0.8573111026557376;0.755547761068958
0.1941804315665765;0.5998519216799247;0.8223531228603126
0.9594757776270164;0.3734405931531961;0.8676563943583566
0.3668815278001084;0.2717235138464146;0.30874914831839595
0.5281328962415514;0.12985150582448013;0.31236080557778556
0.8791461049879963;0.18852448120216547;0.5117079855530797
0.8491184202194384;0.21064405130587038;0.4741756482367613
0.5546948314010824;0.7756674164484683;0.1627896306246147
0.7844416282099143;0.07269825680044761;0.5790078480870005
0.5581514182890864;0.7076928188619488;0.9442237817327537
0.4534297865145117;0.6217122646180873;0.15294459461797094
0.8517803191248965;0.9211621548067536;0.6941232249650918
0.011032278523073646;0.7605360908664641;0.5586129601355325
0.7318380068370357;0.26107852526768127;0.34957464282627737
0.9403295505237884;0.9446286542665564;0.9569272349699002
0.011266831979630965;0.3222292924994814;0.6428873642316211
0.2552478137009653;0.7460789864379599;0.48259393804507567
0.5032716984511706;0.641234668345508;0.18194911820943804
0.2057040600965171;0.4549723654097666;0.07827693931000557
0.06899034961469264;0.448355254803502;0.687746111421249
0.21776953026344104;0.3467863377385295;0.3813857651750119
0.5793947539324333;0.26311439002120496;0.13809856089146189
0.44496197628373246;0.1463486141888113;0.619712554023754
0.8841425806981278;0.0764712602709019;0.7521320585060591
0.11918525363479782;0.20869129739998493;0.29770219252701347
0.1888298418954807;0.6315340739396045;0.7653610691243995
0.047840157366227154;0.4556393898858424;0.9927556056276917
0.8597170997261047;0.8551960064362945;0.37660680247815137
0.06122464088029611;0.7482415831565139;0.5377484385713197
0.8639944589668423;0.5279567575319982;0.7963391740705795
0.41904340743554847;0.2414083014617462;0.09542277720747461
0.4832425437062685;0.11074020889431069;0.9990489332892547
0.35488489104089915;0.12085105998237167;0.7442566364122591
0.17105720429042515;0.42198407878658806;0.06396896816524344
0.4833324762564246;0.43259891331690303;0.1548770183769106
0.23639673868231625;0.5678657171132389;0.3513261918563051
0.08025072009210166;0.1727236915621544;0.001513532053923572
0.24172293585627558;0.6782967021238147;0.30684246393544334
0.5137419729379098;0.2743462214557799;0.24458995228384794
0.8448093319360823;0.896906567208409;0.19565082503607423
0.41792249839859796;0.05244043941374288;0.9242180043792808
0.06133634274652566;0.3196608620378083;0.20817525935847725
0.6273167366079732;0.09717127797249425;0.9630238881972346
0.16314988571662958;0.1078191868422459;0.541371561977798
0.37135075290401365;0.20120975984014888;0.42766504623651846
0.9868978194026262;0.6357196180357448;0.08417968416838961
0.16797962152413715;0.7142757985784691;0.1831594529740901
0.18128238742844405;0.898970638921836;0.7602261708494855
0.7257585175416968;0.29505519586589435;0.7959559039835051
0.3866682458576327;0.9040722298436062;0.030678449516537643
0.3921976415220322;0.3463752827196386;0.20941761966406858
0.7698415395933803;0.9072092200701016;0.7976252156838328
0.9400186207632524;0.06482443349385869;0.9427424906492398
0.5892783557468066;0.21574440825332075;0.3076442355121548
0.42984127320591914;0.4562860365806167;0.06618909299303832
0.3009660193088035;0.6010118398520534;0.08424988860707516
0.20261737230929633;0.28013282995139777;0.7278134839326361
0.7526520034456904;0.9357620773060323;0.6037954663297375
0.10223286337173176;0.372700545275098;0.9864666317821935
0.727037899260731;0.9301621931823282;0.5481698934178658
0.4600415282379451;0.7008915005234905;0.5641539438793477
0.4408846961933407;0.9613460042647127;0.3024254973328542
0.2204853134211021;0.7603475986368212;0.792301175225503
0.806340694157046;0.2591936345610515;0.3726869001418508
0.9126295275784486;0.9773701217001065;0.29848879861598476
0.7861281610592228;0.6587236860170255;0.0483937846850957
0.6193908138469143;0.9944706804358759;0.6442843093918977
0.6195841601072571;0.4205091131027312;0.08996201914013802
0.4264301307332983;0.7965803090533105;0.9218956431646
0.8340348303028753;0.6265493948195447;0.04719332016376476
0.6234274599717429;0.3597240231341141;0.00543436181207102
0.7453650931172735;0.25709530359239563;0.9438176105088251
0.24147038412245647;0.9550249553141482;0.1252794386722763
0.11214196672844712;0.7745388711763574;0.2753553524133403
0.09426997789074032;0.6130029719381168;0.547488135069409
0.40444216031905067;0.030242329496080966;0.14164670698534831
0.02417322692989121;0.8316787632349729;0.8787142995260139
0.7598276107227555;0.3169454355658844;0.3990258121389485
0.40278463165520384;0.16623427922237421;0.6515552654211829
0.45117192130820616;0.02593646593633092;0.9007055563881504
0.44506194665060006;0.0011442556968830342;0.22570368901243032
0.22848856270905005;0.26577928521178107;0.4691666364549172
0.9917885218484715;0.8866241727983881;0.8477264246475538
0.8703564338672749;0.4566550866737833;0.13351762684524893
0.46036766496129844;0.9765265233322313;0.5758499097894951
0.4734100275037608;0.7020299883196295;0.41384529226889755
0.5956828144449536;0.5438304256542376;0.9604913203649864
0.5942711899484852;0.29094968888045536;0.2221936606940874
0.9929161046451357;0.08828919489335141;0.19116003256372527
0.14845195956705037;0.08788565531606318;0.0444335154888974
0.7191258842927032;0.08910033008914608;0.4120161724945003
0.8619296941876202;0.46479040441292474;0.01924373561673065
0.01265429259450046;0.46631518866938093;0.08379070171360348
0.25865121170065375;0.45065051447587423;0.29015309998531
0.9132949299461472;0.15336504307823384;0.3223508113551248
0.875098301782773;0.7983824452173736;0.9573863044851102
0.9994473081072531;0.3965719988138735;0.2852188600489103
0.12020849708002601;0.030554190224778233;0.18221477193563118
0.9533145853503587;0.1701539564270499;0.49448195374695636
0.9143779544140732;0.17505500433252175;0.8530144671847394
0.18851947347825837;0.5708580353941297;0.9958177381054146
0.17296714350597697;0.22017342093594428;0.6332489675083334
0.06099321272944003;0.9552587451478023;0.3258099799893537
0.6230444346028335;0.16574335525965056;0.9178250696405619
0.5166531777657208;0.2999950447788967;0.7076114079230343
0.5072450240289849;0.3603141245459426;0.3469140140845407
0.9464424598376663;0.6086540322938458;0.5288666725533656
0.1783564156526406;0.4800115785668486;0.88005827620294
0.37735991743956454;0.2995060849636778;0.2508500219186962
0.3082157971677838;0.2364158107321901;0.30690573004872934
0.018843730303880202;0.32832082973688115;0.48985358047087735
0.8595486128916958;0.5405718331372582;0.27086213614294175
0.3226474476915536;0.7667542644252082;0.9436920222554507
0.7794952688695402;0.9369274925239262;0.49953533764473335
0.5606049929929146;0.541542676430292;0.9312332296304904
0.8156516107019535;0.7346999918510237;0.5405929367957907
0.11153573738469402;0.8057068042393584;0.32821073320392424
0.45879470918666687;0.2041850776672639;0.2309530796631345
0.0028143619661806785;0.08538127262083584;0.2535441844355789
0.3774881856578497;0.6873089050893499;0.9028256231560475
0.24410938939283566;0.011869637310377601;0.1404550363614785
0.19936940434674;0.4228465950496776;0.35454260297696394
0.6550027486134844;0.39652877279478993;0.7265323915646004
0.1774929161429487;0.9524071800082697;0.9607054126881642
0.23359906318095702;0.6530494391235776;0.9924208858056067
0.2868717750846027;0.9230247443385883;0.2531072328221683
0.3221782374660057;0.6058469548975782;0.4564450993369883
0.6545075932022307;0.13098370534543835;0.78451994781714
0.31283249908968436;0.1751926515149944;0.05810045638695893
0.6435677531874484;0.46602356192736794;0.22734421023293028
0.3814816329251842;0.5057284720389889;0.2736730131206302
0.3221918577420495;0.8180021323961972;0.016800458156851383
0.6866424962627002;0.8769385981505874;0.9205037928114654
0.46270438168429406;0.876467518536315;0.44847394825009623
0.7703873253199129;0.6692996115203882;0.7521248292369808
0.6296995146223657;0.1357933305327237;0.5514975162410889
0.07504541951024113;0.31387285829567324;0.6787986503457913
0.15492143639194256;0.8724607848162973;0.30688167391345367
0.9046003879752071;0.07158732762866016;0.7855025759671813
0.6131552825645681;0.13699643891179225;0.39314422558437556
0.6984791146633558;0.9309232500856766;0.013870006343246088
0.559557385757679;0.85893847230253;0.23605665308616586
0.741800936742999;0.2806039710054685;0.5793142616683377
0.4181062345108457;0.9394234632247167;0.4651711612157785
0.7380706203088238;0.733600128210486;0.7166728640261198
0.41913943404735554;0.21797376083147202;0.2716262163956259
0.4731602320501823;0.540456623235177;0.19209938747907906
0.7500472434430873;0.884771568330463;0.6973559932572917
0.1379389091268436;0.8640285690322544;0.35017001184255503
0.6957056050867779;0.8736024506235701;0.4151892391468479
0.4138401116280741;0.8601544111687445;0.3392035592358269
0.2404090701434476;0.014644509885392565;0.016096940362555823
0.9047082130152908;0.05242193194244693;0.9165633415209479
0.43173971682210954;0.5931072996880149;0.8364506398456462
0.06226404211715286;0.6791381214835489;0.9023845782359715
0.2796613443545407;0.6920142048533932;0.08872660172044744
0.6803125553756466;0.9487479377108514;0.7599504782208717
0.5814425712881552;0.08342408902872578;0.42857226908020574
0.23580242640303473;0.7327398435530631;0.8095268813691302
0.41478346475605754;0.8783133660676508;0.9181680201900754
0.5584193521352557;0.6198225575675421;0.9520354740533725
0.4801242407411016;0.42158750510522747;0.4748669516689067
0.3343089296262629;0.7080972822726825;0.9656892046954755
0.982086234752924;0.7236452681965224;0.43686495904961176
0.2195300661891083;0.24423698770264712;0.11441015369750629
0.3650915940565248;0.8853712437963259;0.3480706427576119
0.888389072410861;0.41761655244031215;0.6856466940718147
0.9106045335165293;0.7803830562950902;0.8355105854076409
0.7876486457701843;0.8329284014139823;0.7394353354077826
0.8668938169165745;0.9318056938922845;0.7786939484703934
0.44023896174305777;0.09302569777039071;0.12095827285003435
0.11296264761869979;0.47639970990966285;0.612474502401818
0.7425866873251047;0.8322712054890077;0.2567333036046341
0.8842962550094924;0.49600987193573176;0.4912715634243706
0.7307937684483571;0.3734471699545098;0.6982000337654616
0.312699519673012;0.3565500914261698;0.7270961599896066
0.21739719684877123;0.5662621040712013;0.6977636693362442
0.07464376727842881;0.4058244922503431;0.4798592142093545
0.9593346335253948;0.8676242657714678;0.5866739203890764
0.5338184536565226;0.6831647088178754;0.7429431644587039
0.8175861985889327;0.6625958499959318;0.315854345123016
0.15927720247390031;0.903758541164463;0.4584642178772549
0.3626533735350418;0.5750871696406216;0.8667390781592631
0.9754760276748317;0.9823237978119818;0.3491757506838066
0.6598537484751885;0.5531847845066018;0.07142124377955372
0.01971764354911465;0.670364399650352;0.46644022088199755
0.42402770821404534;0.14432139587923754;0.9022389052078081
0.7982147364553842;0.2821794831073704;0.2606245176450557
0.25911682681603165;0.7964545342455664;0.3534979735364715
0.3650869645550132;0.12351548496297804;0.9549298629003573
0.14098621471867612;0.39673917917137946;0.10383623748208481
0.04068756666032336;0.0776125717069216;0.1382742186559991
0.1786539035758421;0.7401589703182531;0.40484533887493246
0.2696509287329073;0.8233191291635531;0.757877848994618
0.9220678647361971;0.687938468583094;0.28030185700281807
0.18003985411303802;0.32522846105009906;0.49534759890336066
0.4922895981981864;0.08846717491393141;0.42826500458388117
0.963888107701043;0.026521535884420078;0.47958394263622073
0.11634756461834228;0.8019256995173952;0.9977713504449711
0.28215515834129734;0.3169808252419192;0.7896709240785958
0.6576603546387415;0.5457332344862249;0.1758565794657474
0.5446009837840389;0.04004084370396588;0.4279994731058101
0.8330617115816833;0.02107281487616397;0.691498441286717
0.4591782496924762;0.010085160163822215;0.5603740960582783
0.5096850542760468;0.07383069235177886;0.26995482614626176
0.6864137928242772;0.08129764881615964;0.6448452963043521
0.5958716951669725;0.06133079713053291;0.21313025432381305
0.4567243386557238;0.6152447413152655;0.6590051974269379
0.3898978351516488;0.517915621749029;0.20027140126197007
0.04881541021931435;0.8410244613393234;0.773518901388079
0.15948832991658268;0.1868336518847442;0.3629526118853439
0.5114688519552171;0.33771563134439975;0.24632769711309777
0.26141379562030975;0.7497526073062002;0.3303797822111044
0.028296651585610122;0.07177426328876724;0.9976122103009843
0.08063039079730427;0.8688630547054402;0.9080259715232227
0.24366977046318872;0.11528719943747923;0.5864458694288843
0.5650399010644721;0.598463417116315;0.6423147539468786
0.04970559648239936;0.40451468066306406;0.96344140305204
0.9781948161724392;0.12459596819946972;0.9184867147566388
0.34693342491839496;0.2372583102723228;0.7362160073792076
0.16575374332120008;0.05391230145576609;0.34247704230245934
0.5085008970815817;0.5951588179972168;0.20805483736061814
0.8816886617445352;0.42014298948504547;0.915925978338384
0.10251875408394817;0.8855197877263601;0.9375266324221052
0.18824502867613946;0.08992205475981752;0.0673200138955552
0.6455544420366897;0.3410424719491473;0.7936869347759269
0.13422649050247915;0.09866189995669372;0.30765860237408205
0.7248993617185072;0.8931887062319386;0.2089876866808258
0.7417338888676921;0.6765285937222508;0.9751934120548746
0.9078276827735581;0.8275937621469812;0.13115407964537518
0.01846491118235094;0.7206643142758784;0.4115665861128527
0.5768200029767369;0.11146765743085285;0.5131613937674459
0.12277170217789724;0.0025584562616752793;0.8990576989988777
0.686441548647552;0.8704287493987449;0.7459937787597646
0.19908669108369959;0.5097232780028972;0.8822635774881561
0.22176517515019478;0.7409784465207715;0.6687934888435638
0.4968972051552367;0.9111890639944892;0.9337601221347336
0.979115923296111;0.44694530627449547;0.2976422758431253
0.44627123644492217;0.24562437271272886;0.5244246117915723
0.1230918089939157;0.8891287256876187;0.7177787838709286
0.7476758263460201;0.6916152876941648;0.85406281021407
0.8220312935853545;0.37809256303264605;0.2223417134505522
0.14210908018917556;0.7312630852677967;0.2813239840764584
0.39614481151852043;0.5951791591544262;0.7063066526176366
0.5797003881779675;0.11397209431017685;0.7111455357625763
0.4424254790091994;0.5311422690504521;0.609970865173708
0.29214792375446585;0.8697039268158052;0.5460386235682263
0.21994666748460967;0.483754383309808;0.7189462743014666
0.037577610309135534;0.4049027140969921;0.5599642662775866
0.3562479575580656;0.32523494842245815;0.5548654078634312
0.8991636795061485;0.9168406500756026;0.9313575269930863
0.8571533453684457;0.5219305000924097;0.09193357298373261
0.23821225606530494;0.391400987462877;0.8154631736953615
0.8183038233394598;0.9910366256502559;0.11651922586918773
0.5799935262081224;0.19434473106771366;0.7516358180170766
0.5501601896698479;0.3665080495526686;0.17205792497778438
0.24945016654736551;0.8633019924583;0.7569882166403618
0.7368150343415848;0.06881741060802393;0.4370781765935968
0.5973391054839587;0.6189779769351132;0.5976424857825198
0.7621825492391415;0.5616670637640812;0.3169024399616701
0.3514084999585233;0.5454589797316722;0.8215326144907963
0.19424431978975687;0.5733967458813862;0.950758482137916
0.12496808264136428;0.35658175577641515;0.41334456923025864
0.4433644122452006;0.09314823742964129;0.8460150766465513
0.7177705764614524;0.7807430029711283;0.3660841798053449
0.32261632010428176;0.3707687682879227;0.42684619652414146
0.6016999692206887;0.6396318740963409;0.4650425840609722
0.15860323117334174;0.5268706112734097;0.2644235079400057
0.6042163106452537;0.3626804816207738;0.8102916581573932
0.00824490512978071;0.2455986298967774;0.0065908365328464225
0.7326572086118915;0.38096256879412616;0.7908855220105407
0.3234028317118781;0.42097566596755687;0.7250414439904802
0.2109066521859908;0.11486631408085657;0.18747828479429218
0.981191734214773;0.4719144787092502;0.25627383225428857
0.2216417618382539;0.12246207239112039;0.4542204333189962
0.8436397417719205;0.3891046842700442;0.9613231976566999
0.6426178235049259;0.026511935473653714;0.8711501171352362
0.7165389124362618;0.9985277313469814;0.4753697498011872
0.1989239255297761;0.19739423347941154;0.9687428059620091
0.21434512409408413;0.9709456318415208;0.33161549931513923
0.8624052189631125;0.9172590153370973;0.1751352339433031
0.4648880725250679;0.4116287955746325;0.025714350072782
0.8729130196761846;0.4111271988271499;0.8915502978314508
0.34377937098885836;0.9853878282675497;0.8024047489132414
0.9632663961348562;0.6637811571980624;0.9691276858124319
0.9895547976599642;0.03146061299116576;0.21170049556304082
0.3469088214642999;0.7460879573536461;0.4327908943624481
0.534795338355557;0.1029429202869353;0.591149214711351
0.17395810148290713;0.07825792120783337;0.5758783341340681
0.5361960160482381;0.25160496119407116;0.08734582260300061
0.05794251837869091;0.12155484872960165;0.621187574976566
0.007869107563026279;0.46715146466222124;0.4379342511609774
0.6789182056005673;0.06232746154876356;0.568790131694053
0.3861969663847582;0.019840561417182045;0.3246528299631103
0.2668539720424902;0.4390601720166971;0.10869887079021978
0.004510359261619912;0.43021225109311545;0.7696235539759971
0.8096622271686271;0.48936037728879445;0.9442893817404903
0.9660551878883815;0.782509709229486;0.26124981978267414
0.14820003792586256;0.958002581619853;0.26915650706071326
0.27355508130132433;0.8642272807950852;0.402142871316857
0.09171284786708844;0.27811284041310913;0.35641152350316374
0.5721055676968342;0.6977211297221594;0.18304245079341896
0.5589978063801723;0.7634577718154796;0.8200918054816897
0.3228614239916462;0.7881279387065295;0.37057590257727147
0.11770169969830346;0.3143573762242423;0.47182761131903084
0.06725107331447178;0.8960169458311791;0.2555008031680782
0.4480180925372571;0.8148166910761439;0.7185490284619441
0.731228075278274;0.6898434980712846;0.3263867853673632
0.9173086358254259;0.7349932815999392;0.9913379369202594
0.16416209539185056;0.7423145721914257;0.11884834577023129
0.7091576942113824;0.18526361327976215;0.44703119467329655
0.9220476252548905;0.22625875132125894;0.6083653265585937
0.1797693485585904;0.22006684112517472;0.6434132495963901
0.8755043607907448;0.08854806272756421;0.19888409922631245
0.49318818355744476;0.7253614260030118;0.4929937632077265
0.45757348608226545;0.6449867333053312;0.42721499762469284
0.4695598915929442;0.4486171580628233;0.5642965439895444
0.08540401301263278;0.7243357691247732;0.06611235186931486
0.6214511645068375;0.5012112604991842;0.7967645206039019
0.5636146074748998;0.5538112541536974;0.901602171077228
0.3403257895651187;0.27186785392993784;0.8213026407633897
0.21361623234928429;0.6613912646780854;0.8825796829421875
0.04252582860609799;0.9320893046250515;0.6862359096428843
0.2738269225409822;0.6434334423471598;0.20507928982800483
0.25007414630950053;0.6299618699366617;0.7950592395284667
0.216270868861976;0.13725981360318662;0.3775431909966783
0.958102534237556;0.48061904924642485;0.7288040085856161
0.21045105592683566;0.7300945387137938;0.5710659795223274
0.6607219228117932;0.35806496033638857;0.27740134179447595
0.4520117981882473;0.9015201918203497;0.3883251449691397
0.9437693244737768;0.38719945782214227;0.8343092285070032
0.5460190743235345;0.8307639183519318;0.6361172363572536
0.6344877933954699;0.5042224162945406;0.974918225294063
0.3084800215265693;0.3584043142914807;0.949098652923705
0.1969851925467907;0.8713366478171494;0.5108535703131154
0.45579263906977074;0.9152929575330226;0.2667856107510108
0.36124155293382954;0.7545559564359742;0.6885129908262635
0.38902417493021335;0.7452232899551111;0.2670864531072751
0.4126887063771857;0.1930346829025268;0.3465389058449586
0.00318784601810429;0.5344680495344536;0.11211189840751912
0.9343388294963374;0.4069474665225332;0.7210072488255602
0.36316503980833825;0.3690836192510528;0.668030346026857
0.8084249031450242;0.6199719532836884;0.6232716888131217
0.25709664793322273;0.05226516067484677;0.11964109089513164
0.39408883752722335;0.3819209621630206;0.16284800693386292
0.9788598216084506;0.8302073543387206;0.6401907221404131
0.301654706685471;0.4561687731815618;0.5128754231999904
0.3965913966756133;0.7398764515000403;0.059891930863327225
0.6456105722210697;0.5308398170144472;0.4470688208943411
0.14647576077461966;0.02411548865654012;0.1144012910587473
0.08759381880061756;0.09987481062440628;0.55220548729711
0.43759668394570217;0.9998747682181303;0.25574474819912685
0.48149745749050255;0.6471568131997949;0.20834022681683828
0.997707965836562;0.33268800025410716;0.025809011435073193
0.1930158746943097;0.8259171684399395;0.04269929798894678
0.7445596829228145;0.9579979614705897;0.6786798528526945
0.8901760902820587;0.6014653150755915;0.041615281109868785
0.4719051522420413;0.5675756696574602;0.4661495784031505
0.0738660483687189;0.6381752876878167;0.6455422292086147
0.46224858577704897;0.8034215928756894;0.7304090860585633
0.7758167195450503;0.7275733493326192;0.9553257167142611
0.8112499941582648;0.019411495929305467;0.38719021525743025
0.2369235006370518;0.5871221422336079;0.8333610925596976
0.7497517378454894;0.7752721446508786;0.223907183186848
0.6735248158057874;0.44504002485200933;0.3571067295890584
0.11303948483590065;0.11061443217633482;0.6888662687313727
0.696104141018413;0.737394713464027;0.5470217691059862
0.353353882062714;0.5365420499900905;0.47126892549431987
0.2351851709235565;0.33501711139666235;0.19746112939585259
0.11374440872569436;0.5167836405955498;0.7407596280843923
0.9772023213480394;0.2384137233312592;0.5925367733528237
0.5661336767422626;0.2307035340884659;0.8273470665185672
0.8035400244317633;0.8987470331941954;0.3488796044024566
0.3049254752661996;0.5865692452095561;0.947929462767293
0.14265726140075896;0.5179389763370136;0.929326991881935
0.23474268652987884;0.11678377777512439;0.14253139953499783
0.8270327410668585;0.5295956104140096;0.439331399357363
0.7468294864351082;0.22846785437715145;0.06279707337596663
0.5429883082959054;0.5052452521229731;0.06251705984489442
0.6083724000430014;0.3533288229883884;0.8720475506080395
0.351165772696018;0.005289856159306883;0.9846876376859914
0.8584438679679453;0.05293870820537727;0.12960932567998806
0.9560138341582621;0.4130310277400091;0.1213485177517385
0.4447952131245868;0.21022993914339927;0.07056949129834844
0.9331242384543111;0.35738500473826873;0.884522797827716
0.679197054602854;0.20578779331066765;0.12877663477021473
0.953955054688381;0.886052180998187;0.84586454041671
0.7322888294894296;0.5287511306619809;0.04804230041740598
0.9097563727840186;0.6975531222741583;0.09303144712937816
0.5872309171207133;0.204879235154528;0.6866576428944894
0.6057845692971262;0.7205781659587003;0.7817879425177553
0.6185790855895849;0.4396075636744804;0.7241848600451076
0.9337885718780047;0.028167547915327162;0.05974328448431676
0.785995846080618;0.19812133812993216;0.4766213472149097
0.33866277629539343;0.13329565542641353;0.4892507051534164
0.5739768407995691;0.9207342836726818;0.08876490113938929
0.6197183927565708;0.8315624205408213;0.7155059235337212
0.04828531004730097;0.934333436195526;0.22687643188625695
0.7824559067134387;0.8929742141888217;0.9592520719990616
0.5213404717035257;0.9234063422965687;0.7397913040617349
0.6394753491255591;0.5350288698689045;0.9809689228815855
0.558495725023097;0.11059876989524653;0.534721432967943
0.1209360648452289;0.5326703933090238;0.10030413475382516
0.664645431943226;0.437378635224946;0.17900174657488777
0.5652146404224664;0.9647074773853397;0.7578620366967154
0.26862954458238;0.10112185061388057;0.5834874693169616
0.0013096784567991904;0.4944579386744563;0.35423288584054924
0.549668038603203;0.6812764167279314;0.5199358867719983
0.7768323702827006;0.32999630463369545;0.2780366725232646
0.36727021209845434;0.6747847653321843;0.16498877480634144
0.1759124704704157;0.8652422821535236;0.3101064189927615
0.9644973756538762;0.2927265449886991;0.18394014952289217
0.917262336929271;0.528516422089765;0.5370310105043474
0.24143046757384667;0.11224609681275555;0.005824228669918274
0.029913092559600396;0.8371714064026432;0.8001096344520594
0.3889143670434422;0.764939465860434;0.2319868735561167
0.32844894560890037;0.7852485181282842;0.2844576098958246
0.5827432207486579;0.48305358487104577;0.4775819289029025
0.8570898741618863;0.2562383582383859;0.955006919275905
0.5072010614421198;0.5010513628135949;0.15434427189965483
0.06618851449345331;0.8829869971250351;0.8169403686296814
0.36268833680535395;0.3928464528146579;0.6500284953373229
0.4645085098518992;0.41659753841764247;0.0028932431086664545
0.25234207050299895;0.3901572158471892;0.6653654758118194
0.3418008995062233;0.7253623388982923;0.7862729570625298
0.46717813685329224;0.24355625436665473;0.2694235439057644
0.5230396048379573;0.9331511482784859;0.866666054900968
0.49775401646229234;0.9453643698494734;0.7530699478701751
0.6659244855842825;0.6729292807776767;0.25904756564615294
0.15528910910121974;0.744885971469807;0.916157329866785
0.34063167663527594;0.2904366283922727;0.9664276647666041
0.2549504151829911;0.4652436404110014;0.47921053654054535
0.22303406730966013;0.27724716482554945;0.9634725654732451
0.7933848357821176;0.26206997896587225;0.5027227156450753
0.11233485223973827;0.3099833441055506;0.4823364591670457
0.19697882598038574;0.21086453890032164;0.4876176967690182
0.8364573966803518;0.8370547086950563;0.17703079415262268
0.16074591522286485;0.8509957987758655;0.9037125378625934
0.3797855363952265;0.38739795460056226;0.2702946239054539
0.2170580521367439;0.034970036486867584;0.2427690746314406
0.05353978567808082;0.4837367806280555;0.9680817114261336
0.0993984637547074;0.8305667821789661;0.5384274424906453
0.2359474660507327;0.7745300976581949;0.4732786143463442
0.129726587824189;0.3351943856075619;0.9191674617108916
0.705062739815226;0.559322704477243;0.18216407676781
0.7709347512228372;0.8354436563664522;0.1831038591915466
0.5273675745135615;0.3521759288070172;0.3259080864103594
0.24895272109732314;0.8876509347065218;0.8047097839400831
0.7961944694120986;0.9847474566676085;0.35614344092820804
0.4574569047023931;0.7155969424339428;0.6385698369515816
0.6737822261824249;0.98301226015397;0.23499986096296632
0.046098792314262504;0.7794553297290978;0.35961170820465416
0.831826133690242;0.4582443037025461;0.6007975638343157
0.498843179717645;0.9157652683078183;0.3521215035912322
0.15230607820786024;0.4769267550761892;0.8327980731889298
0.21089976219660078;0.7166738977105047;0.6462643954305709
0.7446005401863962;0.03207013124746527;0.31385557515394913
0.6178348235278249;0.22542769558328823;0.06798705506747782
0.20484502827274376;0.6691566887307642;0.1666260637311805
0.25660974535919356;0.7300836855967848;0.29131773175235076
0.46520572500701696;0.20111663136561053;0.18191501067998483
0.7496646718967067;0.5337966384676223;0.4752138561411813
0.3760682931681445;0.74857107872922;0.9668395614264156
0.9292057619677386;0.31254557310382935;0.37484441269096724
0.79310266052748;0.528147148150207;0.4735964342360851
0.32029537915595985;0.35001977874878176;0.43337421493412287
0.02749116614355729;0.10458654769645392;0.5787871028660896
0.6833858954464287;0.8299990023663092;0.8435314869529154
0.5519539625026739;0.810075061949687;0.16669854179070187
0.2857760004689087;0.5776452887794652;0.3133992844502149
0.9312776173947216;0.849252438809064;0.5472549035769372
0.969169954062855;0.4341892760885374;0.4198654280655678
0.9086910589130011;0.3597791035997455;0.6668228271670772
0.4159162643846396;0.25668911311707;0.014158722912841593
0.4901765545582861;0.5507594842619924;0.8297244707691203
0.5236888219725335;0.552740313157664;0.667202859044127
0.4271952351792191;0.9860664684709894;0.03156272178324182
0.16713763605343301;0.9603752105144238;0.9676375334337632
0.37124271781769325;0.5272051370279586;0.6911624595988451
0.38862610465223535;0.7812118254393682;0.2745344265552787
0.2960516516877122;0.7418452942583477;0.0785589462680133
0.1801270603779307;0.49086846949069485;0.06691657962286768
0.9065829823019657;0.2041798503909391;0.4425319067573208
0.9695456237913268;0.8316004073716413;0.37797066151500935
0.19180514165575158;0.49845985325310904;0.883359141365294
0.49040522564350997;0.6445074110938737;0.9861468941861264
0.16434426969893423;0.29431172208945544;0.13895005383202186
0.9002938697725046;0.08373689566526676;0.42235174883719206
0.7615738644244493;0.39740072915368996;0.0635618471756283
0.6811559029200972;0.021353340193943304;0.10965218300211377
0.13791347313853153;0.683719838180224;0.7026821762869123
0.8955281993341131;0.32398077598870056;0.7880663573139551
0.17265763700765724;0.6768867411126991;0.22039139252581164
0.5973462750975406;0.7711278513809234;0.4181075560697278
0.33176031197283284;0.45775078282488346;0.5730660905790695
0.1490406012518255;0.5021796965712343;0.6383050117834334
0.6156091776970481;0.41782913295329505;0.2846138728610086
0.06579772010525364;0.07531298064822978;0.20221351069547944
0.08531175389321888;0.6040554391746948;0.9941813342276835
0.8797071773432054;0.3231252053224316;0.31061531918609875
0.4867212937560609;0.4465921824515302;0.4557882648107936
0.014796780838554957;0.5917262804071459;0.2997887975609542
0.44008806599921624;0.6127384564714079;0.753701437864232
0.19964391596376752;0.9465062902266403;0.5478225254725158
0.17815512181982796;0.1914179537725974;0.9869181443969341
0.6586799514202422;0.48930644297348513;0.44503353992998584
0.6884049183958698;0.09458372507061485;0.4580732227152525
0.7266377039211023;0.2114623233397639;0.20703994886902033
0.7626840547695559;0.6834566436706299;0.6905350856388724
0.49585686733453505;0.4339097336500283;0.6593186648093581
0.9320963811446553;0.6718207029236825;0.8898814798142035
0.34921818954975936;0.4344304710413309;0.7924227428052649
0.6286483739166623;0.6148710418370291;0.658836704063799
0.9815027305749104;0.6831069539187451;0.7754630399388202
0.28409831699931964;0.6426551883070675;0.34003821535559753
0.9084249673503337;0.31292786931708405;0.60502028170286
0.14781685404978484;0.927996407276282;0.5948772767082914
0.6187406648152067;0.9158028744433355;0.6595907145203462
0.9958322040461123;0.2565229230103926;0.9309722253710633
0.7340073935738374;0.09734731807377583;0.19924978880274358
0.15535590486446604;0.8750053767970682;0.4819228818364679
0.893042321312296;0.6008201378832002;0.18511640343599145
0.9468132092555743;0.6932250344189352;0.7133728754124203
0.9601048139261109;0.8552905001653884;0.43841967429907325
0.31915226171373345;0.05587839470626521;0.3634601879872762
0.08890799230551794;0.6283712477188256;0.9197032197784417
0.5697626159581018;0.46801828772806353;0.2747365722003706
0.7890176686292685;0.7677560685488494;0.3521665495964653
0.23038819660520637;0.631689336640174;0.9234809554177932
0.9958670780387789;0.039833289571147845;0.5844583005955548
0.9686462104567244;0.5886197574235136;0.8788505826959699
0.2465790268695196;0.4188947079884259;0.9875800585673451
0.46416406631472484;0.5725542831772752;0.7431187817065197
0.7431955455222174;0.4156569134744228;0.62287555912321
0.46062123616752404;0.45654537114884797;0.05167734275561697
0.6132626010568928;0.1689306642062206;0.7627157177656149
0.8009802541560775;0.46734620153935214;0.8971260569644495
0.9015922117599603;0.5540727389519793;0.7408411120563135
0.6643133010563519;0.997940460140779;0.784183663463854
0.960959171670677;0.29271563654704;0.22699883703509904
0.19177559848845516;0.5475789454806778;0.0332346930258115
0.7143822046595675;0.2069022721655629;0.9408668515986953
0.41603915221756105;0.7865745228699023;0.3925160918617374
0.7726736495508613;0.38718208848361313;0.28063095277840366
0.9402869889130996;0.5215939998931225;0.15192842444870847
0.28439087042968314;0.870607595535166;0.672338385971438
0.7318517952953378;0.22344582797905976;0.4870807404197768
0.10618851355714753;0.33941770541252914;0.5115249182236214
0.43128616208746506;0.22224273038295994;0.5767001581442797
0.5996108850900278;0.9178658834514093;0.07131650770610898
0.7037401228139544;0.3244260105575295;0.5832885577186135
0.4161613370313001;0.8163447844437106;0.252811374966859
0.1609010661839574;0.7965355962069495;0.340890916316934
0.26840977297215896;0.14175058440502997;0.8712526640196064
0.5315041212038512;0.5115379958654815;0.5254539861847521
0.44257937434357053;0.9404414460003504;0.8317773639606433
0.09626656143995149;0.41540089273384173;0.5921472183315206
0.9661846912417041;0.742580539830167;0.9099609231521516
0.6801387464611441;0.5167601891757084;0.8546058450414094
0.18461348968581281;0.8252618078913512;0.22005782540806063
0.04543695070602727;0.5343610086638092;0.7584834781289366
0.7685421657104314;0.989110041912784;0.9956554667437201
0.6765394823577445;0.38027565514275574;0.08511867999964817
0.4269227790531437;0.815378536349663;0.6586631500310237
0.3110720636065446;0.860780903538642;0.6674743794981524
0.1420098683234483;0.726240930284661;0.8355539122923674
0.8238924346943574;0.20065464788013743;0.1197288789591221
0.7247015752943662;0.3581433870166374;0.18907478641773245
0.30217766345924146;0.9822384108811362;0.4693036559513629
0.9725828973609281;0.5608989648929574;0.3274305619277639
0.7622678835785498;0.3427323084536048;0.07890638518115489
0.3456417378132175;0.86378882192891;0.7683567315209894
0.400193000049601;0.4469896160702005;0.24466010356970247
0.084529302123864;0.5204090281168375;0.5182287718545036
0.4270466657870955;0.8624734346951315;0.43718429187990904
0.42533753687780507;0.9621472261964301;0.6216958708218631
0.2424161165065234;0.667538052082694;0.6220519265501001
0.5357702679188647;0.7233246323134023;0.951070053358305
0.0019448609394761007;0.6253859725760665;0.5967669998575003
0.4809806214770729;0.41390130455539054;0.767250994081194
0.11392771182102124;0.8741971987648386;0.8738417769558185
0.67534366387378;0.6686537007723358;0.997867586917821
0.9425647464792042;0.4932066994135018;0.667407429132664
0.24701365859111335;0.4505942992905979;0.6473172287514076
0.46732402982264676;0.604112897269606;0.20068295307510164
0.9786933675589454;0.9383091917864763;0.8820437149159819
0.515274920013731;0.38677952223210466;0.5439986917055075
0.2879103302702004;0.09192211983791909;0.7072113779342618
0.9136358892236993;0.05692214856415223;0.7882407454484742
0.5751420736290479;0.21190292807498523;0.007213064370095723
0.1064864809223689;0.8562233339378228;0.49996510161727115
0.3012305738592481;0.012520243797020214;0.2890453002892541
0.274054148198155;0.3989417718968319;0.4096302244260165
0.45196212350944565;0.021830165896508102;0.7042825663862966
0.7413070329627772;0.9691852816552775;0.2904866608696566
0.3028888524148061;0.3863893406679697;0.14732143280338728
0.5508828675795829;0.748943905701911;0.3564756929651398
0.8336178109353176;0.16041489464486158;0.4705550340618897
0.7804200308135483;0.06666451129077022;0.5482095959376568
0.7606901953218607;0.9414856128861456;0.04052159167922065
0.710885653622004;0.17437598319198921;0.9700140197677544
0.9261729054213067;0.2787206966000474;0.037199308611185256
0.2435301897595019;0.6782174517996623;0.29536008346113984
0.5110658203862338;0.4491668671763993;0.7057708898725151
0.5287994418925707;0.17471734452800758;0.08906742100973453
0.6720841011775706;0.0876354818042624;0.1833019135609959
0.6720876452615355;0.004898274383619894;0.9514087312831667
0.1866899356700732;0.703089618094164;0.04340769258730581
0.4636790165130956;0.12736234504439548;0.7713917645777197
0.5981803214883633;0.11598663168210022;0.6324501921836151
0.6146905441699991;0.06415243622950251;0.9007472358517267
0.43986586541810757;0.5607623379245483;0.04053995071443239
0.6827307908159299;0.6954929924012183;0.591382951172249
0.9886952032060491;0.7118537396224234;0.860275690890994
0.8600077591447015;0.3754177612873756;0.7619236095532597
0.1733156172070609;0.06182004039156974;0.13716700304102225
0.6511997104598964;0.4432116656113214;0.6421471090745693
0.20432528999968946;0.979362953216127;0.6170889238531878
0.5273523256809524;0.01152375645493664;0.06632378952537799
0.09377297238653759;0.2336862234552347;0.30223386620374537
0.4934674865951588;0.6880236340142463;0.3578768377176784
0.168965606833267;0.9645140950119956;0.07591698478042708
0.7884974061082122;0.5650979177332166;0.3301587686968931
0.47299270060565846;0.04520775333384397;0.38169932805813467
0.9186686318238312;0.8209779606775116;0.7965198143071532
0.5881585832608996;0.6768615904903665;0.8776098750998641
0.14221161632848178;0.5985322758912842;0.7634622378013901
0.8968219725328334;0.43063964799944277;0.8379343046082757
0.2609088978597034;0.32332514201825713;0.668081456805864
0.5499168882207636;0.6136312149098567;0.46613804847965246
0.32738556486889214;0.07591508683781456;0.7617654742323406
0.49583246134355996;0.7221992146687702;0.23785273185216704
0.022342590382955052;0.7233296605183833;0.7356878999518789
0.33376327892082347;0.5462233773113606;0.16245344685608853
0.6851695869047006;0.31023730435072083;0.8616564951104513
0.34375580469880795;0.9813816118814335;0.1691910857832376
0.6005514300036712;0.20131605580255274;0.7519824593682628
0.9962102818605424;0.07687662682453644;0.13533631974030835
0.30683734730807233;0.5702595908106439;0.08477538014312391
0.47631936741909575;0.46664314688681585;0.876144253275229
0.904537395158972;0.31113279930033355;0.20688411791031047
0.16814883205072328;0.6181353625962257;0.45222652240934236
0.4316418349423622;0.9340737393081265;0.8071264943091734
0.25108863958046634;0.01889215256339427;0.10915051703193179
0.5133779970148752;0.6305139826399693;0.18827805403356035
0.7013358630499821;0.9070955017771776;0.06930783777663385
0.2749855958303784;0.9762400839081129;0.7208715526878837
0.32611274220598263;0.48826950930260016;0.9924165800799046
0.5056700494604917;0.8888766150506889;0.3219778478042573
0.9204105490032622;0.8779595033975598;0.025203007740705385
0.7572080844350942;0.26430869270107793;0.6023214156695356
0.654298611035837;0.8525280543828656;0.6461973637132206
0.8501889428464391;0.1345768495232572;0.5199434612155858
0.14775610070737166;0.4750841014951832;0.4397316461597266
0.6162873612395102;0.5939111878108926;0.2642376105920572
0.6852048490360692;0.44727239075926295;0.44461119769440227
0.8947519527837686;0.06789362835542834;0.09702062581667104
0.01144802544271295;0.414622653660482;0.9245151461209445
0.1510383497197778;0.1797065601114366;0.8645396766069591
0.28972480694115;0.7763662868978458;0.04198324504417372
0.09520791849085786;0.7107573855670146;0.1794630648846337
0.22555211735937175;0.40495357955380873;0.7485688577600368
0.5750989364533327;0.6390228265738832;0.29984343652691847
0.8127891954204133;0.7237575990379256;0.42955269558473097
0.6330141080896323;0.9308376012017113;0.6743739909353866
0.7047388461506826;0.24435865669236456;0.15766258635710428
0.14335130659965634;0.24083172905774575;0.25359971564171524
0.7922439840332326;0.24010789322147208;0.009743133805665605
0.5257451212702504;0.6745043423824736;0.4029628650080419
0.5013531760145515;0.04986374440748087;0.7700774852284961
0.823982888112273;0.30770743015072244;0.22048200432815745
0.9576741435018681;0.026305222688514096;0.917988619275519
0.6328999617236253;0.3345843725903035;0.35150007083489
0.7173407464094211;0.2649335970722235;0.6279852440506466
0.8363888520359661;0.09904884144256221;0.8645905860986911
0.26379755127876603;0.5820598393430196;0.3256739875223351
0.8338778213008046;0.2941825161251519;0.3389852745474906
0.10608055422695817;0.24318391660881122;0.42650133524329636
0.9929707088894252;0.9296360300190686;0.2879966553073532
0.35829308344696986;0.7432973464397425;0.27153703618984115
0.8145366489971675;0.7571196039696853;0.646182378882709
0.40284018212236383;0.7374002671519185;0.4595343891946292
0.08177487466574562;0.015213144508611554;0.8052036271973321
0.8363410407450195;0.621159396921513;0.20805757453815954
0.32725798863619204;0.45245839761427054;0.09290711209119962
0.06587010935628035;0.1899358646049193;0.9509268757749088
0.7386340054049509;0.9527911215134924;0.18301427230208112
0.3737711802869277;0.7104084839947571;0.6046060582160228
0.07217819572369855;0.88203218571381;0.18976563446117034
0.8651454828030368;0.5162284558932366;0.1141265783324229
0.5012135551817066;0.6637199236252885;0.6817490333815975
0.6460062047909673;0.2764983113206677;0.9650739996516066
0.42802566525490493;0.16511661639657316;0.4383758132703137
0.5095344124199431;0.29886147939465113;0.6960582045968423
0.7413027563132194;0.04718202044875508;0.21011318003677149
0.9148956532180635;0.6608672918788469;0.9706110739127126
0.8043637228832993;0.9386530975228408;0.8228628486156945
0.4547389283183645;0.367120622412613;0.6287864977923342
0.550331815302653;0.08569991627034745;0.38894692076552717
0.884347274126798;0.25382084030009644;0.04914064249586503
0.9408851252069845;0.5055358781131621;0.7128553776006533
0.028111766475142796;0.8787616770877814;0.9029515538404439
0.9457269578506283;0.39836878457297;0.245382281125343
0.7463450182133915;0.7280374393940356;0.6989158947757667
0.4656494846992476;0.011162513025913978;0.6213304273934614
0.3277189866776775;0.41105714220323386;0.5423516962939177
0.7460560465091016;0.17685807555385813;0.2908430486899547
0.23733055412694282;0.11231945456765813;0.9463520132764538
0.5575274471689631;0.6798590293323046;0.6011676582443518
0.01710456298739016;0.7808471232876721;0.5054622848137351
0.44916841101263416;0.8524620927289952;0.49930374895576657
0.773830830147578;0.9134776399688358;0.8373316418455516
0.061650267404561476;0.40476421750106073;0.38195499273788147
0.5343936215134699;0.2936828632937344;0.14552669965648934
0.15466074901406213;0.8519552101736942;0.32470194205981007
0.6640066517247543;0.05626954546312635;0.42866741398042774
0.005468951369295039;0.5593916679991393;0.43257937150338266
0.7301711432613325;0.27676109516640957;0.45461260860985353
0.09522351095754433;0.35462504868809885;0.1998146685770359
0.9678501825782776;0.84418057151236;0.9540388414392192
0.2318723308965841;0.22644964100034493;0.34178475490263405
0.9408786574243868;0.5813590843852293;0.8573669239831809
0.9058093795650736;0.19656076929762778;0.31449372108050233
0.18343211178399366;0.006805907854430804;0.5742434535865915
0.14640103718526987;0.8558830221388257;0.5828624598932213
0.4397637905879571;0.381840845720651;0.9095552241470369
0.5153593535189511;0.4263620037151785;0.8727721664273556
0.6520726985541817;0.6960851634622711;0.33754108314390996
0.1043734230771115;0.24052241929424067;0.5118713352234558
0.952871431240839;0.638879563742593;0.11079603204427435
0.004499902404974332;0.8997232680632509;0.27979998978433007
0.8612564959178681;0.9679930327212292;0.9109535727566763
0.2686100541881272;0.9340248402078573;0.12136394011160334
0.5472523125805595;0.6116775800512657;0.2174390396260215
0.7148447463034281;0.5703224454762041;0.85371100147367
0.6607833141206041;0.8685365076397918;0.11349856580432005
0.04615107747881131;0.11834754129239344;0.5406336012398749
0.777848721410625;0.20196977796433335;0.145530837853457
0.7161308784431755;0.710681596147509;0.5718424757194518
0.05903579322055863;0.02227632466978502;0.1879474198923956
0.05177395343183577;0.14850442996798707;0.06883151188360082
0.2798743874270794;0.062312099987312575;0.94780910542293
0.6743062169857972;0.27606298183832634;0.14994433465418322
0.21980998845180277;0.8018147690843975;0.9665969593907334
0.6543135723297848;0.3614467212879042;0.6116802602650959
0.8097767691767347;0.41850464971780277;0.18763299666174849
0.5619404942279702;0.25741666297391474;0.3018165497446249
0.06523060446994877;0.0932701969726436;0.8536642843368358
0.9891313734632596;0.6565951522228888;0.015432848263822074
0.815024647289922;0.05000901444729089;0.9222869838044645
0.3475643023099525;0.7451926822802601;0.114667249289788
0.6444447493499373;0.14840499715463984;0.2890100667131419
0.5036729778369179;0.8397968798808104;0.9150583267172
0.4608055854693469;0.7957121975811701;0.3717273388359742
0.6389510480729246;0.365771036419851;0.9075834860924779
0.6714153833234188;0.3263766836383284;0.9825595051356552
0.5302871100247326;0.6362464496940771;0.14503621163451574
0.08018437606237538;0.6175473387504657;0.08788513787717511
0.23240162770045558;0.8343508354521463;0.7888305149466043
0.7969880433845905;0.22395124452400628;0.8430426359631624
0.2592191287905887;0.8335538646576708;0.477054188210576
0.8306380833621738;0.6126783563384577;0.9054320586226746
0.541474299799408;0.05012145115098643;0.3828204243290415
0.6668721809154213;0.4060871258487333;0.28063951154161215
0.5071673202939604;0.8029554377780824;0.9230806066379
0.12693960619517497;0.29310585820465185;0.21806524929677162
0.25434096435956466;0.9922301495260848;0.4441702834362241
0.44497434552103166;0.4962631569279915;0.2730555866688431
0.7527546545419588;0.8410826089553569;0.7853444119053017
0.30023858927910796;0.7440269647482097;0.6233771890497307
0.2772696601739474;0.7210968441685326;0.8677515717682718
0.6140043943207887;0.7629922099050993;0.7792816566053044
0.07535507618258275;0.2213130794420567;0.07790701517804188
0.4623167896901208;0.5771257987929976;0.8401446700814881
0.019111199347721763;0.07324106792518192;0.2916943158058891
0.7780773199117376;0.3815982583893739;0.05920543603393891
0.5440666365659854;0.770639553004428;0.6590378024839769
0.2762825907645188;0.5826007441972494;0.17921423471220987
0.5968682048043937;0.27349872708258116;0.051539676433222215
0.5063168741471042;0.033668977414987755;0.6127383502446876
0.1087334073129489;0.08889271316057146;0.23914514764093242
0.27640441794992077;0.8519321644110219;0.06871066031440043
0.48897979482352005;0.8963517714662232;0.8868772347611916
0.5723536194960623;0.5618156411714887;0.3186347733967232
0.1243322449210863;0.4118439391299886;0.7525947501282013
0.4801612508526085;0.7247067426941995;0.17237047554093732
0.9631869692126629;0.11473661034672455;0.4043520422372767
0.804892639117995;0.44859841289156455;0.35705583393030593
0.1482238681665835;0.7260200696945056;0.11327983097436156
0.8951615081470395;0.032816489408552085;0.8606927752326269
0.20840760794792124;0.09505701168818625;0.5217337179117315
0.8433929674255456;0.8589690455462256;0.6410138617080543
0.26270233566598056;0.24860720933112634;0.5933611871935797
0.37518447612568473;0.34378239735938754;0.609125874021498
0.9871125690855431;0.32100043015500357;0.3103472308321723
0.7327336474275905;0.3666521235683814;0.20347070895252695
0.6437969684077339;0.2866815839809215;0.26393379247053506
0.7859785554501487;0.3971732434786115;0.09613178598207717
0.8417089408934121;0.5857536214875084;0.7942134013599821
0.5908133991876758;0.7279342102458706;0.08495103044431085
0.9790832245190072;0.3228450337659776;0.24052700449691744
0.9891629289777782;0.7723113623147704;0.4967407991025725
0.3030921005974766;0.7314710082156634;0.6634176073432841
0.7095056141252598;0.5944258825874237;0.08018231644306228
0.8196368670513037;0.22648157630153642;0.30890511724363146
0.16601726859737775;0.5091991181537969;0.5604282358067684
0.8657253712705845;0.19935097483348485;0.2657364026187693
0.6192397795704829;0.5536879682592348;0.05033210222794737
0.40823910556691057;0.5901935768868509;0.5082213795900481
0.18591691227005347;0.10097493997276974;0.21711819663320597
0.2792350811411204;0.26929185036671743;0.7413375614989645
0.6371499285049622;0.7357882589884159;0.8474800285852285
0.12553532205318862;0.7660167917115626;0.031422969230782805
0.28143027989178326;0.6162428165996069;0.2555707072311897
0.46394759435248234;0.37642306245366686;0.5197978443189993
0.8351973597255894;0.44948032126904525;0.5191009428737816
0.06638347603270278;0.18039428347981845;0.6218856477988209
0.1348985582499087;0.28385534975822624;0.8159345871502309
0.8730163053388337;0.9692414360404871;0.6078276786613445
0.9145606681744852;0.09678509286281223;0.2896418721690762
0.6958325177809025;0.25538658971101413;0.5679106804451537
0.8563182450479407;0.00255897628172419;0.5554208842969529
0.8211774186151656;0.3904353175733054;0.22400629206133593
0.7140996188578584;0.7367614166939089;0.5071976331817794
0.012031371115202028;0.45707710634102117;0.6725007014009426
0.7695906069857221;0.7070481280822957;0.5894121064216513
0.4992081875882013;0.8691330507429261;0.9860796001287929
0.1755439396557963;0.0526777529085547;0.5448818009955105
0.42037007666658155;0.386666349340399;0.26966221612960106
0.38600863018252796;0.14981952693779854;0.9568882295839922
0.9432158957564039;0.9440453134744398;0.7323170469654288
0.5200864259909672;0.5395056744824704;0.47953687056759053
0.6548727559022685;0.5026562028033011;0.42718256163725243
0.9229842529331116;0.9960758901291369;0.16620001414525276
0.6463977772746341;0.5767784593823302;0.04570877348508984
0.9761459333297642;0.08867589291562517;0.6268728716470967
0.5496727448944847;0.5559961398633612;0.8685520570231509
0.7871019012315186;0.06385343147696387;0.14754606799379122
0.7958254168562096;0.8994891111926667;0.757625968214645
0.9309186297768428;0.3868791716838976;0.22190489551882708
0.6185522684992353;0.3149666774116985;0.42747877824160396
0.5238809354828642;0.71098738389386;0.11797958830200483
0.7020070568614446;0.36824507798618333;0.44841823732815966
0.5574116046298421;0.6562123824615514;0.6715424544575813
0.1645366823879827;0.7811344154674377;0.46040405491277603
0.1427333849758604;0.34475098983200536;0.16080491892354087
0.5471596268152265;0.6075367586146058;0.6884793345744509
0.9310774446348252;0.08802072362905733;0.5110608758216119
0.7353521990351807;0.3239478275476101;0.7061904527526582
0.9409146181721056;0.8786045508980184;0.21666286857847072
0.6238153289088592;0.5067541631676298;0.14639975417355133
0.5735907349280942;0.21989245168424898;0.4756110381427838
0.9346142758694366;0.4407185087580042;0.9610122198844011
0.781113128344719;0.1719574872978965;0.8107301675478493
0.15265159800738448;0.9146976200425475;0.9594560117707107
0.32809196677042285;0.8092146173114931;0.3460624741416869
0.5051352425108773;0.5551482694362048;0.04741555713516343
0.4397385721928757;0.9475718261201042;0.2954463946006637
0.38360327465574373;0.5192153445053846;0.48704370893954907
0.22308373322561648;0.34053070095991544;0.685015633617933
0.35396565704898386;0.7913592288967886;0.6155999122817107
0.23811886342733946;0.7927331264239147;0.7772670344845537
0.5452066512454657;0.4788361045435613;0.9029427299148836
0.9345550338626467;0.5099166845136593;0.9827736561499799
0.17037612784026546;0.8872311673866076;0.4468869569952312
0.8271631168832512;0.5140626923727688;0.7280046112408514
0.8014033452628133;0.8944604883432873;0.305037340479146
0.23544958412387051;0.8930577679609963;0.472965977279708
0.02758405705396949;0.47713798934172635;0.24866473936711764
0.5685259055263256;0.6576598940947141;0.42233488338048075
0.17532729429032634;0.35819426952315114;0.8791361510787163
0.6545838378470848;0.36864002984325894;0.8802441276795077
0.32096016385433435;0.7774009061256805;0.80634428386037
0.10522006642919335;0.40328939947646636;0.29241788672021574
0.7598870841913373;0.40596805413144743;0.7776025380355149
0.010538505086810424;0.19127502523458606;0.7566907264672622
0.45063372102374033;0.5957283614254703;0.3175781443037353
0.158232383294589;0.04308879571165203;0.44835729799841917
0.38455499749247946;0.400736048139373;0.7295514104524724
0.011147714090654404;0.4643221062664947;0.5599117243210923
0.9295547754392616;0.8557737743113214;0.6731810425767253
0.20748524145399105;0.9597178352589285;0.5286221917428873
0.013724685162363914;0.5472351823165973;0.5735501910462052
0.18731540488175702;0.17725407665372073;0.48841905153233844
0.09369509859650593;0.3366936518237318;0.6088104126449221
0.34220740265561467;0.03705269072021733;0.8893472307061272
0.22938350449322098;0.4865176057220504;0.9297572394734682
0.2851798345872141;0.5850621118129289;0.5801455037469877
0.0691680424013359;0.4620301250646004;0.06644405504306339
0.49066509459742835;0.13130630737341642;0.04956056152475741
0.45449111792093333;0.9215369855128226;0.7696707805050123
0.8595058932561448;0.47617150425287624;0.07446820150450961
0.77062196241583;0.9020010431069885;0.23673295728364685
0.28150940509593514;0.8527437843445083;0.008096574054836325
0.6915577064451377;0.705070758878526;0.9632867129768078
0.6630600812800194;0.8633663324940752;0.9794442481309827
0.19180528960310317;0.1218132056067257;0.35771619212437966
0.14327359236124781;0.6062286636480329;0.8054024097066009
0.8360307179611186;0.07653646618073795;0.18021245481604975
0.7711617181200715;0.5709452465183741;0.9201740614705681
0.3176285493066435;0.4188907289678947;0.7304130749177485
0.7327736280573659;0.173490764658756;0.6146838011898805
0.7618294255137992;0.5506599811325623;0.6908948631698463
0.11679354218747862;0.8216915388877863;0.220160400092535
0.9799158768595985;0.958713404840915;0.47165017980024715
0.09169611336062622;0.9183068262721447;0.6782633895196667
0.8695562477905506;0.039152020668268284;0.3841461856341556
0.44154608574250775;0.6911635002524874;0.9056487696151407
0.9153288949494263;0.6700326773675188;0.1356591737592966
0.44676289855136486;0.3054650759410803;0.6344502393264391
0.8162466119180197;0.7669942175033138;0.20608607670663992
0.2607740867768301;0.4192673289782294;0.3501175859111546
0.1829836488594898;0.4867619589125277;0.20086607145968394
0.9649353346543655;0.3440739903076655;0.3609531703595642
0.7698495560631813;0.5862572369344928;0.482493477088232
0.018183214486360955;0.005875111017553669;0.2169926190901884
0.4997015820305645;0.30910450640545784;0.6556531667391045
0.49928695266218437;0.27207368121369213;0.09612511651767464
0.9820869113575477;0.012050967619475772;0.24165434670580643
0.19254853890157175;0.3313608188836642;0.18404088243991035
0.9626175500969226;0.31129300182442565;0.21016259198748555
0.1301979651007007;0.792955521989434;0.03177864750186299
0.39198050797491324;0.65667412590248;0.3356995790297729
0.20868282214828748;0.5995735766030375;0.07108587803136512
0.7415930255958395;0.7843913086285341;0.3647226711266911
0.2963772944199592;0.9590497301019097;0.07919076300748062
0.031054286172686574;0.136855669081122;0.6605226767250939
0.8111108421468649;0.2521448985622885;0.17966805826544774
0.2594576640469446;0.27447644648494096;0.7663202581480228
0.23100422800539666;0.23104404834862158;0.6523670210940988
0.4443557133382636;0.4156941678174042;0.9788993847566327
0.11583508025464584;0.6480959699030855;0.10836168365710885
0.2003366900872966;0.08248054306722918;0.002554731339748373
0.6954161674740756;0.8549623500731441;0.6593055856993042
0.7446290514080187;0.017425908584568606;0.21927059134564453
0.9161815560955994;0.09203495941983986;0.8262683958660975
0.9943761986339397;0.991047116278791;0.15696812606337263
0.6897345714330044;0.9287332454057224;0.34764781781975995
0.05430384002380273;0.488663868084362;0.3597603217574228
0.8953230632586093;0.43793338115073943;0.41686971074735457
0.47521419370196005;0.046715030366851984;0.6775527463906664
0.3560714952230044;0.4914203166284823;0.5782488129045427
0.311187855397694;0.6997853782030388;0.3278155859347486
0.33731627398185626;0.7121344284078128;0.9321020281159256
0.3368408041673915;0.6409829882351065;0.9720874353175473
0.7131868593557131;0.4254205049888521;0.2009275065516407
0.7118297149963592;0.44594784951711397;0.18623838330367803
0.24491166054900693;0.4567303836538942;0.4841450208637512
0.9766342359494129;0.13323020371011773;0.014477177702524768
0.05783950600657617;0.38275211217534844;0.1277635706993927
0.24636889217301572;0.4536818501723955;0.59647929676586
0.07063769322724234;0.3650510728586025;0.656636081317364
0.02571049231153344;0.784559693339476;0.21930823442616987
0.7095518510079516;0.24577276949235638;0.28473586405631346
0.509546075170997;0.8309713963525968;0.9707079390301183
0.972812963879881;0.7096506779670313;0.27733336006970666
0.30869611543968756;0.6247879831336632;0.865412449650342
0.0019298492545949397;0.2633335283750865;0.29291710842202057
0.2558108778768352;0.6945805172398594;0.35792083159468613
0.19679535065122078;0.8520560784299251;0.6142750331731422
0.9623493707906268;0.7907597120179318;0.9523478101856349
0.7725146792669124;0.8749680294621557;0.04359259515876712
0.9230131350197444;0.47845653189996495;0.2062444715741114
0.4755494930213652;0.8654513578035997;0.6656864570788202
0.9215649791919364;0.044520208933991334;0.602034225978689
0.03069125340882195;0.30253913728627946;0.4139435134522763
0.8478776902294073;0.6275268268173149;0.3012759213600862
0.8233519361294035;0.3347920629177591;0.3471620178404299
0.4218149105526854;0.9936560722744615;0.2459594597096184
0.36235922886753025;0.3291979981799138;0.9863004665580771
0.5480481250936318;0.4842441017439325;0.9579316911489606
0.6746187247562792;0.6073329766613074;0.10951661500687004
0.2518178390152229;0.9323715736908728;0.7112415434609022
0.45907717556796357;0.11656115740270889;0.9533167971677248
0.34547536895468756;0.44888180871887084;0.7369836137806458
0.6846154426551664;0.43738594129636665;0.28536065176452163
0.001059491205575358;0.22791175978480815;0.1265278954005743
0.06508264286383114;0.23761189604124588;0.9739509759039109
0.14977707244994842;0.5751932537544449;0.03968014272993492
0.7915188474257635;0.33741591377399527;0.39564007251783373
0.9608276195145441;0.2826040952116601;0.5664344615002275
0.2440289200839686;0.7688617020874556;0.7469540843561426
0.06170138690605631;0.604641802508796;0.7057360650657758
0.2724934418385847;0.7232748233314041;0.6613784559248325
0.03294155749344552;0.40761894359508677;0.6173777994174761
0.5900463966293429;0.34372099755765784;0.765408136037862
0.9021067625003517;0.16633525961432793;0.5994236602456668
0.9246685892007156;0.9525052014809825;0.03513178509862547
0.7973548850465282;0.34625806127976755;0.5575580212366652
0.5083558303007153;0.8265274691963641;0.9719415625989681
0.26662866515486916;0.01025601998714043;0.4454087956902948
0.015862570223088346;0.18861062061114908;0.9657001270908899
0.8724165404346911;0.8077991245525594;0.06735129719332111
0.8988532521674168;0.2931322538468023;0.8099342663675274
0.6744381905313718;0.12676528134481524;0.2808506098903475
0.7555796968809875;0.08031490319502665;0.2384994167022907
0.40476044724975524;0.07037410430305291;0.07878059940795579
0.7671863841921817;0.195776410639242;0.8470899039790661
0.06273793917349124;0.866272067564771;0.45123006022225653
0.16542603653542642;0.07631627141517516;0.708523816792041
0.425133585486966;0.27005408452709667;0.9796912710759226
0.2506857026042574;0.588948889831431;0.9678540061210448
0.4053254360502122;0.9556223585001334;0.7990867060793445
0.04379137456828697;0.40129634873308895;0.12219168828772176
0.632073202426503;0.30691752740247336;0.47511902295515107
0.32383583430629037;0.7100765585396656;0.022964702341293775
0.6222064340357998;0.4059211642994792;0.07252402843564698
0.2838642925055759;0.25168750415425933;0.8468508823919185
0.3812727909744841;0.5406618197615712;0.04459387510777013
0.2730931561068982;0.9260537161672117;0.3023483307816578
0.9531530658502448;0.8498931540200607;0.06595131899047135
0.8771652600965286;0.651910997787473;0.6608255194221926
0.5097616892353075;0.11243223088955534;0.7695731232807022
0.7634927140268252;0.29192971014449176;0.6163892540778376
0.6636213204389378;0.07636696028152457;0.04736355449801877
0.485086996702048;0.7405959276814356;0.7031601978109727
0.18010633815148103;0.6887046198186411;0.2459838376958703
0.2724104525133306;0.6326869013768088;0.9284636464750421
0.04371383728842748;0.9378748038608186;0.8006386280804524
0.13172042153749886;0.9665022414182635;0.29093853314437124
0.13665697542281485;0.7190537713386156;0.8443605761960442
0.6938274545217737;0.7779976048944324;0.4819262851275492
0.8168300825530127;0.6897693825808315;0.4560862633893681
0.9052500990160604;0.835471318741468;0.6735743702684971
0.2844477849937911;0.05427904103582637;0.5569194869887941
0.754247459294439;0.4819653059978031;0.37045643971623654
0.8876511502964904;0.709692012762322;0.7164472420165803
0.08789198166347723;0.8869361824794422;0.7770395587995302
0.9678493766971138;0.729527869338502;0.850537644347093
0.6268640306842057;0.7040192611615699;0.6017713989795549
0.575404833860365;0.3784510590200407;0.21785196532998163
0.1622904016007275;0.3275793946000477;0.03181656040707881
0.9869313590826319;0.7690841686519981;0.9672835657516602
0.9417288403753692;0.24243392477568082;0.8877292224735074
0.4500592695719;0.4488916010471411;0.25332083581421294
0.4031827500539381;0.37684405678040267;0.3115231065442753
0.2382123517742626;0.9065991790369039;0.8092349389413275
0.9879389580935146;0.24701490387346492;0.6349933836387506
0.27758979276539464;0.5916607799323487;0.6565738430101812
0.768886052723034;0.03854576660365083;0.1102010015435283
0.47237267317824105;0.4167251315686218;0.8302449287757839
0.9936670751568074;0.5145807178959857;0.6029900004592749
0.39748832909498744;0.6405140053574637;0.9301844635794393
0.826019791483464;0.5916868252514434;0.6838972271989844
0.7068764914949608;0.695000359093525;0.9713529474898537
0.27838483581123896;0.5876787743873081;0.6762954200168944
0.9652504754640657;0.4762044677397037;0.530158234036027
0.42105044897492927;0.2716167005069917;0.47708844397434746
0.9031154641519725;0.32474954351555707;0.035142260605476094
0.3717912993507042;0.4630320881436726;0.26986163778836114
0.3723660806289143;0.59415966501752;0.354220916898364
0.883195469934968;0.6275987012303106;0.20943679069228982
0.6461603977540924;0.46412578460176257;0.0552497047526741
0.94208504040937;0.333890758392435;0.46517175849999737
0.42923851699906657;0.11021299156078124;0.7139004305134579
0.4726313651220502;0.6677844353972445;0.557038971671655
0.22895660243620264;0.09485345261038003;0.30912023611934547
0.2726920784093999;0.4699266107064347;0.7035568484834629
0.6002148271324945;0.7620791076335689;0.8814463691186565
0.005563619581425816;0.1828392062422104;0.9533136269549641
0.8506498506435344;0.1585496310974499;0.15439129083360836
0.8200411854587604;0.342734227182134;0.263832886996046
0.934673126176619;0.37964303554380074;0.26336794656710927
0.6598333436330633;0.4362800563698098;0.3475023255191787
0.6410088024916645;0.463408791104561;0.7016212348665979
0.6319367347416466;0.04687290788963827;0.6952266214904111
0.8243115738366957;0.6070308195340381;0.057258922581604366
0.5717880038320242;0.24699345069064294;0.9624897258473104
0.7306866271703087;0.03719131284136801;0.13246294783123935
0.4219989463086772;0.8976841446919314;0.9723175636335465
0.4119972270881177;0.4269686639614594;0.8038674671343057
0.5254557280210326;0.358880332874837;0.5757818058808287
0.23048318192025075;0.6138092620438638;0.18634929986465365
0.03927727728979469;0.7128619775675331;0.78300976655315
0.7734607978323128;0.503921833304717;0.9160343459463867
0.1542873805167837;0.9471818255472424;0.367098753915293
0.7181785510523458;0.7239342179601398;0.8612616234428224
0.6626440218744185;0.8469213298561084;0.5978775126178405
0.12050099727139507;0.5065985110704168;0.21893718875359092
0.17288343933004302;0.768663691438093;0.6035011595007351
0.6471891460341014;0.5617056555340868;0.28310523913704755
0.909235957583026;0.8169524552633655;0.12078813194565852
0.8420621671972381;0.16574668507573154;0.4446470770475871
0.4133192240309883;0.2198796100234991;0.6039406063334144
0.9845036232450508;0.42486154514610763;0.5266340884926722
0.5536785388472755;0.7553814280422829;0.9331705054090141
0.5616336406842325;0.26559557547977497;0.2429760461769389
0.5863005320225427;0.36726297330848;0.4013864838919331
0.01938962510968445;0.36102627855526415;0.7700530797961077
0.24327317396782067;0.4092978224163917;0.9583094932167566
0.2426136061975861;0.5692247989567111;0.5630861726826248
0.7796944881778107;0.638443794502464;0.4931249925057427
0.9596486234845324;0.09988754703010094;0.53480829732426
0.4800371436636901;0.754907532835782;0.7776583345397134
0.9000103019771107;0.6222930923315719;0.7276987813895538
0.5049721077389245;0.9334952455542039;0.19027006400431346
0.9422852107932234;0.5312326407097107;0.2986261778063277
0.46877273156993626;0.7440746527206744;0.1271868262318604
0.27199811344776526;0.6368363028948545;0.4152702441670444
0.5932577713492587;0.409762703648322;0.8099163821804345
0.7450632803561257;0.0668115534362792;0.20795280348020417
0.48245760709989216;0.6505764928573882;0.705664276592567
0.7876970309357589;0.11929344780488271;0.17103739519427252
0.49266410666069493;0.31912394552519263;0.9534446776507103
0.9967309257997006;0.1781081108777074;0.9014516281108556
0.8453481056865281;0.8708160914199222;0.10142694186738643
0.5970822406918489;0.6889095157344077;0.2393450829949212
0.4021223223472673;0.29085651008161395;0.16417541526690393
0.06973654985651723;0.9629170881701342;0.5664966234723617
0.09782530523041932;0.3489257921951193;0.7390054820008657
0.680026106672175;0.34339818901120134;0.5342992184355
0.6597963239218845;0.9848800883444422;0.7437585854925666
0.941763172965649;0.18211732052247886;0.6774530728933403
0.9490119000128447;0.05344241214155043;0.837871090759243
0.29592287022105157;0.6906960329036095;0.4700935544465643
0.8063358877352723;0.38756639744386445;0.48857890183827846
0.567382845363289;0.48646831614672226;0.6558715971876552
0.9746421766521493;0.47965929546828445;0.24057002463275734
0.47912409969769454;0.8995366396777861;0.6390159396238342
0.2636983795948643;0.8371351739503438;0.15541363103915762
0.6308527211933846;0.9319287175458308;0.06725640069465022
0.8915156195988407;0.5493836532392866;0.5213090369451144
0.6965875392195268;0.8951835907748888;0.1366093377678832
0.18903598521813447;0.9203031138813637;0.7148711639749424
0.9090483579640262;0.3968801712921767;0.46150846146167535
0.143207411193239;0.5959302802919233;0.37675449566112285
0.752070084052095;0.56148610287834;0.55301485829563
0.6220131793328699;0.5960238155240888;0.2577466725752591
0.8891593588785818;0.01727309397383392;0.464804458656787
0.3082586402137105;0.45631104560974245;0.8893014059391903
0.23993070422265106;0.5364835303025766;0.9937475834649141
0.09712093183950576;0.4774146519186061;0.47722602161989314
0.724839502523366;0.4250238386603489;0.9856079008582834
0.9768519308566003;0.060185976510378825;0.020848747971406567
0.22436966711578665;0.33183317525827594;0.799088045392991
0.543489406786595;0.27428119093582914;0.05179148928416155
0.14807455745962617;0.5870164117158055;0.5854246608813677
0.2804342414122589;0.23836799212998794;0.5326385093566693
0.3475978486082265;0.40177919916920535;0.04657661789720813
0.1444205094993053;0.37185690759954537;0.4381347393375
0.7603575528312753;0.6635967871326381;0.6429477551363485
0.4998722399358878;0.8636176493181266;0.5553668729973091
0.8540345547947584;0.26635473340963467;0.7610217418762734
0.7391967485368868;0.3179872797673242;0.9473959961731222
0.08855126974538319;0.29110009081392263;0.5679202549388399
0.28294072377523016;0.2650826962972269;0.846610104686683
0.8354720803849075;0.017352899023831636;0.8595375418479133
0.41378207200846584;0.6564645136984804;0.6717097901316664
0.723242953300597;0.34107635345350573;0.5067380743497512
0.8612933042344544;0.4523315227931335;0.8937044851591114
0.021456167642210366;0.5332201038561666;0.9713519114459848
0.23032982614160546;0.9056219674001833;0.6942347386575433
0.3439290092435704;0.358435830026818;0.9683349415667656
0.5723771726734264;0.11750526811636053;0.9957064001938343
0.5690056276256525;0.48571136250792357;0.24458693298752932
0.6918629309346777;0.021335672999207023;0.8820967219666116
0.6899748914468002;0.4377326647597214;0.3860767435255026
0.24566545149724706;0.9325683293644194;0.09859126238530336
0.015141820459539823;0.5597940115201844;0.8727903015075626
0.5504576305023784;0.8609408706115277;0.7384160303430252
0.24428631892531083;0.6286479618213239;0.8372252423862572
0.9131368755736566;0.9175652318262962;0.7954609202629507
0.673523381974936;0.6488955272836471;0.27747628668926894
0.7067793629779668;0.5325380660800064;0.21024886691040434
0.5563103741162199;0.37394620789316835;0.1453816932780292
0.725776334632679;0.6100486585180902;0.1643455631567663
0.42958205788968995;0.6299706622044785;0.8283470308096536
0.1888909848575273;0.7145168852158522;0.6463606809772141
0.8327159617620069;0.17945212529036203;0.8177336173192499
0.02637953682224381;0.5311618130756554;0.13763455810570457
0.6848732927045622;0.27072926709816203;0.040658471563188026
0.008865177659768797;0.30944610689017615;0.639242831998696
0.7551345462734913;0.32829559270295827;0.6400959215221484
0.8015620881437019;0.8899037854853648;0.9624281213107626
0.25046438728140463;0.4757688797175258;0.15074218756328894
0.011605448979652544;0.08959390106444909;0.04511674887855244
0.659437912482659;0.06808433260133295;0.6060448222951788
0.5709252729565129;0.8363149102071097;0.7707632873004469
0.07976963383925517;0.17521031954499866;0.7620575598141676
0.3668229491780325;0.7568280357540679;0.6026993825578115
0.8920354344332108;0.43019943563137086;0.7164148210812449
0.12030425711960269;0.8629918007469815;0.6611318561328096
0.2803163621699356;0.9474357203297548;0.47598013509962134
0.7216914963651514;0.40941489147147836;0.7020301750206719
0.1734862599368182;0.7171384885858875;0.4587954336216835
0.9736796704847515;0.856914680864472;0.23199712378078297
0.7415684288975721;0.24132068635806203;0.6212704581910605
0.2966212030303711;0.013758954738826823;0.5005956593318928
0.22891298500316026;0.28525633964759567;0.7648209050701893
0.6316042172486638;0.6155308233269835;0.8388266960005811
0.9500506910782494;0.9302436179442694;0.4894173096581751
0.3676146224465844;0.6582700382886921;0.6728277125080097
0.7174514600140328;0.9400163642031165;0.4845813768406513
0.099761043427948;0.8369274227375371;0.1266348519746655
0.06860761455639508;0.5032114688808704;0.4525051473827182
0.8919676975779368;0.7220588000975914;0.460292245439086
0.34145798791685555;0.5495266151273893;0.2486238656195794
0.4986238630752484;0.758435842821009;0.3608864826780023
0.592288991615274;0.9321014036226101;0.34093093989423673
0.6812915347403089;0.6981477464572762;0.45462379958167043
0.8493155797434568;0.3131041695367055;0.9499673916133758
0.4012978593304314;0.6699599462137398;0.9181150062592651
0.21090822988219127;0.4705384804867774;0.7963434653877041
0.04956073055150323;0.9969755532933608;0.24839527605671186
0.07869898271304465;0.025723909089308328;0.7577499678298594
0.1009104112171264;0.3969970285208957;0.16903626665137372
0.4325338161350478;0.5575420159960918;0.0439522323765863
0.06321406132288587;0.6663811354258733;0.27157666311647255
0.5621984832488421;0.036165838936648265;0.7570623384808568
0.6162521907389246;0.35186075600931843;0.12839605646390684
0.05800830156766179;0.7846372094658131;0.0959214353973209
0.8031521684895795;0.6676326886595045;0.45289791648858757
0.6601010174383658;0.8794353272523987;0.9208378191246791
0.03990939639555535;0.8450037185098229;0.5245925946090098
0.6800605674347188;0.9544286244896213;0.45597742922456486
0.8161057923469888;0.8761093157945056;0.5666865645947985
0.7572107683251024;0.21875685852596194;0.9586460237131287
0.5671788914648024;0.5056446818772844;0.04668882711441569
0.37435063617851283;0.5943300034076172;0.6696090957491901
0.3111714249882295;0.20297341411603254;0.7641686520969347
0.7777281991021548;0.5889444084473716;0.506151972538529
0.27718035673983565;0.6324859015952375;0.11197784768789198
0.88014150783896;0.38815791173637193;0.36210129891640885
0.6776457898413615;0.5058088819837588;0.5220241829603495
0.15348698003251016;0.11957297141633405;0.9415627029424118
0.7738684736285757;0.121304677650652;0.345827100035923
0.21923533466834422;0.10857853256718064;0.22417065999855867
0.42719419200989006;0.262478764620765;0.9324479216464957
0.7367623178075993;0.09503137157729569;0.19757196180299508
0.617982127448884;0.7745425970429681;0.7318905262829968
0.9170773983290637;0.9651960417962111;0.36697442734009433
0.8342804899949191;0.1087068792801692;0.6834160816068063
0.5409405344538506;0.027701186632653196;0.7684867315876807
0.8142357766624667;0.315580340182421;0.5223768806475758
0.9905577657915126;0.7648733471378187;0.4233505978073391
0.16628210560237555;0.7536828456434993;0.2839917341718533
0.8396764943193701;0.39486545079496504;0.22743040763463784
0.3281874018202646;0.49079915784874173;0.84275675581245
0.1610815996804631;0.6264501244676018;0.6842398613098545
0.4556090734581226;0.6361990963327337;0.29908402219490515
0.008478122152685286;0.09054980916298205;0.47556830769332414
0.9070193568787495;0.10311281627379731;0.6380271287000967
0.5750830907517439;0.4394739784853193;0.9033811442747455
0.41899665062277025;0.3426731597639091;0.4413329874886275
0.7557963766062429;0.5430587256933523;0.05621957856036619
0.9487405802107216;0.6570816337252393;0.1491578982992271
0.49443829050998733;0.5512388646097631;0.6398030243453232
0.49307272223248166;0.21587780068007667;0.9744511703758862
0.18886536642907215;0.9361713907808011;0.1386703726374644
0.33442131670749853;0.7815986675874163;0.9851216848610286
0.5786961200665273;0.6751022953086634;0.7945704573063583
0.5370252590072288;0.4084875015114693;0.26214850546389523
0.22867284831818224;0.47788267241514115;0.24800216258975993
0.7227925788770116;0.05801652249082234;0.14836066712768892
0.31629384255062165;0.7777585562410649;0.3440846294359664
0.39204631256306044;0.5783119554672272;0.5151942794515346
0.8009302762194138;0.1210748838882918;0.16134495960432116
0.970153989035273;0.4280966243177565;0.5080411552637782
0.5923462542275912;0.7480153747257594;0.2453870086360722
0.3611526309721821;0.17214893815313193;0.2702427284660561
0.45655349461813455;0.2528328908365989;0.3913039357867577
0.3075905150094189;0.7158206139722558;0.16506496596382858
0.30094273995885157;0.3159477233530046;0.529342580490626
0.3217017134881942;0.5951768593844792;0.0233636040174382
0.5854182765273578;0.8084182334063866;0.1188073154340693
0.3288807923988799;0.9048247766099812;0.715678919256283
0.7592753694745391;0.9301686728624338;0.4881609873050541
0.9822663238580156;0.40869309857213065;0.012731542862668754
0.03585786139902214;0.24154426970374;0.5648657085904844
0.9523121233002775;0.9096208098839734;0.24057201404264694
0.7929488016852745;0.30813528304919;0.42999619205313655
0.6187569845701492;0.05918135220052123;0.1550538192691825
0.5260225109325128;0.9877465067276767;0.3181020171084509
0.058542093964308095;0.7575399098989963;0.8694282336613253
0.9716134282146719;0.46958799666672923;0.46483306343646713
0.9458652805174945;0.32741714504194885;0.4144560887152767
0.18773811753806757;0.42870312842766545;0.9043860487486273
0.27655242276268477;0.5177140243143077;0.4344325130491571
0.3003886101405354;0.41740859943368;0.38045890102766666
0.026471091588622042;0.34793971656566736;0.5126230843010297
0.8015028894335327;0.05546797770887313;0.26418781544765724
0.6641692205749624;0.8178257507456969;0.6088410028668995
0.8728378360842195;0.03642592189936078;0.9889831365289571
0.3934279082293791;0.9070534787227873;0.3627315196557054
0.7948525710069982;0.3664641135885499;0.8698872341431821
0.4833863515232626;0.6754431281941834;0.6421096822365697
0.0885596540085688;0.6406845143579211;0.4112740474015718
0.3964731558441429;0.599672492517864;0.7471531814131691
0.6126448005596419;0.6325398567987095;0.15172801433370953
0.756016934307005;0.11508055681014884;0.4914557896848931
0.975558247524628;0.32429857493336034;0.5676897149292055
0.47852033939781957;0.4006582729960009;0.30254230793778525
0.23720669960030683;0.33108720848813666;0.6089495537208556
0.2213705715736305;0.8950068478950369;0.29618050096611515
0.6449295508372772;0.1780986192196491;0.2180751188567719
0.46470190783944765;0.22187676000269063;0.7690356008598437
0.3737864745849032;0.0927600835539385;0.8350256043017203
0.680800529661053;0.9930730389770828;0.6732424924873255
0.03965188050621116;0.0951415254337643;0.7530427449198436
0.879473981034118;0.032253337523344916;0.5441351947644097
0.23609586075743272;0.0782001016298638;0.43258209314902807
0.3741408435067086;0.3924057713604697;0.7528643705288997
0.8953174699463479;0.19152060310830432;0.33547071329609246
0.2455923783070486;0.26060771199202704;0.5209330277765203
0.6015002407217023;0.6587037047026422;0.6804019903698711
0.6293846119280128;0.20602930626705707;0.7433384093808026
0.7783568850577612;0.8322782669512622;0.8693314936193357
0.6587301514691251;0.2706310073720374;0.2185280703706064
0.5361359371843161;0.33125653007674183;0.02836966596518742
0.5692323915634543;0.9591857706664171;0.4784721664327579
0.9542947065279005;0.34506084764654477;0.1918170837208827
0.9466522026167369;0.7188482128337083;0.72945754958069
0.5710380033439053;0.9829695738221506;0.599412005386041
0.27824695728279647;0.6980922454417245;0.8027083957159149
0.39815830042923694;0.1629119298857039;0.7733714527965373
0.8647818675326857;0.054910150507630484;0.466806281591968
0.706975490820347;0.7114538840299001;0.1863024289476486
0.3032580717143951;0.18579655659417216;0.4577191389551807
0.786515435599813;0.09987104148413595;0.4527363224747738
0.39699097399933436;0.9794462222550824;0.7715471537087414
0.42517886373645986;0.23081625024279884;0.9976377339953754
0.6130983392284209;0.8160392926543102;0.5656090006298368
0.7127417621923432;0.7614821882535803;0.9459683244908509
0.8542226468588549;0.3619341774621947;0.6828346758749801
0.9424154122579345;0.12302281534917259;0.853496818733838
0.9367280674089965;0.04648565517212211;0.8133977734699872
0.4496149488835851;0.3036790645670454;0.7638173619742066
0.6707352001417739;0.33502092444733755;0.9096383182429651
0.4209279868616743;0.9691481003603922;0.4479335006349118
0.552597132436645;0.9150760705688258;0.41144246524052785
0.26817921120454624;0.6778933881616691;0.21693936990025964
0.02283184095425439;0.1207315763122595;0.21790650411239176
0.2048364548292464;0.029798942884708968;0.42676421222558136
0.6195823018517022;0.15083893738588583;0.23916007888307367
0.8675921360999094;0.7764756445378488;0.7948316744513697
0.6121759129978309;0.7779764018707006;0.9535894134800389
0.7587475079156761;0.6754665017070606;0.8735155487883525
0.10060273610550807;0.5733391702078035;0.06849387387223271
0.3007051726568627;0.8048281881325902;0.5318157066226482
0.4578406508803078;0.07242908699042871;0.5088873348588515
0.06974796273562645;0.13534253744573355;0.03498009152024506
0.6264934428528787;0.057740008554881594;0.09601093710791209
0.3445684463098434;0.36955347004494543;0.983804064471209
0.5446578524839781;0.21159092373263544;0.4778464753475259
0.172731513093911;0.7738583589057167;0.18195650742668412
0.16123939820883215;0.7894118181773936;0.7196302377878814
0.8291448821180186;0.1251938689543346;0.07374966835631169
0.23159125600357833;0.6294869670145516;0.8400460242062259
0.39056565536594223;0.4191767458862018;0.7950708160225373
0.23663395776874685;0.035097097130307064;0.9640526686298007
0.3916782909807325;0.06679629689704147;0.2619763780013519
0.6828500714416723;0.6907580183037402;0.6200321600992164
0.014253219679840834;0.6373757802860416;0.6658016517521519
0.3583429121212791;0.013343011266346405;0.07793173607276438
0.8730466998211156;0.8539778298899092;0.022394928278973825
0.8716374936526083;0.7545967287536302;0.9630251887441089
0.5030085390270183;0.22994114475487737;0.08232474870815021
0.5403161039522579;0.9175147139582063;0.3020574774375283
0.6791042298542964;0.557877477580166;0.22535123939432145
0.21368788396140892;0.26552543203779755;0.3838651171685724
0.3073969415653546;0.40642835552631706;0.5512317541367656
0.5464057233302432;0.25776389307587366;0.27745155937648003
0.9451299362452099;0.561933664151576;0.4857250610451248
0.802473633422955;0.7830006089476257;0.9018215863006931
0.5508877627965163;0.56545949279566;0.24427867286421057
0.3444713853758854;0.1887027222421428;0.664526069104148
0.1456913483709147;0.595414040552671;0.17689333317513878
0.4340853126915022;0.09159490940297565;0.3304515797384321
0.4504958235780452;0.08179386587786464;0.9096393246205744
0.22974705103430582;0.6126982825720567;0.9725844015896523
0.8967614741493795;0.5878617340621218;0.7849922608114815
0.18571351747282572;0.497864170852926;0.8606814934283796
0.978257969065832;0.5057112001719063;0.5985400353833871
0.03301518464296627;0.8421314984640121;0.4237283099463738
0.19508141681140012;0.5231217440472166;0.6714281879106531
0.8291260887671934;0.7549830931193298;0.6890314219421354
0.1902775642547765;0.21917854975012097;0.7709719556452578
0.14987900113993402;0.30952995961799035;0.5289028129895904
0.384938928655966;0.891658293587134;0.2544719299788657
0.7704988555815502;0.6464937215218345;0.1979795517385412
0.5707397832733392;0.951669037998154;0.2728750887709688
0.5599725173743578;0.22405974813204876;0.8765631708355821
0.5864655066430848;0.1353785230562372;0.627734761836253
0.9435661634726152;0.07544337583660643;0.44934409022543187
0.8340973414229187;0.5593864190269286;0.9160712800756774
0.9683196062717402;0.2278787772770201;0.976390869584462
0.7636450134692757;0.6710745765389216;0.5620387381382839
0.3120577185040253;0.45514879999607605;0.24335830517817614
0.12805837620988758;0.5426244174174278;0.9102984359319981
0.29256106055442355;0.4619067888092617;0.770201296485816
0.43136219636817696;0.4231176555006405;0.2712369934740847
0.9135504764432635;0.6167256387341692;0.4227808134978336
0.0179621248390609;0.6152851392891525;0.39616200874220886
0.2589908076530165;0.1531649458357568;0.7906808062503705
0.1714972712401841;0.0783183549971167;0.0050915410795802085
0.5161377314261352;0.47116437173338666;0.7063852778722187
0.7987765452648911;0.9002940676199936;0.41362474205024435
0.41157671458451683;0.725984439729788;0.07779258146888435
0.13100555611875564;0.15688070291462575;0.9956167159644117
0.95764166198109;0.43581971655229546;0.10421224907003257
0.7280494178810044;0.11768373059988968;0.12459022256297936
0.5175304978596293;0.7061160271383067;0.6725627636647596
0.8136685660456153;0.8827023244988765;0.6812310591285219
0.8129296538173392;0.06431658543304275;0.8546021782180243
0.8897848401946644;0.13030851252732878;0.31627323546022257
0.748258122589641;0.5088114498923128;0.9513261619030066
0.3356560135880481;0.9237208797884479;0.18396871724251274
0.4778856065045224;0.44467488584686254;0.32806119853551263
0.890264787278092;0.2455396254266572;0.2513316303728602
0.8989419987596602;0.13424579480716092;0.57954135487102
0.4379602489051466;0.2894770051554043;0.4493771294305453
0.5529683983769182;0.18348275262775204;0.14589008424182637
0.20635619656361226;0.20021324083487213;0.3498230834737528
0.3033576473086108;0.9652113272998246;0.36482969080329997
0.5809319609195706;0.45546328721799045;0.9037938307938691
0.15628213461762053;0.41014504107635996;0.35988617097349096
0.28510465691912945;0.08067440391941416;0.1030167585637598
0.7340448174654206;0.13132929588056808;0.8194761487077624
0.3700177817439464;0.2500526486521605;0.30866313726392836
0.8812685990227838;0.5436034193269033;0.03433053611561809
0.9189053364225649;0.9688532759312531;0.27868721955893005
0.18677145083528457;0.2145027743293022;0.2058927450262117
0.16131496235101694;0.5057679860613807;0.5096394925541827
0.5431167398983249;0.3671439482761656;0.7907305113432624
0.8282242863145705;0.5665532022699851;0.3503492052191366
0.33803150083507083;0.6242759840030764;0.2575158054249901
0.5048589343328833;0.27644384863788307;0.6317009492173383
0.3868358306537262;0.04276269716106984;0.4605883366719866
0.5044075502627223;0.06453795937914852;0.6413295623531137
0.44414607212920576;0.4284618413172401;0.39868830256686305
0.9558688560863012;0.4017762687384425;0.15765501924486214
0.5335879669765647;0.6619722530735755;0.5344054303471422
0.9537065738072644;0.380103955935993;0.2834901466422842
0.8259478770631964;0.0544927889336837;0.850313862927057
0.2401820920133082;0.7370398682084747;0.21828265350669707
0.1449026816674287;0.028603996144843213;0.7092507693277489
0.9103840451172321;0.811089081864414;0.6802517556201466
0.7290147263179776;0.7491787904835796;0.339436639189286
0.297978901500879;0.06350690374710088;0.9893950459804459
0.2953377255155387;0.9836962302972642;0.17926593955894377
0.2259340581078163;0.8820889864478575;0.023917553948774928
0.6933647531892259;0.8131090858468552;0.856971055422648
0.01449001005313022;0.8705891520523715;0.927587386434688
0.47662093198007616;0.08625145972940973;0.2359117107618116
0.476045156948562;0.9284462206925819;0.5507054897790337
0.1980283278160888;0.2018135872255078;0.8339929175591593
0.4831580533109816;0.47579189262540766;0.10628988893624092
0.17248528868853552;0.07376183252899415;0.34029836245451117
0.982659053485645;0.49819887117210016;0.2819130078146206
0.7257701930733229;0.02083384065288807;0.6089673688241978
0.668987326268209;0.02055185304500351;0.0007697960952581795
0.1103281751023849;0.37454506850096936;0.5450406736192422
0.5177478482923638;0.4614184953588576;0.515231110410685
0.6990439981496938;0.8430812748338823;0.37177148916438985
0.6701983833030878;0.14831983459614828;0.38932522603728836
0.7985218254787068;0.06916719370772029;0.1270933641462616
0.46134696787299057;0.6601021175442552;0.7673299998832687
0.26628288405099454;0.9063546924880796;0.108393906640047
0.9003402015887308;0.34621241278678927;0.6708794695119729
0.47850693717564996;0.3248785070194581;0.993803423647552
0.43891364865697435;0.9349972339819512;0.7222511456192449
0.13881819495375236;0.6370651250574203;0.3595383850288274
0.9452071906386624;0.5834718120986406;0.7968427051483516
0.42613067379709724;0.11670857970983317;0.34299559113527356
0.6701636002321958;0.5660511720802194;0.04374396389780277
0.11669123390479175;0.38392602850674706;0.3009197826849853
0.46895406691062036;0.5824331547268471;0.2253840254259969
0.21681175632624572;0.8174456402855016;0.42954270301529596
0.08541940279543603;0.2476062366173376;0.21211543619433726
0.20814999369524068;0.613749891145693;0.911235164662474
0.8625674790622184;0.08360324841177114;0.47254887628850883
0.3247460662439131;0.11818029355437287;0.37428355635321975
0.5096586232128383;0.8881453818645265;0.48133750484956606
0.4548778053809117;0.672443183779918;0.3080204767370891
0.442004138610928;0.8174931802849831;0.8459122352176114
0.48406513230164516;0.24041260359554406;0.8497055782360483
0.04273887102853413;0.5522658283136456;0.8596776944154174
0.7014656010468505;0.17914399601488917;0.794378528787531
0.7222807821439674;0.7351595616655251;0.5682532617144465
0.257632526212349;0.2770457429860169;0.24798289977820587
0.6059215069159699;0.7998487258601605;0.9792280186813649
0.007996257496926673;0.2958074921727707;0.40772846513663097
0.9141473870054563;0.614965976776682;0.20338352672255555
0.78006182721332;0.9906121956923442;0.16126863854797668
0.5648852936664505;0.8964890224166385;0.08208782322899255
0.5322284748845112;0.8588822340709272;0.7767459694310341
0.2771552195951871;0.5944577542708924;0.9269698939148571
0.6776995030880709;0.05834749765023839;0.48698568405431
0.556122529886048;0.8711893907178626;0.7440692878013061
0.4041092152541991;0.9047628409801618;0.900694010855578
0.47804255618063995;0.14711450856291797;0.3170315794650441
0.4966310153553978;0.6187876067255589;0.8369849740701387
0.6034030287914399;0.6979490494829;0.4177813583631098
0.09753365718174345;0.9064430180316155;0.3891771331210232
0.6991187686733806;0.14073575487516332;0.6475540227466615
0.6662222013356042;0.298598051091731;0.6141654142536818
0.05652182674727246;0.7440730592352728;0.10237213984042992
0.544314509089101;0.6378873884858434;0.6658137421831187
0.923863051823494;0.3566253210021655;0.3868757390715645
0.7562590733830041;0.391066776561402;0.5329505409390627
0.8071054946549588;0.039993133479604204;0.22911978196462857
0.9932955155152349;0.12505434070559218;0.10433754973459897
0.18314665010173847;0.33461374395676613;0.4229128873372968
0.7171554082490297;0.8680039201813607;0.11558899107470133
0.13728885370098132;0.08059322679658265;0.9861573655424464
0.9984180251961987;0.454133060203199;0.3152317129643326
0.42338639126136335;0.5718785109902672;0.36105821142170436
0.2201171116140085;0.21417480095538732;0.267421793146179
0.4871460294362988;0.849122577567378;0.6783775066416089
0.51854668910275;0.307795965159144;0.18471351079281595
0.09799313461251713;0.2206925771469942;0.8432955572307362
0.3154000870249686;0.8463786434894892;0.1838323197668048
0.7541000300025447;0.11648855454151397;0.8213233616047014
0.7919373688723224;0.398729030283409;0.19412684413969916
0.03892418408486764;0.1617494059743867;0.9987765268100589
0.8941626115371288;0.5700436032467374;0.6605437245441627
0.9050374870145182;0.9457934284798301;0.17069827939586057
0.7281415549134563;0.8199265980057157;0.19646394826326774
0.9250841615259676;0.7311125088953837;0.4189335948688808
0.9944528138211074;0.954633933363613;0.6112070767216016
0.5486315679693172;0.7027438347002458;0.048547770693960546
0.8683378121872681;0.6501060246005624;0.09683994998006862
0.8874192326640694;0.7006880421494658;0.8468789617706982
0.3388817736248738;0.8283161812713478;0.9315166317830644
0.04140550897522388;0.22535450695932324;0.08133674142438074
0.8415290179783805;0.9807783106586272;0.7261314698767195
0.3189987549352923;0.9247235654152257;0.19319859064391398
0.7629313555876225;0.8091745417305481;0.2810724028076539
0.2735325689944851;0.3101362727165685;0.9378435008109549
0.894929734300309;0.08974473447076314;0.6931438060904851
0.9631760264958542;0.9451571208403894;0.6450138803478449
0.5691403547980367;0.530217827291728;0.4299786234049868
0.8513782920272169;0.14070328126304688;0.7058126744765689
0.611427979424842;0.2647982239265929;0.9385083692545474
0.7876545536961636;0.7530553185965644;0.12723857420947238
0.5064272933735458;0.037900501553989496;0.8257934853203908
0.15320223435663427;0.5960013867415603;0.9319222532834582
0.2943960353202629;0.3440128284762295;0.826417605979525
0.7410262797515408;0.7757867893070534;0.6905264679198336
0.27857354755392383;0.06932433757166923;0.9673046357267521
0.5275279817301992;0.11085248146739335;0.754069950096393
0.9436382789765575;0.7701954953498037;0.20241046258379358
0.7354406729791029;0.1417361486590183;0.23225846468336941
0.7583546400757026;0.3933334463801228;0.11523966835220512
0.9111016980718175;0.8135550845746561;0.4503306725175166
0.40577474675965874;0.0008960040365658672;0.5273780478086754
0.13141037675437683;0.9291578286861063;0.21514154386221895
0.4637131085990174;0.09188146166704747;0.5572077989535204
0.5665783119022363;0.7948154952160825;0.24151100980815476
0.6487297441595322;0.874395080368442;0.8975523892279555
0.7155029211346603;0.1830362296912137;0.5495593398008825
0.5817481627679129;0.14030713077119306;0.20434789910947526
0.752828920556232;0.9378458099274397;0.9783267229145673
0.4503416997758739;0.9378068993856582;0.21706269696508051
0.7994742874571196;0.2457871275614315;0.9668616952565826
0.1345316109028022;0.7932385031755499;0.6932014667256657
0.9831676599528432;0.7030805901892578;0.0072674458261634545
0.19061829058816016;0.9473048987678693;0.748517637492493
0.8401337057068918;0.748236489349836;0.8460295719706363
0.9963022106428515;0.19429304000309588;0.6405882048713288
0.8327723621014207;0.8391379410564674;0.5218530965801593
0.05457790980201316;0.6760029622677887;0.40219525900230035
0.889956815115816;0.30232161463657325;0.8739860668120916
0.3808568706185709;0.10781763020073387;0.39118184771778663
0.5288516838247815;0.30465130489248027;0.9956597867192448
0.48222326006963856;0.11090303879895813;0.6915189583793482
0.840464805986511;0.26055271891933274;0.3785233149452387
0.9797293190831369;0.7797433727126215;0.018140200091010916
0.5991241573519456;0.832175382017853;0.775932706930361
0.11837686292634952;0.6329148515318123;0.023110399220076405
0.9340528140074227;0.0008836204156775773;0.7461652406554807
0.8748243878777583;0.31619127962667704;0.7449628262657256
0.6579775577496799;0.23446689821439692;0.07969688350026494
0.7181647559075486;0.7543923564484324;0.6982848468240593
0.911192555674595;0.5091838449866376;0.03691907892013646
0.24382866358131094;0.27860037358368617;0.6119508869584928
0.6914795993572557;0.6885947743733477;0.6925424728840593
0.16047614209730865;0.33671298876253175;0.527577419836978
0.7849427806485003;0.195573549001132;0.7763762409642719
0.24375759067479386;0.582526581785852;0.3274577629246236
0.10691084630198833;0.5127246388018503;0.4435095711212701
0.47925037977748597;0.5192367908180886;0.396231473205104
0.6028935026163178;0.06254144469428202;0.5570650639689428
0.8531286536148127;0.714915175270713;0.8522749203682418
0.40714892962552107;0.40737238785851004;0.7677900194446453
0.30477757068504874;0.4665672900608079;0.7517961544677244
0.5439579520775527;0.2923251617896878;0.669996712539406
0.0918897541799295;0.1750605988195778;0.25843429966596365
0.4746706397326611;0.6958158221245003;0.7390327416903049
0.8976216511940822;0.48666435142001696;0.8518962948508036
0.5849923497683328;0.9885380539242589;0.7887294050580322
0.8296842085059578;0.9423161043900437;0.7213725122494113
0.07059168711467256;0.9821166803380561;0.5138143377316032
0.09222043493914833;0.5602095582534403;0.8287168705441089
0.7568668566334112;0.8247105819289615;0.5404469317154454
0.3520608289158045;0.8967775387720427;0.7117517828741641
0.18211974272428222;0.6132743313935065;0.9689138599016769
0.9234652086246057;0.06281936593962667;0.7931877600816525
0.9097073001059331;0.8644199898570989;0.5600783116991869
0.01661695083846082;0.408887927696311;0.4479722747699527
0.029485488728426046;0.527891508906623;0.041455117313930034
0.9524031906861746;0.9907767683155057;0.8442515205996282
0.05990131031439205;0.6842641179747758;0.9754499760703639
0.7357990506552199;0.5395257249531541;0.07197229050021625
0.8312538554710329;0.8113305203135948;0.22849883907472812
0.5175957167479103;0.04837646511775351;0.949863953581128
0.18287150935171237;0.7593727570312091;0.34348716241168187
0.8942055783728999;0.05789433427687096;0.21569973165114142
0.6078099144925965;0.8468436304346848;0.35599587956516265
0.9131393401002592;0.38503625447678647;0.05864656690310166
0.6647037294938151;0.08741972272912069;0.7839962986341005
0.9453543734608191;0.8936536715882293;0.7494405988906345
0.3071290281956197;0.49406500760432903;0.015391376315707861
0.24244503564493936;0.22930406822672134;0.6091821282935087
0.5005531681003531;0.6541042608850339;0.9606067953967942
0.980908172590342;0.6367716115636226;0.025240339494433273
0.5452053713170468;0.7899774314736304;0.32884967073461513
0.6725333496220693;0.8851342338092493;0.9818849728066802
0.5295367671594652;0.6074560422184972;0.6053010482782208
0.3916806378609372;0.376523243329536;0.9800583176705029
0.7951338429252814;0.13135667230916181;0.3360314709626897
0.9208270092473472;0.8913405659618419;0.25461951696779983
0.9443250328594863;0.762389886868492;0.8404543614030656
0.41846485719286197;0.5959062608257418;0.16235466683996358
0.05173333896618937;0.9897433266963005;0.25898064615599126
0.17298245520324518;0.17615582432660393;0.5569481553111374
0.8125612984321413;0.44849686789791743;0.5872125987749982
0.9773201042325579;0.964740072391934;0.6476163930379594
0.20074820980185215;0.12609031179788233;0.800516562658384
0.9750244690769462;0.9129197674355861;0.6553364233036343
0.4722174706463601;0.026964875590333892;0.9535213341078524
0.36024149418793805;0.6899209153092082;0.4664676842907528
0.09027137039626587;0.5195006383292023;0.7937491508828927
0.19736210766466633;0.9759236314177773;0.5180147542064694
0.18428509851195884;0.03173865650678742;0.49245065070177263
0.044471142243560746;0.9499335682687123;0.9781066719375633
0.8865290622736741;0.9350318608495064;0.3973157253130515
0.686011318362502;0.47055224040194;0.5341732818208892
0.07198391110938496;0.3731948952816726;0.1394628677318458
0.18319245807511575;0.0069782682406867025;0.8692639054441859
0.6114324679830443;0.12314389058843134;0.5844817789504665
0.2722242332930076;0.4726043641266934;0.6182941549729014
0.6776440544999994;0.3841665359118125;0.9035310716151559
0.939707490204965;0.3962753448791688;0.7060562708669332
0.426139613124897;0.7127514690905046;0.9978200221497924
0.42629041110812826;0.3224883270561817;0.10250365877508338
0.037805057399761144;0.42716886602190485;0.8734046212116371
0.2840500458315538;0.7160816311411387;0.5324063357322073
0.247035360141456;0.07527339805387778;0.9420812330158346
0.2994163249940003;0.049254748494178546;0.47130430386438626
0.24177619712925802;0.4564987020022332;0.9895906004139285
0.6002132513793217;0.14855640123824487;0.6808361668830848
0.46566296634958726;0.29282902233522534;0.8177434018852284
0.7416419208913518;0.7184020137048805;0.3478158372526988
0.5049164766504391;0.9828333805480423;0.764235656059913
0.10187532698491975;0.13558549784889595;0.6556671662912713
0.2532386382749521;0.6609872093310699;0.09968062608125972
0.4914674035692108;0.2647971790851621;0.8270052612625022
0.6896856646965627;0.3474918408109898;0.6563671011234956
0.9744711393527201;0.5036700902006186;0.8454785459945311
0.8833356594722406;0.8005483106429047;0.1058552770565867
0.2985113646784737;0.3610344261484004;0.41842081218050886
0.31222291973755045;0.19246525208994925;0.28078291560104707
0.3460908515370352;0.46723709041658434;0.07294011003564616
0.4797249415339664;0.8098310344579559;0.0661577060943872
0.41280720918079017;0.05793199341504096;0.2939759341690392
0.3719897662769154;0.2086018543972501;0.03228789770187923
0.6076147606614184;0.941440095384141;0.12087176986803205
0.20764416996216384;0.3753721288805101;0.37004739205237946
0.4518347124095323;0.5545941771142544;0.0341826681222589
0.27051253922112617;0.24602473636261457;0.8612438406923475
0.5839783892096431;0.6532425541075246;0.5277593644501708
0.9033378239830565;0.1356761526440693;0.4966507740831718
0.6033917491286177;0.19950031504870458;0.0612979112520915
0.8865272262427386;0.7740203081394998;0.46870753565500556
0.5693106523534988;0.12587226404603336;0.7932912326713764
0.7838351588283571;0.6562841095931846;0.5889800546721832
0.8639448546319894;0.42123140256523395;0.7710622684695619
0.19081285462598452;0.3793189403780809;0.48869743208606553
0.3829605055437648;0.26221542874218573;0.8059728664707568
0.7223671562179507;0.8284485908620712;0.7212461841505514
0.13150772635281938;0.34519110527537733;0.016452416554397886
0.7229091100583784;0.0006742622330985215;0.18652642680174025
0.8098066734902598;0.5596120665818496;0.9168865660340271
0.9116362150288967;0.08034020093580152;0.9724145050820198
0.501042416428133;0.38267073430218845;0.1886432068881856
0.277193423518697;0.6248306745507705;0.9414546912866398
0.5560709266015822;0.7538484300439457;0.035372198353319506
0.029299609339335064;0.5704612635103555;0.14473650581083775
0.7173664725016946;0.9341304166745668;0.6405788073786803
0.1603858263657797;0.5568530318616132;0.2798567528361038
0.22579528888198497;0.26483549905358283;0.585103484218779
0.6650992048269868;0.7668070789839657;0.2605342450481615
0.2320426227911151;0.33370744854654966;0.5908488323256145
0.15505687380569433;0.5524092807859075;0.8362380954179308
0.1294398816609722;0.39427421125838547;0.15419094437751124
0.28095679705160115;0.6463335776485106;0.7172124042305733
0.8767704191100228;0.25273684932109053;0.5699790695491082
0.8260486923377534;0.5969654952965479;0.8070672036934988
0.18131404701692255;0.8975033422023;0.05512649940770353
0.24239822087027973;0.10278234184848112;0.0832823500210984
0.49182056351029124;0.26300572997604166;0.15573001592388458
0.5850229041649329;0.20466437570662355;0.98153076621607
0.5813983401727267;0.2758927976328335;0.8181080519820916
0.300386176255523;0.5145855926901831;0.15546911651200035
0.2748694333154076;0.17253817922929127;0.6029373187435787
0.2702039627096279;0.8666990101434332;0.8500656481110048
0.6581665405024889;0.4755078776016378;0.10258178420714725
0.7156946001057487;0.8362393782404964;0.2757559003937148
0.6110079269575814;0.415687828735259;0.1165881081432184
0.9623067936497902;0.9573212962961265;0.11404656732930452
0.505081116148027;0.6823183580021057;0.08024861362696756
0.23566716675127264;0.9784615729320075;0.031937546343838386
0.21996007860364863;0.7769014588390989;0.1550724786078893
0.8798547906965959;0.5441114976928292;0.8518740504815542
0.97469257313283;0.9170705661410141;0.5650896291740947
0.4471515298961616;0.11435602750750107;0.14192569457823434
0.5801356883997563;0.7700893203024646;0.8306287140078245
0.033038831994739226;0.9354561740448799;0.027283261987109064
0.6638026024695683;0.8545213008205325;0.8853325948327831
0.28053388262585566;0.6417218073619869;0.7311507439892619
0.2447979754252173;0.6518266446669597;0.5654149370637374
0.8497515052347681;0.12308007520155806;0.4697636096271295
0.5942790848384675;0.2884741426983449;0.5509103568739225
0.36638607201381435;0.07154375095925158;0.9897443538005337
0.21145390249951435;0.45481314707350073;0.2726490791546927
0.44737424894208777;0.6493129297951085;0.43962065162232167
0.44509340269715525;0.47611544534989114;0.5657011321833437
0.13815342925149865;0.2688823575300531;0.05543181041882417
0.35596925610691144;0.7330234937837415;0.519401771883054
0.36789113222939673;0.6548486019579672;0.4468875516665677
0.6124071880718616;0.6014888470857281;0.6110102852599152
0.44319473486676353;0.9524391679613012;0.8611330581544995
0.8191082147020097;0.11260309222628662;0.42079359631730895
0.6162293237359143;0.4380731856258777;0.33939401299022165
0.6933563210786873;0.9400257485970104;0.76284089820019
0.6204860959947859;0.7232824700565195;0.409037280039515
0.47429494035899267;0.5479988700646723;0.42464429061520637
0.6996672780910623;0.3513163305715248;0.3849623675809748
0.7823324867989744;0.9491660034813738;0.5214709351303433
0.8845419494459696;0.13762484464329028;0.3171739714799955
0.7854341326143537;0.3655092041361351;0.37097631233260364
0.6295362447629045;0.40752638182186085;0.06066937691909646
0.3883042567449253;0.9489712843785197;0.8106005948418724
0.8515922506288488;0.7397510011488081;0.31989356975871985
0.8785238824186574;0.41561323538552863;0.8521055951839203
0.7195731143157508;0.7936470918601688;0.8333701198320269
0.6247164985506426;0.5211785970834383;0.3267253765746274
0.3265238383022956;0.12111104692688313;0.35269944575113366
0.15034491081282542;0.684781422810944;0.16689212814652976
0.37305410486162427;0.2671836480512454;0.748777676201764
0.710527757441701;0.6285586083507483;0.7773450221174969
0.8938394800948839;0.0373366912250076;0.024081114430077877
0.6364442009104065;0.7164360456798566;0.5768570897801077
0.17821928106296925;0.3551666880394043;0.5737303715641601
0.08466605596541077;0.47538440066108;0.9413127005893301
0.33474363117920913;0.5715086163704368;0.7355507079478903
0.610204263334643;0.7656856939129733;0.48653396195776355
0.7010545259223462;0.48162475037101893;0.7920714144966481
0.1494944619922398;0.4371713028943909;0.6226337332315303
0.23570341288185392;0.23544604804153535;0.30588274198820653
0.2184701003851427;0.8052915951812392;0.8653488227001292
0.8492096973208838;0.5238531457171007;0.0780708389874436
0.17090453511780912;0.8273532344583053;0.6577706219443856
0.868201677165305;0.7588821469863225;0.5253271337471925
0.8233764776486299;0.7991954740581175;0.43780553217606544
0.38334026738228166;0.8119067221212594;0.8955520053063196
0.4751335465216753;0.2000279719920669;0.2519145762885576
0.5250133657826965;0.11820245451700628;0.9077935694249378
0.36489334718879096;0.35512112095915316;0.9537236148919597
0.13947494528113036;0.44378091268329767;0.10863673488263947
0.06233272953681834;0.4183124330678958;0.4370001090674285
0.3788239561889566;0.44534220692333315;0.7095671567853643
0.016018998523701256;0.1888368828438618;0.7014741415298383
0.9455276234141445;0.18036913239432828;0.8113343674079574
0.9270566765362656;0.11748832132237597;0.2675450244563349
0.5014009805161089;0.44035776551091044;0.3575915068307276
0.23568164437879557;0.1026653105092099;0.9136582471496504
0.41887023262594725;0.5910600384754412;0.8492739447887723
0.32584939157169945;0.4809961342426978;0.8084664544830525
0.6427566442251585;0.4711270963568268;0.9111294048705795
0.09063341567002514;0.5465774495008952;0.015433036561771307
0.006373928627650294;0.6873678910239422;0.7227622619163102
0.717815405158367;0.6579097731315908;0.11130183566946084
0.9071988062063088;0.18106067080134103;0.5767045305122925
0.13796154463870558;0.6480426399809097;0.9613862671878188
0.1886311719525936;0.10244387621869733;0.0863819556003127
0.979075461147337;0.08077172758855322;0.821971466093906
0.16990141397708136;0.07489709303766068;0.6984666185278275
0.2808856159050602;0.04970634590243772;0.5931114641120148
0.08243768192069512;0.44092052168748386;0.9757591599483305
0.44100116958463087;0.6054280255389659;0.8632067544683555
0.6752266902573726;0.679216958734553;0.27199326744691843
0.25486416028235004;0.004555643370617202;0.6432758140607582
0.9813038391407342;0.6156200378571062;0.4956181040008376
0.6256343184807126;0.31886146662261616;0.28944032569518396
0.6689454225503895;0.7534699198790136;0.5049264200082803
0.5324824633077487;0.5256641959441092;0.6278460243043436
0.09605573109540999;0.16712942199233272;0.6211570692655684
0.6642944852993515;0.6098113116069703;0.06871355424381453
0.3582781225557764;0.49405771583735647;0.9460273707979262
0.6295082312922251;0.8204209731828682;0.5492459443457672
0.6404155565702543;0.6968365655492808;0.17552254156975133
0.013251557640999834;0.7819913908767496;0.48663741117983805
0.8811604515823851;0.8328940120332015;0.5491735443662651
0.7161307592054234;0.0003884520733566932;0.17176035195468653
0.6674324581337435;0.5763678167192547;0.14245245677327678
0.6754995383226505;0.8770252310025126;0.6385498889554416
0.2621047120830743;0.6320037891086497;0.9334281617613195
0.3097910046572425;0.5478383164431234;0.7861722788055858
0.0002586648098836797;0.34029902033147297;0.7746178102422625
0.8761461587603148;0.8690132941784062;0.05254812285334054
0.4593310916691151;0.31487310080183195;0.32349987438226935
0.9103037575821344;0.6931317208155314;0.2790056878664483
0.3754589787970736;0.47535099986247564;0.29767129998562214
0.6894396923573555;0.3572191353220604;0.7432791418335665
0.7950733220354991;0.138495624295063;0.037313213211881524
0.5607203430924788;0.4812096225692367;0.7586837682672444
0.3805950145683178;0.4436592617488381;0.5824085402671301
0.6831748660277019;0.9376045099024561;0.10458094603989299
0.5016632603484074;0.08901151781764993;0.7121778073300271
0.7830531786085166;0.5628599657483778;0.920371286751081
0.9363933518572504;0.5123962660787899;0.9955381003014223
0.9067976338009427;0.5914183514511498;0.6197021700135689
0.5922761446686162;0.6389655085571094;0.161115214196075
0.823383401300706;0.8856655226935332;0.4545111844429536
0.04472279334964968;0.9326345551163755;0.7805287399431119
0.5256653637070995;0.031317512913847545;0.6272027405907952
0.45620150000463366;0.23864334289660016;0.12169168111353867
0.14597359045440828;0.12696356033305656;0.9467730015953668
0.31925316328996;0.24778899204056004;0.5251764016761628
0.29518902595320673;0.22065995936184923;0.08579693459934001
0.7331096772447981;0.7374788935461988;0.7566626437176892
0.9268460305983187;0.2015668768938429;0.3605036376334694
0.5934146654063989;0.12769675579798923;0.720273021686656
0.13938014120248532;0.2342567914364292;0.9550424792833005
0.9857525814576173;0.33569658483390175;0.8767361690000695
0.23621310730470646;0.2370931363612756;0.0526299465144725
0.6188799846224374;0.9872532102214152;0.055787659064581496
0.4693281112176544;0.6648891104517015;0.5203876521903301
0.2647325122440676;0.325149342838958;0.8298959352591645
0.6813278780429568;0.7185341237691787;0.5120346504188246
0.4498060198994963;0.8436306758226341;0.636008386982481
0.7487880182582564;0.20278152405527805;0.8963498468390497
0.5989523955971745;0.8286238194764455;0.8858920336249062
0.38695739381146255;0.5991033331334817;0.4602600973797085
0.5667099564830986;0.06887341058849683;0.27270793448307373
0.9449673344363362;0.7899943009260247;0.25764817594033906
0.9793024742817003;0.9577114956247752;0.12643564145894837
0.9591530954425131;0.11297688099947167;0.9312603414302681
0.30308163040518;0.6705192054415037;0.29594203700024757
0.5727057244514484;0.715449438206316;0.46785938154271933
0.5688604900225792;0.5493084267121409;0.09223911079317815
0.13757183978844223;0.5602035445334262;0.30893590238383506
0.3905554486978665;0.3600228809589402;0.5849916997926667
0.24843680518579825;0.44492571221237587;0.8994080639676754
0.6398386830629247;0.04201416624560261;0.07903905561693447
0.9907537507562357;0.4066308412125037;0.17532581075035125
0.7031063993793337;0.5293092477919259;0.49984425534760946
0.12204826006471392;0.7876761590053417;0.2537952233571006
0.8489288116481788;0.002642379888136981;0.560842451015864
0.5396656956806551;0.05716483064161748;0.43261718179645203
0.16088360135951185;0.7757109323029058;0.6130197732337028
0.09394163291936108;0.06014847059350259;0.056461123910750866
0.31215170823042837;0.7700477301981362;0.2892676277181532
0.8203204948900187;0.08243453192666594;0.8476309110239332
0.36815489559878456;0.9444382333881852;0.9904666511292127
0.572314392147784;0.25018165221067856;0.5906971084682797
0.973680348208549;0.2515120496513661;0.4525796857015332
0.2987311029195282;0.4771107330092941;0.9246682369172887
0.6602259070787805;0.3226870649568664;0.41399364583922793
0.9161411209475581;0.05906088922086972;0.7126140297217525
0.6455334595604575;0.4106338712643651;0.9583738899905521
0.16849792116746387;0.9307643794071535;0.4517402561208932
0.9430983798897656;0.9991790679688886;0.7699864811746832
0.49180040081191023;0.2993491013441355;0.7000378252242992
0.8342918212347903;0.2710380355143963;0.9682150206960262
0.18535356574049044;0.9523607475756987;0.9795779047466312
0.37780044981714667;0.7404578665324519;0.20811201313779193
0.4840322219917472;0.9375833862479592;0.9576756369941354
0.9473715734491263;0.05859592065932828;0.39255641672418895
0.62651965707861;0.13981171861889274;0.19673886347226988
0.5102965716783427;0.9000889478158999;0.5150149736448024
0.9322616270616884;0.6483922750318132;0.3501450122248725
0.20546284588817976;0.9241254200254634;0.6381121081836788
0.29614148900458703;0.36723944718537815;0.3369809419228047
0.058892292036506366;0.8300480324707812;0.8167110077397223
0.24794744669346158;0.1480384478775857;0.39502533750910185
0.4923676829398447;0.17513343316595398;0.7174175194487293
0.5422032400097765;0.032050568354634046;0.65353183497567
0.902838024290772;0.09593936011095794;0.38422743613758836
0.9380018332535206;0.9896449204681981;0.08520432827104985
0.21759717335768736;0.9679172328955058;0.545533816290708
0.566190683691722;0.8316713376313533;0.7919513503238153
0.28968130773244205;0.24901592986367638;0.6681394220412181
0.15488762886914875;0.9103697797782937;0.0588682494095123
0.4108889074500992;0.21839470492788782;0.301873354083276
0.18903233971049727;0.18660949819005668;0.7242954667609811
0.7460031364097567;0.6382204762002103;0.1901844211833562
0.42372259516360566;0.16814256894755752;0.3651841507750031
0.658828344690981;0.7996390158533485;0.6764726491750815
0.764619550922469;0.4302128878734105;0.9413817559357975
0.7355776110643418;0.05385890940331439;0.821013494728372
0.7323648019701712;0.34337229892762977;0.8990937748489832
0.2951536461029004;0.4663490821443286;0.14269821852165943
0.2929267562381883;0.446671922758205;0.2587034665852873
0.8896412905283502;0.9737290580475485;0.8003276727504828
0.9680969053405001;0.8027966544419312;0.28540598256665484
0.21668138378489255;0.41322558241732676;0.7184524203847178
0.4859105986484714;0.350377746743337;0.7809564637227423
0.12300900784626634;0.30513934208853943;0.892596443708211
0.9852754226085984;0.9224054287394343;0.23230291672385017
0.40132619605373543;0.08264938065651051;0.6795338465542246
0.4889064165356878;0.9448594355970052;0.5057049208925206
0.2356549296018683;0.3236806213399156;0.04825318908918386
0.8000278450355071;0.8826160407783683;0.9107899729714621
0.27078800781301915;0.8807482035964661;0.589329763174238
0.028869978409144292;0.38554994605259385;0.017452267511222086
0.15147496360276302;0.9322120442614754;0.7963047663620102
0.5824107725129594;0.3962459179323322;0.3127967338155102
0.724294875040106;0.3140700488936514;0.7374729978043469
0.957536423631132;0.47019930705610247;0.20090553207981843
0.13623895872059888;0.5628480688692358;0.9719108622641746
0.17196979132808143;0.4273999767507568;0.4637008287785295
0.2875623147837828;0.6959174058498506;0.024507464884718888
0.10415526121668961;0.184214736528434;0.3665206269449014
0.2627764253075372;0.2758726267175763;0.8026722527022707
0.6224327536022914;0.804279799452531;0.856266489985119
0.11349800860429948;0.23873996556688915;0.1989578875195751
0.005540026023988287;0.5629889593491129;0.21767674840296913
0.015399053439069443;0.2679502510667712;0.49439104464099315
0.28455272224613937;0.4307781627584155;0.7740879478066485
0.9441371867868502;0.9251206471821803;0.7502012514649528
0.8997606473604872;0.04052981493392471;0.7179392960180307
0.2438187743445196;0.8081286567277922;0.45297518343914767
0.8656315101188073;0.7926578675630671;0.7034712201448284
0.19057001890693115;0.16012636731401164;0.8047478963341504
0.17799005898336406;0.41294232226102245;0.6797872110745922
0.139660225484448;0.9221959246611225;0.24476442322307423
0.2970007746626291;0.7026460523515493;0.3761439198153551
0.6577492164186892;0.4284466435482174;0.4989883786727115
0.6564822868247921;0.2123331993171086;0.9324951420757498
0.3477386207305665;0.43314292069157634;0.466213104928037
0.3231826149392304;0.7528472007663689;0.07743705532386813
0.3132605195411162;0.2749348483514872;0.17501782489156448
0.7670498778964467;0.23494682402706968;0.9842920122676405
0.4205010128668777;0.1892556171796731;0.20976616715445262
0.2689075675626007;0.12437383698524285;0.4346545939643397
0.2170792214391587;0.48998661745950045;0.13074074952616987
0.21531486607701922;0.370074919262261;0.878343808247562
0.10249176146604977;0.4977565424548107;0.4605412179314692
0.8055103632540752;0.5750255013554253;0.4543825088717752
0.322101407913407;0.945672342123275;0.950486289501832
0.29987978503484014;0.03529790820416834;0.7473874884100323
0.33296988647574177;0.9006273169848384;0.8948005591403
0.9783873035592786;0.8661191712960741;0.6949574103610943
0.8284851899556198;0.9152153509817018;0.3147277810382839
0.30616019937770533;0.3399338173827454;0.1633412652207018
0.2160507480731555;0.7784448378651398;0.9139731605909077
0.3232863579069487;0.9770688531780692;0.4270335031930893
0.33608518070086546;0.8591045989063424;0.6928875947474933
0.9749964537848844;0.6098168548250494;0.09426759748240421
0.7871302765927504;0.7180991068379521;0.01484324531815695
0.06875044562783872;0.24720516841015594;0.3841774270233336
0.2894410288860796;0.9346106886873751;0.4108718949405994
0.9028917643444416;0.9467471430062078;0.5967122023972611
0.9650714657533048;0.2945007846618203;0.3745202856331332
0.4108843382485793;0.48029109336971065;0.40965947446331874
0.43125587747366256;0.23052890431112794;0.8366112803373448
0.24987999776734315;0.8385081011421792;0.08722213624026054
0.45822653317999906;0.7833047140865995;0.6531334856473239
0.042618220729382816;0.2713673863020727;0.12893386473866952
0.517818868128248;0.34921861409105304;0.5609008259798898
0.5803799999849797;0.39067519101485804;0.8546818342979792
0.07542124557984109;0.5847541865248023;0.9873422317099776
0.07227163386175905;0.1736167183285462;0.06785721517639764
0.5461552337446948;0.5330513542369272;0.085389697686718
0.31577928700585867;0.8429256104099994;0.706160334757721
0.715544452058957;0.46779497059222674;0.8897522153045401
0.5726654300782541;0.7044955368040385;0.20283907918283195
0.1971869111980441;0.8464263034192611;0.0895964439222231
0.4208600439227367;0.832605612657543;0.09889100384194505
0.3480583374105599;0.7257524478584495;0.8650721062571383
0.07066125085939368;0.8942610793058867;0.10260863871542669
0.9678848848299868;0.2661339440104994;0.6325363665579931
0.7662464520532031;0.9268974184752536;0.04460684975919338
0.45037741041044665;0.10865797070932137;0.37608854950541315
0.16494847709903182;0.4831977491846421;0.7046368719462495
0.386047238560003;0.673374864137639;0.8013908027620884
0.7559486060240889;0.5110850639938309;0.6830710453759223
0.7249037734434807;0.38062201514024885;0.045812242531655056
0.15760183392053684;0.8846220509384212;0.6142534159894155
0.5654692121776677;0.22861196230035774;0.5008297152658587
0.9493340520780799;0.16006576127782035;0.6182735886483103
0.09480974885985449;0.09616264869130353;0.24198165686783135
0.803866039176668;0.26170495022468987;0.20221162340210685
0.43310136682819367;0.7540853551975898;0.9252628720064734
0.16244629591188176;0.8751029308945555;0.9079751886211278
0.36217786166922394;0.626562471065529;0.5594303084309544
0.8063501418269878;0.5629270249604758;0.6546857317131156
0.1971332015063082;0.8185833457345495;0.6991344128161094
0.708395199523358;0.20741215427342996;0.13901006452783138
0.7219161317898886;0.6059771537417697;0.2766954158788997
0.8677811947049252;0.016137322899651863;0.7938620362018416
0.07187316198389249;0.1760869696605476;0.19597104334421367
0.823332978869983;0.8840008288299033;0.8046993133892588
0.1799333980726;0.5025418768130747;0.9388212224716942
0.06383548486950552;0.43731791283017374;0.6631005801729989
0.37836787097944224;0.8624701380144532;0.5317106009380222
0.7929959310269437;0.5836033872485087;0.7682736392989418
0.8326515514173047;0.16256160276367604;0.01241122287965779
0.06108820826009753;0.2554361217168921;0.9921909500064182
0.1750708886963802;0.7083858310019782;0.09161093233174167
0.7677678539016897;0.24445203198213594;0.8905454205770102
0.8079934191642095;0.3685853717555214;0.7785027245912247
0.6579044723968368;0.504185399610265;0.25962339662112555
0.3621431383024397;0.6220869820127164;0.5944439829062304
0.2531988839190418;0.8907463098101606;0.16027120843560172
0.33343241705514126;0.9284027830007662;0.2126432579789178
0.6734197647129273;0.5436247059157178;0.0520346688873744
0.8089013103590934;0.6942274498097453;0.6500529014649423
0.45222707864581013;0.8903721380286278;0.5655375996284875
0.9252143784389824;0.3032407393360521;0.4600362317145139
0.28607217503212556;0.9512728493265467;0.12418222929498757
0.7201039540087514;0.4191091789118686;0.8439386141157669
0.24174167491527787;0.31208948652525004;0.3425652517017097
0.8346694462348575;0.8126605574656721;0.6651584650486178
0.6920339671787028;0.3593765552076783;0.053240636339955905
0.0969222726377621;0.6083543930941159;0.08047833839484353
0.4210508972166347;0.48989480425740306;0.6014539075382623
0.9695830753526886;0.9594814290495266;0.07495960545337943
0.7628198091663712;0.27303240865971146;0.2167768634878725
0.5107692679871187;0.8720039141073058;0.7670160229077264
0.7631630370366749;0.770506300934131;0.6062972771494849
0.40678192135559743;0.3704325823903497;0.8267760336738273
0.44471435157191497;0.4342473013317939;0.6380834769429078
0.39178521936363286;0.9629678196270461;0.9840621524178741
0.020820172220919253;0.23870937981933882;0.20343538255911586
0.7613083405636497;0.7783212587018684;0.15789131558917635
0.6127681888962171;0.7285876296595113;0.17693726863011228
0.5000642560387709;0.4244163265047498;0.3176670408396809
0.6200247884668154;0.5715485698766151;0.21341402746399052
0.10734295074052325;0.4498400461771169;0.31467268715883534
0.5688002971076471;0.8890485337677494;0.9128820719437286
0.3727597786409258;0.16571274956920024;0.06720697036718426
0.4506614986534828;0.4091973672302096;0.24149912319711175
0.26822992304513893;0.04941832785833333;0.4562262435155243
0.7666043229705225;0.6782018366817626;0.4891400318450633
0.2522101274249251;0.8125063256989634;0.5541029767275895
0.6263547228594292;0.2388183209991669;0.06677647446514179
0.7198440659112377;0.259926675671156;0.9854988033830149
0.12364161816633668;0.48175872881456816;0.6885510586983592
0.9218402234719776;0.3203299249521009;0.03799124014569333
0.8176203831564504;0.7248284100640514;0.30847848525365695
0.2884998046352585;0.49258669620262097;0.5249691537837412
0.024196210931356932;0.6963881806041663;0.05309517254208096
0.3220044770484558;0.30475758608540837;0.8969270467817513
0.7744313703298389;0.5621455960849356;0.9930925945095513
0.5742946293367098;0.6083411261311784;0.2517420992652968
0.9874826334588553;0.5690354817896128;0.3843468859492468
0.10632077063901557;0.7944221627842235;0.07501490004340872
0.9026361376488037;0.726274854058091;0.6768699924371373
0.7450484262896794;0.04734848315854401;0.15564596781812956
0.8866049105807954;0.30393360141446646;0.9015547183479511
0.03483070824061085;0.5168998276890852;0.2354797992879274
0.2509879656862801;0.4991162520664494;0.1715706418077947
0.7477180644128479;0.19573565738284548;0.47740517379558745
0.18425263057639074;0.2017778641103205;0.5904744607197203
0.5921655967995237;0.1015672059839875;0.4424633224859468
0.43550624421595396;0.015265121281586191;0.1864522257839364
0.6684014556788019;0.21796777992282135;0.30861951307305
0.7777493838187296;0.8476488809979258;0.8292237280939772
0.1028517234839329;0.5268915616546614;0.1461622053953341
0.6901053482993321;0.03756216788759459;0.18731152431733522
0.9332480888900475;0.7256868127098579;0.7862432180073193
0.4121816744632484;0.2670203099739783;0.8622150485153166
0.04291660573492517;0.9295955922644108;0.0385777559666961
0.04490835055443643;0.036504776098847835;0.04617301371259508
0.3412979054459896;0.5554305037956512;0.053986037373524365
0.35152647199377274;0.14487235072300808;0.0893248040700394
0.3717201806714394;0.48893086577035183;0.2723830424962306
0.9254733720776439;0.4105630899643349;0.37262663010187735
0.3329724337861092;0.25567385314453106;0.060416101692353785
0.917769064143277;0.8500116251909803;0.4278433703165542
0.8668426168673891;0.4432629389706001;0.5187430665182355
0.4321715856399321;0.10793734737061877;0.33628676860093265
0.18724836259656563;0.7801931142776343;0.7341460271805825
0.0784382256706313;0.3469814374827085;0.2282338908518231
0.3047472106189465;0.7402321360432046;0.7112546704305595
0.01305074777274462;0.46751003569598304;0.49654367855885917
0.2296847390712965;0.9940909117767295;0.5976499008212048
0.9611186231139139;0.2020934742032744;0.22918921971354522
0.4799537544184025;0.39306781973211413;0.4598389590847922
0.03591926182700245;0.1602105855530308;0.06327813510742608
0.5911144484651775;0.7736522374769192;0.7148849050749538
0.6891681956070749;0.9534151877825169;0.9402205005715086
0.9556514380992917;0.8967495457601643;0.9710995618520949
0.281998903736984;0.29494551367772837;0.747738761223122
0.8086863548649168;0.07648271424287101;0.790574911901368
0.24779793927876304;0.21379507915852736;0.048424241875464014
0.9669278671509524;0.5696077138126768;0.761044220519643
0.4337122764121931;0.4250223334976937;0.4724259223688664
0.7339539795157206;0.8859531899445164;0.20640835361276977
0.8409282030169253;0.8315299314110288;0.030314192238289683
0.9287372388582117;0.43372762086600325;0.44107703273227117
0.39622149769676207;0.8191292690297864;0.9623377497509308
0.17113069343069998;0.2924556913529778;0.3589485905844917
0.0993415559959745;0.24617774061563713;0.22379490560377024
0.8108466225470179;0.027528374669030464;0.6143719826344516
0.04083352837634768;0.46806988226671575;0.4395934692288066
0.19846460618234085;0.07432324465283169;0.15440508607162395
0.6841648372590331;0.38832595737168374;0.5405079915402329
0.6447773723898752;0.7066739126383168;0.315382281676135
0.8241832384500815;0.03569910641491947;0.8324647168305275
0.4844283565119557;0.16027069238586655;0.2104037576589517
0.3768709692170005;0.6321284062826148;0.6449458145689927
0.8621823317565285;0.5521293845210173;0.7792490689375204
0.24026000889728583;0.2371900982473485;0.053214612243895454
0.8869005872200901;0.025842837496580118;0.9537455855639323
0.5727730213349974;0.004353454627263109;0.4290077440392732
0.5156243993047315;0.499431863831471;0.2284995661147009
0.5195668692311471;0.07006153763427336;0.6497327803011043
0.4893888100723526;0.30071105376160523;0.9482585335903084
0.5888085107199036;0.0744734385819642;0.9032962580202943
0.7490244674305043;0.5946448366062398;0.048006132327528483
0.4470175488359298;0.10748973762574776;0.5783408245633429
0.3896333283334238;0.010638273905032247;0.09177123941875831
0.45198579784219584;0.860690049784896;0.3107308931134103
0.04044866258601465;0.9092820239953153;0.8377617500041413
0.17313552524211373;0.5842696585407618;0.7326058250942262
0.04334266523561692;0.4936912498899776;0.8879067585283056
0.824068772819485;0.07121107157850637;0.6586212000545504
0.30460568123485754;0.004721145155383355;0.740705265210082
0.5870052751411549;0.36804129025835375;0.5555790295034009
0.007899138311338927;0.35743043740024794;0.1902728897647632
0.08891928555010764;0.22594560830021126;0.5073493800646169
0.20680924155168467;0.31552556860714354;0.936709830111519
0.468025811167769;0.6530215327982724;0.2579818659190819
0.559934750023968;0.8882754260359628;0.5823912940076715
0.9906418664754189;0.8026876934059737;0.7958818536746458
0.9081677829423798;0.9472008160522551;0.200061877479059
0.4529806190898289;0.6189096105158031;0.5432634842177471
0.24676663187496184;0.5434765695846022;0.8279780335228004
0.5210761902921962;0.7959930014515794;0.8441601465311832
0.15002070858221395;0.8781680387287801;0.18725097699795812
0.9466241839686055;0.6035388438521837;0.017995205599767083
0.37731467467186;0.3573280451743367;0.6231998648012291
0.40604836642472497;0.44710967521050693;0.18973807928214237
0.9413141191457897;0.843993088389589;0.6826994955503538
0.9176490203604855;0.3541750523117362;0.2536725716898601
0.6534959140898435;0.4335287554505546;0.06877406090884886
0.7843888354751999;0.2690535238255558;0.6514894593147641
0.1353846012500155;0.3641857010014795;0.9421222484734103
0.1713937945385401;0.4336173415446789;0.5053841098113474
0.3279042691255277;0.6399037520451072;0.23661249634761294
0.21894649042235015;0.038849222732817545;0.746009977906537
0.7720912171927315;0.7435582070640957;0.3286900768534632
0.9034356933821652;0.2691106538129492;0.09124436938086322
0.3292831802230908;0.8138318589273744;0.8864063426602095
0.5481067114758069;0.14621193046207237;0.38514346166905433
0.23777917137581017;0.3628259693130337;0.7771086401968387
0.6797771892353824;0.06138740785189645;0.5189865522496493
0.44993579217675894;0.4816689024259664;0.04782030103440604
0.13489374442963853;0.7003334011906593;0.05830172404579026
0.5681520585988732;0.28064735106784056;0.0922467993984808
0.14267741245992838;0.6376341691032862;0.8848713954646197
0.18546001221467612;0.3222306561497311;0.28260183651412196
0.31653409845275626;0.5699439697945441;0.12556940989509557
0.41296958170037146;0.027470020533643336;0.7296750118457626
0.8624119415248879;0.6202124917318889;0.9026006290368151
0.05473574936978243;0.05415537340117593;0.3617375236853788
0.3380204267398097;0.801205653122003;0.43060823371207735
0.685845779620148;0.6066074245951629;0.9869317687057818
0.9809477017506054;0.40380029506388804;0.25704632824373574
0.6870226992712927;0.3047760931525836;0.35741482330444496
0.8175373755702403;0.7263895578686025;0.9864293814866455
0.32329199398420694;0.18428369067241845;0.6891396374385048
0.45260004223839967;0.23758199830365756;0.111703760945563
0.19159487039502787;0.6688566414254632;0.6949354902450153
0.4297195597787664;0.06964945046058724;0.5627941573849025
0.41854225336975404;0.6397138467227471;0.37566674008827783
0.023553435517685184;0.5749934512435753;0.46675902510764655
0.972604469351735;0.0680897776360786;0.07162089267461258
0.39129745477796263;0.8623803702727663;0.7046366889734287
0.9140203212582241;0.48634007815879454;0.6034946409808629
0.22581638551421734;0.755706211451343;0.6927461310656011
0.5178330959989306;0.4204693949993483;0.04995510762021549
0.38659140875176545;0.8875990976745545;0.6849144518367932
0.1426340266171474;0.21434937388158815;0.6828791192537466
0.8654379956555361;0.31014452973587825;0.4540204301174735
0.1609800118594199;0.6030598525049397;0.31174681607181487
0.479897330192813;0.027189469307420833;0.8608535036144414
0.747982503359365;0.8017025688898455;0.4622127135609191
0.8808112695410212;0.9004182279658786;0.5228478696766912
0.2151363838520829;0.8425520812867568;0.4471854112546465
0.12250791946132245;0.3226661592404343;0.8760656368668303
0.5853369771850029;0.2658313883223701;0.13240097729557665
0.7071823455517465;0.23089944441850907;0.04336718172133902
0.5239152746340009;0.700421735169442;0.47311343406315176
0.536485994584153;0.9051901711309582;0.9045550671037748
0.1857393127983935;0.9297414906920372;0.16119104554560726
0.948448899077761;0.4929409006131773;0.5611677594276241
0.19523888723665817;0.5585454588954166;0.42251348373413933
0.8749766301704105;0.822291900684037;0.4223733445186305
0.9956897503959614;0.6630641046250465;0.8835523380450931
0.8085600497685171;0.4252071834782316;0.43007898441809356
0.11014622008777386;0.8535033413680314;0.5498360495217609
0.27144406312273706;0.7871169893796311;0.09437073524428863
0.5893351272889767;0.21237812741400752;0.41772089691685177
0.5134306014716785;0.007705978096525179;0.7748811779871501
0.5750263805687548;0.48151107435038365;0.00308243665591168
0.21701019156174794;0.4998151535204569;0.8244674247988297
0.8438134912706946;0.14850756962586031;0.5518041237193178
0.38504303446280397;0.3839475356071409;0.9579310229250149
0.019548292968440073;0.9065777700626707;0.47703111636485085
0.24580020945214975;0.06175437970504605;0.2093313480676583
0.37685822568166527;0.1808437996200869;0.23734139260990839
0.47163734342771235;0.6377053433051565;0.5263640529220908
0.29774975583686025;0.6148530175930572;0.4178545209406761
0.24809808854962168;0.4883935755628901;0.7581236718475931
0.9712555610603588;0.6769580897550898;0.21630533303056965
0.8233192763693961;0.5881131317260464;0.10667215096352245
0.30612031078345237;0.8093066292617604;0.41834346514994203
0.878314543439008;0.6675589377054532;0.7597380942754781
0.299068979034233;0.15517224447212885;0.7099258443137532
0.7129438462946988;0.08813253289238054;0.38002550330318396
0.49520221566998424;0.895549450960481;0.9508041846294817
0.08358556751843194;0.07094029606630736;0.7933681139760201
0.44525025200547197;0.9942974402215993;0.05206903973398924
0.4774070335315449;0.15043548446723098;0.7744534051159621
0.35174747936001605;0.6748600919572053;0.8777205609449067
0.35960734911467407;0.6359072229867524;0.3024651139591986
0.9943142483994019;0.3508319393406918;0.46072389551518467
0.3719512505482411;0.90506289837172;0.4478920669024936
0.05199099922237116;0.19667060975945716;0.8308557094264063
0.1504959851580442;0.971366280998331;0.30702050021854377
0.3047938185819853;0.8957638912879489;0.07151000763195392
0.45359775703992533;0.08726623038635073;0.8231048024384554
0.47501007529939254;0.905955363711368;0.26868722772959364
0.9104130736953259;0.5036474814091585;0.5435678804312509
0.7542773853981457;0.41260385393626564;0.7163926849982958
0.8496560826866228;0.5630286406256398;0.7698495685477759
0.6164168060437589;0.5788553331189177;0.04056167834355895
0.29268294556473573;0.1913232022092628;0.136032384927942
0.883547511482803;0.2302378655876831;0.5828074253801807
0.33409893127491164;0.46198577418486697;0.08340754980243126
0.9450346346961498;0.9909255550209934;0.2731300051786155
0.692716976715245;0.7442340653477213;0.4145489481511454
0.45867695125976693;0.8925505388366116;0.523147988488617
0.7752473047396135;0.5592305805479374;0.40123974240447957
0.9472972354200323;0.6113045186358165;0.5285304174724796
0.9948404750181455;0.7584614513971643;0.8537998835891143
0.2992782283683557;0.45517823841164295;0.8017093801694257
0.9103242184268066;0.12970655029286304;0.1196280973836914
0.13247129526406942;0.8772863417568368;0.36346240582528877
0.26635194490588765;0.14760574384044833;0.4990948263318794
0.5889140104013957;0.3213666510587019;0.07958064724293001
0.2560789755342051;0.6217252402663951;0.24475559768929978
0.5825626599679462;0.6229624572460156;0.25398512567384113
0.9380418327429025;0.7365551962814125;0.6119844110642249
0.2722402681246028;0.06053656828774856;0.9258579681928963
0.339494014789713;0.4782472456004738;0.3048520548335375
0.9831969354538359;0.9539217885954638;0.8668479143499828
0.36600295144989536;0.06506772737356792;0.9129637423198556
0.8156968503421154;0.030536847485416185;0.008296931410622044
0.6013097236778348;0.8902247291743042;0.9783697926561564
0.7198673792409588;0.5765967333390709;0.8270959411262342
0.36675607659636766;0.40578414400172924;0.6935756176986526
0.8616635798516904;0.19767786742344595;0.3224630423743071
0.5434699615524416;0.5354549710424409;0.9095041548919269
0.2699821381672024;0.885903209338218;0.11730287409694895
0.7678814360180517;0.4689855340317225;0.7481897872255782
0.582734347020663;0.4898356015565378;0.03411300932900496
0.95406780181711;0.4249767388023826;0.09044554165181018
0.29496104192785255;0.9307792808633907;0.7467114560771128
0.5424444789867409;0.27479207571117925;0.9829505030335208
0.1987109532753143;0.4440127236947884;0.6089228312839698
0.3179855467706142;0.5039622271095571;0.9624375606055598
0.35158677500805136;0.4632169202595743;0.9566014542281766
0.6712651348135428;0.9737564008481758;0.6381500805631892
0.07818423322177592;0.916791813249129;0.9007742416929069
0.2502327747329295;0.1641093198537802;0.45402566008863077
0.1399109660663702;0.21753510516751573;0.3263734882212316
0.5711889501016398;0.46626267883435035;0.15026442038772925
0.9664140691348833;0.3783314618050573;0.17492793012385788
0.9791825365844137;0.5810162305649998;0.38599076486354433
0.18707878321277027;0.4740565541370215;0.7868879636910994
0.17920644996923274;0.23697377202675762;0.056816215965959205
0.07026625036594403;0.12926968559920526;0.2178848214046436
0.9224659045634892;0.5091692260416636;0.21845087303803212
0.7018512973867048;0.1619136361190504;0.6203846345550389
0.4893708287368209;0.028064577964224124;0.9870321220987938
0.929020042967991;0.7892963521186167;0.256264599764381
0.5383501827237064;0.12631634290612603;0.7999806284696168
0.5489337130942129;0.5981753384626025;0.8366936026634115
0.211237679613697;0.03207678669320135;0.3782727567038693
0.2821425152432685;0.017236966262011877;0.9973642054932532
0.4946344830552901;0.55071526807257;0.3526503529713957
0.9600769093465766;0.8204283629207189;0.9044545069318253
0.0001419450703435965;0.25302133515221015;0.3509106026334503
0.3479893866666838;0.17657260462766877;0.13479238087736767
0.06212532989311437;0.12955062206821788;0.8909291509947653
0.3765040647207174;0.6996738772058283;0.09108446591919117
0.06335689853477411;0.2427498488192218;0.5851437614879809
0.6761873187567842;0.2674868435135169;0.11425490239619829
0.6662732048109669;0.3929523744138622;0.5881835571517109
0.22337899209498502;0.7968997366003565;0.6905006550323418
0.2577626692040602;0.3811669262367683;0.5990428165943311
0.5589642879720783;0.1773360456981815;0.2277498408609061
0.8970374463420034;0.2543898730443921;0.3366248819920413
0.5619406190970961;0.31545371045946113;0.724923899025678
0.5917613010645851;0.09454037488479983;0.8848559535781145
0.7929562238609176;0.016421747682425214;0.010822679726894435
0.7758329434248838;0.1722663142979215;0.5698071293126801
0.02686780134347122;0.26373211370666316;0.3108883683045439
0.3378834347172375;0.6795114662175507;0.7572086234964565
0.019029756031019973;0.511860764735046;0.3332924861460651
0.9233923794291641;0.480235495262916;0.6963429227020643
0.6343409127193755;0.8965865279550044;0.6599726196266241
0.9527990810383051;0.7199369544564109;0.15894847683223523
0.011626971929822871;0.686259533143027;0.8613210978295168
0.47591159947141093;0.0318139855932833;0.9446261216738044
0.860610100414201;0.5470603635869706;0.5589152244603949
0.47977795284619107;0.7553683916560691;0.8932807490033898
0.8683652108939913;0.4445237142669226;0.8596644186231119
0.14319269599717854;0.537346675318025;0.26596110416637886
0.04434966468612811;0.5993524458733884;0.1941585553274502
0.5914315534918944;0.07612334053311398;0.3433732853788124
0.526616246507868;0.7194777860263937;0.5017869816101282
0.06530417324398519;0.5204162468627608;0.567804559303659
0.3842566726811404;0.5433533231187153;0.7155685781933384
0.929476677469543;0.09604989775771788;0.2983500156763421
0.6845332221970869;0.3924864866992971;0.6927442594492539
0.32761531238293184;0.9885087287811392;0.2552974642969944
0.7153800123865777;0.1658208667598915;0.9714335929818948
0.7392768495530966;0.913311812926368;0.5358823691424882
0.42152244599503164;0.22140170308512064;0.08828565986173131
0.8362870234856437;0.7585291027064304;0.4654551374751221
0.8869185308572003;0.37296597061587333;0.4749429673328397
0.16302479836645944;0.3320009481264352;0.2975584409240625
0.7590864107943356;0.10291336188405165;0.38427613413369577
0.984340268310666;0.9654331608573136;0.1168691691255761
0.20887004973726986;0.28350489558416336;0.10993072704337281
0.4036984319831033;0.9754410750930192;0.041058777761264986
0.6598111117773316;0.774395015740563;0.2555167999674224
0.28381983028942304;0.01869939992970593;0.2507804216005708
0.21274462505830138;0.19427800042048127;0.6020471282845681
0.571231109191114;0.1206070060952179;0.24236799570428436
0.4940448242334602;0.13163275810579478;0.4076084730685703
0.4686572428283249;0.9684646794988134;0.5345290492671242
0.6399508414166487;0.348867026616811;0.0619980796336399
0.19770947288183593;0.4297747199771875;0.7366318431651702
0.7847493114303203;0.4789520306475674;0.9811401928310525
0.8011186409047305;0.6426061227028289;0.39913025434773464
0.4317564120302264;0.05024611773386589;0.5632697924525587
0.18050388830345776;0.4994219546575033;0.47415968903470596
0.5317374340672653;0.641841693500915;0.19567927353592396
0.18330459223099793;0.65987081267422;0.9606193114031417
0.014389447410572909;0.17074911026763062;0.7437790964726
0.2939530213269208;0.021528991842985734;0.6089409183451087
0.9780450319079741;0.12438185028653792;0.7875883654780376
0.9965784658440955;0.3768992876695062;0.05980345724714797
0.09916623463418894;0.02475979500034564;0.39328044012078534
0.5998365501518685;0.7318425088710694;0.12886102860835835
0.49884745833599986;0.1594519782778684;0.5913433017747353
0.7399662780336795;0.43647527159195454;0.1309209303540727
0.7705362038108786;0.4205827173881985;0.5954317755169561
0.3609269246516522;0.49656955898093946;0.10765779073827586
0.9268920969800022;0.3531514313944226;0.8856030493935884
0.7905648356418922;0.0771090428731791;0.8198933251169325
0.48617346838822295;0.8294815727382856;0.8419578786832218
0.05342088279869184;0.1207166414240648;0.3689491110468667
0.8395261210402347;0.3320377236877152;0.02120100053317775
0.3682429892800645;0.27410463439336474;0.6483783613283101
0.0016682117373237881;0.9158735099458482;0.3887081058863092
0.4857126015285802;0.6253803894937066;0.1956449054011662
0.18103557272236337;0.02970041444901883;0.5028170340083055
0.04431038225183859;0.917824600402353;0.08416471367860912
0.3526416225920914;0.993305519236531;0.12115263187335534
0.7915856996846314;0.22710502403864086;0.5683097694245625
0.320238124350704;0.2810548915961293;0.7084679412539319
0.23772220748652828;0.46567914957921075;0.4716680869365609
0.531283271633235;0.3268351104309579;0.4467147113605838
0.03886586407222792;0.5009299587609944;0.03152002198279269
0.058368399555959294;0.17718959509236443;0.6773315514769992
0.0905324897595422;0.5278338438988407;0.6646890983812381
0.5606911868104272;0.25436748587009816;0.9649198766085847
0.9318854140923608;0.6799386656527198;0.30962185804682085
0.7874073965453658;0.31835838685458695;0.8732226192061182
0.8454926735930302;0.13791523739460865;0.596371909280105
0.15055071061952252;0.9463876915111876;0.09938448598142491
0.3730221071623907;0.3031594424477905;0.14116591293123926
0.4772267670401157;0.3890766174471689;0.12865174959493864
0.3065609161545021;0.1700600534792739;0.42525095779152
0.20651947809292692;0.793813277381808;0.4378690033128174
0.723558748557274;0.5081722974043446;0.9029872608945101
0.5875479814437601;0.3152686676032782;0.9335275617025491
0.6394563650711855;0.3617142719400064;0.7562647860984982
0.022739999422744073;0.8311797638836694;0.6744675477919291
0.9589448871839856;0.6801329162190233;0.03541134968173065
0.26725097962775024;0.559247521809452;0.19282466763993045
0.47298518243214827;0.6602968854979433;0.6439021693383274
0.09532685857928913;0.14227840815635218;0.31464910507663957
0.8722899450414717;0.8254444886196945;0.4297427864281306
0.3545514245098774;0.7164819898109676;0.07912726574996198
0.5979836057861213;0.1808412430800651;0.7422413262640213
0.7527976019500112;0.24528287485741762;0.5452267584966326
0.8304124437587017;0.07688236684719507;0.9536053192697226
0.6876020624060402;0.7041402029642094;0.5644657297939558
0.11797082372455614;0.964843532396614;0.32174075298998395
0.7761059516847529;0.7282890349165492;0.5668524845664313
0.6405973809486168;0.47944060902383534;0.64770102086573
0.4080955981834524;0.5157445754947154;0.2561987729542343
0.5174245555483246;0.7766804759157798;0.556014433280996
0.5505839559195937;0.5894197001389485;0.49608807488893203
0.41704598980884455;0.4927051424403287;0.34981880315009617
0.5134651849676547;0.7333334311709341;0.6117705379746985
0.6259870240779108;0.5262292680187483;0.2863117362994875
0.6154428399613532;0.575475613416094;0.36808713424961714
0.02534560397739294;0.6892964059713016;0.8088224267696658
0.7551256752025275;0.8381306757753496;0.6854365577198375
0.9587404064637255;0.35054045116920907;0.6216331827841872
0.47019833734578165;0.9801813055785472;0.13965180973878444
0.9361363300563816;0.8174568505024007;0.7567655792060402
0.355317720091187;0.8280555356060932;0.9710211480504708
0.041046658791035084;0.11114819473526472;0.269491965248685
0.7707591221799375;0.1666821818183718;0.6247656520583361
0.4504120660974804;0.31456165370665423;0.971085449714389
0.1961636464810127;0.0035299625354806574;0.26465202047303193
0.19633219258476686;0.7826916092021713;0.9520199571805082
0.30271596908760856;0.47538278002951906;0.3722774536012696
0.5163684279211703;0.794565839524622;0.1112931007218303
0.02378625471687179;0.13681404641985384;0.8665915363547033
0.22325905792381118;0.6555355062699554;0.25220419606265165
0.34126343719560803;0.49098008192483944;0.9657112549817821
0.145243448199338;0.024875063025247224;0.5782059871981332
0.8673100108424505;0.3243873412611903;0.2203628510395541
0.992082704605868;0.016482915033882106;0.04808266264084993
0.7995969381271708;0.7448146775274785;0.7684394664870344
0.8768420373646604;0.7214347490495393;0.603200233579027
0.04621533234769237;0.6438992767211825;0.06632744770505483
0.8516223698748978;0.028115335624450677;0.5044717789309081
0.8049418137564164;0.3452601482516009;0.8174541634858203
0.32659886023651463;0.15079283955723055;0.4361123192731946
0.04822982497249384;0.9608142753742512;0.7183002664664021
0.6282632035672095;0.770572493718319;0.2384429065187812
0.955121037429246;0.025998532167610278;0.5365753112615961
0.0441339034514282;0.923607303337059;0.42955942723072826
0.7355899738465548;0.3540576528866973;0.6318225055015252
0.7765232180937367;0.7127032589377579;0.46209354250564916
0.7416844786544464;0.752582399702748;0.46264497984208064
0.6674093747906658;0.7270391325391214;0.5744856561281819
0.04573466912825752;0.48974710375111297;0.21291778520590432
0.38994768319372053;0.9300609979764274;0.6660023188963023
0.4778170029531642;0.22479195268155383;0.6491428295877352
0.7573302470375166;0.12239731357993433;0.25750111336299353
0.5554249084440717;0.7084611381715383;0.3941182404861667
0.4918761818835943;0.008199160124244598;0.05068615955639866
0.6791430729928251;0.3827031379876129;0.4067406858324941
0.695286302264931;0.6305870708551627;0.45808329685728033
0.6118243873235408;0.696082243750481;0.03631845158923641
0.5058327517247202;0.6977258867521143;0.16204280331059007
0.9783433044721391;0.7087076674337659;0.9992964195620434
0.5038708356656783;0.9910604252946996;0.31255607007166486
0.6347239319640013;0.7616052226051031;0.030399834098093992
0.6711738430408241;0.23915292281795064;0.14417739529440254
0.9984151095779381;0.8664992994496578;0.7136335071043298
0.6887299499634203;0.9401360740263711;0.521405306817427
0.6557155615882225;0.8943083020295478;0.022981269598864817
0.24931873259971615;0.6450529093654525;0.5609732416345021
0.514539659049684;0.33772701180255793;0.9821883293852611
0.5243470933369344;0.13811377029664718;0.6628481287549726
0.23983270415391467;0.7556123476546441;0.797561347105769
0.9511349848439546;0.21256505336435194;0.1672418589170117
0.8882218201800348;0.26502849336204504;0.21879176798161615
0.04884431024362923;0.4263185767266422;0.5265389968093457
0.5098776049942886;0.15744880107296266;0.19110762241159873
0.8910490538927113;0.7371881975889827;0.0997732147386754
0.4122733034559386;0.8635914823213848;0.5406886098302159
0.9444008840781155;0.41489867105167766;0.20553931745880127
0.3992131038849429;0.6281234090203545;0.26800077479937345
0.3179409529205385;0.510559954251004;0.453477353071594
0.9315998562566957;0.3280691229755941;0.6879091542050034
0.14366395627734863;0.8321090967638675;0.9278148184573158
0.26148283784389426;0.7318690576673547;0.8210274006417445
0.8407529485706186;0.07621856549399098;0.8650554193246357
0.9294045988942412;0.5187035135986029;0.5215399785192064
0.027256355622846895;0.7611861415038069;0.1869362763540452
0.2103133518978355;0.05105435574071182;0.4815108530499237
0.7602617423540033;0.839815642926938;0.5893211811651574
0.7522311334896444;0.6460347698628893;0.6211186222226597
0.10151370530575143;0.11846950730491057;0.40200758455087227
0.17044495436910168;0.8835890799142941;0.853127210234566
0.5319171262228986;0.9009249516542914;0.2259572375880149
0.02785233562955236;0.08605082710649425;0.30738524776757203
0.12907055616873675;0.6587655636514732;0.04233537478018312
0.8605736921642221;0.41959372736248146;0.17662061231766524
0.2958900805976329;0.22166659415194134;0.29313683205562757
0.771632749970186;0.3611566282528248;0.20216775307899215
0.5284355889923299;0.04195116336724514;0.9096703328106804
0.10999460095781932;0.7631987247168649;0.6497101603961969
0.7970905196987209;0.03718751840066026;0.47469209180061955
0.10518635739606585;0.5832182665567793;0.04104750762170051
0.3823791741068715;0.6142745323429464;0.37985655119000117
0.2014083150862538;0.7243243700479213;0.36148091915864666
0.8971334768272998;0.07936293614390366;0.7921838445511453
0.6619751091327943;0.3874453305268628;0.4165347363147167
0.7287354741835946;0.3456755447098342;0.41276160595483624
0.775179595669766;0.3147336890759209;0.6227101285598869
0.4739686679826016;0.28754947265128283;0.05167317026661955
0.4515606357567249;0.5287477701538447;0.22642075308110088
0.9105014868311849;0.3499724468650257;0.006363392293245895
0.5448518569691297;0.3023227172076739;0.575664824720384
0.9750507740858889;0.8148055250758565;0.852698041906349
0.6336182502873539;0.19827614262803406;0.24194256450994567
0.9576221311374312;0.419167341925489;0.730384062333152
0.21826615257670456;0.2061346868195464;0.5625406158335948
0.2582077712017815;0.41043416975992686;0.006081593119883655
0.5445005093106792;0.41820350634973236;0.0018890430052049823
0.4529110118983879;0.3322277455461822;0.18966835915903357
0.8382291924328921;0.22293050032703376;0.4877978290303522
0.9012152661309849;0.02613052282355821;0.4503408444159832
0.30254237496839986;0.6199218482193461;0.09371816074528116
0.7531739234293414;0.9533003233755456;0.04949834254747443
0.997603216741495;0.6474036853741393;0.4548686085522502
0.38433833593156064;0.4248730612564545;0.6355439043865336
0.17000495562624962;0.7621802594435797;0.8095805357921587
0.6884211395423074;0.0874925937740626;0.21488534406695925
0.3070126881891415;0.31196920425300756;0.877985090844949
0.15095483699249634;0.9282720214875027;0.3980988177609006
0.8222515932509623;0.2939237633190396;0.9051099427612611
0.09605870526325788;0.9018325079697217;0.6250803871613312
0.4321189731660703;0.07630625436242167;0.1382911196077642
0.9171835392295323;0.7632700359133081;0.9211473635665663
0.6042276739815081;0.7845124023459754;0.5543303134824432
0.31699577144564806;0.11213536961468007;0.17735106699704484
0.8204742258158314;0.5652363681374523;0.5996777639850231
0.3232297946902404;0.3170323755906347;0.11782349397020853
0.7411119910591641;0.17288065929785956;0.3839511045104125
0.5060470073604664;0.11260791405757686;0.01830744847398391
0.0990577067343209;0.29639296482121136;0.9330320555309153
0.26461127884997215;0.5927914733402752;0.8840811806848092
0.6646521072162715;0.09936750626157909;0.7834672727521842
0.005345283498833786;0.04790928800469729;0.2183675068369456
0.8199239416914064;0.9847462073193051;0.3814541019250294
0.019720949419420264;0.8707846731763536;0.05856255813783173
0.3138461490043446;0.5838860574554954;0.05955893996625217
0.2572505063254452;0.019168527284176617;0.3842417472846309
0.46582169623802416;0.8813988665608219;0.39670211347686346
0.061737111921499666;0.8306609191353101;0.5106267615676506
0.6017937775555419;0.78860229341492;0.5831686399847986
0.03890997549912878;0.05651244873362038;0.9524245039808593
0.5931031051868237;0.2929588463188927;0.5420736768219901
0.6625232455488747;0.02001022672075692;0.3916917029561412
0.14142483274325968;0.14690525783975172;0.8442269344825455
0.06306166979212824;0.32195741516745424;0.9246526617295167
0.3556464988826924;0.39525836928306957;0.887113570197036
0.7958756557620277;0.6793143061800352;0.4165157656484032
0.23558834064741585;0.9958235197070441;0.01979361348795383
0.7025138920336714;0.2854212240027;0.7694350586303528
0.5764226097111085;0.41119203963341777;0.2861547403436552
0.20310805685555522;0.8488312738282496;0.02410828540083043
0.5050489194898042;0.917440926755646;0.8321856443682147
0.22685837892639027;0.19166895518426919;0.23537332794738453
0.9770575026454889;0.5331338082050296;0.37221823537425736
0.2042280260332724;0.6421740385074887;0.30537555112914827
0.48443523059358007;0.07142394331670221;0.06181986113568738
0.012315835092007954;0.3344996429076589;0.47154310200399197
0.07647895650753611;0.7334039362689345;0.22653067195408128
0.9708291841918995;0.9227546136626299;0.1795994166908157
0.5414686021439736;0.5213611674767781;0.7164884523102136
0.7224547055079058;0.9686863896508666;0.3114988897697001
0.8308021133226088;0.5998834314083661;0.13851494115479746
0.8726140920335691;0.8907837654472937;0.24198387903353602
0.8308177099654457;0.27023106008989306;0.20472454947557117
0.7641282921910667;0.20240161877648566;0.3994900152390838
0.33614362042620993;0.19602157490845762;0.7965820926096072
0.7626642161075876;0.6847214557219383;0.8952521028093336
0.28548617127920894;0.824521505146173;0.43642795389322986
0.16910395118338772;0.9627598864789175;0.577873859968678
0.04104171363193132;0.11101218242527389;0.152030291142066
0.016473158179769243;0.704166871443621;0.5956750965351689
0.19710481365995924;0.9260937337652345;0.6243222539583122
0.7532035932465614;0.1591540167609944;0.9252416847970154
0.8944375706630344;0.6211936873732857;0.5025676101680048
0.8407488078788934;0.35577565105361264;0.7408176994145935
0.8494573587916683;0.9606475432929292;0.27804237225772854
0.9413885093232653;0.5270855897058692;0.022626819138586662
0.7856886355830859;0.7239388827321206;0.6661396523639935
0.6078168791072636;0.21968169099316248;0.9840476626294344
0.8049320894010376;0.7356626391487044;0.015859202581640752
0.22076692912603202;0.1811406048895997;0.48967893855691436
0.7523198785640527;0.6685683189918001;0.42140033283724765
0.6713222513498722;0.8081730755795478;0.4446231277278657
0.764557755575459;0.605419877985689;0.05498427813866458
0.01021520371786755;0.9841488592747366;0.3827652306455206
0.7411638672657807;0.05049800096128143;0.9142614594630964
0.08802605182613488;0.6809551788109971;0.6680923117403037
0.459237340106756;0.03189382039948441;0.7688679483828423
0.5162778212668078;0.27210958738900837;0.0830642378400358
0.8016252172419944;0.5157885396346167;0.8952469462190489
0.7573451890300773;0.9690218159752776;0.8287974100639653
0.21369332735122282;0.2809339582703657;0.3424712703688271
0.549196337757133;0.5764206881559306;0.8799314373148295
0.7710469545345537;0.16602903322574325;0.9225198536616706
0.8481634704945822;0.584122897540616;0.5038114188962963
0.4115686768126464;0.8694568849297001;0.2374056638621026
0.2729776185795335;0.5380344713377769;0.5940182353734756
0.11508093834339395;0.3547094197457532;0.16440622008724426
0.5111648931934438;0.9805813994570793;0.24676897899504036
0.37133277161474076;0.28073516572807755;0.9935090946999362
0.832191623599671;0.35982949547632825;0.5295180257390545
0.7598006302137793;0.5066732146384145;0.7983941848244854
0.4273751394957436;0.4232690060942105;0.5946863747803797
0.6697195628836818;0.14327126917827715;0.5821489839374296
0.060495908965699674;0.5397604375156592;0.017515368979797774
0.8115040900767481;0.48321456336629676;0.9027089616494645
0.638009807819662;0.24628440880019264;0.9097829374885561
0.4387281706833436;0.48821546363055346;0.9669559317131694
0.44351844982730615;0.3581173105979625;0.7025985427286796
0.6102207791821711;0.780799999721319;0.2854729715445081
0.010539086187639768;0.8341008582339345;0.24289131485555804
0.6636790243066918;0.44215011507973534;0.3278398552483647
0.017560019514906156;0.03879313339515145;0.18483360130875182
0.9608823183111482;0.3119268244899861;0.1004705960660951
0.08163661901529662;0.307207286345338;0.7418266931819311
0.2368948225499441;0.47454568612126946;0.8041990914006738
0.5638825697726232;0.47727694512545715;0.07414336016611256
0.4477991736070439;0.2860499527523751;0.34582719940836015
0.40635288829796135;0.8591957696685782;0.2913642810853134
0.14755036162231738;0.5741202465473693;0.36052213186039395
0.7519854733410266;0.9110270953605841;0.1297025062096535
0.4359654042726854;0.7619617944726791;0.22605127074278109
0.12451533337682397;0.9026403149192872;0.797956806123163
0.2909332645495971;0.2054384472476506;0.7235597596421507
0.35719434506523673;0.8413418303654866;0.8627288661713414
0.34876585676131977;0.9238294559390244;0.9616011832216025
0.7533926283963521;0.5649320911642585;0.5546119926642912
0.1932447352983807;0.1791047358974036;0.1707393711184575
0.6474071602413625;0.43223738496140784;0.8541350427155344
0.7480618338086343;0.013627353485100024;0.9987374768499446
0.9914212123168293;0.906974718622869;0.26636826058919283
0.04946038628437188;0.21981053085518099;0.27778024557577263
0.40002990463393184;0.7483469736110572;0.40733033627993365
0.3871949673254532;0.5217423319424278;0.5467197994472534
0.18209464480941673;0.010917205754818027;0.5742948399673777
0.4395578412053558;0.07237224200667025;0.3541880857739287
0.06033376362975529;0.14167597851299052;0.7744572048787083
0.35369801161124337;0.9361403591928398;0.43023248992223084
0.6427615732757568;0.2755300558382263;0.0009642085289379709
0.2042343926226502;0.5540328546929676;0.7659001745278561
0.06351912200715504;0.7776200678745596;0.3930880770487508
0.6503585959050664;0.1305205821716694;0.08119561509454054
0.7833276033879394;0.6686334858108388;0.023700593680823112
0.7197869362255923;0.5641818166860724;0.798828718026802
0.5378619996516151;0.26547793394342933;0.1810282617542729
0.982480313936494;0.6662076715890126;0.912337110819554
0.21514147577081977;0.8111423375544252;0.2499334993003941
0.5143579870367181;0.8092253490651816;0.7002639381695855
0.39832474622788105;0.14716012744565143;0.886039779227554
0.2952378296925636;0.15783117812259528;0.25249615716175955
0.7280877794268242;0.11229005999266628;0.039706797745479916
0.2901333459095784;0.23556319783006563;0.7979939470271039
0.8434541115793514;0.26911048272109106;0.41315150390235
0.7241286804937259;0.4896620264497512;0.2944699253018246
0.5080020833030625;0.33279185906770525;0.33233900628105195
0.8746463321911987;0.8764529554783492;0.0847078783817824
0.5051782478747846;0.5915802893785291;0.2053958812860971
0.42330882855519647;0.5518693376092174;0.9440389010415855
0.7274955739346458;0.043921120592431695;0.014364065400619852
0.5958465896840922;0.7548749049753939;0.8161908041898874
0.18845446269110633;0.4093594923274899;0.5004639875311371
0.29162314565752057;0.24143946644210212;0.724213845033069
0.6782467129750296;0.6835580339312015;0.09595204680876335
0.21933859133905786;0.13684505660709412;0.24082980287289246
0.6074597947832526;0.7967894055577305;0.5638385619052649
0.0643279347866007;0.44406310200552;0.911277925815809
0.1517668486354915;0.7391623832841293;0.906907279782134
0.3155113327209631;0.7615078799504853;0.026564561028806666
0.2946885317341693;0.11527014731424379;0.8254505625418362
0.1297885933724201;0.9651254653092854;0.13694678058999277
0.7423956126731907;0.6886835977334633;0.5577931837230314
0.8379636668397976;0.3326705989865908;0.02170949324211302
0.9196577285544566;0.09958156979303834;0.5324985880035376
0.12911652907310944;0.09964403463271465;0.7377282724388481
0.9548212841128575;0.33094685601284646;0.7570607933750471
0.7082886933960316;0.2908520704832719;0.21177545251149332
0.3163818301138087;0.06112331383583036;0.568327711032592
0.12893833513010777;0.6498413071632949;0.7709030504304281
0.8739318108492794;0.3078447448011562;0.9704499015393515
0.44399109374975765;0.2074921334482729;0.8939527661433991
0.94177089892131;0.27346371456958796;0.40103871919652834
0.1976166518024396;0.7925913451716882;0.2703484813503064
0.036205133296979275;0.9893385027679341;0.23037568917832596
0.2179421629332018;0.694470634429581;0.16784538007304617
0.6376220646630756;0.12511965749316822;0.2999198358516445
0.8542617058484825;0.5406631854329167;0.8337554926555735
0.38499127905833597;0.6321066962930286;0.06442621958754802
0.23532658826435582;0.0379370305838892;0.7193382969043858
0.1812379570428465;0.09919571243600522;0.7458629915254167
0.25242378138505006;0.9197499073789477;0.9153210599164822
0.304678073208991;0.3640778861275481;0.7001839553070428
0.4551245104711422;0.034572272621538724;0.7530554371283636
0.18820027689847252;0.7717959730485557;0.4934318875738981
0.37969730088135456;0.8779916748860536;0.46878401264501735
0.3654541747693959;0.17968166757159942;0.5656177524741145
0.9850451453864705;0.6195466137458943;0.7426526913215216
0.40704701617762906;0.7434323851620579;0.8651731372649544
0.9836812691161253;0.35220274888020775;0.9951287720786843
0.3923498484525597;0.8592604448120309;0.473900923069278
0.8112767778058364;0.8134841013157007;0.7876376497421083
0.023053526620504305;0.4112048458617298;0.00749846612913152
0.8355494321785637;0.055596013308410464;0.2870140493784261
0.8566685151081723;0.20384373462547123;0.6024250087758303
0.2954632361956667;0.22478919910921935;0.8258655164048856
0.7591242920639621;0.908634039087073;0.8758498630161098
0.20779068899275155;0.26113247174973797;0.23031607453226066
0.7290238381918714;0.674828123109517;0.7100347783776633
0.698671866371925;0.1446643611822156;0.4342114292540703
0.003652820007456037;0.6494017371903371;0.4657894700004027
0.17530992408008406;0.4282162692429623;0.47268243279154265
0.9768424069022019;0.18260687391003005;0.5306756215119897
0.9223940347617476;0.10782106953532244;0.25976150120039
0.24274838381499797;0.558224643083434;0.03839704977555025
0.3341837640433951;0.45641755489223956;0.7977704842649107
0.5770992616318847;0.1433680843946844;0.5157526696528498
0.45052531829559317;0.4485253565736309;0.4675393419277909
0.39589700372139147;0.5902078227512717;0.11385012703295971
0.44655880090246924;0.8727929714144947;0.06255515005558387
0.7053304111780669;0.3267797378049283;0.7236353683533991
0.5831182678427751;0.36282112597842653;0.015761577813424466
0.8937483564901774;0.9055039404823959;0.8394202297443993
0.4418967019322635;0.5288754813035053;0.319426958408756
0.4089421069026581;0.8832482732478182;0.46174019884328
0.8896098555083636;0.7377869267786147;0.7037794543282353
0.6219869897562382;0.9936395220503446;0.41384783508420975
0.4308138142767679;0.5761687009399474;0.41010205872180205
0.6556304397807569;0.7880159079890913;0.6645818174491003
0.06434895884350822;0.6910453119290653;0.38236100245879123
0.08678698402274931;0.41300721002480345;0.6548651565034037
0.9691231650516275;0.8961505704221331;0.6153734157320765
0.8056955269389943;0.38401714466172554;0.319634662436302
0.0952625462707164;0.6234383574046982;0.5314703785301785
0.34027125562365756;0.3646415851919753;0.3164830996124528
0.46572806454337656;0.913033344416986;0.0617721996910362
0.03400250908295843;0.42470060050739444;0.14903908811947209
0.03050093766899975;0.5650340171797007;0.22317645042990486
0.6090135491632487;0.41716284621618294;0.48309615525000593
0.28634573089434434;0.3578410289663526;0.12937338601260162
0.39030466029568744;0.42988701675607466;0.6570334464042568
0.5570625839417032;0.9980887252242135;0.860979355012432
0.12244668988547647;0.8720568978241326;0.38999882470184144
0.5198728012057282;0.05455560582506336;0.3969263805463673
0.907708927027409;0.5583262815422503;0.9025838507258062
0.7732203745431901;0.33325043979251856;0.06513546559279593
0.4013599008131161;0.7932565432614086;0.010445443718988257
0.3199130446005509;0.559178323821058;0.5815226951881853
0.6540223335742638;0.2477488941856817;0.6509897480162709
0.13105150644453056;0.9634668587590018;0.11575843805531505
0.2672884782318171;0.2659797247601;0.24640592300216535
0.8908759983679274;0.24883247399500075;0.5662940889884333
0.019004120493709586;0.1710994745265937;0.7372765244451512
0.8516962960117092;0.7527828000741167;0.2077879358752256
0.9981320810181799;0.8660493876598923;0.3066281386927443
0.5393333792872118;0.12189778490240155;0.35919106132824097
0.3292597433308203;0.7235878999539478;0.05379224840579511
0.4581975001279882;0.8167397584847338;0.20526009618479168
0.3059181108528216;0.034150689917405;0.6040866790701223
0.9359548224727003;0.9903518669658092;0.6461468371719102
0.7551326403298939;0.05642016833734964;0.889241385501943
0.3121407278068776;0.432596803442585;0.0940485077263894
0.22764396420664823;0.8337154557410861;0.023410935298283864
0.42534435177876306;0.24905675569462493;0.9322605254658126
0.2864826265262177;0.7257616354331814;0.958820370467985
0.19503059980046134;0.7000237671930036;0.9112536508454918
0.18217603996419784;0.8004978152868925;0.26254305900147124
0.9570080224699045;0.9603587775157466;0.3082908359561356
0.1812326685382526;0.46493004653108405;0.14605326559377985
0.43449068516205525;0.3147198139466143;0.5271451904083138
0.2390361754946445;0.3464979313958948;0.22272601449454243
0.5123284234909579;0.2175081557545019;0.1463095523959984
0.8492388536039552;0.09375392454241493;0.6947274028975421
0.13541203328865437;0.26157659006014944;0.9764541494908636
0.656794440996885;0.00047982698893300757;0.9877696307445701
0.9827706314622919;0.5553615193938464;0.9433489088721237
0.5362832343528968;0.44995545962380157;0.13034069245742141
0.16734267002858294;0.8433150499412776;0.32351833145647746
0.9600084426080329;0.6737352377337187;0.09461596246056325
0.7535276541125576;0.31491470880684025;0.8571064401716456
0.2606893921515545;0.4208051592605965;0.5219735725035207
0.5280132480971982;0.4252607153974697;0.5313303190167017
0.6231518386319332;0.6508795896933516;0.8214915983907302
0.12372559907203995;0.6058095322884132;0.08033600243029948
0.5086868845550847;0.9136626140282961;0.2829139777383871
0.9167317861202664;0.2709889730996101;0.4103748516772233
0.938922795547381;0.9829323823084514;0.8245595006507431
0.8891135879004803;0.015200335181032143;0.7263631784062285
0.5502957357562847;0.5093135894740374;0.3876948598456528
0.8683439575261535;0.028621538557854542;0.4998868082761463
0.5235597725420932;0.16327774388843508;0.6508860780234043
0.47151662258837257;0.6956185545223239;0.129604642845913
0.3018420860477905;0.588179707836745;0.6865972001349812
0.46706294009583305;0.3683242179155025;0.05247560387648231
0.492175474298273;0.24069469007456434;0.9177723418366709
0.4636263851809268;0.8963910548706544;0.8437484293842955
0.5815413375943282;0.5841503503433305;0.3692806172787547
0.09576141328746324;0.9653874646000447;0.3215089118028128
0.1982811456348753;0.3423530540268953;0.35639180371629375
0.25295989752850756;0.7407474759300531;0.6398249430842511
0.05695863796811629;0.4738137896733857;0.018583655351156803
0.9396608293417975;0.7125319223256587;0.9710849615201307
0.26579308891117104;0.8812227669150045;0.5755224090991853
0.8898387226610627;0.6907013031738954;0.2186593407971914
0.3218163994727502;0.3246118713634629;0.8620985039620457
0.2293906106752065;0.6971774533781752;0.12792370462821478
0.6476366909397652;0.5884288087555041;0.8379218719408521
0.1865042602539877;0.7712393103577382;0.9379575416871819
0.19624697545621395;0.7255581309971252;0.3507892355907337
0.6275503685390461;0.3897580362203651;0.6842473452226859
0.2216611792435097;0.9906306022011959;0.5548027889121083
0.48968700019510836;0.7835966715541867;0.49871666127764425
0.17007398646177319;0.9979480662786334;0.011704411449734553
0.5382055818131052;0.07063946493861517;0.5716690679902857
0.8934433221604904;0.3678558947777554;0.28973791025680806
0.002397239752542024;0.848001010931594;0.5311127265732681
0.05552675010856978;0.5533434515321937;0.7837475921624173
0.0021576703416016363;0.3690533110632964;0.12371776267973766
0.9319518563159884;0.004053301793461639;0.342217139023027
0.42262934006796526;0.6366179437106835;0.18902706579327144
0.03974000788243448;0.31068530554765383;0.1509224842417961
0.9031011368732808;0.19351889974278735;0.2824588660760503
0.15593175194631126;0.9549740420980912;0.5252753145283112
0.9733011487514066;0.16182101859091225;0.8573196301839348
0.28135539491433226;0.907227968455753;0.6753646474524599
0.8510769216125796;0.9618075186893547;0.6135565818382613
0.8499716089414651;0.9871371538188622;0.7535072029876386
0.09460613855547684;0.5829466399652379;0.7072624029114896
0.730473822827807;0.3331406603595257;0.7047956003148105
0.948183067191462;0.6011312135378523;0.16180031591062083
0.2533573408630878;0.703022906235989;0.9760902152679873
0.9409854193230024;0.9747974232931519;0.9925266809888619
0.13473736796742153;0.5392075476236448;0.4565939779572884
0.2515348568341458;0.22424189203667744;0.9251787204842814
0.5619346380542803;0.3764531329870705;0.8793991088357147
0.36071046451021316;0.17639641777311243;0.5112007243849005
0.8748687797401741;0.605316586109215;0.1296302612357394
0.05087034808122959;0.29795429775766125;0.5909984806266441
0.6090308387528292;0.37163773518465004;0.826725340546322
0.3227333765673337;0.34660769113244794;0.9102848007026649
0.9167826413510674;0.0007820387139326757;0.3088889217643138
0.8262204580219619;0.11337874322912467;0.7370708961769973
0.44357894954147503;0.18859760184458274;0.7284642820081477
0.3673868842259205;0.18373655825716995;0.6828772395236538
0.11360872371234088;0.5434292565843718;0.26705387375777545
0.9608906654430149;0.16176685875236163;0.9983576353913655
0.26301952284043695;0.937146241350523;0.5044644798313664
0.1187770976593473;0.6484718330228495;0.41302552263473136
0.43283502122259665;0.14250716759171822;0.686638944718419
0.02661819314296532;0.41256106099875944;0.20980416353675968
0.42634864388662597;0.7360409500322248;0.8835508255251452
0.8455637116568914;0.8453415441174965;0.9185832471558272
0.48089969255961307;0.9013022874421338;0.3112717639925263
0.10639641041454817;0.3895157780614965;0.9497497227488498
0.34987364282863365;0.7082561562576123;0.550885587050558
0.7012794696671891;0.8375269550569494;0.33558204778802303
0.19497121099821169;0.8861489921975333;0.3759938935266941
0.8863572117999254;0.3137127001551949;0.5084463621931667
0.022734160831592187;0.8701589442528176;0.3096775190073918
0.6918560612344924;0.0866858863508696;0.27062323180701164
0.3556663755490822;0.9931820971561784;0.8677120370999943
0.832165639811207;0.1641289393931199;0.410712379953583
0.06533081178027988;0.7929506490909044;0.5403357849408944
0.2533635290682472;0.4454157352186118;0.6589043947279567
0.652398571125538;0.8049288435416478;0.09397517509735609
0.5137910962695189;0.7478545902321185;0.35188906866261405
0.7944798648810558;0.5936020755573085;0.2063595159575936
0.01396878432887605;0.2040475947705206;0.33606812551119225
0.39197163816700553;0.015432891021883388;0.8391572146122513
0.48886865674144464;0.4022560002155827;0.407895897426668
0.40377103291468286;0.5744344035468607;0.5066598852886287
0.7991501010080375;0.811511604987871;0.7159921814672214
0.39432127719613663;0.5461096605979135;0.41440841015204655
0.4017157261605271;0.4800633424483701;0.19883051138698216
0.561490076821113;0.05981454265894659;0.7785136675785155
0.13580807674779705;0.8435205250171657;0.06861533672188025
0.5098621660964769;0.8152555831044416;0.4924374083876091
0.828658708070848;0.02495314634257184;0.5851289255155666
0.22420501239388446;0.5823829684515168;0.3371651615984723
0.41292173103805196;0.8818865012396055;0.4495230389583258
0.6983694638362901;0.5956616788670567;0.3475074123105353
0.8487903575483264;0.34589278772070986;0.042634440298677134
0.6164795983108667;0.21743892632992645;0.3323039764323623
0.11179115373550907;0.8045202141337727;0.8922479045463168
0.6566903236810496;0.2727612886274511;0.0707794911629187
0.32540021558712917;0.24261649314713152;0.786997272989505
0.573971128929494;0.513445447247407;0.04168268813915155
0.5056415204784299;0.1783908813900611;0.058189519257658695
0.00600084603453821;0.8233280595575173;0.3681556287917579
0.577370585286089;0.825335065152079;0.46147729834861373
0.8777354045646693;0.06504074670336601;0.9020824968121794
0.7293628861049118;0.9894201448655896;0.5034802529743543
0.9223629262713228;0.08609668136491622;0.8547153035172386
0.2417635600991178;0.2179468468673934;0.48748820356676503
0.14629007367188385;0.2326565746167797;0.730243362026979
0.8745539450107264;0.9290176958781046;0.39028612427247944
0.006853362256890705;0.6432908520458019;0.4333699432112439
0.26272120604817717;0.6939883537003934;0.4524170669748263
0.5524028175972588;0.16200233291808563;0.1888135452893086
0.29735526443255944;0.08962179748047117;0.8411144638910056
0.11185032062029288;0.9827865906133573;0.0012111619086976333
0.8958760048628102;0.449278340303066;0.8245282970124554
0.32690250405473076;0.03431395988297836;0.05680782323828937
0.03798809270199699;0.3604318507709747;0.9307795652841163
0.25191241195585423;0.13303053293782952;0.13335702110927317
0.4166814882560488;0.45578221489458526;0.10476050238710899
0.8854053730679513;0.30147269759982087;0.028178093181706942
0.16898527986859668;0.6679805422187965;0.7468882868019668
0.3290358625268265;0.9441880173555862;0.5341651109424884
0.35893952089439707;0.822353263658352;0.789926029133588
0.563123866469884;0.9085211381356231;0.12707004910916953
0.2334475870801298;0.2252922573634053;0.18191439126915376
0.008554931360135187;0.8985427449155448;0.06770507832768613
0.7933183796634963;0.09339112659378368;0.4877987455964372
0.8094293634125577;0.8836311011048043;0.7875887550151871
0.6722947128924636;0.46788236437223685;0.2605878846142463
0.6529427227761194;0.21130327342715682;0.896781649307783
0.2504997986705517;0.03223124718303505;0.424669650136163
0.9250078299461759;0.13164887916305734;0.3881998004544083
0.4430233124800276;0.4141162015672304;0.07798967625096742
0.9007946729021149;0.5165918645890044;0.27995768345563654
0.8803279775788444;0.3316325509164646;0.8917310923242263
0.8400980412692587;0.37855091948360564;0.876758919429536
0.3841563341830231;0.02162442006818832;0.4224433057864898
0.6665012701158954;0.529758856527545;0.0016916734705397785
0.8827291665267145;0.24997836625804593;0.6529369401963191
0.6739137051425594;0.9166778100386349;0.46992623201255257
0.8540967562556335;0.6899258836858674;0.03487512387322245
0.3717672728278161;0.23081690207813377;0.8238167250172075
0.4221114761210858;0.5984571220529904;0.03281633853913013
0.9847734837604891;0.2925858949473722;0.4311742020220667
0.5080020636180808;0.23817527076825995;0.7743041801910744
0.8144884461206008;0.7787081971474767;0.07755164656602098
0.17728111687788917;0.5887412969612775;0.96807853085547
0.3533250990283654;0.9089792311891689;0.9390118453479775
0.4112308342606721;0.17536276831619269;0.9527323941326588
0.5415556609140811;0.3123833523674834;0.3733672393063745
0.6481544516006424;0.02986340574218438;0.09585927438886377
0.734469535666313;0.5397255998443176;0.1674796839434063
0.1908424942956195;0.9854923339364038;0.6147015805978662
0.7954087841727011;0.3783446898298439;0.05209558953072979
0.12247796333079364;0.4124014438324023;0.5227182893006006
0.588684204303245;0.7089543325245142;0.7090436028966809
0.5588604214205725;0.1672607037523377;0.5008235133535499
0.2626981469337658;0.5645312272134415;0.7437420395420563
0.41810484125574165;0.22890557675934609;0.5917341167475086
0.7030059755659763;0.19248614089693705;0.24201645780784553
0.601073971543897;0.40556898850767187;0.2067370204525948
0.14858934129484813;0.11236040599624386;0.8096139983710137
0.4720852637051788;0.6707873678110661;0.5980668648250318
0.6658588944276105;0.8148316304580149;0.9429428760997935
0.04160829386978804;0.8455101721686304;0.9550201249598486
0.24619889168857;0.05675695673047443;0.19396467285999075
0.5345347856604173;0.0909974202929934;0.014817100803706462
0.7365264345338347;0.1952935267960456;0.46017947608673127
0.4044214419639309;0.33235935990313537;0.17404065076387842
0.4554286078250075;0.14736521578335715;0.019623030060395563
0.502985279103065;0.03635554879864389;0.25945123749640975
0.9965780438337615;0.6658660417118138;0.3604439251562367
0.7867097428993042;0.556062814463387;0.7351888016436837
0.4644957032101842;0.611808166503231;0.5418000704524855
0.6250630138476878;0.05043008348533984;0.927744396409008
0.1893466721483691;0.2587533061179229;0.41946742540355864
0.04355551109495226;0.7281392891881718;0.18583361397651743
0.6449811316594233;0.5826537852166873;0.05047419354150717
0.10280175550838078;0.6129787051394769;0.6943076621789205
0.389722289144108;0.30500161253848657;0.855486319831999
0.15487552726331633;0.30540250905665456;0.8661763028760415
0.3873644666440289;0.7163394295336735;0.06275799509961877
0.28731118416502566;0.4243263842479723;0.6357433646296339
0.7970775087837719;0.16826645197884194;0.659496830568094
0.8305593717451534;0.24522732114955825;0.6053077342263422
0.5047736883679477;0.9073286655437354;0.40325547024353003
0.8520738354787503;0.37427818619712916;0.7190605471315124
0.9773296665469277;0.9072596118520521;0.24280066091397945
0.0886026531533457;0.7654853920788006;0.8686309042219331
0.589241729457722;0.5445101752374253;0.579617062707654
0.8059199708169895;0.298378055456467;0.2148092378882509
0.7683906332423381;0.9401619674999249;0.38346803224717896
0.34855885972935696;0.4823417747947367;0.9636740784590921
0.525417184021547;0.3657689373296392;0.784062521019413
0.5615148083675731;0.6842583403489331;0.48753617251610937
0.920091909304471;0.07670176943856832;0.6940506083807346
0.4427973272802066;0.1602313851384084;0.8009132230329753
0.37448419351157647;0.09262020197283516;0.5511536956967847
0.055088071722182774;0.25491651100118395;0.9145947895752936
0.6952849345988705;0.5593641580714059;0.5386444120846512
0.6218092825893041;0.39525421142931827;0.1335948579156403
0.24190494314348066;0.7561833786334117;0.1330129412556289
0.8920887047240109;0.8469178819137836;0.5099132347855035
0.7976136384855125;0.6445950268240385;0.926250605248154
0.3159657241855428;0.6950897658790202;0.1687915471725313
0.568003597055873;0.9138095202226376;0.13864801423640216
0.7577985627784896;0.18222030224411212;0.5767906471100519
0.6667679995853177;0.16991142282515437;0.8333849409940958
0.18233149212142508;0.9143098239183368;0.4633719810635698
0.756306159135007;0.8672832672651551;0.5336954644989464
0.20564886198036747;0.6231358846181421;0.39820110585436186
0.5075835152995943;0.6191192418517548;0.18639444026472918
0.20734771829908094;0.22841716625001462;0.4271182627425604
0.7247543038084663;0.4017406538307251;0.05891353536074828
0.06842087391395113;0.05981873335312582;0.7234853493480994
0.4159707964929923;0.15195902288182805;0.20274660526644495
0.015254518969637032;0.1971805081038499;0.21381410140434232
0.6330302980117786;0.48190831463842443;0.8377363779368221
0.5770730621308373;0.34619414354736466;0.9273054354723476
0.9879580930818972;0.7973714664851445;0.17608138143932284
0.13359758079673245;0.5044973733472512;0.7392501231619023
0.9788605439328016;0.2824376921382026;0.6519903044410339
0.1589404958994356;0.7304225087985007;0.1435866294777568
0.4826103366395116;0.7042901398771987;0.7500312427419951
0.11664443867464158;0.9297303680858423;0.35744415381945516
0.31465448282097996;0.22637523610750931;0.5886749694214753
0.8908848070103911;0.04133619871304284;0.9934925036384228
0.9504839456789086;0.1727439464339735;0.9768755493978912
0.7432870542757;0.6720299054937375;0.5591158929759987
0.20118622726421576;0.7080274532466377;0.9761200654780657
0.5508814164343266;0.6437835098913635;0.3322533169713332
0.35329212979654945;0.5186588644239553;0.6110823901290949
0.03158540553365374;0.4129434132061791;0.5028758123946114
0.7172153365705992;0.23994213397108655;0.056648356068108696
0.05404823470793718;0.04013656916555142;0.2726353518855783
0.8272371482575721;0.8951362144205607;0.24682745738925316
0.4756378458244096;0.12514380685113713;0.5197647884747959
0.4689332854004732;0.41869540948235706;0.5593361322666757
0.5178134438259531;0.743091940205608;0.6551737442554527
0.8096193167706768;0.5763211911263424;0.6047427845685791
0.8157428766276257;0.8037091248621125;0.514424822659052
0.6867444004698778;0.6808726795414748;0.5910742602362822
0.07895015668329952;0.6791294149053273;0.969500030104811
0.5457792735467596;0.8046554833328485;0.501435617309367
0.8267691296919305;0.20884653242340856;0.9519155338321671
0.1707903751943466;0.6089721276285629;0.12661020491201258
0.19109090825973718;0.8868770510515802;0.3971393128034172
0.6526893561388147;0.6666163938812726;0.3115728403650265
0.7904859367702877;0.3792072077741707;0.6056291729272759
0.42276969589999425;0.24232931550121306;0.3458646347645222
0.13745987772021862;0.30120668738778367;0.6986600209276986
0.9133544029346254;0.3262287152687514;0.8390281458135938
0.09601430062412775;0.27773726692239165;0.09291874733226368
0.4818310727294378;0.7469412881854443;0.8923171136267304
0.9753954326850419;0.0030503146485886257;0.22830467394963527
0.10317263639640661;0.5661415866170353;0.19009404015909603
0.8485594497103167;0.40530576704900767;0.698386269142499
0.05204672528397847;0.19146951108415633;0.23949473775539787
0.9351985813032102;0.3022351120907608;0.7378478064532628
0.11553010249473716;0.4030366506524363;0.7863266506859237
0.2461492713456538;0.5711813269290332;0.5010989785703341
0.9407222086686062;0.06588760915559666;0.40023350114730805
0.0565290475147755;0.4041457794648581;0.938886049134177
0.9385536358102665;0.6687189595010486;0.03803964072442134
0.15944612152806348;0.4801785417405279;0.13994186293270827
0.8653240112623043;0.7351795159863057;0.7113262293222968
0.40496307655811115;0.12665833731901444;0.13757035204366375
0.28769240871415447;0.9434342949897827;0.24450957511779303
0.1928462713711493;0.23364909914621868;0.6690057470573246
0.963122761065524;0.6823410011225485;0.8838384595764092
0.45029468385660343;0.5206516755532344;0.31513258635639907
0.391975372011623;0.07055955997166319;0.2020276370557319
0.9540302367764607;0.23608510469245947;0.29058292575744404
0.020165567529349837;0.7663013259101634;0.7037244308301717
0.25867050041175454;0.6708419421505281;0.5386156766768554
0.41954904828121353;0.1893085305985448;0.7700914724558472
0.5472582436638778;0.774674383309727;0.14017123873715764
0.5840549325942409;0.8962714523089332;0.4504104878655245
0.7629751464984159;0.9978387158508282;0.6869059697557997
0.1648323661000457;0.5294971273653092;0.3261365058166351
0.7988804938968556;0.9453489681990235;0.47007341755758436
0.19446702321149878;0.9118510586060128;0.34788977910498275
0.1234957932032954;0.2882227984481487;0.10085680049849444
0.37194715779366905;0.9565267937982761;0.9529629685967909
0.050025384043334675;0.4285846316389018;0.02395712441455633
0.29509871285638867;0.14920083685643049;0.7603981302357199
0.6447567311172315;0.9308648924381682;0.9643009957512954
0.3480822155161466;0.38505847268025306;0.8722802671303114
0.9293327308984903;0.16097176832115812;0.41000806454820027
0.36498967118010095;0.6320506058937362;0.194664093038033
0.34169860151457443;0.7374484533603939;0.8373005124459167
0.4305703000946416;0.2695843380515883;0.039984796561955194
0.39089502729668935;0.5171736463478172;0.3793090693617561
0.25547629994390175;0.3862455225329723;0.10192554120539854
0.8224799365721656;0.006506073274511137;0.8706155141109849
0.38129397161050216;0.6310909350894699;0.5561041192114338
0.9049390679992976;0.9794085839829999;0.8719456613149119
0.31784718718341687;0.21021225121540166;0.9734809618528315
0.7898590233535471;0.5771521550363617;0.8779774603330425
0.2957338451985101;0.05952683688711269;0.3692625989433459
0.4430769323636715;0.3403625508140178;0.5277490241677935
0.36460456326279933;0.21717878130055712;0.9383439347557222
0.5914027868881884;0.11423308490389317;0.7504786228192393
0.9589631370408283;0.9401621272317617;0.25464503772836755
0.37577061319415883;0.712416582156615;0.7714369587363806
0.060464101850488894;0.31673057244214275;0.12224191427812836
0.6065273362943009;0.4091093983462393;0.5303091598065663
0.5733082932856732;0.3874576699493125;0.40197551515683816
0.7612229265122971;0.05380525428037286;0.20150024128899258
0.23390828516264794;0.6689978576397062;0.49206095363106195
0.3251067182486692;0.8574410399640344;0.03010129537686068
0.037081171802929136;0.0033894589415639498;0.20999710697459772
0.26352374175782245;0.9428805186772121;0.6181567505436381
0.38116939664608807;0.0491136603422383;0.21803384636749756
0.7771500332618166;0.2196097287616341;0.09645511531655271
0.23885305903266496;0.1699794612644877;0.28767492370240266
0.044930932070810226;0.843299442437586;0.15870072422073067
0.4576707893328351;0.36958726553437304;0.1657672186675011
0.7736952487806836;0.43660694129871125;0.2715836278710485
0.7582715776329195;0.9946263168375822;0.9154768945779268
0.1994844435757145;0.6016987608633844;0.3927563950587595
0.5089904903332677;0.9329899654703443;0.2251361292776728
0.10369666515476095;0.5576069006504082;0.7782937356618498
0.08963478899610677;0.6316372054369941;0.05756030476098095
0.23309288392706018;0.34798453347245495;0.12045562750297534
0.9054369163593295;0.3175084662625465;0.9828699897389068
0.012014989748661442;0.6679970830367146;0.8008039991834273
0.23562167159391023;0.6427608028538537;0.2911350791745425
0.42798057922755006;0.47076593544688183;0.5599038865320202
0.29019909203813266;0.7270344083975931;0.4744180766479813
0.775617701168823;0.7927303610548259;0.776123174911245
0.512143532809214;0.10321704662131703;0.5620637682247743
0.12130733902688662;0.9677394896367776;0.3293017290546957
0.9736883299496639;0.0066582021880827735;0.3768686738458026
0.6368053736874669;0.14965413020768759;0.5641541341929897
0.3507629567827989;0.7689114976280859;0.29083374286183383
0.12387636502781785;0.4390382949161502;0.9572053675549301
0.01585653527269104;0.054446727879472134;0.6270100293450074
0.37545109126236376;0.4236905835620497;0.5261350502390219
0.11104495351502264;0.298076155827553;0.1878972236433647
0.9178192691265238;0.08934691216159762;0.4891572440214925
0.3932665656890252;0.8905980150856104;0.738910810551944
0.390721294817731;0.9222012118554738;0.1612184195157217
0.4264624865046658;0.5456476468487977;0.04730391580515758
0.8665929788692573;0.8016394901047637;0.568191965228117
0.0488785405324319;0.11516775994811634;0.5997288792401104
0.6774369484643469;0.931729183724139;0.5998874475174616
0.7179413976257166;0.09890019387612503;0.3601019873606721
0.7092635610115227;0.31121153355352815;0.3031121922386778
0.02077236334299226;0.8306301752437245;0.34509130152818535
0.6810188982114903;0.7552528429610406;0.0723590349812745
0.1847188625236793;0.6139704480065223;0.8976110549521644
0.5044758089668373;0.364257347317846;0.8606766719875988
0.6258011218215794;0.6601517734206922;0.7170379496466268
0.985198783149064;0.17539220412415846;0.6746008830955564
0.4263120746077207;0.5645982745492787;0.6624829916663845
0.18624352941743738;0.7276573674917766;0.1906596300442326
0.9201135243280409;0.8468832958964735;0.4559809177836841
0.8403182211011843;0.9512094067011428;0.23402387094521637
0.9082631264886203;0.6575893758282012;0.4695357464245271
0.6965379502331547;0.6644883442975559;0.8526881965062548
0.59336036748224;0.7817257777009031;0.08373809000556798
0.36714199864481156;0.94383293771083;0.037017456854642306
0.20119069043810267;0.8708711825172452;0.8051942137761179
0.7146515393989983;0.27160852714100814;0.2073003232231132
0.16776576314647795;0.576268781480605;0.3691253494024376
0.27708017448615707;0.24277969461496474;0.7571552412107888
0.9617797397419967;0.25179315720227924;0.2901765749840326
0.09067249887612872;0.04776120145235241;0.9179824861302023
0.06445374839551887;0.8946126759978799;0.2615631242182239
0.5760905988933583;0.8894590399617794;0.3666463321784411
0.9075478705393868;0.5688040424717612;0.9049180837323716
0.4148389490733404;0.04643135434103529;0.5807901137258412
0.551920356323555;0.3712973769009178;0.16647837342569705
0.4714464121927473;0.17666740759008592;0.1259041226481663
0.06422901545705784;0.41920291224768147;0.028571828888034778
0.4099795623518879;0.9818076827712928;0.8430310156061551
0.5714806544466208;0.7780814119243994;0.19790500812007805
0.9551574753922606;0.618320604220983;0.669748434835861
0.09476583946962203;0.6957097848055925;0.7487646971492132
0.24927651473583312;0.6596661022781575;0.3973625449786998
0.09324760879582228;0.5615278204646508;0.11166460670846379
0.1776904684093361;0.15743788631759326;0.7045597420429236
0.2828304310076235;0.0019238695421259777;0.047949753105892
0.6367570249716037;0.707544052318869;0.26090188587207064
0.07953129333703657;0.8989936213269384;0.486044005041674
0.7045112638509139;0.6465495096226594;0.022778505863517484
0.3773591062595143;0.9705848652081294;0.05012824254254189
0.3234041385735765;0.9645790316644913;0.49460282333569927
0.12775311740988493;0.7678349654687353;0.13661500830899187
0.9746798193133843;0.4879130473888038;0.21897422300273117
0.7874994322922613;0.8676697210070922;0.19419750613788556
0.23151792646205838;0.3353622492702273;0.786994299345177
0.19959940673400867;0.4009444348117529;0.8672029862672583
0.050508311237619785;0.1628093109951273;0.36906384964505223
0.7886509120198235;0.09353705713060079;0.9651857298487968
0.5415171379140441;0.44433740637407904;0.30014327493174364
0.5181958688922688;0.7590720870892408;0.35401786715452066
0.978849725892208;0.545286834250301;0.2795422271428891
0.07149602998814308;0.6679847617532658;0.24476949776979817
0.8187002017243877;0.7827759372047908;0.7405214531484926
0.11467215101207162;0.5059178526052169;0.5179946782667272
0.29677371284354515;0.8879199640868444;0.2876037885194145
0.6591351911141022;0.2682305579282239;0.8811646537598414
0.560846061142958;0.6486434295076451;0.01600559891395381
0.30842804507856647;0.6285025349981568;0.24408038158093825
0.02450342165594832;0.4824112176265518;0.16248287311118303
0.8260275287198254;0.00812781464037704;0.26023229175834994
0.18815071568389963;0.4326174192032798;0.9188328428634295
0.8813240901522433;0.1639130202786474;0.259657740468054
0.2590196389752948;0.5132269528015427;0.3900803348158426
0.6422101070097368;0.7121672568360793;0.27514441321658933
0.34032876907641985;0.10569999561754428;0.3229874755354021
0.9248201237180866;0.5931694688022164;0.8082224640643276
0.7901717843285165;0.726645824729569;0.897602888807392
0.21790695056925447;0.8952646374492074;0.871767505163344
0.3237478450618082;0.7409503035138058;0.5212357721910452
0.5004234301449194;0.687233432502481;0.38467569365310217
0.611699463048173;0.04871601761738298;0.3609820075975434
0.3972522703994926;0.8933352196121791;0.09441521542916864
0.5465432695107837;0.19002287708710097;0.9202229683037993
0.0223686666520847;0.7453531017870606;0.35890067437428486
0.5295414724393513;0.4514818596253628;0.09310040312879353
0.1928351569370078;0.5971657167371307;0.6947539996989488
0.24009821249705687;0.7915306276581395;0.3976339087398918
0.6865495498773715;0.04618118845873154;0.7424852452327507
0.8698208253200685;0.36623210653486293;0.28905513208826594
0.8526427984358861;0.9728185779297284;0.9480297310406242
0.491494559410357;0.9687059138894748;0.8509095849026714
0.8994726771989721;0.5449485391519009;0.04118892731449664
0.3771690943398034;0.557268389387012;0.5895636631243171
0.6350710569456692;0.10983451651057186;0.20435275852147472
0.7593105589405115;0.9891650798021482;0.5844314756638853
0.5274464182261941;0.6670355547564847;0.4374613201169417
0.5408887922708534;0.9038795480350268;0.014784026194696764
0.4072963782086443;0.90024010839753;0.883500876016562
0.8512491573358585;0.9951557136799923;0.5012719397494865
0.3769130145256194;0.2256401579580416;0.34139538598754904
0.20556723520608533;0.7279357149905776;0.46967578058574455
0.37618528282154207;0.32935530290618775;0.9500243159313944
0.9316622739653625;0.4878035349817993;0.3813430057272159
0.49667894012073754;0.5293691802390708;0.15013340673379705
0.6182657650599289;0.4723718480833339;0.7805498219401538
0.8916821553550034;0.6330182976003293;0.014196304308024321
0.6749212630594142;0.9811726973045579;0.7301773782728204
0.07155284788542693;0.7423024744655891;0.06811571131737837
0.054976924865281385;0.20701276040660566;0.044718733763034146
0.34325994034304597;0.07191860933829242;0.6949178068826434
0.08721970824360592;0.5447074746177221;0.6595721108252913
0.9448972865897979;0.1314039304764938;0.5545288843216998
0.7330499662331221;0.8227834236604378;0.8589388071244034
0.8170078062657551;0.08300699979643844;0.6019877541029287
0.7858556676510854;0.5885471389805784;0.3443455838690548
0.03230389830698144;0.4337435315796413;0.9204247303551425
0.3238625927930492;0.3662669845316687;0.6295973082129388
0.5800974617598482;0.25283669417018706;0.12861648199607922
0.5755313087878396;0.18428701839348216;0.2246037603174662
0.9494366756199923;0.5379719282601697;0.63214250187295
0.49322509047047824;0.431005653345951;0.6150405869117973
0.5063340767857343;0.09119907719901321;0.37157800162085075
0.6683836436280167;0.067116622808433;0.6663439331551312
0.036357263215015534;0.3582203039201699;0.057072933153899386
0.9324337054896761;0.6039118677276155;0.8290726814546664
0.21744130524582905;0.14039104660946722;0.7158378766554153
0.2083260042885825;0.715201647766009;0.5939427766812639
0.1115789853017698;0.3041012150417175;0.35291581581501275
0.5314630021747235;0.4320919074439531;0.009825649489607402
0.4672267693070148;0.8919100649277201;0.715919789444603
0.6808207681028194;0.6398575204386939;0.5719381398938934
0.3355997714335843;0.1505675898693194;0.03868351156241723
0.947283794608497;0.4707696466589023;0.5889712942922268
0.2027260445916127;0.010665153528596871;0.6323489241869811
0.25718644264628454;0.7693034843479609;0.35522769087588546
0.3025402787676632;0.5393121990421667;0.29544817524131717
0.5183114404006234;0.5325825510804711;0.3040054673588256
0.3932359873955191;0.36506910889642274;0.8125312395528221
0.9954543229711674;0.1201865893618681;0.3943402713582751
0.7822566936441219;0.0589275850431481;0.8402917566541896
0.98583414168839;0.17307290471715564;0.3703600469699757
0.6170643615434398;0.726449805263987;0.31276983445661066
0.8526152035914161;0.3087437673673732;0.7061380253118329
0.4134349982212585;0.45793262842892035;0.055138043254032265
0.5397254342354351;0.23413481861195273;0.07721836364000523
0.2052233300245111;0.6318335596606278;0.010905355013898332
0.2796370177900549;0.09788154594643339;0.15698107809368333
0.6617593696521945;0.7695657628495527;0.6374313248444791
0.7994734008241683;0.9674109978825738;0.1414660875708048
0.9758090941770637;0.19931375210743718;0.1755219586111071
0.5738344268789946;0.6512186002766907;0.903372860111
0.26830724244931947;0.25074569039049766;0.22826095142291158
0.8827683082575212;0.03506259293037062;0.6964489173166164
0.5655700340362902;0.05462822957169011;0.057502730722094886
0.9058701126951131;0.12490886405056811;0.9685340424746567
0.4320469702517623;0.8387565050893744;0.4037456227342501
0.04988801024864642;0.5960461708277426;0.9068730914187276
0.8025027799640384;0.044093672909435;0.9592055600354266
0.23602789972256322;0.07361335790630374;0.07466631509562516
0.46487490961588673;0.5002096011984551;0.13269112983840936
0.17557618038442535;0.8387499527022881;0.34082195478561217
0.7953834714549725;0.39136971577323876;0.2263173506873859
0.43463892547186933;0.10320755374229362;0.8425725361289106
0.006285726874597275;0.3200625063865059;0.5629273662367832
0.692821578176931;0.3465263038059677;0.8926178261444494
0.46357435470040864;0.2665641760056229;0.9681496784645521
0.9089833595380385;0.8262878015717542;0.062389195727346025
0.5516696733146024;0.8020888372596601;0.8389629198402502
0.12365509014322118;0.6537121442681088;0.38996112428672147
0.577819485585724;0.8716692921462436;0.6366374564821421
0.9218008101761778;0.9147777928583708;0.15529983306024508
0.992040167121565;0.7262005672059286;0.0016268671649756206
0.10053009186763406;0.426658320500678;0.48629668222574896
0.4968388336350109;0.5255903030970764;0.647962302277153
0.6025112597414418;0.14645885844477236;0.43067110621734594
0.5179768733214805;0.5685204011688535;0.051071433825942814
0.5002858536098881;0.6594624225751257;0.5230533719344352
0.9123857411278055;0.74253323727253;0.9680337621494648
0.03634142857510503;0.2861298313311762;0.137870933437501
0.8197478856850366;0.7916288205096825;0.3997431745553457
0.18025286446313205;0.517886727511049;0.8523027399643752
0.2564291350409301;0.6666660806745021;0.42736498366870734
0.5007058646393663;0.9878854793353476;0.9668382327247363
0.20631124559117986;0.7819970610515752;0.4837628320608627
0.25642926974983793;0.5045706464187941;0.9044244436947791
0.5833097837266391;0.2824756066693672;0.3963263439496245
0.6967992178930065;0.02380950176558383;0.695194191853533
0.28553613535603184;0.9627182048802299;0.47998619769034967
0.7673746141078382;0.9141388250195555;0.3135535257070611
0.8607556819096082;0.45795159290647613;0.15705299794836014
0.5929791076764462;0.8456705889276406;0.5092450590424565
0.33613269580759186;0.8123633377376483;0.33886778586344213
0.767873230975917;0.30944773752697996;0.212016827736088
0.303551107922281;0.9547155557686986;0.42268777056614637
0.04903103192549341;0.7770233258987753;0.9636528096023228
0.08452476182253876;0.26973667194540385;0.16761232409724824
0.32079726180765245;0.7352730473539691;0.11307647417494804
0.38770485463049487;0.14419989554317958;0.2703596790287406
0.14891963395645025;0.9572100867381462;0.675308754544345
0.7718592518557318;0.9072720881717203;0.23284494635011632
0.23128563500690102;0.6913505056425883;0.12007158593281164
0.3230855457319547;0.8684613229902605;0.17974820011356984
0.8307429905577512;0.07008518190088775;0.3116951685612942
0.4823003874409032;0.11332899537795493;0.2880592024174752
0.018542423503348338;0.8208853510228833;0.9357473949213188
0.8720886837182684;0.19351104687817955;0.6827479458025336
0.5942497698060866;0.8332916045262576;0.1571965702218191
0.8887047395388624;0.07196977876556776;0.9751788504542943
0.29724419672795077;0.2578669804761302;0.22457309910052026
0.5295741725639996;0.20695760302129662;0.6571657303825998
0.349719869012616;0.6306918765111615;0.4421512217823852
0.568328956226237;0.21001260770800345;0.8066119255894916
0.7812738780351967;0.23070035741913109;0.06542169778530516
0.838973934225946;0.006956538626485487;0.624356267323887
0.08689200998314894;0.11840757174769756;0.6729491619607754
0.36597559478771435;0.7587648675086619;0.608952693702068
0.17425027313372365;0.8758133841891672;0.6617761949971376
0.1504834836241864;0.5571850926710736;0.032505735092995924
0.6803211679253734;0.2371709175928608;0.4458567799326004
0.736483084555276;0.16160042002086983;0.2259988799989049
0.8916618476036269;0.5025020592161145;0.12359975998014572
0.618661261657016;0.20782959860397598;0.1240425396010677
0.8043494137388326;0.24340803798142785;0.2554290027229429
0.7990287480899153;0.2709716275087516;0.2205280702879323
0.8426630379162722;0.3123352138207818;0.7485156633122758
0.10003031280047048;0.5788289687251578;0.7256036450530609
0.18448766636451308;0.057832150672406546;0.008246282192721388
0.6593728976897802;0.2711375089029654;0.6860352452895908
0.7054744430720806;0.9651758135398907;0.030055615689688953
0.665641896521184;0.27092564137014863;0.6670612392791011
0.20494002711279502;0.443729668401019;0.3572955454949416
0.5272554145954998;0.19329380191344936;0.6561937103056006
0.34833247533877487;0.05276923331251138;0.022738310080075097
0.40073334967171026;0.8287756122052111;0.7766020883146688
0.3133774912332389;0.8480615330959753;0.49762963239999713
0.8562123597743019;0.6596881701023596;0.04280677558652257
0.8942402980852289;0.010280087230284063;0.07114745801044398
0.5668525926201886;0.3686781261379014;0.7097338936516983
0.7132908460687614;0.6839858234556638;0.8127726292783704
0.1517004034385666;0.4132082850953397;0.1341898747858976
0.9602849972820559;0.7332863541301874;0.32999837548179534
0.8401863432796155;0.15844972110559796;0.39686808120811123
0.3994141541133165;0.8310583062661042;0.42799656421951904
0.7391081325838917;0.4806056687495259;0.5975432590318374
0.8078794814192646;0.8800060929982785;0.13528136906193444
0.30750218187684386;0.4622120986341539;0.9685092111585811
0.0220325787728346;0.04387394155631952;0.7026665470556723
0.4327346871745028;0.1671978440529691;0.18877828762739712
0.49461598824541464;0.23301826657596925;0.5388992993842213
0.4351112529441574;0.3397245028044418;0.8550873386926476
0.9099589013876632;0.04540819256564965;0.3212248168057119
0.688229274443995;0.9763942356399783;0.855738027465947
0.4379663501662099;0.7330979071222002;0.6747075354010516
0.9813410624550193;0.09431408169494493;0.2579844482795789
0.8177149574553672;0.5486182426135099;0.5332788387339158
0.9374988558404104;0.8145481017420803;0.8151290836437813
0.3578492117700115;0.11660387002606931;0.18030445488151403
0.9877415570234213;0.37119850986348146;0.6199638739311647
0.9005355145721492;0.38892785303205357;0.5919058231003272
0.27162519883713543;0.6095932396275111;0.2247373156247522
0.43784062910848287;0.770469334986398;0.6296953244047054
0.9174580469987371;0.33662141405591073;0.3003179036926442
0.8058750179402892;0.5290708440303552;0.6022675540547106
0.9453757852960424;0.05197435039764897;0.7600587047222599
0.19534825211098483;0.024607767982995132;0.6068099199241616
0.1502704231835834;0.6419730490883508;0.23182643145504067
0.5632565503535331;0.5378058470012044;0.6757000431745744
0.15653646219697193;0.781609252713712;0.26732646470555754
0.20284289359048546;0.03900405583618882;0.7238787746751334
0.8964156111022897;0.34935448493494126;0.8328774913221928
0.7047625283653777;0.31501694789408585;0.8515173707959918
0.1850564555820281;0.3806909001362849;0.3570489867611054
0.6206550571087665;0.17382489792856937;0.5587166080896047
0.7657450979272233;0.5723865024218387;0.8457431201596685
0.033764545684696;0.13031930840032535;0.6779291831095386
0.3937521742450163;0.5901308350856125;0.6815186777121499
0.9862040881487921;0.7221943733628156;0.3048381098429911
0.01921838210272575;0.5178633640732646;0.1542288389493307
0.5345754139546528;0.2549501611763678;0.722319649961181
0.7841010621211858;0.5315231101728902;0.7932103006270154
0.7841184200844767;0.6073718604038023;0.10970279275616457
0.39054968210017427;0.19172338616169682;0.9675363144326229
0.9889540645332899;0.17216537550187372;0.2591255828489841
0.12842557180896397;0.7857355948068303;0.7627555671896983
0.510030781971903;0.4545789256298003;0.9867717434511731
0.3820518874173251;0.7554440742501046;0.005367269072422465
0.291764672615769;0.9465486504211504;0.4932102159784194
0.15873502997250277;0.12645178824383174;0.9063343289711705
0.5242835328922495;0.7892817241893831;0.014058384192554119
0.5372883124456349;0.3045442585184869;0.8944198705555859
0.3349937447081558;0.8691299485527676;0.714364397261278
0.4193321683885204;0.2974398013770405;0.006902947633481649
0.05740350531145;0.8367528249778037;0.002882956414494986
0.3852531596052665;0.47129157772772556;0.5260019767566672
0.21901772153296595;0.6443077589647583;0.2588065254515488
0.9406461809005163;0.32307748241115475;0.8227552092814909
0.055576569668342124;0.9763138134438772;0.8841433830706072
0.06947189979480295;0.6294401865837229;0.8242986628775205
0.5011749301410596;0.18304108518093365;0.6411174691107241
0.5008986550812801;0.10669867640082864;0.19240910169754233
0.24644809364658515;0.48903265164508325;0.7098142654479397
0.9360307743954014;0.835551892993129;0.3064928487766516
0.6958517645653102;0.45443964142283744;0.1444005663901815
0.6735510148856011;0.509465280679082;0.977117196144358
0.8350393717918867;0.04403317498946935;0.09939317325135189
0.2200159472208445;0.18744973315834168;0.5524422610533417
0.24487884045886;0.9620401020396739;0.23071706235567402
0.7913350325798237;0.07177080488999388;0.42802996094514756
0.24160242829418477;0.9287091990567091;0.6446074942947222
0.6421587487927558;0.20493922110870444;0.4638867164441769
0.6651211392880286;0.776423727896699;0.0012323948824909392
0.3585565290518792;0.8673977390155787;0.11317809862254513
0.21122969549792325;0.8240216616558603;0.1654075688564386
0.5472681708037106;0.7842572436192856;0.9729773098969364
0.8643939065791232;0.9030566642427065;0.987944328601329
0.40092411165852626;0.3250706399502383;0.8730523589869028
0.28958739918885557;0.6342242689447629;0.8314108257003301
0.304655243550377;0.8159642987842541;0.662901587389891
0.5319881252167655;0.669997547022081;0.5411729100124741
0.9643963897449166;0.8223296903968824;0.14676387836581695
0.7007581866809572;0.6374352279888329;0.12959610092915153
0.5417368611310055;0.7621733642688789;0.6383345813765429
0.0961882412640056;0.867504118699736;0.18939165860444507
0.6920809511188047;0.06642457668898616;0.9724309746717433
0.5848509824002972;0.7561382894639117;0.9147274307301486
0.9050665684270967;0.4299425792781336;0.858170472086553
0.4098148213054468;0.5026016302135901;0.246729059448484
0.8219573570741806;0.46941146099251474;0.533042996129271
0.10918625671810411;0.15203929365118052;0.07143497717282454
0.662151003528918;0.8719264055313927;0.3608281236152311
0.027025911859964502;0.6963009258090906;0.3247586793047236
0.577376346094945;0.1860147793574941;0.2806962173967451
0.3228559800246249;0.7257971930789795;0.6273785331894237
0.3902043264855676;0.1857799032164008;0.3972613801809137
0.9039687135572545;0.12898531254312395;0.7868784968210132
0.051910939316754834;0.4413072672904511;0.5159539182864723
0.8307664483290261;0.8831335314294588;0.2768359101891058
0.8034318906912808;0.1590659505135863;0.8965760642832133
0.19691076946560082;0.7989138594750871;0.15304537554031872
0.7106356930857896;0.7281601820734304;0.7446507268496525
0.17634830410741498;0.09566430737165765;0.9701586906873714
0.3393302491860778;0.6302016629296485;0.2211995354312677
0.6415736573455877;0.5600301951914943;0.5151851507740345
0.08154508595741372;0.6784738349470024;0.7647168274100473
0.02063684921975706;0.8174067142539011;0.553054792364358
0.8725802102591333;0.141946565691088;0.823712286633675
0.40441541110995904;0.9661561889047146;0.7214556836278372
0.7476948139568269;0.9370412169325951;0.5845536385008104
0.42383897069984655;0.977203035689725;0.0284930450660571
0.8605080769248546;0.7890732458396734;0.016058846679903316
0.32419108458983215;0.9468050088603132;0.5464612468990779
0.43738002854075797;0.794715586171013;0.6614995603216081
0.7279470629766435;0.7267307454421839;0.6385456320752635
0.4189174566970596;0.7818419029622428;0.5187824722187824
0.9217979327245048;0.17575796490672724;0.7999284931965417
0.7741035560273604;0.9537188349667499;0.472450327361435
0.22967624889255833;0.5474670344094738;0.715023141593315
0.9619480778791472;0.19985683749942484;0.25961372947231376
0.9840989637519334;0.5496212375835008;0.46209019698937337
0.9732415804249217;0.5116651895389361;0.40991278853691715
0.5607809371539241;0.5387664748106327;0.18907809883619842
0.05899680892995196;0.9597225109127758;0.14723260793528825
0.7453242777038629;0.2421522017592398;0.7225691990185656
0.5066601295507941;0.188153635003091;0.8157330015179203
0.5818682735835746;0.5782365990682616;0.5858082430904763
0.9396068934044522;0.9167703548722548;0.07703752727289581
0.9050141104766755;0.5831458096542221;0.6109079757681272
0.16999306504759726;0.9411978158892732;0.36629668895722745
0.4702877204568262;0.10010404795387473;0.07890164879835904
0.7386933231204975;0.16999946510579045;0.7616114508995553
0.4913607233995696;0.34470137429130476;0.6276334328653291
0.5382379560537877;0.7914709898791484;0.44724927900459355
0.7704317896700107;0.5549894130569745;0.25388388421467967
0.49499013944129433;0.7402611012355568;0.3211745711889056
0.7546286882636529;0.227826659596996;0.6230569584815902
0.24557755859774588;0.1471287608460793;0.8705441943782342
0.6932203026211131;0.2446114535946482;0.5585252906293229
0.047290368456770704;0.8561912958996788;0.8300135180206841
0.5035504106019395;0.31943701643437106;0.5990655246358809
0.1626340580201947;0.6346690542842703;0.41442579523960055
0.16587899723390465;0.7132954625345233;0.21714851545855463
0.7347646857802164;0.6309156225334936;0.666492926760521
0.7213304933778899;0.06078887326984361;0.33366824516154414
0.9317592453201439;0.7622754529189725;0.2865161554863096
0.6927646653943369;0.46653946037962335;0.24517431142820156
0.4052889940933895;0.19427502668103624;0.6777654721924627
0.3762054218857791;0.40043941404827743;0.2965874080133315
0.6976022240345429;0.8545902959118192;0.9164523503245081
0.4942196648963636;0.30402551175471526;0.4969581726275858
0.9848398647879785;0.6501531655289229;0.9007097730653946
0.710806178497717;0.8562629935111795;0.9205507145735374
0.6710564333747303;0.5030171024212746;0.7660524785058953
0.8726684096093549;0.626092045876969;0.5981313433039397
0.913834882561782;0.7142921840023471;0.40830178437222864
0.25486069729388616;0.9650422370493397;0.47159560072924644
0.7393881489358219;0.9434923695248338;0.9335674852333982
0.11391529332220574;0.5517135311562577;0.37473881672954146
0.643096964114666;0.38066740365699603;0.8179006139916963
0.6755950486578299;0.22607836297825312;0.2430409926597189
0.33271352336806226;0.5384712102495905;0.28231675809796886
0.9767645007017062;0.28082737235798205;0.31286887704910704
0.7486550266599056;0.8207742090672503;0.9215691764128175
0.05563546940136488;0.03397542214734672;0.5530598962304204
0.7404771486683095;0.7233834413382474;0.7414816611107117
0.2413427717717822;0.4572406646610311;0.7454876290389348
0.05235117697890557;0.9668330895648427;0.5504330564033255
0.9200735811196856;0.11056099256570862;0.23183650221320007
0.5590996264822233;0.49657530709600706;0.9103384135918593
0.009306466260191715;0.35550040034645725;0.2715080492668266
0.5061332894853073;0.9035099040835648;0.939468810809126
0.6224674238090399;0.5675326964614155;0.07291587425745139
0.2984702271344096;0.19084030598278223;0.2855779411251904
0.8496649763046059;0.33225900002423536;0.16623066245688412
0.7152193550656989;0.6488212319277747;0.7982579028801163
0.7646245614244412;0.6153770643351235;0.8702151313636738
0.9884308560270213;0.9300297215089041;0.4612714845970194
0.19062984636665858;0.030732944046194643;0.8653598047126262
0.5278953685272301;0.10351217616201347;0.25335009932720054
0.8349479859941297;0.7486040836023219;0.00879945295462703
0.019307988042039037;0.20361480189556258;0.4414985748739756
0.703938369465971;0.025552381180442563;0.9490558575554721
0.3486843902302684;0.8752812193327353;0.30447672786711355
0.49917329015589595;0.49483405122092494;0.027274777597662392
0.791639707327005;0.18306722062757474;0.30838796149736636
0.0064928433774149585;0.01588553662462444;0.6074182015205096
0.6099015259613751;0.17111930803238817;0.12002714895935762
0.7213111395007078;0.42712757895941333;0.7615322981130261
0.08392589184105426;0.8851706470117651;0.8720940976055608
0.7595662399152799;0.9558712787049152;0.06592744330505951
0.20020504492140967;0.34500914004331906;0.9846777337603804
0.5917579388256022;0.3473486370259675;0.8253924725308655
0.5289866342521943;0.7256556236398841;0.8275925710875041
0.20244067721198422;0.5696751776054593;0.3266819124950303
0.5468046933450413;0.7436238017930943;0.33107996373601045
0.8104009454630303;0.4778461447762522;0.1491246854840217
0.8488074785400842;0.890956206709228;0.9989881742518181
0.5579742757732103;0.8000861732611557;0.20164272928372584
0.1438404915774396;0.30710193843761113;0.7159497010384593
0.299440994099775;0.8341860927900686;0.22674665673708594
0.12685261160515227;0.6333107821009767;0.6773872689727983
0.6422844667207251;0.6002235951311916;0.7663967350584485
0.9556809732090773;0.8066496913469503;0.2239195704541025
0.9493857246553981;0.6411667065073372;0.1241891925860098
0.1859686987550233;0.12542891460189431;0.6900979573683184
0.10908573283288892;0.33576291954532156;0.6204992714441008
0.5597688663124614;0.9978595322451709;0.29781465461836887
0.14821204174769076;0.3967180877359545;0.8428428730511551
0.7286187313240878;0.18112404746595112;0.8780456083649543
0.19677383968093387;0.39250538030726345;0.7183434315027711
0.30548446185357114;0.040953657671238375;0.9199349688461671
0.70433321906636;0.31849053000744454;0.5616546775542978
0.09322066935563067;0.213446524733231;0.3416341088565107
0.9200920755044701;0.52858995568807;0.47392258797639664
0.3593030782092448;0.6805549215115105;0.25455691611539477
0.06802916456875518;0.3117225391017139;0.42964643080560827
0.22292017738702963;0.15034072172887303;0.9328526898099126
0.3479069961460668;0.6784230778579312;0.27880799001722845
0.15538563757794233;0.10836271456964963;0.9275794085288704
0.927774399023215;0.9836437846625743;0.6368055129059915
0.7528116792337196;0.7734498457690749;0.7662234074901956
0.22522605535762097;0.3838740584058623;0.6454108412388446
0.38034434364955627;0.7199174173078808;0.443390449682344
0.07666638721064734;0.17726632854621605;0.21535657320517887
0.5829994654998065;0.9895903082164438;0.9413111730309284
0.2072739994883025;0.6454746438119623;0.20296037907591635
0.8736348511650641;0.8832338027086893;0.07033209131947193
0.6311895966818966;0.35554124630279327;0.6598399143423046
0.7804824102174602;0.6319970566181882;0.2978176493094449
0.01039039458511859;0.2806879522329171;0.9064618252266682
0.8102220242421037;0.2590567612022874;0.13513065814018854
0.7390718476292963;0.5000883573324544;0.31657690000259386
0.9000663315009123;0.9334684921964049;0.7575410279203044
0.8070473873895724;0.617761642308459;0.6715016218761303
0.11942540571332472;0.07566347378943594;0.2012828513077417
0.4117186933662218;0.8250072048357188;0.28282170467245094
0.6393636902768894;0.9529909281002708;0.7584353580769874
0.3183717267823992;0.598034907648234;0.1335254205952464
0.543954221641704;0.7920680721460667;0.9441306684052022
0.035594913673487216;0.8272987318176963;0.06250712800392988
0.4444344089884622;0.13741909426756593;0.13796427270092915
0.32400259177642554;0.056601462060471563;0.7892897532637664
0.26229866042292316;0.664665969429402;0.8624427632081201
0.7446239691290106;0.23159495821297726;0.8800821872281416
0.5428635671116906;0.0599602114492932;0.6367131691318987
0.9343694856367759;0.9095115884057245;0.23020307751731584
0.7028471661063277;0.7161783112186813;0.7250700031738607
0.5841763618072621;0.38702727829635675;0.1831687657379032
0.2339218005917718;0.5786435173406684;0.1579199901942132
0.4668363601194603;0.9540353048858938;0.883886194328023
0.4163390707509881;0.6345279147241476;0.4537893340212886
0.9057971265228151;0.8338344411704435;0.7899943755505792
0.939557700157742;0.8706623182204483;0.47488850671008764
0.17849118170550327;0.34190166973992375;0.3393139771311898
0.16337170437191928;0.6562080741017177;0.9156416715003758
0.5675216834065755;0.5358592302942836;0.7885679475853903
0.7433004427901664;0.40778278101380006;0.5548905439213424
0.7273631888054353;0.3752972721466765;0.7548053858565125
0.6075328863130767;0.372257886851729;0.8846188351280935
0.9072764658185821;0.6494216253411271;0.2824746714302572
0.41539990831355844;0.07568501737139266;0.9453476436466761
0.11644124104102538;0.7474859493250201;0.8552925121939423
0.3514446459927376;0.1420906707484637;0.9716135017253751
0.45785850828512464;0.8725866274895768;0.3335895594564733
0.2547254635240578;0.9417816167940831;0.7452222233398971
0.4929869058192806;0.8444806031570343;0.6835654759345722
0.5297132114645018;0.924271156831847;0.01805170289485447
0.2761223828596887;0.07909522415338366;0.9891207520368517
0.48294128152012705;0.9493789149608117;0.8305949238522814
0.11510910054881307;0.2985554703397377;0.08000453850284595
0.12961820871410257;0.2764770371540092;0.3574455814479335
0.8842160113637575;0.31770066679927766;0.4513686020630009
0.20588093391659723;0.7887176209962459;0.19352107405355834
0.12551771645178955;0.5977407109413523;0.5225176311356404
0.7286020692439085;0.4118790985728735;0.6496179944691985
0.05575734020943268;0.5137628843332893;0.580839777085195
0.6844529884267707;0.8917824045490288;0.9180936389196409
0.6484592078895114;0.488049223221099;0.1799054525001601
0.4428914280796733;0.09983967147228279;0.7853381677637876
0.8222872481951572;0.8590441565559962;0.036543367159969975
0.05967646505378876;0.44841313279968986;0.6784924606731628
0.8623878039071501;0.49762552293733653;0.5407010605246868
0.49247021093236354;0.9142897185728142;0.6660225616223864
0.971433105218449;0.2678239995586813;0.7526003203983115
0.6274904590941973;0.1200508760807869;0.5503224342829215
0.5123703374457025;0.27558061799718314;0.9424093456913841
0.5535211809750638;0.34183294869463865;0.945502158690475
0.6921783823103349;0.28067758123286035;0.3039652406026312
0.41210124064599307;0.677047706354772;0.2604178165779807
0.5051083669820268;0.30297463838449146;0.10528325184185361
0.8124108395499261;0.8217542942136967;0.2739321798419154
0.3348754879287902;0.5901572990484162;0.9511096343277492
0.03681436434130558;0.49098235190521367;0.8534730522823644
0.879156167630803;0.7362325028413795;0.3682610780575931
0.1593592032253256;0.8179169720646758;0.4847310159894136
0.2502000506284553;0.7979410957018728;0.8792028626906394
0.7152760566324734;0.7861040949706339;0.5926421196684465
0.9190933572393757;0.6704605818931175;0.6693258544331843
0.6371531501698515;0.08986791325206933;0.06149519204724607
0.39262353061728816;0.775531311672819;0.5735139434061444
0.5756177204949056;0.011986304414892679;0.12857477647254245
0.5284843124222168;0.16191637673364767;0.92817383968221
0.8475586484208152;0.5233507676130422;0.17847191132728957
0.4659363696542832;0.6632216157560735;0.913820455441091
0.47218757447091264;0.6824774341319254;0.8424505619379309
0.41922952850513784;0.17736699454399263;0.5878533988366657
0.5545667470978227;0.6189665339094029;0.16122444740014952
0.5240422823711998;0.017862269578478696;0.43476877619726473
0.7615271988003572;0.23650068928240986;0.824149224970093
0.7508567710541842;0.3848445611440565;0.6189053769027093
0.2942928486634;0.843754078010068;0.058418101225312435
0.6463188457354102;0.058801446671017166;0.5380188269602589
0.9974017273770198;0.6776933416180936;0.8756598950490546
0.8563063590265012;0.4203088608556922;0.9805913823497717
0.6585559301590852;0.41407145985293425;0.47659067179078685
0.4495110784337638;0.7925154898122222;0.18279757962581333
0.14693183186061176;0.16821118264744106;0.7484522915900366
0.15919627663032743;0.7207739168142994;0.20373542280881396
0.0008358122630885978;0.7801142746408223;0.4827312168066744
0.047663638372611006;0.48952170427927233;0.7810916211640526
0.1858605608733842;0.053486762801516985;0.9062257848421744
0.8594137939211567;0.7362567806903174;0.1715564820741723
0.06829025549365453;0.5304872405232236;0.7782553693485685
0.7121510579607211;0.6473668512819407;0.45693873403645624
0.13125436959842063;0.42855098115874424;0.16168250695724784
0.6327330119915913;0.6302525350824189;0.039267576686283445
0.780450710475924;0.2453821755961969;0.16896206621757226
0.2340803045338853;0.8993858226395863;0.2045005896899983
0.5256493092038957;0.8431768851739153;0.06805449026923727
0.35480344281025733;0.7168424346280549;0.5594959182721223
0.7445341397176435;0.6697269750581271;0.9326963871396378
0.8917727866481677;0.10609004198375271;0.5474039455099408
0.813044276341401;0.5978925484439838;0.576242599298919
0.8295064643042689;0.4553359558738963;0.08357445324871904
0.877061870279426;0.8502961587257215;0.33653128528955567
0.943403965044743;0.9034956384212994;0.9618453764693556
0.8793282746356667;0.6692612178909791;0.2002894524296005
0.34663805307351403;0.15155998793494263;0.7949523805043595
0.3147089034747318;0.9454271256962221;0.10631588186230612
0.6076062645366556;0.4800388700561651;0.20878675130811586
0.42156709245318924;0.21636071235405485;0.9391221433658653
0.6419873131052755;0.21914142915323764;0.02350411427600141
0.3231028746099527;0.41427718717345896;0.10433007112619364
0.11459929230299859;0.342420002780623;0.3146150431798539
0.8062208187264951;0.8027064237078099;0.4050735247981163
0.67703901311194;0.19466149176031644;0.6117030338591459
0.13348225768270816;0.3688199655645835;0.334350343333907
0.0628798104742192;0.8450832154468498;0.508986142762779
0.32866598201159325;0.4923310366511219;0.6937648102618639
0.5670230855634627;0.10599581921041146;0.45703486799283966
0.34378856762890275;0.5446518848394705;0.25107350885381785
0.00942165922533289;0.23881663759526373;0.5538136007275118
0.2700598089270929;0.5247109726265136;0.4982470459958721
0.24765928348858435;0.3144855905963567;0.10855284972851853
0.012368423273236617;0.7690459923777876;0.694192747294956
0.6377415398048949;0.018272381482197342;0.031680996189521915
0.32491128562624894;0.03523201675138077;0.20521990636215648
0.8066585099541469;0.054506327100985685;0.5297838646731456
0.6859044263571331;0.17373244657730536;0.28402178362190356
0.08873476076920395;0.7654139267713368;0.07710056396200915
0.8936454616708015;0.8205747454848508;0.8675981404933449
0.2626804366123032;0.3991136332518527;0.387541568726375
0.8388646738686489;0.3216864347893319;0.9805978743688474
0.5266038654881042;0.06107996044905406;0.7621072789926046
0.3691782225851211;0.6877446225431948;0.9677799888155396
0.6601574230929486;0.9701849098058286;0.2921005955871765
0.9320676211242042;0.7440092313975535;0.981349631070268
0.013266935107763667;0.5251096649407891;0.6897724411585303
0.38334720500122166;0.1214211957549376;0.8898868917712234
0.47509180713686805;0.6069628785947613;0.2042074024105437
0.9444976772766209;0.2853606315505759;0.35963876904133596
0.49316934627202025;0.17150604064383967;0.13972229116017243
0.6986142617636839;0.016150580386980695;0.9994785418546638
0.8460721731691246;0.3294678157187596;0.27972687874862623
0.37819084710309425;0.10727208808346511;0.15506130347260938
0.04580598081942788;0.8970217284703986;0.21924996966902577
0.2778548515878222;0.06478763433401258;0.3959985194100286
0.6103320444561265;0.02744329772031673;0.13397705313039066
0.3942702491935012;0.07843532267522679;0.11466261481017392
0.23779670642925665;0.20769801524817044;0.3425696578842806
0.9709302461860372;0.5063573747429195;0.6668011086195864
0.908370726995318;0.7195436062924148;0.5735114261559129
0.4170722589355125;0.3811333710359419;0.8603269393387533
0.1022356741528081;0.7887189993110006;0.3957008239282055
0.14281270968226356;0.5579918920138079;0.18948783784426226
0.4537914374156752;0.6973926657179067;0.8559108806143515
0.03770841316282969;0.371978799390405;0.7517427740412116
0.5284425707997884;0.8999478909855542;0.32971985031006557
0.906368381103175;0.5426285783479208;0.021737159327637534
0.5802847128790153;0.3564138352773921;0.9691507530540254
0.4169473323618619;0.8722061625410805;0.7404930170993338
0.6190578513442608;0.8706879561082211;0.3978916721800444
0.4895308741269563;0.05696877811177148;0.30687919519830653
0.7491797907274369;0.6455707172509133;0.7532588066086459
0.37796010187906515;0.5941767233807105;0.6799108972781693
0.48255285632102574;0.07645818332930432;0.7248608625351334
0.3323360428140115;0.4796479741801575;0.6995032772195487
0.6288859498694045;0.0596512855711363;0.6501379481190267
0.1363881367748031;0.33206883107720897;0.036009486215644815
0.5416215123471062;0.7819508873065308;0.07852296686811988
0.8522342030504618;0.22710153659212473;0.8254245277794423
0.34830562114237484;0.17828662875056644;0.3398730547919099
0.03686322212455184;0.22622141989257938;0.47425831223059434
0.34403780372374015;0.30511799868639244;0.1492896262167387
0.993466196705688;0.08278636859010535;0.7845591658411785
0.11033691925979983;0.4588178121634998;0.5188166143082319
0.07978555465557491;0.25408573291478687;0.4463511262112504
0.4342414237316564;0.21254513391540053;0.5597762533682225
0.18102245705437947;0.4656801201086981;0.023191427910909
0.4313924056688597;0.8525081830358694;0.4456618801409802
0.3274202905536109;0.42588066793399415;0.005762299331729337
0.9598253493719138;0.5319455856870907;0.27308184754774556
0.900256500910524;0.0805125043860645;0.13789769025991827
0.26093403261035497;0.8077572061461639;0.42305062964099405
0.9873232277393326;0.11660638248317368;0.30154363864592426
0.30010246908863436;0.09928764104932031;0.7927870008446342
0.8774276705518368;0.5367352593902163;0.8103364461354198
0.2626334122088321;0.4028130123136805;0.6975393202821155
0.019476087181826363;0.5648328160985654;0.6177871651426079
0.8863756598314368;0.48128086144117654;0.7640819952077506
0.5779372536294991;0.43623320423739653;0.8983982124046025
0.9432421334640376;0.3736352695066977;0.33602043530210757
0.9502817778609804;0.06877565015893483;0.6423930451872741
0.3146661404719112;0.14774861364317804;0.5175333878516213
0.02939744094385144;0.230951763573233;0.8001136380796446
0.7409894332086477;0.7676604053042407;0.8154856017550188
0.1809057279313666;0.8201731585452243;0.8832694523649621
0.3195538471561824;0.6451077679417341;0.5970400885989632
0.06638531606954856;0.9851023238419552;0.5010136084653264
0.3919763486983042;0.3593366110876912;0.2571799701237979
0.4274886017079943;0.9635448143409985;0.695545329546476
0.27428649643658165;0.6699599098751357;0.1155076024986168
0.2803696815009714;0.18923145789531914;0.18053768179195828
0.8716955563587673;0.35969640104562783;0.9266630497085513
0.7059626813429082;0.0341146722118475;0.5142060520863214
0.08979018682242779;0.841048896117598;0.6000297397056289
0.7411853798709251;0.7434253472490234;0.2885921465469672
0.4153569470622265;0.31235910197128414;0.7601127595551531
0.39681839851153056;0.09600005359541064;0.6946852652572285
0.8913784862418538;0.6110325379642544;0.04810080288132379
0.6944225903579406;0.07913226791383632;0.3801386575760254
0.3684693899581183;0.38450908631289027;0.5791703065959759
0.5370564323510764;0.19660339172368368;0.750356386960484
0.6771465380871244;0.5305976593283536;0.5178433265030035
0.2792767107772365;0.40706899475475533;0.6398016170262301
0.030642101507635133;0.44956238299522966;0.950717262259103
0.18878359483456475;0.1398983242183468;0.9628385185793296
0.23933001553657207;0.7297510061117223;0.8234668700960553
0.30374545098977346;0.36881299825841996;0.6250426978582343
0.5524476459094798;0.8934999619064984;0.4495059674816261
0.620665164736621;0.08427576530212655;0.9378683088795985
0.8368807035402879;0.7307238947684405;0.8459892955444249
0.9767567258645883;0.0549284326412377;0.39637216379577533
0.4243648530262356;0.02319693566294212;0.36742208211181426
0.5641126105517322;0.24329802509046328;0.9752727893990194
0.22561960386031754;0.9792676865866956;0.5699043159156904
0.20328860011993233;0.9312191351128297;0.9474301805603536
0.026261054316845223;0.41186647165849954;0.7764644214776492
0.17428933767607147;0.7236422706738159;0.5079457697458238
0.06914536909961166;0.7401557694242356;0.9874693134340723
0.04681779179842149;0.30280771774560655;0.9733797998762821
0.3965340320484736;0.4572566516140455;0.6954054659533209
0.8448406546951889;0.6019735522646811;0.16397353139831905
0.8776045178514418;0.2298428543635973;0.11277433949552784
0.4836619226965566;0.15840270576456406;0.4835763841537084
0.9157036021464096;0.9280418512921178;0.2922909215873599
0.06631490917088723;0.07793138166396718;0.1547649160577087
0.8150100146606023;0.31725665067392184;0.9675887706978922
0.21144173754523188;0.36596949429615433;0.5749625388576751
0.9244733802730791;0.8082132199700193;0.1476345634799301
0.8309440606050118;0.5646250908483045;0.006440782635561471
0.7462543489081838;0.06947755631107166;0.7861973645964659
0.3415070089723907;0.7021904413612514;0.27490780602056863
0.7223708885400639;0.2141621977568563;0.001523741440977111
0.6267933261530599;0.22692476768674397;0.810211472648742
0.07463050820633754;0.186943144978579;0.8872528382131822
0.6275506289876505;0.08713292764538294;0.07024650857124348
0.23314252055502727;0.3622113628197047;0.7245231988363541
0.14591839537732176;0.771745904596443;0.25814317929165254
0.5727613637836066;0.01927777106132267;0.19611479278463773
0.7208913013964307;0.2847649802090283;0.7414055900540333
0.44914225136993013;0.5779576041730814;0.4087176919403188
0.16321782303988985;0.005201112489498283;0.6921553988743924
0.30454103266581223;0.22415753782805292;0.012668034722593258
0.8670279342885122;0.14931547153888747;0.4788734998974803
0.9388399143197196;0.07341973871347807;0.7012745578705923
0.512010929004937;0.7617110468025182;0.954537461066083
0.12174098251448107;0.35431289828872603;0.19676461785623556
0.25205145439290255;0.46190210023258604;0.025905880106671275
0.8400836960704354;0.9588763064384672;0.3514271163587387
0.8948969632567018;0.7537659167051846;0.46894790104009354
0.01605189222039949;0.6873056264973936;0.04287965026791907
0.8540546809031149;0.17133573786873446;0.40471056766124036
0.3896119189974131;0.7195549940444909;0.9535704551800939
0.403192144753707;0.9521866759430784;0.2747619017777194
0.03894788188488629;0.33331656893598716;0.3916755946854932
0.4125786786980098;0.6245391643944713;0.44672037836884015
0.45751078464789374;0.7938613484505571;0.2406660059707929
0.5774639829464545;0.5114803135603547;0.7419948480161662
0.46041360606932513;0.8380914897592766;0.9420333062161568
0.3285364594624409;0.7675931874040093;0.5412442612984856
0.10986640741283926;0.16600968766508595;0.9557964570009272
0.43139528969144736;0.11458653551602171;0.3969846842214969
0.2327698749875251;0.1148640269019513;0.9300310066908619
0.6626619827477805;0.346643311812432;0.44632202855132996
0.07303857273604386;0.8445969133273569;0.5811539550828604
0.4338739560272903;0.8966070884534039;0.5737679136850616
0.9671698641797514;0.05690784277985317;0.6528892707566634
0.11676596443983611;0.45002607276814655;0.6855898377409974
0.7242011604488638;0.32747023412004195;0.6322334973223616
0.668400850705501;0.9067537641212874;0.2658365990011804
0.9341632840914835;0.21314569262111216;0.21821581061868056
0.2541820867252409;0.5549307993868259;0.8654022254730591
0.21570519175666225;0.19524244314551753;0.40936170935718763
0.052532505581652456;0.5098677532645325;0.14251629807977595
0.4799940611461091;0.7486343324842334;0.4499409232340218
0.06833838874106801;0.23389837789768508;0.5753575590843932
0.348319736386291;0.7510983890436135;0.13100440006840264
0.10275431402103219;0.06006063187800703;0.8270911603104812
0.5018539607837791;0.5164160437570383;0.12144091827604853
0.6215899612869717;0.4418550584628066;0.2213228308231603
0.6023743247430426;0.3147938206679526;0.22550696611549448
0.9788876938119877;0.8636082135570452;0.6838651917873344
0.981833347115731;0.9278274081067608;0.7992955276551049
0.7206004636556638;0.03669409229124543;0.2530793902333526
0.589951306592391;0.5040776348311534;0.7311977233931226
0.2237347278654611;0.7028032941110074;0.6345289768905754
0.4406940843030046;0.5491591372445221;0.970005758086891
0.6110598816457452;0.3898193220927798;0.4492015831121492
0.020662315631327144;0.6314497630440026;0.2569820363955986
0.5839071704492609;0.865285775474141;0.7077582648263574
0.0810365590685268;0.06373116719541427;0.03809132364606471
0.9905637994229427;0.4560310582458462;0.6432420383939892
0.7581196675524561;0.4819318791750261;0.4232040599962845
0.8214000232452121;0.5135375160809794;0.029898532284360346
0.4985726878664498;0.8669909927781103;0.44360263192028326
0.45093985791034585;0.5258060962607165;0.5265685590805308
0.8934028401646659;0.3277454937423654;0.3278497348565629
0.9461240446884589;0.35608953126932175;0.33927648880944306
0.3596586633701211;0.3780091734580361;0.8126391663955885
0.8283720884041803;0.6318232561671429;0.9820281398243838
0.37158531505229386;0.12142267352162517;0.13584165156964267
0.19379161833789404;0.9976563245643647;0.7171633560622971
0.1737507526658395;0.41054635661615946;0.2373988652731206
0.7295530774854113;0.5660891618813596;0.9860650119713869
0.873427964330936;0.5995202644178685;0.466661559070347
0.27231248731309265;0.06840133147508953;0.4026323496919475
0.6563428227663589;0.9783124011596951;0.9282548699633135
0.583936660407606;0.9752372591520617;0.2972334394838
0.7497905830685282;0.7726080221159353;0.8259727774897909
0.5601275676995984;0.53226483645557;0.5179570406584224
0.15201448122558814;0.9963744696219882;0.4557304522422688
0.9203366981506893;0.9619476226885669;0.9085284830226327
0.21472116200360136;0.4311040758039111;0.720534744715066
0.9098362566175872;0.34533006549711753;0.523170638236835
0.48385484952219615;0.2233459467824329;0.6555232265348716
0.19205167271612;0.16353646095903274;0.2311248685008106
0.5160862577259364;0.42427744453952865;0.873205465423559
0.5243833152355941;0.6734895397644425;0.5123002638571182
0.22063357157338082;0.8603552584938952;0.29573569511107267
0.3979384977280013;0.21576233213051088;0.44504691955762266
0.020156710388742893;0.6794582682051992;0.1115327643017725
0.8368067766951676;0.8494831149496085;0.44344277263247245
0.9706630904648272;0.6207937443110073;0.18693503074146667
0.7901144821166641;0.84925354931188;0.4668289375217455
0.09717324024258234;0.7804064021626116;0.909151405483508
0.8022457555585482;0.3550844855810108;0.16466756435860008
0.8519677687090148;0.8045609071209711;0.15811271290324258
0.2830799501924619;0.9564682645601368;0.7761798553871843
0.35897401978375065;0.3567694066099506;0.8181962494511589
0.551620511849323;0.16932427538695316;0.04384391271847887
0.4496777319206564;0.018716706055552756;0.22790987071073132
0.6702197762484786;0.03797309455000486;0.09839513161641111
0.6005928093736985;0.2007876570591952;0.8120046799156964
0.13482139477264432;0.057831126994507875;0.436584303291524
0.17410169847834545;0.9361752695561361;0.46547580820594026
0.007458716506455798;0.3539605677858486;0.5954768936403363
0.46455266227318825;0.33869683129173733;0.7756185772391972
0.09802401337510602;0.5588714824057974;0.760119275471609
0.9354310104556154;0.6720877340788995;0.7820732177077422
0.5831056870610625;0.5843314935600471;0.9397442682101954
0.7702493348461993;0.16871218090647777;0.4174963443006159
0.03456834460072078;0.2247506658917976;0.34031135447472505
0.03116768682247273;0.6369666120793068;0.1350521713390913
0.5676300394557278;0.4916748846561261;0.45545833454745144
0.1193158962006855;0.31850811309702354;0.10463874241743909
0.8974280920222937;0.974514521706502;0.6020173759571004
0.8681101970483998;0.787261282633836;0.6024217752010321
0.1464417211098511;0.16103273046478672;0.42080347118401573
0.4310147102373476;0.47857772632579076;0.2152445207939273
0.7069033447967881;0.8024409093808247;0.3415855242385969
0.37670904969716634;0.2402381423142257;0.4768923047333141
0.30473974313770336;0.6645734883943683;0.6988902417630364
0.004231888411158291;0.8094461631868722;0.591665719000812
0.19025645377331657;0.750812129309389;0.12309852419975342
0.6398274482476684;0.17720022196181673;0.8135439687380528
0.8943962180475634;0.8812043026524685;0.7996615098143167
0.4928347846397322;0.2802294752519745;0.33375708314660835
0.8734375851111283;0.13797795327094264;0.29674464382044763
0.36494727953967465;0.0872324076133626;0.7802720259197712
0.6454773048558147;0.5236250007983011;0.2171506311332173
0.8552234479460807;0.1530764586175155;0.9468408316753091
0.5356386208153241;0.6543934012976548;0.9944011995271624
0.9626126149109718;0.420950585064525;0.592743549312066
0.058314197694217196;0.094543396793765;0.340176835911853
0.358232486399472;0.3289962899751251;0.09811569734813652
0.20586757812545198;0.7003676094959767;0.8334281558636496
0.9831105027886151;0.03178472612264194;0.8419423266517848
0.30805890218804044;0.2163465183448201;0.4661824897318845
0.7329451402507979;0.9674199157750333;0.923671548580076
0.7613109296163272;0.00616158894803609;0.9460510889269257
0.3449739858529931;0.15942039742401126;0.3991310467978826
0.9046998071186526;0.9513330424649485;0.2915183807482228
0.5712412602551628;0.2593917843182444;0.9362085310577579
0.7045048724976103;0.25343331099741817;0.6479109860919806
0.875360236471767;0.46152706935473664;0.7318173698726587
0.18953653493791722;0.11774425988140425;0.9716710467730587
0.07972632991261508;0.7241953727735085;0.5813272565814274
0.9740083118978962;0.276653674481084;0.8624662916414831
0.8903660353377596;0.48349526441180457;0.34289987500659047
0.9395510550385493;0.9944209021901129;0.9847277602360239
0.145204017037862;0.462107772964671;0.3500604595559048
0.6574813154969672;0.8954925321444847;0.10011707832821415
0.640680025375641;0.4785294397065223;0.09498800323179035
0.8879460158651452;0.7914931655252923;0.13158180381424045
0.4776518341660073;0.40860268862226046;0.03480513145233777
0.8110829147583325;0.3018900090074199;0.4858683443621187
0.7768436411899416;0.38720953645895295;0.34155133613789457
0.6133432754152487;0.03372440654668685;0.5841488109339255
0.36664040309154633;0.609289935798807;0.9281788244680277
0.2141728045303405;0.937952924595517;0.321468451869389
0.6904397702042109;0.6757895115403709;0.7260023256017831
0.8783625171740289;0.42455134584730014;0.04487238884655598
0.9906365007834855;0.7646387744118694;0.34286037591764806
0.46223470228354246;0.3969435176940459;0.32247852165869206
0.7070519934890276;0.5427786044173404;0.48995914602789825
0.054145956897573844;0.35527505238806467;0.29158843476904994
0.9375717668634221;0.2291240545362787;0.9227645016396521
0.1956586033382507;0.19514450745612755;0.9769563280775566
0.9663137394178801;0.3441358691780524;0.8378521966856467
0.4430549788725523;0.7054678568688497;0.10499252303208673
0.6538842905403028;0.1690047823557812;0.5538035477831857
0.294944325559121;0.6980138966416418;0.8022010509263662
0.3118696253875395;0.24404002828313398;0.8192566032081906
0.3060297784206305;0.8545568056301388;0.9010085443986502
0.7673246725674584;0.20150457003204192;0.10698087911378662
0.6489930430985419;0.9777490381109308;0.04928621449869519
0.36066290614578456;0.10733467929864926;0.212764855245261
0.23386909925133503;0.6030498525597264;0.2940643480382408
0.46717959343676263;0.17657226311328356;0.28000387672574345
0.4665207919188954;0.07708676815953597;0.13176311262023532
0.1671536524024776;0.9983911846642466;0.18194463313805442
0.5935509339229196;0.7752746794196552;0.4974661162702918
0.14813170101460083;0.20148158822890483;0.9347836193602205
0.05914478549628355;0.8542566199250831;0.11107980663222261
0.1455611949613539;0.8528265983237729;0.23237369302199806
0.9136892576227855;0.4507753784318075;0.43540165323826785
0.9258670320480704;0.8572695118933203;0.890310831054381
0.19761455692152685;0.4920068594061784;0.3508099980408238
0.47992608534792325;0.9051904781506236;0.38038076566109824
0.2855576667595955;0.3233307749918096;0.823475710478427
0.3519508690236257;0.6793921072167396;0.7857656552958043
0.41459842848504347;0.4151186230755478;0.2527586021424857
0.22392729997823269;0.24341582927208494;0.8799959507395215
0.3283832206108964;0.468055584785399;0.33129816614787766
0.3656204931671577;0.21612182593214668;0.7539262133311548
0.9615919929804692;0.07169072060844162;0.45535142208193624
0.8017218409092013;0.39395510476511997;0.35746207703742516
