0.6276442925773711;0.8531866680682038;0.734923942136602
0.9961481318776746;0.6671822092085373;0.784433583311648
0.12674021948367986;0.6450179765696108;0.6915421871706173
0.707449028450926;0.1515063173605833;0.2162148803395061
0.10563816750023858;0.5695446182697894;0.8889281522620766
0.16962002712930768;0.45570713405937746;0.09842456145570633
0.9079603762023027;0.006630107444230093;0.0010317955564571601
0.5708985693633586;0.20440011793750135;0.6493748893569973
0.4700414427435451;0.5716069593226767;0.9606659770199223
0.007054893861847211;0.6672254813934458;0.11434995046150331
0.3792395328290702;0.021117052105006806;0.4425066799455609
0.8341678057625564;0.6300600383024322;0.29014460947716836
0.392935256572733;0.33576807171266887;0.3302053062164132
0.37077153820014275;0.8753571183832293;0.218594844598461
0.5461152668700786;0.9120817438415026;0.5376310690649813
0.8789195212400728;0.35187502689157657;0.5965976144211091
0.4534868015425677;0.08375512366996851;0.35143953857287447
0.8953404581563418;0.8376002000021299;0.946213269084895
0.8079689930907733;0.10908499392389137;0.44461892972629435
0.3299519259489694;0.5028055055220915;0.48451885075470436
0.5320422442144493;0.8923048299642888;0.3299441955827983
0.9142526759955621;0.876374607341923;0.5590102648542601
0.41269352154617056;0.3242854660710527;0.7938230811342109
0.5414814654471338;0.9577762092159202;0.8222731420255748
0.8269703973752311;0.5663161084342117;0.08177871233555789
0.5994462967854135;0.38772755635700196;0.7311315530288137
0.5000348348076561;0.5057263239844733;0.9526813937071572
0.10738416618405533;0.5586029894309434;0.5325936357707207
0.6008479259836206;0.5342149455434063;0.7350556785055948
0.8705352424091278;0.15617035859361372;0.18560956742430734
0.5014513444419432;0.788421669628021;0.3746525572715146
0.7660761622960043;0.011079998328113239;0.3772220993259269
0.022857238275620584;0.25020956213037693;0.33733815250807986
0.6632443797929827;0.9226057271696997;0.16208418505778055
0.7753516501346016;0.9993845033024619;0.5560958671537791
0.8783561732378423;0.8314389106329194;0.34229015678080876
0.3040676245869314;0.6399086696420152;0.5256069744622767
0.9711329276636352;0.07230455162187965;0.07725966289914232
0.08465393277605782;0.4572356506970935;0.19205579989419352
0.6855096635247229;0.5159984906061569;0.48555403790198415
0.8359141566351617;0.6651049003248987;0.0367578676364233
0.4326962408271009;0.030498699325652412;0.48701846569171525
0.8005975766759166;0.10045481271089729;0.35191231044570725
0.5891063305176476;0.6447722973252309;0.5688453598653492
0.08535231515878328;0.24042207962969364;0.4896382767948604
0.14033762362359925;0.3594639425833269;0.6837614866930646
0.10365110662585775;0.6352286041513259;0.42533196083321767
0.9604149958069397;0.49645729549666295;0.033588420833672195
0.4447220519292392;0.6863590638404383;0.31763000953904585
0.9643791568009862;0.4390922875985013;0.5520888921762477
0.08328559192349738;0.5490946432968561;0.5409873253108672
0.9559319720753079;0.6688352325999384;0.450092732595586
0.5027182634946142;0.23621758877880217;0.5443584443141231
0.8065174567472934;0.14369846102707007;0.5459216941948718
0.7207557074559886;0.545556434743117;8.853360895633156e-05
0.8812839967869578;0.3593173465003031;0.5705230889957593
0.579419331252527;0.9794032469672634;0.9141539584348466
0.7399133736455158;0.4669418845008586;0.7164450992779418
0.3857506355708684;0.7549093608640008;0.30720240742675886
0.7859349007455532;0.8540076566822853;0.5342478354924343
0.9801346680312404;0.26387714469959633;0.09228182190968204
0.8045631697827086;0.6751717802387082;0.5142583363463948
0.08673632013050059;0.9786044999239472;0.018804865767510393
0.7390077515173262;0.9952822622069908;0.14940770132443382
0.3819277675913585;0.6396755521107095;0.4449877373070539
0.6906441082245117;0.9751362365331655;0.25334512824950517
0.26763920083180426;0.21359922197927894;0.08423651383337305
0.8442542992852566;0.4690630593910172;0.8698783640875177
0.9831234243547339;0.6003495380375614;0.9030031750239339
0.10506006462243533;0.2666819432005004;0.13985361716980138
0.4363420939179824;0.599897001339395;0.10133728116425278
0.25228129755327744;0.9306641841487395;0.6477127133295538
0.6835811225654637;0.0352312836665154;0.41248326386890255
0.44372843605506085;0.8430501266643446;0.6022304480564391
0.6265112599825051;0.655510632481454;0.6240649713046232
0.1308749937746253;0.23331013372256448;0.6407150689524368
0.5565337459753229;0.9586894427207691;0.0841357442745686
0.5848267136497631;0.3689739397622094;0.9572999399448312
0.2796971710308034;0.3023412778975402;0.501165842975549
0.9280450633871904;0.034730419995524175;0.3395675588716368
0.5897860680342843;0.17449040848172725;0.8052565797905867
0.25203158165139206;0.9299146304829123;0.2968912620079456
0.9639102690525702;0.09010675930074175;0.0996942001346528
0.9192863530101376;0.6753055502426908;0.3974381280663327
0.8402812608018799;0.2253349477259049;0.2518248536642337
0.9854029427680093;0.8373075008311138;0.6156073641062486
0.20413946643422387;0.7978002139194479;0.873844759753122
0.4875782311341933;0.25363269616058315;0.15612315152929324
0.21706714385096637;0.5131679525184863;0.5336127841933667
0.2773501254340247;0.9624754003800228;0.7739536350692356
0.6398222641994977;0.31480314325306313;0.5743695977914108
0.08845353903678099;0.2894023170410812;0.5819763909392679
0.16017512109776422;0.30006758723637184;0.1729934780790261
0.30877305457835436;0.6644225545791782;0.29613540497194335
0.8188563426926622;0.21667902688454665;0.359694361891006
0.5507681234853906;0.3071145193541204;0.7038215586880503
0.8951755417023703;0.37478153565866823;0.35172294180446817
0.026701247424155028;0.82918526456072;0.8821566467646261
0.5790532989246577;0.36889021621767726;0.11739049247461641
0.7514571069504716;0.9353643560666431;0.8566777807586843
0.32265052472725764;0.9592254815697862;0.018707931030304326
0.9971532571820424;0.7748229370872274;0.32129693750565247
0.6232923851206743;0.27591893703047865;0.5903752952805484
0.6390192175164191;0.5367898508218516;0.7864656936850658
0.8709465476488255;0.29784601956923595;0.3282799265277029
0.473630130176108;0.0899092395703115;0.9345327147821987
0.5583794976320532;0.8736923984536547;0.5027519602339902
0.04407571671190735;0.01966440084716259;0.6319652483218101
0.3437019654191259;0.15010275211671298;0.253257994871646
0.21732854944484337;0.23340288150378163;0.9982531716464582
0.3855575794901457;0.6482620661984657;0.42743614075165137
0.016359980224546766;0.3647303920483598;0.635445856438698
0.34084664375105234;0.04762695328294786;0.4893312098428868
0.387743668943501;0.073600034579822;0.3932108035150552
0.985490249357146;0.5418904959294488;0.23630133795781239
0.29610928864457353;0.6789196910989547;0.1168357132176584
0.3666445718186455;0.28082060375089524;0.6192988790761157
0.9580396955550242;0.12107249282887311;0.49705658187457946
0.18320120642110171;0.15092176888306907;0.6223194322259041
0.4508080994831559;0.05340953476606458;0.43372807393353285
0.6262696049085069;0.3701941254354223;0.7836164231922014
0.6467632863663735;0.2474464696658546;0.6345810876469403
0.036557654200351175;0.9963719631642046;0.4597187953468116
0.6265383167851448;0.13047343713868542;0.4024907569131747
0.6509817529856594;0.09359946605465586;0.5188717033328246
0.14842717226734237;0.32671806590086805;0.7725251826508026
0.5412173099231575;0.8002182671057935;0.8304002819534655
0.7556268252332973;0.5608988062676805;0.7934877381712307
0.7549849875312825;0.10253623623299968;0.6598498158586392
0.3321904267045963;0.8799083065968525;0.4166264387097035
0.18532821196335791;0.5357326342875027;0.7920464231252046
0.42013594123338294;0.43884315251936434;0.5350971364245363
0.3377947431114293;0.04555721269691937;0.23365615176093302
0.064544438387512;0.34401244926737184;0.8634496371928403
0.760002777107886;0.7848824779925441;0.8866034677264226
0.41584889715787;0.8462056763758979;0.1581324481683709
0.5205815207433405;0.951898091362787;0.008763302827600183
0.3783182213062435;0.6151166962654672;0.6102306005054567
0.9067943555163475;0.25813627579446674;0.9427795217437658
0.9865917686182606;0.7080008431520796;0.7996691325097325
0.7719321984288534;0.9083889045705402;0.7722668871050756
0.8815728895560713;0.943682984332596;0.6961704022634527
0.6554610605373666;0.47981454764670806;0.5436686444719684
0.7612638651996907;0.7395157707991957;0.05722058383577555
0.6462246326656831;0.7098142908815636;0.6137402160266577
0.002233944240768837;0.4726544931601394;0.2740803614328444
0.5506692938797024;0.2472312434109767;0.43526186892287066
0.08629294752608274;0.39602393499490873;0.6302389100354129
0.6789584951443766;0.5510840615356709;0.5973509625936808
0.7969355659275013;0.5823913615815395;0.44313150973375304
0.5540206607106414;0.5059271378996475;0.9301952515373629
0.9823023354582124;0.18224543372198532;0.0010281692451843405
0.4853888624794904;0.5409643756228598;0.3210645986233758
0.3084991159338847;0.510295579496491;0.4811825646729425
0.03767584531970025;0.6960605827707876;0.25314835918093226
0.6644947107035156;0.8529811173118146;0.7135202955717437
0.87061865202142;0.48401973601840376;0.5181757485009945
0.8533947166448425;0.944744504492639;0.8243398772562556
0.911816658061431;0.364956661788544;0.6365215218063321
0.266712330199809;0.43484328308087516;0.2853633316504559
0.3016658020292783;0.8337703964983608;0.9559062019442305
0.08961600975727402;0.1034328470455338;0.981531323042384
0.15963506335362487;0.4975673620171229;0.8157709729581781
0.5832843355131028;0.7431248812611498;0.4556912864944219
0.44113678544247636;0.3782465118811922;0.9395940379314828
0.0034432260597877518;0.43290020984076205;0.25232704101943226
0.05615038383945392;0.2245114550901025;0.45944125561355575
0.9132919688412303;0.7572441072160476;0.4278388178264245
0.3970907156242205;0.6441212627708249;0.25139373189419345
0.40153066183826647;0.6392920200520605;0.6334393566176002
0.45760990088660225;0.501781021323851;0.3429278608061477
0.47476020888717974;0.5081974731360941;0.005312757189165129
0.8656914605597953;0.5507833065007524;0.9879133291605913
0.7123208757228902;0.271905976570335;0.39288511317466357
0.8370142720280431;0.08240766303134062;0.47478734143272927
0.23368696505248066;0.6465111748391109;0.7875924865705356
0.814189238876712;0.033186900758244486;0.6843731405668733
0.5629985148744945;0.9341429862826306;0.7982743669219742
0.41086233007797524;0.5739398263749159;0.15363541620849508
0.3818249950229282;0.962580281922875;0.14988315695591314
0.6065361759666226;0.2769912741252778;0.9740088684759239
0.13440785272886357;0.33628140524932193;0.5144446638222636
0.9378784000486083;0.8602657200263383;0.4280218858622321
0.9396669392362273;0.30902268291076185;0.47430132571517347
0.7949386255528471;0.03835604851236174;0.9406510072824668
0.9694986372420394;0.5381726791884255;0.6360519469607429
0.4059453562300679;0.8655857944781085;0.021339664946659398
0.9430613421667509;0.03947722184528035;0.15603494573765486
0.7633468897256253;0.4892265900784727;0.489438289161375
0.8390916537964465;0.7832205687798584;0.8993676998081306
0.2391414392819029;0.9014298809784305;0.46202039949912155
0.18337198070828675;0.6942842662874545;0.14241730359203453
0.14667244175994454;0.17193405150524554;0.23611652336248834
0.22812285204584537;0.13870985120974555;0.472312931866143
0.06952668353428137;0.7205614213698776;0.10040465200119719
0.8777076634616517;0.6960541162799031;0.46109061064731005
0.5609836646436579;0.1402541850038561;0.8179092690429357
0.20520764003437553;0.9690058684313095;0.9737920047894039
0.1500539847646185;0.41927162820792585;0.3318245661575612
0.36413335700209437;0.17129842783118676;0.5942411001749148
0.7687896309422266;0.5829180621350042;0.3359533139976568
0.3188505842710532;0.751263672693952;0.6434123419766965
0.9932458863281001;0.2192545109505123;0.9278475984719845
0.6865949165060604;0.5085123170018497;0.26465339444271097
0.37892842721457276;0.5781778573820382;0.45310595702621215
0.311960364729316;0.7875036971808719;0.07716838062846587
0.641999902109614;0.9510340481052428;0.6283488543791013
0.2416891911368978;0.4712011133901628;0.6997383249951764
0.03872934104757697;0.963725161143632;0.5115040709370248
0.7791824634356874;0.09767320647462951;0.6086394751884244
0.6280242019114872;0.4508003917940362;0.8947774263600058
0.19293649417591574;0.3535683875588308;0.7962242251125479
0.45997622500756996;0.9267241846206901;0.054633487469794684
0.7103166771024839;0.8651633197445635;0.7119848917098557
0.17341632228057746;0.4839391582083471;0.13383817035400103
0.3680204522787419;0.4613414652729918;0.4648523208644063
0.3132921954110006;0.9905643341938896;0.7865566257505977
0.06031102558398438;0.5800505371627653;0.04260426209680512
0.09664664385140254;0.5211072691108976;0.23466233201974807
0.40458925789472;0.12524690804277638;0.09531203176866077
0.6807914076041149;0.9158028172530254;0.9850870678653129
0.7994620877698653;0.1807495649184725;0.6377752081325914
0.19491233200299096;0.9559046478217692;0.3267627516787487
0.1576361768835135;0.8314079197927084;0.32561392030815184
0.8950301877556464;0.581971950170161;0.7609208133560037
0.4427654160490655;0.9009648699500745;0.7205246930180867
0.20530969625476936;0.10785011881388762;0.2869328996871715
0.7285340237014009;0.5217600309310098;0.3152589967986513
0.13324403215065928;0.16127966689727147;0.9603373689165767
0.41999849383966625;0.8707836455547202;0.7638088317328955
0.5046399843278154;0.35042547137039726;0.7464940758067286
0.3687394156855316;0.3714017174095193;0.012596002432614606
0.2761937557613048;0.28030458524221014;0.4290497577630017
0.24704322710160365;0.08677099576076963;0.9680786145821136
0.1818821128114667;0.3466270414772836;0.3935686421088047
0.8125593279390629;0.9946476320523707;0.10581558046501238
0.6749144615548468;0.014241463800029774;0.3515901263880836
0.47421459605161365;0.7483554859341357;0.129101606928694
0.6237029603545186;0.06574106807640501;0.6613764649029784
0.5651005492887632;0.9918740462761917;0.2211597651805236
0.4752266469458204;0.7011873511606803;0.3402998019253328
0.9462210005258503;0.041894162370680665;0.5890540800347307
0.1572787811013311;0.8540394588728217;0.4596062383821895
0.6025843037980216;0.03730833810970746;0.9043706997070529
0.7359487573151142;0.5813519451783551;0.9006811622974846
0.25023563852205044;0.7017441400493449;0.8125213193652437
0.9028693981439475;0.3417468409872091;0.800562375544874
0.06538841807886164;0.29277716333860315;0.39862490926621064
0.20857421231171214;0.2093717869527687;0.4659476635770379
0.8939801099298418;0.3456778136868116;0.642699385418124
0.5233085408522729;0.9752950497989192;0.3341922745668332
0.2131467135902454;0.625589079557475;0.33513882693888186
0.28381550117935794;0.4316482873548241;0.7272146236447461
0.9712797733672703;0.3182822593078556;0.4087969025279813
0.2650469131306865;0.983812546475416;0.6083953347178374
0.5381098885037784;0.7167177833153744;0.617632793725999
0.40316698520532745;0.42968539204233736;0.27325702067737623
0.9754560658285244;0.5949446639664662;0.9574096660770021
0.3278081698735269;0.4009096489501667;0.06286421036269563
0.1699965271607421;0.9004972323162868;0.41456074451028335
0.8087143172132261;0.10632658758284819;0.8104271190854416
0.677535772336172;0.49528548527613814;0.5272818677234775
0.05457796549633931;0.10412454441604546;0.21624736118792776
0.38479456432668313;0.20839051243361095;0.13723566148708044
0.8575604753307866;0.27304796012379595;0.7059913355713295
0.7322470775381913;0.3095428589034135;0.8629837392487366
0.27172125017283855;0.7149193448792581;0.007967589333266023
0.8416308951394333;0.445154342409499;0.7694309083414358
0.9880210366878122;0.11651698690087764;0.8373184852836432
0.16909345815443344;0.5824577382406344;0.8423955596013418
0.2428200681705771;0.6485467722072799;0.38641723028071473
0.1732829404446331;0.25730489528894307;0.01255829377958484
0.47265735225481154;0.8078138727522273;0.17112952737179765
0.0538368580934806;0.43794305953212653;0.9782830075027303
0.9446380845147321;0.4854631426026761;0.27799260804544335
0.22137613617955632;0.9388836594992306;0.4229151467361131
0.8013096986747106;0.0263154962016372;0.7874230261402319
0.7287071037430526;0.1509323466706971;0.8253106390206032
0.020000172589611398;0.6301449951744476;0.6222274167374712
0.33727937270934294;0.7087534728253269;0.928780378727874
0.31658053337144776;0.09947109717972213;0.029139519873405018
0.6092317122146709;0.5366064262661904;0.16190260406992651
0.23339361761174116;0.6198279241973431;0.7301670436005328
0.01908368797042581;0.16612397185151662;0.39788852635029937
0.7329005019494552;0.3107413932002262;0.9932192673424467
0.952128511614408;0.6539760857075029;0.09508292116728068
0.4444341649980684;0.8092296753459314;0.07206800439693983
0.5263182405111371;0.5415028133857863;0.5359415723878251
0.4627717875290146;0.0036261180721912645;0.5790033285615422
0.023847001871311613;0.1333741004385024;0.19784791548687597
0.9521153523570433;0.7898213714411983;0.8802561122975644
0.7033259947251052;0.8416457011753412;0.7916785376107864
0.7192683930231007;0.38200908186353855;0.5750218724375756
0.8138858023331219;0.4662107878179832;0.20831844911582909
0.8494282740144773;0.6019890961205333;0.1609883756957593
0.10798594059391808;0.7337268595172937;0.7391426182185762
0.9978513834497122;0.6690611631786594;0.04844243331333864
0.8176163298909762;0.5565194319265908;0.16071816795302896
0.6561258340379547;0.7199766922817703;0.5448038713842456
0.7369370779590203;0.6433679672031452;0.8469147312481765
0.37786779300153284;0.030719770026433668;0.41625030241819494
0.2669517002814856;0.03362389873449856;0.40102179380953806
0.03197518203037164;0.22536990810479807;0.6700468571355586
0.30824567539398495;0.725445326298978;0.22984330696772515
0.9980513853456238;0.4756985739508459;0.04110579657211255
0.28280722543034953;0.9063033588370063;0.39054540623498946
0.8455877064791938;0.40258159738412813;0.0038552392424926474
0.7927111869695387;0.31812208915418616;0.9553950250246854
0.12217544014825032;0.8376248380058692;0.6986023495750824
0.39920678181841773;0.1995671465137394;0.20885207341734147
0.6638495669628571;0.8159962746623552;0.1405295467213875
0.7519416688260891;0.6461406790703497;0.7651160045433294
0.2804362228858901;0.5464849054922661;0.026414584646200612
0.9374616909776514;0.6438537665416524;0.3580928443674204
0.5576297582351697;0.5042714407104293;0.1074098649972931
0.49339624233326873;0.5282073141059278;0.9787254219249473
0.31731786467887546;0.33821590417557035;0.6489892759387762
0.6110228393135434;0.25424413641038524;0.08957325061612698
0.019711556350011095;0.552263877211395;0.7704683659614606
0.23490892140889363;0.27905378370974177;0.9379477681325742
0.27762331793608275;0.9799031684064009;0.4107464071731628
0.4867236747213568;0.9841214363228692;0.4098030521670285
0.5706076059835716;0.6676100248018296;0.908768289783538
0.8832386567634242;0.602791134242309;0.23463462342024466
0.20143174543205644;0.5864894193046059;0.9138818360549468
0.1378171354930059;0.1508768750466194;0.9537023945371258
0.38496671409861527;0.850406350530013;0.13330612827318
0.6585923019904589;0.8526495755793391;0.20580604156477522
0.6716291802153201;0.5302677573209379;0.4734762780550673
0.9580413339927464;0.8336431390730801;0.14928314414809496
0.888549770011166;0.6385996607661759;0.42180030203675123
0.5742296745736255;0.5586818139996639;0.6353606120672523
0.20872242130729446;0.9258452281110465;0.9631943747619108
0.6547811467428682;0.43785795504293423;0.8176017702614828
0.6721332321600954;0.41511638949337526;0.5003576963721486
0.31416772091092227;0.3979326816098506;0.7349942460253035
0.18854238020721237;0.24289303847319865;0.015682737269137825
0.013690837239379694;0.21960598404404075;0.8348669206812737
0.0871777886877696;0.009049460044743718;0.06476589417862155
0.514793311985674;0.2439000840128318;0.6531975594010765
0.750074859957831;0.5043972202638192;0.49147512790555314
0.6881801907862658;0.9577985906739602;0.9167526925541436
0.5393407064750926;0.9356359565411626;0.8480574855222408
0.03294931612264407;0.38100546025937176;0.8444612494256168
0.20743129499391877;0.7482418484045655;0.6203816435140499
0.5415937746125525;0.18746309122035998;0.8995544591853869
0.6499704236127078;0.7592073088865082;0.7495223924509401
0.019535893720387887;0.693320533495874;0.5012914098197443
0.8002929139434386;0.4037994639256428;0.5085379208227316
0.2932413931596173;0.5470443141644779;0.0186643637456535
0.4415378482793242;0.8858951362748233;0.2796566432745742
0.1737854003409538;0.3831278120367624;0.8006714431769764
0.33515331969662276;0.9704980586568082;0.8871968109922085
0.39821964882898975;0.4420874597170682;0.6428323394985441
0.7004170455063957;0.07866499299987484;0.7611242508923795
0.20727244562806546;0.5661446822671301;0.36975443040759437
0.6397237078442748;0.8004107462693603;0.44990179347634596
0.32783242384627387;0.2896296635029003;0.6977705153943777
0.5977940745723158;0.9410775181920826;0.7354141441879151
0.33942237351766;0.5597526025071706;0.6424538290640761
0.6253235034992017;0.2458256443889506;0.17780152996649468
0.35885203430893287;0.7773415700295535;0.7444496502650114
0.7441399986540794;0.1578806826030441;0.1565882713272605
0.6950510991354232;0.17872278601501201;0.3797732390082146
0.22477809882831878;0.2915108329840549;0.1011170507563881
0.030070749653603457;0.39522185009874145;0.14111334419341592
0.7224818842318921;0.5608173814099555;0.22440733029127535
0.5516196333314265;0.07454209781807075;0.9225476288650266
0.6309593576149946;0.2460900793626165;0.23501025598312641
0.533378723672727;0.455667682997151;0.8546372240026964
0.5629439105691572;0.8553341267042082;0.3191095274312594
0.3658085674946505;0.043945552658265274;0.43610810314149095
0.41235451804100987;0.24499326113835573;0.26904692065770863
0.9032278098571627;0.04547110845437241;0.4525889078754829
0.9880187106030529;0.9413433646480469;0.11559497468957092
0.15211105498338195;0.2023418830733572;0.4994513610294401
0.729426663859336;0.34593807423770395;0.10397103073226355
0.8000465383587171;0.7039286668753073;0.43488207919432087
0.6914119152377259;0.7015222951893645;0.2634179184155756
0.8680656208247621;0.6176555285531085;0.2969681658665366
0.6513570621806215;0.2599045987857651;0.30269961410237556
0.39399190758990366;0.6111254426485206;0.6372688547682624
0.43956334416983556;0.596011617181632;0.6924314384996969
0.8326288549255211;0.0644470693388931;0.7282400757038182
0.6605972103073791;0.9000603865584694;0.2093626356942333
0.6968884829395504;0.26100142525315784;0.95061986252509
0.5574076191571057;0.3755739007505494;0.5699945031171186
0.8212593678774696;0.5511628375259011;0.9143559536153195
0.43891345441313256;0.7993561761221669;0.04411918105518009
0.7644729386864112;0.35658383976004004;0.39316258711280205
0.4757581894793196;0.058164126313477005;0.24100343933976942
0.42145891287553705;0.7525804616511379;0.5702214846770564
0.7373892165897484;0.09531389473889007;0.6251560754790241
0.5188288986439992;0.5164166392310715;0.9432632139286138
0.8554799724165373;0.6710369581192307;0.7050979299431239
0.44859390178373215;0.9498593682636908;0.9977930630967294
0.6551911520845106;0.513397185753169;0.12349083124130322
0.18670444942562803;0.8591593308653888;0.7012716802017003
0.3090179177305551;0.9582018819662576;0.019207272564760847
0.49475270041457486;0.5707576577202175;0.8165306716600544
0.5847949408100988;0.004280304769246901;0.8280807407414682
0.7585010726599304;0.10956234476305016;0.3316167165127727
0.7531853046855629;0.747535398622852;0.9614236857001078
0.1756167404190232;0.9844017687806955;0.452593793034447
0.4856490695126916;0.6829898107046388;0.31678421194228246
0.4181022476839654;0.4862542866036056;0.4599940222573998
0.1639626775696953;0.1876037449386081;0.14611033002466123
0.10678051332581151;0.4348578744074867;0.043881999119103954
0.977172516800231;0.5678555591170201;0.797069090708424
0.6563100221926467;0.05184564241762735;0.31723447176325015
0.8728474306232904;0.9735140193876293;0.5160756608028816
0.8067313430835225;0.6794245029628693;0.8269179260868624
0.7795571455336313;0.7812919758078591;0.596056089178473
0.06457015860433468;0.7882630823650302;0.7038569112260243
0.43336755498712964;0.5946620637074878;0.879867475656523
0.03182262539906455;0.4616099816309813;0.9620662771828833
0.800385523691439;0.1286617611454901;0.388364063449698
0.9657567850119443;0.668856225826618;0.09587933100473689
0.875670682442679;0.9676021250510547;0.888696730925087
0.7487943556903637;0.11724298037764025;0.3791502800935599
0.632528947758295;0.5664294975646378;0.41089420191345793
0.5034777340719453;0.9177103062776442;0.2575886916138229
0.19294039853757683;0.582088231517579;0.6854868184424219
0.22253200404348783;0.44542199654911663;0.738736291998277
0.42800683772820713;0.06323043792813432;0.1418334687919367
0.2743256657688481;0.24743858778019323;0.032191714785819725
0.9533323774702207;0.34413423427596124;0.5647830719479104
0.5525552946342286;0.20411927161613563;0.5652143528305524
0.47322421910016743;0.08547684202465067;0.09823270577613952
0.7316041517577592;0.42219971534361433;0.16369346975371413
0.00818205528482796;0.4568483604468523;0.2695081572494057
0.3136973386642362;0.7256777394612534;0.9506532444070179
0.03486677462885146;0.4169143957296666;0.9316931052380395
0.5573944708780616;0.4510801972039483;0.12059336809761623
0.9948843869608921;0.3182830736753065;0.2181235594698584
0.8948310943284236;0.9627174668288772;0.8946075059021039
0.9380375222992448;0.4935502514113689;0.6990748046970721
0.06911141505597396;0.7269546870832774;0.9907066096793503
0.1647038582180539;0.9762895062270688;0.4368989383561679
0.797888339356889;0.926973423004201;0.5780307156643141
0.07697520794376878;0.9626147677654932;0.9590879081818756
0.28756525358386176;0.9961796028397502;0.7462194363303742
0.17962457074862948;0.5125507382494205;0.3489404160711521
0.8742836172452297;0.5155443112726419;0.396792215132975
0.2220131392618092;0.1560985631036318;0.09242544126322083
0.7862211325400471;0.6194911464400887;0.7286520499390511
0.7716667434942035;0.2307222093778708;0.8357859397666467
0.6614949716844392;0.19796297460551382;0.5976902724595544
0.286719874623519;0.6867754484323471;0.49649708335840315
0.5766409519403067;0.07024124948605348;0.7573558175380032
0.26831971962734535;0.9957958697608159;0.8920062097642545
0.26616909855259296;0.07415694806677176;0.11387291706775471
0.031139154054385387;0.047085454013439776;0.5373241073869398
0.6203631644116401;0.15399844039200483;0.10948172196014216
0.6990209415431284;0.42265521939545136;0.43758702630320756
0.15352250810140367;0.41156952170854444;0.7321980408752822
0.29597224223391394;0.0887634026592965;0.0713891936240062
0.9581298621055594;0.8788628377853098;0.793314237331508
0.8713198346931913;0.21166426891675372;0.758577330285302
0.09412316871182436;0.967553489382861;0.9658277844843094
0.5867036729733087;0.0599994702000618;0.39624037301951
0.5329198008308904;0.5782197589753231;0.3509583627606514
0.8082922154550044;0.6020168755370593;0.6449126535554126
0.21853706643656867;0.13091465945935543;0.5040156650537367
0.021684205215823593;0.5842332198946991;0.7445975589171807
0.731069743682014;0.42309025347541473;0.34623822193734477
0.22118785761896298;0.3055623949312123;0.6998059240674004
0.21522318245517158;0.3622186000864154;0.2936837264930473
0.42984982862512566;0.2173470470549027;0.7731188400817688
0.34954485867185137;0.02084666574591243;0.22122170328915447
0.13416328210298445;0.09305345485379402;0.5177156161287182
0.5760872218081097;0.3104793587768495;0.36546970339445883
0.9682690516231481;0.06440343903022672;0.6543817085605822
0.010339913834199299;0.4320528830562017;0.4401199314309161
0.8097496964709698;0.8316480028502575;0.4494934842230792
0.07540828523741705;0.6524843212652569;0.7883484843581259
0.9981332557825473;0.4155816089885549;0.15976269287410594
0.4326699339710599;0.4294930545143184;0.12086029030299372
0.38035224613295504;0.04663759558148506;0.8279657294752023
0.24337549914963952;0.5533949024427183;0.26009290149009767
0.29052597442384287;0.995590142050693;0.7128041692388033
0.7866606409378444;0.7112605369976108;0.9356608786995
0.08674318097346578;0.48631047455672927;0.043104328864430275
0.6882673360682934;0.14297290784688654;0.9408649525126961
0.7383079752837078;0.09642621052631384;0.06004647008727504
0.8174675796402878;0.11639755588035805;0.5384414298352641
0.2866911192964179;0.45730559549094374;0.05637688495659421
0.44197124049712366;0.2671043952365688;0.33146118887293863
0.5633765664853619;0.6210188268793502;0.4206931826811149
0.49047828840423;0.8443366544511441;0.26594326892042663
0.2720215615835494;0.23333102456302734;0.3777454787882111
0.3987812884824057;0.09377473337792097;0.13917352941894745
0.6451338473229598;0.8845528736789482;0.3494357933623141
0.5992984608319633;0.8630281794496274;0.15572117245833006
0.7640528780339603;0.1189352394638945;0.9506914120687499
0.6887620831062651;0.014324148866076025;0.040100749600187724
0.40142473718665705;0.30462943019155464;0.040313712904656684
0.24749846613025928;0.9778555130968195;0.5392077281040302
0.8775119327468444;0.08047817978901117;0.9820174308219849
0.7017569757045388;0.0589136399702066;0.2805960456957489
0.011568039153357246;0.23324674446225824;0.19165530044725299
0.929820592756205;0.9742438141195904;0.039962355187378895
0.045373446605038836;0.12003809243262975;0.8045270270434015
0.4748126501829203;0.8839324885461037;0.4562092743542
0.5750390007666901;0.48934551168989215;0.39152234444582423
0.1653606651417867;0.2633421799676373;0.08158891340688079
0.4198380488613003;0.36865567377688735;0.7203048229984479
0.3361285022752807;0.2852116803718624;0.9198512574290862
0.466959282537187;0.7410922800904798;0.2909717688849597
0.7762211611510698;0.5170224348905278;0.11891054394194689
0.5001792781375549;0.4644882509997723;0.701057011841474
0.9630221290851861;0.07906501722981274;0.37122809865118345
0.49276379499406586;0.08132714203181302;0.7886231823426421
0.7102719807345607;0.6801805526507116;0.9441322100548234
0.17799519022147736;0.2332868899960151;0.970304700844104
0.40065006116697155;0.04280271062795116;0.7112078935901911
0.08030208732829869;0.7185390637201541;0.9151810251700834
0.47391792751319406;0.6748003215013453;0.7451440752439062
0.2814812368700844;0.502424552599654;0.6157168305834192
0.20803598156541248;0.9458002871034891;0.5771724400901258
0.5184848186375992;0.09564785401842046;0.8744628155807336
0.4392617643062041;0.552860597255147;0.3981424187870827
0.9828731568069053;0.48845238410359404;0.6763401221872224
0.5304778809697301;0.5516440147807068;0.3191924854601145
0.3794172703555997;0.2719072231996892;0.2786966554861874
0.18185886918189076;0.5955055773413609;0.3332772610481355
0.12743118242052442;0.4697363027412189;0.6767866130714277
0.8014491151998937;0.23924411003650026;0.657716675330003
0.7575238947144587;0.037434742705858115;0.7822528602270071
0.8067137540106013;0.04080270620241666;0.8435761698298624
0.06345738885019159;0.48493096656328705;0.5271579607494415
0.19776860149658948;0.9836275957051039;0.021072828427164625
0.8220445091133651;0.35710305568615897;0.41814336422174214
0.31130936369356277;0.34578266908352373;0.972962936458217
0.009303055409885741;0.3961704193663579;0.6469447566823708
0.24269354690450273;0.5784610801321749;0.37381705924834985
0.3872497153767297;0.30738778119124166;0.2879489585772279
0.9875688914185472;0.7030340004474558;0.8055663463581159
0.932294210952474;0.8740032885015855;0.36937654092853467
0.2716971340044908;0.8783358049633506;0.58486660042524
0.06642497546882942;0.9864280855075461;0.35243526703876316
0.6545152093593692;0.7399621973388585;0.5430616023371643
0.1253065937421748;0.35344335233507773;0.28239080656724636
0.40772611922882407;0.4315133649457864;0.9184050057894572
0.20254640891575926;0.9129471022161156;0.37657209909158484
0.6155365781618358;0.2131503290867124;0.5266291198863472
0.4027755549739641;0.36108630629872707;0.9387236876936023
0.33774573532539;0.9237667703300352;0.8064934250587306
0.3571453270123227;0.1744180956277448;0.36146633940357675
0.8831242255714055;0.03333522091812369;0.754391247936979
0.27085360433176;0.8732136397246552;0.9775061050692553
0.09122042631518845;0.4847738924073246;0.8852680483027623
0.2835349406627268;0.12874514070373033;0.015560671350606792
0.3471825095014456;0.010169370288339863;0.5979185556427834
0.30220312841807884;0.7421747294991154;0.1719681470405212
0.9315241549490852;0.6366333915002773;0.5379127534306509
0.5277163502860868;0.11329667047395942;0.9931792507468021
0.42251635127045073;0.9713233293565137;0.5955812819068736
0.670013187274425;0.7383182446774214;0.32926922053972274
0.22342271366471267;0.14674887441023587;0.2006692830095752
0.371410940456236;0.29595107135201915;0.47181470426263494
0.38284090065659815;0.27871735861684943;0.7934010014353354
0.6502001156140161;0.703953694293453;0.8293766187555802
0.05936905424755867;0.07564738212607724;0.4381658555766117
0.07472240480560555;0.6618084119975973;0.48889280398426815
0.8364166790374751;0.09845880089768921;0.6161844927688682
0.4641737738579693;0.04223832665202898;0.30087313958747997
0.729545601708602;0.5867064301946419;0.7335646388167184
0.06201130989281123;0.9985913092668122;0.2019812034294366
0.5693067713418395;0.2966354822922592;0.7573791394493652
0.9092346658671867;0.43466069812360064;0.4157967754960774
0.5134350884105533;0.028464575998104702;0.4544677837619504
0.6559606849583633;0.19887678101204675;0.6645133146543416
0.5514867061474251;0.24009555508715186;0.15788429039112806
0.7822454740456642;0.6915675721931103;0.8352047721605134
0.3252887943555197;0.9984597011709042;0.619492111428846
0.15477325572737766;0.02447402341210203;0.03832114287638233
0.10248280084538652;0.7145189235186973;0.05654687460014496
0.569049511412622;0.2714959685694466;0.16996249079659131
0.5175971008532266;0.41910603772960153;0.4275542015334254
0.605364383368359;0.09585380456613635;0.031191294826318994
0.7269122172798602;0.6728563909995445;0.8492362353827916
0.35726689456138616;0.4297212434102843;0.28486885779386917
0.3302352952052139;0.8453842591553029;0.769327184197002
0.7226435743283396;0.7405608882383993;0.43071652910207414
0.9773626834416446;0.3913940507812168;0.8668055175424229
0.6409440167414063;0.42192956642944235;0.8283604599259862
0.8992926014671436;0.46509287282828005;0.3669592395232537
0.506338506043113;0.2757521853581242;0.47549681057912196
0.7660313370889434;0.14661188530095537;0.18938988209127716
0.5472121067402781;0.7661998567589839;0.529116140992147
0.5836184598157047;0.6501278371921948;0.677488978191199
0.47154350212381435;0.06232127772299234;0.7610334837082979
0.05646355210725251;0.6550203268488116;0.10402902543892856
0.4228018579351378;0.5864535068220171;0.1566295126575017
0.24233006747745167;0.3042932713259875;0.6261649673157961
0.794821233158866;0.6741570078144299;0.1115675468685634
0.7733994939027925;0.8708095023146726;0.8940369297005847
0.41522007894658786;0.9222938838138279;0.7995456209335637
0.3529622351801186;0.27242680013188525;0.9647470197424224
0.42796608139103254;0.9711545591137001;0.6931894521883225
0.8632603887361437;0.983362298561217;0.792038760630688
0.36990193114737424;0.6185490038870215;0.7900048533771553
0.13019490685172197;0.9983723131341251;0.23607304396153572
0.19640718273612334;0.25386613232057764;0.6155578523666557
0.6495186750027745;0.9488850558510397;0.5888060529471013
0.29490402484623;0.4490602367357531;0.3416249452406581
0.7626245606931156;0.1270185629878724;0.7543612675416316
0.9180834011451671;0.11641685265892787;0.07238245863398107
0.47769052805137646;0.49639173840455;0.6663615734354582
0.6837747099790163;0.23229502709605243;0.36228436155713006
0.8564020406191092;0.3373051502420452;0.16332732747037837
0.4985611154077916;0.9828775653950649;0.11137087694697367
0.27855651720256425;0.0643490061650801;0.9192319465301578
0.2955928380640329;0.5141719537706996;0.4518402213282773
0.011314550636847387;0.6807884485266831;0.9499999683718614
0.32352879857707384;0.28757223669200693;0.0867288522639088
0.9383778559628119;0.1583053611063393;0.5505267206686381
0.0632405001357772;0.10082106453358386;0.7266561915620099
0.393891534668247;0.5088992082653473;0.7316812598598634
0.20870925499342274;0.9091489514110216;0.08805897951521857
0.18364570815705483;0.003534976583556726;0.8355123334285022
0.07880473912194019;0.20092252224835783;0.3116212256453662
0.9077588660097893;0.8183231428180184;0.40886147752241275
0.07031759783019531;0.3044606819051989;0.08547134429533465
0.7623679859066572;0.6562068000708545;0.822916563630752
0.6445364094039508;0.6277300290259981;0.6854854132746806
0.620559196010226;0.45695858099056264;0.581798588838531
0.20644548733992651;0.03410802241531896;0.22533197640549985
0.9620984980929381;0.6013901706337108;0.5422272760761615
0.38203019448662556;0.055622796551485054;0.981467232231559
0.015354209251383977;0.2281971370867386;0.7719920306792459
0.5062568124954703;0.23956803213143163;0.9568200683690402
0.9095864906081923;0.15401595914923105;0.09809037314883418
0.5493496646222025;0.5781354716853149;0.6171270088093349
0.8815793789120816;0.6259132011535705;0.5346826892251745
0.5139838184052791;0.7679950144204493;0.14726686413814172
0.5752904801805994;0.5214604855191355;0.15728704030235685
0.8674326056514856;0.3467355690028253;0.46200668432849923
0.6230410145926979;0.5310298964268709;0.13340397469409948
0.43599107631885825;0.18546727769772697;0.3201500263034588
0.9312113669393363;0.17135921095243634;0.827379207893396
0.6106666413716267;0.45185363592111305;0.6978823169882639
0.23122630016076018;0.28254296242332433;0.171951224952264
0.09763427839332273;0.9411134331508034;0.6749818777039155
0.6551027860269445;0.8933698746729414;0.29295221923391923
0.7067418829338518;0.8579405416434963;0.5091838983078039
0.6860479377596571;0.9616893394354104;0.16970951215421126
0.6961684749516031;0.4383325098108677;0.4747411541716736
0.16463886473298317;0.962630469323685;0.5244462242725253
0.5579790458827195;0.9924684132322592;0.1968792839517196
0.10967305368258706;0.5861978979974575;0.13540792087100983
0.2766678800864055;0.4031631472421454;0.32536238466036005
0.4013967149937294;0.6429180045442902;0.8005884470147285
0.6882935015005646;0.12322442434906011;0.9554270597459559
0.1590672596681617;0.762319418300459;0.5786805573552896
0.7328115524986403;0.6805425270216837;0.44682620297417097
0.017519161043235254;0.31061479715221973;0.02300599581970053
0.6950307673541184;0.3243028479666139;0.9992883235383418
0.9452496971354036;0.9371225243692509;0.06987351635492789
0.04970874070665077;0.31275048758978263;0.9458999374024021
0.42850845875677457;0.2542072197366806;0.042816810760662016
0.5956441650067307;0.02468094078703642;0.10473993782840041
0.7342849561992182;0.0943354572174675;0.912185780009499
0.35711187535319644;0.3288323149381388;0.28314117262244465
0.6052046599267988;0.2654565494341714;0.898482780613709
0.1917225771965928;0.5018381590476747;0.8902826647559678
0.10075540578062525;0.6877234790714296;0.9025754949926179
0.6229514185024979;0.39608341573400063;0.04874321150771754
0.33411589590540536;0.32060490888785365;0.06445628271398163
0.39765703864864177;0.8358955881658255;0.4124123101568835
0.24155522788735162;0.2612522965324393;0.5254242185205632
0.38984516771185485;0.6998171829913762;0.7131170778540227
0.017181717328008772;0.3008842221239114;0.25789477209120115
0.23081602943249757;0.8470318497375388;0.8969669516748836
0.8416744693734779;0.4524372434863748;0.6904813803076022
0.862333244887818;0.1887426158074853;0.08989588000482762
0.43954989774958286;0.23129672942532675;0.6227818246248953
0.12956642637974414;0.10053174168697032;0.7424181100781284
0.3577385015658784;0.7910790553745343;0.7423490169515274
0.3783830400351892;0.615445710364479;0.10143017169588686
0.21042650931150564;0.268718086346994;0.8593561355477544
0.25042601468713976;0.8184183630807367;0.8847224615576397
0.6951018984225932;0.8822456269273456;0.24057494026705328
0.08751460344892226;0.18217691209657494;0.1727810193327709
0.9643241489103079;0.08120537970629915;0.7923963777037314
0.997533496456183;0.032566387466559155;0.12526518041734824
0.28380814352097905;0.5693309204587147;0.4161159309936312
0.7271254611106546;0.6032891981652189;0.47104302425581035
0.021082250004919034;0.418185634231521;0.8197702497097412
0.045899285717768246;0.10731855408984114;0.6842154296164976
0.6417248118331741;0.6761672298018435;0.4053942235531892
0.6911528615646182;0.45688436270380817;0.7763505202564316
0.19137894913701414;0.19429251310421658;0.4685475982825278
0.564478340561499;0.46855450683596367;0.9202686334884137
0.6455618591903781;0.5740435170842033;0.7174733715331187
0.8743119623521041;0.8885966785758741;0.871466450870024
0.424174106451804;0.11949129532816938;0.23435986108264106
0.1473407628025586;0.11855788106510734;0.8456591651837407
0.9423601415769268;0.7150306008256658;0.16125129658098558
0.23110881491796365;0.6441635480544524;0.4924585082262005
0.7805472754824736;0.8678385072120873;0.8913328469248775
0.26944225208012296;0.5736748238205573;0.2853722427718184
0.32662322772714847;0.517033287459283;0.6059353441189408
0.5355818555145563;0.17161879783774703;0.7729348464790682
0.27176107356774004;0.27379220997842835;0.42343970719545787
0.4419403750925289;0.6604225457397519;0.6603681518961857
0.6088969909713471;0.3213833317782061;0.02679341845467409
0.2801747278133302;0.22976428955296446;0.7886517534714226
0.5090940535248768;0.9382088660805272;0.6183854598298553
0.8862696767286101;0.5107737469796308;0.8193266894156399
0.7381335221860147;0.48084356606977996;0.6198158910895367
0.36065022196439966;0.6576883851236829;0.9913132829340724
0.8634870509567818;0.4616960608049002;0.16758798373807027
0.09968022319149394;0.7591072565635757;0.2372873145764126
0.13766503194387636;0.8053455485083879;0.11531793065006168
0.9238801376827533;0.8812215100021298;0.333967570881217
0.8108278382191865;0.3114562874555966;0.4320511957673385
0.5258632775987944;0.07943815202729332;0.7286027028114236
0.48566060838140035;0.5682399100533521;0.2635907766172735
0.9773899008856284;0.6597562107272431;0.14470250917603478
0.17421489510629762;0.7905369187079475;0.7276765811037951
0.7183810304263412;0.51232675739209;0.20364279946783115
0.2758402326419346;0.4466234829201363;0.9240065891796089
0.05759116902373673;0.37866162167650175;0.49404748855611647
0.02759030214465652;0.6748566749234661;0.374847437001104
0.5316317205926222;0.7196682206671482;0.5611356265302401
0.9227926983452618;0.45629330162232185;0.40025906427370317
0.9742866333610655;0.7919451268203127;0.15925447004857918
0.13079711836612073;0.22620904073626924;0.9542462731632042
0.6481402183014682;0.39607703469431377;0.1672744134767039
0.8296966359909972;0.034509684811077745;0.3425818818277433
0.6615353158923561;0.6367743848921353;0.02306740726031209
0.627438835089837;0.945460491827456;0.7075016361067191
0.7480942043884771;0.7882189901707294;0.7965595176975303
0.5884757070360316;0.37377773198311426;0.24255370068741144
0.6606996004206092;0.9683272538007494;0.8132095183799098
0.015396107460457387;0.919285615007471;0.7095499197829189
0.21013525668849387;0.23138978262226018;0.5324667249414125
0.39162464589407164;0.8673287070435101;0.7762133051564525
0.16052295483787182;0.11047291646406399;0.2817869522757187
0.8222398102219197;0.20351835779517635;0.2956392754917564
0.4251372622175854;0.5406154964133578;0.08408011210199384
0.02452252848830183;0.11033631552602763;0.7507635954542794
0.024571272916504627;0.43157193964447216;0.2885933095845993
0.24202159460424233;0.2424890986351219;0.3274339959936361
0.7670537277094505;0.21115947414377467;0.7702110261151977
0.6763152871324251;0.6248591741416055;0.6098076266277166
0.797028261327326;0.008913687606628362;0.9191314274068734
0.4725074650310379;0.16725147655734807;0.2975861046421646
0.023485353541119025;0.9677095809716587;0.3528656204673085
0.22059815270530025;0.22811119307076988;0.6826098317132485
0.6249716422789965;0.44757408917686614;0.2308380377877841
0.20295843041850237;0.010708397106295786;0.8457410701252156
0.9048585155260311;0.6958743311500138;0.1369236331099467
0.7855194759383308;0.23249382649720085;0.7349612203108276
0.34754640384412727;0.2754022059723954;0.24991728102660316
0.4847811143756039;0.19143331313761824;0.9327496216234051
0.22639502993904104;0.032173060673354015;0.43934631680458414
0.17953339884827468;0.22373425079289544;0.689114421868281
0.7140699292277061;0.00796134359133327;0.5464684484200925
0.07543555479877972;0.7775746002006325;0.36075501012171696
0.1816536229175716;0.03611723553272139;0.6329847646446685
0.21649656968705155;0.2049628039977649;0.06621736171409698
0.8685793279935057;0.8324708940459508;0.08182008837092347
0.9965763761424836;0.8672362900841163;0.20431412761924195
0.3023931990148315;0.6026464177960821;0.11577534253563915
0.8737122354865262;0.04216996030917686;0.9434258933141698
0.5992462178146246;0.8756342573369127;0.33113651881307715
0.22172430893356765;0.19903847984357959;0.991817683555413
0.11370330289264763;0.1983765669781975;0.7604740609307294
0.5027571545420793;0.3320172337095988;0.5569419057532414
0.21644831886814553;0.541659247451254;0.9250883199693334
0.34992381682909124;0.6461054172682406;0.2362989630689274
0.05124785676839683;0.22200663604795667;0.1069075101535295
0.6294465107308637;0.8849272985363701;0.0067990364802851255
0.38866296985509485;0.30273518986494197;0.3659186439217955
0.2582742026529842;0.716427965883861;0.033513807076218094
0.9272113077226644;0.6244880735059062;0.01706770659426793
0.5430870556508521;0.2408863210973501;0.522715835331167
0.7963173320716576;0.7326877297242189;0.9543703338545836
0.33500368382393864;0.11411837292173488;0.2540361561170422
0.030139637102776784;0.673061866658971;0.6680252915444481
0.47132856933299305;0.9013117622141646;0.5167042767699365
0.6393895932720369;0.5751357955361639;0.3158613187269984
0.16077263959307664;0.06675119263781903;0.7460366182024785
0.8050759791880878;0.9857144944666956;0.5083326895446668
0.9883015400371312;0.8127340457949188;0.6495535033470194
0.5360591650856192;0.4327125941360175;0.6530727343970932
0.4581671401735722;0.6331564263289506;0.6182424672839838
0.10924453566251868;0.28894957951618727;0.39429195008882256
0.33286036199521174;0.7873229373069485;0.5327134272840331
0.4381421536374853;0.1243280012463791;0.4274348798012302
0.4254164432161909;0.6915010907070278;0.049742284629263556
0.893188855449741;0.7728868429674686;0.0027163780135304183
0.5402969187398837;0.6272891491792156;0.8016914837337927
0.5170348204459575;0.2519101815969418;0.3124960598255885
0.08852539987883123;0.7327609330693629;0.6048401695126123
0.03400089851073351;0.6185893328954946;0.8435875823327189
0.9541649818323362;0.6543321970319049;0.21670321682528815
0.6383643248017856;0.4635602906650802;0.8866549357896641
0.3123328963976153;0.019698984721434387;0.6913738464983009
0.1274746548846416;0.4714366519765747;0.11396423024749658
0.4110488864399007;0.4531587312077745;0.9397710317962986
0.20490903257136295;0.42337495162904837;0.3319639320994726
0.10697206058856323;0.6246190535593537;0.10027446508281623
0.4399049096090648;0.26585267881946384;0.947781149421647
0.9804107975219123;0.5326495904703826;0.36279464471289635
0.5964101639755155;0.722395085225177;0.32693487241987484
0.2336423800524785;0.5305639181194416;0.24242206756558438
0.5131719090060134;0.27521274246001004;0.06767631747503522
0.4110663797837939;0.34070169261812444;0.8016919796469519
0.06404698145056731;0.9978316534722945;0.3779348866441352
0.23003230305672495;0.6915084024370322;0.5260314595401052
0.4476262075725843;0.31075901699777964;0.46829787075303153
0.10435823444849812;0.7737406880906514;0.08929704225523982
0.2675732373583827;0.6191656336551443;0.8405363576062953
0.3127347572884489;0.8123414298662048;0.31165311914368676
0.20670827885397036;0.2763696801516351;0.003949382263870205
0.13001197731613323;0.25753516881832117;0.5095868824586145
0.315892965489701;0.16721213722764816;0.8288459874133828
0.6280431202159603;0.9669133600421791;0.5907224844057021
0.38916372536428157;0.779647225568818;0.767517465530207
0.288252861931799;0.140460257965778;0.17249399824996126
0.5167702934414932;0.05333938904079083;0.43369376681091254
0.6884030185904001;0.14146487347183012;0.5341549360597566
0.8924644477793083;0.2300706888570544;0.7316778069870322
0.27486401290268436;0.8397827189691639;0.020487351809528542
0.41885912640523404;0.2671848791748346;0.6121137912636953
0.35369431225049075;0.20263433065955594;0.8666527531212921
0.7810935052917297;0.36565674343283994;0.1341897935459957
0.5686856106854045;0.5104439101580518;0.412431121322569
0.718333388243693;0.09702764603588998;0.6880241365690105
0.5465195052808085;0.10800483886009105;0.42533619393538113
0.9703406980738127;0.9605954651586418;0.1260501003361022
0.3671171529497286;0.7346759078638977;0.8037630334479922
0.708597741912105;0.5163435489524829;0.25471446217224725
0.5305031114459768;0.6887176307343058;0.7917643874398896
0.4628965349669769;0.7470826186152011;0.42039625223134713
0.3278117478748642;0.7055311927981682;0.9560847110534965
0.4462911195926229;0.2914867693647537;0.49242637512319076
0.13773266031936904;0.8578380624203138;0.28713523498130356
0.6535704710045502;0.6201751821930814;0.5674606484364384
0.7250240744056532;0.2840360875691279;0.9777625453011041
0.05402993668862632;0.48840048320091867;0.4398761739612339
0.7227977593270529;0.363613243067882;0.5787469354998478
0.5594573913754425;0.6588422812395233;0.2787510371175952
0.5328841837774677;0.8153733365106768;0.6512806601288981
0.5680936370338532;0.23718622852659133;0.6163256331179304
0.7227536584061025;0.9814130755303154;0.36953999456331355
0.03582856859428307;0.6851077060569389;0.7998048263219958
0.04136335219581966;0.13777744947283543;0.8812010833650564
0.08946466518443252;0.36667844671038774;0.34472466443408767
0.17695387428710596;0.7938349721425821;0.4854558155409068
0.23971466777561834;0.8254635170305881;0.8513594139018562
0.6504631128634462;0.6102862223670913;0.8696320788768155
0.6172151249407393;0.151875003986505;0.2567400493373617
0.7964599721514612;0.6998634277437553;0.7507726036838529
0.1426909214049451;0.15896912545886843;0.1811616538907409
0.8047880483017753;0.8241141186657325;0.0777627626122126
0.296246746235287;0.2727346397012992;0.1674207167273708
0.22794020830984085;0.32432135018437;0.07300978942505842
0.4557965872430384;0.535208975858355;0.9072017731544513
0.8105280741313229;0.01622097436588943;0.5822870558824996
0.5354077861908789;0.9731950383575412;0.725071213101452
0.3827153959013674;0.8157548928779649;0.06722381045067172
0.8253716825185654;0.02893237753734723;0.8883826877254662
0.5278840427189584;0.7702135228081598;0.8552415916353083
0.07673481684215433;0.14569643329555582;0.9252131026013811
0.4023728887821516;0.6653684968287369;0.24637979369211072
0.5141180659215039;0.8654250871413712;0.8992867547730323
0.2620759198384701;0.6277921290695412;0.7026294111277074
0.19907654886775483;0.33207456618628395;0.25156268928845327
0.8054401808906175;0.5868438119909697;0.362333593895643
0.607738784627679;0.8607862261393966;0.501151099275951
0.4432841610261159;0.42710154383545296;0.9184259590476467
0.5917956673841865;0.7897531580524364;0.3447226427553587
0.9020282206968728;0.661268780279512;0.8963993409025737
0.45721970844717075;0.2270005223287459;0.38523997609538396
0.28935150787788666;0.9791415210959802;0.8912921422869226
0.5330949938562444;0.9601212422561451;0.5470531070142396
0.29459009293340366;0.7446506087000304;0.2284769846673359
0.19990832460527486;0.11293883184365383;0.9265788561459255
0.3634972190933806;0.5264537938408295;0.6129338384442375
0.6137350476661012;0.15225644495627932;0.832559191359759
0.1585235207497394;0.7984786359549636;0.5481336471579149
0.49875057153980895;0.435534812596002;0.5846322795443503
0.7192553438613157;0.4238303155600991;0.01705694860344331
0.1682643938408659;0.35881061046798224;0.7342444930487425
0.3266786953677522;0.8282601355268392;0.1317224734299871
0.6138914010440653;0.9421956439844725;0.1459228855617336
0.5192402987676435;0.5308051248292237;0.35521616394115707
0.7845954131164585;0.5607825580633331;0.9079346664355851
0.34083223034268784;0.47901891994794676;0.32954920341862426
0.7449611530782119;0.7621746532483247;0.6189450052306219
0.1294882533088848;0.15288238233000573;0.7091217145840674
0.10813900746129568;0.956403681261398;0.5235214848528693
0.32606969856426404;0.2073391995830377;0.2087014027890337
0.9185706284807572;0.2793581465237599;0.7343605184201919
0.4033621697156956;0.6320771333197214;0.11010188087314887
0.030341521112353442;0.2471615788566235;0.3675996181282398
0.20415973810395094;0.5238428545901157;0.06683846243736524
0.8714914184951265;0.45237627246628664;0.0654920866929466
0.44422311480083887;0.6496169038197467;0.5132802041255546
0.872631847472346;0.7205577689604438;0.7480350528201799
0.47728697809512954;0.37265934752873764;0.31787518004758974
0.30058440536694164;0.13225599046767456;0.635881047743552
0.7266232540985704;0.8468302662609293;0.6578265062566188
0.7543802696667977;0.9127993925096602;0.9137421535185254
0.39832822674386203;0.4691064638729655;0.4603365809957515
0.8669784425302718;0.8131020539775445;0.02395767885978417
0.9120136639610319;0.06218305419266501;0.25658781613492754
0.011522350456730335;0.03426357596944507;0.19156165115363022
0.18546492525822567;0.17247466352812402;0.4981634663729593
0.6838624489935731;0.8712518624984167;0.6682577412440157
0.015054475822452229;0.8141223836855093;0.7450063064966435
0.28292479093858847;0.09375712308685746;0.28036220351216046
0.18464520064219458;0.30627592349532573;0.8834307927609518
0.6050544598436558;0.1234616889547887;0.6440379958048412
0.5469568737112116;0.24707419521490614;0.8607780889540302
0.278862531618833;0.02365281758313964;0.19998059256594292
0.3993185202378533;0.2117721123670434;0.5225974473527109
0.43714017294684016;0.7865597812838528;0.673650645574936
0.272726274859162;0.635223713145701;0.652619296480775
0.3698099304380177;0.13844800363975696;0.8836740855122105
0.39860904510311634;0.25619137967184813;0.20842562642119433
0.47912724807615226;0.49052619815017406;0.9001678295758583
0.040897240748872354;0.8003630186890174;0.2980792036875106
0.3763772890452176;0.046023222948548326;0.1979350586253119
0.4770051623737823;0.49211226121456075;0.5302037585931964
0.718875512686986;0.5023249431273193;0.9139148411401377
0.4952766204860065;0.955156314065281;0.7349587978262491
0.2891983004426103;0.46241436747069087;0.4451972735187655
0.541102659968282;0.9181347824867301;0.3553680320941678
0.6907895544253053;0.8367920639824313;0.1150351534569779
0.10042462318580136;0.41701973570823003;0.26207571977483957
0.14011077614791745;0.0003316928081599224;0.8097549614905656
0.3207374519360058;0.44385158951376813;0.7286569234253452
0.17175092369848832;0.7592641689236668;0.4425710457017782
0.9508370120309148;0.9338244302967145;0.003754985798366306
0.24207098000127314;0.45031116285210904;0.015190446784229872
0.5280218161730658;0.7226307986456797;0.9307976004206374
0.8853880084749938;0.08308272808487971;0.4541668680475607
0.28153455053242604;0.7758467772536756;0.9337117330743534
0.5888362880149568;0.10389178935861765;0.3857460146956355
0.6011744551431663;0.2969456447791735;0.5788300655602453
0.889815440495862;0.16085804463818354;0.8631513397012652
0.7538408785858153;0.3462872718153357;0.6271710321184291
0.5308244313283917;0.6470236109357231;0.08320435625445632
0.9522302141339307;0.5602125133313657;0.8993982868555048
0.38437150889362603;0.8794880752991034;0.11429289596040493
0.387742208763854;0.21262892312213244;0.994327250830848
0.27221608359807936;0.15712945236889242;0.7907529155809653
0.8069085106749245;0.6035819062308307;0.9364929985694599
0.7567938686260991;0.6306283804355316;0.24132688401527336
0.4775408689601226;0.045292442097366714;0.2516672404073198
0.4025875928467414;0.0723768205711639;0.21214756285303293
0.9674087577628916;0.6614256528637582;0.9711879853955316
0.4271352523813573;0.18349306567169865;0.2894731301777851
0.12013791428482301;0.10492934845228608;0.49158523889292416
0.8179351306088886;0.5528450135186357;0.7762949219127377
0.16317020430897378;0.8892015720826675;0.7889800706445681
0.9913631821456137;0.23349811379347196;0.4962329818132716
0.0010493861323621623;0.4435654373063981;0.26036587210329165
0.5875109063091483;0.6013075988836543;0.23111049258145322
0.8407897382125489;0.8214116796752684;0.3266997506942707
0.4451335521000127;0.5771943175627804;0.35068337434595864
0.07358943875748403;0.4221541356129037;0.2900477300942059
0.4709306264433448;0.9215496419855614;0.6899456234374071
0.13704166512302984;0.8172253708278842;0.3378580846984909
0.8561249508297475;0.6413910760885557;0.5061416928458247
0.4806639753171468;0.7159981158697623;0.05333220150952411
0.1357394438379841;0.7745145314882073;0.8404894868441235
0.29742032974902066;0.04121488365106474;0.835820233348555
0.058003256860874375;0.021224776679300672;0.8534955588099341
0.06855577007196445;0.5709350737860273;0.50980937446974
0.15489290288031066;0.8078755507241383;0.7272498121783957
0.11764783092579612;0.8080040616003467;0.5860857008677989
0.1719173568695852;0.37909889041591127;0.5282976506308471
0.04687054774222266;0.4625867681649136;0.7400747751283688
0.10085703686207614;0.700592651452031;0.003308050737514723
0.7947882206959526;0.9456824277065969;0.03412571311614876
0.23029036452873164;0.028064254917098297;0.46396640958302837
0.7879095745531874;0.7419303853298925;0.03888955231854352
0.008293435368463609;0.6807401012411894;0.23002379971227616
0.5978829219474945;0.11918048310704454;0.679286149774834
0.003083694935802739;0.5055053523893593;0.018629998456444863
0.21361665763846382;0.8799475956924012;0.2683514101391907
0.40543195103006846;0.16016856231532073;0.21635882949988583
0.6031165288932311;0.4378136194453044;0.9415286908146508
0.862558700407263;0.18615166673092842;0.6785940310728837
0.8852175314958896;0.24097309969924574;0.19929525698110695
0.719754959330189;0.45964545901497267;0.8286370810950742
0.7978648058477847;0.24875927028998013;0.6655368339143791
0.011086807400124576;0.024286134744910814;0.3898237684785658
0.1395396916691276;0.5402132569729173;0.5305057991312367
0.16966709138929703;0.44633286819352536;0.6601411658998607
0.5212167004279522;0.7372536886669706;0.5621160669316575
0.7148486580984231;0.6832593686312151;0.13476060099510445
0.485917639100795;0.734065667076578;0.8809875835305455
0.9578062560556138;0.6703525102438928;0.42784733847349155
0.3442130263842733;0.069657406468699;0.736305019475685
0.42087886850293854;0.2670186813967188;0.4993635618751826
0.5854814224925241;0.2969144550830245;0.9264434244904759
0.6748968110589147;0.062328040392625295;0.6289294971808632
0.6782451255415316;0.639997298139981;0.4656457278495155
0.7993493978516198;0.690476648864847;0.15530598878479607
0.9717293762718157;0.12649194434984778;0.9128859557427866
0.3835821182586504;0.3578874542216528;0.7527879580234766
0.29299054315157214;0.9747871293217216;0.8283083971704958
0.44979003710658694;0.32736303659662647;0.15218666360932764
0.13105026360640104;0.37553486517181356;0.06935477061630624
0.9489144825439975;0.5891706929556287;0.8293838640866109
0.9818750977338564;0.26150256918027137;0.575067350456882
0.6803224453026744;0.445070947770118;0.15261289447788862
0.9903512616921588;0.9820010115189386;0.9449424464880324
0.3166726791382971;0.12845339831813352;0.14403531032450645
0.5575609484817785;0.9468081143618564;0.09661010074629306
0.5646598493220404;0.6209212566568122;0.5825080480021326
0.5697934103060817;0.7600564926252789;0.7507854172546695
0.4487123909964805;0.15886383835182039;0.6029935843643424
0.5893729713411515;0.11553150811184221;0.41178870584513416
0.7823977469305842;0.6719844003045662;0.43604683944094913
0.06719908780581008;0.606414955954776;0.8795423663279492
0.7230491263495248;0.632969720773706;0.41733526889429673
0.2823639514619064;0.04837871256171422;0.8870199676996782
0.695387774535724;0.580398615416804;0.7886573665870481
0.8774767281108526;0.4681290161832591;0.235324316010594
0.7853864404728766;0.792092308614632;0.6941236326671608
0.3554542640564816;0.6580846573516984;0.8442370483503933
0.3215990244144854;0.326604186809348;0.9490214306346909
0.06218788419674959;0.766419550323247;0.17615437927973365
0.6295097586137224;0.8777789781306853;0.6154215179599011
0.6191671619045518;0.37289289721510976;0.8367996118483653
0.4869053034797163;0.21119678539182962;0.6855808448987274
0.7148678315017994;0.672231027749908;0.8798741853480673
0.0028291741031598594;0.4480625483977728;0.6709073359853815
0.04444073101384538;0.3694954912235565;0.6464515664509092
0.77177561524515;0.98241004306954;0.529857068981954
0.554996270270951;0.19380605961966568;0.18972567078489366
0.67503638428884;0.6876930838770204;0.9456575312085164
0.47899831038307805;0.12131403317993972;0.9454292257347328
0.06153194571404652;0.6688764703938406;0.0896343035354864
0.2522758813856958;0.3186164562958399;0.9497208307109244
0.8353763330250936;0.9345504176435203;0.09361961055809687
0.14128018309951684;0.6259574158613026;0.49737099299390997
0.834691829467671;0.46437364133195447;0.21483760776770355
0.09739226738746443;0.29484711245563455;0.3384629755403801
0.8528284290852912;0.5291312375893188;0.15700504886267563
0.8462283037953671;0.8522511357689144;0.780534782504
0.00013079550093841874;0.9419591794276745;0.33435195433612697
0.5631886157899325;0.15080825354698313;0.26035631113221247
0.2059474079943674;0.24155810741104644;0.06017513450655121
0.5254845010395124;0.9109652132897481;0.1675590413496162
0.6327939626538651;0.1433787481373886;0.934537405761158
0.2745447620060796;0.7522663962184498;0.9701086581243348
0.7821362995813916;0.7537768643437024;0.6055902911477609
0.8888024837358645;0.6663035502458959;0.733228896601571
0.23051686639712154;0.5894505561088755;0.2789070672570275
0.05657003115525405;0.9194849246909996;0.9723763113892122
0.9951186453764722;0.37069580766975585;0.042889737813308626
0.853684495701361;0.7051360153531703;0.8407832033416618
0.22938212509851752;0.41536862331443924;0.13769029082183581
0.1142411192657885;0.046131121627331906;0.5152735167399943
0.09861062916082541;0.7923323591220458;0.6085768875723373
0.07191876886509607;0.7821752694703578;0.6866178260400575
0.4759018917823181;0.40366768311544377;0.06324448142821326
0.2849602421713715;0.7967441154088801;0.6686576782680247
0.4872814822512811;0.541519847506709;0.8804606522604359
0.4012656153924531;0.16663522034261924;0.38968751833091697
0.5706172854923905;0.7722329599931128;0.12584966971367462
0.7853573038265634;0.7225011576676106;0.06478278137290527
0.6493297936451604;0.2102964523428349;0.3717868999100902
0.3370716076631858;0.8638152349987047;0.35487916416733933
0.15918204256278168;0.3981433472802006;0.4612049658960039
0.2393787759781868;0.07385433814821618;0.05863724029446826
0.5882222188135154;0.32298056423797206;0.5199862874928981
0.37400010967922204;0.7030949560507098;0.19980880242254928
0.9200777446860979;0.29802530282680606;0.3305929102890639
0.7760736512738557;0.30253480355615425;0.7362051817348365
0.7971410521242084;0.39416755389667146;0.5086311468888645
0.5371301593152229;0.1879064961589736;0.7814569556967331
0.02458012799453624;0.039977925649077206;0.04175178358143794
0.7776077075069573;0.6311533980720131;0.22223371184786755
0.4172785443280461;0.7713169830833106;0.9140020348371884
0.367923507957698;0.736470982320209;0.9692434702966028
0.9151660646622112;0.8720378344431465;0.018217656773686253
0.9402916055221209;0.13277127889962936;0.8010619454337684
0.7749230720983975;0.09019584010282256;0.6718481809639044
0.24642651551908845;0.8898510068600216;0.5231179751696687
0.7708575051820556;0.7003457411078835;0.20351804262967688
0.76588888553341;0.5404013781709005;0.6409907263340621
0.8797185476623962;0.018406357078534663;0.6962339326602531
0.06988853256549521;0.535602696255646;0.763557503896399
0.18977387766997522;0.17151705489203606;0.6220468098591642
0.7081239747913225;0.2910837676225766;0.7889816529144376
0.4011549107305691;0.615463806942362;0.6910462605119828
0.2201506364777681;0.9711023028148084;0.027113467385433077
0.879017814142894;0.12942528090535288;0.8531437439127304
0.0559693245034556;0.7617488601235393;0.11060088953468561
0.1987559560977744;0.9908114295583484;0.3763235000009253
0.15201949900073464;0.3427590608757516;0.6356593748235054
0.6583132442901929;0.36441125196322455;0.3024780673822325
0.43597947749716925;0.6870549870844687;0.4239399843852746
0.22342363531390075;0.5903264212460838;0.6702256428530773
0.10367364405198243;0.37360909470173564;0.09905740198363988
0.67748985223559;0.8578691618646851;0.03590657495906435
0.788855290511149;0.252511216213269;0.0007205918375458031
0.9817412068277662;0.08184793552316838;0.14553367160009012
0.9739483847214074;0.7329788149696003;0.922895590479287
0.7067750863600574;0.7452985557504197;0.7807043015378213
0.397407526995745;0.20055451554095383;0.35210574356426194
0.7196131892610916;0.7051446238732297;0.30659397738961836
0.5336388188908522;0.29415486434092475;0.3033474349872224
0.30425928546107006;0.40129998374352205;0.8009812154530056
0.4446139544826506;0.22400805036617677;0.28860522259521626
0.4064258116067827;0.8728494291263522;0.7089497381695359
0.13692342754920828;0.6675165966062985;0.6429356910559738
0.5919095995200669;0.3737116366649279;0.7701209002812528
0.005299385273350832;0.7860193245548799;0.06540386951964683
0.48271352553571234;0.6928726138198347;0.15508735636703452
0.07424318837018862;0.4723374583857245;0.2068067502016503
0.19405192815829275;0.6362806736689804;0.8934998270167809
0.13868495799666258;0.2729296056923515;0.8301101668216875
0.4883999693883687;0.886954662585193;0.1761967433078261
0.32467348519970474;0.5379186290449665;0.32185947557408057
0.19992169508104074;0.3156048819770445;0.4768222688312903
0.051584129588190364;0.7609313264478091;0.9263482112785025
0.6421605116364921;0.6213448036052435;0.6227778054063237
0.33337519305594354;0.7829359250591463;0.4203475295875453
0.1147503275012175;0.4997475389215187;0.02150902656592313
0.7628792690375119;0.8614429223632748;0.4629680800277439
0.9328780621779573;0.3896917870503557;0.6369755677144165
0.9734556767047772;0.6676855858561392;0.5758211160486829
0.46726005438088325;0.07373017848583541;0.5510735481734393
0.6926327087283551;0.07357360134351909;0.11411984880269133
0.4307690771636956;0.10614353673300125;0.4760160637750681
0.3831430825376203;0.58041491674696;0.5514523710249227
0.48766492454014787;0.058420207099027954;0.16950143288657937
0.5613182514412524;0.8077151430028039;0.9626053629901855
0.2930087094995225;0.08318048741873219;0.778562247342482
0.6583191095773694;0.3158509271668527;0.15032282448996026
0.22175366387360207;0.2712842644048026;0.2685851127678164
0.7069400522358996;0.7360136730936793;0.543961791818527
0.41606951455212027;0.5230958143328469;0.06640196471976423
0.47800830270462036;0.7414380339391912;0.26867948293846333
0.5041589110070194;0.03942457116737452;0.46687336855292827
0.12362601668482165;0.8086844818448079;0.8247171659470052
0.7289187519641246;0.08052497685307536;0.18957241024424554
0.22702120451256602;0.22819404626885653;0.24938638712474526
0.894769702040738;0.9566154467826891;0.23213323374722805
0.33351345416877365;0.4261243333748541;0.5857288907036005
0.33943816338384925;0.45178494642938805;0.42509474736396125
0.3142444255619855;0.5919282803252102;0.18286842738326103
0.912992583544127;0.5515823854174214;0.712122669023472
0.6684268486851965;0.22033379694082156;0.2140431549817382
0.3745912631671179;0.14291337703040186;0.012922909636790214
0.23988679971035531;0.4566614165860222;0.9898075743165653
0.15085519007499137;0.5961272050339083;0.29824273140111457
0.13594080637722605;0.10247591321626914;0.30758607886276734
0.810996679994563;0.669893725066668;0.4477693861497204
0.7262585799658098;0.9729552849813601;0.5901274711062291
0.10567657194977487;0.8644899578593515;0.9159883143499392
0.9132340106567522;0.3239150545553231;0.7586284042615411
0.1975604782419692;0.010537902930576104;0.28486718523557253
0.9661829732783104;0.4387563924670087;0.41443094564356653
0.28421329745912605;0.842744019852235;0.01980551267043751
0.7893542272298245;0.15290673755000095;0.02761898842895305
0.9897564248455814;0.41411633038251605;0.3073173075155776
0.7936613769549664;0.6846490579043537;0.535893385079515
0.7524535091380646;0.8918940111654375;0.4192518941983394
0.6008402735799347;0.5192405196068753;0.6522475639718804
0.1606775529565887;0.3740774032378117;0.6634455632244155
0.2784618230012602;0.646422159404655;0.744763662632032
0.16336111172557155;0.1546186061213729;0.8118528234122467
0.6303656027372905;0.30554022690185045;0.9937311220473972
0.08859333275123915;0.45902214212651105;0.2801852603426279
0.5121159553988676;0.41806218029384734;0.6405355181283217
0.5807865891296782;0.6380863385889196;0.597866594755182
0.5914784997383341;0.09106450889075868;0.3987031086821994
0.7679448369238734;0.3689550032938448;0.889000146967005
0.681349330380171;0.5437882715956223;0.6001914264113829
0.3704733779423438;0.3834361007021828;0.872033364221632
0.5713735599981267;0.9395162494273763;0.09480335080215507
0.9742880054762841;0.5730332548619165;0.189976627909622
0.4746514790191537;0.8934688289156878;0.9490670857987445
0.8296745369738793;0.06765577395833855;0.3285806460916181
0.10387200756698578;0.39134088924119537;0.5812369972843586
0.8566024259463132;0.7205771326385575;0.14668501347577
0.6548088538890251;0.8462418908728653;0.2498964356588561
0.12984581373825277;0.429531956944078;0.3536026540039543
0.14538982150305713;0.6207022937599682;0.7466365375458546
0.07549326393554845;0.03900804250741352;0.9880444948472124
0.5944169941391853;0.21846272861727356;0.20229433516499729
0.8885425304723307;0.22843441061362524;0.8897379417080314
0.08186305784035863;0.04072174878583701;0.7851925335355805
0.40135373932910834;0.820544916878807;0.14806224110160304
0.682049415727163;0.9684163124727818;0.10930268102804108
0.4017070781110996;0.517248383916818;0.21141390920350467
0.9551789105804414;0.7847789369975889;0.7105844054391471
0.4436810999128904;0.5772317217868124;0.40780977401024365
0.619243378268646;0.9860267542046892;0.19535796977100883
0.9866062355683968;0.04219595899289541;0.048389248493207915
0.006025146514480384;0.6637442251809533;0.9770645474640894
0.6015816382509704;0.8833395558447749;0.6108997592047697
0.5656480802682621;0.31465672812914214;0.590556442656595
0.3139677536071316;0.5981807624667951;0.9372379512264382
0.5546299278732626;0.038098608182674965;0.4356008065444631
0.2509354031196781;0.1572027559169299;0.3271647540167312
0.49902481630008844;0.6105766448519168;0.882076347969144
0.7586183811939595;0.5426177334920701;0.02531901292261285
0.5092531918204314;0.6561712378319113;0.33411403728796085
0.47374733197995866;0.8915138008077637;0.8552594169902755
0.049596552904141555;0.5885925533905515;0.05159880568166453
0.5140542333061597;0.11566130896590865;0.5548709260618709
0.03896710230649436;0.9697636652909813;0.5945536047273204
0.010265245637419484;0.5614316468333235;0.5562566754882986
0.5836145264575789;0.5429750341664491;0.6291351040486199
0.7546516847364072;0.963167631894552;0.19483743752312155
0.6387353231395231;0.8308693830943936;0.4128920259176134
0.6717969402007624;0.29312148989573616;0.917533416362007
0.25565290837026466;0.8178773642422567;0.793269321208331
0.9037643920896643;0.2703995300165073;0.14663723974325293
0.14605503151646093;0.3746748600769042;0.439586733723757
0.6281572966491387;0.5421505266963649;0.07787708780967739
0.7751253118369699;0.655974094758735;0.5020266030142317
0.12103982452925843;0.6362057278152208;0.6864997738364605
0.37568474495111615;0.411269532218852;0.24319207943259136
0.7442436809647166;0.35185434441977337;0.2813347849870471
0.23808887241969634;0.465325332831216;0.044801302057618564
0.27907047049059575;0.045942728677941136;0.1447273656539947
0.22335064320649722;0.8811083039648155;0.7002707231516612
0.7210215360299357;0.0917196170232798;0.8388484526705969
0.015745853686670697;0.8469296017649461;0.8733253395778506
0.5546352069145464;0.41792892853782715;0.6001343113624439
0.2655035571050546;0.23112474943629835;0.14413944916073762
0.978024614876485;0.9219043071264698;0.31775191177717055
0.8667037906387447;0.3594710760336396;0.8435507510450307
0.8983495618286838;0.7192489411466464;0.5302099595385628
0.564120912838215;0.7731272046188775;0.26761545649097596
0.7071973257097641;0.41024461261416667;0.384202170353664
0.46814708054812293;0.35107011767022656;0.0880215936978711
0.3347027881033743;0.5044982182271515;0.5693080027457142
0.9413416099869715;0.40997489480554694;0.09118352175400268
0.7130196233938282;0.41533968689198586;0.05529826269044025
0.20587300074177317;0.9658159861909594;0.3002390599060927
0.28796548598627636;0.9124682354190893;0.9829060387811445
0.4836161727985395;0.12153093080477595;0.8528679710069328
0.5544592912045896;0.5091391453364096;0.30422819945830004
0.5973766552165408;0.7439295965236274;0.20123567916991603
0.33660553342721977;0.20127383458749137;0.3342822859250266
0.28444721849410304;0.09741470202412106;0.9039749686831201
0.7522534299774623;0.39779945395020566;0.20524353337393442
0.015204234845196285;0.411425909619362;0.04322854017606448
0.28797578087919107;0.044423332000759985;0.8257834119948789
0.1084213874416472;0.8320078325250931;0.8245341738576547
0.22538500224748326;0.712590249415476;0.11200440757420493
0.12599185675231428;0.011491735418836524;0.7096752041155241
0.04954246848772548;0.38196764460652555;0.5250637657130885
0.6429127043182689;0.7551468198342088;0.9010474661475742
0.6645494401642162;0.8636366054558381;0.9021096762554397
0.7628716555093074;0.6747371531004177;0.6267798103329556
0.9817623684368334;0.1519383031661936;0.3601949541159536
0.3083847069963378;0.3401910052282887;0.15972385298146363
0.5767366517592412;0.9203472718211785;0.6551838725446893
0.5600462142774476;0.09786231446546778;0.7815846185025301
0.4024942522826026;0.26685174016095725;0.21777107476275714
0.7927704937881869;0.7651467062361809;0.5884039273573476
0.5861005425952572;0.2599976687920019;0.09630312006095243
0.49280587025842837;0.7647946089764986;0.9659525118196991
0.5155278405230003;0.45259881921308875;0.9622337890241917
0.8517658485728595;0.4051887685582167;0.31978836752362183
0.510332642788863;0.020585164208777873;0.759311755146587
0.1340057599796186;0.19811280574399193;0.5005455024918383
0.13805987201235026;0.7456229821179157;0.00551473771130373
0.5382171072877401;0.0882218475023161;0.7336793079208247
0.2754710255992079;0.500110334058002;0.6699204868687123
0.9419412369009218;0.17580888860387833;0.9236034856321426
0.34368990898842255;0.025994698711395703;0.971053293024152
0.7958269072936311;0.17051901669501168;0.827164307019527
0.39343381488482143;0.7198628062320128;0.6044777435980948
0.6863533440839887;0.0768055495032981;0.13267425790035925
0.2943389805146107;0.2991350259304649;0.9804742389846086
0.09767246203513857;0.025782674039689146;0.6942369282815674
0.6136387235973743;0.4556349147980887;0.8067799564988094
0.6233334825967539;0.3940326719111723;0.5415008447481908
0.6981655878574443;0.579572092216565;0.2571360573829269
0.6503664209865853;0.39589870794262383;0.9797283441635823
0.9567520814985778;0.3405005075034391;0.5535501067047318
0.2099509603390497;0.5565495397288027;0.2806490561976899
0.49682671089245056;0.2718462487143257;0.9856348609980052
0.8287651392852138;0.02437998325305013;0.3531040142046915
0.2788894774232298;0.5908665068114565;0.48530832461876616
0.8272884508704902;0.04102455185810516;0.0705365150169277
0.2428387059102216;0.47392171760015167;0.4063288254214342
0.6510671806170996;0.026486006300726173;0.9246924830510791
0.7527717302127016;0.5516459353375827;0.8386226826663596
0.5648229732432247;0.4497116193950502;0.6706376532386401
0.7501126033377763;0.6941469800277389;0.5732716668647597
0.652807726914651;0.36053392810690543;0.10751144431934678
0.9022176689787496;0.14577668297890578;0.43905507964945967
0.6152334924453396;0.16062315491831736;0.04648971080863418
0.4924770851874696;0.16579097964823775;0.5542749239342415
0.7833530139645758;0.9790782672070045;0.02216655493158448
0.8219264986282435;0.9892225298380032;0.22819283447591876
0.9543111823989596;0.6005214387726122;0.6096923951523007
0.7289363405785011;0.9197739011054288;0.4704446793484214
0.5957183505149792;0.6058986795751737;0.9490652169270654
0.9275842286491635;0.6015547087406241;0.6036289978120161
0.18552945669314191;0.9583665170977594;0.008623897437708972
0.2553972948287986;0.4558577570762755;0.3126150808881948
0.35155494205049065;0.15872656057211365;0.6419907174142898
0.021288257896202478;0.7893324729906659;0.09172304882743487
0.07658266281444803;0.24485755424486322;0.8972134302764753
0.18363571211425433;0.27929236587273043;0.6250492279680072
0.3776265113998586;0.5299493958008656;0.3037998221764553
0.29853684752317267;0.9989220299371935;0.41043916147192283
0.9670642602232389;0.07221921676588638;0.4378105594334346
0.7812538064174078;0.9331850312905758;0.34229910994865487
0.17305716943603533;0.14044522610078147;0.09212352775267696
0.3972773860526293;0.4318121452515018;0.037665453505412394
0.2848806891335278;0.45410874634779075;0.5068603597361685
0.11400315293140462;0.9414396967463425;0.15252056458066554
0.007080780993478197;0.4415431993680432;0.24911653951329626
0.8009700903821515;0.8854813626397837;0.6280119196846249
0.10311622435848122;0.1936514922971967;0.440952887219097
0.1938636819772177;0.1592811226882116;0.8296456975376688
0.7444149155365255;0.13303869674094548;0.6859853191307833
0.11520367975939572;0.9908982368010052;0.2687118965111778
0.5527993145381198;0.306168286951363;0.9801101263795196
0.913145512596098;0.8106964501761953;0.8142018692804766
0.30394299142683;0.6065278666270658;0.24712945953928056
0.7320482544818526;0.5925050321373216;0.746403827493432
0.8835824333629309;0.38337665430707357;0.7367779467174292
0.4765317664086369;0.17255711787106653;0.14449931316851117
0.8286074634939602;0.8250593545476419;0.32355062105354926
0.7629172891017545;0.5911698071403941;0.29240370107021807
0.38937242196757504;0.8562972512551312;0.31747817633294606
0.9727020595219512;0.9143177063976797;0.8795623153289469
0.5522918827392082;0.03563282383811295;0.49136586579403607
0.886711814489369;0.15061096302293375;0.4224215591540629
0.050651834231410064;0.09811516434558554;0.5253825209626456
0.21169704213309815;0.25727955238551714;0.004356079544481473
0.5004898569357692;0.49055338323531117;0.8177681690865911
0.8878763358739784;0.3613023968807363;0.36653714648589475
0.8907366618823913;0.07423647236836428;0.12059011264601982
0.15268301236581816;0.13626973117903185;0.13015428135490192
0.7470706143924488;0.4891687946485679;0.8002167084634086
0.08944828418958961;0.00011477073952947947;0.9321666460486641
0.5115131755200908;0.8091842671599944;0.8051565135886674
0.03386589191400169;0.9653339492535835;0.5385034767063869
0.8676607204034638;0.27708897725197845;0.9322895356302414
0.576309449980983;0.47944477285107323;0.4558274400979676
0.5036332070311533;0.422342909227272;0.5532733739165777
0.3252477634624613;0.40620983452264925;0.4155053566302809
0.06575037215320723;0.02051236921341193;0.7691295306348102
0.5372618622011276;0.5988491430048642;0.9219873391753521
0.8565941056830022;0.7821309203812931;0.8581326129856168
0.3313580513251788;0.6233572751498558;0.22811692153668506
0.04784615633167277;0.7314838706800386;0.13597543733989081
0.9521069319927771;0.8734508912168658;0.6973574621461529
0.8162199621755235;0.07547641240261838;0.9274953187213434
0.026715563298902123;0.9187120436957367;0.2549636685310184
0.7923207098400568;0.8872316533797888;0.18090871023225974
0.8817292299978539;0.027452475338416993;0.66837930719636
0.2543648517256104;0.9158928534759523;0.024259381964183424
0.4465574409573634;0.5704489530544394;0.41313198193311707
0.2181776113454379;0.5363101103363151;0.6275278956089647
0.7203727258143889;0.37972169981465453;0.6711030913535014
0.08208782805378156;0.1510902795931265;0.546953610994658
0.2677338910077176;0.6726394703965973;0.9406925082910952
0.7938420230614124;0.9798767101932857;0.8913297193040938
0.1863973925953475;0.11059693041845298;0.30791043448588284
0.9529177620583937;0.08262664450016621;0.28842332736612775
0.546077747996514;0.7297795506725845;0.11866082278560763
0.21736715814161256;0.15311981541775344;0.8980269939279761
0.5339792623639336;0.5080278725201084;0.5994516098077762
0.7260958862564785;0.8797618590515365;0.3689435304420807
0.4476372793576726;0.2981876874740659;0.18613479499911634
0.7581939450606903;0.8701536729042233;0.988340287051522
0.8107948891998645;0.973541849452926;0.16888537416833238
0.248674335758998;0.526274592863024;0.153144278388468
0.6950816455297125;0.22077055341183727;0.785608205925732
0.5153739891151548;0.2730942140657697;0.18351505364564225
0.5292118488361268;0.05003374614442535;0.4964910375063166
0.3698870968563084;0.920196669633958;0.9789242202298035
0.41646937192777433;0.8141673387095297;0.14168205489234054
0.4472352162815051;0.40584883492026125;0.038324741097338966
0.49107697518513294;0.3306167529908518;0.4538499695067797
0.662120016039348;0.6150672563601643;0.5086462324147247
0.01337944431677418;0.7390374344378667;0.07577898988814524
0.6258446097573213;0.9863540800264627;0.9316283601027436
0.07628907367230886;0.9865401565531553;0.8258847418173756
0.5599689459313258;0.16747284344967472;0.47136160112822634
0.8240826408475513;0.2299622684560496;0.35214842295011295
0.0914972336306491;0.3599678279828067;0.29119008830659177
0.3562788913419319;0.5230103952666472;0.854842412961559
0.7431610817334849;0.9243439285004466;0.03791004435740408
0.185205787641195;0.2803756351652793;0.23135501165010253
0.5389799983148196;0.11178965894101167;0.7016071632464945
0.35440473725825894;0.5911095121405924;0.9636612280820632
0.9000633486264591;0.8545736608852388;0.36188027793650035
0.6047542774928476;0.05719633874889607;0.006949054271391142
0.40667673275574123;0.20483132506524293;0.5582085843373171
0.8338170118496814;0.2567036570825745;0.14999954174806396
0.4314555338756536;0.7616520755974101;0.19926481963122245
0.07948293537533058;0.8200732341232727;0.5516618564459455
0.17549288730665857;0.05956339799610699;0.42711188268731126
0.08596604327072344;0.9967312232597985;0.7698532724971605
0.5943262793102164;0.2675152218582345;0.2241625197256858
0.07549232548634233;0.2833702203182249;0.6410248932330087
0.9990126481533577;0.7224179962495448;0.6386810310367887
0.0034237752541964594;0.44349846369095547;0.6304593208682486
0.9847643809317358;0.4299750879191122;0.16331461227953603
0.5418230732995234;0.341089871876222;0.7335856719851038
0.6712988771501298;0.8404604873093698;0.62776257801543
0.3599546042930185;0.20702929186474084;0.7189711161325881
0.7863970542395423;0.3642577544558041;0.5253566704513225
0.6666238472486763;0.4942964818567346;0.6935202514152353
0.2907030566630663;0.5573707311555522;0.9540389042012404
0.2935879302465021;0.10932359457921859;0.6243484694745863
0.24346413275904333;0.8769713810449922;0.07901992205129593
0.14413284502962465;0.5561819650398798;0.8452361742740402
0.939816674098977;0.4906891555654076;0.7464534585983434
0.36701423057603755;0.034377981836096305;0.2757504099588389
0.4372446787931621;0.6947951384977471;0.5562013072267801
0.04459136925245255;0.06385112675931903;0.5784509942683571
0.29175015900317824;0.31449800392153493;0.7428397750395076
0.9285778009566583;0.6023474003006257;0.3728746127818441
0.7716683037204048;0.5932408063057817;0.9737786360268645
0.7566990966562289;0.8147004576444249;0.4905267976323403
0.8266955844874432;0.8531690693565154;0.38060318038198915
0.7074505306180735;0.4967808635977434;0.6095727861484896
0.9985744043354571;0.04985879143646188;0.6216866435433429
0.09268110921934303;0.6994162926902416;0.7432552814870774
0.3563090199163539;0.3009169672372859;0.03510305840597805
0.02512762707511551;0.20622036809280642;0.9430504427292407
0.6490621938419759;0.14941728306147273;0.9903104758962453
0.47107601959443335;0.46613277833737043;0.7867163686042637
0.6990831980286334;0.5311713027644023;0.5365890581523077
0.8839716057593838;0.2739940939927482;0.8511591869642294
0.046825599862884815;0.8647635321806995;0.5140003970595368
0.22614405920097336;0.30324609143756764;0.48740687709698216
0.22302263019984359;0.7829039624304084;0.5403095530378559
0.8833845814288149;0.8347343781974207;0.34567959031850404
0.4910523715805004;0.626717313071362;0.27286721620830146
0.3949815823502122;0.7472471636712744;0.09409378578541772
0.20025630819953277;0.4401103179714345;0.471356807836259
0.21369047307149702;0.40621425421911084;0.8794931073122292
0.7647523063733094;0.016127291084162;0.7817843937058868
0.927058499767738;0.02733795744779821;0.38323796799856635
0.4231224403743422;0.0055444511839573;0.17190134323723705
0.07357521073867257;0.6929348071174255;0.44251682068707276
0.8459841138168459;0.1058176301304683;0.6003291862637313
0.7606777943100581;0.2986054447897777;0.8795034162308235
0.6297230702790033;0.884078576668461;0.2830300066856829
0.37093828513597005;0.6209992747555948;0.7306638736150958
0.5103558109706231;0.714466191029932;0.687780978488647
0.18000864548692097;0.4349904081662247;0.006866886103895742
0.3000918812460376;0.14059653360563462;0.9392865304772465
0.9572409170726142;0.5490503089335625;0.719098884436887
0.06769767072509258;0.9818247349616074;0.2647019369358883
0.9111230621383303;0.5918819506495685;0.6479315651994622
0.9121072511717685;0.10849557918547559;0.38609119326413954
0.9801973671487642;0.9251708410098762;0.8734035829429658
0.1251404271421237;0.0588432587117379;0.7642940524304525
0.2917105147935136;0.07282571391065806;0.683531497397171
0.7868566425256857;0.7590970629014263;0.01685793346018094
0.2708862006464715;0.5456396742609241;0.38446856680792874
0.47775080995216435;0.43156056563232137;0.07001235433920094
0.4297066115974678;0.3871171065445146;0.9174374152799049
0.47952255205503724;0.19204867197747877;0.6590031004651802
0.4056702185768303;0.7029532789361809;0.43062579954325453
0.30682928633296225;0.5812217272930976;0.061424701275434423
0.010482041244475715;0.4618301128247244;0.058092931067919795
0.4571000819868122;0.21761874514321555;0.7775741141676369
0.43987350833910566;0.48102388899448456;0.6337121013169141
0.1897401811121885;0.11514441875569392;0.5230184512150926
0.44390592082565405;0.6076187995523091;0.2057221254576067
0.42831910690895536;0.013501732445480474;0.6410949654182667
0.1036998033704346;0.8853861170377068;0.01739922078583256
0.9182376407991631;0.8630685967970237;0.7067714367326686
0.5951202352740605;0.2599726431022851;0.8286075559767961
0.8849187267758051;0.6797883343805596;0.22008983253295222
0.2107032574272062;0.9414977907200975;0.023649370747719778
0.9488243350516145;0.5522121832836634;0.3482379966591329
0.9731709216037926;0.18303156510223761;0.5627188770774614
0.8148802756926029;0.7637071039244225;0.8740394117738006
0.6202667629518431;0.37292777711948133;0.8236144195522541
0.5875210253598637;0.9038915729338758;0.23470907608796243
0.3101761544916034;0.03417085135710729;0.707643705365975
0.0975487698539107;0.23724488345021755;0.7232521833102581
0.2419832164458252;0.7326122436243644;0.817004564527766
0.2290147180080958;0.3649652259127437;0.6237856188936358
0.5620595344563866;0.9816999279167725;0.5748587142843581
0.8489183114322266;0.14670265191803644;0.18097204709940562
0.25641105655014174;0.5127199010302796;0.8992976738652426
0.8258854172196387;0.8163945661941645;0.9413499991144207
0.525154898591719;0.37795085571204357;0.7251272518332355
0.9674037050037905;0.4611421844871676;0.570927404744833
0.660776025912123;0.5981023174051558;0.9975700276222752
0.0972877175026633;0.9491730299855179;0.9877030661007017
0.8805550391417429;0.45704117778145814;0.6162570587525926
0.41446078377517015;0.18586716665205505;0.345600185752745
0.6659295718752722;0.16884379108137326;0.154898343965434
0.7908359493581519;0.07382625310830826;0.0184354267500918
0.3839939668494131;0.04243576611638844;0.49463498571814124
0.11230863640842714;0.5251270015863917;0.6989533159488021
0.0807644001453851;0.3795766617591513;0.8881666634729617
0.0017002392648131082;0.7448221739009372;0.8630517697897511
0.9592802869059485;0.2523186057009287;0.5210818616444025
0.014398030395790795;0.033084180318549206;0.9867986381738564
0.19625040304928643;0.6840841631607453;0.017028329208111703
0.24849048018318332;0.5937015668914946;0.6158178173016389
0.8809785577427935;0.3538147233309774;0.3827227053285591
0.8672867539861491;0.7827765547846754;0.4399314143320536
0.1875632450210385;0.7346165973642483;0.2664099163000424
0.4299811332467519;0.12872548861190114;0.28712460806087226
0.9663121767019035;0.1647618554097804;0.2066406758038355
0.4196834510011983;0.14631094667715994;0.2687434233279953
0.32552206790198335;0.2426207482170777;0.5448397351407388
0.5864330524551323;0.5574703666026443;0.8504720191770333
0.2842447509640942;0.6789158509898375;0.9718029828335043
0.4691759032357409;0.6536680388304238;0.4738711418450322
0.24739296108191;0.6568108521708843;0.8875908379672255
0.3848237247247216;0.9527832173759053;0.491655313195681
0.6687581200210024;0.8067696653452753;0.9008696255204406
0.26024392327947643;0.5271879543997434;0.20528752758787816
0.7331031477963028;0.5502736967211395;0.4212300971472852
0.28826322997349263;0.9651992826594925;0.28774157338650597
0.9971629332869709;0.24322500296359495;0.38306320698291907
0.586097998812524;0.39102926362511525;0.4741108121220171
0.6882474926968483;0.21195053797083818;0.7730718915738027
0.13082392984428182;0.8244467929878436;0.7709297827870669
0.8067720523958112;0.5913211555087307;0.8711676283796779
0.8809724349447651;0.7205463505345399;0.5511326161412826
0.017216487555958504;0.36561464859096926;0.2951158617980625
0.4134505301008695;0.009690172184368073;0.7394510739760622
0.20038339709803554;0.7290788487300924;0.6000523159036893
0.42482858145833624;0.0344923168158735;0.4916328627584493
0.08662588915274305;0.167698122682296;0.8993730548651294
0.40071835420015556;0.36534708563502694;0.1244046983110455
0.24091394668185218;0.8836945474927834;0.7471506251857759
0.5362962758942827;0.3091175735340903;0.6307832368275221
0.5839271339976616;0.5757267620073108;0.4784754374993144
0.18095866794140614;0.8282077829006761;0.9899927258472848
0.12184748643679066;0.16559915567117556;0.8570681490636584
0.4138643296535718;0.4544488889175814;0.3818696346169649
0.382400707114263;0.07447478939399022;0.9796987779758086
0.6062986575874362;0.7370718059396246;0.8128962218550398
0.5446103938165732;0.9930855294185215;0.31054016280456
0.48387013320072814;0.6633967818846193;0.05319845650023736
0.2014828621754492;0.4666369982735925;0.1760495620060083
0.3709005726147542;0.6834893382006593;0.6196770586883024
0.004049926940485338;0.029225472148105225;0.49161637640412337
0.010464466346855605;0.08577616185369319;0.04606310605702246
0.1819745094307994;0.38432441255074334;0.5244557137115599
0.05254080326167854;0.25689546345597747;0.391311442201424
0.4056057832271731;0.2417903741900569;0.2338053640904888
0.8608683790323002;0.7147346560774801;0.2877798147324616
0.21182870848180757;0.05432851370151792;0.10280292587335249
0.9398677884886795;0.29844216046644134;0.8349027121533651
0.9417776984075131;0.5917689677241352;0.44523391182170036
0.35278528230893125;0.4069569075475101;0.27717219883123745
0.37099444816248917;0.19444299160765266;0.6678118792636724
0.7816823767778086;0.8451152953525443;0.5949691168173334
0.8480913444618235;0.7802592582204292;0.17359606519588322
0.4597546877164632;0.06839300885024646;0.34981239309057455
0.8652975836089246;0.28522272009361294;0.46336868256804886
0.002926308347451001;0.9584449367710053;0.19375431699778012
0.516572822175805;0.7789294166502535;0.5428024675113036
0.6710482546558956;0.24370437664062483;0.6965688600930323
0.7559253064954036;0.6726288845356618;0.005028782982619995
0.512406528882066;0.4638637136140419;0.6304471901645893
0.46651493277723466;0.12350507106001318;0.43480212342392954
0.7327457063913533;0.18671421939631405;0.27944760428144566
0.6686352177822996;0.3475816919364103;0.9244625452028432
0.11070023788687333;0.9055078115861127;0.8709681315929131
0.191362601221312;0.808491853811328;0.3451310177482285
0.07694535689028814;0.00277044007224736;0.542632817520328
0.9999496811122199;0.4197952099549206;0.41963311307754747
0.07726327600538885;0.3261370519624547;0.9963515438117173
0.3266292554357092;0.1364764116907501;0.8547430084000526
0.4991592365809464;0.7074893714059473;0.9983436708311562
0.7798007078001652;0.20651069699231728;0.31522587374505084
0.8007505093834487;0.9483247735646192;0.13575384355044595
0.6347618511888048;0.5809242855420408;0.44109172819952547
0.893067234125305;0.38310295418955753;0.1350968081671412
0.2041453485479141;0.2302811105041893;0.9646745144894743
0.6313198829548492;0.1157124183528555;0.3309559903875282
0.4327179216089062;0.946674702647857;0.7020594211096024
0.0493929856853178;0.3083986943281357;0.32490480022472035
0.7693765315954795;0.6914797209425647;0.36960355053033045
0.8705179494045899;0.6619129220791385;0.9578552425286113
0.8993641288793435;0.004848056656359345;0.17205490969525827
0.9320138828307284;0.6843886059284213;0.32980670100981657
0.47063380725643533;0.49225416871197436;0.5668885747695728
0.19737046019471538;0.2337389917253898;0.7276463385637214
0.5881022888785653;0.27970488194712195;0.03765099141695716
0.008992663546689927;0.8088783048996478;0.5859436290086207
0.587915554693354;0.24619816049712662;0.058904331215608785
0.767955309404484;0.4874972606431599;0.424085227074661
0.20576375976805394;0.137489715813631;0.1410995065796239
0.044465466923780284;0.4557096387568288;0.3820857736980193
0.005948486032272382;0.1524370966286117;0.16886759437272314
0.229833090677256;0.32104693975494236;0.664061417574327
0.5498798190185069;0.7986234448627654;0.6116331898624828
0.9426353465569463;0.038622936248576156;0.42013603084138484
0.576796695419118;0.20741408228047287;0.44832379172937253
0.652957456144631;0.061040455703581964;0.1711157384966585
0.7816637833794945;0.880738668625828;0.3593978797374199
0.8425384290544221;0.3883938094930498;0.5443531255366403
0.4104444120695584;0.12615895282544698;0.13699062239833948
0.6415192593445272;0.5796566676791158;0.1525177825390872
0.5508636901407095;0.36317506979263214;0.08205451150207654
0.9721065756360163;0.4747609188916093;0.6796579971066962
0.08945441729072356;0.7181512140590784;0.1812632979350236
0.4564705199172513;0.09540276952720617;0.6884594268091013
0.2704714419505392;0.7928403423653045;0.9409707363674003
0.3229691328168731;0.36127964303924787;0.264089521835819
0.7384688674236548;0.43878478616417693;0.8929637486489731
0.5730531147681154;0.07404645526872511;0.1446311722726623
0.36389969644500575;0.5825439210193204;0.33582792708382103
0.8417807118127488;0.7509171210968484;0.8234146023501973
0.4184186015693282;0.9638681593409619;0.07047671046872295
0.2614473558674508;0.8009813199115573;0.452697864574397
0.023367816727256185;0.4466124866657838;0.24543832294561163
0.5942111982244285;0.10547406485438326;0.6488373153495024
0.6898852721498513;0.7627622950551519;0.34360487479953694
0.988333732303501;0.7641570622108033;0.8017827223574773
0.9677627427688973;0.2550561856614467;0.5705608198581762
0.8804268564303657;0.2195494555805999;0.836107843595337
0.7302637126147528;0.6625829754034506;0.0343181256862094
0.17782957049757697;0.21949962676736268;0.3285487620921228
0.6527922856370401;0.34855929146380127;0.006248374036992521
0.2906155140233013;0.602472364766856;0.6944816224801836
0.7301874097796008;0.17720382196783002;0.11156482125183265
0.5459768926709481;0.7303163475973652;0.547032409055035
0.8392594707432653;0.17659909340020685;0.9104858155811818
0.8870270378366608;0.5549869803355976;0.39582431687192476
0.9204172884339837;0.3366392736920386;0.6878693245051719
0.3680249213635114;0.71936207039979;0.45954149998435223
0.4634787434338121;0.779243713557325;0.1335636294963901
0.3074435218887277;0.8435974403218495;0.1483564406565394
0.25308156943706417;0.37242483163370677;0.21786366144573044
0.5545343380471198;0.7012396017666832;0.9256708979186972
0.2828832807384789;0.4386443677460521;0.7028664794990265
0.07984573161364694;0.6104031223463519;0.10664907123444078
0.11902338077257713;0.6353389606655969;0.9512123195842695
0.8290125697607004;0.7154011805351119;0.5780724831017492
0.3030390396333681;0.4659353641005729;0.019448968641588182
0.844862671014218;0.4246728016278075;0.09419813218716755
0.2793749602365354;0.9814697236069385;0.322141931925933
0.4131669171436153;0.19487499054998936;0.642279546154946
0.4191628296995208;0.1718470040897725;0.7430747313725716
0.04682722548077578;0.8842944742668625;0.6966427214528295
0.10609889079723045;0.6839819570231295;0.8084457771760296
0.1507154004569793;0.046750633010678166;0.1829608090353121
0.8608416023287123;0.23886044977079135;0.861090952661743
0.23588855863124192;0.30053252846369094;0.5679739365015525
0.7735144687348254;0.9182730789676974;0.03360524544566057
0.8780226337432949;0.06131016986939475;0.6040343560246457
0.34545295201952453;0.14302352205310176;0.22276878050044446
0.597013358983493;0.4682020975021436;0.34099417958127276
0.14902242054747417;0.7216316610550282;0.8110634385364773
0.20239757866256547;0.75446197588044;0.9695726567581308
0.9348892744884847;0.9956089339543118;0.7543048318181846
0.7058770256668926;0.8294986643251384;0.35194853774303536
0.7299061827478629;0.46770298847518377;0.882442356035161
0.25967673272378144;0.4858606237483477;0.24361931265566228
0.8206775876062574;0.10141264414371709;0.04347168785647182
0.8794223757414777;0.3944072640982167;0.37773875575178595
0.3113133367658426;0.9841006496049821;0.3442729726019025
0.7376429277388857;0.13843721695983147;0.9458797971469063
0.27767615445758653;0.41013477493354;0.4944845977319884
0.413971453840551;0.9665069652000464;0.9265944334919766
0.46872342895070074;0.7199442410317983;0.36408184026779156
0.5752429004909643;0.2081071106704423;0.10458997836355655
0.5216131076604275;0.44197149772941247;0.1427140032956693
0.3506959688146223;0.8213342397242491;0.7010330104514922
0.750470736211073;0.4377772213833673;0.5673899641047646
0.7089572971806501;0.7662596533568954;0.6952288823762007
0.577951043459635;0.39080104236861823;0.24753708727921941
0.4125601218751771;0.8172666823577786;0.6301767089023131
0.7290030185856783;0.6980487509135795;0.2988657057921057
0.11774462501511374;0.8081197118025522;0.6985435115517299
0.32354078299742206;0.15381448741522608;0.9474878044655669
0.39563274732736053;0.9471594474191382;0.0729367378960174
0.08098398027494802;0.8840483094574093;0.9416426387907976
0.699404521265734;0.9028087402493048;0.026331432987369507
0.6824509424702133;0.9828270395110078;0.5567458231883747
0.72548276033937;0.8149411948100406;0.3816077133126642
0.7740280868290845;0.18035497057020367;0.42185345612883474
0.6216662905420518;0.49169976453268993;0.39860857235426794
0.3477467246968159;0.07977403796821814;0.7294849166974475
0.272511528377823;0.0621884148659857;0.497261208567505
0.7819375015862428;0.6992013787722442;0.5957216367394278
0.3785388970389838;0.10304193375897064;0.08577217578863783
0.5961076695849429;0.7579381119835523;0.036169988799457875
0.9778459874895608;0.13617260206986814;0.1572510689451878
0.7621401970258678;0.9704807237345082;0.543108329909905
0.02722535827793293;0.7332174572778437;0.6342091253726196
0.4763948298168895;0.5816994381635491;0.6752517530106308
0.3376008505778988;0.4423843860840124;0.19611285697661374
0.2498772104891379;0.8695570511142416;0.7014644831228158
0.16412706508483887;0.5699839941635246;0.8720723504443003
0.8334387944365882;0.31598054016770494;0.9068719979146576
0.898693107926058;0.5059652584846628;0.1211411333247554
0.9429016228345576;0.3144676673815219;0.9676282572967708
0.4966810581367449;0.7249288000905142;0.912524133095546
0.035809495665719115;0.8416191069919445;0.6077447461843211
0.8239834669908909;0.8765954355440927;0.7868857928840152
0.10845079830366355;0.9208671602062484;0.47319498074803634
0.9865736625867639;0.6293886604924083;0.5526495865967918
0.0255484878825597;0.09481377933344526;0.17922283573120623
0.8790593741070636;0.12850193995853254;0.9727112895350153
0.7189019941779464;0.6543672593550497;0.6509059647711033
0.2053156616378946;0.1261773016875164;0.0047317583454769
0.07500483466013963;0.9902714136094168;0.1891660824573197
0.39743740004219175;0.7101238150509469;0.0750335447803484
0.18117387008524688;0.48339184238170474;0.03376440067250985
0.6697672364661553;0.5299811755842008;0.5709962376514451
0.03296820699268188;0.6187183811537625;0.7471405638181697
0.9622371220792496;0.16646293914879873;0.7783045213552153
0.15409097904236657;0.6166748568697148;0.806143502149844
0.66845802296519;0.4879958807579132;0.9820411788428866
0.5446480668166283;0.4300773719215609;0.48819087990911825
0.9190989387124584;0.4945489940233714;0.41829342804704484
0.23569478011913492;0.6317210488178323;0.6612307787385202
0.9420576802706083;0.9715928422163619;0.010589705610128619
0.4190123870623724;0.958461703173296;0.6592105021511591
0.5391838430005763;0.8867887574183574;0.5884397167321621
0.8034068507565334;0.718509888413648;0.8703729069866967
0.3324806639977498;0.18087804609860791;0.008049177156385312
0.9416824024425993;0.5547134939388441;0.2704187911326337
0.8584392811348078;0.2256565463665795;0.8492768217892155
0.5055467495659769;0.5686430095911412;0.5050084193748099
0.6060358797108475;0.6646991094041172;0.20330838952056596
0.4335101077109734;0.567447491682693;0.4901360990124336
0.09807676637206841;0.26705007745560994;0.45589381318763433
0.3653354731060946;0.08721888344567741;0.8169304666581932
0.4435114207834242;0.7972349573401235;0.16046894605848439
0.19759319915246165;0.06911257746724897;0.29617304191847693
0.8883916127271052;0.22603656621710444;0.6840772248120377
0.41805416587421396;0.16089109676156044;0.9969557759320065
0.35216608308053043;0.13700094568449117;0.09693943079368683
0.3284454909853487;0.7930496781529273;0.31166227420644
0.7146206403797991;0.08752070397896294;0.6122096468439905
0.7401165283841646;0.6479830312487364;0.7935170870525712
0.014557180795759739;0.5118079113121149;0.6630145243281889
0.45889490072271877;0.540530836552443;0.8394546839560282
0.6110927940375362;0.3841572817985701;0.4312605568112502
0.7180508080673862;0.738866704526129;0.9747469403634359
0.029870371966062015;0.6530357983888274;0.998430685975997
0.13552011396595343;0.6589913394587154;0.07382517065543648
0.5639162626988183;0.2579924458620171;0.3054948239957329
0.4501891152276556;0.6709454331500152;0.5174712207295745
0.06567934627761673;0.7801881100647261;0.5223985339092598
0.1646454379733081;0.5177318655128318;0.05373666634369456
0.8118737893933016;0.0954240665216799;0.2203914564381837
0.42182245128139184;0.010769676730515543;0.6186742923314487
0.5152228840010175;0.6226078023706032;0.8256407698905301
0.19299224318472674;0.7873529353239532;0.8537670698524744
0.2832358385676895;0.8480602221371554;0.34954383391079147
0.26485945413857204;0.36456173369421996;0.9561727638260143
0.5897103661924392;0.40819956370029;0.48636645370848886
0.8866765440401833;0.4484817744583529;0.8160443681319454
0.04717218616334817;0.3231161404821038;0.8261222152936687
0.9181026124705127;0.8441466810570083;0.09647580074573481
0.04171209735713999;0.5024496354713291;0.3965142158287168
0.9841753387213652;0.1646236190577406;0.9880395802781113
0.048593293430084894;0.7276312895350932;0.24661233015538386
0.9919564170253854;0.4325811390946136;0.6658183421301961
0.605611599686808;0.12124257192043186;0.14111711671763294
0.3649953246804103;0.6470904294379959;0.3998477656011057
0.42454140982836586;0.9603718000477923;0.5426523990633646
0.8725236073899687;0.7749053017675734;0.5688426318458548
0.4170644525788324;0.41347201115235865;0.7981402963893944
0.31271390447088676;0.011423446013706151;0.8773508673450304
0.24192614618387942;0.7628802976756105;0.7676737273890053
0.7596554328708278;0.7581605752043322;0.4117532791617722
0.18709386422288077;0.39909950321923426;0.5806928190114932
0.6794585210062465;0.9250544615411943;0.14560142076061855
0.532899695532188;0.22951066972650958;0.8431235299385866
0.28843955422177825;0.358275128988059;0.4165848799813776
0.12224294855535134;0.1766720840150573;0.6520913439829524
0.25969675177203844;0.06935704208475102;0.04647072372949557
0.012314804004461277;0.17324451652903494;0.6821017838430379
0.04218876763327928;0.0874646238538388;0.9357969928650948
0.6283018155402313;0.6588296136212064;0.24594070074878738
0.012827807922684675;0.5509522991679805;0.8162188083306123
0.7577819766818528;0.24096886757722003;0.21237315561346648
0.889410036531044;0.7224306896266551;0.1362868044983525
0.06277313292889941;0.6708920898590486;0.627949752091837
0.38119230933512815;0.24228621472287137;0.9978799961867383
0.7888066410486665;0.4143768559348351;0.09514654212228535
0.20976454656516796;0.5447862863400295;0.29465732351322527
0.23871931805576496;0.5614340097701399;0.2747909786412228
0.7627957094269128;0.8548096372805116;0.02377881235301127
0.2348562741973842;0.8120964565782751;0.8250203423933267
0.6720175155530328;0.9804142155249916;0.6498041073351475
0.7593296715365442;0.9167906896844199;0.7347508882488757
0.8108904453954998;0.4662395565353712;0.8818640090229174
0.7678826886174975;0.8651497431308073;0.8846988042437287
0.816614289893658;0.1183616962339914;0.27962471964295565
0.46879391850176844;0.05836664607592823;0.8880535892336001
0.05474389788752709;0.8043106257171913;0.20142807396561457
0.6310833035696011;0.22352663387783123;0.6927632508292141
0.961531733359969;0.5792928401740433;0.21431782541459365
0.1300529079316931;0.5213894734477358;0.886778505751789
0.42136338970694154;0.050147101968240904;0.3153924974769293
0.3146270162382888;0.13831495085290257;0.2941980383699996
0.12136837216436536;0.5587437765629024;0.6781309049635569
0.03719516037041737;0.054297942520855624;0.6660013836085791
0.5546770362792529;0.7140712132098892;0.5470209262655419
0.6951905554806199;0.25249015887874215;0.4703501949061888
0.1481843483766211;0.42627694057198084;0.8910111207797942
0.43551170540166173;0.5647780875002193;0.24037079267458494
0.9301100969841682;0.05601840083271736;0.3854698686639849
0.1163967848353128;0.8641281293537357;0.29189238208687074
0.9917103262335176;0.36299341261361684;0.5187082017242521
0.431394923013394;0.05491378019910864;0.05148815686789798
0.7476934172353789;0.6945963098650139;0.7470174749560943
0.05087094496429112;0.4087742051676322;0.9049697198758139
0.752210221458201;0.4625377558175052;0.7199857437209061
0.004949734703840525;0.24228465230534935;0.1206934344076569
0.6503296317345296;0.6502202823775677;0.6505209559258613
0.46859864651611516;0.9093167944071727;0.9162897780066762
0.007438078484462318;0.36999778796635474;0.08029160335704633
0.5826031764890829;0.32303889421737664;0.9279477701244707
0.6343275913416697;0.2342873937372444;0.18608942594772226
0.35095630143609957;0.11660276724122753;0.178018237033431
0.6963516047108833;0.04009061738126696;0.47610928971014443
0.17480472232267252;0.28948320300868524;0.21618251690662393
0.3708180976144737;0.7783514529265431;0.5742720347677962
0.8835682625079115;0.05165944372892495;0.08334061176956953
0.056060979113358944;0.4894535514669657;0.0037855347583257704
0.22675522967413375;0.5568017278227868;0.9555364805934408
0.8618184342480083;0.5404988776022279;0.08358852369686043
0.5136485216168474;0.09186879838209316;0.453441247193743
0.3996717607758502;0.8829381758088662;0.5502402294328642
0.6734718758678511;0.713753197123904;0.12815257027610405
0.4163648137221402;0.10052031915556137;0.4994937453802296
0.6394154045556075;0.912918869432967;0.4694906734850527
0.3772486726836557;0.855879454602349;0.9057474570886797
0.2014676934521552;0.6067550793962853;0.6726131376241187
0.947419627873953;0.37210702051799305;0.10901408907697085
0.7177267779022573;0.6984770010758568;0.3653324218486059
0.05841611722045903;0.22714449498209166;0.8807860026004691
0.26176924074018104;0.6399509492116967;0.16849484827229722
0.04921946012520939;0.9048814720908107;0.1274388021828926
0.9904244613125452;0.27510158506219884;0.655861546612546
0.5059050951307913;0.29183440330223787;0.30388720681880765
0.4011925792166888;0.9776196609188625;0.8243313222469864
0.42693053361647126;0.4409201980122702;0.530212617350915
0.16190282733406358;0.7105693770118292;0.001757427509637255
0.06004436992503637;0.5604091893280613;0.8754820363669475
0.781070377581419;0.1242830503633644;0.4043041683784313
0.9147599540545034;0.8616708583690272;0.12024013110257137
0.28154265177544846;0.1564001303879342;0.7072036108498744
0.6587560803335166;0.2428118051456778;0.443468083964046
0.5184406513309197;0.14257112163125318;0.46652468879493425
0.5470937859693069;0.05994946488399189;0.25849424044452385
0.5223613319695528;0.4593208633072442;0.3817888175572761
0.7832319574388781;0.5807752786308283;0.2934503633942658
0.10107510702657019;0.4135781826599664;0.06938003034322293
0.19945903616496619;0.7912287363802841;0.34565893116919766
0.259011128337884;0.8564577465746254;0.3949370987107472
0.6464004597818351;0.9071288851873811;0.6261139933576125
0.9831558961120085;0.09666848877284784;0.23736062479076758
0.38588618710627076;0.6783610448296239;0.23244025979936056
0.5488354520658482;0.8272383998123404;0.6925018329871158
0.4688421924116146;0.6242056210319005;0.49766028210551794
0.11074107345074058;0.5743323006267254;0.19477138430914465
0.12632656970760137;0.10465801027291999;0.8496304821915595
0.8683824815990292;0.9031187929530997;0.6953983222774259
0.17395046241577272;0.17421112069685707;0.26040783986376836
0.7575693881943697;0.7887006841057468;0.9601362845914041
0.3217120271731403;0.8456069898407086;0.7593270776254151
0.4036169609015712;0.3776611281498212;0.975526826839669
0.24309503786477105;0.07837293322648653;0.3320872180643445
0.14740230002896226;0.06947078182971311;0.09827192797030704
0.271179999264175;0.6180399506198948;0.2675410628224747
0.5637239966014443;0.0805780473540032;0.7014271423016949
0.2843238042167272;0.040665002890412194;0.3552610582333091
0.25936134546125966;0.4709708816658479;0.4065041112300286
0.7698099870589665;0.43634664486651875;0.10782990017447813
0.39074594870424584;0.33100883443420914;0.8803936546126864
0.729898167132754;0.4730838334600571;0.890208916964362
0.22811607404058898;0.9011800972333642;0.14664993654919178
0.7123127021496978;0.4396521517825288;0.4120875131421553
0.06751483971950178;0.9483094173134617;0.5572583344091704
0.5380524753057295;0.25224167912067275;0.4596913078216637
0.006127219860978861;0.13891286093058808;0.8724490211784149
0.7699563713717332;0.3096253428108062;0.8640761015592856
0.5563662011839475;0.32474278046081173;0.39055692684103205
0.9736245508976827;0.358447927179844;0.024047777679679694
0.6335278629753238;0.8279813453725847;0.787560603105961
0.11474369242447524;0.5773008403798213;0.7602630375127177
0.8767152128856485;0.23491958274689673;0.4003224366323441
0.9445883414813253;0.821652011275467;0.4508145969275542
0.14904833392235795;0.3690887734606617;0.9874525207994118
0.746659062001806;0.8857103222532223;0.6501717834189844
0.4766067722590126;0.8463763772177292;0.9526879975910525
0.09785860799087287;0.668374386387857;0.07105552938898108
0.5907625411278769;0.15510603357408392;0.5733102954317549
0.9128489991016918;0.7646276787562452;0.6680219460811209
0.5470209540146929;0.30811292403957247;0.33305084357330117
0.03563279593610358;0.20977091193821118;0.17443995767846787
0.7404133663498492;0.40139896776730755;0.715462753528923
0.7565196530605933;0.1430323989258151;0.859420982076231
0.5134465594446863;0.5433072899393404;0.5571637045331512
0.12159366930467685;0.22406094279629118;0.4065686124095804
0.48253627306328106;0.9240000293194051;0.8973104368239999
0.6423134289893063;0.813252336770002;0.206713824755982
0.5913526719635497;0.8904077366448586;0.052520347267961176
0.4395706829928355;0.7453015407940967;0.8729001577131733
0.5655090664456606;0.8363260459484482;0.2715607297945226
0.09511029041334818;0.6799454502301168;0.4888150734992671
0.2719584947694812;0.9066079219719636;0.7882648395885804
0.8530518574768221;0.4857287744932103;0.6081581844272315
0.7772251201180043;0.018695575784166696;0.39183725185524776
0.5847874749389087;0.7889226854841689;0.02938896227771759
0.39237551017573324;0.09548725711981831;0.41674002414500055
0.15586938971563125;0.15957841975187148;0.30867631243052773
0.6314633823174963;0.5643964437118167;0.09007410092008417
0.07079239758516964;0.5039507114215738;0.3400820649616699
0.8701297142965366;0.7938708034624061;0.06072419788674299
0.559316726484704;0.26212147255694507;0.3641917608121542
0.9413029796519976;0.8961793540791752;0.8459106525920734
0.6044121863873024;0.7716215499616804;0.4850189014158647
0.4263190859858944;0.187829950125613;0.140384193637631
0.07279715140623189;0.11187338945444858;0.1639489153810012
0.4460616878542919;0.060583138234979184;0.6744260725728731
0.4799988742676118;0.5346359994213622;0.096752077731867
0.5989240105216936;0.5392153449419621;0.6349748194264079
0.5190663584909618;0.9174868762152758;0.8631845987025325
0.23131744790389253;0.540357166890641;0.7258384026345388
0.42774556680834985;0.48852038341789417;0.03020365351511567
0.8489731473729005;0.3448954488153152;0.22765852521115382
0.13963882651407178;0.43530646413938434;0.2757721333723765
0.45222498863095395;0.3525013912876994;0.22036688642006086
0.8688292531806612;0.6481537592592116;0.9804654620161252
0.042476769976831474;0.9676993994582754;0.6587510552274031
0.6368926441821982;0.1387010232726945;0.3445879700840444
0.5100445178917433;0.9474155939488964;0.34688675216959364
0.665597493884992;0.10381709110137749;0.9067817571371797
0.4541254512681886;0.7747165374855505;0.9814610289317741
0.26122172316780157;0.4868224905261317;0.05288286487801974
0.5758758836535967;0.5293491639252184;0.43108592027994364
0.6434020092474573;0.6547438084947772;0.2048225501959965
0.6554967375263492;0.260501914733515;0.24948331217551145
0.6778823947927994;0.47468741439968887;0.3133600102524078
0.29235733697878596;0.31615200519786146;0.13474172104944826
0.6460669585734496;0.9814088302478499;0.2460766736916149
0.38820040397405164;0.1103382552613641;0.8861593931058175
0.3553617450375195;0.6357823893527084;0.660161869058811
0.7933813012954283;0.09859647986239817;0.6846309992968177
0.5679185039448446;0.4088472398259134;0.997689021925806
0.21863359568545004;0.37004612261389525;0.3533625274325267
0.2924098170292647;0.4680663298704124;0.22057995499699068
0.9970763508840202;0.03832966320953446;0.5753258678128578
0.38805500194637477;0.6145876382409067;0.2863891753465031
0.21081606080240756;0.7957955174932327;0.4708987725478916
0.14887422102206482;0.03558666552813339;0.9677388226080103
0.5296287258700454;0.012336311709589709;0.3099025871958023
0.7439901504670648;0.583554470237852;0.4101148104244664
0.17367920014304483;0.838495160909187;0.9370650490791977
0.7060340914962862;0.22212400308148306;0.2753626935941431
0.5728715408495739;0.9335300450069324;0.3505252298969541
0.5938814630920709;0.7623376419252381;0.8958143413313812
0.6218556697792993;0.8128983328213355;0.801571385156179
0.19328815610454664;0.08332527877220341;0.8549146862148874
0.911395644166797;0.4238635118263233;0.3305136399809885
0.6991365226361702;0.5153053785195266;0.9480054925395336
0.7984453731466707;0.21373206768437614;0.7043101580895109
0.719794627985039;0.6495448376760276;0.38041611038820533
0.6185875367944191;0.026064134704842812;0.34599821655512697
0.9169624506612907;0.23722111662962742;0.21708361552128652
0.34404959088634557;0.5644183437259093;0.3243889353249052
0.7694805367733378;0.12353125669868337;0.33241045049968687
0.7335605147006123;0.18169880305224717;0.9203858021399381
0.2607534899881865;0.5215483575412553;0.3281570496659769
0.2788586517742947;0.43243583747328684;0.30169353927124687
0.3251536000287958;0.28327121749911965;0.5959980803110301
0.7160901095666651;0.3061118533975782;0.11077380705493434
0.1556088669711343;0.8867228526874883;0.23045617807894536
0.21956441233147328;0.2417484560346801;0.28439958736135573
0.5585650721399468;0.19902957460930937;0.040922953373859094
0.4978096241490787;0.7001186950491093;0.4313768517123251
0.4488282543915284;0.5189184395506272;0.6780912847288898
0.8455581733861224;0.8276999234258324;0.6845170681293011
0.5474998579668552;0.04266097152377879;0.09898854032881599
0.0525946225355719;0.3467226233990255;0.6684499373283667
0.7883787600382519;0.19081269872052842;0.4248852081083203
0.3964689209899259;0.981726131277589;0.2772527814810368
0.35930450850764206;0.4384646661855084;0.6233703274960932
0.5493334020335332;0.75816588639242;0.7006730113993194
0.2201496896593753;0.21599058335208665;0.09826825420688168
0.6542193094440494;0.7967545655630074;0.35221151889806046
0.8972715474191343;0.702800292554855;0.6953532034327828
0.6784736077008492;0.18316376628845255;0.6925269500272314
0.9524147100543352;0.106605864506781;0.3915405161718981
0.5824837025324775;0.7886292364930678;0.18966469526646412
0.3416055791996673;0.776080618675486;0.12150398865962764
0.8070161464585748;0.8363943539126232;0.022522071878516847
0.6737061783821306;0.01253332192194856;0.7558813019510223
0.18079689988309555;0.1980864888370869;0.6118461447143021
0.49695052261648354;0.3909397594522087;0.37012653836125675
0.5394629998251578;0.7498515696308854;0.7122298441265257
0.10561392755758436;0.6301026638650349;0.9750086679080623
0.13961790929230666;0.0033633907943313446;0.23285415528158737
0.08397541708020484;0.2387254918080458;0.030576870927504052
0.19842453475437571;0.6879782044926734;0.7204427363295445
0.28292016372640105;0.12399805743669845;0.758697291338196
0.9701825166980943;0.48131151470768574;0.43151846975485053
0.17863574546681626;0.4755162600913756;0.9575192913513861
0.30211994524831787;0.5849825883713291;0.7284394131894287
0.12666863448336652;0.339482694985459;0.7318217174865735
0.30070313683257544;0.2025470894402246;0.10883227927054406
0.014172301974251789;0.6730480245495968;0.4307188883248575
0.3645763511706537;0.14257819852293208;0.6493471135512835
0.3803185406473829;0.30718797700618283;0.9903178006377752
0.6225861705968574;0.6674035008504743;0.4404634381251421
0.827824460808037;0.011942289299047393;0.19715881504187827
0.21694703187455577;0.5291241226436382;0.5590264468461698
0.3527829581992369;0.8740841546280574;0.9290843319204625
0.6981479622694216;0.5615210310515658;0.6911178229328638
0.4603288585162181;0.10413809082047021;0.7030102441857763
0.3760791928297781;0.3276125207975895;0.32496481679335765
0.6728913157173841;0.3496416377543069;0.3016078090104133
0.9013268420539983;0.803647551354843;0.7803257933867033
0.5939451549362708;0.13431213534221143;0.9440472059234117
0.9064213161630308;0.27274630465941874;0.9903428770215191
0.2229085916796656;0.3622260256590307;0.6309720348127251
0.28423902508991306;0.9283279430719839;0.0928777606375848
0.34778421864419806;0.20529236369278425;0.1262212216539368
0.47278780001246856;0.02529230963694984;0.6033429443286711
0.8953829759638878;0.7565932364127398;0.14384090816092732
0.18685966896189632;0.6230012924416949;0.1320780498358518
0.6159761524345431;0.44051433515920224;0.5534765755189316
0.4212724451628138;0.9098259765012379;0.6738182863035868
0.5439351024668856;0.40241735357718256;0.9082554679714292
0.06994638227844463;0.5552192255843464;0.6816929777695157
0.17785623485135504;0.6862656010053615;0.8310331801914328
0.9720749274641043;0.8721720439212686;0.9201281759759045
0.025939706067799717;0.5425583600975106;0.13685390255287877
0.1477858612690779;0.2941643622493323;0.22692404552532774
0.6225467280037293;0.4516820938020718;0.6483387465705921
0.3476277175900212;0.23283981351916927;0.26077075803048333
0.7831495158068787;0.6319212875297513;0.6662993031178819
0.4149727300206306;0.38910937527667655;0.532638325201414
0.45970716237659415;0.9131592140631878;0.2369492002297262
0.5703828574944084;0.6391239931978341;0.8271185549995562
0.6520993893948783;0.8042394329529262;0.6065519732357406
0.42134112551214586;0.03758122904334993;0.2223491058498941
0.49173286401216276;0.07386115813809557;0.1957383586784308
0.7096144569193568;0.8373242798821298;0.1924341708101771
0.9519370941182426;0.27045662880936905;0.4626667900480895
0.241474326233995;0.6560066788735457;0.7212122936867984
0.014062719973543802;0.012772855875979539;0.7653251329054728
0.9365979984426248;0.5336116523811365;0.7206926317114143
0.2817983481813201;0.5777132088295254;0.4579287690028153
0.18386533874523392;0.5696694576589485;0.3349682019683917
0.16263426819675642;0.8329994096894987;0.08938976838305224
0.2900675064565231;0.27268464453703567;0.7718503764797446
0.08054166901288318;0.7356940210925831;0.6891454408109677
0.631619814055442;0.4337487962353189;0.3994916672216289
0.7023023405288992;0.7872541035441125;0.1594426328676567
0.6979838578382522;0.2833696263999318;0.46632774208614525
0.104094226784615;0.15380793515801028;0.0814917037027697
0.8088322794606929;0.5773820495801145;0.7967489134825312
0.35451131219557175;0.42273668023318356;0.7695084001020961
0.076282750664036;0.6395899883969598;0.5958708587160729
0.6330138550911371;0.1965677864164248;0.39138720746112066
0.1200790853186291;0.9556121863509122;0.6499589079057642
0.3324874479929849;0.5445779059489421;0.0174567062366503
0.7689240879654806;0.6159100083918666;0.4058272019352467
0.05107955267868036;0.03658131637220352;0.2443787727704042
0.7888102358647247;0.96820616126315;0.8947529097034903
0.5981384619555279;0.749655823878637;0.1949242413956388
0.19225423026218347;0.22714936148122622;0.5219302710158527
0.8778147108062844;0.15284130880986724;0.1626193945047365
0.8307503384891689;0.2090710788299307;0.4392646807453593
0.815571454428289;0.0057428351373750575;0.5585896085002089
0.9285134991313474;0.6310950150647178;0.8487702010492959
0.38386437519938144;0.2991485678084601;0.10199966457806764
0.463075869358078;0.7122408436285774;0.13868998298481483
0.7154871722837332;0.24617767468351193;0.34441729683181654
0.5271450716584948;0.057232731883830934;0.938253386816911
0.1843948030735626;0.5986378029099874;0.48616505179717207
0.016712256240842605;0.2281915316066918;0.6437567821359705
0.38867477938791906;0.5730467428773697;0.610343065613745
0.17397522221228778;0.11093962906931898;0.28040878072656983
0.14674017266371175;0.9300014816169965;0.7476871087543303
0.4692659713649826;0.633103055766884;0.5062720025264675
0.4482706681157259;0.719224445954313;0.959944354429
0.034320619079308834;0.5270496748142435;0.25215964823472203
0.5327147380111378;0.9664079264974152;0.5741004911388962
0.022725997472131;0.8282970635708293;0.7309181716836094
0.7711401258273456;0.9368437421782345;0.535970386979633
0.3427911584814576;0.598040581972901;0.46173501238279324
0.7649470046685957;0.8986305715821338;0.7237548955342821
0.7031841201199007;0.9504994389277094;0.09939275242767598
0.9003473715766761;0.4612225267500839;0.3387881685392454
0.613943582150376;0.9732009262364404;0.3881197294575933
0.41465999165123657;0.892103700704626;0.3090350549213634
0.6831731638917229;0.9932028114707017;0.9916258113615618
0.16740365661667234;0.2543772212131503;0.9920958889959317
0.440822925701683;0.0055708883427815215;0.6691688779095676
0.37354982584962937;0.8286101410359745;0.8986276426674652
0.01939010984976186;0.1323217598991675;0.43080499667492256
0.060675022862969996;0.9693454935906222;0.45653279010869396
0.04226312515108632;0.7609241280924719;0.8747865691037394
0.7207706115661467;0.10980366478039683;0.7545092521091179
0.740609316907634;0.3578703461042333;0.5714282976140429
0.5937088532988478;0.5698037320560272;0.7800347070179801
0.01711232155467557;0.2620202626528352;0.21781014186140601
0.28877547863578434;0.7548329859995124;0.7908623048878183
0.977776034141637;0.026799426435953566;0.6577359165230191
0.11024675635922854;0.8208220588780637;0.06112298396363247
0.6289587856288216;0.7332993649586863;0.2177097712175805
0.4022933836839514;0.848844870904891;0.6104367137358293
0.40250753448475707;0.4910514063664201;0.11674111456397962
0.41473274878851984;0.02336696020399387;0.3651809131560112
0.4715306172454822;0.1014823975415986;0.5245806214355266
0.7202603510618856;0.06116596103059502;0.09999430426143885
0.9272089348002636;0.3844206588797303;0.8903780902432904
0.9174219239879673;0.5649009913008856;0.9759996707944691
0.7979679954146879;0.40816377240628854;0.45237710071815596
0.8357126905359022;0.017422936193469796;0.30825366924111597
0.7090748383495017;0.8346855612115016;0.31408543743640227
0.1439072117141671;0.46712749889031246;0.2561279193500874
0.1777857068084182;0.39610034829691043;0.07219444960334898
0.7818212308573853;0.8078234020640828;0.5001106648963466
0.7631496601959724;0.7097658371671356;0.8726528128171015
0.8165967743050324;0.9381555536414382;0.9025524665218875
0.7457628805261782;0.28348239935000064;0.28124640613947316
0.3641289079723663;0.3365142159088965;0.18032560166199818
0.03352065469256538;0.03427446796031641;0.22022748636440326
0.847188118175857;0.40882183733913857;0.202774858957256
0.9380503333976243;0.17312350094100193;0.6766631367838619
0.797142336838136;0.3205415840723499;0.09483232334500102
0.35552936587703965;0.6473591421450147;0.18340081070754766
0.8228180627544295;0.10643419919892938;0.41762323261092704
0.04164194796208309;0.08348447945197623;0.214097863095005
0.23434123404874607;0.3183271971042325;0.08082000299581849
0.13684414858507765;0.6933220257555449;0.5176260392434401
0.34014001159481444;0.9475866852222717;0.6291691557759441
0.34354705539952535;0.38382187358573483;0.4338645924746306
0.6829483243440834;0.19391783886560066;0.22452869171621437
0.006640329014158564;0.3968571585227836;0.11994431562614294
0.7430474094626813;0.4112580623750842;0.168103558222352
0.9664185010497572;0.6422730333641282;0.5027816826031696
0.5138164920856653;0.5019811326691587;0.6659217666218552
0.17534333541236702;0.22043522109320912;0.04474455115632936
0.39258962027720723;0.3026566690456629;0.8773395149141555
0.8608479546312723;0.998987121359704;0.5055555251459
0.12356202395317661;0.8479934337763194;0.7006032148727437
0.3390536727916711;0.6594711116783737;0.8944463051898041
0.6047474088493694;0.04288279529877803;0.7200888494341968
0.32482254388222487;0.7285058086529786;0.04661701087034664
0.30767420730385187;0.7703780756004911;0.3133277087444212
0.43624192549383445;0.4146223145439052;0.9334391303115556
0.8413291936910801;0.9071596968522886;0.18135633703949916
0.35758189092297954;0.5171605110573496;0.46111662364333894
0.16060597123184095;0.47627926417166533;0.3735506209981222
0.8566542933116467;0.18300921635445322;0.6844983851751136
0.6949340194835735;0.9328208973661571;0.21487734006159886
0.7797814130725954;0.3420210590339391;0.8840147968550496
0.14521191847044812;0.024374860584793545;0.21747229181911176
0.7305685858446027;0.3562020155477247;0.9736749666965839
0.3234241013285344;0.1520842060842108;0.9317341616068676
0.474602558682377;0.7799616346640493;0.26793360904766284
0.8306500487737387;0.39216253964616665;0.003540742358196569
0.5961516333919008;0.8024671038637132;0.36743054000111497
0.8908794097748932;0.13249826528862263;0.5945458836550462
0.8817796664790689;0.24189409498028025;0.9632375903709132
0.017183602604436743;0.08658410575163522;0.8119873436404924
0.9656473006638184;0.5536740663351968;0.08215874704963999
0.64972523924642;0.6119587536626794;0.8179852890262043
0.6325678919953065;0.33718004120725953;0.2445910857774698
0.20220568917172765;0.5165983501029079;0.5648014781895798
0.21290042153747324;0.24380424075488927;0.5858848246647114
0.44642562048357093;0.9641848369337929;0.014448932373506751
0.8095265860369069;0.35993603213079994;0.5613831733949392
0.1943555094817796;0.2797620238195261;0.6079180991901524
0.8672802799646209;0.5101210812511284;0.6656417174141308
0.660171364649453;0.9990618691774411;0.31816296908953456
0.6938342171804686;0.43368731430838636;0.31727831349365554
0.050236536670256404;0.2255245852588308;0.25366172708822765
0.24679939274742058;0.7475430888646944;0.9612860418733392
0.8007952506623378;0.984020789018876;0.9155980008848166
0.08083010553183012;0.10390891433354033;0.9359664584018483
0.724468004343227;0.8841810411533487;0.06941594288239317
0.8776000225252787;0.5519405327777589;0.6934068365511531
0.09624027722152872;0.4535586378061788;0.7890838360496093
0.6227937439192744;0.47990027376061795;0.9862559437333462
0.9602526386301231;0.9231467665161864;0.8159936138392239
0.5141904789557162;0.8345639883877249;0.7606833942197658
0.5126030775284894;0.3296157841451063;0.7287779599368092
0.40254492084505766;0.14449680092821593;0.7226696231371363
0.8931383443964801;0.39877572023680596;0.922891865923887
0.9175192023497725;0.20181161839525608;0.24307639022055072
0.9430141302335815;0.02493975447162955;0.9781947451276776
0.7549830016819403;0.011031518218465042;0.17464905932394115
0.690603958866642;0.8147367572420494;0.9098224257253569
0.5227006375478547;0.9129786877351407;0.3508627099486923
0.12430650202745586;0.09614072155596776;0.8733883813436644
0.7732432421785147;0.19826575912427902;0.715362157453052
0.13075797253894206;0.1552134628048324;0.9617065589345039
0.9811644522510214;0.334021513997784;0.12759908701602218
0.6614591715444675;0.8447083528869748;0.9063320845102714
0.8966180165341892;0.9224456503808746;0.44952933744461454
0.026551444878297636;0.07449407730342672;0.690715791727987
0.9630222714649592;0.1331237434800926;0.36506490692238425
0.6474688757960831;0.15142670302577965;0.7027745855083258
0.48596381361260854;0.2703858482214513;0.8344982608328704
0.3280798181817044;0.3749077591488279;0.23386100362595175
0.2491098475403669;0.8717867174117849;0.9212487545421111
0.09367519160119664;0.9446833156763123;0.5870143791654477
0.08757599049055476;0.7956280355736585;0.679030758765931
0.8448645424860559;0.01831657231045114;0.6429437793482945
0.4154660931385221;0.1832808690158797;0.6411173668018615
0.7909865978314385;0.7401825263661499;0.46868961671293274
0.02264746138679241;0.5522995078593329;0.6227408512305448
0.4084705772960341;0.17976794603003288;0.6506642741149185
0.4975201024450203;0.6514834570711174;0.30700003473573734
0.790439042740426;0.33997197396990386;0.3154517808070022
0.6391310655905446;0.5700293029998543;0.6030516048297353
0.7553822541552973;0.5901952823394364;0.5258678830818029
0.6525033896795629;0.414610501250532;0.5259653680916256
0.33165011714296866;0.3174201505156772;0.28087688122430154
0.005033123993937072;0.9499475851162387;0.1050557818411959
0.03493943544301714;0.8347089716011366;0.37221590582228814
0.3001994050306712;0.9000390803745333;0.0018466644802200838
0.4212184102277722;0.2891626271037142;0.33442958590462724
0.5142482003183536;0.5499964143687925;0.7677217462051203
0.07447539762454625;0.495147092527235;0.8432872816129283
0.8999011372106125;0.10396887106500219;0.9792555932477506
0.3856527117292584;0.6323581324436959;0.25656855230899234
0.05210490034873738;0.07362952033626569;0.9636874448929815
0.028279011904444373;0.5273894778019972;0.24091284541299074
0.7562864731557065;0.01970062997093147;0.9425422915223943
0.6171079421155571;0.10079914366529796;0.7587956557481644
0.38439667729569993;0.3961376178516304;0.4892636459187977
0.7296694569515286;0.737019212386463;0.6135376303317828
0.9799718534874925;0.6093289631312078;0.05753792499392785
0.8018826139362771;0.015890925778836995;0.951935085189609
0.2876846042169292;0.9881423552934117;0.5632122856203243
0.6537411674982206;0.3057149431845645;0.13333177471426072
0.9447877701715208;0.15194634670351315;0.5190753284305454
0.5117161459484814;0.45379189614203685;0.01876467172097207
0.22072542957513264;0.8109103578999489;0.9755819335782402
0.4653912269919718;0.3289320099352774;0.9792585224692316
0.5393832235327316;0.134234336497139;0.7659900580028544
0.8510325257692208;0.17534603610527344;0.8893881472240267
0.5168312258283112;0.896035554379541;0.7204627648996451
0.28039565071374695;0.6067457028979193;0.6497106010889646
0.5322215634156382;0.7121923945560646;0.059587793461814864
0.9562289792436731;0.9989540268645053;0.8365789091632108
0.690949460036093;0.04871715634416607;0.4520184345339433
0.11929497280298773;0.012494573734346592;0.6509483424867211
0.09433387459519449;0.8760224362985696;0.8578210444209875
0.035199269881922235;0.06462287851299064;0.5864297396875638
0.5967817570887471;0.200866606333727;0.8144136002117164
0.6290244506986727;0.4692489906202877;0.7819994504689936
0.34256163780446636;0.21201609496911822;0.1783696350629651
0.5347422467575494;0.24530171483677843;0.07633825475935652
0.46967194550388136;0.6602423126802671;0.5136731364390377
0.5258632474693938;0.4687013123432223;0.9098104191786884
0.015982362195218536;0.29144978903155705;0.528523221357728
0.014448544513711137;0.26701393333011636;0.1587937505030632
0.09610411635110705;0.2459849116014382;0.8920835006365022
0.3806947308750772;0.24172890425793436;0.05245791309487835
0.64983689420857;0.40659490149399924;0.746386772840754
0.3418270733409019;0.976718287866528;0.31378764995275576
0.5241914553747412;0.24740745806613362;0.12102388347244375
0.36750867383734154;0.434596336882923;0.21759549135174072
0.7987217689689351;0.8844769337758834;0.3685643349198855
0.901719115113405;0.8648622754772624;0.2761105664242768
0.6205828570395509;0.20855630446840967;0.5549192000790755
0.24785451232836697;0.0554584617496402;0.18585113582133617
0.8128200010707208;0.13943983558446804;0.45416946311800055
0.06951030125938729;0.4483836628372636;0.24089362387277213
0.1456154769162863;0.3613411742310083;0.28245131756828956
0.6119600048671014;0.18855147939863826;0.07711697446853782
0.2871169573363238;0.5436571195313651;0.7628342724971958
0.9146741916398371;0.5714847219962208;0.8221385170450773
0.3035562629719303;0.9909055305427181;0.486413844994505
0.05498754271488293;0.5294927523378691;0.3927920794829103
0.8223102034056871;0.14482880116079355;0.6977816220384125
0.6446811245758497;0.9206640451228368;0.9690308588238126
0.7008461740496128;0.7783606948833854;0.348028360826493
0.2899082307522374;0.11179196836082006;0.28258457588029606
0.9773812256287304;0.9011838911786387;0.20414766876069823
0.050259464541839494;0.7275084818221006;0.8011165629177915
0.2137112043710725;0.4175495766597027;0.8514489118752224
0.2847122533585972;0.26963591756809135;0.22491003054785363
0.8830329838173662;0.6782548344843696;0.8468782798427157
0.9148145811612081;0.802786329854793;0.5280900650510758
0.2216813119261215;0.3378515993565524;0.8177694900099785
0.38779817803164973;0.5280401624605303;0.1502157188355836
0.5882353024308863;0.558387446497925;0.9582791104949832
0.23926398565987028;0.7802449696328284;0.11349813680390652
0.9935226447493131;0.8463585888836382;0.9029050004285173
0.6367598585315203;0.9471484112515132;0.39319708577323864
0.6546763528980338;0.5968388905600953;0.3489197753381359
0.25073281497430155;0.08264601739846977;0.24746025237059732
0.7150129830470446;0.7402120699850054;0.4309270222939856
0.4156971365982003;0.024425577911190266;0.09725509727324222
0.3206097425934744;0.8957608785257111;0.1463578223800155
0.6054473206451112;0.3574540747426981;0.31741289398716677
0.6111547339286307;0.8459024456992785;0.8942166969240561
0.5845937312931494;0.4090943608322183;0.5462100547903028
0.4967816117167473;0.8081881736702811;0.006054628135860773
0.6475581420446352;0.4145673256274769;0.4141432869617151
0.4908287477184854;0.003162279311847316;0.5517584732670228
0.24507878480130596;0.7619445783769548;0.8957760091405292
0.19034086291927443;0.9766193469610169;0.30740336698320514
0.9565597850054004;0.3520825548423765;0.017127507150126564
0.04685583838007301;0.8639073333543416;0.977986464581101
0.9322593388995051;0.44203349152192173;0.4914010516027708
0.5316074087806086;0.9497679233163248;0.5357041554049529
0.6927745718299446;0.8725816638190483;0.867695203671912
0.5192835128184848;0.13025819908176017;0.48213046398226056
0.6976717100203581;0.22896053924285442;0.9700836012216596
0.3655319065535534;0.8546029592034713;0.18627067632919403
0.3709358895071363;0.6383401317044091;0.35397985607139415
0.8412269489001662;0.6720974167545636;0.08286383720296675
0.889963189764781;0.8480045260376387;0.5957526413818072
0.5532182330816576;0.9662560331826838;0.8396030550797218
0.9322057592773606;0.6295459792836491;0.5086369701350326
0.1987894042733095;0.8874258970283128;0.8566873507883074
0.8276647482605941;0.8436226006787441;0.1806812827948744
0.5409610704740532;0.43432653679578614;0.8517183782570845
0.5669316939146182;0.36282252180910657;0.7686118862677505
0.5199489401297448;0.6643823831264172;0.12276583054304746
0.07260356319541061;0.26815079772341466;0.011802231444848377
0.8898185254463948;0.8995452167398061;0.9449880330908862
0.7422257825190002;0.579118760495949;0.7799785133197674
0.29695315381244236;0.5466218269413766;0.9444108661761523
0.7742759645738176;0.4950812215714031;0.8659149091927633
0.9578224367833231;0.7402432209965822;0.6138273726247316
0.17612020969560782;0.89250825849642;0.7688763610529279
0.5271597766480801;0.5132740837694426;0.3855956124841101
0.9672105080355564;0.407601663564396;0.04451112276028446
0.08129450387136261;0.05914814446504235;0.5498966862691784
0.641285874628419;0.44647547789935194;0.5853417195598523
0.3584582286854041;0.182434584994284;0.6064749325527626
0.6855754772733246;0.4632892368502479;0.3576125289024079
0.5987771040031489;0.9694326761444509;0.352431999240455
0.8314777911726919;0.5650038200861444;0.5199151602208658
0.4560792678620098;0.03421008058338593;0.06715732843553246
0.3806464153319111;0.28878676211788634;0.058741555417339164
0.37524448322832693;0.22404041838664668;0.0711515570739405
0.8747644460904307;0.3797412656633655;0.3208966520100416
0.2871472407300386;0.6543248862836841;0.39302598645567455
0.28573061787068676;0.006787816625485998;0.5283086966519418
0.38627325787667965;0.4368717336435829;0.03618132937504315
0.5820155011132598;0.8011233706370552;0.6661360046918897
0.15100490900590802;0.30394638005252916;0.10174677665894272
0.5481397775266698;0.10731595496044732;0.6218453609051452
0.48528129737380177;0.3287949968931043;0.690981024221338
0.5613542942483527;0.6657788495573704;0.9076165589120258
0.8119706814271185;0.915610948153151;0.4711817999961234
0.5250834715834495;0.9156496418704206;0.8311456707155227
0.3760570581294267;0.9282809963822691;0.6495915783021365
0.6142500464811974;0.07113092543005217;0.23480484911919808
0.4953244101535996;0.4611658221326155;0.7531265256404069
0.31399451298465775;0.5889326604336766;0.7867975015654303
0.8730095798231257;0.49970455891312293;0.16780902351964444
0.21708628593063528;0.19810168859399224;0.5616629559989476
0.25374577039264357;0.7649759954476562;0.95900813768572
0.7624893057030326;0.9527374150060922;0.7299734070611623
0.5059264043569299;0.9030380820832238;0.8683373059864494
0.808500713590698;0.05988493185262933;0.36049129039585504
0.07988394833478707;0.07146966042691172;0.8411134661462815
0.8839253174378867;0.10780080088061961;0.7126385012091965
0.7864858281983705;0.38984713279032523;0.32594004751702077
0.23473679733854347;0.358156432485103;0.491421895233496
0.6158345360849751;0.44057057493835183;0.34857291332853324
0.4946230714111933;0.8571916847446811;0.7685447508544626
0.6660796669843363;0.6256959293746667;0.14509147849687676
0.0012519762907073906;0.07131605774055816;0.8777125877634707
0.10557274681604767;0.34923311570986815;0.6011581560029209
0.6270903522586466;0.4007439741389429;0.5468580782473326
0.48291117349592816;0.23308107882464557;0.21580397108321192
0.027764874914963378;0.04384139124336284;0.2587197481107566
0.3797405475030776;0.9943242130211057;0.5571564300926134
0.5419640550763372;0.5923616443068204;0.42121320503961823
0.35399238783489695;0.8791169460519177;0.4742595087842627
0.43143278403108976;0.7136241901384706;0.08438441043999156
0.004507050004228796;0.5939247717499897;0.5656974622400297
0.018251866565672348;0.022794196050136772;0.7842109382512057
0.40326042740961765;0.19967845966033593;0.1626562597964557
0.6557894339306214;0.9498003018789979;0.2610730993686956
0.900476361356442;0.26875172620804166;0.28434563159735615
0.1878002786702433;0.1331953186128505;0.32322434669298206
0.8462613875644949;0.09412349365498973;0.6706485387881913
0.42135037591879165;0.7514760664915149;0.4711719500528041
0.9471638050036041;0.4993351103184255;0.27544053266326474
0.583749983833011;0.5035237355893541;0.49860654142591676
0.20306556963126754;0.20171572791168246;0.454757250945371
0.09487014262632543;0.9880948093518234;0.811565164607265
0.7643159696367143;0.13839467896176127;0.798299931605064
0.4559016382411738;0.4383151623004886;0.29770525249201785
0.534388494667012;0.35764034596583216;0.3462644320666004
0.07245236249546005;0.595554694338019;0.3482097513942769
0.059773880032574334;0.22941744158622301;0.5376847614145164
0.43584555575106354;0.6111169835392287;0.678742554957194
0.12367222771042807;0.2696965959797527;0.5154975928602887
0.9150591659047276;0.612946785664107;0.6218030788800033
0.7155014933023307;0.9410258825363282;0.021652109164561617
0.5059094587192958;0.2897594052671374;0.8356057808839324
0.3362215280698463;0.42944468119634494;0.8579937039305937
0.5742701268367;0.5084413797549768;0.8787688153678267
0.6605428158656296;0.8586096795175836;0.8432834940652307
0.8722743112362049;0.28221365352850636;0.7898635485835633
0.7353641024570282;0.9586529152275063;0.2354490080137016
0.9810335930884488;0.7076464210041048;0.685474689077678
0.5440243353373032;0.2410412863334238;0.7614986540523088
0.8424946747235728;0.8209547059910661;0.9003622043454161
0.6668839843488503;0.6138991675426108;0.37543629028017567
0.10079736443532261;0.27700225193723693;0.4794873508566905
0.7923695386440744;0.9752350424438992;0.06444867868428672
0.28519279440379597;0.29380303928784557;0.11843476835030775
0.2117783148180915;0.4636537570212447;0.7482299722264824
0.5949667897883785;0.9421579011644626;0.2939090060074221
0.03435837726883317;0.4748625546688481;0.786802513250918
0.6172180213357509;0.6142272172989249;0.4487674804333963
0.12575864901064437;0.8480988092690065;0.25734244884007085
0.5229639823546413;0.7714563215862427;0.8153774206160718
0.5880377924916393;0.5043845491125177;0.2668153330860824
0.21068624287360982;0.3750675645254661;0.29357331583053936
0.10751684098702952;0.134255754040855;0.1735320607153753
0.3131337633851756;0.710749766005712;0.3003133295639214
0.2582998047232564;0.3991992659054743;0.6948593769099511
0.8475902625694033;0.7332882351323234;0.46615059711106266
0.060758194412961264;0.8538064218712543;0.6814903863902566
0.19583536115546007;0.34086293244893173;0.05996375755301675
0.700909621766507;0.4895851429865181;0.06185653259409196
0.21223286720167578;0.1820323884097823;0.5874156315989265
0.5598249376436084;0.5792226706939799;0.10656653982538933
0.019460319619537647;0.352882267226857;0.5243656593248982
0.24654176598508526;0.32187047255671764;0.9134519476148948
0.7683562482881264;0.2722864784899399;0.023740406906277878
0.8378243264232914;0.350804546879534;0.09666359050244167
0.316490254944104;0.06166886233666147;0.13509389950481854
0.057625426784745803;0.3496925670748747;0.3382928589288857
0.4311380676858718;0.22512715659229476;0.5800951241830102
0.19499575723736906;0.4454381192983625;0.008509958865460021
0.06360231194569921;0.2714406961359447;0.024488747386402276
0.34070650682534775;0.15865082977498712;0.4238606944336868
0.3659610508305893;0.1382888526190864;0.6889258879769977
0.6417401715875453;0.828503649284439;0.7943544175988241
0.1559319750855892;0.8418263887362236;0.2646299953726611
0.4103786720906012;0.15916721642901;0.5120331275555515
0.12236582730226198;0.22305916340774679;0.6359489023518986
0.45631526042296056;0.3572950967262952;0.7358790664523306
0.7626382764519927;0.9147258625542971;0.8804498721723932
0.6884621189171193;0.6964972493413079;0.231619482582479
0.6464231979323491;0.487059286958608;0.14841100706819488
0.16746766762894505;0.7999799570523645;0.14981935846889438
0.21766171842595228;0.9765624923444444;0.5353792997311814
0.3109373043198712;0.8699572358763457;0.7304289296821667
0.5215058991392201;0.9815728041129352;0.6716558425124701
0.8487636798606888;0.10162367499200153;0.7698409517422723
0.6761672137156005;0.287298934381371;0.4155620077376868
0.9367224624477972;0.8738343766925378;0.4653837729472703
0.8943152332371418;0.416965668386743;0.8649590810155257
0.7485053995052229;0.7848769441454317;0.09199693272489273
0.37338924657437633;0.10219014597605935;0.047782926435332884
0.02730659881429176;0.750846885236547;0.4038745372769377
0.18999054804329962;0.8546965460286521;0.8168618140311219
0.797397454647863;0.8276442001079583;0.7431413804690717
0.7006172854261874;0.6225041688130315;0.9650353032266243
0.6104424311108799;0.30756871879460457;0.6220982195227249
0.0033977979600436914;0.8542948191027755;0.8992191330210285
0.8789690237961431;0.7322009469837681;0.44620197080497725
0.46638000174418115;0.4359235578534747;0.8301837475343364
0.1110555252905373;0.6555487724066498;0.3592793241180531
0.36226408532176235;0.6437795466742708;0.746860850014061
0.585968087217544;0.03268051936421679;0.6614325293088794
0.7185835467067622;0.9628856089841458;0.2472157462099176
0.09977731149043512;0.8073641649282796;0.7259935857734661
0.6641286107305792;0.5079698214905277;0.82887321324226
0.6837031263153093;0.161774724844592;0.1821158943743999
0.327088598121935;0.3111932634740905;0.1672447497862486
0.8298592306947793;0.3316037739319524;0.8168757398148597
0.4179804421313503;0.6613751324686522;0.3837002819590084
0.7557549284926306;0.4330381570437787;0.0031117055250887704
0.6965893264960794;0.8079143351561353;0.026358841335078154
0.1821687004257565;0.06644715094977671;0.5484924430713655
0.4179778712478701;0.8680735887892616;0.7082803865363534
0.32430077846754946;0.23991314208773307;0.9527908056284597
0.9070163499406458;0.8647217407065718;0.6371355050690726
0.032761607403487436;0.4236985631079616;0.38494860289957067
0.042776082566694185;0.023599509725751533;0.31270482528884513
0.9674456795503739;0.7129674783860744;0.5444311043964541
0.9361506547560537;0.47376949923512457;0.5596171965840473
0.18329651674694925;0.32359244262082065;0.4985768079339775
0.059538263329214414;0.40400271262897514;0.5817451490333766
0.11130827820958811;0.19748731212561754;0.2243344966321651
0.9528271946720455;0.40294244934846;0.7043074483852332
0.16163499815718885;0.6907206035220086;0.5377728851889091
0.03399946725539238;0.9824750298449787;0.006438811401858424
0.9402820925601743;0.21793182155981317;0.4233524205171443
0.2064102084968643;0.9413527534352293;0.30490512194647745
0.16224122116577988;0.6810436259599104;0.12423695377197985
0.1921172311669419;0.276987669841974;0.6562686825768389
0.565845101825184;0.11164076451251503;0.622568197489176
0.20927572310358677;0.9612305414734948;0.9833064050076968
0.46896143341875585;0.750842344817217;0.6651116897710667
0.33103545126513434;0.11758979697117622;0.05950803704624086
0.054000071549379025;0.8843919271872576;0.9468711575400054
0.9709815697636217;0.2655201186543473;0.1750133664529251
0.7518146349266114;0.7567553890861066;0.48124206863267915
0.3955932936678732;0.7498239814627161;0.2612772814827333
0.13182670935707563;0.9414657424980205;0.6463168743060282
0.828710445488812;0.724833505479665;0.3780693096936395
0.7904315241439451;0.05774106021486669;0.8678225262422209
0.5900180603546813;0.7127175030319545;0.9601929456143771
0.9277839600263712;0.9959782850946649;0.6404599319911347
0.8552436824162495;0.5207250255222137;0.346540843076115
0.3952701002763912;0.0983713561353976;0.6972217980134991
0.3507815024815528;0.8516196487993775;0.19899698408902922
0.035661598896059576;0.5974869510394969;0.38168198948091614
0.1938349380249632;0.9695516051288937;0.3933510091720249
0.8020123730881397;0.5830820071288689;0.7559869151241271
0.9179773284223018;0.8952013229781511;0.7493409340963247
0.17766597663031336;0.23719048334487114;0.13555566017128706
0.540483050755297;0.44217690204037363;0.9613509610125106
0.4726568162580207;0.5220067568842017;0.8182680299171807
0.9657412376618615;0.30088707132056325;0.759573620456073
0.40095073265080183;0.7929280207039286;0.2542801605242091
0.5994515713673172;0.8694333252628076;0.8904021022511295
0.6221784339044706;0.27878378762052625;0.5385096622572983
0.588697708312186;0.12677881178799277;0.0980160841010026
0.7851108422722611;0.8371619099504797;0.4552446102017005
0.1577167738718266;0.3851459613348246;0.5459033548051926
0.07512231083218368;0.06712962782914256;0.9444321233043731
0.19235322366829888;0.6143340805911827;0.455969854713669
0.7463791791090281;0.5662846912739053;0.9709752877619445
0.5072816669040835;0.3933441031756034;0.8977783861299764
0.5311048114412833;0.740073292523623;0.5256519241385962
0.21696711173182037;0.40369514634398596;0.6661160064986528
0.7091715447292182;0.13991025110608313;0.6503477884448313
0.06073373023439388;0.009825894497167753;0.2045419314721485
0.7842310273919465;0.5282802093150053;0.11841729624712183
0.537476670722464;0.7413046982203444;0.18600450081598974
0.9646157300447313;0.2647407019835424;0.901495299493822
0.353071172250064;0.9994893317285264;0.004286925626948879
0.37507621255277535;0.8350792169372081;0.19386892671503897
0.9372085326742814;0.7156280768418593;0.326794842657566
0.693520162740581;0.05193878485214565;0.676942309358314
0.18844824136963423;0.6816041534769512;0.35156329081852666
0.8596382824623485;0.8971095231794912;0.16214716887409963
0.07859609854569549;0.011831624759826465;0.7038400809244842
0.21462525588457015;0.346164266381334;0.5642264826097322
0.5721586973655508;0.7675229613013643;0.6549010359263745
0.4061918782467919;0.2066281197160964;0.9066901555134411
0.522478790500515;0.8657252864659362;0.6581563792992963
0.7357140245236794;0.6465170265626029;0.07447755821845614
0.296384904516074;0.8361228301355792;0.8628222091156296
0.6361379667929683;0.8244260629648495;0.9685075172789265
0.2629921503234046;0.8401652401007207;0.3733707009962922
0.7848335744443975;0.9256410915295414;0.06283822504919967
0.03395947117936349;0.6524009482071106;0.9289958479200727
0.21016256627342922;0.6051841409455206;0.8398341251613993
0.7011953292841666;0.6671990738150856;0.2079306416039599
0.3769203839110754;0.6449777705590913;0.07960839751960602
0.6970481607358973;0.30395581710385977;0.8982194023180777
0.5198058739898831;0.5267651536977802;0.2419734468236927
0.018967223933091137;0.09790176673837492;0.38999126727988853
0.9403210035549773;0.5237344934322211;0.5291523906130862
0.057763727688200595;0.8093958065627487;0.8390702474784546
0.9430266634353482;0.6516911494918;0.11797484233094113
0.985706887826009;0.014164484358757057;0.21740746330667116
0.8207530926315506;0.43535018889986976;0.511567459819095
0.034406006102646325;0.7445854373466955;0.3909753895991328
0.4408491685343454;0.15760030985123907;0.8189141352909418
0.336496478133944;0.2921384082731694;0.5935948198666767
0.44521047326375385;0.38963387242608283;0.36726698210773034
0.7896246953739483;0.24318352857319403;0.4661121578323201
0.9038332104538717;0.5120439317666096;0.7533313851860212
0.39812867120030937;0.06408455185180317;0.4963002325802497
0.2127821760568942;0.06927419933532875;0.7671897271144056
0.5110952899645809;0.5382044103278316;0.317845931082297
0.5147739883647352;0.5548641645739726;0.6825893529312915
0.3955175830268537;0.799785667157029;0.3910008085990143
0.6365928364635521;0.9413660584234615;0.9812950335205005
0.1467340302601905;0.8151393638864763;0.2970956927211452
0.9200627595204864;0.045178841701012606;0.5759433802595253
0.09019892219327519;0.5955255021790186;0.05068938489029129
0.751303414993726;0.48272810416520007;0.8164126926801981
0.05972462498456943;0.5549891359006982;0.9447518018644189
0.2248935221766032;0.10958552975622982;0.7894308145829256
0.5439792510665007;0.7423367257696711;0.5932043842487159
0.3796841043676429;0.6910239795941312;0.8444552148603562
0.5770828831454115;0.6896175311680679;0.4894163607268034
0.37029045877959554;0.7915230890907341;0.24432068269336238
0.30518924542630155;0.9883351392251576;0.49737713999234157
0.9094235942214948;5.825679785076421e-05;0.8734913920039235
0.5207904095740543;0.3082749420762112;0.19626888755252592
0.019719899314695644;0.0021796672338032508;0.08839549568676419
0.9189632427890577;0.464574559000254;0.1457287214297467
0.34403784554029593;0.9299438429117697;0.9112161591975952
0.38704177546916296;0.3016138184924366;0.754011691756566
0.9653231128057571;0.98448979819873;0.004151742473655795
0.9777030160842177;0.10096649928969925;0.938931764231646
0.9398496519796558;0.527894945501136;0.8980274398378357
0.12475032116017015;0.6177451981537329;0.8225915945749358
0.7948848780255918;0.0075517500098531976;0.7623293480936395
0.8689829017216376;0.927237792473469;0.3219315449180111
0.9500832685036074;0.41296518507762436;0.5966798342874959
0.19860040377858457;0.9899408277592885;0.30780990283203924
0.4022750784320738;0.6364707163316682;0.7506228042080177
0.9042270796629822;0.037466774506328404;0.9704987588763283
0.7329825209783858;0.8971251460626535;0.9344586532539448
0.3473534164894374;0.6725176117944055;0.5971242876802131
0.024743777763741814;0.3377885113245279;0.9058284701734076
0.40967935303796554;0.6268161404826467;0.2534842379823501
0.9281128692818588;0.05815536266313304;0.8693060741715675
0.738171362974785;0.5289270478208153;0.21049345913639006
0.8138148632706959;0.624839258767392;0.9714522783461784
0.3836107990783195;0.3671097185063692;0.958578652867076
0.6591985218028836;0.235043265786691;0.6601326786032529
0.9156849052553141;0.9178332125916469;0.12249575469802476
0.8305035993779045;0.7875160820123551;0.3416773312962643
0.8078296168998803;0.9661667074773752;0.48502781490984603
0.7181929428011395;0.7499609602764895;0.8054040587370541
0.6108000333532573;0.2638114185238165;0.12442185335359346
0.9060968777967158;0.7737797864066104;0.33962749260318614
0.7696260979156345;0.21730607231000154;0.7856186449508005
0.24758761860782397;0.2672455184187814;0.42599712427549885
0.6589495268678062;0.5103211718918876;0.7905574430279214
0.6878327772407778;0.3761612619507252;0.6209128825845334
0.5793924923106548;0.29996553880140153;0.25868716868100705
0.2735648241235734;0.5292756217868158;0.16725287842532177
0.6760366916453897;0.39438587535054515;0.2043669206967379
0.3646537258960195;0.2690110000616225;0.004616959040879887
0.3267086072758313;0.8849865222027984;0.02808978980921828
0.8076743070054687;0.9842942614951017;0.9940113673793572
0.5612147481616349;0.43773743866852954;0.6142453299813567
0.46353197642762245;0.5039156407372178;0.15255426063771038
0.3700838899545955;0.6077036237756277;0.5809788369342953
0.8983271493148801;0.263075650742258;0.6997250850822899
0.7169009566564123;0.3402121708125566;0.4868085456063753
0.23420146743611292;0.5718485871896861;0.8838396727015463
0.14340506370757733;0.5628275898711801;0.5711639811187469
0.5877953880506515;0.2814113505142677;0.8657246545445698
0.641809347996638;0.145661278953094;0.3730699367880106
0.8246140336789815;0.6149004913397759;0.7130381488124862
0.19251103510132395;0.018194305047733894;0.23536837458079418
0.3994140943983917;0.7507351605372634;0.8837589961215939
0.32830424493072363;0.1243029405933529;0.5977240686911524
0.07245548518091727;0.9596686044753998;0.2571206534463928
0.8374408855956101;0.8615230300274489;0.4921535787894553
0.314523333847323;0.34357843298645796;0.10314151716857523
0.393331502537159;0.7743481354361642;0.0781826291283163
0.5685206000725201;0.10281614135920436;0.24462411145915808
0.6797233692403685;0.11364548793797014;0.21102008527653593
0.31815456467468883;0.13592299391827645;0.9581220166618535
0.31539318378436565;0.11188759524372038;0.5616468534852376
0.8700536509954098;0.4182470638896738;0.5734789975803124
0.8870929560501579;0.7131219392296051;0.05012203765444878
0.8944997959162797;0.47131644844678455;0.6652140899903356
0.3225375262758633;0.8757248044360783;0.48825918909816113
0.9956252257889319;0.9028405423174601;0.17907950534778683
0.35564556657510793;0.4289534307837519;0.4275671876085051
0.8263840635624501;0.2772971159114519;0.1087111396831878
0.8851847083280525;0.7214004919813194;0.3078832120645252
0.9333311428020805;0.56864794467899;0.5213188718622014
0.537952933437424;0.5679212637433352;0.5710823709203203
0.0172278252433965;0.36284824447266106;0.13104003126016706
0.5379716150239485;0.9790009285660325;0.8065259797115987
0.7360645006573213;0.12507267701285674;0.8185218162756243
0.9489375353289503;0.5550781963512538;0.1325587247207971
0.6223194956418002;0.0763367666493201;0.6099359084950603
0.6089311596260327;0.9618071537632659;0.01824839551972901
0.3651573969305193;0.3674252473562609;0.8384506930246542
0.8858474797551118;0.6640500127527823;0.41693931194584954
0.46300081993118225;0.09812751174973544;0.24314977991373454
0.8283599123108911;0.4136307820210764;0.8318757145081227
0.2630853145013823;0.34779614856854824;0.9121257130498333
0.02344756884514143;0.20419946363209474;0.7808560355216294
0.41707360517347714;0.629263484142382;0.9729023013839544
0.4750754977329176;0.5371689871081119;0.72099350693892
0.7442903014832917;0.22691033498364155;0.774023315567978
0.6671727533039256;0.5223064486360945;0.020493264379183307
0.45850714100425427;0.03355575790759935;0.5316674655791926
0.522543834763384;0.9861324735646259;0.8417108570880404
0.6805403530046404;0.6696392437879756;0.062401132103097945
0.18861213049600045;0.6584862814908078;0.11569717551903169
0.4767320414533911;0.3430224000653084;0.5523890045254567
0.6297011877817527;0.12639504452949157;0.005369603991011496
0.997620049809593;0.048103557008771336;0.542303622697844
0.14965530135488803;0.752368376405635;0.1713100913068143
0.18756864558289277;0.6671662494153738;0.10512951470810694
0.991097998635807;0.8464444105106463;0.7328613113020965
0.46057816514446515;0.7235496441105593;0.7081760897473319
0.4381750162589835;0.13522540645677117;0.9447008667225096
0.7825069231182215;0.5450703908557043;0.3597170360961305
0.7163331731982753;0.856945388522155;0.6961783367994181
0.5991678095128039;0.1044709398544329;0.5241726941951952
0.7427105417968004;0.33627751560569197;0.635918468511104
0.7944664480119322;0.2665809932109727;0.2358460505305302
0.8144450225901504;0.7460854640161427;0.21342351125451786
0.0673542303031367;0.7377335305044771;0.6571777761385982
0.5281487386705161;0.8689120578550521;0.6562451650255574
0.569227597673806;0.13239854975955323;0.6144703532880154
0.6813874775348798;0.10291313037560235;0.28845256838621314
0.3672768012530333;0.9581438340429844;0.8759232414211258
0.7815279557171908;0.6764121474968918;0.06732260429097237
0.3757088882350703;0.9253281287232445;0.3904169405222361
0.5979004807294918;0.9392934098468926;0.3416192172285516
0.29829099948426296;0.7855191653025942;0.059259410481336205
0.48235621313901755;0.7405637971962437;0.1296578625887852
0.5599359264028269;0.30006895248841714;0.8523040796835508
0.2993172002168527;0.9589403960063786;0.5329060499566044
0.2849536937592462;0.9032028511631225;0.96154974411368
0.17423396350693843;0.28180800091615676;0.08427233982513582
0.044338782381522335;0.7978572941418463;0.5119875863138
0.9579139625596289;0.8964423723106053;0.609701434246112
0.4101018355284429;0.6551127265966924;0.32816455914858367
0.7047766167487481;0.8467071047862527;0.2608791141675475
0.5015539968603029;0.4267125224965693;0.24413229083712262
0.5616089971679475;0.1470049882481128;0.8232235424550477
0.8953561977557036;0.43158923143859107;0.6594478587709417
0.7432969951966694;0.3036196967811754;0.2492524818561621
0.07930888446246065;0.6895377204271382;0.42526880254577093
0.13399515992464472;0.8693324712249235;0.4839588409072658
0.1958204930186388;0.15447109593504194;0.6359352371845355
0.8958991877104665;0.4482002946742989;0.5889238427605631
0.9717000514891412;0.8084029223156131;0.07143136527612848
0.9725014320557734;0.7166495417138372;0.22781478340531502
0.6023896188645484;0.28077226498010166;0.06745920240762304
0.7796108029858017;0.11637206382037135;0.08448613978226072
0.8447462607494671;0.12324458642910585;0.4889186423000257
0.9901196841023234;0.7294215009264974;0.970348521467359
0.8283272776128262;0.030363215293209067;0.9944752538644556
0.6826037436420445;0.42266217985785026;0.18538498973107387
0.58570576585148;0.1336618911833667;0.559204478265415
0.29491996895106876;0.9220497193051739;0.08571850462991559
0.8829012270535102;0.4655420818666385;0.5503546058519356
0.8484913684518098;0.7840159973976678;0.7314133726927974
0.1259337189516253;0.3483431735817488;0.14405189645016303
0.8446518971968113;0.8613219099824234;0.429842670362251
0.7915794172131674;0.10155660000545741;0.854528341745847
0.9014431610574325;0.14359428155949194;0.2824704710769612
0.18573442196701972;0.5081073901060541;0.0758459535096403
0.9504673336852513;0.5658047863436453;0.35367657194627733
0.5027351365377328;0.1535237629846754;0.9294252419773605
0.8639744141028157;0.722858643200881;0.3251365536616009
0.7471690888632867;0.21499155279449378;0.36284007079392033
0.8133091702191035;0.6555815873032089;0.47641247382515417
0.8157341161470646;0.8557711145257084;0.42232166196746557
0.3574687525569741;0.5154503721750568;0.3261590622967041
0.3979588897369656;0.9069478796203171;0.8625541233895663
0.37284105338454965;0.31172269605704694;0.22455439828304868
0.5430057910706207;0.6145527389303496;0.930266513474421
0.921624563361733;0.10975497912240162;0.5050669384923469
0.707768687975768;0.519899743097155;0.2528729362183473
0.6174938916849457;0.5345307374262421;0.5644043894186113
0.1612269561035382;0.26561878004084505;0.5431365337081744
0.443654807660837;0.5299606392043801;0.8058432576383462
0.9818786345881597;0.7285088766359875;0.7815569295494449
0.35384486691575545;0.7240674678684542;0.11531609720316749
0.8214875591924272;0.8295787402278261;0.25160832496751406
0.6275867173910232;0.8318112915578999;0.9399806312040745
0.884502299599602;0.5508526352728115;0.46133844348981645
0.9031537569278206;0.11250470479526187;0.6925388728796964
0.4936368079510639;0.7862955107209003;0.919291237346424
0.20008106394891545;0.35294271870834437;0.8291846064693615
0.014310897639457365;0.8603919949842982;0.050052864957065846
0.6479177103699129;0.6262699818599541;0.5962237739572013
0.3907081753245778;0.6669861109847266;0.3822376634426411
0.8747592679719052;0.5448160861572146;0.40316050104942147
0.625094602309885;0.3321569742864767;0.04210044874742003
0.38511589439081373;0.6504640213272511;0.9554132418990386
0.31303061686336475;0.97984404877265;0.26938966300087785
0.39043060714105704;0.4142065139982225;0.9058012743159493
0.5537803676244681;0.7246387883794516;0.05620498029685017
0.8494916120168081;0.3188996209733941;0.35523833897729795
0.1498600723653497;0.20900805522904087;0.17274829801826042
0.4411078292640551;0.49501823506492937;0.8467041098825526
0.7848418742735374;0.6763897070903441;0.3362497753579038
0.5503264880451918;0.14334416101820302;0.521014607522822
0.45392303133875567;0.17016070593614685;0.18597310350482532
0.20586876341528626;0.5587552328538454;0.7216890166532817
0.9140362069978999;0.26170069059171774;0.038972056799052246
0.11613399429660187;0.6539687775081184;0.1405174503838238
0.6280078581608299;0.18837802230012812;0.3269894313786258
0.11911955218925796;0.29781211401455854;0.048552418435217515
0.16682707965110644;0.3720487619565048;0.8969521918793409
0.8501530883786742;0.8063104724228165;0.760380814804512
0.31028782292477786;0.5997287009293318;0.8702867386274202
0.35668779516148075;0.8931465624419788;0.6361699899325669
0.4477972382294392;0.5041321331846965;0.9256305128238476
0.13114391753637344;0.8425167824757769;0.20260587362741544
0.5194490789635388;0.08613725223220292;0.15381673600391144
0.9614040595175124;0.8409268117994437;0.7597699807803845
0.7064079292310951;0.5625422002729102;0.42052382201448
0.2530502196310812;0.3548458944485705;0.972464588971175
0.03358556861028006;0.37433077212228794;0.17594617005392155
0.28676138284938324;0.6503781982187752;0.12738744690620518
0.5987270119623832;0.5078207078445196;0.4478642990451126
0.697779839323905;0.10488419460262788;0.7051107771107722
0.18489417699803512;0.5305683488641262;0.9849024045190368
0.32379071401403436;0.3594410020555703;0.9425955542573924
0.5428978919760247;0.7175010599142734;0.5308139555510446
0.7906580089252536;0.9313751359741511;0.48327413927395213
0.2934115501732171;0.7210344613667414;0.20755647546552847
0.7204851859310553;0.3959485256166668;0.7873214594111585
0.010460769230404399;0.7899036798456388;0.2729351902026049
0.5551710705373333;0.45152672752865775;0.21220683438328036
0.12733629356866882;0.43154925780765396;0.9219240688860872
0.44779396927105897;0.8508069009606429;0.3646105870637565
0.11041860358900979;0.867501512189267;0.7153798015519037
0.955498700802461;0.924050285260671;0.1968968034118066
0.4450442000323749;0.4303119179251521;0.05796413613444917
0.35267235751099046;0.35395536259624194;0.3990290566680308
0.3178765995547571;0.3779655502102137;0.23020406368387925
0.7517658468380318;0.6380038408945831;0.80167642781812
0.5136114521310499;0.7833932818322716;0.8506083872101785
0.328367160877728;0.27400986536797856;0.6575177108397698
0.6943494596901955;0.4175415649443821;0.8008737670848862
0.14571193670222726;0.07696325206625598;0.8769425659274828
0.6786343383835586;0.1747265593136964;0.35001659398959306
0.023489302107832177;0.09926516016334797;0.9502347365252363
0.6067925882649104;0.830013487952289;0.12812576373386786
0.17551415021127614;0.698508230508314;0.034199666479083124
0.19058861375138836;0.4657252658677248;0.7642051771197508
0.4927915118674391;0.11666064052488445;0.8115661535263872
0.23141291276640208;0.6430478436820257;0.30682054556401495
0.025029157209443653;0.1256295768832425;0.6966302078619295
0.11600170404768617;0.8038743182615549;0.3342946240768475
0.26941471405961004;0.4941942619630406;0.8960205538367646
0.011361937686280021;0.26401032569041727;0.7647525661650147
0.20898779859616767;0.9370386143528865;0.9528611634820047
0.6021115616249404;0.8187692161808782;0.9966917154126557
0.08429950477346426;0.5276475008241394;0.8501785296516137
0.05839015968404759;0.7282460659142741;0.12110760698713952
0.4070678468374781;0.038779847242581655;0.5306697356123434
0.5531282669727249;0.4895502186398615;0.9262404093272234
0.9274163738395199;0.8854655525283529;0.41787467888343055
0.7427229361212236;0.09098457549771255;0.049255744411180746
0.6285816931285777;0.9976682852261418;0.025116440762360304
0.1045323469643763;0.011451132554973542;0.945589516774715
0.0003089131655023003;0.6088830443621872;0.627135010067595
0.806069692295502;0.523396429273689;0.9169962551602864
0.6830678563403434;0.01944305874097152;0.18575957792986075
0.2419452147637966;0.3853563562415653;0.35133352804749884
0.3776846088889476;0.8304859690334866;0.18664827969887698
0.2253883707035127;0.15106313006369965;0.587565274077862
0.23564003472182948;0.5929410337635627;0.8283890381108348
0.8979909427740785;0.7183576403301939;0.31644839938244895
0.7886474666784729;0.20237853149081075;0.6704582252611184
0.43233841128083783;0.006811957194337248;0.011152257843796809
0.9675750853778129;0.35968784860379255;0.5794203052989908
0.9594863249148572;0.8422800001863936;0.370349187348218
0.11016928661180214;0.7958260645736202;0.9222207587569013
0.026330437132688567;0.8886848707283199;0.07698360875018795
0.8334671347294097;0.8572223801627684;0.01445927167999872
0.29819162176217007;0.8847806554725525;0.03276686272016793
0.7892068307822746;0.18388770268345145;0.6073253414851361
0.7378579058850436;0.20026175546773628;0.7277425358807976
0.4964671764086698;0.20832874819565883;0.5546223617247383
0.23785796616601462;0.3960060920776036;0.555323702401559
0.7536390052862081;0.5211456994838993;0.15530163669436214
0.9844873884064679;0.10187640408415521;0.4278180189593006
0.6508352272200697;0.8369573902762663;0.09867854896316663
0.02658757313686977;0.6908819656657463;0.6170675707954889
0.16360342870886313;0.0037058295488389126;0.5638636959211186
0.9078952991425158;0.13809933431420907;0.4732069357327334
0.9785619605755634;0.555933567458329;0.459715445788327
0.33571995394536414;0.8678877387749511;0.7649870751425781
0.16908201840646642;0.07315034869738413;0.6866356672803134
0.04083404893933229;0.645836537162625;0.4117799924605827
0.32067918506955684;0.014764620010033869;0.8851827202740836
0.32690202285305203;0.13765041600282824;0.30923073702210224
0.4496208602689076;0.9382416649952263;0.21531792908360758
0.8874091142075735;0.5523015867764448;0.9390887096758759
0.2931572592711291;0.3888364651530095;0.8502766709431775
0.9154720638498259;0.4849865530964096;0.9297399434878021
0.9708112497830266;0.2340370836961264;0.9262663402517527
0.49788660125645734;0.0025165814223866434;0.5667867653162642
0.526369416009183;0.7570572282776853;0.36767009511635707
0.8103076227444764;0.9701976823194861;0.6764850332972139
0.8160452485777522;0.557392370607627;0.5046412138737912
0.8695643138743281;0.7904608845000082;0.9983806825703521
0.30072778026752556;0.8310076334456648;0.32269136717120916
0.8273647743290993;0.5270576177315456;0.03599698488827219
0.8969983922144599;0.08894538692127563;0.9591066200560295
0.13227420598019013;0.06827706733199834;0.677576182985454
0.4587758441301746;0.6724045469941367;0.6982099671545997
0.778811110209806;0.26471913405251146;0.13188974314254542
0.7884500474038147;0.15803231324009848;0.31483732334139347
0.8050404150944228;0.012549654218358741;0.22817773552054366
0.38250132978634355;0.00946973720297073;0.7746458168354502
0.009804263539714975;0.1493518018141693;0.6076546864702482
0.7753192461910632;0.020087418660506673;0.988931963719542
0.5667795723509409;0.8286021024486574;0.2590441360179504
0.47164184970445555;0.9573477452789082;0.28274689735533065
0.13402630292376327;0.3650585555085971;0.4772191478588359
0.7132340464890805;0.10619844863949246;0.20391291470293904
0.8190844110670108;0.2904808250304872;0.817038595047697
0.5460711949398851;0.618505454873873;0.1846386601113108
0.6014100970290658;0.9737911327486739;0.8094589645075906
0.575638833845424;0.7263983059275588;0.10530338355303048
0.8220779512465148;0.04498085012315667;0.06577168782432652
0.3776152011089575;0.9804172714976428;0.8050678888053535
0.2801473370051413;0.13549865339191758;0.48583264951140015
0.36252253313598104;0.18508990016510407;0.14178570669017587
0.3846758981179941;0.5857942436375627;0.3159507157083099
0.29286029330917096;0.7232785929634703;0.6399413519594062
0.5990299999761589;0.7707263938008688;0.5790092323490746
0.426766433432601;0.9448801066504776;0.15867336159989842
0.31755574033528366;0.5366362000194722;0.8752654351030551
0.2571151045946637;0.2487112509384446;0.550242782564904
0.19910207406013236;0.03432172358585828;0.20258399713315633
0.5606930729760793;0.9391237284704222;0.6974839208667029
0.7772102028144271;0.9111743037909971;0.7211144579693602
0.9058508743485849;0.305443835466376;0.20972881043059033
0.3105087883381519;0.0004066776622453361;0.4645974854542486
0.059571496283563286;0.7819203893342658;0.7017211661169058
0.8672182635961503;0.02148070306620431;0.34202173628954236
0.7204900370609703;0.04856980311138426;0.13582978816779867
0.08439915279478571;0.26639470688126987;0.3318955621344819
0.5451597353033287;0.5710583928549116;0.9695252057627377
0.2982730573263974;0.4241597984509716;0.8017720616988504
0.11937461749354439;0.7872216353824371;0.42988282869484173
0.32126926344220996;0.616993563069996;0.005416506939141308
0.7912613618928716;0.4346421223258258;0.5842927904525919
0.21103143731893426;0.2729966847369658;0.9210953501753522
0.709403872939342;0.6188433769689434;0.7684773772473638
0.5861792267363917;0.8073843773649103;0.1792208153576338
0.5796641797266368;0.9573956297493658;0.8052903791270116
0.24287078830584652;0.7919669483056913;0.19491723720734844
0.7589463307185785;0.6160438196871959;0.7286095923452951
0.17162464066517846;0.19696862474716803;0.6535128158352594
0.22335912848647144;0.13478320478038985;0.11512740267282595
0.8666685677761365;0.7901361801395449;0.5311073576983109
0.9143863935099563;0.3647585544138884;0.9022315287753655
0.9294805466653362;0.10273051323755955;0.21969585300107208
0.541468448648838;0.07184156065214886;0.8600596671535886
0.9373326211260822;0.9155152321617949;0.2671892753178714
0.4752301333703418;0.7987896538232424;0.11905153417343717
0.6449704002465397;0.6118592755602306;0.7013219952182582
0.1949760103183792;0.09055957295976214;0.08835670898722126
0.4449619339852162;0.8439504312298339;0.7523989530275375
0.5395916088592698;0.077327920222375;0.7739514942842145
0.7100680528724996;0.073651982084187;0.27514780370276715
0.9350778614900492;0.5187253499399833;0.4431807415934692
0.6253357696931084;0.6228635851124293;0.9624007700501913
0.3849823808079921;0.6933906316914608;0.020212515581614965
0.9947017208700402;0.5066308229686326;0.4237424105500912
0.8544484711329303;0.13314641954329465;0.9677160545873464
0.08685458037554594;0.4896826452401454;0.8490641675885194
0.013300987040092416;0.3469187605925139;0.6243698909890768
0.05688916759735885;0.5742396129916074;0.43796420555062443
0.30303606633061564;0.4277216479628856;0.3081428177976997
0.6100231028156996;0.7951605309050099;0.1570221705734628
0.5528733213838981;0.2985571292595378;0.7439069875613734
0.2790470719889806;0.4695494554572719;0.8805587483094325
0.6785696583519681;0.7626030681435205;0.6228009570048825
0.6484011172470667;0.03948259068836668;0.5822170903747949
0.20096709936070334;0.8305898767776073;0.05159055302333515
0.270509717209065;0.3716810797858874;0.36772776521608275
0.0004914552425763219;0.4522649396297078;0.9836890608442804
0.36395682542553576;0.8257281572172154;0.6965482977143681
0.533309254823778;0.9131024445176656;0.04651057142992554
0.05157186695163729;0.3272273583643027;0.4411876825396859
0.4183828551036476;0.22218859526275347;0.7960079041502744
0.6609341195212525;0.6482273152793369;0.3564258241113173
0.5277665835260543;0.18204560263126546;0.08711394549527562
0.8171474560767567;0.6724986693638082;0.8424629991732705
0.5471604528894204;0.39455655314657456;0.6329430014164908
0.6709628796283472;0.4640371330358757;0.7389175237193342
0.8647575046431073;0.8030610008088636;0.5805177072981655
0.811281234026953;0.7106752787259378;0.5637160661942684
0.5436849555256076;0.3276366358290318;0.464080975487028
0.5807706871008148;0.6196083094017079;0.05405428225936593
0.8197528177485659;0.5543253819609124;0.7703793213164242
0.8504923451994755;0.5642655433056069;0.33912624041369
0.9677800340079201;0.8717944188320493;0.43010489634351257
0.2688303513401509;0.8604245285574554;0.6477088260918319
0.256755566289823;0.999660854300029;0.14878525006028942
0.6460785977923666;0.022493732577638315;0.8568718247757832
0.9033346677270827;0.18515285323863218;0.17058863227640086
0.8070788750391059;0.4111096045959356;0.4130462064986571
0.7461319089474849;0.8019042197805466;0.18842205924912214
0.9268033008667476;0.9591774665722376;0.48772505059541804
0.8377391781879363;0.1895361551081125;0.6353301484771987
0.972496429689015;0.14089748419689319;0.6941297219368109
0.21445912363674713;0.027546187441116587;0.29232064252888
0.10970620661834884;0.6826107796242402;0.48922134117893956
0.7922793250511302;0.012077345283825869;0.5787501553324986
0.9191709747567925;0.6727517311848599;0.6387019346718915
0.9003399317980502;0.6142202167525059;0.5456412446932227
0.6766430386836719;0.6786428424913262;0.3128232251467675
0.340809031846527;0.2386625792800562;0.53641264000559
0.4908585458999286;0.9346028365564386;0.0757272379847751
0.8894450645717559;0.9970250940372006;0.3324311249204127
0.25465789521313364;0.5402281851229617;0.19899100706750128
0.6490923593528236;0.46755816065314604;0.4554783588342245
0.016792599314802592;0.6789687137517918;0.34097265928849885
0.4147206050122233;0.5511481429789113;0.010103203817236395
0.5678724192040902;0.7538824188540891;0.12629376425179917
0.17773581381472947;0.922598694553495;0.6941419980226067
0.5595133146859883;0.3911517643810043;0.9524234798406555
0.24728355170696525;0.3789185770622845;0.2746147574527592
0.12651247041551406;0.9334365165718709;0.5913403642630849
0.6770320197673004;0.9058014105757076;0.2890714188867013
0.29030721108340607;0.7053629761782134;0.5886800484041079
0.07862865313508105;0.4581654267134182;0.5675756891370991
0.4619985833990311;0.9033155450718753;0.7551850772488014
0.9310467007618822;0.03780426001937953;0.8989407537913969
0.4305598988531848;0.48543734448004183;0.17765770646913914
0.2702470386849498;0.37057703446069845;0.22552536049536143
0.6249628999283191;0.11203285360053927;0.5092625844254679
0.3850647109801457;0.9366911643759914;0.8355560142900914
0.14362802515799367;0.34180454634325885;0.7792961387566643
0.5071321033021209;0.5126196287983094;0.8227809380674649
0.11747968777075057;0.1773253130351018;0.14344799579212142
0.2855255905523435;0.04948048676103722;0.2758909795518578
0.7523512555228946;0.37059962215404685;8.625059230438215e-05
0.6606638197984992;0.4952005913555848;0.4055234016475001
0.48908073265897734;0.8712391550084096;0.7119012339674724
0.874935549391701;0.41403780065207973;0.8453266920515011
0.36542992239502226;0.03515492048307223;0.0404373199049749
0.24627565604618773;0.5246462378990411;0.36186830352555555
0.735944650694612;0.7919670801679941;0.9890830977979046
0.9612417746690363;0.004979742016803845;0.23383152130527707
0.22369891894005023;0.9946001221943717;0.7689298814961583
0.7251503199756527;0.7713469574659635;0.37124496068895396
0.7674010504435156;0.8783450972590512;0.12332573707411232
0.07045672023326288;0.037427800618232365;0.6734932329443548
0.19863399864011788;0.7926408849092295;0.009863229815126662
0.9886945784380083;0.8095350656165672;0.5921982272662756
0.8560582698709995;0.287384952137574;0.008677317593099199
0.012101747651966921;0.6866549430016733;0.6820747661562299
0.8462763890447988;0.9085927856932348;0.7709420272101323
0.9540984343534429;0.4063392984126283;0.6529828633023264
0.9937892960789491;0.6501585064641702;0.2844311423367828
0.7998912026017387;0.06167389086082031;0.3732898341715729
0.9890703720704833;0.08443283895301956;0.18389302156386844
0.054490890018533134;0.6698698756387209;0.06891180815529863
0.9058298697797423;0.5525783202270951;0.07624981894692728
0.5878678464142035;0.14677486897197156;0.34455763881412915
0.42608649106445806;0.17025426572033453;0.2304554300588304
0.1599820371821551;0.6969500409566649;0.7482549798611273
0.29634847750721616;0.0557023387260972;0.13748573583222
0.6007145767647593;0.2610339697273477;0.663550217634365
0.5640166243061032;0.5987263591732725;0.45817100141648137
0.7741965744726251;0.8648264975465816;0.6935318790960194
0.9934240375577847;0.9776300520591704;0.6326816049530142
0.5722110331185508;0.7238130246412846;0.7046127835103473
0.4018605914659896;0.03021408822009175;0.8941873712985081
0.4747538825558649;0.8719820359755608;0.8269589524564088
0.6589513254524223;0.3107851549572135;0.809108878937515
0.638530849281182;0.7143509202460532;0.2130242056212468
0.558861693718767;0.5283067108464298;0.9914773276415686
0.07808401162789391;0.6119190327150418;0.6411028419339613
0.2641124795186197;0.8056298037431999;0.17171723781083859
0.4487761282190922;0.10974355480390763;0.24617583991157155
0.36515763503550214;0.15996298948183063;0.19553950502135564
0.8182826385021061;0.40377141443165643;0.8189812450339177
0.7948430070837464;0.08253159214413919;0.7571998185483552
0.48435832831502457;0.2989381650139714;0.9503321679521869
0.8312954261887081;0.7625988414295473;0.7347088730640092
0.8001527768076891;0.6426064218232972;0.8941349249013992
0.23001246010369425;0.5012044626830129;0.1442816155959925
0.6891391030278724;0.22799897267999047;0.849374587442888
0.8245459730919977;0.20648194992091717;0.34057386903644693
0.4351343386462847;0.14038342501151846;0.5558619575082329
0.26895937435281636;0.6341655326615546;0.10566727496257833
0.5753957454811447;0.4986353337062801;0.681580747551051
0.5484401571983517;0.7383415951833722;0.055515672945511074
0.5270341669832197;0.2568108414085233;0.6685435019483602
0.5669634273644014;0.10072402366942135;0.7689487265921919
0.5170167174889295;0.6852498182755776;0.8798795661339982
0.35131132536442966;0.7486009251112092;0.9711499396392812
0.4434707822722114;0.10687481461402726;0.6083739143036907
0.3983874899640283;0.7015332770246954;0.93301474662565
0.07460681731406993;0.1954454605224487;0.3229738341086642
0.4112774172163145;0.34702560754759304;0.6152808796784845
0.6919420124340226;0.5964171768516181;0.23190676671360966
0.6425509980385593;0.8734419201873523;0.9968055280425918
0.3997654326870691;0.9640876501530754;0.3517732357581731
0.41706701781715383;0.597624014455709;0.4029357466003529
0.30471763431586774;0.7148714563085902;0.23508468781320913
0.5919071170054048;0.35722349438014556;0.2733827544190395
0.4300459139962445;0.23100567810654937;0.5867281315989742
0.7863699828340089;0.8661534781393394;0.5578736941145398
0.41833648014304436;0.1571263113660244;0.25121559283889805
0.7250429626474649;0.14308488941960407;0.47669637279697874
0.13315287774321083;0.49504982421031496;0.7179123749813002
0.6223496728511454;0.7638821247289985;0.20698589339909623
0.33738738541074;0.729933709068765;0.6101386713874263
0.7226949549789968;0.9452431029098938;0.11644024774767392
0.5390687267476566;0.05149095369101098;0.55903163852293
0.3355786144581453;0.3458867947448888;0.6290643245491064
0.20575715174199216;0.8076085636119572;0.901909390289632
0.3157391349124581;0.002585632398860782;0.835143217823905
0.23547548071009206;0.09778195428761727;0.9045475533536863
0.48963775285062183;0.6273273521062878;0.1436769658701873
0.0650234478373074;0.26300315453117085;0.20487634298986734
0.7412718855583285;0.5073437485490274;0.42048662284638094
0.15295178604303783;0.2097949436082851;0.29364188146354053
0.3509202330011444;0.6749483271840544;0.4567564671164449
0.0280749838356944;0.9902588278463547;0.1010657227666042
0.700599333778796;0.7552593591187611;0.3473477370549397
0.20117932865348198;0.2124802788981025;0.969934847709807
0.1637581269334576;0.8951279041509451;0.8199088576528526
0.6150959361539095;0.4826987070303739;0.9655933944165502
0.4971325597287515;0.34832088105707404;0.44185694275474474
0.33015704093009013;0.8829681029325943;0.44526369376975616
0.6979241967906401;0.2773030702034738;0.8578687827007628
0.19338894601594314;0.4754708275157936;0.4306927639513346
0.830205296658049;0.9456365424502873;0.6055781813669356
0.9826998575433841;0.9990173547837453;0.304821072941153
0.4050833518061365;0.927546354603872;0.9876155583996924
0.6061162804612814;0.831311050396615;0.6791721503703619
0.06841472036769025;0.10134453989399139;0.16333090567165598
0.6741879792362421;0.7447085358723606;0.4779168952210505
0.5017027102570668;0.6670969972683838;0.9841531044817906
0.3792766322852853;0.3463775083849403;0.5988659047694869
0.9844540181442858;0.6106924484392905;0.9379398842404553
0.18864214864309892;0.7198969411800026;0.4104055124896242
0.8946043563177224;0.30328475559829027;0.16292828418629246
0.9365805697366826;0.9632257957725991;0.11864565420168383
0.27275013499328926;0.28447537479304696;0.8657605544583892
0.29502902305796874;0.46182680475808424;0.3045203199733837
0.053820966627509126;0.6289265431737765;0.9208655832021995
0.13147057377956295;0.614730745296805;0.7745873267282861
0.3061605297863069;0.2853696125355192;0.018337668274789443
0.798032555966772;0.5967500109839473;0.08415248663947927
0.7377801916760882;0.16094934892202983;0.9981299210917852
0.45678831512515516;0.39962522956091995;0.3299721612161953
0.4920879627021575;0.9581292593527583;0.8414234256914156
0.9545588523285402;0.38376612669620536;0.34306938723747904
0.5670337865100751;0.20396891740137746;0.8911464565667149
0.7059072057231446;0.37712616287508305;0.017274323084656262
0.10091315851025384;0.09415021249959321;0.9740481934043782
0.24003268036619596;0.8538786411299712;0.16656979989416631
0.7776598787105438;0.24235208899853988;0.06448593127957203
0.145639949202632;0.018904334671372647;0.5708708957907226
0.037253813514449896;0.943305704494519;0.11778686395448734
0.3468916004927629;0.23220519408913043;0.8871391690611786
0.21709451277027114;0.4459212223957505;0.2318822601574808
0.05094980142805916;0.5605169646317532;0.037484774669359844
0.6666336768064558;0.19402896398212466;0.04241161957763062
0.6923391201916632;0.9411223175529917;0.33998725576568634
0.08655228960875927;0.42363668088896733;0.5406316347613387
0.8576146200003744;0.45399878196335075;0.5086706004279498
0.7482111908260117;0.5335081983728087;0.6963512557917755
0.6071355980163146;0.3488590356323904;0.7632100939832605
0.47775532530607423;0.22632500664273225;0.3893005248203467
0.8146806559054024;0.15664264923164073;0.6894968989961237
0.6409396777575471;0.16396312879925445;0.8213737291570582
0.5645453230270859;0.4563172862802364;0.4645111901675454
0.8326973846659635;0.8715430111729054;0.3856189739024296
0.7560476981879802;0.6014167524532533;0.8534395131533516
0.6872863864035808;0.7789835431539256;0.859611143520708
0.7270860367188047;0.6097319629626687;0.07907850780973191
0.3095999682580971;0.5384239912362389;0.22119938345230084
0.25024033269600077;0.47857619927373174;0.01537401963529994
0.7135544838869076;0.9788743006308602;0.6723507925488451
0.12050520997864056;0.3008560482916297;0.807733315115361
0.10720013704387443;0.10791146107770833;0.4710170404408206
0.5922896539508319;0.3378161969547888;0.15201883650623293
0.6946996591346667;0.6929534910099062;0.8830528741255812
0.9439753213759747;0.664957135185775;0.8068677752106866
0.7239978806399482;0.014030780508499596;0.6575258690919983
0.27709796349790283;0.687572955906666;0.6725057516515396
0.015389834341927533;0.6568026666788764;0.2669083614929342
0.7614446230375305;0.3531423625318645;0.7002346579293185
0.4809742035621013;0.8082381261769218;0.6431138621361364
0.3948643735492441;0.21838262008221065;0.6799294652909776
0.39404521226263534;0.6740083405001626;0.5796606343518677
0.30650185748962155;0.5779988565901736;0.6246933022114821
0.979249408017218;0.34421434861556977;0.9881430257395705
0.17948680001804374;0.5421214294565663;0.4307895585749715
0.24331746081720584;0.7543489504060228;0.5879597734297299
0.7284625735976611;0.1901343707330625;0.0469731857589204
0.9843100935348085;0.343231893704553;0.9129518691716891
0.3299215960376717;0.23920131517928578;0.7397987576316197
0.15486747483889085;0.7320725795257862;0.8065933765627092
0.9645274515076638;0.45187084609742767;0.9743373311215353
0.774524584158799;0.6575190007426402;0.9232620670529442
0.7744679273010253;0.10356892806817564;0.15639811449795105
0.5652174042337192;0.8231279700425761;0.26607854355129157
0.5496308846426147;0.3660748889121407;0.00015444132395769916
0.2217898250034157;0.5415242886022235;0.006509511667449508
0.5893278324990039;0.4472747999140768;0.9933295267204086
0.3959315385282729;0.22321310873316147;0.5578346295731872
0.08390289459091116;0.28687607316970676;0.6163725904580235
0.7806656187116865;0.2732951771540607;0.40345266027413074
0.28913518233804125;0.2517212461586077;0.15940920742132492
0.4064148058410486;0.8764498039525199;0.8538743500634285
0.034474449868671986;0.31975433798027564;0.7751959211464358
0.7769188699228231;0.9801854478791876;0.823319743116468
0.7310380742234587;0.501421382590844;0.5597845298438173
0.34176441494092813;0.15768056046566914;0.055957328146874485
0.3487165399745019;0.6777277918664093;0.07062252880623632
0.5064610650533558;0.42351987465529073;0.8374648288153825
0.7601210091156241;0.044797660783275184;0.7739726341894567
0.5731764617531718;0.029081050425112553;0.4082275434729673
0.09516337515529427;0.42522844817591454;0.7671382995189411
0.19849336797971318;0.5197597102788862;0.6694646061408603
0.17240707311660963;0.5743948455321904;0.08195613239486288
0.5150809701232879;0.20868701760889863;0.3710803195839284
0.6083510155976284;0.2786995246939509;0.500057497878229
0.18921735600114997;0.09019345859681271;0.9114982027741092
0.011465020166019468;0.9103760781987759;0.5393756513482415
0.8523929371991048;0.9913290307644237;0.7307691004508279
0.5467584319415689;0.9261791169423179;0.5624528935233803
0.19445324117488727;0.43318709234877695;0.40046116881380855
0.5023476186328633;0.06947516481671656;0.17637072990933755
0.056233103825501174;0.403324370333099;0.47137335810265457
0.43523497517363363;0.5938432773357507;0.5647018900850839
0.4157855279090107;0.29126431411118336;0.5918509863790031
0.9929247944630193;0.9138857037353704;0.18639884432927034
0.40595616903200293;0.1267428379692137;0.07532061233725662
0.2736090585390697;0.09568117475581794;0.21641682050060884
0.18325598147284206;0.22416409339998355;0.43272220126515093
0.04810971697548072;0.9466468052184115;0.8502295640437098
0.7755979397878404;0.3418912395796182;0.8719216579989529
0.26461993865098454;0.8616673527750598;0.5972909584986795
0.6762119413416587;0.9982516912675211;0.6603764359633483
0.6021372288068741;0.5312324993720472;0.9873929650765741
0.6808874443312732;0.7600137729392636;0.2748084091101983
0.02685483384936682;0.4719606092441506;0.5076485720861456
0.13149690963025118;0.5136792028122531;0.6011227917085783
0.02521424036235409;0.19773067205952644;0.4023574163859619
0.4023590949066054;0.17795484107652138;0.4035114535444301
0.08804176085876736;0.13007323938521476;0.6480882975977995
0.4566377499817579;0.11983762721407931;0.8821091675788847
0.15432832936522156;0.4838696996828551;0.07655746060781099
0.5980863476399856;0.8430115861602866;0.3751535593714619
0.5854517803744296;0.06227053971145291;0.7643481005043806
0.9235719715241693;0.9767688676651826;0.48941563010758915
0.2848780766701118;0.9450577091247069;0.40670740341242284
0.28771491127110926;0.92516207911542;0.7967243037453731
0.30373437567647943;0.2996396272831795;0.5717302960518964
0.47521019358383887;0.779513565137891;0.5771104131179458
0.8847323418840268;0.9586679849021505;0.672366842812569
0.25104561975867323;0.5506315281665296;0.09840714074232149
0.18068144287208598;0.7164637281800404;0.6574754014433127
0.3083720736087845;0.166289721163839;0.1433121346498225
0.2683772811298921;0.7455281960575714;0.6290028277844184
0.7489932706968969;0.4815903570295975;0.2376410162797592
0.5386058838153623;0.27787784667041127;0.923624657422539
0.9539893667823952;0.4113018083397547;0.11007815512994912
0.0930487050576767;0.8973971718531374;0.4259102500951192
0.34776803944110457;0.4300126776140568;0.4183775929262328
0.1481525984019828;0.4045929057390558;0.8845418250018497
0.08180356419739998;0.21519125126278948;0.031042203985575334
0.9679638901127748;0.549624991307426;0.7471879631365106
0.36447207305157714;0.7842839763560462;0.5216156867878272
0.6152268861316791;0.2996057471512854;0.12801073039615718
0.9499963562306368;0.47820544379050456;0.27319477432751527
0.24791445431012982;0.6464914082787683;0.053358835882560296
0.9739451616256426;0.12932672523740552;0.6880115724308961
0.9427575320392914;0.31740100968683593;0.3497967346872156
0.6373972388528946;0.19477244634818114;0.553746215898919
0.3545601835298974;0.855505176795511;0.6049243185418097
0.49290260091427296;0.14233898967857805;0.19511840032077887
0.2315359441642011;0.3796723720534949;0.4829955971887988
0.1749602468046081;0.14449314133116664;0.12015260526507099
0.7594226095762205;0.08959119444070307;0.3702152877677848
0.7055569547141005;0.5335830421147427;0.5723366703986075
0.5729006790077823;0.35630321601325854;0.21614352056904151
0.6988721881092654;0.8759112429859449;0.40872383366375686
0.5161939689451422;0.45305530531071825;0.1217292577706357
0.5188896469712656;0.17854490132562129;0.5450097716130352
0.6527980356426302;0.5594804897169209;0.7638183838703058
0.3964374353617943;0.8127808988200017;0.20406526150585513
0.06846086470498136;0.8025909169808415;0.8699297454335552
0.8434159544738913;0.6361157022231892;0.2687402477114087
0.9981042282799101;0.44822281946093145;0.6368512279373327
0.18804636132947772;0.482818609567085;0.295841577595068
0.3726590114608158;0.35917747880521256;0.10605589117009384
0.3877630036766869;0.08055944651550828;0.4582233837682318
0.48541188799570456;0.03774747743947149;0.4559904301277624
0.685551146356597;0.5716604189612025;0.22177865761341975
0.2803669820626541;0.7096227045047621;0.05979219442117811
0.23771365257036603;0.970677687491968;0.8301841379182551
0.1742850446740053;0.4652103878689344;0.5324526981456246
0.7515072799763306;0.6420745221760821;0.23202323817852666
0.04354937289103111;0.5166336496901074;0.040674588804015865
0.0614910141567907;0.8796751190342953;0.9120754933121274
0.06529384890212109;0.14427634116170518;0.4688179968872421
0.9371197456038171;0.7729795958743192;0.9978960838333635
0.6859976785484884;0.221121449769767;0.9343335191629056
0.4289878535746692;0.5517560937528821;0.16980499846664177
0.19873678763968072;0.5111388202457234;0.2727129991338675
0.19786281345363077;0.15427879900820252;0.140366669844185
0.10516734340777123;0.5334109709841088;0.21543402995423644
0.6356182443424473;0.6845522746654829;0.2151662867553048
0.6457972558906067;0.9429641034849104;0.9322981313685773
0.5590887288649025;0.08575542761783428;0.28733643887332183
0.8537708523051638;0.9196708050968978;0.10560861491015117
0.8702332539860758;0.5112180202924794;0.33957113927129257
0.8778693768720452;0.9871102166230492;0.7928723243102407
0.7886892048851702;0.8790078644711501;0.44557590721545304
0.29875270781857277;0.049472686945332245;0.37707334995954633
0.7788509582478068;0.09731038631488453;0.961713213487631
0.8428608981947218;0.5169775840613268;0.460096182400917
0.7893366930958855;0.6821280521855716;0.3743761241142908
0.023241775259326358;0.4751906865328791;0.9400202463438245
0.6257523595882366;0.5570004941293397;0.4195356664964508
0.5664947119233169;0.420476975609563;0.8972696049180313
0.7066415097927871;0.30550505162706454;0.4493142676473334
0.8679549441777555;0.4059217290346141;0.9718560732739184
0.5529952993099237;0.7083390043789665;0.732076334956579
0.9155711462813796;0.5521546260462821;0.029100743388943306
0.24705756967435;0.732262702479694;0.3731760510274579
0.25464670260927014;0.12764687292469357;0.2789264402407341
0.462954760079465;0.1673870056181459;0.1731461901996031
0.19902766431641916;0.9390041953703101;0.7269828177385611
0.43578455970462004;0.9418139571031743;0.6076453742215248
0.5397622706994124;0.509497894017431;0.18319880414952672
0.40046958166225266;0.9850539885240549;0.09622854534790193
0.04113177714520666;0.9199586720973318;0.5416994329070619
0.36762122872067615;0.9323346179507733;0.9111142620396452
0.12623393951907202;0.3871155139997994;0.5757682387639984
0.2673309886308024;0.04324377730508211;0.3292234883367434
0.39578146996724384;0.8770263061618149;0.12996109786140853
0.521699373449038;0.3084158289967337;0.8802793109686528
0.3787918645929982;0.18637794986548994;0.5596863828220172
0.217421921002256;0.5271899379357374;0.7853790812594983
0.3465647521531455;0.9896838100846631;0.3707412896901455
0.5284249585180498;0.5064219245075032;0.058216347436616966
0.7075300681669803;0.8855503706759581;0.706187771171521
0.25329074326206524;0.5464818120413732;0.07788473896711512
0.08481494978751136;0.4781665633267632;0.6543939684087399
0.7040179224120523;0.8485412654918532;0.7619721533740634
0.17921708795119795;0.31971900025897193;0.20431889457099683
0.8707067793540566;0.5007108726941997;0.36494381887115435
0.6637809509962432;0.9559738500150136;0.7924297142735448
0.7579416163553384;0.32869117841425144;0.09547714523693718
0.7876743423991964;0.6629988787464547;0.09636880792308611
0.8677992297712702;0.7156155522318731;0.5499214931819862
0.8017652460579258;0.645490652951779;0.1845433733717805
0.7434476804477763;0.5119430260216271;0.7950407030532717
0.014473278640075193;0.4317847054224302;0.49461776417414005
0.10570904614631982;0.30993631270809674;0.12824012355702108
0.14969836843451456;0.04200992528619085;0.4084764945266538
0.5909183545150599;0.5900812097309549;0.1762952967710184
0.5837025919004318;0.07214551909458966;0.23002371246868936
0.659620991160425;0.9629978870566916;0.720659722948221
0.5919264479614205;0.2818559332675423;0.7189058173741175
0.5143444593835955;0.3959846617391466;0.7797081932321919
0.5341744279392554;0.5078405704770276;0.0700215497623663
0.3375245975064354;0.3655464583373439;0.562236254870845
0.3632667462577831;0.3111108190104852;0.6061557837104253
0.5907290619939854;0.5066115139170491;0.1645969332448436
0.20811901206935424;0.8703068958009222;0.9397871319953689
0.39310338229598996;0.15908739521744586;0.3976249280614308
0.7841752636781404;0.267026622405768;0.5765725120996816
0.21245570634103805;0.5711008987736292;0.7468561594298907
0.2744087527391462;0.5518596281884617;0.6132971950302326
0.7632404897093814;0.9137793251294029;0.1047513256663326
0.8402569184605563;0.8586412403132556;0.7698138080289065
0.9641098657651627;0.1968548316161599;0.818660761748556
0.5203999042252266;0.7580476274190738;0.04160073605849135
0.2238779709610611;0.9265165546484154;0.8217501218679147
0.6705152168377357;0.21549426136540872;0.849634838927095
0.6504078885096837;0.7271445491952053;0.15998057432800317
0.21261463309742912;0.07967184330544508;0.007700855233268911
0.13528185487453026;0.5394931180092517;0.10458261266425772
0.39482891767691075;0.14891071262090683;0.014165602096280261
0.09887431747706332;0.5622337038220093;0.6231065065253455
0.7294723254473456;0.7361622009032479;0.7042313530617089
0.14041164299523823;0.9373711915092607;0.348859702839022
0.43240893208887055;0.2113283044948414;0.20194644241137527
0.9472149904707173;0.8656424645488511;0.24015880099217057
0.7223589453870921;0.8130795673350889;0.8655380619645078
0.23871784194476053;0.3782618451014321;0.4193987850522911
0.7597065940095081;0.20128874225308446;0.7904042118956438
0.35876458433248526;0.8947122903805182;0.05410979448797981
0.9658421718895959;0.5023546318025051;0.0705452786766897
0.9478289685118059;0.8033081984940529;0.1295144960227944
0.6308176822455518;0.825646338051781;0.3618480108671692
0.07815387222647596;0.42406184078473963;0.9638973619253942
0.4782971064232169;0.5397694013232508;0.9104968998773441
0.8362797487928314;0.14679795292270625;0.5993829871074218
0.5421739725347058;0.299471097334299;0.8905775746119284
0.9798965429879577;0.7285653454706453;0.6513310857719362
0.9547627682873511;0.27904807210199445;0.32028774485474
0.1961480786266333;0.6099918598790488;0.9389838100745925
0.0857747766339022;0.7728283525149483;0.6965357104372979
0.4605292319387765;0.2667487706113636;0.6139881750735124
0.4863731228044228;0.8431642867157103;0.3506728209456941
0.40315332433020046;0.3423486551845981;0.11989856061112458
0.07513899368356691;0.9452800319834449;0.6685139240139891
0.44359975544263286;0.7478676588233644;0.47526556099779094
0.22018601705459118;0.3444933415732494;0.45334603043495103
0.8692056671517613;0.48306680714298955;0.3812445253178878
0.05533650086722686;0.3954526714716169;0.17061857610807818
0.6597738149047893;0.35136050175558864;0.25971753301694767
0.9430128208252365;0.8231492043124599;0.39087661505472215
0.05080960066564599;0.3385695263108799;0.39000124320569574
0.04488083806604426;0.7331764018533491;0.8567220038151779
0.7489138633129806;0.5103930194436347;0.3969213168008646
0.010915592689343279;0.8325207312975896;0.5849444571991577
0.03299755149523054;0.6709553961902452;0.30856962715812564
0.8070661370425388;0.5778862525564419;0.8050549381874212
0.6007500128130905;0.10763227947327014;0.29010853806671777
0.8576157331686063;0.10393683754389393;0.8904792568300842
0.6988275299760992;0.35108626081976946;0.7635665697045708
0.3840287429644882;0.6166210100211565;0.28626560790862277
0.8337460006321498;0.9918905402967652;0.38899220210450125
0.24660699350811766;0.7643436556766744;0.37684539660279126
0.1721284829762434;0.3562668448867825;0.6113349953968077
0.1733155659493828;0.06459879751202957;0.27923767177589154
0.0299714148217588;0.428793607660345;0.31506109450605346
0.3080262139328874;0.17975918036328087;0.7271631085069832
0.7580330170983941;0.6669942689312255;0.10651333059864787
0.9525073401945646;0.5748360071455392;0.1970534911268016
0.6339008836065154;0.941118426194546;0.9011488583033909
0.5841460840894591;0.39812072012456534;0.3996652024209729
0.2641187154231496;0.14117627669198918;0.662674663592826
0.8369993879079102;0.5205685098540249;0.9685632673611798
0.23879903876504494;0.16537125782824535;0.7559499423461806
0.4248683966284259;0.034430054427366685;0.16150365671118838
0.5199929289354527;0.8062938912453499;0.7782951924198894
0.47131932278319955;0.7185471945984803;0.6986374377075137
0.5514514788675491;0.26056140436794917;0.9535327310863695
0.47723613679464827;0.9889621846786091;0.5164266377622723
0.22169750288268697;0.6818795881514967;0.45752794457823975
0.681742517322134;0.22749236561928732;0.6491380752411006
0.5098686114246563;0.36257788266054247;0.6575673079865851
0.6106937649471774;0.4475617345318902;0.08796013977381234
0.10913833345245949;0.5651669061802959;0.9814181008904698
0.6419675131832654;0.4761643767365904;0.3411060749011733
0.47789494455562487;0.0449490374813013;0.6361985609011913
0.3910750118447329;0.18632890575355354;0.6666540309387621
0.4495174083753666;0.9084543171607676;0.9352635414203488
0.5453968319960637;0.6351985824020658;0.269934463089738
0.4851969277801239;0.3835671133206393;0.6020917284473346
0.04199284037759665;0.7066745404494562;0.8237171376227149
0.5653898735212602;0.9053766803129883;0.43178865351418094
0.8757914848511881;0.5923420210694353;0.5528558462257812
0.26296218103100943;0.8914784765938835;0.5611820035813377
0.5493983791890287;0.3129308523094674;0.10392907687323205
0.868974492940524;0.6155181374993721;0.39674394776590227
0.4103427401911879;0.357289621381369;0.005050706161049745
0.048776224832128845;0.3937151809897911;0.056011157688057644
0.4476601344350094;0.36833712621332526;0.7709018997053253
0.7302031264506321;0.6482879595478167;0.9350404999830682
0.9342635665175346;0.3269270510427308;0.023957762682482397
0.4188464834459513;0.41048789493410787;0.18679054372535897
0.08783114661974012;0.5024280605194841;0.15242265042728753
0.6961323257890215;0.41296726187899924;0.5201551070156273
0.7738503216130561;0.1114630673252438;0.778512526885195
0.6738997731506375;0.5795834266450035;0.987707566056064
0.623809015381596;0.9834312913901189;0.4301813303908808
0.2826853996697506;0.9643233255866599;0.30821133127309086
0.9628312070682715;0.16051353189007178;0.7015978533506108
0.6825710540684043;0.2885518644183924;0.09417607510909187
0.2569596058439484;0.4880214291333038;0.114460734691338
0.973540114851324;0.7166153533137777;0.33258605974166455
0.7978374407918274;0.2169612950251758;0.7075792237751412
0.8451111146332491;0.02573807110847459;0.3648027199991427
0.5865074933745383;0.36599038487137725;0.9337562914133911
0.8696940811162137;0.06859457373644873;0.654645892736965
0.24767859648195734;0.9999110412816606;0.659262961817042
0.19514478405709057;0.22673012865910647;0.4842439282691745
0.8509944940433636;0.38601711539988426;0.21403607059371532
0.42483925843038994;0.6838327539162348;0.009352774610409953
0.3482778694365073;0.09980933131565894;0.6076489142260485
0.5332405324229109;0.6928366762481082;0.5903728135173397
0.5363923005534654;0.25946621494640665;0.7583920362789504
0.9562325921528022;0.5569581457073935;0.4759316517278065
0.05853901175020437;0.7870621715793878;0.9286459438435315
0.3596146963299971;0.4952095113090127;0.24897785775790382
0.5184201543134698;0.06519559466506075;0.4630560572016956
0.083603407611893;0.6725160856973428;0.9039513568911216
0.0330296720654929;0.9520825900043509;0.3556929799917832
0.9611962807131237;0.806123504761364;0.9448842937543642
0.6593756964341745;0.24563074844526234;0.9144144641855548
0.23820205423704677;0.6963711939482978;0.5673722114668082
0.2509721203377746;0.2825133160558725;0.9586936084125336
0.25278950810460576;0.4682642602428815;0.5519107488255727
0.04870959916759676;0.35215358366176364;0.6223390427320218
0.19012131712685554;0.18226175802752864;0.8555169418132679
0.4821714342268202;0.4546704277605147;0.9636129290041797
0.382926931734646;0.3291006414573805;0.2707767328954891
0.9882636079985391;0.4918021317186635;0.2856766644974569
0.6500247404278043;0.2066051995357897;0.023202214431474633
0.584042661664733;0.455717462853916;0.13996800871509618
0.7912423982733753;0.277288015420299;0.8098943143626547
0.632860996622392;0.5681217198824381;0.5267606332547294
0.6699101536725671;0.5746100539249986;0.15947492794378748
0.2665825883946831;0.328943507380292;0.8218301474473761
0.5041675445064858;0.6315169170096911;0.828805731135865
0.989129029497773;0.07939672651643992;0.10272597384173854
0.8112577313947309;0.7948413664001573;0.9551391945568071
0.0647477233713536;0.01759711460127711;0.9901138766652849
0.9780006562200427;0.9277529043978175;0.300179470643939
0.9589703532756324;0.612928927125076;0.40858349932193727
0.6017819496390967;0.8750660003939364;0.6175054484085256
0.06488335116705568;0.1918165478269117;0.09193930551137453
0.6191239361822322;0.5821111391761673;0.6159372554817519
0.5829520714656793;0.4429415404542343;0.8041831740683909
0.35185865315604214;0.03421483833225114;0.5889945362126945
0.6670344626621081;0.7456504677057849;0.8645728370817282
0.6528605033398112;0.9606047815101175;0.01821375723201113
0.6199224057295825;0.4364440672469079;0.4518944695747119
0.5874040695711065;0.5636966686841612;0.8189695222727924
0.30517520627239414;0.030201952669182686;0.18538281254256017
0.9585123419842625;0.7509903877032033;0.22709480715978603
0.819529676490428;0.7390806515052891;0.20925816758535898
0.030407111110145046;0.8645531569321484;0.8739402378728788
0.7683165760536405;0.6920874064299016;0.083579039403893
0.8065630746860146;0.7517269632660377;0.022445826014725
0.7148289461961875;0.660014560733892;0.625982581946916
0.3515324971393061;0.6044450148906658;0.06870053528957687
0.8977451767843654;0.045720848775363976;0.7821215247214015
0.7193581536421763;0.4518808175856225;0.4016640475982025
0.24699703632098735;0.725328335957396;0.34461818570371017
0.7482331040318017;0.2246034533823641;0.94488777329654
0.05072577035570325;0.09752057937995051;0.9694622756134705
0.1423360434236679;0.14649894296634047;0.23751334874647156
0.9081069017054357;0.7461916045569362;0.6858673367907085
0.4364199839495344;0.06778629821637616;0.8156306821524684
0.9257534920906085;0.5605817109111727;0.05634187398517976
0.9712023686693921;0.8864724816994515;0.841607773897695
0.25762747008627096;0.07908844061064058;0.9188800866742094
0.4777634626164432;0.008987604618650558;0.14591321914760458
0.0796249270005317;0.6732580815848586;0.7153076863300399
0.4614471231769329;0.3501153728101837;0.6718874603085777
0.12379196494527733;0.6472822658268165;0.8214805156393865
0.7291096718370411;0.5591947279700396;0.06800118298929436
0.28340229714762344;0.8897355133503682;0.1054306785039919
0.1684507958340976;0.8944773080469186;0.8763519607727395
0.5918774757886857;0.06330421407360176;0.502720611631057
0.3181621178049474;0.908154428207349;0.20855659645476932
0.5921058949997141;0.4827535997455944;0.0044615091301501986
0.7221718646030769;0.14332127904672798;0.09215718417256513
0.15425262585437305;0.7008370932589509;0.9854985779251992
0.28557096972624274;0.8977336574595006;0.18419015025802854
0.014054801961239649;0.7685842735371958;0.034926150803841094
0.9403924940254413;0.14748886358222324;0.7374650987737881
0.855093270958748;0.4844552129145674;0.6729983444424155
0.3693196323167873;0.8016316293468913;0.881358136044142
0.9433677523109681;0.3177028692587448;0.9196542189150688
0.7412222211148777;0.9071379813045829;0.7809109099410279
0.29266332612340873;0.12390820233617239;0.057464893298168285
0.004718933476076326;0.6190629077861137;0.5859801193270697
0.5263644053376614;0.010708278424613749;0.3346687156976327
0.41525157312420635;0.40543740352189084;0.12468209791411156
0.5477487623874011;0.4642221228066823;0.44992438389966727
0.405743063966721;0.6676303674114752;0.7684620926463601
0.09821742225615548;0.5981164722836564;0.3048564796073069
0.745558823184741;0.8698241002999451;0.37681745585801907
0.5450555660055489;0.012627779636253611;0.8691641239116843
0.7487443677548186;0.4644796117665513;0.8101050898231648
0.7981161119808212;0.37675884908756396;0.01313945800891081
0.0799544470832837;0.9548515263484002;0.062386766187741194
0.045052963846350935;0.8685520660802101;0.6411386071500762
0.969914378775649;0.475803307081775;0.5701048812695116
0.4203525523146512;0.9315580105146598;0.05015841052202075
0.8138775064714968;0.136269055631018;0.9603125717603951
0.7629831282524302;0.9319919376744792;0.26685995815676655
0.7689107895064863;0.1815182752652742;0.98973386236136
0.38245940924582866;0.23068968465276407;0.7205893264357769
0.3281083723012942;0.6469550634013885;0.41639161345533815
0.8697970035741105;0.3043890660017815;0.6165199382672594
0.356438664502293;0.04435304622000158;0.8412121527449965
0.22856188921647724;0.3425095854754846;0.7603142391625937
0.8023349859346239;0.9915641052746214;0.8480984443171602
0.8788978513227143;0.032793816599933634;0.24590626169467833
0.7639919857999019;0.9270521157451869;0.7725910816713604
0.7617174776396447;0.5182942012147169;0.849190124791155
0.39425666422927563;0.459431164124087;0.6028997594590524
0.14870872850240258;0.8084058464807979;0.6997417498968176
0.6218493381591104;0.3371211345881683;0.08024980548634153
0.9080430298683605;0.1462174814900803;0.8616727020265764
0.8464856977561306;0.6512292370330656;0.738169565818012
0.39646299123074347;0.8116006291961247;0.7703523333778673
0.6727797961555998;0.0796443790630984;0.6408157924167122
0.18439713281450432;0.9588747180214765;0.8278913725932988
0.38533986187302194;0.5682189880561515;0.7197665098213787
0.42758050472155407;0.636281698016906;0.4137885129479436
0.5547006286224089;0.8603947934166656;0.5060516630131293
0.4594946138319015;0.9174687327132166;0.3238080253308029
0.3032834889557492;0.31821046873894177;0.6942122145339973
0.2966553484970371;0.5480659169960851;0.49130992286334596
0.1824086352114218;0.5547551101696555;0.8108062076065977
0.5216763025041379;0.7623878320335681;0.08059235206157411
0.5796163282182509;0.2845898767507363;0.6003451269125533
0.6310271937095262;0.8412845581857987;0.3296590826727339
0.03294267853398547;0.6022064737146493;0.003210404628009589
0.20285517311367374;0.7148349663938699;0.4511903634850305
0.10313994436779184;0.5467639288123529;0.29561515359299695
0.4578036626618769;0.02246812833012779;0.12047152852617404
0.7514669969624392;0.5017306987815993;0.6043271138049701
0.972940819865787;0.29762411043616077;0.2900046334833126
0.3932271608989366;0.044176408686052326;0.4156937757620701
0.699494836954891;0.28894138924689006;0.07157417404249133
0.11253194587646609;0.07631650916020649;0.5496506817433691
0.587020420023442;0.2937593513704907;0.17407488886246236
0.33134298451566235;0.0845325856703859;0.12667467471952554
0.7429149519885131;0.6405549652593431;0.9413991820454645
0.8958086550287202;0.6791032830742872;0.5229763735419871
0.18082058219877928;0.27836074638743225;0.2866341314177814
0.18614706843135564;0.6263988499790524;0.033397895450150816
0.12966586492368026;0.03469809643173405;0.24475042895638233
0.5736030920525416;0.08583901839043528;0.8106446450268046
0.8717148993280198;0.540397261754388;0.6513373685443299
0.8716045091799438;0.5941198184122014;0.8224652131493569
0.6856922277775281;0.05586810563610556;0.976287906235316
0.23216661335840705;0.4310671408530584;0.929405090196354
0.5708436292691617;0.23029190428926993;0.35846723035247197
0.46070886633657704;0.34130326425597;0.7359278841375932
0.8361003338540737;0.3765336472929022;0.057200805902469676
0.3726353567912726;0.6782950770201115;0.3940489576269349
0.8906839275811218;0.3813527945448536;0.16319993621306028
0.7486666267495321;0.294815372823255;0.06366959637022207
0.09635669607899688;0.25839274292655634;0.3527873213233188
0.4502271900794904;0.0546387612012067;0.29743540324365325
0.29987382683604047;0.36824123560027;0.2247706683608981
0.08691083721170234;0.5727712736719864;0.9554737579128714
0.08190576885732526;0.01649493595732643;0.23119833050710292
0.30096613599961175;0.35924451719235295;0.3036245706485535
0.5371803834087995;0.21189156183984115;0.774635407379137
0.16227574555198676;0.5501282434459362;0.07298692178961208
0.3374152816975271;0.16264636651107012;0.7311427325002641
0.7269305964929741;0.9025181019482528;0.43168878507021924
0.16783139832718874;0.6844954652637236;0.8722513687938618
0.924669312491372;0.5076073715946109;0.916492645338422
0.733507590886704;0.5114410384254279;0.04057441810961904
0.5284241592678603;0.33934240297994533;0.2388670049030278
0.9386149509522714;0.7416133424951441;0.9825128228435444
0.42595450798258905;0.634049128140389;0.7549506907085121
0.49370123162141677;0.21242357921766986;0.26537239706180216
0.10438336758042854;0.15488787994495212;0.9682074514535353
0.46802663751327367;0.03976878682307339;0.769861644099753
0.5157106195003376;0.34549553808537237;0.3096150889219593
0.07990493079041594;0.9045515881668802;0.6312114573541333
0.14805735613381887;0.8610341491625126;0.35913073377264904
0.017769568388659285;0.5669884601255817;0.5975536320025663
0.288286090442362;0.2157485944282208;0.17214027321222858
0.16103178796162543;0.20251593298617776;0.28976017266112697
0.15115952197384552;0.7230510719100944;0.013521019689702318
0.9916993993442261;0.21360551203643774;0.3366170275917083
0.1706472971275057;0.668927950997059;0.2576269958032025
0.2841612495527951;0.5974976932931575;0.4317221375443584
0.9767288140235025;0.9796888542145854;0.3581845145530673
0.3612961625613539;0.032372143335637205;0.7371936537526591
0.9853456478445024;0.3459624583368266;0.557749040945996
0.7095867043594918;0.029803092026230105;0.21155769934904467
0.5584879548970956;0.36182039396620846;0.7551660151376959
0.47994296979345497;0.02949406988262071;0.0011674772483049045
0.6885200674502892;0.04712621514631288;0.8765772986232998
0.18662510222528605;0.2782485845260978;0.12625564133006906
0.9859296054696467;0.3875674450711052;0.2723589142823808
0.7231458210137162;0.3620086510996965;0.7436935216525987
0.8892281676090613;0.3321613645354673;0.8529740230500306
0.555009652917193;0.6190101882778938;0.6333336555278738
0.6358003011661747;0.20036750999260433;0.3645383802164527
0.5201848716007457;0.06498154617348895;0.2883847024527284
0.4775888166412231;0.8105451755799733;0.37000573064259956
0.05070732438026482;0.6930933906504758;0.1742491834851737
0.7178094351554571;0.8228195810289143;0.7508431242937921
0.33186972919673563;0.6308475692428812;0.7470864258387991
0.36070792101231963;0.715825296596371;0.6325033347722796
0.654907679921167;0.4381144125322214;0.20029845518252476
0.5903657822572851;0.39596500957424186;0.02490309802279389
0.3094234556320089;0.958292487507675;0.3915583892645764
0.49557695484739295;0.6667391781802241;0.13117694766615173
0.5250313214539206;0.2423224517733933;0.04189789248201492
0.6996410932136277;0.6922683862653369;0.9892633841155226
0.6568747236449323;0.8245445314426749;0.1960963126304991
0.6101783888155033;0.4439910247475811;0.5439794091506095
0.5620764714749444;0.1875414681609151;0.5580724218500798
0.4514663553344326;0.25359341901234245;0.37896660189285947
0.43957537914115974;0.5905709853931933;0.6027757060972078
0.694705280454844;0.42905338866963005;0.13466665139448764
0.856631447792657;0.5731920175539266;0.29735002936631505
0.4974855427443582;0.9180167194500092;0.33739278822524177
0.8141895861489238;0.24053935954101135;0.09275415935263054
0.6731794177801133;0.9871697042824393;0.056169142376416126
0.3837175456174774;0.41531487243976506;0.4568760227849573
0.32081705744706135;0.3365263090563786;0.14673174522100585
0.3004444189277359;0.43419453505716366;0.33512797079391876
0.8465293281309715;0.9971343158653619;0.07281513321194599
0.8326187958985781;0.7468580902310605;0.27219226502282423
0.9961527953952971;0.444688085859156;0.23192610191445306
0.8725355094926638;0.03409054327967875;0.8623738415822563
0.009979131426926968;0.9963306035402555;0.49987932259063683
0.47586256977008046;0.36397696883841;0.9464878339118593
0.08748233599047228;0.5899828166448522;0.20837810290464898
0.49045214843872675;0.8669450537244779;0.8036812378922422
0.4323902319697842;0.44698140756511606;0.7774100044099644
0.03343050801286396;0.850496565249273;0.8579356807940578
0.3270383956977936;0.22961187991531373;0.6298194744469408
0.16150856502744537;0.29281487086967095;0.5193986433833976
0.9674223190192184;0.923094893453562;0.2990766376677578
0.5115538622904696;0.2689889634999182;0.6716869841595471
0.8233361112606411;0.8363028927560623;0.8987852171488321
0.7320536267683344;0.6643874579926312;0.7181672620351699
0.9528876677641522;0.6874061610959875;0.6079196173575157
0.5328232803615471;0.002903995457127939;0.330162958466792
0.8205542813312944;0.7696661471512936;0.3176103265604935
0.35981745376640617;0.7657985522535744;0.7064009611148185
0.5728388412863965;0.5034242134027009;0.04186325123122692
0.7159943256062409;0.5832176380854989;0.56554422992677
0.7722061093132773;0.8153875883698304;0.22694289762357867
0.35205639181982695;0.31519744384609394;0.8004380148415567
0.42351062651308335;0.2638910199914044;0.6081027212144433
0.29413756510984146;0.7618632623926013;0.5649747788098186
0.003622258004126633;0.47904713800070364;0.03399904058431946
0.1544757013680912;0.5318036782410961;0.9042079982727071
0.9176066152828375;0.395410153892342;0.640430502381773
0.7770054455467156;0.6876046961838148;0.8844091955649858
0.9737660516027257;0.8841931502140399;0.611100153800263
0.17819279284367917;0.6889459652208257;0.979476220808102
0.905682329548924;0.2983597052551159;0.42996258442439694
0.0715303321199422;0.5020970265801107;0.7576293659363978
0.7485001227260528;0.18830742796177824;0.4933352453855603
0.4662118759520314;0.07587972883453997;0.9485633134265159
0.15846072423080504;0.23454840399511634;0.8516692701675497
0.18618193631115154;0.24022095689902656;0.6085455047831256
0.3924925226315249;0.46001811976123075;0.1602793502493972
0.7251579549364284;0.5630298251729514;0.8033978181913422
0.47582571588679834;0.18056494733316963;0.5746488676124726
0.7761234636833934;0.8331751507526258;0.7000663797505103
0.6257096351251933;0.6476179996952952;0.2799845940959601
0.25884059553953975;0.06162881134733367;0.41900612267750126
0.5804546462004573;0.35844956272790995;0.7865662297017664
0.4120992186212815;0.3577396648447131;0.8247441343987304
0.09425776040315093;0.8393171444731443;0.7890100419273265
0.8015091136488494;0.20929073569204015;0.64397987625456
0.4274316466172098;0.11424030362355819;0.9465178003555047
0.05640516771290982;0.25075403412117026;0.746123632695431
0.1304565411186308;0.5977765560168892;0.4428883463550566
0.7045045226475967;0.0962237130473812;0.5039591679509187
0.6000666761553948;0.10842230225147842;0.27549454430697207
0.393992468673822;0.07737247640814571;0.8193199294817106
0.3681550575176178;0.5460318091666383;0.19125326420574817
0.6816147860788736;0.046569976982660743;0.3860381988109166
0.421598460248249;0.39929433263575764;0.2908667503532817
0.1159765746297019;0.6020200585675449;0.6067600716596121
0.6848518915609453;0.0863869287343455;0.11958507397128171
0.6643997194398022;0.8472750530558008;0.7402882930705516
0.44400707464116906;0.08972008895817363;0.7300638797162865
0.9763521754465122;0.8076901515561338;0.8952747783615701
0.1333063412075013;0.9675003573127178;0.4661079746212443
0.851676125061753;0.7792145748619632;0.7528391956025579
0.5898231434039917;0.5535977866169748;0.12645118501163644
0.11340563474570342;0.9810014368917573;0.42692005722143933
0.27496785662249423;0.11882025425593579;0.12034183914080931
0.625051283722898;0.8089300505988632;0.28361344009508926
0.2010908999026091;0.07762405076222556;0.5425078114006294
0.8003146526344886;0.6997310631622199;0.31613052216179904
0.06341532585110032;0.6818328012910916;0.3544219859568426
0.6377327132071968;0.8835932075288808;0.8023352208464817
0.4011268268806737;0.4249386892582093;0.2630882500965128
0.595359505735925;0.9673335950572944;0.30094721131840907
0.4442426842416265;0.578378746651106;0.5363103748327308
0.7310171509989906;0.1891212144791653;0.8183408602425425
0.09677453949693715;0.886035100570803;0.4674687393342303
0.21830539299391616;0.03987510318756171;0.1682564268564375
0.1190613300151464;0.5236086603826876;0.2997940569606199
0.19611222126616268;0.3885838256948909;0.7363154003423877
0.011412650949370162;0.18149797921750543;0.8872143741118498
0.7481746826725952;0.46726268265464466;0.9578019027755461
0.5266399363565409;0.3449135150762783;0.27201245418398023
0.11091658975363505;0.7450651928296225;0.5137257687236197
0.5598007294882327;0.2712613037425855;0.2797592292024914
0.4636466938763034;0.6641122861659099;0.548465673676704
0.275625347920217;0.9246831236153263;0.5102113090051924
0.22767489589554435;0.40437420405049995;0.3145934008280903
0.502952714854933;0.3664050343937666;0.760017048586351
0.30828749086343543;0.8896559269678479;0.2551143864543103
0.31070284187852204;0.7021435829923202;0.7011997698033877
0.4659011647467335;0.9535213091469072;0.6129384068166903
0.8329824690478808;0.662608459809815;0.12649429067632723
0.528184907996641;0.21226442743837293;0.004120160351409052
0.11678687840229396;0.6954985839172616;0.7421416228877624
0.1794867494460688;0.354064938703305;0.4467495549126007
0.780532267458348;0.05500729641566415;0.429740404044741
0.5871459708564111;0.30872313510565286;0.017590341112553642
0.0042487319421161684;0.8921031071171293;0.227332232018578
0.2946996187779045;0.5953048470351681;0.49174785870258875
0.5534226334095221;0.1944100712698481;0.5536891364810055
0.49787271314449677;0.593479648881862;0.3953396531727862
0.8589835744650727;0.7983956777684056;0.33379135692424156
0.5049689052588769;0.17980818770771778;0.2544607220390602
0.08626392516520875;0.8351960620404669;0.5773947743359797
0.1361528256347666;0.30762528203460715;0.7171829325899198
0.963368514173877;0.22104321539687033;0.8163365586983515
0.03460245416924268;0.8159324192649543;0.8039421278874794
0.9298887247350194;0.24775211988541213;0.5456972377769518
0.7430482592494204;0.39605480528568726;0.08295246224247177
0.5391819809587374;0.2433752735429795;0.8477550602331909
0.431400102623844;0.5707243177866788;0.6213454694900618
0.7635050716465074;0.9494659490919121;0.6276187188980632
0.16246961636705648;0.502804706722928;0.9962867387945464
0.129423345735725;0.3298354734290123;0.06229186946854881
0.343221273108238;0.7815081299764537;0.708313486195093
0.024534971543327733;0.9529516190797563;0.20417938030216853
0.4163524855961207;0.2557783728828723;0.986721717354217
0.4423924466294621;0.1576998435295912;0.9157212622111224
0.20194125120982787;0.0953729464838976;0.9679659410124729
0.303273023719999;0.6361429583126614;0.785675041845393
0.34228992677042236;0.46066217795934983;0.5693288471966378
0.11477850900851283;0.5264660469839199;0.66377676454058
0.008241714739944062;0.8429467815305357;0.4205260149894541
0.5980431347398739;0.34884898586426205;0.12171747764860308
0.33079828899049846;0.5148865937000355;0.7777520176892223
0.6786696331153842;0.9318954751946453;0.7826949552421805
0.44703142409748187;0.7411960657640194;0.9003587743703029
0.6088426582776413;0.39016305855733;0.4968531910535895
0.7184971051996558;0.540805947582731;0.3126727979036378
0.9267924260854299;0.9553880781654052;0.5173020055431482
0.4269523903585172;0.5989385618492717;0.9578637890845447
0.8152862237071679;0.8340319535526912;0.6137943719296257
0.0947041514293201;0.6995306760773586;0.7083721908576217
0.21201673319811976;0.9412890303850765;0.10638938626442473
0.4173582490944282;0.4608046395540274;0.9726563487854946
0.534381205005585;0.3242551581938078;0.7351952553780227
0.2937787191951462;0.75279677735698;0.7421784003150452
0.15274215291521742;0.5143186179010256;0.3346998967767473
0.6644564779528707;0.4827571185891474;0.9711581622668275
0.1731092873515938;0.17984614948266797;0.04496900013224192
0.3166853530942869;0.6980719150911888;0.447526778751959
0.780618484768493;0.4482210959267141;0.07477316309103599
0.9828886437904026;0.13404504954536867;0.4839801733822522
0.4927666077590477;0.39860218775905876;0.5003528150496094
0.8141338061146404;0.2796420707376408;0.4569159335595444
0.3467470283069699;0.3762044193730123;0.2923659694299823
0.8012086278000358;0.7457039258544825;0.4700638930396406
0.9806921912232741;0.6946774125244796;0.3473278407237771
0.5252981560085955;0.16259322641852436;0.32285174003715933
0.8820638975890566;0.634832787002472;0.057565851792382716
0.7528122406227892;0.7566714535722314;0.672632187824975
0.6226359541252682;0.2236338588113187;0.13367200247998434
0.7405638851029962;0.30901072974939936;0.13092314259534787
0.7783722425173558;0.38915279910555456;0.6461039687452023
0.1787106902035811;0.9240088488919638;0.9967963069264789
0.2040620826425168;0.5767358915656854;0.9585821622116896
0.4217568336367563;0.45928002399664225;0.18927098488333527
0.5136999738194182;0.15424799131806655;0.2908922615531617
0.7855927130585937;0.7279538716872178;0.8167032894424263
0.676450626223126;0.24919100132551741;0.40457465076590315
0.7744744405111499;0.6228747066771618;0.13806769970770272
0.3336038758774492;0.4481872824806016;0.46856058709504345
0.14174746800006055;0.049217122843218886;0.5835043577610103
0.013185756656258651;0.7977398311294726;0.09057440041976506
0.771765916652632;0.6260514710172785;0.43997459186979493
0.4555799653276391;0.6067058482983703;0.5834179012119937
0.723923114514608;0.5716778410565845;0.2520005837620214
0.18338765461689577;0.5288876286710656;0.4933115345675799
0.28017080355798496;0.7921240959323808;0.372998722783501
0.9366154402310237;0.32282125863402067;0.4281231024623561
0.13208396285064594;0.6447172217239999;0.20272781886713886
0.7874212314916782;0.8988782880549607;0.45392708529349657
0.5454675526258185;0.06619984577287485;0.29124044777793145
0.5206965243925713;0.7695867952233658;0.7467035078626064
0.3773455946666123;0.8338185553477165;0.020204335462277512
0.34054234114311943;0.20886977839220167;0.5092556867664273
0.29327246872118706;0.9738846373855055;0.8317597774767654
0.7607428143714036;0.884092582632138;0.4675573254907336
0.23930492334620967;0.13893386940968222;0.13875917139022254
0.2981673985618929;0.4022898351270039;0.9613963090090073
0.5310154983873162;0.08422727082351811;0.9459753628438803
0.656183744920583;0.6612962102779587;0.31517815847504393
0.2656425690280808;0.8309494576955779;0.776527364282237
0.6429658141518946;0.4847455774489695;0.6687987629774623
0.9116676219163421;0.30074626251614955;0.37562399379743505
0.5581929755607639;0.8763655172492468;0.9547175258254051
0.32249237393169927;0.977599819902282;0.34770845261454053
0.6586522147177819;0.558664745792787;0.6681937750109783
0.903897744132349;0.5138898789680887;0.885910217335583
0.7405942560685954;0.5934774663069752;0.35156435042168077
0.7422491044543392;0.403341979348974;0.9050461886977534
0.687704179897235;0.015563931403459463;0.40388283550284887
0.23912938266251726;0.7976372006748077;0.7311694421115231
0.7014319056863582;0.6101218615806375;0.47261930154313203
0.88063328994154;0.8047566933569542;0.2548706939901887
0.5166373612840777;0.2959976804159883;0.5807747020202584
0.16760649606694655;0.3837029990523253;0.4285394922943041
0.21152951611503823;0.78790645777371;0.7671067082961323
0.2875146586244357;0.6531372224605947;0.1336164512251954
0.7609459269044733;0.5402933034923499;0.9404844629678202
0.9502934598442837;0.7565972748387478;0.37622332449582074
0.30629017750508447;0.340997686819535;0.7834152864266547
0.5357197144865304;0.9578019382128167;0.5804766810882411
0.4199699222282287;0.08563629953074747;0.3732500276212347
0.3647877693751923;0.8111286004432308;0.7678955548428376
0.3707931766495358;0.18980474063733366;0.9432534550984871
0.34482409115171087;0.14936201596583254;0.882187506929538
0.6148033196293848;0.9394412820229646;0.46956247271734164
0.25055403897071793;0.12081685594600788;0.9128254042768824
0.6630031713774208;0.7782569770349912;0.5099572766665694
0.7496795229783173;0.9514379407726818;0.8949252459074032
0.6390457048844902;0.8294655441400647;0.4819959867742817
0.5740584912169719;0.6789310472154007;0.8391255534610529
0.9184563489231471;0.02518809073068029;0.5313618275674182
0.34889873000424365;0.9439868728518381;0.8502359619723004
0.31102652158396094;0.2475601306840548;0.3546855292955019
0.0023943807796796834;0.9665921415132885;0.8702503752035917
0.3864285249635597;0.09815474575118788;0.5440197417742675
0.5333637182995631;0.13214165957801693;0.29287082855180313
0.7926576716836571;0.4927158482373539;0.882027440998471
0.12115662931241433;0.022488593414848435;0.1192995274892128
0.26915131350620247;0.145408704529292;0.9326393737396146
0.40155442307009526;0.046995732474606644;0.819080205399928
0.4353965271781073;0.4824581049906297;0.2255942735118338
0.6751489283313349;0.7739473559026895;0.9670030258217531
0.6146816002791573;0.17369615078986378;0.8575285049301332
0.10031211840688059;0.9738155357753993;0.11885641324580065
0.07746157825487454;0.11279560807454625;0.9437143208943004
0.7745976981684695;0.5684424279620206;0.7285103260079651
0.6331248299325781;0.7900503007393411;0.9260609304875336
0.5115841944856143;0.3925590828873723;0.219706517650207
0.21696934717935257;0.4245779625972177;0.49148411971495376
0.49575660060071547;0.47374506778318437;0.7089891174720431
0.8539358243080226;0.06561628059709523;0.762115176853483
0.7976327020063538;0.7013503014865521;0.6170158662947463
0.9735666455563965;0.06855695498922054;0.7609228716246409
0.560116737326401;0.9581089169341431;0.611371285401609
0.36109759342659764;0.3924153057233678;0.750258723598472
0.4403924200635897;0.10891856123323362;0.9500686173908782
0.6589382504931162;0.7218744204683535;0.950111482957509
0.6660073079525519;0.5339839808716863;0.6273071486331911
0.8722639006276376;0.7395390697980303;0.7823521829642721
0.20550447688457085;0.5367768933413997;0.14096513660776355
0.715625464888962;0.882751326985353;0.7641952542743045
0.08888747808459285;0.4453643121288523;0.4212025588749525
0.5983452173366681;0.05325624003165752;0.4665319300759938
0.22146859914133654;0.9221780828973187;0.92189431943683
0.1565320822891877;0.2329905172190968;0.23694824701470807
0.9753181880078212;0.44440888705045833;0.016091344696759324
0.557680438853565;0.11479668775310103;0.8986974084748516
0.7334977725882516;0.6816490801110793;0.7174533299958566
0.18316194741190062;0.1337839221646061;0.6516501994921032
0.1515131002508444;0.1785906876348794;0.7839446131584709
0.6084210877278329;0.09113654521904124;0.575971596399057
0.039862814751118525;0.9829900344657658;0.020007636654271188
0.2199555015148309;0.7803338959419002;0.39097120794397366
0.3136850757090739;0.7301156511417867;0.8122571777465757
0.5058532992574583;0.31958870608148837;0.6193253883402348
0.514931406591996;0.6058234550982754;0.6030710233769212
0.6208809332123327;0.21793697828133318;0.1528906404868352
0.1256082932468391;0.09898787066402259;0.4577909316396215
0.10465841800350273;0.5256499632715025;0.6706348665556784
0.6026258415212502;0.426207308339998;0.7141775168777762
0.15542344865605684;0.007153195662616962;0.9616658226922995
0.3375935960686699;0.7570112447235564;0.5212792283924434
0.07048148260141873;0.9972023545612901;0.5270354422303977
0.7468622113160117;0.19256997715373436;0.042172915588748694
0.6065739978409105;0.16226723195303994;0.9272596261112998
0.9355204416238517;0.9794134802003381;0.028437326793083084
0.16222090655730348;0.1503473250146451;0.7508159390940224
0.3422785044005996;0.12213055171971876;0.5531224163582958
0.4027365090726436;0.022282242299263455;0.4592646320914502
0.4586061757790405;0.4923157743357933;0.10963624082983281
0.9158771245440177;0.6344064606520997;0.24958201338806363
0.3332770992301337;0.2936832950054009;0.28177021712737804
0.15660970963505028;0.49554147953606664;0.5810871286903906
0.8720002172135953;0.11481201048487177;0.8193289913701493
0.9963349305988844;0.8561010417582872;0.7057408819088504
0.8635727027889346;0.12687098680797515;0.19788626518343666
0.7994091683192102;0.6526694162554918;0.23940241226598225
0.6565870269479882;0.5313976402248652;0.6921093411607537
0.4913814811966323;0.8978943346153052;0.8877053187508633
0.8370117040763367;0.2335792930956322;0.5896843420158606
0.4804130452578229;0.050960527536113576;0.9549725808016837
0.6125091728091544;0.6110920677926029;0.705667955094218
0.7738436302064942;0.7923284067755146;0.19973043471038054
0.8544637996643474;0.5148294998015734;0.6817209563119784
0.43064165477545235;0.897590036137488;0.5661000725462062
0.11669072016255755;0.7628565856865285;0.25154835590615654
0.2950850882608145;0.41796897869594574;0.24656195913883971
0.24044809001115974;0.06572454385169735;0.2307655284548843
0.2679039262183086;0.8063783585819224;0.7958333792474191
0.7290012675076002;0.3188075002059343;0.1135819350776186
0.7505618245897687;0.7728872020287753;0.993041526344459
0.520639428621792;0.5025274448350425;0.847854504277105
0.5440442089956227;0.06495602890399144;0.1477917350767436
0.6947661974942505;0.1784080246434785;0.3409508744289834
0.4416461119663344;0.41196420272160594;0.5848790046416699
0.47980156263448837;0.7937208543814339;0.6422361330936937
0.8528255824825152;0.7972882886968795;0.532647152861999
0.8027547515953427;0.019560473476895823;0.16991068100648687
0.8095808733544334;0.057577378595107254;0.7933403808844177
0.12230889243597698;0.5964457835567719;0.5595820645562838
0.3706449283832258;0.43854080504436355;0.12894257944121557
0.9674025476616532;0.09549586010295352;0.9046704607703394
0.7875295312859958;0.20841821813102002;0.24077661415668616
0.35459506606603053;0.6862235847727114;0.1304071456457695
0.666170944755511;0.5476369750262513;0.9914999180475854
0.6138365138760032;0.8462405401105794;0.8068978645629339
0.009307990081814821;0.29546907935216715;0.3124909055624343
0.11593204370472321;0.5349935688906621;0.8084447569745801
0.4838323898525636;0.47053872856312273;0.18391153233971524
0.04294935597218508;0.5482182483360989;0.5342143637816842
0.37649944728115137;0.7248293765607985;0.9560510193565266
0.8638474152670987;0.6463771672302994;0.5932411282865905
0.7494880218613518;0.5204455878514768;0.4215558493989695
0.2172417172971588;0.598360523617597;0.28285148813358896
0.5808719746238161;0.3599677766208972;0.453368359563432
0.9883773231771993;0.07556939928266015;0.6345768339570489
0.47652940775713193;0.6143108845587393;0.3605221540246154
0.12484852025173476;0.3570525213272453;0.18549953633590943
0.5627862221265894;0.7973341587634757;0.7478080086196724
0.7308069061546134;0.5015335135910846;0.10919229340092007
0.05990048287945149;0.32868421963394523;0.499440940377619
0.06316188853769311;0.5128292686063715;0.8040974869480974
0.34563218796922246;0.49113939571374154;0.8089648599858028
0.658410717260986;0.4849597340151257;0.9087652979425777
0.8917709765546047;0.7237279228613006;0.12254805495680621
0.1273903610202779;0.8799656786251406;0.13472515110268946
0.10412918968193507;0.13234575675188043;0.9315194357573255
0.06483518587547188;0.2928931067133377;0.08374920629272142
0.19402867576518523;0.43130160269982454;0.9838756280917282
0.09731776823881311;0.5532093260325788;0.9730915938982051
0.16294001895252552;0.9514981892592677;0.5176109791398487
0.32464011624048916;0.8611891085776431;0.7749760891628223
0.7147405683424017;0.8482294616161868;0.725100233804869
0.21909854324899003;0.5824580956644316;0.45865069461156915
0.5976329934308154;0.576439362083268;0.5541727557547623
0.3892927871233217;0.8356015667356396;0.7436265087625243
0.8196897268698125;0.3602515745939012;0.008399847987275333
0.7969650407813474;0.8218107895649098;0.15682835438888088
0.9473672030405903;0.17898000761770205;0.1792800692707589
0.7897824763929823;0.9261162787689299;0.2814882747123634
0.15132192536928402;0.8869141013795437;0.5084283959732705
0.4024830350477997;0.7994389159532032;0.9974577458857115
0.08864480019812238;0.369284409901136;0.8703813431320867
0.6858353036194996;0.44417498451837356;0.019688226484982918
0.704702995742805;0.15456470261931743;0.9182185636796579
0.21208296103864943;0.5668480087797574;0.2551148561369706
0.043551589861310136;0.18779532493625073;0.9365146553991156
0.023624081965599064;0.10281538753854647;0.7398811484625072
0.7707672328903168;0.7602674904257569;0.4358827750714571
0.6342409005893428;0.7111745182277209;0.17305608103237602
0.6591419018267413;0.8800808696584076;0.3603051806231071
0.09330170451158604;0.20247171100428596;0.8985692030302325
0.24829435300676483;0.09313109920810758;0.6514074508792153
0.530763134211716;0.9138886148595976;0.14567290940286193
0.8607235697638616;0.4516782910658289;0.5723646409046813
0.886716945252776;0.6398914941070466;0.16990740583715935
0.9624445895589502;0.2009153769687665;0.379477806202546
0.46258375434837073;0.4584162411184107;0.5720499800671281
0.6926719584764726;0.6060366310355542;0.3541868717884993
0.323625367574252;0.10590255837749163;0.7989041001213404
0.39811518775800825;0.6114164377369589;0.7334153296808351
0.9689613460915151;0.9002890344724179;0.546950454366369
0.13724040606574517;0.731226993049377;0.6817947165282034
0.08958242737506072;0.6540456603812712;0.689472914410132
0.6078865491384445;0.09676527620909714;0.030335219178135753
0.7295468988902563;0.3059025696246217;0.5754286028910404
0.6804720058212004;0.061713383947060274;0.7757548089627516
0.01959016625586052;0.5126889473726198;0.31298181528259994
0.08506836972930842;0.42934207623460974;0.04996114205961899
0.6863384907635445;0.03671274354612286;0.46607264960492556
0.7263911503630596;0.11923520402999221;0.37592503708859315
0.004050146616720096;0.754926197424305;0.94612185622813
0.003162273610810673;0.8435317915110054;0.17383127145769794
0.9749358220469141;0.8563891143038985;0.5734656304901693
0.10732627556563334;0.9372416481711806;0.4694969053085879
0.24227256332682423;0.2617574945280373;0.49865085618129945
0.3013458685882091;0.9648393438939278;0.6649098828175396
0.6639222368775963;0.14677622125259282;0.08222169762741816
0.7582427096681893;0.7505428851551336;0.3044514667909032
0.49514611844085243;0.8509773375679714;0.7185214267711653
0.1937952092200962;0.4910727675836696;0.8246613516616735
0.45379245213230957;0.6339737187198825;0.444389705411116
0.8582956221471997;0.9268912816144557;0.06352527492784665
0.09923110078657926;0.7218628743891253;0.6658390534275521
0.19660114751676483;0.7097915318884007;0.6422754974191826
0.7987513271348777;0.44046307950047014;0.8522806545712149
0.10739740568704559;0.6051469873177562;0.9147614786939043
0.6483228249805018;0.9278395817254003;0.08587709939953136
0.26329984492817515;0.6068111811237836;0.7134912344122238
0.022219321604073472;0.40866633063495206;0.3623812218381136
0.5483237391325658;0.3348180899413523;0.37529399620293136
0.9469759184640024;0.08720203785730707;0.6254449731811232
0.6114587350438898;0.11913459551994354;0.7665797713148933
0.4136282085601839;0.4457473313445379;0.19100751194301246
0.31596684245904383;0.8189368528364878;0.43418665276701107
0.5612193840697254;0.3669412571866124;0.36831512710472614
0.7190394242284066;0.004684304885942292;0.32798161357960876
0.3060435043294588;0.2343873007313294;0.6115711304672593
0.7585273711811081;0.6231902610739207;0.2111225135774778
0.05922655768562379;0.5329328844199369;0.4590754914328429
0.27181936276213725;0.13769884402687438;0.8801237585743613
0.965677383290783;0.45225117746429566;0.7425145211346776
0.5481683316517731;0.9392064733922537;0.11379952520198988
0.11037964966264313;0.9691132008267602;0.16936568455633594
0.6714592191498245;0.09385686151580364;0.04970941481383773
0.8006423383177056;0.1975652575502269;0.9448285370509164
0.25221827439123456;0.9901482672924817;0.8181733020706258
0.4008618524182114;0.573793037315948;0.5796658657837461
0.776631020558157;0.649677099802521;0.7134708107733658
0.5735460696162981;0.5415020007228032;0.005937360017226223
0.8996213426525473;0.03861224141504693;0.9696126210640049
0.24808344620849543;0.13756816916746406;0.38165223513495616
0.7443096287937749;0.8086756968292091;0.6794191722244581
0.35198135094439165;0.8684834983406556;0.31025242110272333
0.1513825698903961;0.791173026868577;0.3562958096109685
0.33633923948272026;0.46407579546422484;0.6566147233770102
0.20565578736146817;0.5563894120218082;0.9829042363994928
0.22016364412913292;0.04381378215582876;0.6082863079332392
0.7217084059091696;0.27591133160851045;0.3656588252726657
0.519121045987806;0.3509446583736311;0.25894202824903334
0.8810459598882603;0.60686451964806;0.12345066532026372
0.22831603213620055;0.8151321248000104;0.8974822246072993
0.9082190643078818;0.046874064841600616;0.8548455767408362
0.8992562958093688;0.11231722337927219;0.5214533371048929
0.20391335821818912;0.9238777774823066;0.44172614368573604
0.4119873815925337;0.9923984224972592;0.8278740992299901
0.4770773754706259;0.22287238228646533;0.23307943550741794
0.054250271119032245;0.8965137937003796;0.9147122394904368
0.9469808422185465;0.031080555542895794;0.9062383946276314
0.8863260012282539;0.5509270986130494;0.9523829795236661
0.3959268338819245;0.10574546076863267;0.9194783839438672
0.9036040515028148;0.1019021397080685;0.9459257688513676
0.347945879515409;0.6222089191459366;0.8554018241191385
0.06831789374440567;0.8734963487615768;0.5491637084631201
0.3091385800855332;0.9472664805128642;0.9491727189541023
0.6478832455247213;0.6771555125879505;0.8875431746507783
0.8592035663550973;0.9406187477024447;0.1806302439550005
0.2278173242684114;0.7230566739473497;0.349518897472358
0.20997287364681283;0.8402019980907515;0.8656238320834636
0.19570210179195713;0.34106214742385166;0.7089777629612497
0.5671657951073823;0.9900607833794911;0.6616884514332144
0.24885340079668106;0.6431102788957288;0.409067755569432
0.6736651473409355;0.8368284889890937;0.33622635824906266
0.05781770611408121;0.07388117984943698;0.5101542551142595
0.37961494471270396;0.07540437586457283;0.5282882117247515
0.2950152305039653;0.44350183689561207;0.9065930170921207
0.5956051560624552;0.27670797037996586;0.338212756094354
0.7173737720925379;0.007350819640472794;0.8521894527136225
0.7397209327502239;0.6598555973918288;0.7362042531136558
0.24415862473134675;0.6842773728802651;0.684484278017863
0.3438177989734159;0.6627569541863554;0.954681217151485
0.0519555868591276;0.3099332026783852;0.90706196035875
0.4934355678819242;0.3028199372713738;0.6084600064645433
0.202385384681522;0.4377225393293732;0.667070725372484
0.4645833591214129;0.764980144248403;0.47456822534882015
0.5721415235753518;0.9860845585935877;0.4295792293960392
0.17643891594444883;0.3234766039560938;0.6957586698863298
0.9882944109397066;0.27120784465565073;0.15996421911131742
0.8368495812675286;0.6457431488367836;0.2490685111468326
0.37948180665068665;0.7770909990875559;0.2794401369326326
0.6923226585353622;0.8575991604387719;0.8813673077669697
0.3846788501722258;0.9332136461261198;0.3710224684222423
0.9106988112386794;0.9892886311258053;0.41367248200143336
0.34065019303452737;0.5671540082958381;0.1043717497861315
0.6080145223400218;0.903269205511016;0.3204424637222101
0.9277063336606307;0.5369311114698248;0.9740196853225371
0.34484258197216855;0.9700247614474372;0.36511666208091775
0.08547871435148502;0.04540046266218756;0.9504002585754197
0.8999268896358927;0.14475695092727858;0.31201419377826134
0.6877604163857688;0.11952186311307722;0.9086113509362844
0.7733943541003975;0.4402381449142173;0.2158528651374101
0.3504915075692474;0.3832632724839302;0.4262509145056028
0.020029396163643187;0.3081039597672617;0.8333688025095096
0.544320026626488;0.1617686207510608;0.32554976933736257
0.5308111262651274;0.8311698336742568;0.5033947476580763
0.8492044499215813;0.055597329997277956;0.1559223339469611
0.8471307249263553;0.4883300641862405;0.5051037560824779
0.5795673325670258;0.7420561640662812;0.2272428357540751
0.7781005379220263;0.5511761469734828;0.38169009655165276
0.9634460574442836;0.6432521991144516;0.13198952225609717
0.920189248675207;0.3930907811422937;0.3669632634115003
0.06158719445352012;0.949913021907433;0.19541183378621074
0.5236715693970972;0.5719505634379148;0.521818102445412
0.09732100988828052;0.7211953175371911;0.17047437866960424
0.4484152815218684;0.025355989988819494;0.9944685929936165
0.30562065842155084;0.20983688527983224;0.10570062354148324
0.1869031117085007;0.7843305824733403;0.6241571692600236
0.17313806905539475;0.08053673546270679;0.4765204105560519
0.6897882730037092;0.47790651422605757;0.36568417953010324
0.9369780110208731;0.8200259454791325;0.7469178938128302
0.3879537515110043;0.7601122053656328;0.640407083205107
0.9439297922767612;0.4501773841787463;0.8811919106543441
0.14015448000823938;0.013802153122637661;0.6441386510403386
0.08937582526951493;0.46438633496403214;0.27716775586456377
0.28388578973513523;0.3024429649484126;0.4505140016390313
0.8292562824895519;0.9126851720856464;0.8026612299585467
0.5795954006784922;0.7062211222429263;0.5302181657901699
0.7111499559711295;0.4280878235840233;0.6845920255061777
0.6329212890254202;0.6823100385774883;0.8077163897449701
0.0746574385267813;0.13329645968236015;0.35957261794482265
0.1376152122637435;0.22995831052934212;0.6787320748453866
0.5893910176099494;0.23809237025053587;0.4487579969013308
0.21600177298889622;0.09591208807832885;0.10692783949787865
0.1559957561947325;0.20476691512171719;0.7190578948793569
0.766926349817956;0.6240739757543577;0.9101350184043631
0.3205961918296898;0.5178622130652492;0.5124887163265491
0.4511944216772472;0.3954469865721959;0.963763763926845
0.23513634744839595;0.6279300534881654;0.6291114162766778
0.1610588404675849;0.45732474114765065;0.3025626673958496
0.35493163750753665;0.09962126529399662;0.43574639565349815
0.5041605048287687;0.36413102589327473;0.7968990081124072
0.9819733079445911;0.43855249459292245;0.6851508295001374
0.1979554909363418;0.293189749998245;0.3337354322161813
0.25445257155391765;0.9237726768106918;0.8140360317430875
0.6026886626654697;0.8489165322751063;0.9293299566885168
0.22312233893280298;0.7702988246595633;0.5588768891332242
0.3314956905404618;0.9344422213048276;0.9243063214919107
0.6224009570669808;0.4339890990600379;0.3324682239718487
0.9871672832522778;0.9005004998514271;0.9790629053889651
0.38013175200451765;0.9736369928772363;0.6759881665421577
0.9448415370745048;0.6896730250067692;0.5940075181472089
0.5588942250690938;0.43399242781337743;0.466045295222005
0.35656290593134443;0.0959721968728513;0.7518853735934499
0.7129350567962629;0.553194250550754;0.6076311871543156
0.4682304078985412;0.32584883480677385;0.8232389296873743
0.7601727779011427;0.2688379547253662;0.8318962670997702
0.7370489119902868;0.7126616905221438;0.8510338743079989
0.9648751303146657;0.9415275492482579;0.04226909655443234
0.7776696396569054;0.08271300187314368;0.5016845441517997
0.559383684393464;0.7409317669081621;0.41156327343857046
0.11647849081889505;0.706695525932305;0.058521479932702625
0.33625330187909275;0.43934707375103255;0.84241824342919
0.1769044762579003;0.28235813790017716;0.29322211169745827
0.18070946392218723;0.3096641078032759;0.3183045478313462
0.12917023265388694;0.8790055161163465;0.8094258917624281
0.4372749801455009;0.27163101100501363;0.2976778765923771
0.8564017483511747;0.32855177330804985;0.5155002599202391
0.6700787207674073;0.5449417321698767;0.4619521936701285
0.5776453490752363;0.028621552958331464;0.8280190740692535
0.6691316017702145;0.6034813181010615;0.8888451955450388
0.5907267677934064;0.46942272607566016;0.5314105002975414
0.3961345302964281;0.7527047995081599;0.024289589370870557
0.06415638278593039;0.7051421582385984;0.5390995039887786
0.36994757118864785;0.8639399319476612;0.4375911109284635
0.617621033440548;0.7208140766096254;0.562938335554869
0.24553190157040639;0.8865986347367295;0.08507515228696905
0.4812826126928479;0.3166724159447374;0.9472766421544084
0.03158125924132682;0.572872246190445;0.5425929978559021
0.005689521099481953;0.5333897902323191;0.38558408080501905
0.8304526941368867;0.021171034732096583;0.6270703251183471
0.4164295471497713;0.29792912875057975;0.7643211136758731
0.7778262846081356;0.5805842948385811;0.6618591797900857
0.242963548794504;0.23361210082706063;0.8124887875985641
0.22740808033088755;0.533401458220852;0.7974103164170082
0.8182329886260042;0.025050199965995334;0.05711492713638533
0.40104426634738155;0.9834686287900007;0.005080223632267233
0.12086343575915715;0.22473250647623377;0.6098022245703033
0.603264684093543;0.07026770001225247;0.4150967121552741
0.12780496107371386;0.8251836700453579;0.1428292124641286
0.8771711670664282;0.9025189696673002;0.5809588961268642
0.9102419225578001;0.7704547820503118;0.9120606862881019
0.6596195575013578;0.6102929391995251;0.3001781017187125
0.29831371372122595;0.21370156302227705;0.9413464009755186
0.8574196629266244;0.0075933419836080596;0.992585457937247
0.018383992986299225;0.5412141416380116;0.04065778968684697
0.7189865761023534;0.3264133421995533;0.6057956059669798
0.9056118112795706;0.25436721466783974;0.6079007538583395
0.3697204862240352;0.044530457983637195;0.6152491380480687
0.4635946030773581;0.5422021558331447;0.12742567690627016
0.36732496266729486;0.27681805775225454;0.18252384023147739
0.8409220592572412;0.642582060208922;0.720956185059401
0.3125377936209055;0.1656724996787361;0.9533124344112172
0.38738214868006915;0.043525865483784565;0.47864127789711974
0.06615157520793313;0.8212005272434886;0.680677918885634
0.8741961924324281;0.3866443001165192;0.5901400794788125
0.9471303669532253;0.4040684499213004;0.8073597122121212
0.6272716842901449;0.04565048934437743;0.94560838851013
0.9311129057525032;0.32845655396160034;0.1361136931317447
0.14204251521847133;0.9294091518513885;0.7594899234336832
0.38205655325670673;0.010152305241165949;0.8615227749886568
0.4093715304038351;0.9423336393687555;0.08794123595497749
0.8426325582514883;0.2912162320142734;0.47052767369165327
0.6500468714069146;0.03739474462850079;0.9394073428055021
0.8278571830499126;0.328086362898786;0.6010666200605819
0.47942130921890336;0.2063872725423268;0.946686235102401
0.32735468901639486;0.41797726915285016;0.15178083401425768
0.7265353288036436;0.016576634999026063;0.49302010588392153
0.483757520351765;0.9314616008309498;0.2796493843220227
0.7676572224179842;0.5767643166280662;0.27276849479688436
0.23250457159614812;0.26832443334614464;0.4863455731004239
0.8773404390938782;0.8172503819510951;0.16970217717056768
0.48915078192958783;0.7463156853167456;0.259783046166453
0.7848049337124707;0.19421585758712323;0.743649610021707
0.04304331917785498;0.6169403069296084;0.9682985561873956
0.6549929611544909;0.9193832242758075;0.6509273516411662
0.1015223824338346;0.5808190325319924;0.3170958120482238
0.9780083541490789;0.16806581395763898;0.3228073226340401
0.9113353041596605;0.572339029107141;0.07934998084756617
0.6679173270240842;0.8907550083285368;0.05087459246831738
0.8784829495504105;0.50454196858008;0.06774305585581974
0.6265427190140603;0.10160856739075186;0.5374185492733526
0.9058668284079586;0.685544631453027;0.047393907663594526
0.10990112332075108;0.3540851582385198;0.6815581888280052
0.8000794764830857;0.9019458413205188;0.8872092349064984
0.6266393857120645;0.5329747742669413;0.5234974613834292
0.7164018397641791;0.7860484920128781;0.8267338541573565
0.13354160411907867;0.8679184339925301;0.8698387796772333
0.2709324413223221;0.5348412915214318;0.6662233417070824
0.8322705039527319;0.3300661749364492;0.3602257866346803
0.16498279194187804;0.21681871081866;0.3683189614126996
0.8439745594600349;0.7763844827820906;0.4424772458544709
0.2776978621731051;0.15516154928792902;0.4184607887184244
0.5165458826481516;0.2956096947310519;0.201523722132544
0.23578745020495662;0.5314150186918226;0.3160551833216413
0.678470670120235;0.11342256813427043;0.20424201065861725
0.2006973314632422;0.25546708159044484;0.5232600710133262
0.038818521865599975;0.8113410022475821;0.7248551649130377
0.0760508268070067;0.9467156088820001;0.2084339986646414
0.03499692829703571;0.8656275218195212;0.1065252922041694
0.3451798159720746;0.7177611011111733;0.4641920404843206
0.9926998901037354;0.8266965344109702;0.03169519358956474
0.7204107169171752;7.93641742191653e-06;0.8378891356318916
0.1622311276478715;0.28645807305926163;0.6523832602641284
0.6522695279480436;0.7391122708929633;0.3718553822670445
0.978715385147526;0.6210931470210432;0.921366135541648
0.6003728436454498;0.14814258225773036;0.5451147801096567
0.5648753780850531;0.20221865987056398;0.9475229376726215
0.571958411462228;0.9061484458413228;0.2147026972685292
0.5592825126740494;0.725014486456656;0.28274935738619966
0.9404131353316572;0.6722222451766812;0.5694312298176267
0.15200830073611393;0.3450214306759317;0.7698609069098561
0.7509342945491776;0.14559192750503913;0.4361041928317476
0.036565072648135244;0.10794438334353063;0.39259539623379436
0.9373526336156363;0.9457482474654706;0.11320453374905526
0.7735633494251608;0.34279148892837574;0.8837932649040048
0.7838178734752289;0.2696252269009275;0.2957684514700607
0.3637824041799602;0.5974086624982566;0.573056610319646
0.8224913109398037;0.08717552215209967;0.05916376447787974
0.5008138214237935;0.3119436709198209;0.8671936164979582
0.17286125118122897;0.5115900863387592;0.6833045683186434
0.6763272170074115;0.05871796875819357;0.21811933114799764
0.6101515479036818;0.5624520170832954;0.4603215863433202
0.6071984148212722;0.11580532381609099;0.7583780978069858
0.7500258262154563;0.5719753345103049;0.35835027589536106
0.9468509883562262;0.42859669595516325;0.8010404734322913
0.2982296154487346;0.6601155400754402;0.2640340542743329
0.04471420402632842;0.6548601648963978;0.26164053114090524
0.4543867453286752;0.5242725150189942;0.7717123188308048
0.6508827558211562;0.8897988928943648;0.5606923588461203
0.20509289620651594;0.21103642873993178;0.33658884108526455
0.4648247437822748;0.7005473935558343;0.31879828479781436
0.18618277547734996;0.5596643390825817;0.7309257151136731
0.8871201338173375;0.08789035520195754;0.876539941479087
0.359808579024969;0.5497350014576805;0.5307225709050851
0.7034693431200704;0.8627267869689709;0.7217237375891817
0.668145275509354;0.8162479343974495;0.750223521523463
0.3927986927734417;0.19024642153666993;0.7884722743759895
0.5088305626294439;0.4966288162911695;0.5211859960560324
0.7733651579090922;0.07570475953917843;0.3844022366825063
0.10062200435136348;0.005628855418123635;0.948590214199196
0.5242747972554497;0.5759775595367251;0.7944488923871611
0.7529836270434609;0.1043702540272633;0.6231094809842833
0.9742669649855006;0.8362307517597779;0.7942704170026024
0.1763637844473962;0.9823461213384131;0.5993448295399785
0.11750371370676216;0.6795171041027456;0.17224970502413373
0.06923305232326293;0.5535485157504719;0.48300747945861655
0.644247005175761;0.9536101700211919;0.8066816299312943
0.5867547048132279;0.48626285790893;0.1886713398213281
0.5571732246927239;0.5578018786636524;0.9306034356503096
0.5442161701018923;0.4852956298965907;0.8542158439053129
0.4917604367010807;0.5774830139181842;0.9953735395988628
0.5997397765993582;0.7395870880395283;0.5969426641617682
0.3146779918323461;0.12091769145454334;0.6698626622019894
0.8050554149642095;0.07138556083527903;0.6314103213016276
0.05437191788659779;0.0568292250287461;0.682554540371003
0.047611712039436815;0.96654722375624;0.3691575411575505
0.605302279514831;0.2775214836195501;0.7792731204066912
0.33662962778560823;0.7648026852343784;0.8653121311482234
0.08401873795564829;0.5493938971154758;0.9793346893496245
0.7113767145860324;0.8618970762452771;0.6160635447941032
0.5225252477943843;0.3854177668634524;0.0835577656623292
0.31006149368369973;0.16089204117670086;0.4560554589797151
0.5629742500823323;0.49861814222654066;0.733415797997812
0.4962961357307112;0.3980255397843826;0.9867640100885603
0.6755536526941134;0.029950553311730688;0.24945778992950196
0.3682021010885913;0.9653532642429714;0.432646914592111
0.4118678574887902;0.4598068962943077;0.6299179316251667
0.12340782807487871;0.08763489401795554;0.2985857079677823
0.06805681391243301;0.6729723907287167;0.8883846830612432
0.27156360271016333;0.7112222682599529;0.4804442067388145
0.21993344949591742;0.5546022091523342;0.8113944782933868
0.5937714748431786;0.9852729374435655;0.4781013219259055
0.7337564520050273;0.9494909544477168;0.8842221170413517
0.8820360084326506;0.7462402283197936;0.21189056319544253
0.002614412208767458;0.061573882987235096;0.7082618251202346
0.45540397636473606;0.16832062570175843;0.364670858597976
0.0291417792516373;0.9692050030669671;0.6949034890005112
0.031524911234259156;0.04386543520528485;0.6437708451318737
0.3533243384079112;0.18663207970413986;0.04179563644152151
0.2911487925328168;0.6641996999746366;0.24839714379987066
0.9435617234462368;0.6268192599752118;0.2468664144786482
0.64156077391337;0.5348241370278087;0.8266575981152232
0.2501051076845455;0.6899592373391672;0.5304340037785932
0.530398139336598;0.17782659318662697;0.38372843339025353
0.8376719203841186;0.5810195356121778;0.29288696099204725
0.5533465097032808;0.8308974834795625;0.17295129705877788
0.7363753897919799;0.2203944646453302;0.9864701840526414
0.15526519707236663;0.9466374417361121;0.3788063440444376
0.7839453691201833;0.41811994925057894;0.4604793930998198
0.3012438459192218;0.9751157222081775;0.6928528382282407
0.21359330564786994;0.9758672941966063;0.005888780733759091
0.5902509438321435;0.2436788291384172;0.5954125650273681
0.8654366668859984;0.10870405496702207;0.6289165942132685
0.9831158275866003;0.5286098310085967;0.7706303380062045
0.7595312017972767;0.7541118162443459;0.5395201585505399
0.6796015911092907;0.758306088725532;0.30007884520449424
0.8863756505884538;0.620608550427099;0.992452563710009
0.9765047529999801;0.6954623090059583;0.06298837430169257
0.12458550779666511;0.5270461460604717;0.7108961656933429
0.04609523497081125;0.29496510931300834;0.3847651565031368
0.834621170296344;0.27112886631762856;0.5835168556818701
0.9559150746672472;0.5434675940877003;0.22797940968704888
0.7924729223658626;0.5632149796218088;0.3356339177141413
0.9042841210699506;0.5539677132047581;0.374409654177431
0.5022770119496492;0.24734719253597393;0.8942816141162917
0.5663891598894957;0.5448475596208574;0.7159858847432019
0.05106213969095752;0.12859633477204457;0.3346614974717822
0.2365737215965561;0.8531851472992015;0.18589375758024862
0.7464005775890782;0.6820338565657723;0.6193915341252211
0.39820877741986516;0.9091420980227295;0.9836379006206589
0.6484801347879129;0.6389355681640362;0.30858003681503077
0.11972641200139955;0.5326593393179961;0.24077298164705574
0.7946380300573734;0.386234705878556;0.4353401591504513
0.8183227182109601;0.1910828715946109;0.2647422026096422
0.053852782046291514;0.10349963686010843;0.5084936250637214
0.8645664246933944;0.3686631867824257;0.4382535505534755
0.8052901397946944;0.9946865091336989;0.5005451887962467
0.5232903202176757;0.05356414802272225;0.20164927691069623
0.4493891059644304;0.9504139068247255;0.16368163674657754
0.5158930411437608;0.030204483604150845;0.4318480300583494
0.15699157448248235;0.9247897429932761;0.5275728174102015
0.2816187338894264;0.8764498167733309;0.6532032491474634
0.08760508840633141;0.48499884508508395;0.9886412170178658
0.09403613370058528;0.02020537401478073;0.8624951457052417
0.09818439523376088;0.38391950444767764;0.5759554983121291
0.6959365112587395;0.5679014752551882;0.4388265234543852
0.6739133165464025;0.3088870277370904;0.6528627668506912
0.3383866162595299;0.6268565046046896;0.6731478713230722
0.3798776229373013;0.8326554614589786;0.6386011095149287
0.6270138192788572;0.17568975798316655;0.7729378421063109
0.5985061345737609;0.6722821101656943;0.13235007922076258
0.3479740998835422;0.3714480693375697;0.20185374522864474
0.3425930988280955;0.9408150864225614;0.5982812528015027
0.243682203871051;0.1857827778358614;0.3813414242479156
0.510643885617298;0.024710878570475714;0.6464795075747068
0.5233762660917635;0.1590258902655275;0.49404748103062335
0.6635142834275738;0.15970830265105618;0.6617911672299772
0.14818172440539046;0.24081259242321396;0.6858904081053702
0.6458666486077397;0.5949103287042004;0.6162917444607475
0.8762113136576929;0.29450334158144087;0.7915104790296339
0.6857897191005566;0.6750847437767693;0.0074714781110905015
0.12572315833185144;0.40281616672679765;0.3548409215487558
0.734889600448673;0.9710063242132335;0.5203588676382138
0.9549816798407079;0.06544013172351215;0.11031392096345138
0.2902882845250344;0.353820140321115;0.0646454084553525
0.947523644487579;0.02126017701460825;0.9020814093698306
0.8553145021678074;0.7985126347269043;0.20312535955973854
0.856167623363982;0.981198524195893;0.8516779315640035
0.4791801110148737;0.32346969778054824;0.8857334662761316
0.6808666631855953;0.2757020919873113;0.3160642397298502
0.24210084305965585;0.4365120047815726;0.7790772499717046
0.16496572142268096;0.6816469626342971;0.692200550049603
0.2962412435475167;0.8083695578287705;0.8512738481497245
0.4866596171303075;0.18697049909951802;0.15783574118137955
0.4927304293556244;0.09285467753610122;0.43567490552749055
0.5967825879556636;0.18247702951283884;0.3416621126405497
0.063285555809793;0.9321349759716235;0.5417041384431637
0.7099471428473735;0.7308802349829182;0.8542584062461198
0.09881230658702422;0.463303893280402;0.8380719330580402
0.2641626743863038;0.1363612076649101;0.1447143968804805
0.6556360820918863;0.05225571286446584;0.3551057216330197
0.8852371153861196;0.014285225522317702;0.8066487216959568
0.507036555976626;0.3716576140148302;0.9339268384237575
0.5016487135129077;0.36977591047105374;0.5420879389956743
0.1459585856151684;0.09788343305828373;0.5008305869277013
0.25812452023247356;0.8869222272406715;0.17481490083070372
0.3545646183952327;0.8552701091381935;0.8460073705542382
0.7044149688172078;0.5092704440758785;0.3470619395703838
0.3768866293089189;0.26422212963935465;0.9210746488902701
0.20940029286223838;0.9986439975604111;0.4242031186830474
0.5293588876604953;0.5842869220942448;0.5187457950015442
0.7779549473113113;0.40767419468612065;0.04261265208869214
0.2057787491102394;0.8143860860309927;0.03787887385172617
0.13455753799136438;0.7397686943729902;0.08371916022359449
0.21205964974212066;0.7149276494139314;0.8262133024525443
0.15399668813632583;0.9688815690934255;0.1875742512575872
0.5690571927822426;0.17359078792195548;0.30217700024776295
0.2694471903127529;0.9681460153134862;0.7271694769994582
0.969662984114423;0.2147698892893939;0.0025467653052161365
0.12363843424099907;0.2864353232727749;0.3466859740507936
0.9545878706448381;0.30197043707856996;0.10264943203927712
0.649433430987111;0.3163562020607501;0.8483383214960647
0.876882689464764;0.40281269096531713;0.28170122239710615
0.7827641951378937;0.9284948393037401;0.27474218168406095
0.9492079778581441;0.5960312055042797;0.4875996542502157
0.886772081731024;0.9035979086862789;0.11930130169964925
0.43758431759829597;0.14990294907035395;0.25351569045664557
0.3760340632756304;0.3521262096808726;0.6523849060947559
0.9768098556321497;0.07863826800011464;0.8204418491974622
0.4859182690006745;0.9096383657634518;0.9490992677730564
0.6245015664993351;0.26214211100015206;0.7510749438387152
0.2149979925097949;0.4488326156038287;0.2065598203112029
0.1282186047091548;0.6708077506434562;0.2220301991492949
0.05267592124915477;0.9180125350053584;0.7585938785574914
0.4735798209389215;0.4481487519371137;0.36920667477667146
0.7570889535991865;0.3815900779206317;0.13682080069595048
0.002023736800822129;0.3325894085719511;0.05522154544819258
0.4935370774141995;0.6720139774870191;0.021544382739331347
0.17499069171786197;0.7873239562884196;0.27983274871117403
0.5179162495150467;0.23418479007210258;0.5740872067070475
0.8098550980881605;0.3330594070037697;0.3560620191887581
0.06895376829581346;0.9277978207535351;0.7816632701004382
0.4174302254910083;0.8226628476516431;0.3148912664724448
0.38427361582096553;0.9242044725454394;0.32851264378433065
0.8990120290289466;0.008043414119581871;0.5379773526539245
0.38569213626802945;0.9030215540644667;0.1314796816668713
0.16834871279027563;0.9984560231485894;0.16982965662755356
0.3363366340860816;0.1597006373595976;0.35686159883326063
0.28022283131813763;0.5862189810998987;0.04827306676370147
0.8122203684418258;0.9864697483982229;0.2658555327437301
0.20060667450529623;0.5766603673824956;0.024944744384898798
0.43215774741341084;0.5079650843114166;0.1321710677229484
0.4961781755271778;0.009883817746245693;0.8446857223240546
0.8376332628021407;0.36951546696949733;0.8459118809679229
0.5654900875827104;0.7362926952377893;0.7888802000157169
0.5669807242458469;0.3017333424547646;0.3259317429118269
0.42881545583637826;0.5695344618813768;0.5071019029555053
0.2154007403405852;0.5792791497026474;0.17179557593106543
0.039863557360264035;0.6232230409686919;0.042706020256610855
0.6312098627660044;0.8930644220735285;0.11161423435665152
0.7516572699550885;0.29367528617474936;0.5346548465001467
0.9344459515774598;0.3224682604670279;0.11114885729591528
0.9431731486562116;0.9985945767911187;0.6483047853479137
0.1985882827119042;0.5091364464379458;0.3083099958784501
0.4907088881206648;0.14298202908753044;0.6772565320818505
0.3507942336700729;0.10528996145049441;0.008855483904033234
0.7056748949492702;0.7719315129141233;0.24425945588021958
0.22134987290939856;0.756554871275046;0.024720407886415052
0.18635104221673138;0.28405120127946715;0.11359846363697668
0.8029879330656315;0.22507206777308852;0.7010137013983128
0.8647252299926953;0.8667037332953552;0.46617427641245446
0.6389126520626622;0.3392105666170748;0.3567202804373919
0.4071987182229727;0.7079996040175486;0.14498966149115078
0.0032582386954704834;0.01817991783629247;0.7462805541974394
0.4862504329448042;0.6125641804860298;0.9055403609180703
0.3613116089466285;0.01722916362506921;0.04293333163892632
0.20818034016893572;0.6962534295575126;0.7205596585220386
0.4540390003378326;0.9155461510385914;0.12461032388049909
0.46965268705068386;0.6309425327382722;0.8816023444388063
0.4545279548052896;0.036413085579863114;0.5705372030048177
0.955847970723839;0.7254685589480558;0.6488656653335487
0.06412399639532529;0.520387602908585;0.017297593487776042
0.7076503320679096;0.9387757989790453;0.5229744322791804
0.7733261625620629;0.6392265523495102;0.040457368429013596
0.6094822312915857;0.37880898393952056;0.8726549656096968
0.44450525919247785;0.4167757278562212;0.3872587051555828
0.22874394556294686;0.19920656083893484;0.912003723715915
0.6308676055925552;0.3828980614468337;0.34757765806233254
0.9384479490353314;0.572782441543808;0.16266485073973924
0.13025451820603873;0.7706286625489076;0.5072331463730614
0.10587469168585084;0.22594249527684307;0.44670122209840524
0.03948947463199448;0.03362636660786189;0.699783930572036
0.28487481790737834;0.80442015126662;0.5440347204783834
0.34392990768454246;0.16780766148284643;0.5745296284561997
0.6875262256133056;0.052117802724457984;0.4402153841634414
0.43232726068513505;0.8330289781705522;0.843109061474248
0.0247031853690175;0.42418521142829435;0.05449300627002207
0.7337091937752286;0.8767780564529478;0.8494438282002373
0.539088971178634;0.42676013407876834;0.0779097939140927
0.6965391519829938;0.14630229435523556;0.3046998601101869
0.14957653608712151;0.10079215527713459;0.21910950266177898
0.6917746188830524;0.21502697995419984;0.0579041609913995
0.5708832499559479;0.23545894844090076;0.9134668565202931
0.6306021649880424;0.3534318549050056;0.9769306988996108
0.5443189561007258;0.25494479535139847;0.5479440318052009
0.7944199544242165;0.7979419351026436;0.533505760582024
0.23099489702743903;0.7856535373318153;0.5116441086517629
0.693542902221117;0.22850105282833755;0.8586349665689795
0.04607910053463027;0.8040790410064751;0.24203682455459785
0.8080382638096989;0.6457427375797202;0.3006711607037963
0.6418120981579365;0.7086972924122515;0.0482290490698043
0.67006693738317;0.6109424576834546;0.234537308174243
0.1219122583593486;0.05026573763151376;0.7239724099598214
0.5363963581700029;0.2654613296117534;0.39895458487942914
0.7681331909380258;0.71816224001468;0.2702890306279977
0.341396699582866;0.28526314799713803;0.6291268018248106
0.8644559513298818;0.7313898258634803;0.43252132965926116
0.3248022263554702;0.6262594319070364;0.43823352918511826
0.18718180239043658;0.014911736859646085;0.24219562706303044
0.9844940389907334;0.06146255497783837;0.8731864271549072
0.2132620814214563;0.7192759224488388;0.06957066827274927
0.5809747615575023;0.29646496129239663;0.6958131012713146
0.4053408817444143;0.07011577155657589;0.5031217913824457
0.885900220440198;0.4153077609251906;0.2791950959477173
0.02347455038124191;0.24764647800784;0.5548119328158577
0.5949321231408937;0.5891604864389169;0.2033941146603775
0.19319853840744705;0.7569807805347859;0.31863052531190594
0.5893518064535381;0.8509248187403591;0.8743094795299368
0.7472779598530944;0.9136689638701105;0.05575352110490506
0.1251649966239513;0.554402591807901;0.27203743248532253
0.5638069696040303;0.12244077247255925;0.4581569731888985
0.21524012015861727;0.7012091449510921;0.34210513982727564
0.2401406240221048;0.33672286470696955;0.5713988604243658
0.005098961932526902;0.6380352659572857;0.32218050058694425
0.7904965505492284;0.8955988361395261;0.37392057590812533
0.3877758598515093;0.6149738961165722;0.47201292379139725
0.7691960947445547;0.17544467255659724;0.12649813542290445
0.16380495970967912;0.2025595282966398;0.8937157872137667
0.2696197376158802;0.9302012003733805;0.12175052342805126
0.16207282958813873;0.5008502569620016;0.5476906527226295
0.976583235321862;0.039020512454537415;0.9227956093662334
0.7182617460377808;0.9257108489288511;0.7641944758906765
0.13419586155978858;0.9021039950791955;0.9595764052264041
0.782689001404703;0.9249195620955338;0.9172124374863241
0.07424208859813453;0.07159225267820435;0.7802248419730561
0.09641261520860767;0.5434754362044553;0.5717777914805775
0.8043405411124482;0.2190304677705781;0.8844624460961227
0.7738381180357388;0.4550202960970777;0.8124229797662713
0.6657684675312118;0.7615796284369641;0.9454855512184112
0.3175635098427193;0.0020396117085402787;0.7249979422943845
0.9704612653680246;0.7979756807651853;0.1587432312934698
0.7332266683533153;0.8441811190412493;0.8734842858404466
0.01819773644605016;0.23148076603144818;0.9418064277113618
0.12631257649933192;0.7076868736466941;0.2520446357834797
0.9951837441737137;0.039650086706634835;0.9765138517707593
0.11424386575449808;0.48391625515967684;0.5956025056270114
0.9060128795066835;0.2995103640839717;0.562146649143288
0.7158991784411799;0.39869541868324776;0.622706840377852
0.4872958055348723;0.8277916492535047;0.428895014768369
0.4881615634916713;0.9824606268654923;0.9618463940025719
0.11121993044487954;0.43147132507803965;0.16729206900137072
0.26549442469790885;0.663830363367229;0.3373170421928947
0.5019063486789581;0.7515737553373286;0.6810473936565211
0.8203435281839724;0.4008031658200447;0.324999168731233
0.2964721964985718;0.9453076235444313;0.6139356173507828
0.20713167092719464;0.3500769009449658;0.5552550158599983
0.5800426424356526;0.5202086423667296;0.8918065251221453
0.9509051660877393;0.34210012335737205;0.9489332204791644
0.8679678886775348;0.28107295744978056;0.07461553358393125
0.5174267915214766;0.992463532406869;0.7918880038019813
0.19998772472355075;0.6132468218986603;0.9627252506243209
0.24099783751196946;0.7796272190181908;0.7233829507528792
0.13126108646180612;0.02942513165863203;0.5168752458149388
0.7552396715345693;0.9343041266375862;0.6033606609074317
0.22969709014113715;0.48121594952124247;0.9195147457516669
0.7536243450170025;0.690051532368215;0.9802043222148477
0.25045740965228014;0.37880421818529164;0.01028363958135714
0.848234973555611;0.27172472650580415;0.936520054905517
0.18965059919510663;0.3177517886212744;0.5719651405535328
0.4271779207215096;0.3988446924472101;0.5832208878005781
0.6246398711561333;0.10021266460287381;0.9511054382789997
0.409104655130447;0.1345308526464244;0.26461187587709356
0.4007091745404797;0.9824133785073537;0.5092810170848977
0.04168553638202532;0.19922060675402165;0.25064257707292403
0.8613509896733319;0.20780496187317465;0.27676658889579087
0.07413789402132098;0.9810182643317622;0.26169228825958324
0.21051838501873932;0.3725005940586422;0.39132997734942243
0.3727785577871314;0.8377427894897859;0.03142266146318484
0.2424230959472602;0.7239175340469132;0.5877007938584268
0.40958685894469693;0.35818127512302367;0.8226357978506937
0.260764854045479;0.2258071880102036;0.7649278885870275
0.8191388419048319;0.25648815731358665;0.14877114298598404
0.05602371774390991;0.6786111737282449;0.44907092867188314
0.6976412347098504;0.3074030040901877;0.5218424322604416
0.5061604704476547;0.8491172132275355;0.09875666035243691
0.3092688083430467;0.7207498470472518;0.7294856963830593
0.10765017227530138;0.9146201385435526;0.01722644112610605
0.5387318629156544;0.3185019775336142;0.8630275483050645
0.25558104629566547;0.10981874826469917;0.4995789669210583
0.5313181742270124;0.6750753398964393;0.32677807156121985
0.8443284263430364;0.9155560757791235;0.19688345238425542
0.2323724117714666;0.09993545306424256;0.6662697951976065
0.44690438125655074;0.4828993839499115;0.3643615655662198
0.3692812373821537;0.8234214009396064;0.6961140974808514
0.971995543182736;0.8559981367987793;0.27683437139051004
0.7550803046377155;0.01567193913642262;0.022342554365513356
0.8642649007788105;0.12718432810364932;0.35164206206325865
0.19410676302693441;0.8441066011806253;0.13915860105939237
0.5542626071975209;0.4827474848815202;0.07418985295818203
0.8758819361982965;0.11778422399503696;0.3297506435620625
0.017145326272696604;0.5652217397489766;0.47310439325542564
0.3014828061215298;0.6804272087407494;0.5583187024801832
0.31685258576783926;0.5803125221374549;0.7697783167110299
0.6052719996687737;0.9721751019282119;0.7652796896393851
0.9377642948812829;0.7961248595938257;0.705501620914938
0.6972355678221519;0.9537995735300502;0.7754816597109229
0.5268905724190239;0.6962269834572423;0.9981621996229758
0.5014558311886733;0.23009839218401684;0.29347074949803
0.7848051495497093;0.7874442122866201;0.3800155573996683
0.22059443331767037;0.4352061192314236;0.3987576262897037
0.6719414555645961;0.29888529107152584;0.6276522414272776
0.909430982652354;0.271062438696847;0.2889443069930374
0.8202714638970869;0.04178210607105726;0.27640092028145524
0.559459241768133;0.319659491836658;0.48068027427745386
0.9067212501295907;0.3262618122687;0.9290951040248717
0.21267178935850028;0.8952917936809124;0.12279815751840462
0.046268645794659946;0.5421787300149185;0.9465189625151244
0.9931366755492069;0.6189372334278316;0.01839005464164667
0.08476480607816994;0.08484662512176788;0.16627948324110475
0.5807396454183805;0.3390885811679366;0.5734804093686611
0.49305157553498535;0.13285150670059787;0.47947780353863056
0.19976592561583506;0.7411822460664232;0.5278547757061055
0.037682341405930075;0.3388931319082841;0.8359292916373406
0.38282319452253466;0.40421150516567905;0.7349265037082183
0.5794469120863004;0.41723407426850656;0.684088385150369
0.7674444956406722;0.1639411579059652;0.07895189394835533
0.49802515578403683;0.5354124386422161;0.3450962130639911
0.5272727963313001;0.907577727900491;0.7762673125359244
0.9023934777284518;0.4925687050142642;0.4787123946495184
0.2209568543329392;0.8700005465414795;0.5994962656147349
0.4280815858608569;0.4349054714130003;0.973544480720673
0.4064140842693793;0.6321964365854887;0.4553057182518928
0.19669610125710446;0.6242695203856394;0.9784985617927892
0.604451186030949;0.5105015431237441;0.6983007533813792
0.9107189679586094;0.022264584792209385;0.5708354265492095
0.7198305917219981;0.7840896183064888;0.13385595606001677
0.37803064282111076;0.5673217694338688;0.407036459088988
0.6393169256824459;0.49327490528012574;0.4127958912803391
0.2851065091639774;0.8919605589461879;0.6428430467778554
0.06793161543864468;0.9099173601719521;0.08905103473087828
0.8184138777147865;0.5417089460142409;0.35514209421102017
0.8467952033094395;0.24969553493261076;0.47148943250477504
0.4234963859156723;0.3612724473045824;0.3195030230727399
0.26055679729525416;0.20000236945699668;0.4613008358605304
0.6826119391632157;0.7409356413215136;0.40014293805883017
0.08069954193688389;0.12494800459862898;0.11300516883827028
0.3890458246284212;0.8639034262636294;0.6334168656199567
0.888880122654907;0.6066616236265282;0.005063785412163679
0.0074931595392920824;0.4123913932295601;0.7893394645519419
0.7846527333739672;0.7929779382794213;0.0855086176700619
0.45935934200768547;0.3944650315495887;0.8401697959973088
0.6253657793078591;0.20939088984962062;0.9271475807026899
0.031189405542866422;0.6683654798098738;0.665556695674075
0.2625956203907559;0.19220138486797955;0.6019920467948217
0.054081755088137284;0.34325994769149704;0.7433008188284169
0.11469482371225082;0.16822519563839267;0.07133762866556848
0.12070880836454156;0.7703344446941637;0.1224567831796205
0.8507459593425625;0.2122980543061036;0.3498952170709101
0.2067685761227689;0.17685790179110017;0.6024654533384746
0.24459834713300566;0.490268886884651;0.7520103708258271
0.40734343814631424;0.8079366716410088;0.8017338156421071
0.8132763721680902;0.7385648512814917;0.16253169709787785
0.7536486632945828;0.09018799959873414;0.726752211124685
0.6416576713684208;0.38516867800664534;0.4676445129154977
0.40699919708352406;0.935797884538676;0.391262277401216
0.21972133028948337;0.9862683484132588;0.4602039558340313
0.6060846941039759;0.0660033499514433;0.5132310597752725
0.9244379260530224;0.4432181805268265;0.4241790687727618
0.23816332537250173;0.9963634585401179;0.9705153115211484
0.09937578410581749;0.33620383762318384;0.32711576880665283
0.878974086894982;0.9405389155614169;0.16840230099592202
0.2332738315172297;0.800214685393937;0.8583582624344215
0.3340026210444247;0.39521657733830196;0.8822089624187124
0.32881497918008484;0.7675763096966581;0.03951805777115536
0.32762443007849085;0.7007181870807114;0.9940256480165863
0.6136494413411014;0.46297495443380154;0.20888857811107042
0.9749537420378092;0.20829595376357313;0.2380915785877774
0.7735241952864508;0.7892350640144263;0.19595784879267342
0.4981871742024019;0.11014951919085503;0.8002410881280924
0.2702752462733311;0.39653053725904197;0.7360866517957992
0.9669301530964429;0.3448920549963248;0.3842523873446808
0.3595979144991347;0.862574055969345;0.6077475544281684
0.8960013192872079;0.3191146653579039;0.2855125450429915
0.7057150633865489;0.21312558426381267;0.7357222332729056
0.6119458934521959;0.7717410020377917;0.7897373409381989
0.49949396668931234;0.7040624675341873;0.6859440813819573
0.44872447827338646;0.18775385504448916;0.7073925174762727
0.268119285499439;0.8360929474799176;0.22921402522591738
0.5194373432199747;0.45988068742244914;0.7363069915913728
0.13845513837377454;0.7475545726947609;0.28368331333767294
0.016641751336778254;0.007327850473365705;0.5696366622693548
0.03708522053643537;0.46226315442974764;0.8087247529201368
0.8547298469479583;0.12968088662758925;0.772884573442272
0.3660127198575849;0.20535447920053396;0.5008803301859854
0.0002380153186165579;0.184400220560745;0.3071769077110873
0.27616335611647824;0.760388170131002;0.391339851897039
0.5749774709610882;0.5928742210528468;0.10846815292421019
0.27001047512893817;0.9473396750610835;0.02804864287466835
0.8814543452068595;0.9910371325553643;0.21572754276644956
0.03251902812800733;0.5038697033232127;0.017873224755393213
0.9833781463569305;0.45276203431602624;0.718298876312628
0.6436014508272025;0.4409785261396799;0.3010599631186516
0.8228996006762301;0.21752843791845167;0.8614622270501343
0.32767119320844573;0.34353197428534754;0.06960269429802901
0.8272928735590303;0.18139138977409353;0.06429629749885413
0.3082694706267928;0.5812944790957312;0.5158158373060623
0.4330046575333125;0.7419309610628847;0.587232304770808
0.14181581423666922;0.4135285860931549;0.3010538852472827
0.9260054877744948;0.3670417429889863;0.6311907292483333
0.9147920777937991;0.7871763385964795;0.7324459102654226
0.6371394654175974;0.758064897461149;0.09221196522360953
0.8161143071647782;0.15424136317817083;0.1687445360074593
0.07962217923987946;0.5821046659546467;0.28891939123041877
0.3469209579162975;0.12488383830445882;0.5486097357913717
0.08169782618372401;0.27357253302786855;0.3985972177885819
0.3605923719555265;0.27287823343360307;0.14939104507367384
0.17826154967333807;0.7788141072346075;0.4650171840861296
0.7485680984094987;0.7028312305416372;0.7047380406258986
0.7945166552735643;0.0346602719846717;0.2548632660052518
0.35113983681386485;0.9449744907974972;0.3121278201557519
0.6719304145767592;0.15536083386147992;0.9244021332891662
0.8274157058941866;0.6027070985113547;0.4902349794719174
0.2012341794227347;0.02312394247527383;0.22702089890084043
0.16428056397951596;0.7260946874398676;0.4834258169933523
0.6457268501933262;0.6988464311671055;0.07241569895720035
0.8270266188404308;0.9892081552236106;0.8606772528937626
0.12700213563247198;0.014031086431107065;0.6388755636403148
0.2669397123972228;0.565952741372025;0.7873161901115272
0.2947913940024538;0.44941265525587937;0.2415327885991766
0.06463390571240557;0.1401608702214161;0.5961931458613102
0.46936673460296274;0.3959052266975115;0.06906048330328718
0.421387777309999;0.6490636632541533;0.8181506477522221
0.6067553221366282;0.637209578421096;0.8100353836172086
0.11873420051037897;0.26834995524863614;0.6141389442949506
0.5827608197422852;0.7984794010781499;0.5100493858208223
0.11800998428316667;0.8427032087294157;0.31916099850699853
0.26218625185059163;0.22730367015785713;0.28264829102357125
0.7805055548955702;0.8455064328602799;0.4196691415540974
0.6592007696548859;0.7367536790486536;0.17795589456660843
0.7469526677903109;0.0968186673506275;0.9926808925542449
0.6777823763321383;0.9825413542077083;0.39616599494517934
0.9341582575302974;0.6690454430384222;0.017418719635150515
0.3054256772318489;0.3814410367788986;0.1645598424654735
0.8043646818605885;0.9213843597033352;0.819491802045105
0.1376113930805295;0.13558652971085983;0.11076934311413955
0.911492451312145;0.583271756386832;0.4453030988709057
0.629394951705223;0.5653010780028437;0.7101905048584312
0.3640605826083041;0.9627891902337768;0.8746392184906884
0.8287093841471046;0.16980135803412877;0.8176451771115985
0.8870998840050182;0.7099765635638815;0.5357889235853286
0.2950382735835907;0.13846293796224962;0.3154224321758108
0.3992184770972992;0.9371371922727932;0.19529282688059257
0.7102884275258767;0.3186481724926238;0.40950525685746997
0.2973409924029785;0.5298035841336669;0.8892070382277915
0.24742854264767966;0.7623085585402466;0.29782635433209204
0.8483100790200931;0.7101496974200573;0.15365694437533406
0.7186989844173509;0.831084324425691;0.560511911928721
0.1922478313643945;0.12985288368151193;0.8922647194328588
0.0812192637574567;0.6852625716739439;0.10148642714649547
0.7199237331105308;0.8035448631970527;0.962186099563871
0.9611862981364292;0.5304970576609404;0.420171559623266
0.5880913418861475;0.1290421459875527;0.632172509820181
0.009827369765135874;0.1577939607794927;0.9797044132842802
0.39747196887670877;0.5667559666222307;0.6404067923933842
0.07599233719403309;0.07952841052796444;0.3568798645790311
0.15909874557397297;0.6400957757041402;0.9955758137817997
0.7932902271919466;0.30384576513560946;0.40089398891248473
0.8665974334100567;0.3905506487930971;0.9276127134716526
0.7369974730455696;0.2681533869247045;0.10027794330596662
0.24760790342665917;0.5005740702683497;0.8871224555125757
0.14504717990188054;0.9027696845812551;0.9495327083557132
0.5568641130440352;0.5624172551591128;0.6899558893313799
0.33385492980680853;0.9858160387248026;0.7747566185890454
0.8363922453500486;0.266544614250647;0.09794879828753811
0.8718075586623464;0.5745338711798251;0.8749191200717595
0.8698152675427618;0.06810315872174533;0.7810113422247834
0.6987819002043495;0.37669124198049475;0.791593575968362
0.8758530686462711;0.21593809962386112;0.43104914020637786
0.21291377412889412;0.600565932274529;0.7109330608414915
0.7406678719702507;0.014104621217510327;0.29123653856737375
0.6520249480736102;0.20288425112440922;0.6642863324617954
0.23294158394812992;0.8995942050220892;0.36960106208846477
0.35785639593428975;0.03278978134699306;0.09283695041691375
0.5612519738573059;0.7947909628768572;0.009960044995284023
0.6702051896002195;0.6844206286059136;0.7127088619711753
0.8018862345818107;0.06666122810489161;0.40111454786241485
0.26921117607739664;0.6046019356215477;0.414787803613353
0.32407708672000046;0.12040049877908376;0.08268012093649646
0.627266519521321;0.9179299559100506;0.44177647788479335
0.06268303652849305;0.33819876113101155;0.5630474842887568
0.042217726754360974;0.9306995978399217;0.014678101683239464
0.8973815023558974;0.5800022400053858;0.20214010588666964
0.7598798840463146;0.502101680132903;0.03290265746128718
0.5678061650928773;0.3948430111594946;0.25223049328434166
0.8236883143432748;0.06025323246797587;0.5687364968310954
0.9198852721934606;0.8246903713240756;0.49468546999484375
0.0036350982137459686;0.968502312598832;0.1962241172254846
0.905309759188925;0.7522820093841457;0.9439097896737666
0.5628084151989481;0.48882937318307373;0.17373589053328486
0.3521565728441085;0.48423259503608385;0.21321692732515585
0.9899416350277996;0.879890868704819;0.5154008508180132
0.5200617003290948;0.0109905364382622;0.13074586709193492
0.5601708966389611;0.018624443079988007;0.2228296915487833
0.024008325319473278;0.29805273057523574;0.4261384653989265
0.13706842069417968;0.8093969500610902;0.06630186466868737
0.3960276979144449;0.010430819949019732;0.5958903636022569
0.03458409172522037;0.8370265528988754;0.999276969493828
0.786904181857149;0.05919008896815414;0.36762670944622733
0.6210658843950407;0.9937117564887119;0.2974120215728824
0.3326547661534507;0.12990395414457678;0.5114418283782917
0.5179582918025416;0.06623697029646503;0.2690841266303814
0.047319152408910714;0.4914360828463852;0.2637665515457931
0.6190842666184232;0.7597180020027521;0.43139271126563805
0.855611052348617;0.2827684798811536;0.12534873920148348
0.9432920343481803;0.6520163971232528;0.6141668204639626
0.21504207915835905;0.8197360561288445;0.30636529072123586
0.7868231324156503;0.5588172960029015;0.006567700529810483
0.6413555752231601;0.8795700389892027;0.9913416628493865
0.6570255003531009;0.5365729874330928;0.6614008281389617
0.7836469954695928;0.035016034835257726;0.3127784799958466
0.5644032325876277;0.5570566203337738;0.7155031898128712
0.3816789217485529;0.38052531593948047;0.07069125125876607
0.6211644525007396;0.680183670769404;0.3525831331220983
0.9438662936172331;0.9529754936156112;0.43822790289358216
0.12620572824327247;0.11127206480400798;0.43585969707892813
0.4679490922143624;0.7837218436813077;0.8658002954150451
0.5844626566615642;0.672636597784666;0.5247885838937469
0.6897015414788116;0.5130039929441256;0.9242796422703702
0.8918173197979747;0.49960097629781197;0.8511749179465191
0.3488426420636982;0.6151860669927554;0.2899443793099714
0.4071570276636972;0.6795156658436663;0.6604718319062661
0.5983852125191238;0.8099513566267289;0.5302397309545389
0.20547368369331553;0.4607391528585375;0.3532675733569627
0.0693553344441794;0.11995869037151818;0.6806728151180368
0.3806192795801794;0.8606792742709181;0.2781726707685066
0.8811531793880985;0.2852508027099231;0.15664959646010168
0.539129124168412;0.44820661369958825;0.213842682276269
0.799770816368919;0.2782225450467559;0.4973065220773847
0.7705792252797012;0.719561971361697;0.3871201873633645
0.8001562042070589;0.9401024775323078;0.7318719266226685
0.26494938390248646;0.6931401831189009;0.4572126381743431
0.5426604002335091;0.018310721676890296;0.21864059008749737
0.5348302596524145;0.3572112257461445;0.858027101648146
0.7956024395575232;0.12073844340531004;0.7899391827087616
0.8322400617307335;0.9759071280613416;0.7101148401088108
0.9249499541974495;0.4769170779526065;0.6789874376609684
0.7202044719776982;0.20998224081159678;0.34874318605294286
0.7039420012850679;0.4143415460127804;0.26644775497910156
0.9958517137912364;0.3426585608983824;0.4278837190791701
0.9630991884614531;0.47673840658902855;0.7376446766854609
0.2768097653028171;0.03757017137815233;0.8993458321382461
0.2335764341832317;0.33644524672375475;0.8706420560087964
0.1700693833457272;0.6447640277730342;0.8043110670575504
0.8679756710682905;0.5825801807239548;0.13509668489964222
0.43105607980263616;0.5133972550493923;0.8137864488524099
0.20895881836380514;0.7021437309737882;0.10930935054793434
0.17127987310835935;0.8551394781291987;0.17640037047837664
0.03854546648672119;0.4566769833420431;0.470761366210086
0.2474756882153638;0.02602742434728267;0.26237095661913634
0.8057602049271199;0.8487765516746313;0.8626187811576645
0.5406217759853607;0.3418279298325687;0.10939886054050729
0.3696041821036039;0.5974633516426806;0.6388049138713973
0.13325387776918918;0.8952296837841877;0.00906470549335614
0.4201010728368978;0.15049874884669268;0.5464240645635413
0.7815744743969301;0.7582010077281831;0.9119875588644452
0.533646395491106;0.8612457066713779;0.8288358558948545
0.6348410539519507;0.7474763662079031;0.12508964153239988
0.9838187146908519;0.013496699102766407;0.4073735614590559
0.732682653525051;0.24193699637980992;0.474169120047389
0.08662465459369639;0.3834129151491157;0.3725594809139695
0.0963271968632653;0.13245818680103616;0.8969218829117303
0.06504476259681247;0.07477759034691422;0.21511038750675548
0.909328743920974;0.5380121915864547;0.1050599611876516
0.6697474259322336;0.6316523771735447;0.5116183803345083
0.9607000208562024;0.5340354103948672;0.6135394761904076
0.5508536428303752;0.5141939012783273;0.35344161950363184
0.28021274533734275;0.0704280188472809;0.06496099853016613
0.4106844611822261;0.22172048653024945;0.5923772844249444
0.964225752100319;0.018712145622472476;0.34303333437726047
0.696108119258836;0.844522339068452;0.5888223195749759
0.8348778830027784;0.6776902586041903;0.6503943844441654
0.6224001692050651;0.9257882704269638;0.7825615428043646
0.3736951925859967;0.1521435442987421;0.9675152313704038
0.6145325767787619;0.7073420922232692;0.25097497874546626
0.26519375996354233;0.6265973557820106;0.7535113272613183
0.18755238198275892;0.033792840713493755;0.16822877212873655
0.9598420950624554;0.45526254518810627;0.8800025991761915
0.14424615695116427;0.9986625656290912;0.25317514223731286
0.24227333109839877;0.6073170900353834;0.7084947721402904
0.810258059599452;0.8517296636378204;0.5316854863828543
0.7597863858134654;0.8282901106820666;0.6666258449506218
0.2165005795574737;0.20031657984956663;0.561092013045405
0.36094157006677485;0.615055319783905;0.2839266340804123
0.4835269165762881;0.22403591059619687;0.7811157368069019
0.6191476429506686;0.09264542122796904;0.6731351211926423
0.2362026040028723;0.9740766408707976;0.9031258040594339
0.8507294148835953;0.6401293787688059;0.9048522621270194
0.9961370576671634;0.07550493355723586;0.1564051229957404
0.39641130164014293;0.9947697761419422;0.31037284573030854
0.8554655403120495;0.42900606053889523;0.02786108407656085
0.225622632527542;0.9591384217932163;0.758311018627473
0.8469839975097663;0.3827711046506683;0.3339361340213788
0.9225058515250631;0.9101731889263239;0.39233877470182077
0.6773201934845221;0.7330093078856356;0.30656379155506663
0.13369570848917056;0.9742413115021914;0.8732755491726892
0.5543814840664758;0.0859539336355919;0.9259754843100169
0.25280657778049154;0.42299144532795285;0.48750624319543256
0.9503791994226362;0.783318307452803;0.9921551709947721
0.11327805127670143;0.3597788840572892;0.6523238801983797
0.6970418690517243;0.31206503365117255;0.5958485819421335
0.8290423140174898;0.3448778710147441;0.5071423235388818
0.9446827841802413;0.22639446810566344;0.2576700213650397
0.4406295463119473;0.24824332339432742;0.6411472020430048
0.08052702993719885;0.3492253349998867;0.5834807768290052
0.48440982272567457;0.7039087780147746;0.31873649900387957
0.9155442507505122;0.4159266712175602;0.867175995876197
0.6477873387325902;0.6675863379006852;0.532183257478308
0.7822366419589064;0.8750846967276834;0.1300955006280048
0.09518559327121268;0.21042816784097307;0.5754578314372435
0.3223633637915492;0.5287639741521045;0.3248957614401319
0.6304470884772202;0.867019087769953;0.8157531014621993
0.5792933045546964;0.7497664126263629;0.3103929338824323
0.8843831566801763;0.750210239916916;0.915575582575203
0.8947100826999718;0.4329552626968457;0.07510261009900421
0.769856516104213;0.29663129556985923;0.5271640000253343
0.738735515712377;0.5096273385794723;0.5706625397300026
0.8613206354777826;0.12021445167023237;0.14001031544804132
0.08884758240177326;0.7330863328019911;0.48667171118016905
0.09883263577578028;0.34696655597465587;0.3243202343775129
0.6013474179152084;0.899090332230065;0.5421953025336679
0.8775263806548548;0.1506218906229121;0.6251283273635488
0.3184218308518052;0.4312680436927161;0.4287374978460494
0.5456662400102211;0.6389780455949075;0.7380854792131698
0.5160955831936141;0.6907231199409308;0.2384916777901226
0.5225927239402137;0.40621486798535555;0.06161345250534944
0.9341308710583649;0.2149940878984683;0.6632875665238201
0.8996632560910932;0.7520467332956833;0.8209561068322421
0.8546024055231126;0.8573706364160419;0.19595527668695467
0.5033924915256976;0.8285186799007279;0.7233935453064119
0.9761731926400062;0.6848019700741889;0.6558048438349553
0.4359416900654992;0.23022743469164053;0.5841761548479234
0.5698456659263992;0.7229051712747493;0.4710071646030809
0.39308823297433737;0.991680689387487;0.48227743267633827
0.017986842183251528;0.8329032363601689;0.8566998392807891
0.27315789626969866;0.3535814123433578;0.4005522280931707
0.12997563597278228;0.235138438025413;0.9261492943432704
0.5194987017886177;0.8791442955099045;0.37077726441426906
0.5575629152780729;0.1579854969713803;0.20036986842135984
0.8024838819350524;0.9979783962115003;0.31826807483816577
0.8493959046971122;0.04465686533208102;0.32027058974508305
0.17824128034991304;0.19089829446330975;0.8624614140476663
0.49854567925646454;0.49844626347589227;0.9316346549266653
0.9597855298093505;0.724933344238741;0.18449324000309553
0.7398469344009612;0.5853280672126536;0.16546032747386397
0.36374264981796;0.2968576649796001;0.9723163499947455
0.21763227505394678;0.8068402651907706;0.16604968553280408
0.37594888905359514;0.6412948387297936;0.36232164237600584
0.5732867942801827;0.9896528641318575;0.17487087386351474
0.3751025661276891;0.1219425157299373;0.28136325061887923
0.7700970739524613;0.37009129250509;0.625958087294732
0.024526657905259874;0.002241406342417096;0.7289221618199497
0.814930680980892;0.9047653609193756;0.6742347379247207
0.9294447021189957;0.41539368624770645;0.906548350912444
0.1987794718843593;0.882892432095479;0.9936126576571251
0.8896803720268046;0.6414457110938561;0.04178992994418007
0.05263537756814318;0.8348474115141525;0.06042273047398594
0.17000487741496462;0.3112696558010061;0.7349717967360041
0.8710075931251037;0.7051328251680657;0.628452704305607
0.04619322138585735;0.7400973348621193;0.7753161042112864
0.8663740615363825;0.5089605436861006;0.7566174320220235
0.4965403056162154;0.2280405553005137;0.15630967446978317
0.3766645051500902;0.239193449329266;0.48782485408284304
0.10078135206680439;0.39373496409316366;0.787448497362228
0.3887408667259359;0.8051533815447035;0.3431777940125871
0.432642073615188;0.49417765039867345;0.2599176651168076
0.46092342431296274;0.665719672050427;0.997362709528638
0.4997767151786193;0.038386726477310895;0.1591881994273403
0.499235893895161;0.5540413703616206;0.23861039995301103
0.987140240994005;0.1993893035952754;0.7961407317035833
0.7973978007905121;0.06879436280977858;0.09584533068690648
0.18911127267709338;0.3406563759352623;0.5120438578675498
0.6543525483466969;0.30248785516123256;0.9031445608639844
0.9951886463686977;0.20254587891547526;0.3518401542362265
0.29402874159826287;0.8222914787168515;0.3027663461683543
0.721331262918294;0.7188887774916263;0.720676108259692
0.47396952758757394;0.8995290001188772;0.5200836072907642
0.8865044710347537;0.9381963452560957;0.04373711091214638
0.5137903911876557;0.7074715418745247;0.30377745500195885
0.4245761160591751;0.5967904428749322;0.07327530607642396
0.7485179421205566;0.867309002731521;0.6714277666466346
0.5003660944365267;0.28490801275080213;0.6379562099809034
0.9059579763003354;0.9468047719031661;0.6867883893144807
0.09337242668672274;0.6015682336006408;0.5697463584641063
0.8109770730426699;0.24384124464194856;0.3729031828865398
0.7151395234415125;0.7346764706933945;0.18010737168819713
0.13806563891680845;0.07780769038614244;0.6749324361075796
0.12362058787066632;0.4843224791129844;0.9266845034009351
0.36605991681373873;0.2910134382462588;0.2396690424673542
0.9592340051995737;0.5712292159390789;0.13124057160487423
0.1504580549138932;0.7304238465599463;0.25341232796436186
0.16831782544216423;0.4840814058634766;0.6718086896436268
0.837645091938015;0.39241191961612953;0.28838221261572194
0.8000007235761273;0.17987106577522183;0.6486688852700764
0.6922186791141528;0.3239768744387158;0.6753573754938597
0.9200031042320189;0.3521289345752461;0.2961360374023311
0.21548628973964545;0.13484906006822472;0.7647746949198683
0.9839779123129317;0.1965545406371142;0.7982230693470406
0.2474546116698878;0.546853838362869;0.08281033749230982
0.8239041088973025;0.27172620968953753;0.3147445709430239
0.45440434890743253;0.5502324958256449;0.07283794108936414
0.2688953357312406;0.4758519828195247;0.0012225134736121301
0.6625809757368153;0.954344151227213;0.38881846736331604
0.548664958573814;0.016255582562056947;0.8775159805975449
0.9114991701333586;0.5796442836838479;0.4977968072161617
0.2431775553742953;0.553355192517145;0.5022172370542073
0.1138475558953822;0.7880545517297746;0.6926267652388772
0.7020329611330787;0.5685171847899173;0.5879592976820007
0.5454151233902722;0.1534092322567684;0.8017256242527766
0.5593598874205659;0.5215731509870759;0.2985133049711124
0.635415505807895;0.839916025699571;0.28991658252748687
0.9068808197175031;0.43178110237489153;0.33399232940454215
0.2917661967309976;0.8713249482858867;0.8465298400064166
0.6273494195915115;0.0208904448991567;0.10552509791163223
0.9375017615631243;0.42411223668248377;0.9356502770686539
0.5851475586552249;0.3454417347139266;0.7577426594423039
0.4547710167510728;0.22592396074203536;0.8640362857053208
0.6211733670713581;0.6214745954431657;0.5473948803837054
0.5399661285887254;0.15352553731276886;0.22027221552055065
0.132030862926642;0.8463404286539516;0.24783765813585468
0.5610125407367725;0.06256304469971141;0.4654363267887873
0.0348967768864491;0.5601121267593087;0.8026288311680998
0.2633930628537765;0.3840272219108857;0.21498008022751525
0.948882212575798;0.7419563551212457;0.32464420924613724
0.47546370418490713;0.7833810243013737;0.6559385811234694
0.22384170678365523;0.7724099416239094;0.7635583616812913
0.18902687163233645;0.09943100483794609;0.7456066236050882
0.2268234211781962;0.6804470400484735;0.381809454438642
0.9647151691135126;0.16582867758313546;0.10162729243216495
0.05468910927406978;0.7246930067286964;0.8659738994555907
0.77154610412064;0.8922820903118465;0.3505875347906787
0.2982198112735196;0.6605338018127322;0.8587486462707666
0.39448721533888353;0.07419548063636283;0.7337121873430005
0.5131323685027802;0.8948831149240327;0.1322589640912879
0.13584853662772178;0.4224659395926227;0.5137081604214982
0.127412328877213;0.4066919428468111;0.8586288747757008
0.8912358247172971;0.36163119918442865;0.22605485363994815
0.8824942094292123;0.3150934312613347;0.8204837059441051
0.8759083860389164;0.1824742499898272;0.49579227199289844
0.8688219033230117;0.5234274354455044;0.6609470903917704
0.7720271815955612;0.0738537560066782;0.46858320852588453
0.19856542706579539;0.9040140549399044;0.9083376478430282
0.9351112116500296;0.9696072705064672;0.7277915013562676
0.8711449005383689;0.2992188393104238;0.15718548409175792
0.4195253155761334;0.8152845479510868;0.6036063938564283
0.2641244089138083;0.785807741831653;0.5525698351851154
0.5290015191583737;0.6592872670805435;0.7214073125463066
0.11963444003073376;0.5444287482925412;0.035346893173246796
0.3530217076152826;0.3598290557098003;0.7242681328917069
0.8314085978613472;0.6124567756786415;0.7323330665693083
0.03360395812770467;0.22612038277527957;0.7870106853048885
0.8074651070678993;0.4188393536209738;0.8103914234301879
0.8754945212972747;0.09977287481065678;0.3026448205140856
0.9856215274497999;0.4783987963737756;0.01949571196974942
0.48613123051509766;0.3935111961070453;0.5691340024932695
0.7739068777456865;0.6748333001037607;0.021049188384325235
0.503032922132187;0.9946251123682757;0.7361686393878186
0.6758759780447002;0.4423147762228302;0.6869411292359361
0.1900889178984061;0.13089522885902116;0.18091988574595153
0.9510534013329024;0.17345258793901663;0.1392529020051101
0.6056149695620985;0.6041695822542862;0.1848631840733337
0.649409182784874;0.7564640253966568;0.6858613156325973
0.9087525478481047;0.7980708360607367;0.5877859829905231
0.9822418077495221;0.637580530594638;0.378956200411406
0.9847194404459138;0.5375430858631568;0.4837243953913366
0.24688032580559427;0.27002807117243055;0.19026702213561564
0.14950732487624263;0.36119253228644477;0.2929715056081177
0.5941432045287965;0.7685079854782142;0.27949657651606497
0.1073877437435935;0.3858641924656694;0.6927405064807476
0.04827360175640005;0.8222445112450182;0.1677154686010981
0.09174789599546129;0.8316834579218133;0.1835033634683687
0.13518690691945456;0.6240715459030346;0.12695274051400718
0.4475595697975361;0.21008549218082984;0.06179082876795672
0.3899245799397918;0.07137025150333742;0.7037836806521408
0.21601047069579027;0.10659909534680156;0.3293232621291564
0.012739234600948168;0.5317862268239445;0.7627449126056222
0.9322658395675646;0.4862269680535011;0.48909380569148164
0.08744751780046811;0.9254372392921527;0.1893084031182014
0.9516883934051352;0.2411630467376421;0.5995550983141426
0.9516482299553835;0.9167048132958583;0.923644401759007
0.9914181264042138;0.07794086782856668;0.547493874096023
0.9701822242529196;0.5403714330719472;0.6331705441320004
0.8635238567260919;0.47249588315273683;0.45599956470934666
0.6937012470966718;0.39470254070628064;0.565071259733167
0.8626370425145786;0.8212114959297151;0.6837339850610062
0.7655304416702097;0.9400830511039534;0.4389020507162186
0.346252858585244;0.6259957572664105;0.5846514500372673
0.8087429026044453;0.4299031734656077;0.42718749234660014
0.9727801570016809;0.28852417010967724;0.5385925177928409
0.5853932291787337;0.5191059999528365;0.8062726907729707
0.6113475423264794;0.9062710731397902;0.3641577242988706
0.0967148119224518;0.7621294327387406;0.4849561300133376
0.9446494672991359;0.2666559854371522;0.4078159067436745
0.2687795611234982;0.5283729429232252;0.8096238677959269
0.9272937644918409;0.6745939006690557;0.02200790815303122
0.106743098028795;0.33976539318769483;0.8162674980308061
0.27022039466215886;0.540175261674728;0.06088144250680827
0.9645238554652842;0.6348834184625601;0.9521780421810984
0.7601873649878086;0.6891652486109008;0.987860203195748
0.126391230988964;0.5149560629414998;0.9339673739763933
0.7016925817453464;0.4154931020152628;0.9428720333718832
0.27167640535588666;0.983768744819257;0.8502619103607945
0.2688486488996369;0.6011952924951991;0.33346147747698296
0.6045900040277842;0.6007653330966926;0.6685812695422043
0.07974594978781702;0.20092399925392013;0.0449478311189927
0.5904296668481909;0.031793449944330754;0.3022636114489262
0.3239723611767463;0.4964592286809124;0.5650618835750639
0.41400662780379394;0.4283047965603042;0.2854008430390371
0.3574317559804372;0.7372321126951703;0.5952902848849349
0.2762048093580568;0.9790726165723324;0.2528930048452147
0.978927016975884;0.7473424021367627;0.5655506019121449
0.23835153900196981;0.9482624681586552;0.2977123288334401
0.0059345417639785625;0.4876180045977626;0.4607484772954821
0.4089266669491306;0.6877369917751202;0.24166445060621655
0.8344576359752999;0.8187372549628881;0.509896254850451
0.0684558080461457;0.11061671286336794;0.7434564783033654
0.7186744197807506;0.7809120692280618;0.20895369625214033
0.8502406653053987;0.06778175490724814;0.23016890327995743
0.37443612583443786;0.4861700851046482;0.2346496631819791
0.21251268897895237;0.14269792273969395;0.319777861599606
0.009032820594591429;0.11880394668409755;0.48323933601421054
0.9850387979520597;0.09980936329393486;0.8726854659614279
0.04869704570402045;0.9146700530736642;0.21764010238639153
0.12570283545247551;0.9343125453357308;0.5136326254947714
0.6959653240744579;0.06220974601684215;0.1720257969537543
0.9002645708150697;0.49957641836052824;0.8596469717215433
0.9048805537830754;0.628279448777394;0.873353784957885
0.5025871246308747;0.9429317500746716;0.5429314904589393
0.2283759051518598;0.8990446811814488;0.9762397576832446
0.5969035326980066;0.6063925897466521;0.005470582540139657
0.308918902124775;0.08369611538916788;0.29595570995381293
0.5356355189424864;0.2204201625918375;0.41186956217886883
0.6212813181842258;0.09315962572438996;0.8822190833250045
0.9271593165876797;0.6333152008211362;0.5155008401887675
0.35894753279140923;0.9443043611922649;0.8129991938353005
0.9672435946525828;0.9730787609154044;0.07806208842489692
0.25523414212644147;0.5857978828350557;0.7945046292885929
0.8685799297265175;0.7433563548040536;0.9755760823544156
0.7441230995223239;0.327223513994771;0.9057139759036702
0.6835128849591883;0.8365222566260787;0.13334095393580414
0.015912272622734203;0.3284643066881151;0.6516794112706416
0.9332592785436797;0.21068483871446386;0.3675727273544044
0.9734801026215231;0.293679290538444;0.8930691553136185
0.40870811270269924;0.8407909816913768;0.07958326150383743
0.9958168343455491;0.9350147417445317;0.31322569861897276
0.2774931789719871;0.2398252449454854;0.3201447124702783
0.45263523743061607;0.06385942786744714;0.2887406699115157
0.6982972445349037;0.746212108994537;0.5310578469476582
0.25753838081857217;0.4139759188974702;0.922748016144808
0.5514450343249664;0.3796013992638648;0.47087182803851935
0.15389329258479778;0.4151639166078176;0.9849386241103523
0.8965717156246816;0.9597304863234813;0.7898947046030216
0.09809645042868509;0.5268414903911592;0.09744141273756934
0.9653290992418178;0.8218500191162366;0.13700624190878452
0.4286817530357597;0.6223051831441492;0.8109546112732418
0.7260131870756021;0.7184406085482772;0.8637722867489366
0.4769822737759718;0.8124280153307146;0.9747233284408315
0.2671629584049596;0.6889297994606257;0.433602678554737
0.5274238812389778;0.703199804647633;0.04593083690613875
0.9586706465953804;0.523734203660598;0.3519626540103994
0.3276733125723862;0.4376626748909145;0.0173017032782119
0.059577101550191025;0.6747761158792651;0.10873545536673201
0.2526952459033178;0.38845503931167935;0.6224341718836168
0.9414847153939898;0.8384933037157425;0.5175534293198422
0.24898966896285524;0.7354360770758249;0.18537887446845736
0.871059314000377;0.2348332719985884;0.8944641502121482
0.9272240925994769;0.8753093529428247;0.05772880877160902
0.14799642159305526;0.2197585632361454;0.4092807639904569
0.3376355042542003;0.26699821448362704;0.03019991335533201
0.23145517790613634;0.11897668604124512;0.8961390574765952
0.35360981650339873;0.7291738367609771;0.09754121027875318
0.8776787016978513;0.7137169304288637;0.38121977339627267
0.033919638182752565;0.4969938965181957;0.2553455652952433
0.6017020373987619;0.2367085065294099;0.7840801069538537
0.012172226368024508;0.4683420587560466;0.6053369910651142
0.16761337028778833;0.979722410943506;0.6486977204610003
0.29389864995231096;0.637522362476076;0.9126875973312709
0.04659892576935043;0.7551787571823634;0.17695337437958292
0.8457690353183147;0.9962023307427736;0.35096284659486043
0.8186192716670804;0.733100314234831;0.4956825879776894
0.6777242473896812;0.7245571953752694;0.4356377021749228
0.6708292127388958;0.30782911444617045;0.5964613404650542
0.5070171832736351;0.10150251922721643;0.4063011098293181
0.225463334033551;0.10223161466592878;0.7319301926723525
0.2702663173066563;0.15419856660846432;0.8347024587166411
0.8695477538624576;0.00030942962497326754;0.2879741982794224
0.5238978224952667;0.199811428346363;0.5574376920573212
0.4523427146937047;0.8572822366937479;0.4806785684567506
0.2755807222111585;0.961160231752617;0.6262547830126741
0.1451922234755758;0.8905083886285666;0.2904481156564088
0.34655181604903273;0.26837046041008084;0.9964206946976388
0.8434043439580856;0.6796078512504138;0.9063802283373906
0.9495508288457415;0.20457872591177206;0.20709944503513011
0.479313919910311;0.49791216726056076;0.12730965608818257
0.327360913961082;0.792049070766389;0.7631867500562682
0.815384023804629;0.9901164640587804;0.5473222242606056
0.19371946695388753;0.16856733241379052;0.7386439575944345
0.7107148589553004;0.10530152698042605;0.7806219408850155
0.5216682717650312;0.0996153881777534;0.8510747771277114
0.41547932778105123;0.12498379645279145;0.2914215435835211
0.5795977612651957;0.4248646955339608;0.7537048661919765
0.667783634151816;0.15888910338772633;0.5378078445243646
0.7587656979439847;0.5620881563742545;0.7905848122078628
0.14118348485709287;0.7651622168709918;0.06826531205973385
0.46081151400776377;0.5285729773462616;0.005004136878541954
0.2882611917579826;0.5065062687791024;0.11346990192167428
0.9906777418028022;0.9540703892912539;0.5113435407575743
0.7887685237325083;0.28599634290101617;0.9153657297565614
0.0441336850355345;0.4403930930491199;0.01471148631410557
0.9128409606998478;0.8023916349512548;0.0885393823349605
0.36569125882282194;0.1661489721212971;0.7257247086457619
0.38885570334410025;0.14309012470357385;0.7080834693759107
0.5543619021911499;0.4763360927101363;0.06110158448246328
0.8117510006016221;0.48033108142023295;0.3455579879875319
0.04924410899239551;0.24493213779655543;0.33292429961314185
0.6319254140188486;0.6460073127565398;0.5547359262165259
0.39558974572676364;0.568238889426969;0.6871299921354128
0.8156231374089846;0.30752032454969114;0.4506185101271778
0.8521584289447367;0.7244950307490525;0.27600530701645165
0.9236229688081196;0.983501606701659;0.14580415373081124
0.1726272144617852;0.7990869360245844;0.8590519825201876
0.7282344892619673;0.6025660047099233;0.16244056809586227
0.6859176497835958;0.2588813819511858;0.5778702423659976
0.6148244672734458;0.42497052126295054;0.0493309036907551
0.4642992863896125;0.030357973725475884;0.06107324705351991
0.20373812311745154;0.16467795858551482;0.4177629355920619
0.8495946904032231;0.8868984483463722;0.3707458002131503
0.9863331861200691;0.8313610282553784;0.1796211235159687
0.4967633096622479;0.807630690392727;0.433113151405741
0.8198573487169369;0.8788334906371369;0.9489377460139788
0.5393945434506076;0.23194353503564702;0.6147686494800414
0.3668771384404391;0.17601745921314826;0.9244352903786156
0.9169646497438078;0.31234332124584296;0.24325917204819536
0.9618506565671473;0.43228031281970447;0.6701095893652255
0.3045315863116028;0.8354818850236556;0.07695535972278278
0.561779544723692;0.16262302664290018;0.08580430749241963
0.5454133231637361;0.868076460242788;0.7654659116998861
0.5947979424529402;0.4975207952542494;0.5927212414322575
0.648594537994213;0.2195272666290532;0.3660278458765992
0.9167416875272798;0.7148289812604522;0.10997782320955651
0.17340839903196492;0.8721686482729398;0.49495519388223863
0.1115114487502421;0.4271623503976216;0.6202603367103072
0.5205608918703819;0.5052097355126621;0.98355701060611
0.5309678730959706;0.08040419654942654;0.8865837046327574
0.6569588996000563;0.7125766546371277;0.5138028675390783
0.007902610460897797;0.36607231270862617;0.830207468281064
0.2873669744590337;0.10939331294851651;0.06751573512877518
0.9088391785402968;0.11033998141878143;0.23252137284537222
0.6697285195350109;0.7401638753405841;0.6667626856445827
0.12471220862583465;0.5003931883697139;0.1034412720349579
0.4865271285685768;0.41078230386550707;0.7572334290343272
0.4451425061376889;0.11553935439413876;0.010237387625335659
0.1966673315289068;0.6832162820898462;0.6946134718814864
0.029574729158589164;0.4938901271024967;0.5693151897045631
0.10736277703972219;0.6120122830566148;0.09128838850093057
0.7256393732578879;0.2806293446291025;0.11125306485483755
0.664485072677754;0.5438192277379015;0.659529604564224
0.09370496575708631;0.31765134564541764;0.9750284327957474
0.6546539026851499;0.24268282883202807;0.17229684111343635
0.6692611983056527;0.9513235123699625;0.4424541418452864
0.20594627328070225;0.14760423104047804;0.7427458034006647
0.7667997393875554;0.664457790773713;0.7942004363468737
0.07760285797642841;0.28500633338353343;0.85392578840809
0.8261321817406037;0.8354398065218741;0.6638981093135862
0.07648512865670021;0.4788543434753305;0.33035314301134755
0.7293190841871082;0.6443276262551072;0.2257264052231791
0.8558168476576148;0.08967427154038876;0.7872013872036614
0.013030353804135753;0.36563833155317527;0.38670757274931045
0.5310409767952669;0.04263193850394553;0.7767382495474227
0.44502407848403047;0.6416938000301573;0.39244014178304854
0.8018298231602632;0.8125901567157288;0.9974903214365757
0.0002689717210841991;0.6936271875309005;0.14427515545703384
0.11742629883709199;0.9894984109085381;0.23961934934274887
0.3823914129418464;0.5579836586163427;0.688749110634028
0.4772021691449091;0.859581503948555;0.5507057906563735
0.09811943919939181;0.6776651360222892;0.29422837225542364
0.026448768391518107;0.44649401140389733;0.5599349276601919
0.6623445477854036;0.2726537438135631;0.6414113343770877
0.7786566459006753;0.14174550035938627;0.2733256218160862
0.18544808191586393;0.7702451252342957;0.9590127991038401
0.3942515591568446;0.3159374275002491;0.04049249691235346
0.619979499939662;0.6791069507237303;0.868222580220706
0.8386417046621305;0.2774031167305696;0.9215372845157517
0.2052693275985329;0.00010315917202652347;0.8504466115755523
0.2608571926965231;0.17148828488647216;0.9436159738235049
0.11949825141291082;0.3866419262361077;0.32988786719537055
0.9949554886975175;0.3516843121592218;0.22421792007189512
0.6651069854236102;0.2207983412346275;0.835492739112217
0.16002369463632127;0.12268422464998585;0.6342893326547083
0.29536530848482057;0.7887955497277495;0.01779765527414079
0.7911221112298649;0.3804719366622419;0.6492703488452218
0.664737366737575;0.8604295782849518;0.9310429209301515
0.17504202015833126;0.3334995521730515;0.1462398750691003
0.9889526583990313;0.48910522992540195;0.06477699557177663
0.1395712583763825;0.6830185621849224;0.9453991676086713
0.028025024321654435;0.32190219577319945;0.6253229710599506
0.315443186761856;0.6821595468074853;0.5977915658929884
0.972695436908836;0.8134910895017127;0.8083497142403188
0.6056095476419129;0.7574667274979464;0.08686547822355795
0.3633910794122752;0.3718855629081198;0.6189013843831408
0.9213835436931415;0.19242577490502288;0.4425781745061911
0.6739568342680705;0.18766606150098974;0.5271997255124083
0.42533406593101397;0.31767603003055955;0.5519173075916589
0.7592353790970093;0.28359785152341455;0.3468391805272406
0.9122315799779002;0.13600459739246662;0.38610116974223574
0.3587302637257487;0.3865511174405529;0.5749277516967759
0.853374886141065;0.18197034099746479;0.711984170635857
0.4171053919447236;0.6765300585034882;0.6235802970346568
0.5017304545073407;0.41298996907701624;0.6953032179265008
0.9207006185414629;0.8983837548993536;0.45868336741200066
0.16940170086136597;0.346251973593631;0.3428530868716978
0.3535622718081015;0.42506921862494684;0.13569741941162416
0.32548574097726757;0.14983853849996198;0.5184893890191157
0.7070627620649288;0.12354972411565135;0.5871575010234525
0.4383432686454748;0.6581511364899586;0.491026645538274
0.07102882523989418;0.5799254907593688;0.45645578888919636
0.5894073786772153;0.6544947541916379;0.3792549449473086
0.6745420997721429;0.2683361064959259;0.9437034318969832
0.7662522512162371;0.6197941875378112;0.7359528703814674
0.1159875446708375;0.9460985946998184;0.7231831785167231
0.02241803674714893;0.07261443874524165;0.8624776005346676
0.7305631431427982;0.04758660590664732;0.25504119164324723
0.4486439439447856;0.500585763571212;0.5032764480521036
0.271147852134767;0.631922536311215;0.6162650444304886
0.35976235538567025;0.36476019264080317;0.40884779455494036
0.3811184173797628;0.565347186860193;0.6938476528268975
0.9581540513990919;0.5278631318009199;0.7192289948822157
0.762011068899522;0.10946733390019037;0.8737538257356741
0.780051225848993;0.5778364810176514;0.1905150221641293
0.8643375037385477;0.49532704610143896;0.31739660242164114
0.6702878290603996;9.122436019204372e-05;0.6983039388002851
0.2937401729267305;0.7347852885586198;0.8007816108705338
0.6533817885090693;0.5002832859271045;0.48663274039368265
0.8957167930287887;0.8577547733660076;0.10544276630278115
0.7770455913837079;0.0005211815421084509;0.48861654650603503
0.19072198735932044;0.13977094248543542;0.05840785821071992
0.3896374585257979;0.4004491331443001;0.5167901418185782
0.8611147626862143;0.029890718782772052;0.5858253303906122
0.8364793352201979;0.6190801534134363;0.8561925570135867
0.7337836516925682;0.5837804959019304;0.6415777807727588
0.08607752531503599;0.5481822673619646;0.5066832502840415
0.42810636292766757;0.5380889724132866;0.6736286580953977
0.572801904211075;0.7756793023589887;0.7396601855898697
0.865259358162925;0.6744737515902836;0.6364945389215813
0.9651865978366356;0.030670809572423408;0.232730951579882
0.9534986317810756;0.14616765502460594;0.4877878390517927
0.3661375009305474;0.733499617472673;0.5486015425836633
0.6923612824632037;0.9665664710977451;0.3541572895052846
0.8417591097384298;0.17743568652531905;0.84172458260574
0.8686765228088383;0.8004843907827262;0.6904509803294875
0.7466913470080652;0.6847658001253468;0.6603796380354202
0.6238470919561578;0.7769832554367833;0.7827768608610991
0.37460291946237867;0.10883569260648718;0.5038960206593779
0.43366590610537026;0.3895759143843047;0.3238262746459377
0.24442563243073823;0.032879448010237455;0.6313150254602539
0.9771292438155993;0.4664752511447309;0.38970396482287717
0.2509623238199238;0.5607769691055664;0.026041113843760733
0.03243099709796948;0.05595693010998781;0.3124565285496608
0.9570216009658198;0.1692549351112218;0.6626487550654652
0.45052632906752277;0.556468243304203;0.11472558782887143
0.847329557183879;0.8708147928104;0.12269013250623684
0.7186721211994591;0.8278506913308141;0.6365843571654681
0.19852299685049724;0.1555968896963349;0.7455085493150098
0.564997228917202;0.45132397641093946;0.9780701413177426
0.30729918773647624;0.9140642285782858;0.10476618180483488
0.25266328857643006;0.08570149520541159;0.8232153696294565
0.00958478296422105;0.34031113463643814;0.633452012570464
0.9792139157629206;0.8852708928328791;0.5401599577801187
0.4681631718152851;0.42719321311613856;0.32367222555678143
0.6540547728708651;0.7717562975533989;0.8850171345501745
0.10312271937463824;0.6256492001330867;0.26893832781684845
0.8937205156067916;0.2414441411001489;0.8285208218994129
0.43306052520430427;0.25553603623417354;0.9722625803550512
0.5072440383947594;0.214241113795818;0.7651559339935488
0.4765737935612382;0.846220759938632;0.7483116873039264
0.07851653337402864;0.29249305328358477;0.15944113523073677
0.6146711264811447;0.641799900551345;0.33066075367146186
0.015165986127599007;0.689515368267113;0.8442515965916167
0.16976083537234965;0.4633640423942279;0.06400981283729557
0.12454271520665738;0.21997255902369117;0.11866144241729226
0.5664664903618735;0.7733229111529042;0.2484848210877314
0.9890756877740015;0.5941725599810684;0.8805730894157605
0.04611995553920134;0.9674694857872854;0.654344595002259
0.30773519288768403;0.6708259445453031;0.968827246799373
0.7723071064235605;0.9760597036671947;0.4473931465621248
0.32845769964651783;0.10405636350094094;0.43155193277552273
0.7360843452171169;0.6078359004474616;0.1168830235976569
0.016503233170763187;0.3725322896704285;0.13673459705826663
0.5015541947103781;0.005481206620340462;0.7975236829431519
0.6253661174716537;0.6319586667005137;0.3047057099855224
0.716985422768043;0.9525302975166146;0.5788671702233762
0.5906569387363418;0.7697146524992899;0.5791269622260361
0.5068248169652806;0.12222846262384235;0.757296527219073
0.30098201028648264;0.5637660527450716;0.46115439616149634
0.2666626564500635;0.526728542260407;0.7108020151048705
0.7399618027443697;0.7294028344992901;0.5898323883538311
0.08548937969065706;0.22646707750657902;0.6984617197329188
0.27249764577563274;0.03359641757204179;0.5849304324930824
0.5476308498044112;0.6658278607113164;0.21920341981611458
0.3024473088622739;0.351807934278634;0.9141646521185262
0.2312391286164558;0.9444735562420935;0.809357631875099
0.4953988934482677;0.1589676574312654;0.5541261035207655
0.7075218142220311;0.4832932041381359;0.764006237703568
0.7697700174749157;0.8772099084933846;0.5283746585259771
0.7581001101624675;0.5504303045108724;0.9513888883010649
0.9298310235393995;0.12437528876276494;0.49301177008692687
0.8814781792289603;0.03210769571432337;0.9714243879310731
0.8233501556664172;0.2925312275216533;0.3877910292864395
0.8084333775118715;0.7149310214478991;0.3009703264727297
0.9904174206885428;0.7409838926019386;0.6486274095010032
0.7235115332232348;0.12380386923419284;0.24699858038687683
0.6896445650401833;0.03562915485689688;0.7534846215616191
0.5564887361377195;0.4076211593548915;0.4684556828472699
0.38969389258605325;0.42640839523949514;0.06621462129554945
0.4421821447903316;0.3726924011760889;0.5143680006793054
0.8944875553337165;0.835139980508252;0.5689660056994797
0.7170906149192455;0.7828506436862359;0.18220143602441863
0.9307955083742449;0.7070781803565921;0.22599384417833668
0.8059778571854983;0.5552980940983396;0.7264670243337042
0.053558743161747135;0.9065382753109131;0.5092741405157581
0.8689261895274673;0.45610462269389107;0.2896064859162677
0.6374994796199698;0.9330002196854523;0.17713505594629964
0.629590794435993;0.7124876397426113;0.12436039847023284
0.3257208971962581;0.5179159602852724;0.8907179132782835
0.9397675195176952;0.429619580511007;0.12787777887478247
0.4510844131308005;0.5068143616191833;0.1306245021986544
0.6122207566773388;0.15218900211144593;0.6870200495980466
0.9431871657278457;0.13297177886658829;0.013229369847263195
0.8709257929060773;0.8783322325692867;0.24349730052928398
0.4587952828902855;0.14401584806536327;0.4515251043546389
0.7073246886655729;0.7979969068572524;0.5381947234837287
0.06373390263739431;0.8524573227564067;0.6874637730529362
0.6040794169405999;0.7744612808050526;0.5589485947765381
0.9411674651542479;0.3876426120607035;0.6661307698192361
0.903634964200899;0.02098353288948862;0.002463296500867962
0.9526430167382559;0.7020330621525426;0.01622486360982167
0.06432641141703177;0.8991214645679027;0.9868644569253007
0.6042190145179488;0.14898514348200587;0.5290708735412097
0.45868813081872994;0.618922474452366;0.32245193793213056
0.497610458280478;0.969012312064937;0.07493968820846197
0.27277426314901554;0.47266203296863485;0.7978953950131404
0.9109004169159477;0.20718037936709532;0.43214910212562874
0.5668756273136178;0.5670348292254486;0.1114472457696889
0.7094099503478147;0.4162456447928934;0.5120414565493764
0.8810795177122758;0.6956163657623291;0.8979082886847422
0.9925494142289034;0.861828007603654;0.6127728856242278
0.8866988190284345;0.5848701122460078;0.8619031077724709
0.4484412068000133;0.8318408865764096;0.5942982553029315
0.002641371882863064;0.9241892248120157;0.7513753859081795
0.03654467042203824;0.7245072964308912;0.82019507119738
0.7558016550281152;0.46040571414579456;0.9126357594000651
0.25235017120611014;0.15507488340803555;0.34527436986052273
0.88714476819445;0.9949529430214321;0.2609801466953686
0.7957492100386142;0.4471082898116684;0.5969302964638535
0.9210987974555175;0.3011599943695359;0.3069829557617021
0.16777816275557345;0.9614461097078737;0.22461121037453036
0.9978093001398172;0.7607213258236389;0.40209196437704087
0.0990853113378174;0.050736778801737326;0.6334379944123013
0.01492139138002968;0.2342927948040432;0.5220434162421593
0.6599548114733339;0.22920262196876562;0.01616649047910923
0.24088155820260237;0.37777477280275884;0.15375928841777453
0.06989339259265048;0.4380041189038967;0.5613339553864817
0.9503337743474793;0.8102507035929732;0.3156354652665171
0.15193593416177675;0.5535111438674547;0.341080110279283
0.5619110571711605;0.3574156990578854;0.8487881998043766
0.1431850514750217;0.20414599041326464;0.32753981294552126
0.7530105673722226;0.5527243411516933;0.21827868981923315
0.16806561028207534;0.149324834903653;0.5599632203686701
0.6224020624626088;0.7066007329276587;0.9737194579013674
0.5299035191320117;0.45119614017546483;0.5011642897517702
0.96876443334764;0.6380865031413667;0.6847374303581465
0.8568532602040619;0.12609085294315747;0.5103592770610936
0.6912925677497912;0.10397885196409273;0.7373576706875292
0.3860533582343181;0.18152066116430576;0.891134947936022
0.5442360305092742;0.509812712024859;0.931239690840249
0.5166887045825445;0.7431220615961237;0.9243136726820704
0.027383529608556945;0.6988871761630779;0.5805282780656775
0.7873146303899585;0.9332742255927159;0.81594571316471
0.9611252066519572;0.30103981739716745;0.4833204424036821
0.3720598640645555;0.42892728127660495;0.03228763037430016
0.7027235632430521;0.6807418390422322;0.6480200478249887
0.11960647777937106;0.7514128244999996;0.7543099662306965
0.5889229322422217;0.06537141410217373;0.98875054053506
0.1213842309608395;0.9580737697470613;0.725843648401293
0.20359866743044386;0.9713130557595229;0.5201056795864649
0.40586202802953464;0.8546344072580574;0.2865891920043293
0.6355845299213098;0.7783596368319787;0.6888109892495363
0.4157760704512743;0.6411016201919261;0.4067540672269976
0.641164914324635;0.8253428786954414;0.8649933812871685
0.11992492794077314;0.007276097248889224;0.2683603317241827
0.030104491294030145;0.7630536312600785;0.47779373375176704
0.1728391605828269;0.6028202796754198;0.4294169938230761
0.7510950338098659;0.6474839850964411;0.6231743759200593
0.35323390794987364;0.7634120383742772;0.5436906336777517
0.3871390049190777;0.6410695573715934;0.2674606559421625
0.64883393916088;0.6937432412489107;0.30587536300492446
0.8970929414110325;0.11457231393604572;0.588805897710786
0.13045692205507275;0.971623777600808;0.5546403010224474
0.5612165541738798;0.5464406267811746;0.08571460343127224
0.9002635059701762;0.5237271258347388;0.6200520603932292
0.7575144495763072;0.655960645718877;0.3651215479450781
0.7976242503502743;0.18936727949092436;0.4204864202535513
0.5885079312406627;0.046181160300846624;0.9985548403562456
0.8819747212778154;0.370151476517833;0.09741589988066657
0.26435255827472304;0.7155497811655662;0.307432433082799
0.3337911656639244;0.24970594677598135;0.47861982065885056
0.678357922671764;0.959247945971606;0.6424516871091924
0.3515041388210546;0.5187131642539181;0.807374652542093
0.8943964847490468;0.46864760536856453;0.7066472976460833
0.018226555542374623;0.8556090432143164;0.6896396448403654
0.9398584112387706;0.23668646633358192;0.35978474333403154
0.48705905247447645;0.19701796165784402;0.1318611563134907
0.9204259356785796;0.43631592014571385;0.8920093393789987
0.5567185494808157;0.3826036855017799;0.8480583536682891
0.8362632304022077;0.13072299999017056;0.11846478735294563
0.4501658622177298;0.9764620438512717;0.08277677611473067
0.47544168124657005;0.1446858282151814;0.2645406058569484
0.5963126964487206;0.7143774503337232;0.6189908331524945
0.7631930682064315;0.2887049620668659;0.6730188111843646
0.8524694131621883;0.6500878266408685;0.9831646656568217
0.4798985514182158;0.6720453394341074;0.3334407669075733
0.8875494960772231;0.9054918866067043;0.49990984363969104
0.02695132066930539;0.29583323577768406;0.7012003165684471
0.20837960367248964;0.27317433881854636;0.3434764969655254
0.22804632141436565;0.43342023268358254;0.0007597407762823805
0.7997351811142228;0.4439623537388543;0.5135442107540633
0.5242576580479421;0.5225750343855777;0.005829022048509103
0.35246670528342083;0.6344176364672202;0.6269335697999577
0.29342183380370024;0.5835106573628593;0.06589209362074033
0.011646905183962053;0.9420953730631665;0.9774227945588139
0.11509839268737021;0.7593292376627713;0.9664352510550257
0.10714801718929323;0.3813355907518071;0.5477330612407354
0.043197159424123055;0.19362979599634733;0.09739351337215452
0.5378884153331487;0.8157438887633928;0.22359183847226993
0.6447066537226854;0.5313712307837245;0.41201339491073863
0.9731477914321038;0.4261352211843046;0.6080716151345126
0.7664244770029132;0.12655959196912492;0.17281063709073996
0.20017185569748053;0.9470012404808792;0.5426785465818236
0.492708096120819;0.2123546854822218;0.4163118034569613
0.5600975037901106;0.18926728810411997;0.3447426015897507
0.497397482060809;0.7400979744315583;0.31825210015901917
0.15498364271423348;0.28107742960002213;0.4226792399952256
0.2072401333502908;0.6176962628155087;0.10591997836190559
0.7080506410224037;0.6919027719390223;0.24270756085911305
0.9262721726441767;0.649408904665753;0.8080615632651638
0.7671711471923134;0.11801631567320225;0.7548490436577951
0.6399523432780536;0.9980796473288003;0.4323510352817711
0.11766536801564886;0.4079175150515594;0.14883359743705915
0.6737534580390115;0.24431513713144026;0.45081560343828797
0.972901386708583;0.25917412329009093;0.6150950150173622
0.1127871328849055;0.9114675874986983;0.2184204558789593
0.7181158918891594;0.4500689319446899;0.6066038419583251
0.39910344382514396;0.43813248130540905;0.41968586827021337
0.0219981778575854;0.679331039871324;0.23189451024507013
0.5009105267937657;0.5801403691786527;0.6613632640765406
0.7116611909085092;0.9132676296877917;0.8553096620145406
0.581566604199367;0.6963841950674704;0.20371483128346135
0.17210089133333595;0.3966421213159905;0.4800388762557293
0.5309479030240892;0.39775143421770265;0.6358667797917988
0.23617900974761452;0.3843502510010328;0.3406472375858187
0.3786921241050515;0.75350560275483;0.38374652427408706
0.587147079842158;0.5976345242200326;0.834565352663676
0.6318493175852056;0.9104361381041982;0.0952919730083327
0.6150865202837953;0.7817010288144537;0.5236236663000242
0.8878729937284314;0.7066363938029983;0.7119613427716146
0.5935577625886286;0.9718190540487802;0.5674183263579682
0.72450600336181;0.5858624316728023;0.6438281007317744
0.7644008170425162;0.5943309026630111;0.0689516720006732
0.24883072501885228;0.431207024569805;0.5561500644031913
0.5030810610279077;0.023192587410554633;0.42559863991110536
0.7352637044622333;0.3966063297492788;0.043467076875424615
0.38878505417099873;0.6234669121035396;0.053180791497360325
0.8722799988787321;0.23340550433283846;0.6363234046234368
0.8651529891084522;0.5256220874494079;0.5800547065325495
0.6207269068703809;0.18810839961597314;0.35591007328546165
0.08318338184488594;0.32488180550764445;0.21891357496671748
0.8938966434467963;0.7115701143141758;0.1966154590517779
0.08634070040420161;0.18393248371777127;0.06885193610212004
0.3144139135979539;0.49904161929065827;0.978717033511148
0.4566901998995536;0.6369624686011374;0.73703699280622
0.3159602618160393;0.5238967952234118;0.965576214684937
0.04036335440910732;0.9765649211907028;0.3558125506566361
0.5131177880329635;0.6968174567376783;0.42421003937184343
0.5283251001945559;0.5203641223966029;0.8454119716823624
0.6892067799769914;0.5743960034586415;0.6838603443306734
0.5153336916974425;0.26135252210243354;0.344699603520779
0.34538569887087534;0.01669609487796042;0.22708455178921239
0.5267780240252963;0.9430562685235924;0.7030212282613137
0.9518297847564292;0.6998800564492004;0.03093641404920322
0.8703091815185882;0.6245861023849592;0.3333284517894355
0.47216163981479886;0.9102634426489353;0.4264411591901104
0.9162404792046712;0.4123842796000081;0.44240104093291144
0.2452199682893068;0.20177663788574696;0.08868387803551192
0.7824923512509342;0.812079887094118;0.3402015957274329
0.08586541171769035;0.12936926766747547;0.7584932309679582
0.31548073345988303;0.24132255894571997;0.2874225314819183
0.04416821832982731;0.21431220818046537;0.6156326968313681
0.6153690123149427;0.30300619853547284;0.4126359754255009
0.42824530986304676;0.16338110727770616;0.9976153224652431
0.4235896520542587;0.6019989877707816;0.40415191216667157
0.16000967420684897;0.7542983499255304;0.5560029384456308
0.7214369358450866;0.6678464046567371;0.4752050030952769
0.22744691930974492;0.334485382444072;0.37593961064949866
0.36966836251741375;0.9662611392205583;0.4570861076104552
0.6326759909117671;0.9009274957437252;0.2580607029784613
0.8291593828022008;0.865642145039963;0.8024952392508891
0.899197125366453;0.12177804230224576;0.9127371324716983
0.14838631694534787;0.6618251107108337;0.6116461268272998
0.6014178471950916;0.5774370073753465;0.0436803442490169
0.8911609217776164;0.12205570609056238;0.7260928159491802
0.8365314003791778;0.4562961396764268;0.5671931748913064
0.7152771239937356;0.9868875803714475;0.5077705607839708
0.3340638462676787;0.13220316262893195;0.9266097567012971
0.6329326976665918;0.7190689579088986;0.358877233137322
0.8058897548938583;0.28340525439814557;0.4946500412567303
0.05474929905359205;0.01530998907798431;0.7710077455029939
0.635631172967612;0.03732898896401726;0.8962454935349164
0.6348384446622777;0.13753493147400297;0.17930600763450644
0.3457693194406265;0.9742195923188538;0.2663727258719948
0.24353559035417516;0.6962006384944861;0.3939036116726976
0.09754919390226524;0.3487131639315506;0.43312141318330744
0.4073227740481834;0.6694540536653288;0.47300657770237176
0.3698642358117933;0.46137091402134744;0.9991476220633532
0.614388424505375;0.5189423596022846;0.060701894367090614
0.5638838004355774;0.20019266001984792;0.5766049434396857
0.16941738824577146;0.999265949718614;0.12196173350530892
0.09045826475319851;0.3426834957639163;0.49926377362199414
0.1072136204419214;0.46568628413953894;0.9251056247181695
0.8846487763095153;0.6638610403927189;0.6104600746238177
0.04668122212022485;0.9379269126998439;0.42171458551156205
0.4269197832494743;0.40022614363829545;0.64764251444276
0.6789316094387282;0.6282549959626615;0.9031278624158752
0.6182065703544948;0.6670568346874125;0.5215096441436096
0.8451668582698202;0.8606319215146195;0.9994121504437791
0.469611637793792;0.37782585206656505;0.3242112680199486
0.7786089519692104;0.12072552701392658;0.14104170860457743
0.24915385865702866;0.5265790816887227;0.36000182058341923
0.8426978679055316;0.950082077129108;0.4345863226561405
0.45239063410653846;0.587783136394207;0.3262717452329381
0.05016104554782974;0.2575829157612387;0.37057787696126654
0.8125548275122988;0.6037608000814145;0.17915397288986856
0.9015174900108284;0.16864896394504225;0.9180493248219049
0.002257261027900359;0.377838247453114;0.21511006605192484
0.1830012464226095;0.3946305892709078;0.7284753623324576
0.3140291590216885;0.5643135420943515;0.15764258404985165
0.7370185365629488;0.39115287435889157;0.6946604424311933
0.2317788061504038;0.12542942412670544;0.9505390483114764
0.6831709671680919;0.4360047899469729;0.3487162703235859
0.41544267718837724;0.3360614501285478;0.10662750879960758
0.32319154739613254;0.1645322974297908;0.9953399557573559
0.9489212024725544;0.1270079873809955;0.8425841487544994
0.8574447725604014;0.44577333362595917;0.3621718619958436
0.5067645406334782;0.4585222014059278;0.24401138441236891
0.35584670745880265;0.7241180534049705;0.5506581672299363
0.11683608497620712;0.9323352717969419;0.33040161679254354
0.07678887231598852;0.18719446509972082;0.20118072443117108
0.20370144930912282;0.2782691601774344;0.07835325504751878
0.9577062507241515;0.9265919971011655;0.9776725649096477
0.7456342927842171;0.9476882062907143;0.9364206613761498
0.35779216595774443;0.2330239622189355;0.6149399168750701
0.22030082669645046;0.7505617088103804;0.8161268385541546
0.21423893894698354;0.28886363186763286;0.7769095223183484
0.45463369189174097;0.20304787379432498;0.1829665696711239
0.5209106525631013;0.62341175643746;0.24612383089027767
0.31129227894823475;0.3502375826836167;0.01891896325670961
0.32890307207254754;0.2338824940395957;0.8114702686849341
0.4291588161466168;0.948016438544564;0.30547606615736167
0.6168088053863585;0.6969997829906555;0.07392458466363983
0.4967205679884028;0.21051977720554105;0.033973278345960756
0.41551598003511203;0.8929618901601093;0.2224658155765824
0.34482920705411046;0.1824949351295594;0.7683213189941951
0.40869419920317396;0.10084928899477907;0.6181821120322477
0.6603680745832681;0.6805235488108511;0.15963874347396567
0.7635309987084404;0.7538349231531468;0.5761114304985367
0.3210381642774577;0.9954407038541996;0.13165040305247
0.46943586758376277;0.39306332642383324;0.08067462067425579
0.5015107948347689;0.45747645327614805;0.6003860287655269
0.5809837907890699;0.8012756272126829;0.06578584750180982
0.8791747054851348;0.9668024909644217;0.10554872740488508
0.4847685174974251;0.9969334376482998;0.683851676381329
0.9058949375807355;0.9527154549886111;0.5358708564039353
0.8127699058167929;0.8610550717888775;0.21815371736175204
0.8826394067208079;0.09564908315025555;0.04856180193015169
0.33998406231301825;0.8048014270148339;0.49693754238625243
0.8723697692840925;0.9051894234455757;0.4973819130764279
0.5392864949483367;0.06781639839984654;0.5976930101480585
0.6470317239029125;0.19311166471305274;0.16181361996836685
0.550616513098874;0.8477684519751311;0.9224814437466178
0.4526417051665955;0.6366525853414412;0.029311188243100528
0.8994598706299796;0.2603131305024744;0.06479711465636329
0.2707553149002154;0.8041684864134307;0.8604577426826927
0.5431537687184997;0.015607168891573875;0.5788110509815668
0.7448942071189163;0.3162315243577982;0.10063344097907811
0.7271855727997925;0.46559686731699257;0.8369992777749411
0.6646364743045093;0.27060171354462215;0.8329692400416912
0.6606358370744527;0.3414892306845416;0.5032322908696466
0.9795893077203521;0.41815632883083287;0.39138164846115575
0.7995320832954708;0.8723799335200609;0.7781866152572108
0.1381525828172664;0.6286440897025591;0.8484395300156286
0.01839463720295953;0.6460737579807866;0.60616313822279
0.6687052528190907;0.19898245423772898;0.6707264419172233
0.2001950943060492;0.11751889532858772;0.09377870312753223
0.8012298065022341;0.3574338247430833;0.08871653381359423
0.46683089953971035;0.8123247452825255;0.5675989365587689
0.7526078975953155;0.6449804381083538;0.3639169885041671
0.3981647036307472;0.46195327321958657;0.11105332842121074
0.6264340722313073;0.30839949277510537;0.5308549073137298
0.24428581736067356;0.4186308409658659;0.16557574905921024
0.21107968835048097;0.17610823106276052;0.6550104606426763
0.03053518388841936;0.27520949478990675;0.5097781773088481
0.2920660087420385;0.6053564385543492;0.40344683229754097
0.2743042411800596;0.6289058047056716;0.5218671052550339
0.10111734824453755;0.418684530021718;0.40265264594171235
0.23339254555523614;0.2416297984904653;0.7802635277802548
0.16746206543459063;0.8835647507590911;0.20229080156343482
0.26655797335473186;0.5393340782153337;0.19917971290477376
0.5175171560805418;0.15621537977293354;0.9364985116185096
0.7971071500976372;0.2793488898154557;0.012307671433238965
0.4355169740795345;0.23929276662872812;0.4277589339988124
0.1837948944528861;0.681815353055478;0.5023270971472985
0.22840455828652118;0.7094431956024837;0.8635237756067484
0.1933489147971027;0.5061046760321495;0.6489703434824926
0.027537379340810575;0.8899339223317639;0.004060769381505791
0.6370185322506781;0.09443010993480494;0.7044861960250749
0.6292646073282662;0.8378855589836799;0.4907466580660914
0.16915930585739092;0.3487929921074896;0.2549356822227514
0.7352382642161037;0.05210898793390595;0.21628459884964968
0.08850401523873774;0.16999030651059577;0.504615650119527
0.32078929393176925;0.7825233569050477;0.5853422343640596
0.9269752898730407;0.2290810367597953;0.9051744723105483
0.6569009970731108;0.37766284051000454;0.012594714219062109
0.5591682592963613;0.5871566220804594;0.23005780552375377
0.2804308490546634;0.09499414800594874;0.6150620109167222
0.5654120647703937;0.20066283597149037;0.9264722514878749
0.8531941398485428;0.2816457835043442;0.8656614105747579
0.4552868827682518;0.4281271361835819;0.8778798818720532
0.5715061008115501;0.8001313558848409;0.7162470987257206
0.04846767761036419;0.7635578823247007;0.9813106281014963
0.8313489701203407;0.058725858516876506;0.9112732334294771
0.8024134308857135;0.07544276769084235;0.05842783473433211
0.7453787628403147;0.5849589121185138;0.7329536931331213
0.7055727176766784;0.4214003412122479;0.8654652780615277
0.9855629946922095;0.5504362498782857;0.7087280643236008
0.673844379040808;0.19344519998273957;0.4534304067084811
0.304238751912395;0.24385336270588887;0.8377416412490138
0.21097769328277538;0.16794912801968565;0.6445852277699121
0.0019125856558904752;0.563480219578319;0.7586624852202162
0.04548557808946063;0.7055647200683886;0.7860179405297778
0.5253536358925549;0.5985496246814134;0.9018911209032763
0.16664521001198995;0.8469489621541452;0.022864859523032632
0.7392539578744307;0.8840687611177972;0.06511372186672493
0.7385301969558206;0.7970986706932409;0.08142788849019356
0.5249319396729418;0.3606570736819118;0.6560685317814943
0.9957797218562596;0.40624518481590277;0.48511591792366693
0.6169167234725514;0.1707283966158888;0.8330868013372177
0.4467490997874344;0.09427956801971538;0.9032467490599919
0.6587051875996995;0.3210235880278106;0.6480977697892841
0.1647789900859683;0.1511315776405724;0.7620791359651554
0.5601833762217966;0.3080076981938501;0.5764634392335268
0.04432651658873665;0.0059167525758282435;0.484553514491075
0.44493605905633116;0.21427721271852718;0.4781796589923928
0.2530832736269574;0.29196677132995563;0.42954268108924054
0.7918379255211431;0.43695465402445066;0.7300362086374672
0.5619541637121646;0.685116814737751;0.6107306064887374
0.5670923835725787;0.4628199467790942;0.6909050726766979
0.3008688093750099;0.674625525796364;0.7355476787603846
0.9013621433396009;0.0017015787973010399;0.7460728319871093
0.14706266352118613;0.4358849287679254;0.6852885606748572
0.1980078145002464;0.32862964149555096;0.6202243856964696
0.2634732282225043;0.7120685533319232;0.5679959627649717
0.5160994298093007;0.39629145317615344;0.11747823434166493
0.5289238643252624;0.21368332944087753;0.2710153951130808
0.37708722547499307;0.09104268543984839;0.47237879576475517
0.8634308042352948;0.2980626563114789;0.2524778962844715
0.7216236765943981;0.7509722661567602;0.6284117469145228
0.12961528865311123;0.6827337186287971;0.8488404687776598
0.7405092019146993;0.6762096315810217;0.1516576394381367
0.910899824699664;0.44636021382106306;0.6725330682446632
0.6599937210734582;0.0014509396161626054;0.6254161555615274
0.8898197682595289;0.9134962763049889;0.9376650826896747
0.1770592182051458;0.44390374505844443;0.8188637939656638
0.9419821601625362;0.29785839410726767;0.2251723371141262
0.5087548540140668;0.7076833951776859;0.6931202652184548
0.467220018944997;0.07885444884617032;0.4416550191995319
0.020868964534801804;0.21176445896963636;0.5857750507645088
0.8670099769303076;0.43646447817668155;0.7083385721940126
0.9337344639792513;0.9361915415536337;0.859818669379753
0.2608013900727266;0.3510610171280879;0.48700694371814035
0.9491360667815427;0.8428584735533715;0.9634993138318863
0.4017049741293468;0.934169062718136;0.4817454087062055
0.21408863768303554;0.6321545590316652;0.044940913401851246
0.7793831464792701;0.3216330510119759;0.5065116029591322
0.22040587117788135;0.09022408561929185;0.8747228662165055
0.7072392886927795;0.9343672911642195;0.20362177161726724
0.013120624562561578;0.11654445172233885;0.41663748184668115
0.08607266950716619;0.7163669823193298;0.6168035647737631
0.8510139482574376;0.9431867627377677;0.8629540711345075
0.9402029760205554;0.865168160238384;0.6647793710168242
0.2250798851870105;0.10418597005084007;0.9552427608234365
0.9542187996816861;0.01485091245040604;0.622982352985171
0.9503833758698442;0.3112789700031985;0.15313402954125133
0.20248312225427556;0.8228155627903051;0.36911967696430836
0.10956607466850421;0.8206136237603178;0.8574038505790846
0.4931209080645478;0.7817316997162284;0.27967953106423526
0.7189507496729591;0.15504559507634108;0.7969151701956629
0.12690299286599582;0.43738234253983255;0.20185936153721507
0.8198032507687446;0.24998155329314642;0.9788352356113561
0.2676040640584124;0.7820467034004439;0.982015927231828
0.24988384138094732;0.7613440889207617;0.6132672509051434
0.7932768475933843;0.44066842772137427;0.9359950496702372
0.68210930285494;0.71464965462632;0.9696271198479347
0.6666929721612231;0.6097884673109909;0.5277973986738812
0.5367339688964455;0.44668646657086897;0.8157416942846148
0.05030603708356918;0.5590774249427484;0.5998565806023
0.5515019918199233;0.34415903123571856;0.582554218439792
0.24109459254241372;0.9363821731358545;0.02551475073509235
0.7236354344783322;0.8009218019574161;0.551787322470394
0.4923207368593995;0.9173152206371199;0.8861273168643264
0.501160629985748;0.2603793975123857;0.1722286877151591
0.23349727648126395;0.8105577279106645;0.8427304952220119
0.2639119151214476;0.3723413881077393;0.814760465866087
0.9703862984652092;0.07034198284597726;0.30084512326346236
0.09602502689275949;0.10153604446021658;0.6560339418201333
0.28872398616246353;0.7565272635680226;0.8301578970431066
0.15405104007709092;0.3919628827806769;0.8248179965830138
0.708781005447165;0.4595918543790114;0.7830351306354664
0.6170923196635497;0.002652943073369607;0.7966055376142099
0.9541467396943543;0.17025104021683912;0.6993156242416734
0.36455337854249326;0.49683375443570676;0.07392603620265614
0.15483409970794737;0.15932657368984227;0.48696012734748806
0.5126720659838604;0.1288148788845621;0.9642368769808666
0.2887686526452963;0.6228016852068319;0.0761022557175054
0.9146093528030479;0.6146382490392505;0.7017239511645051
0.12138199628210489;0.541155614564437;0.04304923515189074
0.24446144993518182;0.7357062277751709;0.05893973151338405
0.551479190270875;0.19001401478307267;0.46427996631241153
0.08711947633542472;0.44907193451319516;0.11372889998847535
0.392977687246876;0.32696922108714765;0.7970329074139328
0.8527519612717728;0.31614124591061565;0.5756758066477952
0.3723968738274894;0.4564507165577072;0.7759986575563252
0.7483253255789378;0.8846185259783685;0.7829473317871616
0.8891887506060508;0.26469232449409985;0.7209541153492487
0.15826170258888517;0.3209521667609402;0.14178496424992204
0.38869644760521105;0.24343417083979924;0.32774437222527264
0.08763864803094423;0.7773074595495176;0.40373107484284754
0.8153604117904213;0.4467093350258242;0.5390380655727959
0.3348567848438422;0.2541224232386047;0.35985905748851255
0.9662807797726627;0.4955835830092462;0.3500164363894954
0.14407899551945758;0.6717019489125308;0.05152677930727634
0.2510168821549267;0.16565143879022515;0.09193992279987295
0.9664343800752111;0.5482914770197419;0.5991794198689556
0.8937354677783117;0.36560438370068427;0.2914424188791045
0.912898137350498;0.3971904449828195;0.5745197684197025
0.4559611726656395;0.9926447740395671;0.24484041783536026
0.8857443477521718;0.4876942676117404;0.2334558534604544
0.9568060414102071;0.8088740234362796;0.32512761369746557
0.27012446581477323;0.4430822565723075;0.41650321792483125
0.24258531815978535;0.7593904984801177;0.8229145263317893
0.9061217801169332;0.7451742263217881;0.6612187061803068
0.25285895539438263;0.6163884775476458;0.9279189577042608
0.13926486198724664;0.5074486285867973;0.23381076359095143
0.7024753951977369;0.13769460590594307;0.29352006325860347
0.46831085289983876;0.732773004121483;0.6885768926564035
0.9961770547881883;0.5290515385840161;0.9415237799789362
0.6845120261645337;0.8450601845779747;0.09752145470200846
0.6155796275580779;0.553245010198406;0.30961957204975
0.5650459518081817;0.4726553564207314;0.5671378393647495
0.5695266103441328;0.80364411468795;0.4875972008396051
0.18327894500317699;0.7630296147865272;0.32811095127105194
0.33219407353287456;0.6387186660195352;0.9410152045297825
0.412314737629186;0.29419249238167877;0.9799728151743561
0.5929748882216243;0.051667751724444266;0.46786662568661397
0.5805388242744408;0.005815234741771258;0.47719573732370435
0.8591084929602291;0.5066156648539142;0.822570018750743
0.9420559574949615;0.04100873390450355;0.40706431127320175
0.8628928452927106;0.17909350445018102;0.9209481327160628
0.10056711242878913;0.741850359120709;0.8724595839957702
0.623559197584553;0.42100216257437895;0.07799479761942818
0.5791873259842937;0.4423905366141645;0.6153886958446159
0.8183902377317235;0.4056596142762613;0.8750777621385901
0.5414621475560077;0.5064992665348643;0.5256612132212404
0.19004243423144396;0.32294199019201486;0.9582609185767127
0.23212496729420617;0.8913919615720299;0.13361796251058555
0.023821992982649087;0.5129759322656621;0.7565361001475497
0.9707671785493767;0.35137651790730984;0.006969843006474852
0.5326042537082131;0.27253298430982054;0.2606188344778254
0.7638298775278793;0.20472067699484842;0.8434263399040587
0.1075359887859878;0.2140601668931189;0.5830193226840983
0.09338073479733422;0.8255437266309352;0.2054233595572328
0.5511113796332724;0.9753016006596742;0.3661266938636053
0.3743113253583005;0.9716173270782067;0.29048119007696016
0.8161046436888926;0.3870496626188106;0.32113601974078976
0.4770323679782563;0.9696612201027442;0.6061925716634036
0.6093618738629129;0.2847689095630742;0.6842147396968816
0.21323909883561742;0.1312730902248942;0.6597833258005158
0.23832757804557003;0.5520249999427529;0.9641994681018957
0.9126442748944952;0.8250172978575842;0.7808061485643565
0.9659796611779234;0.7280680173918451;0.08893266546380008
0.5815552141632218;0.33960053743883845;0.27515136191495915
0.08501149174753098;0.7051704745193791;0.8211258041885686
0.5357002568202245;0.5181859655340892;0.9468780715115056
0.34532694292150135;0.978001499411148;0.8269841919888071
0.9705188567787651;0.2577345884276232;0.8904870901070802
0.5722969642973532;0.4395956752741593;0.9016176953503764
0.8850914402440148;0.9234742114723222;0.08466338542107754
0.10410147006965076;0.6172148692163639;0.8971042349263673
