0.15152033565015643;0.05037936072107818;0.9589179657130994
0.9811786580634888;0.25826703624231795;0.061607771146097945
0.40548185363303024;0.42983687728981945;0.764648052517838
0.21662728985278412;0.28501342576566047;0.3012948120437281
0.6202933171217583;0.34080183051998236;0.6652085389878785
0.57932265663143;0.8916579086490585;0.2554126720593938
0.6403567335540638;0.12102448338745242;0.2521200365057594
0.2868826257106717;0.8781003344919825;0.5980949074490993
0.09923637731900592;0.8446742377853003;0.5536026019525867
0.14475612627777756;0.08011378174351824;0.7050850148727612
0.7722899606764384;0.052319557436367514;0.4889403111749987
0.013106478974065694;0.48853357284427434;0.336600195590381
0.02186467495469968;0.3908407486887553;0.47110948467258684
0.6600541897341112;0.6632246824463495;0.28319060246937344
0.02626812468957951;0.6452993522633951;0.92919048968362
0.12334865720551869;0.001079474801028435;0.7375571999411522
0.13650231080910913;0.3282903125356136;0.8607063312969248
0.01421364783547141;0.6061270085051353;0.3644024608451343
0.010443443034379163;0.5654214355099886;0.4728285783362183
0.14378501552518252;0.988974639969363;0.1206470027972778
0.9306808681571831;0.25560667549781013;0.33426079495002037
0.5666522002892398;0.17021628372575914;0.4099345109809266
0.46190559383701824;0.007771764589206698;0.7157443246167389
0.278040255920595;0.32839614132826944;0.3368246960455177
0.14622131554352213;0.6906171094328116;0.8940381002365709
0.8933899248216356;0.8777533041728489;0.31158744702031493
0.914632698670327;0.49344473117313237;0.6472750451497359
0.5096277114594306;0.3340756303157868;0.14939529437447607
0.4072729544794317;0.41391711835134215;0.5490637546663549
0.6140989929076592;0.47229428216026703;0.4096285452507643
0.843722301789468;0.2205790405728939;0.3735561286121529
0.40228323487993667;0.183111090675251;0.37840104092467053
0.34780133227008636;0.5773014944268795;0.8446724004087154
0.6389443632375461;0.7873002897628856;0.5815750531930695
0.2696392275450703;0.5550716822693491;0.8402439145070032
0.004547198971025845;0.249297898118939;0.37440338258919637
0.1017284498235066;0.1762378281198853;0.6823163120971251
0.36170532942771294;0.5273066381967167;0.23877991497036766
0.47448406600035353;0.3511180526848152;0.5222181721538343
0.5714245123846314;0.4587504008212536;0.6366551819583233
0.5966802730630578;0.5011301794431341;0.9184377674219361
0.5370230594825036;0.1992507483807271;0.09634249040823217
0.4743264644636279;0.312241175718067;0.13764133966931957
0.4762359983108915;0.8455712204996825;0.666218256764078
0.7718777221981366;0.7087761433189597;0.3223799212512829
0.14624313066248007;0.7429529083271271;0.7194204224402619
0.3848058318333022;0.8028034909817338;0.8314496710905321
0.551895604854816;0.41402663817789376;0.7474953583821946
0.14175484079045053;0.9152952455535663;0.8122907081600681
0.9950608279103765;0.2573437169345726;0.1102966131407308
0.8668348030067322;0.46741294747384554;0.2823244927534204
0.3941974595046501;0.44056034646551656;0.6256963258820146
0.9867732075686295;0.9623509386370074;0.20546012652994272
0.7339046988959244;0.6762235704506653;0.34145012037495226
0.36224969894151793;0.7755761636281165;0.5974741067462143
0.5603413953393719;0.12967248246477758;0.5851912802119827
0.4882125839055518;0.7301603959711064;0.47897734872467457
0.5058579665821429;0.20624856244723566;0.9431002496205884
0.7603673524848437;0.2137133884777399;0.5975001933622621
0.5595982213365704;0.803506822177559;0.006461334166940835
0.8401418171803464;0.3258209759392563;0.3464726839506155
0.8487663939307609;0.7109525620984031;0.17545108725744185
0.8743461315078265;0.01211020104388083;0.561453468338792
0.8705508462702749;0.9768341858702778;0.08606727543966175
0.8588548484399241;0.15266838067386257;0.2546736852613303
0.9712827455010945;0.632416282531198;0.6664220047858828
0.5440864151414198;0.2705879544404409;0.18035685325651285
0.3585979074855249;0.19558097829806864;0.16500552288939996
0.11510914213865486;0.8387486887248892;0.23387068080027407
0.6648194953120231;0.21691828576870742;0.5666958285171017
0.6262336720278774;0.13566344148989984;0.10231494593086154
0.7990277056754485;0.28465885660086887;0.6759462598260259
0.8920027441908107;0.8969933175652453;0.17280566328911418
0.7454586436165469;0.03693352813975059;0.9231016542462857
0.19531555597427208;0.393933622294642;0.4839220788847437
0.5859281122722881;0.3930126490507144;0.2892316655141308
0.464335788661404;0.6620545771428914;0.6242688747730051
0.10476239219005645;0.4580304345016657;0.5239441688405992
0.9986886876577918;0.1992757089149949;0.596349188521197
0.21270291658869078;0.3914363017209953;0.8950047040565817
0.32564058288033915;0.5939741749256062;0.4568559941956114
0.9131694709066966;0.8611646036016085;0.5502340592332284
0.3121411192122252;0.6256693420878352;0.3185428824360128
0.10926041876940729;0.09881677775649744;0.6820724196859442
0.5263425393779221;0.420474807308335;0.3269143779539748
0.37447094416567495;0.24141764815776623;0.9827087187576738
0.6763111751155354;0.2782588013097784;0.31136727239904827
0.19121248531980695;0.6945869510553611;0.3205048470925336
0.5928883686128782;0.7261677018491713;0.34148460250584944
0.6256016178233634;0.6408240411949758;0.8208852469717369
0.4389283587052627;0.43555218277353314;0.3218145909676222
0.05000736794569993;0.07066690604163939;0.08422953705710645
0.2946329509796001;0.059038797558460754;0.5674969600568114
0.9307346555904519;0.05332038854441623;0.6131469725382094
0.0611143217975324;0.988169823789286;0.7339964817228886
0.29060625339748536;0.4288675196730356;0.2863167224991605
0.22662238346369779;0.8975832969274414;0.16753049428451205
0.5875671414745489;0.1928875700031607;0.976314116757643
0.859627256646137;0.7427344181196136;0.24157134683183157
0.1912708569821241;0.6795357857279971;0.49790182706958064
0.8480134290435792;0.05139813780185232;0.420250509509963
0.25757377477967425;0.5458169660370553;0.7075955551675627
0.47407998842614396;0.44036807917067;0.16965357077536292
0.377421110960666;0.16963819890645704;0.8316903128033846
0.8145323072847429;0.10001939209499178;0.5868582706980008
0.929108281379725;0.40818669755090153;0.002640836775345101
0.43208713262383003;0.46545781299703415;0.44815432178367176
0.15691486330362636;0.5652855200009416;0.9103515341874201
0.3727658194991996;0.5611790040831718;0.3296300895667372
0.7498670434971034;0.25090271851402635;0.4997091755084141
0.8832051617234675;0.049950220797471245;0.4442490299220122
0.3997452962469038;0.16935578161604947;0.3553111914328776
0.2091151362234851;0.06848199880999972;0.9471971689409187
0.800832755013718;0.7419452232915076;0.06274499143638101
0.7517698232564392;0.39247542334684404;0.48181853474590697
0.8406233437308682;0.9691724665205109;0.17064154148967903
0.0005964570363542476;0.995621527690067;0.11590164826721172
0.10667209594827787;0.25650633049540006;0.26464388622261403
0.8991886333238611;0.5526650595271366;0.4048591486092954
0.3331707858118229;0.7554295130180543;0.8803641056478677
0.9573153450291627;0.5732947823395536;0.8337539458338054
0.33838953094824953;0.6327462906048432;0.4897857889420454
0.6503674612698406;0.5118548604409201;0.6914721277251545
0.5747215122411521;0.09323330589667223;0.36343833399051073
0.48401182024175604;0.322517346627162;0.16780580732091266
0.6420263068692177;0.4226110274767826;0.5825321973421572
0.60434241506137;0.07206544163784956;0.9404992452618167
0.3560943539515188;0.5856150085885644;0.02838521542317829
0.4945699463833746;0.6653938376323174;0.8557830756589172
0.8248306108772497;0.7571667556601419;0.06934527131720403
0.08889441690980937;0.6586963397274317;0.02592495660747951
0.5869973286317449;0.1447510007615992;0.9903405580872288
0.9889732797492206;0.9625737158199534;0.9548563058883861
0.9560685656807794;0.997783838953605;0.20013223354422272
0.4735414663772233;0.6347163195092456;0.5511237630353854
0.12884787738555026;0.49558158577186695;0.9944439120954148
0.9305409692706628;0.4507899633265179;0.5423400891972594
0.8217186288781287;0.31517626914229335;0.8492157821514241
0.9686860147470283;0.21079014567763465;0.20268756639929275
0.9324861713017637;0.5745406477800359;0.9331363103862249
0.8051820409471813;0.3829723342496667;0.625749926480416
0.39835572932676533;0.27730651884822566;0.05740504093244103
0.0852846310401777;0.1723965188980917;0.316028648891847
0.332018476272429;0.00032388588120479955;0.4698591845031964
0.2972826175135477;0.8534220454775633;0.3344170258779028
0.1660500166313379;0.9707203052025916;0.2937950151726383
0.6070000028729723;0.6395759771280071;0.09687977185173358
0.5655078905420157;0.9980831084070355;0.21847662239937793
0.8808594532220893;0.7265225566937613;0.3537502822292845
0.00819771609226494;0.45514439479244073;0.23774001331105665
0.8605882070567586;0.5982010127801185;0.5152287668926239
0.23539770146899608;0.11005812220364053;0.33554537476946567
0.7337194851529686;0.8411394131969973;0.9695718216268328
0.5920458346118421;0.659730180266092;0.9712464107896243
0.474524547029455;0.11912084618160046;0.9234800106727122
0.6450744836878257;0.8945801825787465;0.5064539658183463
0.7336428772603157;0.6197765077889474;0.2918019515607797
0.8198672269847826;0.9986566564997955;0.18080372318516535
0.5908150421335016;0.25817532641908625;0.7228080994894529
0.017968767030866473;0.024116229859645566;0.12591545426825712
0.9022611521676052;0.28290021980141344;0.40346971396242404
0.4099569573225098;0.7661188792140154;0.649277612991004
0.202002606745887;0.7766112431066792;0.34467447122694606
0.6154361284193914;0.4695815228885657;0.969145180113552
0.6897404459693431;0.5305407166265688;0.28776145778577833
0.2662693074265434;0.5159491909895582;0.582468118456915
0.4992430259104803;0.45204864210738527;0.21881122322850177
0.16118756717419436;0.48294757692359724;0.47828043968077605
0.004865246906700982;0.23904344189788873;0.3834721951545136
0.6556830235946809;0.3694373162854846;0.11559147315499552
0.021731373451420954;0.7343184186133257;0.6621733307830077
0.4409180078113395;0.9158554948720316;0.888318221982143
0.25622849548233073;0.1339334760348393;0.25028163085325517
0.22939214747007752;0.43372796012244375;0.9873913416258716
0.1888711509272375;0.8120858760821899;0.11192538535728125
0.05559380807307002;0.4502548721507291;0.35216814256950757
0.49304433814785287;0.9156349346503616;0.6996028914076172
0.1337791787687317;0.3544818071518667;0.9036057394293765
0.2971422460350296;0.5470180910106833;0.7109276553786367
0.7941607755615433;0.6285850962775109;0.8108992668963371
0.3902979577456127;0.6543227506801584;0.7444210853004408
0.21941264407671734;0.5831257440134517;0.2347143814483016
0.4998304535569843;0.6438013046968275;0.07722505557715986
0.8127377390296346;0.7961148397859459;0.44520284052522996
0.816246777390766;0.02198494527604966;0.47403103693476845
0.08427675318676808;0.9767474683902497;0.25596570722375234
0.30982337898535484;0.21603561505360847;0.9999996447068834
0.7960839743585253;0.389378229407948;0.64510510267221
0.6698408505529168;0.9546784283056863;0.8052185079266472
0.8773026037663907;0.11466181357512162;0.39644237366245905
0.6918493367050315;0.2461671907693761;0.3309128260926426
0.37408559163493804;0.6336531631454526;0.960391319105368
0.9758102508001805;0.30984267627177287;0.8406952531050221
0.04686152900986729;0.4249164343747823;0.9291667663610994
0.2395295955824699;0.5584262710341874;0.2907667626661756
0.505606374250774;0.9591907535738181;0.6903846324820483
0.3574726087759754;0.3277866700210713;0.7957535172816359
0.9751032462312765;0.5327981337856499;0.9455343999597585
0.7893743565892783;0.9111658037942337;0.5057828910940989
0.4205691589552756;0.35632005361021246;0.5351100782953293
0.008056075328499501;0.307798303931183;0.18726085086541522
0.2672561273362717;0.008721562282875461;0.4802393034006813
0.7650944139137017;0.9647144526264699;0.056525110735536455
0.2749315074644989;0.29671171738482094;0.32466882116646756
0.6180462349819299;0.5645903990999057;0.2791686067952567
0.9793329891654624;0.19969497585030094;0.7293778230112719
0.8106786893565702;0.7316004599729189;0.9047107838592673
0.03582297416665714;0.9046803042511903;0.5025537488433394
0.8637010289954714;0.2707276601447731;0.8427708709809536
0.07757581314730067;0.15989518055335072;0.15459340580042824
0.3291907190564656;0.8095026939788306;0.9044403826612171
0.7570187280479274;0.0766711472457573;0.06661959627918856
0.18807402024876152;0.4210080945394362;0.606998169551276
0.8313697165218736;0.4637296029591489;0.6290019927871171
0.21462815377264777;0.5249077496696061;0.436336980218748
0.8800557847183571;0.933238673389123;0.8053592797079066
0.011334442397341382;0.31925830293835133;0.4955727954393342
0.6332431110289194;0.5193349405532415;0.2226990268908976
0.062134354623858745;0.5662606255773378;0.8648854032321405
0.8030804456369877;0.32012536368444167;0.022587473438937855
0.3103021446983808;0.040022623696748694;0.02751590196055309
0.08847933644641648;0.5816236159664263;0.8793282180380333
0.9173370428423523;0.3056003075128806;0.883354375562845
0.040647017604550806;0.34542389045871646;0.5987470885508678
0.3474298425508636;0.07613704519949838;0.01787296986230924
0.7382798247896554;0.37492930039353856;0.27421109449306513
0.5902197562404857;0.5324023507027416;0.7741114275915246
0.13776925838572607;0.5781421093122618;0.5873644396177841
0.8115911110697547;0.17480292655645935;0.9389040775587657
0.9674011874712288;0.37378548348638085;0.8638770805595103
0.6988353379464514;0.8089168338782733;0.8025467478146331
0.6319927475351641;0.736251421541929;0.4283878849758427
0.41879003299780826;0.03227604167071718;0.28224908050517283
0.6132721523902862;0.9928215074715483;0.8804242517381718
0.7617436275058683;0.46349183164200813;0.3231487934976397
0.5870399097994137;0.5890996203650993;0.5588626355552478
0.3930729231229162;0.4183432634260037;0.1402246442670968
0.4293893908244427;0.7908407437316403;0.7907526630735509
0.4137911283991864;0.11995074444357823;0.6839324261857013
0.5886889945102738;0.6787850235263401;0.9632297248090581
0.6656968858712682;0.6995586476955493;0.5209943283585098
0.2402826841338035;0.6153363916772917;0.36528989693452774
0.6779112082161906;0.5620911224232692;0.15616989633381273
0.8199755660829791;0.12197411284884252;0.10413957638143867
0.08049535898527327;0.7722823023566708;0.35947560729126216
0.25979315340850606;0.8259658808279022;0.5112602893064229
0.29325153266672044;0.8768879334494912;0.375624992201144
0.440316255380921;0.9347569727213481;0.4040972239973588
0.37621543565786153;0.3384264269963093;0.5438629542202135
0.8513821693767399;0.9682591607046065;0.12956696808206025
0.3929734625410548;0.020224318705634903;0.7345872498237769
0.3738774980274414;0.8075143843629308;0.5723180466860199
0.991559268314247;0.2232170968532411;0.8476438588793352
0.14198305719191484;0.49699303004461026;0.3314849729066137
0.19920927760202922;0.7156518291243468;0.20162816500546343
0.4308454869597148;0.036678492067926394;0.08582081544540476
0.7063997775957358;0.13596126808639908;0.801686130297505
0.7023760290803912;0.342810855598777;0.239132266975847
0.4488427552021359;0.5229668130417603;0.24091621023997722
0.0011397456063980682;0.7013372371821512;0.15252257082728882
0.15033160160902936;0.6284162205962913;0.5349556053357768
0.8553525004590722;0.6049652453514217;0.6712443073565563
0.7755264167904886;0.258529788170456;0.9870430594069133
0.2807250065824838;0.35286709053545073;0.6528043899351791
0.29988603070986586;0.9377022523151152;0.6080633153107351
0.8586379733299093;0.8640331354409342;0.20159835008813276
0.19100115017947072;0.5209729943572516;0.2261302734871593
0.6188073165136213;0.32954185679524073;0.566174203384629
0.5383587231310204;0.5120677606057594;0.5560659251979487
0.7554215136449839;0.5295574042844094;0.29485466428521157
0.10785700178157087;0.8662197015327006;0.03347195295958627
0.933707317533522;0.46856746159995155;0.7481196655630075
0.8957742616576798;0.6630110202651168;0.8596331290556941
0.6654683192279458;0.7040131775285012;0.8902846967859701
0.047502362740784454;0.3960761288066218;0.6262399895265705
0.7843519124948994;0.785175511609916;0.7740392150675469
0.32608498600944424;0.18168926084433934;0.9559401091001349
0.5069480761521044;0.8385809884900891;0.6619585719200997
0.8504505408115697;0.39610207391616314;0.6650173685012969
0.8369973624926643;0.0993700396861954;0.06490298710235531
0.6055856751313544;0.9464808142646851;0.10422860253328525
0.012659516555051264;0.3600841560963691;0.14165651340175844
0.1741431273336146;0.9891765416723107;0.5859266240494394
0.27894774249824295;0.8906488803945414;0.9453118913849725
0.34223801862767067;0.9372070175383151;0.5116430287950327
0.4306548514768178;0.4790403986573649;0.7472873834684542
0.2807240318795816;0.9945971957828753;0.13896840756103312
0.3227453812355373;0.3107334126961988;0.026047027736575856
0.17589587146613272;0.8966903871693921;0.9891419774332967
0.42583358463409815;0.5452996652488197;0.40783792766337046
0.6367101554857683;0.5304370682645637;0.9644509169444545
0.851672734503512;0.20374623431521555;0.42564154798855347
0.8794823728210803;0.8090523846079631;0.9578275710495021
0.8029902343068229;0.3243965638921694;0.822797291633879
0.2097579627162227;0.3387548677242288;0.08296758053548248
0.6955190720695624;0.5112895700135087;0.37832277845536033
0.9699527737889339;0.24894682088400133;0.3318405973828422
0.5131464695111716;0.7222178990388523;0.046433423306465826
0.6616957060123452;0.35784433613160593;0.25278171694942553
0.6870653464033766;0.9421646838977688;0.5993704108318604
0.9037224106278096;0.40166912339535976;0.35995444230492324
0.10885641695899095;0.8522884203257197;0.8476582658610934
0.6249570292888886;0.14786288477065157;0.9528531718754972
0.05053284626131149;0.26020016806718893;0.19308712636434633
0.9308673755807626;0.7550442825900714;0.12449800528319999
0.9816290106144341;0.4704982554377841;0.5127371541766956
0.9446491091517293;0.18020850562603008;0.16377081564159235
0.18977032533322546;0.14264483181547283;0.3976185070408048
0.2807573834984024;0.37895283104945165;0.2524804683563626
0.638576171890034;0.13964710439310601;0.964227854568753
0.3222503877922446;0.43497048818767126;0.9544531746651856
0.5576387449087773;0.6499968905576216;0.6087853913237037
0.6358426722466207;0.6305654714877735;0.6378064039630124
0.9583008294333291;0.9718070967571151;0.718437301717407
0.5062931678322952;0.4589817591099846;0.2544266842297219
0.1021275314465746;0.26537933480906883;0.7949930079563313
0.07406525572365386;0.9094060452226826;0.8764665991945894
0.732660792829032;0.020134086760492997;0.8040577942913347
0.5730594202068692;0.8282767777662454;0.37277176003107126
0.9436759488133246;0.1389712174954214;0.30799712022813674
0.017061426862444606;0.8902480650778695;0.8764788784835398
0.023533255798456998;0.11912945653389717;0.3000812758782526
0.33065554113181583;0.6258549482763089;0.05979582943208128
0.7549858201666997;0.7957323226473368;0.4669137759017208
0.025162905884197784;0.4586459047778444;0.6557888160870415
0.29983006635729115;0.7740406250687366;0.979920744135314
0.9468315939457068;0.5929927568778559;0.8646959458585562
0.3451315733361199;0.9883043166732024;0.26556499940197
0.6739031336333199;0.34497758996798245;0.07310745227204585
0.5474610357712201;0.39752264747268007;0.010894249380621557
0.4245604737896609;0.20381060833457076;0.39831323802577645
0.6458124586168599;0.7636258505692106;0.7154782025431428
0.2745635512331741;0.18990325275714381;0.4560430967463569
0.6425144471765132;0.5684519921295443;0.7321954848946524
0.8862932480275149;0.3814628854078247;0.5486563403248268
0.8756204834642249;0.3766391816055724;0.8695761743327783
0.5315730424026869;0.6132077897091968;0.42705258036889404
0.7575022050955567;0.5423755170318801;0.3748542167409159
0.8107285507654713;0.49080868706874214;0.000347719522904244
0.4451367388326132;0.40200661148537187;0.5965990666663619
0.4672191673473255;0.22453218051672985;0.08812645417995546
0.6655652995620449;0.0966543746064108;0.023710972955548804
0.1964021718909179;0.07312771269499696;0.12329233192264433
0.7406485913768868;0.9360155773440039;0.44226742802356933
0.28032823924670347;0.36519707028246384;0.7482995481800487
0.7257092710678961;0.13918064071974556;0.6366121681426002
0.09503128424761498;0.9985601243904126;0.34762988710213005
0.06287176986818532;0.5605440639650121;0.6050171176886928
0.01610411627726327;0.5857995284770086;0.4681461372362117
0.969266348133093;0.862116741129367;0.8048841400252446
0.012172044820044525;0.3821624385997756;0.19226387453449933
0.29757139767588847;0.18137283995934317;0.05682283930061682
0.44558728280658977;0.9156672349753017;0.003841217642133521
0.22626877261993816;0.6889737669786503;0.3569225125082294
0.46813137929614934;0.7244007804762685;0.8095193635117938
0.17295935816227903;0.07481633803370225;0.49062413879891476
0.12582981773439017;0.15223682592562338;0.12314579728937924
0.899598346450159;0.21172578454646207;0.4459956148815347
0.28702453165089103;0.2684696347103728;0.06490432624760278
0.3083959740615977;0.6537571689035064;0.05901277825884421
0.7300107212245757;0.8389928400750478;0.9296164975584429
0.8135657353654884;0.6586889129645848;0.23138211786967955
0.10193860405794819;0.7420319500696069;0.2783509095966934
0.9310619602527113;0.3679794307120524;0.6082559801314582
0.6320493935039319;0.604274843956155;0.3435452778545649
0.3033296273417928;0.226037634257941;0.7093055012913037
0.22344177352123196;0.31277891241869116;0.05909583545234098
0.7798462213057814;0.5047579027806993;0.20492234825054523
0.8078930729289022;0.875637093848325;0.00910207205820135
0.7924401440858441;0.44871477254243464;0.44832842162669917
0.9943233324703663;0.5450719740764413;0.4028577398177734
0.5775580424580039;0.44743334054095096;0.46544342480101053
0.5365712832111333;0.9746146075848592;0.6075915230810136
0.8918534762318295;0.7585722042542431;0.9507623065529174
0.25716660100151434;0.7553883152255285;0.289841845873287
0.20621216243162088;0.292657284007532;0.7286332612407086
0.2517037685940513;0.5845566880330948;0.1005958528721882
0.7541542781950862;0.29760010695830497;0.7441272904214773
0.31322204208831983;0.9790785366368124;0.12600262705011245
0.48431016276815897;0.06118065387084959;0.9938857144096265
0.877214023630816;0.14066392274148432;0.8252909681292664
0.6965798495350239;0.7738282844058958;0.3607993100842065
0.28727524958841055;0.6856885574983632;0.10956959847494585
0.11036967272200693;0.971497180696356;0.9663209077530749
0.8182850429523587;0.5547521639624063;0.2672356248593638
0.3391937115594641;0.8681048024406318;0.9816178129337485
0.17132469569755282;0.9798555118347895;0.5396984844953926
0.26831299745798975;0.23661349325761538;0.3137798005646748
0.5629362292823227;0.035174395569474326;0.20708135511404724
0.7399859380927234;0.9243249816706898;0.4695842660595362
0.05906729071509775;0.7445594515930635;0.30082584740686813
0.6761414265416263;0.8647274391409591;0.3225366672466766
0.015099096251996902;0.7325418674032436;0.4666919079778771
0.11593639950941381;0.022154411429264997;0.02036033484358646
0.15832632663846646;0.30057527282796437;0.2496916784800859
0.5549961333801549;0.4953516415834971;0.1845170251664493
0.21269634923166936;0.7130891756779539;0.07356840599529557
0.739025028440086;0.8772209479924913;0.4879188822131699
0.7380519487119798;0.16857822614487883;0.02267302125783477
0.6871089151484999;0.9467219835649923;0.8674895357626986
0.9763543041583668;0.016289330750946518;0.726735960355472
0.4703846442777213;0.5959111516502381;0.44313927385995033
0.9111194058430591;0.4221609090218237;0.1446956056227281
0.04275922284348732;0.36372031159544205;0.16377336549212118
0.44050321083700394;0.3453765013132156;0.2511986682980717
0.6028462848268052;0.44411521469265514;0.5391861482643832
0.14824488881956221;0.46726902861257824;0.5207322908770348
0.13375368039031388;0.6800193211943678;0.7144249467039062
0.24711362166464068;0.517636569414647;0.8745787819249861
0.4633954836161236;0.42063511535249354;0.9978341433690041
0.885659930977732;0.5195386966743951;0.2555298496162851
0.09037315493821396;0.17667287884896177;0.7700877345098096
0.32666760452571797;0.022514300337070803;0.8768283285286612
0.5435733036438113;0.2077803128861222;0.05471336728564535
0.25554233981886665;0.7169720829108335;0.7703847587161835
0.13915096031132324;0.5011476715779288;0.8129690322584076
0.540997504603316;0.6920874815397571;0.7262517382646271
0.903618346496641;0.9291662500675509;0.17719765017516442
0.9097237533656908;0.21466560594204098;0.6604854938939269
0.8888551836617552;0.2960175253769768;0.8973474016928424
0.5790290579892063;0.2816494880077848;0.7610086253776205
0.2194243105377499;0.16726134699802686;0.4408164709508695
0.7409268703402573;0.25619769339405485;0.5308369080867944
0.7167078250479614;0.3867012866222237;0.12366883244714688
0.13280791307674888;0.651369612081278;0.8771415524439296
0.58759154991734;0.714069450352294;0.061079203252857206
0.5532550040269817;0.20454241150751407;0.4457629313891479
0.4160578810195329;0.8289468279321763;0.6287739303441765
0.5470926947199769;0.9703418425270128;0.9509773679587485
0.553512620948321;0.10450975689133912;0.5909789524142322
0.270614735337282;0.13029007958574945;0.02679725368290331
0.413509778620162;0.2778975700843861;0.18129180376742782
0.40691764941552433;0.5406360224421972;0.9118608030995964
0.25423687208211265;0.23125378837313137;0.22547551327330417
0.31913518541242025;0.9152168141963193;0.5195175549128336
0.5978383784197742;0.4658369467195792;0.5286249941203024
0.7044000837004376;0.034360890100819885;0.09883280378626413
0.298243095914804;0.849856812062856;0.27636480263620267
0.8165822784243248;0.3945426012793336;0.17402196901659717
0.5465111529879207;0.20930733014142733;0.300932760031034
0.45614940218413214;0.7907485744931795;0.8333386446505837
0.38310813949976463;0.5264512265703813;0.12800998033372568
0.5326798787365932;0.1262408538897669;0.9920101017235382
0.4748526944233936;0.5891816462303838;0.8881737084474237
0.06735625703667514;0.8733347098786557;0.9175572210304406
0.9147710978099933;0.6819721005859926;0.42624413552072526
0.14693349171894143;0.6739778251576479;0.8629884007013636
0.462712169867715;0.19071747053852972;0.40457651761386615
0.032108218652774356;0.9327492635758269;0.07923845406345364
0.28581336504866084;0.9291778160353046;0.46299462869427177
0.02929822829697215;0.043478256211914035;0.030875960289099003
0.969406238920932;0.9175231646510785;0.8665054517102975
0.2958552088704437;0.21613781956234057;0.6429970834290646
0.9762605124860128;0.49302127931990347;0.7799113262580603
0.13624568115343816;0.20890101643628767;0.4273337376440052
0.48867883035099235;0.4997726835799604;0.0946359706749118
0.9265273596200898;0.8344978573422179;0.9287463423467542
0.9058706572088588;0.8802745336786183;0.31756460818401866
0.030238850893192115;0.1228852330203778;0.40162854312550667
0.41934581995379094;0.896538527863022;0.3060827494260062
0.8725407631175033;0.21833847937956596;0.9826981660609133
0.3517128294960379;0.21232420009899844;0.9975751197761983
0.08773118730798746;0.7750556158584696;0.7784724229022599
0.9590605677850782;0.0009166705374469286;0.10644294656227093
0.4286864065093646;0.4955678786578135;0.7908299605726415
0.9938066779322827;0.8415904263994327;0.37323121468753695
0.7594637232888429;0.5260958584079137;0.2183345175685707
0.2611323457834348;0.8413939310667792;0.9925790950949795
0.1914145959595983;0.23785242565523934;0.14591599094032692
0.7750019020601587;0.482187661510437;0.3972957524604681
0.5822325171019865;0.26080516740422555;0.9635667912084589
0.75290514426368;0.2650152980752032;0.9834243838413761
0.5179064596400579;0.32837649123425994;0.5294652455303599
0.05234829514820938;0.42121847466094486;0.33050711100161145
0.8295532350850726;0.5986745900044232;0.2258069503412694
0.9971715317131792;0.13539663935037427;0.3893218932862763
0.5608114342441192;0.45441426922398187;0.975792242553122
0.6060704073502483;0.9352356693682886;0.8814223094574836
0.2820517210252421;0.9934922918154955;0.2742697420923639
0.7438503964049631;0.5650456744978343;0.6985350104235559
0.9537032559022182;0.6383870648397787;0.3318256965600852
0.2531213165180548;0.27251990261724013;0.4013203481401465
0.7555291474347393;0.6411086828414364;0.7221879266888238
0.7820035837532427;0.2907828634643953;0.8240616862634994
0.7722206917799669;0.651991304039394;0.3805620151696377
0.5485654295848282;0.6011403934846713;0.7222154562316898
0.16753724759395483;0.5803360022863318;0.3195785397370665
0.3007680077357041;0.7755034180827374;0.1801500295346864
0.27381965251609297;0.8276316238294241;0.9820784411475745
0.5567700099395436;0.42524361447660675;0.9544853241630418
0.15469172706291023;0.6573697481760845;0.4140732338820359
0.08589371675567248;0.14082335103662602;0.4192789702903359
0.5711985266459646;0.9264669837670614;0.5749212231867444
0.5848657556170499;0.4176234528028415;0.9068958908292101
0.8085038160985204;0.9676096552115883;0.499392041678959
0.15697668095756545;0.603626546075068;0.566544095672316
0.7466798827339125;0.2761078396135792;0.5930080094129423
0.2200900632583851;0.8030774127023004;0.995967496809157
0.5229207178758841;0.08528528937042679;0.22383220921477165
0.024607644856533883;0.9939581833100091;0.9369766351763248
0.030423598433072963;0.2897903674173913;0.1189419994727905
0.43819532118044247;0.5612790097827981;0.3950822431001356
0.849203571648531;0.32939914122829417;0.5127156839757372
0.9686414761161961;0.4768646299506545;0.25462115452199674
0.7726245696660388;0.6971989638796291;0.3119662367614494
0.5447625640241204;0.613590038950198;0.9539152133823372
0.8570054416172811;0.808828179941507;0.08593352503810048
0.07309641569887604;0.29511239349324814;0.9736128680957836
0.5259588975199493;0.5415047496402177;0.9647260903564827
0.3596993132821361;0.19975452636419155;0.8816754173418172
0.08068162842618898;0.8469782527199897;0.5280993491830145
0.3622668603669684;0.7769959060930786;0.042354474892765004
0.04456513330195122;0.48312067387764535;0.2925131653660661
0.18832712628444392;0.0643945047137332;0.8452331919300676
0.2345346720160344;0.8185576782045894;0.7195258781238452
0.4626080064013356;0.8750046431729951;0.9754783808210391
0.5694142881150118;0.3152953531534033;0.9847257079465207
0.010087259117569136;0.6496791042806339;0.890806660989945
0.4168057190606631;0.057185616385210136;0.1545708283306647
0.6816187668469595;0.07420176963272795;0.3564135386817895
0.7463145577561017;0.6275422419628937;0.46590953206904984
0.4313142542611156;0.7137607076849464;0.9408816424273693
0.2729688887892585;0.40132803628408187;0.9819790294739634
0.505631814782557;0.5740589329094115;0.2775580097592196
0.7332576981730262;0.9146858520050786;0.8166367766240838
0.7908728315089852;0.3060287289684618;0.1427319764992624
0.7541795295413186;0.9419475054904549;0.8262015097898641
0.5918154760111091;0.40293988012704407;0.6461769735544146
0.02073347787441293;0.431037797239357;0.6772982041264265
0.5259366431513065;0.14519738270493676;0.552584710497597
0.78050226794516;0.4073106377362333;0.21054414284511147
0.6509474010816163;0.2133708711554667;0.9721212516057444
0.7049191824548027;0.8833578565022088;0.5831496280613598
0.5827828644974052;0.6016314824777153;0.690928718954279
0.7802964866210045;0.7819516821269354;0.456616467990437
0.9274205785199484;0.6519779971214476;0.23361271099219683
0.9227966568515323;0.3631550270785805;0.8396146633116991
0.17653601441002542;0.055818080833006434;0.6865209728206354
0.9055248965241285;0.6878754245857466;0.8857314612081439
0.6453708502646416;0.4938916223000869;0.7234671119409971
0.1492857328008219;0.5313772170100587;0.6251176760369358
0.017079256201058768;0.18768458981505898;0.6326895451257014
0.45401589518845153;0.6367662674930464;0.17709547130233538
0.294616001260707;0.8602042860719529;0.21783223949790653
0.5387999299901962;0.44194827184321106;0.4817402555079575
0.6034323767183506;0.20750392459188316;0.017177063759356348
0.9042841427030369;0.6538920843136834;0.45271414673932187
0.08987250095770649;0.4347679130584232;0.19194900281225102
0.19886505206863458;0.4895080107758628;0.3321531757473315
0.44012286146322743;0.4791597780260244;0.9959110987499937
0.16119547470409668;0.2951615149884045;0.38483851975419014
0.2714184481149631;0.010735288630020934;0.3804552005215758
0.2029002552237087;0.5255469321798772;0.3666273097361259
0.0964393205417049;0.9883917479194346;0.6678848916278016
0.1651553014562026;0.8207990276274528;0.7152400405229885
0.758959921212878;0.05241853140461894;0.6377592268964456
0.08607247697891085;0.36023422415725503;0.1370310216884607
0.4503092794604052;0.7886381727576857;0.20610451823287113
0.48091516140723733;0.3908688647647147;0.6145943407864507
0.6263351826474698;0.26004999525485883;0.1722404418021355
0.43424792390269995;0.3999586055644947;0.06000292050936451
0.4311000593080666;0.6599056931393297;0.9969370199198431
0.8089443060939873;0.8999615286204751;0.2818671116588086
0.6988245811684599;0.8246282167168584;0.9232480136369043
0.049567725547614905;0.9461164367655456;0.7294526080299811
0.9831398825828264;0.5283944500752413;0.9642609653525096
0.6681311376391326;0.5798520368740898;0.8993882738171933
0.8564741071229712;0.6954798622723602;0.7724716399125655
0.47484660820881064;0.6936539721599134;0.7621226860763493
0.278536814006196;0.8936497921854076;0.4435317203492207
0.2603536104495996;0.3136665642059764;0.1403619718528335
0.7418249837291401;0.1480312125574179;0.434443537768602
0.5359729216373832;0.5173032094080643;0.8489171931725275
0.8367666300607278;0.947046531289845;0.6091336672493213
0.8437408161410606;0.6716246118316412;0.21840227842670157
0.6967989038353394;0.4245335827896848;0.8941714139541542
0.4174349627895295;0.3660135441429724;0.765852438375546
0.6529239233358886;0.7924813635004492;0.1910395656555799
0.9809654113539658;0.9709155055901678;0.710362302698661
0.6724251325288646;0.7138047171212346;0.6499562675503215
0.6435722465804882;0.3327077410959093;0.8508294992009738
0.1853174394924515;0.8925824513122822;0.3884730487673912
0.1435273030925558;0.3488764705164591;0.9434476990832779
0.8644214127844881;0.10028661230344282;0.7929016844259408
0.15514447966570433;0.8881752490613875;0.7455480769645965
0.45758361327361974;0.024494963367405864;0.970663457255743
0.17992042698541;0.38427834859229937;0.14597650888549096
0.537496421805969;0.044440699463516364;0.7067205689313757
0.7764451768396473;0.5382084182599817;0.21458269481357406
0.9298843552764341;0.0882763306193457;0.4762079624051109
0.6547122527110627;0.8263656575613116;0.789490290065308
0.5774547192469195;0.7866339934016038;0.8485241407306835
0.013055875035119735;0.15002036899492133;0.6642254290064172
0.2988772942948327;0.5179089482604902;0.6764145248351365
0.809882722854914;0.10063173291009275;0.6988844172850585
0.8413222757506537;0.24935612532932494;0.2301709629649451
0.11473745467309071;0.8875689063449635;0.8130921255781719
0.36989766541752855;0.9572668353520426;0.2041862793120397
0.06993347583448184;0.1733919208354484;0.12613749156323106
0.14586805775615963;0.6581082148271898;0.2900170612076597
0.9904995704410124;0.7006226117954555;0.8012045046652982
0.6693442712672868;0.9198328874370165;0.5476100442007941
0.6362970834888095;0.989953066617933;0.4145408167716633
0.5342543053995139;0.7403243743524498;0.08639702925239223
0.4805251218658225;0.9407492940148122;0.5117143479523694
0.8201405519164195;0.5219446689693533;0.5062950259184272
0.9344563128083541;0.9634969371677842;0.7562657216223544
0.23680851596796215;0.7946944083433651;0.12657410615587672
0.6299836169018578;0.8259625318851519;0.6845145943764542
0.13845095466513613;0.3609424762833372;0.5805402641080514
0.11125917990406509;0.9677023109186835;0.9165525800525003
0.6776808249145867;0.09605932811440143;0.35409053519410105
0.33847590378801273;0.7276855069539881;0.6623544113227896
0.5123423446416033;0.8553134525723067;0.2981387758975411
0.8829564977612259;0.18779432830316312;0.8215018156940811
0.7912924498351582;0.4704230243675037;0.9974214813329407
0.9570269097801435;0.5941411495066028;0.8103587116580734
0.2655858468695983;0.4822962519078091;0.10680839317904467
0.7342080751806366;0.24950344137744718;0.5183333687856209
0.3107819820934046;0.03512307867756026;0.5352755048565374
0.5365714952005514;0.1550319623814551;0.3040210917215501
0.24890501687507816;0.8395989316549638;0.45483510121405624
0.5067741128150902;0.8466048070645518;0.011644962435807371
0.4199704810517443;0.3607482050513664;0.2329013276922971
0.9588111560208137;0.9670900834926199;0.31541201336875246
0.4105738371775849;0.9599441905043478;0.011355750586844016
0.08499805410641681;0.7202922524251714;0.18057528695923275
0.446100843927687;0.5173889588466497;0.384273703294561
0.3365191022765074;0.6445838393026636;0.6001720113186539
0.6594978092341897;0.47175436991996456;0.4789481097067897
0.6861365798480554;0.9631539652712101;0.8674108927579278
0.11471494764374024;0.5468485786210635;0.8983388961872449
0.7251047189134381;0.37483076748551303;0.6160281305816064
0.20425494358257457;0.9887367719289533;0.4546864580163369
0.6561613666444218;0.19707112817359596;0.7507282648247899
0.42295885943815303;0.12070420342470056;0.7199279786644649
0.40021328612406837;0.01549253317294863;0.8499982013584267
0.28130590043143067;0.9669729734343874;0.8941976328279523
0.599187084958661;0.8531420626051172;0.16609777216622823
0.22474193281400567;0.9214888027506468;0.42533891457753803
0.8825744622290403;0.3944885552509414;0.7897092349213577
0.8129634643038276;0.6891117230604004;0.8808422081828945
0.747823349828839;0.46422117739905877;0.1918170440830692
0.9433012485676818;0.8971115028433316;0.9775063643416053
0.13068190660720447;0.8502141114561793;0.4629337775154131
0.06937817261688561;0.47112929347026256;0.7870837490617301
0.08767877103214927;0.2616634903447236;0.4101641318064351
0.41865724444366115;0.39123664506316547;0.5543263329187544
0.9538417156716072;0.35137817082302336;0.6412971037295471
0.8944110865897132;0.3792890388834095;0.898294023977359
0.8243338374520957;0.246665412662322;0.951161653967262
0.264978340064122;0.020470005491041166;0.9483360840830869
0.7725076608045787;0.5387676766258787;0.8147326197192636
0.9325695968744715;0.2719068054549272;0.7764939957345602
0.8567559595849968;0.3386355981516638;0.36617902900028276
0.45953326028975183;0.9519349927432605;0.6639776968718316
0.3865341301687826;0.6517693621548024;0.5443808724820483
0.463246502937564;0.042400891266769714;0.25568248229391066
0.9656184250643719;0.9877098207837236;0.022164198076270236
0.485722580059196;0.7803401249034533;0.7345530465265894
0.7473351129702958;0.9889066030254398;0.5145805721628719
0.3383777292362128;0.5544990468808475;0.21647088016339133
0.9573982940093918;0.5356008601476493;0.7470795460237115
0.03460901464342314;0.2934393440092343;0.6335930941356503
0.6031372297774202;0.8899822018372509;0.05695116722748417
0.32142111850082644;0.7934892435962076;0.47919354364175804
0.1164748744062215;0.3467402461075807;0.13243688210648852
0.03562588715351267;0.6374121865990725;0.745795651527037
0.17698579733913766;0.7338391729824233;0.24080662765190752
0.8893097547455893;0.5315488627484334;0.024591787003481524
0.4260073881499695;0.5063728832785953;0.2504461452232688
0.16244632468429454;0.5281749359662591;0.26659008425066855
0.25685059213115813;0.9948792565957778;0.6272116238131462
0.21796085625708483;0.5304890550925003;0.3045577216871471
0.5145574999825364;0.4667316362741434;0.5666595764924254
0.7549927385939399;0.2648988404521183;0.7532241619651106
0.9896457191718592;0.3314117026847695;0.7515072241485258
0.4328574953785187;0.8701849650819367;0.10937443411999237
0.43035829692378025;0.3923958983720731;0.06621198293289654
0.41368503769213605;0.9881174812291369;0.8531325227699246
0.15572526315510005;0.3439081132465557;0.7844203270787865
0.30450774965545124;0.8648004116443144;0.1776775822227099
0.021143278705498814;0.0856516774807713;0.13865823951187795
0.788140184977817;0.6035753723684626;0.8691070628905426
0.44052450647977026;0.5543999390948415;0.8411369295465653
0.06550295288930974;0.7885467266627065;0.7947348887392184
0.65549797794136;0.4913169558705307;0.6670117987044002
0.662476189226605;0.9635517722835739;0.5489624518039372
0.6858177663839963;0.15761228581419306;0.7948977910731957
0.1096705635181936;0.7050495128838128;0.8445196117684814
0.679508633027539;0.33620620229602105;0.9419851580048284
0.709724356923609;0.37390173895090073;0.45147007049145726
0.5897005561615474;0.6259361299545124;0.3817714766632795
0.47730013929736537;0.24482346965939183;0.884185445770291
0.3208056759354304;0.030711000105274056;0.44228589296611454
0.4143796477468913;0.8553595983448943;0.7134317507388416
0.2751849329142617;0.6745288806250005;0.14032334213364173
0.16511526840495871;0.4222315542578965;0.6205376681544479
0.7422083029546664;0.2274224680007112;0.41564814152782925
0.32159941384344404;0.18221697241334645;0.5611639004680836
0.26724864379748225;0.9985652768366704;0.5626420066419132
0.926641723107061;0.8487893594539072;0.5800874316070324
0.6809774829466371;0.9633301828108061;0.9400891513062475
0.94670913110323;0.8147150246446864;0.5964353997424277
0.04681849021666373;0.9457220140858018;0.29399635458995477
0.22177487964441167;0.5556913309126639;0.3993012470812507
0.9980776980676909;0.7184935107128584;0.49408022594571255
0.45143015998071656;0.2594274285541537;0.01562082968196321
0.41204531690062274;0.14666836514335269;0.27145634040083777
0.28208241341441;0.739466189386549;0.0022138660943240573
0.2477370870005774;0.10088411273292841;0.5369160016112127
0.28604641807532716;0.8886619105649396;0.2531755130227139
0.10439132370949056;0.7515941225564966;0.9626828183424686
0.5669061174744183;0.26217599103464195;0.7093189137941697
0.023276402463753176;0.6322545367843604;0.09982627168399727
0.10214763516044956;0.6945469675253633;0.6994688171854617
0.1187820428205909;0.8249200312773258;0.8969135011129761
0.28075501612014275;0.6015131496687658;0.7342601877618818
0.2547036210262349;0.7995138328813672;0.020292956727181566
0.8090136615462284;0.753138975956312;0.9777043803545313
0.7130897237163629;0.6009749958836771;0.4102402802466578
0.49550100631697547;0.6929450769911883;0.47983644706414674
0.2533573284015782;0.25610226412807646;0.9731090656831435
0.6328069744139927;0.49444321723087115;0.13101711865981203
0.6209192968125014;0.8550180183100673;0.24824469641773061
0.9100859260055416;0.23030597836172506;0.49767063132686273
0.4210053236787885;0.3680350893302936;0.5176785481306339
0.5775756957092063;0.425280777661158;0.35411434934346864
0.223117204016285;0.9812225840514379;0.16412586043751487
0.10781773940137673;0.23653562380650028;0.1383619947421323
0.289811991502014;0.07109501502888871;0.6058664220744594
0.6547348410089694;0.5340752199927105;0.41839008769287755
0.1073725065383957;0.010463248793177282;0.6588714128041369
0.37805511275739645;0.512349134694523;0.2243323690073723
0.6784140077440741;0.663480214622005;0.2032222214040621
0.3259389313651032;0.06935106092595511;0.08604597075001708
0.8065740184384214;0.9348454858325049;0.2364388829777978
0.34886525693928894;0.7424601040303439;0.49518686614007545
0.4908550518022976;0.54771940764937;0.9860387337699235
0.2767618530867717;0.9498760830216857;0.824300501786527
0.36941639439838514;0.8450161653355032;0.6364110642551731
0.13219535972367713;0.9819131436800537;0.29097565369136535
0.4796387515765397;0.5582270281920733;0.6217072951706061
0.7837017206790773;0.21454388068040664;0.7017798065693239
0.798116235433525;0.6582200110819724;0.8430292834453177
0.7646638078137779;0.7514480273329589;0.3744287285534572
0.3259925297004338;0.40048466476318434;0.07107214665818828
0.8869134838268747;0.3238633265385209;0.9355999608376709
0.5148338061045757;0.48528488789666246;0.9484404671408986
0.5261802636715736;0.1273425769291998;0.648186204956268
0.8999683531400718;0.8420381474002373;0.47606171967684763
0.07657842062916187;0.6663006300089326;0.8975579347779212
0.12154426874192059;0.47376208089776584;0.9181889513618285
0.04567991539371019;0.638888790598946;0.36854842116254904
0.20671921827156747;0.839389466468277;0.13263964426215258
0.07746681177068504;0.6023533313409445;0.34095329485627623
0.37811368798029965;0.4938777393436583;0.29358021101265896
0.438170979781655;0.8407169091768949;0.4068940861820428
0.20432155387966988;0.003447287849223435;0.7102194757772617
0.9317627584288317;0.9191511105294923;0.7532961369679562
0.6076266411695219;0.428753948441309;0.4401437392293003
0.3717091664370259;0.6984988207384082;0.9761736757938518
0.9775694050691628;0.48316220096765694;0.941064833769364
0.13824071517684045;0.8799564158049694;0.9444836794030997
0.25889001651207144;0.09379600178452885;0.8589878201693777
0.45015271305879145;0.5939245040493648;0.8696534290853349
0.6180546630186275;0.9653618443429614;0.6901680295649021
0.5471818616303281;0.039927226443738584;0.835134776756263
0.8795240278475472;0.42388984755922776;0.040557093497864516
0.4048833682925288;0.6426007294901181;0.2460704818225894
0.21442888767168178;0.5539373958167089;0.24777407841590648
0.21312419799330629;0.7837766836682227;0.5305282658109141
0.5914324141756048;0.06326544396245082;0.2160169211738383
0.06260677720818053;0.6901928202529587;0.9526502099680668
0.03513471401450885;0.14032274629047348;0.14626531208541516
0.11451588594465079;0.10216825542887997;0.13014760147090165
0.0924920769353953;0.6358652645336194;0.9655516289966203
0.9325310230543664;0.3212269005603866;0.9926357714938336
0.9224589237198931;0.5371413578719443;0.9095515789348165
0.716456009549256;0.863636394309647;0.19103209540539812
0.9747838021840236;0.34204690843668917;0.4086937056764266
0.5181339889726829;0.3449112212680491;0.4447050994143624
0.9092528430124487;0.7181085400742019;0.5980884310739445
0.9952606195872428;0.8771607711908103;0.1748581164293297
0.5549493670299345;0.538637883276069;0.14497787676346674
0.05928212322706572;0.12907605460858762;0.16929003891779115
0.7020581584195784;0.21288666457995387;0.6878002178330626
0.4235997637025105;0.502945377096329;0.4531080453943511
0.13532299437843565;0.6778582071588712;0.8324307890305312
0.8217977866807584;0.6323259515507442;0.5109752604104183
0.07270004557318244;0.5256216489437587;0.589241941385867
0.36015518422108384;0.9568647746949004;0.07774450531874022
0.563391958643231;0.22260555551667927;0.3738647682473424
0.3500883636222508;0.7926087560908982;0.5694953181123399
0.15202125981790404;0.5866565732020689;0.9004370964480115
0.08936111620353171;0.08847188710265441;0.15195655904537408
0.559546638185907;0.5655978901935714;0.49564786523349247
0.7043345222587409;0.7069865848162571;0.7071944563841048
0.30219328280887403;0.5617934591180941;0.3566599082424672
0.6667913595910725;0.05398803819085696;0.9739567906842175
0.40860334082290495;0.4857537782487694;0.5753050540992094
0.4271603942897244;0.7405256748427523;0.8727400985878613
0.6228205898879274;0.43459982894198845;0.8959083533797967
0.6578775133521612;0.34660530678861456;0.931130871871518
0.7167169186621769;0.8290202400657499;0.9754546363190532
0.45666146229911186;0.031445486149238144;0.6519541046165778
0.5259511160312392;0.5356597874847517;0.8474393274920982
0.7300761227883974;0.9541747229782364;0.032373266905971976
0.4992086260648937;0.5528015454764663;0.4854377140356064
0.04007274958276452;0.330059165689608;0.33601607771808517
0.6040902157997189;0.17439327778781155;0.6017755530512126
0.9666660129449104;0.5792960211801806;0.1642072749349418
0.026638977186476676;0.9938134534286985;0.9472337406933646
0.5304568016736826;0.6783879626234638;0.3879247978759346
0.051873673572253254;0.1188900490005309;0.6601326724154132
0.5162405880855292;0.11484038665303842;0.2703580850180012
0.9658731970198396;0.8668749270065852;0.011885044107450393
0.27403078892565125;0.5942047107963871;0.7143390903213414
0.18196599240240585;0.1825493051600353;0.23124415362583084
0.8465290942212;0.5123210098519946;0.5205384057379483
0.01710567344642422;0.1280960274873162;0.502622611842587
0.9869543382760434;0.44010736184159205;0.24797348886777582
0.468603740890315;0.4894703010180249;0.06350260050393619
0.6502253877425339;0.10882678075896568;0.19428921966245694
0.5919521946064549;0.5924797539417125;0.6838033260196069
0.4482791086506075;0.23275945721775648;0.1904241590378204
0.7935341316235418;0.2845874113366017;0.5931295077445881
0.4134468224445693;0.733728978587295;0.3965904140188845
0.9629565754931418;0.29466750696773647;0.2728904193534646
0.7091758463640138;0.05958428685852335;0.2672568017643807
0.8335225779515192;0.20002972280687048;0.7283771069723737
0.9576171735974695;0.8678063823117318;0.1811771674796957
0.7770347220741887;0.03187850447883145;0.5578019513303811
0.9138237776354848;0.0067158335108310485;0.20569103910711728
0.8121307422767071;0.5365131042261047;0.6770462794072426
0.35747009627619875;0.7779036425752667;0.9200471793888526
0.5599465736339253;0.3471371798926668;0.5574359524407376
0.08990150166932454;0.3809990959249684;0.6691974657559089
0.32321343898748545;0.6780644141126961;0.8533347509378996
0.3839514962932048;0.5397417964408412;0.9030983750692069
0.044047210910237666;0.29116516602729925;0.3214095183903629
0.1426083362326851;0.2023803244005591;0.5120063427838936
0.08475531982781193;0.5617771849421912;0.9147202300538501
0.7139714237679885;0.3634350692997792;0.02517341474378798
0.8642842821968343;0.23402731556388023;0.008916298312038884
0.14238291117620183;0.7226878486724615;0.20039013323118415
0.2631808264776203;0.05114468183019316;0.49277068710729155
0.7568417276095447;0.1519666324403074;0.08287355945814312
0.8756834762800874;0.8424798936811394;0.5001266051706984
0.3754953074656582;0.46364530477248733;0.29709769755018645
0.07844109090145512;0.8893578118080823;0.5271810819699747
0.17317920247735485;0.05513379978401778;0.09589017729659277
0.7115882233492413;0.04272372393403745;0.04581504286900939
0.4459800780371522;0.23806027607599922;0.3895741379465947
0.4898251214911328;0.8496991980927731;0.19286067620970626
0.658315247484909;0.7002658523044831;0.6081973290662356
0.35551109561398764;0.921772154281926;0.03920011817745417
0.9710500848980449;0.22696364631929444;0.5366286370783234
0.20277070346063641;0.8082332128705211;0.7551503200694512
0.8780587423098838;0.8169118215229787;0.829635614202868
0.6041913644956358;0.5382405575973482;0.16147545621407555
0.7159486408190308;0.4300271008791646;0.10321806000179368
0.8295086650922883;0.11182373889322839;0.09114429277480662
0.7103774138219804;0.5365070928108489;0.9201090551725603
0.8219432132153788;0.19425942136649432;0.5343485851353936
0.4237255588968205;0.22646983068174487;0.8205181101629072
0.21527838536030242;0.9787433547304006;0.43660612164608814
0.1578022212046668;0.9137775950242928;0.979311294806767
0.25425807384808763;0.37005593542772386;0.15994760057372703
0.9253243931319002;0.31378099443483254;0.9142673161266596
0.8490140465945315;0.0014231599973695275;0.23665287009875768
0.7106438248693849;0.023375633372884286;0.9552489851271063
0.07544750777574705;0.42300951726500324;0.03596144168843329
0.8107507897642438;0.2931642812896902;0.13248080678034813
0.5399097366630772;0.8088750700841203;0.456074012235266
0.45450799993328483;0.005807735677790027;0.8850515546041771
0.9165133783482542;0.7729280989487781;0.8777197647192904
0.050286155293820634;0.35118687934643444;0.6527343227540935
0.1253864000416013;0.7187570043964282;0.10580524963672056
0.317590728597571;0.7195441698268764;0.8275371852026079
0.3723688251767885;0.7712870054707128;0.40412534490693675
0.09534505268192528;0.788335924675592;0.8611754553482813
0.6339395691636809;0.3123817940034722;0.47230868928679803
0.7809335035510762;0.759074257245558;0.8445059892264225
0.1946909175838445;0.39672876772375987;0.3843465164380536
0.6976840447680751;0.3975639806147345;0.33947319692924716
0.7206597288123197;0.21765539811876133;0.8568633470407274
0.10548108623320807;0.14334214579276838;0.23860153778322413
0.5169655735396633;0.40217956013530876;0.7435837979813128
0.3596011603627086;0.485860077388391;0.6937643954824143
0.019310729815526728;0.03336453589061572;0.14273240871045
0.7853455136006873;0.4736865146024747;0.8792604087775496
0.08398292292779785;0.6979812730790735;0.8795497677989583
0.09952823700381219;0.7446411378253568;0.725132334304844
0.2536916594972217;0.16512840980129972;0.8813002786848793
0.32610777316997497;0.8170391099820317;0.3615135700031359
0.7054033848665289;0.46390334830178614;0.007213291619655893
0.6236853091740109;0.3415244513721226;0.759954236773545
0.09435816817051346;0.9913391066541833;0.004537037432228552
0.09752430894301234;0.8282301044628576;0.5990731500385229
0.6042371704589393;0.5098242482695989;0.7334605209154378
0.07753664836670049;0.5059571612279772;0.5898366847412158
0.18109232858256774;0.49536273887803706;0.8825936903968761
0.23914956419290379;0.7984513982945033;0.6875632340523424
0.7190643186381301;0.1767450873412033;0.4908456784573988
0.12745125624408116;0.05691335933874908;0.28175038153557896
0.3085892313566745;0.6371269962451982;0.6839976761879262
0.6849658753491934;0.4746498313042873;0.5452300523047804
0.3694696090408609;0.19183921993698794;0.9805430700944356
0.6287004864052244;0.02220205989379964;0.774085951723707
0.1367170701797018;0.5297830569069463;0.9678569803630294
0.4729591381695538;0.06288365182059696;0.5148082949764505
0.6962033907515043;0.6333472346751324;0.9140957063000313
0.6625927782516986;0.9253949410254267;0.6901045625469721
0.6594085677029524;0.9770614421838455;0.896257547793707
0.6883730334853556;0.23053559772235055;0.356842785383676
0.7909541039921054;0.1437752457975071;0.5239887703525217
0.034298383063804394;0.3471899472795905;0.21403461996334483
0.9430666617077622;0.5165563447982158;0.7898827909958217
0.817606158242882;0.660341802048503;0.8625449534616333
0.20532849856254776;0.8092726730351654;0.3115859741672964
0.031118249930210062;0.6429563747331924;0.4864122450631442
0.9220227570552901;0.8516431500531007;0.09953005195814102
0.1380718139106738;0.473559850545077;0.7056746333077755
0.13919540670112973;0.5978898012391961;0.4930700607675417
0.10255574774915932;0.08751438628384911;0.39341223955301396
0.49351401539963113;0.18280506277850395;0.26478735239337026
0.015256773926547451;0.5598415622927452;0.07202713790816151
0.597393892760277;0.2605692257291582;0.4771966395355963
0.6115199212156518;0.40246760235291423;0.9956828536289646
0.7606132385963914;0.580246334176272;0.4997718339106526
0.023332026560012653;0.1345931876205747;0.6236510806945411
0.08018442350540367;0.810463396759716;0.9878455575766493
0.4686058604809551;0.47927914159168594;0.054215817473645345
0.09370508996694915;0.4873930927536605;0.9493581793644157
0.31783412862937344;0.32666532296559414;0.29539022824927486
0.19882322179128087;0.892975032795714;0.139692890957953
0.10910356019212974;0.1743136528862863;0.6579124412645379
0.3275867064548261;0.8496217209750189;0.01961602861076983
0.6964153886460793;0.6171558539153157;0.49880403411474894
0.5129539589839366;0.612697210397917;0.29695934075680086
0.1925880609678422;0.8037577340926904;0.9257238865064984
0.17800427639304084;0.011805029583162874;0.8402089440716544
0.014894325202638226;0.12891388112449742;0.47284173418862196
0.5175062164253266;0.653677159893326;0.1682042692051855
0.1752250133074743;0.20669520022307664;0.22043970560998194
0.471821114512741;0.5902317944008364;0.4725393027892636
0.3066199621826565;0.31304320728516044;0.38424463043288537
0.15834005000719598;0.11586996753379963;0.8433336741891043
0.6886918764737187;0.39510433993099237;0.648840008390278
0.8359762415592566;0.0918594274840494;0.05102235554658752
0.2400644613871672;0.3036803832832087;0.1336777814660456
0.16451172957508542;0.6143579855049893;0.3180706880964015
0.18086300622176932;0.3575798432699241;0.8662362412090269
0.4400793117331665;0.54773476458182;0.6041446949538888
0.3695801639471623;0.036617708111638114;0.5521803204660994
0.8026451354821439;0.32569738135074966;0.0034088226626949325
0.2572888719499491;0.9602360495021853;0.6061106324590195
0.24802972489699915;0.0970872079771975;0.6309234207637182
0.25357414105187825;0.40030216095834914;0.9752394575937038
0.8743659915103426;0.7956105296904655;0.2393939755855532
0.9814599073668208;0.07731576389472317;0.3545975935159552
0.09592862141420666;0.12586072505634305;0.551816710909923
0.7522477306333905;0.654041125100546;0.3070636398741361
0.892619226548469;0.2840865588899293;0.12296607163447504
0.360550821389906;0.8045890179364611;0.21968080680117452
0.7753377040480316;0.16565202555453018;0.3320694214467299
0.9335395478584857;0.5581493416990636;0.6056608136276763
0.40689804717530087;0.49877602932053866;0.49401089013785193
0.5476989062050363;0.2768563815242674;0.015861725909639524
0.1779815060229165;0.946031479963149;0.6894731243032912
0.8890725991618279;0.8945912421846127;0.9456434014513725
0.3238656207938245;0.9476466958636296;0.6328714917751284
0.28309934392814806;0.34846928708807834;0.8899772906647345
0.16340459721316758;0.5765625631271468;0.5762197393718277
0.31653897136931;0.7859626923193375;0.042808329262325584
0.882115520090162;0.11053884583193563;0.7284321139716161
0.5145408512231984;0.5308499504412687;0.058821747655545153
0.5654570336064876;0.8109396458747031;0.4573463325399786
0.42642358246566525;0.42512470234807465;0.4876043953884158
0.7914620683849534;0.7624218471829795;0.6247708724838341
0.41753431809663033;0.9414416473353463;0.044399469561896554
0.059843390306901556;0.14737963085200512;0.5031057213497322
0.7931517818322787;0.16121426253722115;0.8549585213903608
0.5010199907503181;0.3537936914105335;0.6914104298996272
0.39618270453633087;0.5402813626042564;0.9797532854840524
0.5262873407225581;0.8473189256090805;0.6090597108292441
0.19524242840840367;0.019806899827256585;0.24214686972475408
0.20965119856080605;0.424713286928718;0.8321986764391356
0.46187271956453013;0.058655694041648054;0.16630763110962277
0.7686544444322134;0.5770258639793334;0.20514810854146404
0.8981387454191342;0.8221068774613399;0.9043005739870258
0.1284505466169341;0.03337975269641469;0.48401287715798824
0.851512968590048;0.964804611822118;0.9268315362835978
0.9678493452173927;0.48688646221375764;0.7801502240185915
0.9772473837066243;0.48434747081305685;0.4774869278121445
0.6145652184841217;0.2771196557033858;0.3588873672588764
0.6427004688151172;0.1784603889134222;0.46140763191771095
0.9180148119321349;0.12652811369943862;0.8436564869709833
0.02179985002262841;0.37953030347148886;0.547262809324161
0.19741600925330927;0.33459352712550916;0.732442861694225
0.8154936360416677;0.89540267605303;0.2487226954610916
0.6966164359272998;0.04402579261184003;0.830683254510021
0.6180271542775546;0.7927856854524605;0.3034510429841578
0.8497668983580393;0.7575119846770813;0.58844033002827
0.21237635231241137;0.9645488510924893;0.24180612162735493
0.6184987624595861;0.42322650707017806;0.5516788169093647
0.3852378651027514;0.8815127797057946;0.04513878808053551
0.1898153548135313;0.08674012390798513;0.3434944258250119
0.9844422734721539;0.686592659698971;0.22859619856223845
0.03855751629637316;0.21288480047421676;0.659127835660283
0.21101906920850666;0.33479808119460164;0.30538554758970893
0.33334526684776244;0.01837734178838346;0.7652963650025753
0.9715731127610956;0.08651520262427592;0.01881832124068261
0.2867131929854383;0.9348849695770771;0.9825744691158114
0.029073794037840273;0.6915561961424738;0.6669690541774461
0.82667363752686;0.4429275166978399;0.9851128231681427
0.5633430366128532;0.0015416372689903701;0.6127724992823301
0.9553468174653623;0.07616798291590421;0.28550872834287777
0.46795260821965035;0.0486326451676633;0.9362278578344932
0.1684019011453166;0.30607725546204134;0.9245896518561125
0.9947918027198639;0.47979717601161276;0.33345258705242176
0.8157479363250472;0.9092468312825691;0.650035909936165
0.09278644213242682;0.7802496833900775;0.9533543174259774
0.20843594595051185;0.700196705421416;0.06318393544838752
0.900547257247496;0.09343200895902837;0.624058974969774
0.4292779539418815;0.04729273502129083;0.03710684522651986
0.14648737347671537;0.8139084719949397;0.8055730968226399
0.561381990015516;0.915459034673197;0.5418469061364124
0.6357956485314693;0.5374136773167295;0.4447265042629973
0.5770055291030757;0.3157568518367748;0.012558801146069332
0.09898941506823777;0.09484704836043156;0.3887878061149569
0.029351291949090585;0.5143925730778546;0.6106800093296589
0.7788545429058166;0.10839595384248091;0.9847949523958747
0.11899253442905955;0.3771674432252873;0.3506249574391219
0.08796775463256601;0.5010747208579325;0.5441322248868159
0.8472164902062442;0.018991691979044267;0.6140944071259077
0.8123310358262504;0.5324318240087148;0.6247106342561632
0.8542611760099414;0.06956169932422152;0.07533074819952701
0.5486312390198684;0.6230994983491744;0.3326973742092034
0.6151821014234752;0.6425831714115467;0.05553960564616833
0.9110111048501296;0.48500601195519;0.07758848425939735
0.19569442124501712;0.9292378160781266;0.7904529691222764
0.02828803446439787;0.09513756367108062;0.8678051060988919
0.9652796538964198;0.7421234336607303;0.5738847428341425
0.5592566835500377;0.2748325672890649;0.3764980249520977
0.4941485631736702;0.3336629901896484;0.016622195742345802
0.44795186657393804;0.8882362970753173;0.13930335398203386
0.7462317833650752;0.18964055991856177;0.6342450859576442
0.6483951089446938;0.035870188061967734;0.24461025970394457
0.6739917577092167;0.17401683870126916;0.2334709195957575
0.1102696523713036;0.06946253390016666;0.23304921503201803
0.1924755586557556;0.07337383293437338;0.8887240752812532
0.28143205448876485;0.8790272456677969;0.5835983904495688
0.007056541154128015;0.3424628592653727;0.3121309928296272
0.6841672455882675;0.19924372038413618;0.44070460112195486
0.14560743065649973;0.7545300845768672;0.5700100217421774
0.5901499680285275;0.77658643711152;0.7761225131957045
0.6850041263913427;0.1853141371923842;0.6571116146132723
0.3008514878554829;0.20031989382999826;0.07999834109405624
0.4247785433018971;0.9439957588223576;0.10371424808183405
0.40805321932472305;0.587253848424371;0.47604317164905285
0.6394737604809895;0.7028712843186684;0.021083180900369314
0.4081480562344858;0.16398141411032519;0.3728617309363663
0.6996634563045444;0.4135529865590323;0.6237995502923808
0.9444650311326381;0.07141014599625661;0.545913692927845
0.3152697388932748;0.25456154846072165;0.5825040362589271
0.8865057129905526;0.27445828574302056;0.17183641677342643
0.8207166817033755;0.5910640293401206;0.2827213860788502
0.4350437110616888;0.3377976066636641;0.2144047790205369
0.31778850138088455;0.12375806514929888;0.048622387141594614
0.9463192360350504;0.7786132668789837;0.31594033905986385
0.675713483936511;0.5993222225683766;0.1927937362727834
0.13488346469436485;0.5509866170550686;0.7269797486802057
0.24765472913507636;0.27897175352037307;0.33224876897535727
0.3856695605085273;0.15553379784300958;0.5365128849249678
0.9028655385358082;0.5173258332649109;0.16182845137432367
0.33828853535124126;0.4272391384038141;0.3687536862105514
0.32664953114620643;0.9855261147492902;0.8657566239631307
0.5578991792635535;0.09561502275578293;0.8747131065540623
0.6521967799201289;0.9192229899649239;0.15182889762195262
0.40242714169863636;0.025982606252086926;0.1508813189549879
0.8883158552713618;0.7590868152798033;0.9735867308434086
0.3490456620259731;0.3030590372992118;0.41490951874503645
0.39449624064924005;0.7773119457641693;0.6162692481767184
0.01606354147996969;0.43910806676318415;0.6906938951990576
0.37108409773146156;0.4028456559496585;0.8533944270119308
0.14368466861131424;0.08981982729525884;0.7466092385357983
0.7241451105576544;0.8644526615106326;0.5565145482242726
0.3760224479823233;0.05490307329336319;0.017654233285866572
0.9487660681623536;0.4400396752425727;0.5524645846815553
0.1189271517621947;0.5020992470830945;0.14891980908980496
0.682274044915082;0.2398766258314795;0.49938344760532805
0.7021259988313706;0.0934514097937349;0.7155194205516985
0.30454071644687475;0.9091796153252013;0.9979686995733571
0.639000274512598;0.24504328734639724;0.057399846992401526
0.9801177756330777;0.9903186868205677;0.32302052735981346
0.7152071079217076;0.7923419018482925;0.08343541356587303
0.3303242566773905;0.682859265724741;0.5614507936008591
0.6790626936201944;0.5773944110949467;0.009245053094840694
0.49873106433339054;0.04955015516676542;0.2003803050105336
0.5793981896741616;0.3854063770648116;0.9152101168965124
0.14138478645042885;0.135695162216675;0.4145438928847627
0.6498883090558724;0.42671900080413383;0.8244804100442207
0.8793412809592361;0.035537242721890294;0.04811222862554276
0.5107943408967195;0.3832364554144767;0.5848477252444806
0.013831283585053367;0.30961675600029825;0.8966174107089611
0.6537196287190659;0.6367196278567214;0.35391728728833305
0.447755819295759;0.7281547127756557;0.25747536953396843
0.8484950238845577;0.12434901857907354;0.6602390220149674
0.7267408727801954;0.6547935461597676;0.5105978826956231
0.7889971071911094;0.4216821793288811;0.790429247972716
0.06306386561617905;0.6191491725579046;0.17497929550885905
0.32109812104732993;0.9509530657407116;0.3950362082478033
0.4064197654450056;0.5450826345718318;0.8683235181455501
0.7827045808290927;0.5922984251637241;0.25259421055918063
0.5615276894209149;0.755363880939762;0.4651996197568129
0.5701939634142673;0.2949533694051677;0.8815200122425239
0.016449869614413748;0.6918293607063368;0.08647667998083819
0.9238022698462524;0.21180468638822614;0.3646303078907098
0.5721945932286393;0.7093479199716899;0.3902192742598318
0.713060577819087;0.6139482577803534;0.7455418124880654
0.49821855219910405;0.1547444481686927;0.8220636053899073
0.11201929656129295;0.6610156363599807;0.4919018516692627
0.9200585771900286;0.55283575818969;0.3822467900605173
0.3327648087275137;0.3211462021083503;0.8655093662156041
0.4190004476397745;0.9614117576186894;0.9974886613772551
0.5799902123952531;0.3443374296207702;0.6593626995081563
0.34555646225420844;0.7662945222438289;0.09368464173789515
0.6540988941845269;0.1671087936369957;0.20303768630940422
0.9725085723021518;0.1361118871549163;0.2749072048435667
0.7030916477473913;0.8695139393713217;0.11966085114006086
0.01433279988117575;0.45095359398386625;0.2827754084083458
0.9445578756730705;0.21123369970915362;0.11088098870727892
0.12596388721590746;0.6470291948559785;0.7980622431656051
0.6092359207350057;0.001435899375494376;0.9743857796259403
0.6649412617314282;0.28612036840598165;0.7627779452941543
0.9188691461481695;0.40128293889642386;0.3057378946076753
0.7154014356798428;0.6162618262647707;0.26417850571811796
0.5046539007009792;0.2120168945454609;0.8034029351620822
0.4226788436358655;0.6753362157509691;0.1536521664667726
0.07993172007975469;0.380756570768613;0.8982872734924561
0.9079547616822522;0.6840648737333652;0.9413135433602001
0.6098184261291999;0.4420863748653924;0.5584247233464822
0.8875272904238466;0.4886056333528198;0.2551231483980957
0.7982058992763709;0.9335963868892116;0.9584327261600344
0.029090333310803462;0.7135523751416621;0.2905511815538866
0.06054981763080236;0.23061372023442217;0.4350438743817905
0.6897217835862978;0.19910495010488782;0.04894596808644136
0.6139444326810066;0.695621500114094;0.8471421430070581
0.9715481524871664;0.3661266618144372;0.0008985065065283404
0.14326080016896614;0.9195899051075427;0.12854773364262073
0.5907001575101904;0.499913817340202;0.373416043849197
0.5296746843069817;0.13184819822100224;0.9872767428206706
0.7256836491079629;0.021560959872404584;0.08078376431970935
0.2307642553882462;0.14078756595215047;0.7263207006868608
0.34297769041586723;0.7988676192021008;0.984994077112415
0.9677287552877644;0.8998010446322916;0.7774404347541091
0.019495232249722272;0.5414326590792747;0.6608598895590864
0.6392713689442303;0.6769618530667985;0.5486112759114032
0.7272237622661558;0.0542367951070043;0.860607486626405
0.14752501246131777;0.9462798118667429;0.04161974988704964
0.8394479019522157;0.1239537413862879;0.5529991153095016
0.001405177918931022;0.1458896107810016;0.6163042634450986
0.21476109649190667;0.11419700031466906;0.5743570690052952
0.9963588677354525;0.5065578953028477;0.7734250889307569
0.0364356607532087;0.7220130803169285;0.5516530751722246
0.217589144592652;0.22555556428997947;0.30616294114362674
0.0446183976872766;0.7758377089310011;0.33068942106607824
0.2264602359698593;0.7488551081969703;0.9817564674956731
0.42113290742665843;0.6717318203518742;0.785335644735814
0.1793769176464607;0.9655240415704334;0.8108416074567812
0.6893374458590019;0.1982244895569586;0.34207347379445874
0.7307524869652363;0.10975073574045913;0.015561816687184482
0.8504340500548287;0.39370292241968197;0.7414260022364745
0.39433736578273826;0.11430421826558845;0.47937162594138794
0.6240197384458809;0.70540499609827;0.09429545567372322
0.5951014451225298;0.41123915153268875;0.17279084896301922
0.9120768886864116;0.9146988828510604;0.18744513724735934
0.22365282759578609;0.5933893638727317;0.3828015710548657
0.08432136984281291;0.3575618108019204;0.2012875862455873
0.5470224278897772;0.3942610755061402;0.34884370906308027
0.9652995974544736;0.3252614772765041;0.08425492311712557
0.11862187816059333;0.4043160146390149;0.4689174413629056
0.39101773594343137;0.682635827468769;0.1518965641195812
0.30746801478981167;0.7166298295250542;0.5233427534132917
0.7850094963436991;0.009510678910143677;0.1651048539289135
0.4707096055614406;0.060070850587225166;0.6135989141057244
0.9860431773800108;0.9947150789151105;0.028041841257363087
0.7861090059358831;0.47737831710330236;0.8871226165707549
0.9140431358252321;0.15558229623796271;0.5448562580122684
0.46987446758195706;0.46643771255908995;0.7708281675498366
0.7610223100722736;0.10878098255401147;0.8480283345665391
0.2813016433514258;0.5868459166359945;0.7705013331435607
0.030074795627525575;0.11899748866431703;0.745689555670595
0.8009709410711394;0.48797549968542686;0.14551304140916588
0.14126452866072525;0.493000377148726;0.6661667124579291
0.21825819204410268;0.8702029378149545;0.04410801577247914
0.33153390105652547;0.1838990946048462;0.45899611776810734
0.38823814823995695;0.6757041877002937;0.9114487045151434
0.7466056949751644;0.7190096095774056;0.1530975178423427
0.3884076218578174;0.4723894173827158;0.47798447233667174
0.42714748252513735;0.1328872502026256;0.7130829910860182
0.5791782369783443;0.3655125505713217;0.8137146255447503
0.8036384115470632;0.5977260968582359;0.5260584599225512
0.4551629966580192;0.59605035199075;0.6351934835195183
0.7830485217149723;0.06259371699512006;0.6720984068401079
0.31124389817066467;0.9142781724029206;0.7853929552687937
0.5785137508176585;0.8694548508420409;0.3356878599830848
0.7770473090299969;0.9949279821167369;0.19302699548322044
0.40480506311638287;0.9491301288077586;0.9624581368496502
0.5313861410779384;0.6348756734637362;0.5195775014102321
0.7322655694587596;0.0138063850826603;0.675027591381625
0.5806077204845481;0.8165695025545152;0.2775231246282732
0.882483155980325;0.1712240919518968;0.35441070439941347
0.9411718483995848;0.27423841517997527;0.32564257104473016
0.6235541966080087;0.6957678496346463;0.6779790691678913
0.9449806341550229;0.8321293333453739;0.13760595642172502
0.9841288612912913;0.7642595715305465;0.880796297599946
0.7730785280382926;0.8771571873795377;0.3078475589743177
0.3209233545917859;0.01627754296673023;0.13668211106930372
0.40417305127442926;0.9308137738666106;0.0775966897077317
0.7461383796479862;0.5350061156466307;0.34323035972346005
0.49587943658879463;0.8625283229862482;0.33626716649427923
0.5006447676940471;0.5923053542386162;0.4868297315686988
0.01900309490751484;0.32442253073935323;0.9582523899447905
0.8627607551333009;0.7118011296176451;0.32904502593099627
0.29804746996950415;0.5622108725383661;0.00898909763730038
0.8557229698806179;0.59311942281342;0.7992242343702242
0.460876039251078;0.3371023909707255;0.5527652397485078
0.1507149317120825;0.6870483554809634;0.6645173604394383
0.792474213620612;0.4971551309928943;0.2998159661374922
0.6825383612301986;0.5037265906010483;0.8524531326364335
0.55811399355334;0.7336504163398729;0.6271104859122137
0.8518082707468779;0.8266026262198402;0.9535120897837522
0.8012898057274361;0.2260239072670206;0.6650761669433057
0.1358736144622268;0.9494299154476757;0.7527882752862742
0.6144999039250125;0.5665327613702005;0.725966901051196
0.9921693212044835;0.9778636118137727;0.267006407374312
0.5692308423327195;0.40549182269050477;0.6551788785534453
0.05857552287612566;0.0044376775936265656;0.5358924869180391
0.6770421179638102;0.6324159880760644;0.07102595132651202
0.8019983635694925;0.271133145563233;0.14826422734009714
0.2779824141226265;0.830822584018547;0.004295418891154479
0.11936366266814269;0.3394853168447701;0.1998552616270608
0.964594338501937;0.5511084351407288;0.9614045484431742
0.8708868783320091;0.15417954679598755;0.15504451322261903
0.43260072442987774;0.6358260420392022;0.45357449717079035
0.8375579282131684;0.39933931384833343;0.7630544602301179
0.7722389963652857;0.9087495393375038;0.6352279888381367
0.4805530793129451;0.2822605499413907;0.5572096403495035
0.5415536393663257;0.5360940732243445;0.35957741270417043
0.20816339040536302;0.8382887164995644;0.3878094539964274
0.02049131741164989;0.06280699832890235;0.3958632970809235
0.037730793230063564;0.46501145678363065;0.4750770769852626
0.9366236674339203;0.33012423282739234;0.6314300611725528
0.45954736513476435;0.6445046107969292;0.48871783958367965
0.8342058551243468;0.8671495470515501;0.5289297768705744
0.8987652264695696;0.6086838108561884;0.8859723436523907
0.4852196387363983;0.9953692910754521;0.244039537287006
0.9046111770646641;0.6192595180459548;0.2874301465727874
0.6156576897646218;0.44910993364921226;0.8820140973420422
0.9783112849321494;0.149813362898097;0.4000591437239218
0.21537308402580535;0.10404523741422167;0.08886748149753387
0.39824114657075704;0.416841161280882;0.9009965952293023
0.8074533852266597;0.016368095564791685;0.5638954713402958
0.6209663406921576;0.30185327646058113;0.4569477719322874
0.7518466371986078;0.7718750218124271;0.17031745389740416
0.5661943833435401;0.26085704104712537;0.5546816518697041
0.45206285423419224;0.3690071268885219;0.30850357550026974
0.8377747928380433;0.2616011710784305;0.3445787116120045
0.7505293514221221;0.0870726959257071;0.8358931737110363
0.08865347854215744;0.9786136599271142;0.18997721992830718
0.13266498741472443;0.06678160825296098;0.5693128775655381
0.8099061464608821;0.3030540345390472;0.44420025432451893
0.39216220795967194;0.97412417352584;0.8181665075989668
0.20607125036775376;0.7552910126056545;0.5441442199953227
0.37683428980655576;0.7208459322572871;0.6529504291706556
0.37648884901257196;0.1319400623340321;0.6346578049816408
0.05169870164956214;0.8234566903082194;0.9621632332531341
0.9138045689423222;0.5451612545468635;0.7709667700252003
0.8690609177859319;0.010398791363317672;0.8530474067359264
0.9533647570805572;0.28064146707849713;0.31311008074925584
0.5001967233836541;0.008069352051874756;0.9450436679274544
0.4527459864588682;0.1831551570177583;0.25163134672915577
0.8745563043540462;0.8867939088697144;0.7948606756942569
0.27448662310733385;0.36059970824504395;0.5124882194520712
0.41339521346679275;0.12852071117704256;0.0628270078053339
0.5367010602916453;0.1501302785069275;0.7502513921283113
0.9353881228653551;0.3830986894248323;0.8777931624446593
0.09859740873758405;0.39645775292319907;0.9504806321360684
0.8561949087339318;0.37811151580625846;0.3109697378763703
0.06665907279683647;0.7830195495215294;0.7957250846487032
0.9130996410961942;0.15549030643559603;0.042220201384346234
0.7543589123674487;0.5977376338841854;0.4036710272492624
0.1658008201612987;0.09105128530338802;0.17747708829493847
0.29479483627913583;0.30781169977772704;0.4367941744685869
0.5100185752000826;0.9318790597828015;0.5951638226410978
0.6719318747218723;0.7060325356158348;0.2653333268267244
0.8564608295695565;0.9076430307866006;0.35018595791808416
0.7818739730793429;0.16095214639797428;0.23380310121809667
0.8424946626007352;0.6374477733989814;0.41641791086185975
0.846533217246291;0.09329043341277354;0.17665783785198075
0.8054779370282913;0.7765369248808583;0.4006710213331789
0.8190432400950133;0.44844208281014564;0.5762427384386614
0.1988278104911907;0.058790585461371614;0.2523355311148996
0.5196768277037086;0.3429064525552368;0.255278174227637
0.0029123057004830644;0.11882884447459552;0.3816388359472235
0.6090304586245293;0.7910441516284257;0.7369435401670261
0.1827943533738332;0.27376046656969244;0.8536017799483296
0.6310481767439463;0.5418844334802051;0.2465551642007725
0.9061708469570576;0.5494152707858371;0.6429569630662618
0.39607395714011784;0.4274452598062687;0.14199270861384916
0.4927867869944397;0.5308885344253576;0.6265925900089008
0.408972124744579;0.8198251654658297;0.49391410471052133
0.9346449558939703;0.36145717105064024;0.294640281081358
0.2227027879912019;0.46297200378644776;0.032178934526485015
0.7672094987080633;0.91999775662536;0.8384456987034722
0.2766208297976539;0.10063672681173375;0.17429627587740615
0.15757222225696443;0.10906958463110039;0.45703071305252907
0.3893876971664545;0.10909969133083275;0.4827200023105239
0.5427107578855093;0.8671307475422811;0.2330518462859963
0.4903131750787324;0.8090859668911364;0.6839385685314309
0.2972553856886835;0.04793832334305348;0.7485183045840721
0.9839151936054196;0.952266749193218;0.5632811503839974
0.47623282760905383;0.6629336736533662;0.09880637464400444
0.8927912742392805;0.8162235886652865;0.3311194638757844
0.34383591995395146;0.12164695294809902;0.9227607366758638
0.11370244751564407;0.10213063993717764;0.8306215151111581
0.257262944127692;0.7351344594858945;0.9797794553000228
0.481169167910098;0.5920353886444079;0.43574457656816634
0.15622764350932306;0.5832931489649696;0.7151985162938008
0.623770597806184;0.14976006730430147;0.34760168882408793
0.884939327979154;0.6948661043359085;0.36453571813736696
0.308181790189333;0.6537142627279334;0.40899365362210505
0.8498581584421593;0.9716832813451503;0.06926236387496276
0.6113457783113854;0.06891164300986752;0.594881111143035
0.5974663701451043;0.44072799896458315;0.3801603397323212
0.4350277986851818;0.8937221594827929;0.1535839625626375
0.7832226002938374;0.14505839529673448;0.15019530665837466
0.4883107707728668;0.21163107534354697;0.7222390151157244
0.5234609614679915;0.3982992937504104;0.3798686438955511
0.9891553449304006;0.39879455234844186;0.33878877296328436
0.8073390945983331;0.9084402506990867;0.9324718010360992
0.09660449650328395;0.029395862747387147;0.49210960282944827
0.7457842187786583;0.4163851859510712;0.45287992508397945
0.19277309328041314;0.587926879556609;0.524956625132903
0.4170086670071317;0.6414633080898721;0.8108352169437972
0.8093344808761533;0.11243684150234223;0.9914239083569502
0.5718682212593519;0.4941268946846833;0.2350734261699342
0.4273497000720866;0.43651438886650284;0.7559983927944678
0.10039384565638909;0.89730649296334;0.1157527963429068
0.5705008240248319;0.7355727837006534;0.7572176567569086
0.3723372268693895;0.23731262581986245;0.978274531529806
0.3559650645658704;0.2242229909544703;0.282031120653951
0.14445221082242654;0.8108105357277814;0.823382958187602
0.7111101956119418;0.9031511512785202;0.6786469820835966
0.6040128861668297;0.22713752513208119;0.7818287922975916
0.340669339786853;0.8476097888128585;0.572049836945483
0.10099128543797675;0.2512849133669114;0.6776964693844434
0.45280114130669624;0.7502367468362525;0.7131501475110427
0.5004398282480289;0.3502169855181475;0.7296405705526748
0.3325958341984179;0.4555331486985975;0.7940090272473687
0.2634943541776631;0.6649178900927931;0.4211129305193395
0.5529963645413474;0.7487838394481692;0.9904111495341004
0.7140309475163354;0.04934247866669872;0.6259902350602308
0.8138644249611411;0.09090874328956255;0.21541103570622078
0.6561321282034401;0.1086732258013915;0.9629810858152281
0.3510559552592736;0.33115705361146286;0.8568068029553383
0.8832148694604922;0.15458023349352845;0.4898997226633629
0.6012619219637539;0.1472547371136852;0.96388353075968
0.7217075355864302;0.25672485579479354;0.10464540456760851
0.6380045532863668;0.18150527879493117;0.23369963918703962
0.6035784059742174;0.854755172046116;0.15224047053725642
0.14518445773629318;0.11955143654196065;0.6596027158308734
0.041057361860722064;0.921981884439468;0.5577838057911947
0.10732851932209042;0.4286766224016243;0.6167514636377989
0.0451522454346297;0.7177680835854429;0.6898837160069541
0.22520559641945126;0.20236689246184048;0.9633773860555636
0.3510798734901691;0.1767983414427451;0.9717500606984752
0.7334410171271073;0.14523886560173838;0.22475819720604606
0.7970450470165008;0.5194032906920235;0.8616037643160952
0.6221459356954562;0.14851362717352667;0.013745418493953165
0.8013099872613253;0.43047340583105065;0.1418524012878204
0.737641367603655;0.8979055502516091;0.008609506027708047
0.7435145716270349;0.8433454209700386;0.9504813300091147
0.8762975428148884;0.9308973932556571;0.11358488120691268
0.431645120832607;0.31084055626396834;0.8776848144594955
0.12027912771200855;0.4391527267804308;0.04983110958258807
0.5962992552595389;0.9381975850423412;0.4046726195053899
0.12904707665219628;0.8456861785537613;0.9224386345903828
0.6339995134585823;0.5689714001551512;0.8002636521920605
0.06737186131856332;0.8962734624833899;0.32775054782499324
0.26960762079027567;0.9280331506406618;0.08836933992011209
0.5439710424942713;0.6308523436233278;0.9422738345927434
0.502227210884434;0.07463252598021275;0.28923688361078104
0.997070124480261;0.7164087919815091;0.42193139646807554
0.2644223848866807;0.6925425763289875;0.8504177728348377
0.36418065275523936;0.1900761782146596;0.6317818161818285
0.6447071922221155;0.9262557572941349;0.1428743832801892
0.47048811302973137;0.15836444382836612;0.05726618039245812
0.6867783844832651;0.14687673906966647;0.9445085191982071
0.6511718165427685;0.15272239680347255;0.5173849663649369
0.22593223057705647;0.5037271699178106;0.8387149072909577
0.013224837500736109;0.6060942597772598;0.17760877803276554
0.5350025550628958;0.1702005593829976;0.899853795518289
0.3073475758522384;0.7997435529729753;0.7687165976985085
0.06446055021492336;0.20477170819518953;0.1736938734255018
0.784977952608922;0.6661387177136243;0.8852471701906433
0.29696131247825486;0.9127626881585351;0.904312998483856
0.20235538058257996;0.0886413043778026;0.6298918855092477
0.36048534634688756;0.7193941230070705;0.7650285120475798
0.7465662017625796;0.9942674363520388;0.21872456701954412
0.5484897438647333;0.5497945295723564;0.6164579645427037
0.8689605954122557;0.41210110064408134;0.526321014728297
0.4289334758441202;0.08590415947601893;0.6714682449400148
0.2386100175475665;0.6980151285928873;0.19145357457644552
0.7783546378603281;0.7416254655309947;0.20396320230695553
0.27513704361549707;0.3065527184586183;0.2761270742042943
0.7804995425722615;0.5270758009728918;0.4002057755113355
0.9049025601314841;0.6563211140691634;0.5038654165105364
0.9735329072256743;0.6323355585587859;0.36570385599619804
0.4220011319844741;0.09152028677204416;0.15800832274803744
0.8571351471873664;0.003936827182553726;0.30949366561870206
0.7332327818437466;0.005067373079262083;0.4486285758226075
0.5133924986003064;0.16160614849811983;0.28900047770144843
0.6663808491228983;0.9792432918188478;0.5641022695031397
0.43335844937988366;0.8605594224811527;0.08022531118576048
0.23247499826923723;0.002122796383879244;0.8037399350846184
0.9960601055989494;0.7129814962984329;0.5700511584307102
0.6650698205011848;0.45021237135029657;0.3233357634216747
0.09893108769612291;0.5068673861535183;0.6495907770899091
0.6385459884549499;0.6444044605364675;0.47705659177628157
0.06871987899805732;0.6256511368152655;0.49176715976892194
0.6833462121662227;0.004199092201407462;0.8351000203690581
0.9244171630658418;0.4139048997588298;0.9536904766293901
0.6087641281110374;0.7040518311623103;0.044689699256076465
0.2513750214412477;0.01993988499247379;0.6021762679945197
0.5899120410889149;0.8312304054021628;0.7222560444198679
0.7437572924948523;0.18875379459296682;0.8763822563539542
0.4877758873969311;0.5227823816801932;0.7072301719690255
0.1170287985893943;0.09397963281241839;0.6394106461236119
0.5623737741265683;0.22427297439385396;0.5195097559193895
0.23976757070869115;0.8048614803281547;0.8513151207180694
0.8904679580822443;0.38438725240787164;0.3158773396279164
0.834895809811346;0.6450358173670264;0.5526837659227254
0.5384798963103847;0.15816120884248142;0.7188306101382987
0.01711877172817411;0.1825551998344116;0.34351071764046504
0.23906891133714725;0.9979598661314987;0.02563254929152914
0.4672717894288513;0.7348957740900726;0.49016443803596665
0.42561374904424687;0.7832543965830485;0.8669194023206845
0.20143611247618975;0.7136235621266481;0.22539258491307912
0.8408472837980753;0.3724121324671362;0.6413550422692652
0.07651291230531632;0.3573562300728468;0.8461973562807854
0.9451853603854996;0.3088679377271547;0.23041859808539433
0.5304763758412883;0.7361908519573007;0.4795171734003667
0.6231147880351705;0.21072966382198843;0.6325795399775243
0.4586497884488626;0.24826735088373353;0.30885565998506015
0.9891640047262302;0.3027092271626638;0.6778590123023945
0.4168594875106043;0.6178251432134019;0.0907421649506962
0.6632223002962246;0.6771640559777761;0.9285515576952676
0.6131769561639823;0.9400169731360644;0.9928623192858933
0.8640243394463122;0.5483654974397052;0.8883756864478413
0.11357073872747347;0.04365239418649003;0.4730105241051805
0.38758225122365;0.011861138418698736;0.37454990606833716
0.5894634878183812;0.42499002918260576;0.4755884444490148
0.6476441859377254;0.1890156699718194;0.6125337708393194
0.4776513679383224;0.08091182427208021;0.09416909831924902
0.20063975975514614;0.5556505809457922;0.4424506410622103
0.07809606942315572;0.21646795164615162;0.7284055694625216
0.4556524503977105;0.5613916086317553;0.21694900484931334
0.0910972662883599;0.21946714873360196;0.18660404700799982
0.2015256993843787;0.07637427051943724;0.46994305009064374
0.09605669223036428;0.03544711599024242;0.30027899121336665
0.36129842894625763;0.785900226663123;0.6835071198880318
0.7830041707847495;0.5898652894030482;0.32784551889411395
0.6898928136032728;0.7935391017119058;0.03427651155147493
0.48012879027684163;0.9218578099928189;0.21824768026184604
0.19278353386084834;0.7447549750817576;0.9231833349890897
0.10660844191630614;0.699201162876097;0.9401116489868693
0.7032910602521791;0.11381555187091774;0.8110605458043528
0.28699477455804834;0.3777464854031207;0.813749857722523
0.6440562047061709;0.5343553572264549;0.393975478982333
0.22860591839006994;0.4256508964840535;0.20731646042812957
0.8915390074056826;0.04657273824720598;0.0035054786716112174
0.0783599450348772;0.13329345455655017;0.24675651152899436
0.6024589065396156;0.44022821847307936;0.7857614184327939
0.18837373577500494;0.8365766980149133;0.8096231529692327
0.06625797364310604;0.11484601126438043;0.1684691760855589
0.22293451850408652;0.013696110601257638;0.6108488839656828
0.5879869908373675;0.21130313434189807;0.8462077403207221
0.35499077903099985;0.30061620807819445;0.7704998103934321
0.8552437633833306;0.4678837400931184;0.2686144006689172
0.6912463981930713;0.2576524079237057;0.6155728597348153
0.5521329263074579;0.8147118322098563;0.6641506747303212
0.893856609583821;0.1084928592211204;0.07877025288797701
0.8703692785222307;0.4201159690925367;0.4272993296894072
0.3392786336839143;0.989298667365523;0.11329135726674588
0.4972817959094942;0.171521826173187;0.029586730750540302
0.6099548850054027;0.6369502126658272;0.33259027503960925
0.5344554359427135;0.1782521940439269;0.82747839221579
0.12823157890707237;0.6261962885919855;0.702836618354235
0.4524842010345431;0.4423797235966447;0.4530935574354037
0.6149143994595312;0.7113970003871188;0.09317440004007582
0.8394891680608083;0.016322936195433457;0.08902084018112
0.9204149526170589;0.422779119063605;0.22849344144104755
0.6748848306256181;0.043751312121092845;0.2903756264223364
0.2722889871509848;0.6250912774347597;0.7979361065336655
0.3761797955935282;0.13449601504924713;0.21085415604651736
0.15229009145396755;0.04958709100855596;0.6114280104035587
0.4681627653404805;0.3792331894892239;0.12888026721917578
0.4812461444392777;0.10123433228813972;0.39273306842005995
0.2312975832469959;0.4145348008482085;0.9469589200751105
0.70992690012119;0.25779071816027566;0.6779829664597735
0.8234655667716372;0.7369755894133915;0.9007199359843184
0.3613907218343819;0.14707107398209074;0.6634947058001346
0.19659830344443152;0.8430717036415503;0.15359402586162085
0.4480783379718063;0.5759439408963689;0.9213904512182726
0.16761850335083095;0.11744992976924407;0.7018158233426943
0.8732129143839499;0.8543118262376526;0.3829620511435432
0.6695295303454543;0.16395469537310203;0.549658669411072
0.36310082785125586;0.36442226344280404;0.7744075659371977
0.6538426589238646;0.6751189602052393;0.37921706527197996
0.46632304771390076;0.7989699700390416;0.13075761983319034
0.24518535635641225;0.7494553354986238;0.2468180166764099
0.3765671098788609;0.6771403064365811;0.3709592843944305
0.5882548717099091;0.9802529115240709;0.17861805416690246
0.961783070724861;0.03129529854726665;0.49324521836524515
0.961496778573864;0.8018591711468741;0.3477344305617499
0.8725327005838418;0.5215979866541353;0.18398779922959496
0.12056718106166209;0.29550977707586;0.918394755099447
0.3311542645092713;0.6442366397741074;0.6112409492608721
0.2277842984806726;0.7266408751910954;0.49088831197285876
0.33760414302756425;0.39028525208888265;0.8324986976543391
0.40657521679852093;0.6381142844289888;0.2584495004513264
0.6927458895886717;0.49305240641909676;0.24812671267235797
0.6476749623138359;0.3718723215461913;0.4988434306159445
0.7504695877349167;0.23317632969400603;0.6842814144105183
0.5538343689448714;0.21418129358629712;0.3048752226796897
0.5595745203152335;0.30442287216132224;0.5363729469447138
0.11721362715397088;0.8758811540749939;0.924058016107613
0.49736471508374824;0.08435265060629782;0.4503999313423106
0.05716698187324032;0.16059637105767444;0.9859380020980532
0.7851348590122513;0.6722124637955087;0.5601326363426107
0.27735477943307574;0.4104367558494141;0.24628658672479564
0.4500170294105005;0.21519752027410266;0.9026019031001724
0.03668614104169998;0.11251412434534169;0.40218982041670126
0.9310072238769589;0.26718307122510065;0.7239716265665748
0.09780557155084102;0.5090053528793835;0.5866501362142925
0.3928548112637742;0.5871730838988617;0.012494297301162582
0.21037188805548857;0.3743677269952389;0.7260324623838385
0.5317397863222942;0.4214126334681523;0.4253308214925715
0.9346378013058314;0.7740556013290815;0.07774405979005472
0.2078693619811578;0.5409180980498349;0.3756713248301383
0.7161642268798907;0.7327397047335557;0.5446793901753032
0.11418329077102296;0.5060234603588042;0.02545111340161299
0.9685640308227567;0.21899785736611432;0.8124335619295721
0.6669771550430065;0.3886785350661759;0.699084528438167
0.7784501067137961;0.7462650037753116;0.2566028626757584
0.18993772105239115;0.3570527373184148;0.3111286039370341
0.5502183900674237;0.6804330155194522;0.43053340445446475
0.4833548446784812;0.9081282227136225;0.9885726109180346
0.9944916139925422;0.2989593975486936;0.9930780298502087
0.10242169951893754;0.21475277421620997;0.43683802858082155
0.07722664871873819;0.3616888337575902;0.2658310722982494
0.10359477177827747;0.46717986293134295;0.9626276982448027
0.030594844796254628;0.672099914134522;0.12974698101817983
0.02510715079408632;0.6083423242360935;0.7921096594098406
0.0685174215170643;0.23850546982612775;0.67351444808495
0.07646169230857558;0.8993544488923311;0.4523463821823923
0.3529586732273221;0.33593588786819784;0.42099590406536946
0.6916254935158682;0.5745686522656748;0.2101427232034957
0.6855246082299046;0.24547741954187985;0.10832220588510177
0.8763172560084539;0.22210749825354448;0.6904203294267394
0.8225378080610429;0.22159841065677077;0.6781479698148959
0.7991827745412659;0.7031245879807254;0.15768132909468657
0.1952225791472335;0.6241067524069489;0.8932598174711204
0.5456091575636606;0.37781038924729904;0.5238906013789385
0.46439466197587376;0.4591968885262483;0.07910996224529532
0.8753621157505582;0.46239590077141157;0.8869988297347955
0.42407129985322223;0.1842108551012931;0.39256283490573896
0.46398980898948483;0.10358815499511675;0.9439582559736477
0.4121015074177413;0.8783843705269676;0.4371647154589412
0.7669965824320886;0.812118086245242;0.7879196377258015
0.6878748254559234;0.656897578288518;0.061063793435992886
0.14740905074163946;0.13337137695642753;0.3814063509233986
0.798649549450434;0.1111866432048021;0.6339264276074424
0.6343533216117653;0.2476898925613542;0.31674117797679
0.9447644856259717;0.6641892448403345;0.7728244454580696
0.19264502605060752;0.8833596760467796;0.5249607643575548
0.6958545627474448;0.05140434475557132;0.2620525516558151
0.8701514025340962;0.0062819861711934655;0.016174906420768576
0.5665679106030126;0.1861825374244377;0.03356547039196889
0.14041008082531226;0.20172103496992455;0.9634154385758519
0.7611398602128248;0.34332566847740675;0.6495155306447867
0.32055072567048715;0.5110797332974204;0.5668484632729189
0.7412796359557396;0.15545196126239857;0.2525812577006036
0.963401890385294;0.654357829642596;0.008579588182607956
0.2789612029533486;0.7280046614964896;0.15224489408055497
0.2257711542893166;0.5126707493524432;0.13944563780075314
0.5368592955350011;0.5106942611969324;0.4168774827176561
0.5319587953315087;0.30311552474598513;0.886100058128202
0.2975429949596974;0.26845965707292596;0.41564062893204734
0.40068359234239603;0.3986986401129984;0.4412708325653584
0.057967137553268544;0.024458052604638847;0.1285361949632864
0.5204582122475466;0.7816404371009928;0.893759542881182
0.7995800161932836;0.2161463812022153;0.7281609651934406
0.64391150063137;0.19665862507124854;0.20114419486082824
0.0812678163090127;0.4627913945498229;0.12227710370557121
0.04168723711712696;0.47942746560183414;0.319165049132881
0.5544821595298786;0.16064407982356355;0.03206736986592018
0.15239617656011328;0.18615175295328312;0.05068606819347321
0.12440000529346007;0.034889795016818215;0.38318350989414485
0.05330247015412848;0.6271582373821623;0.9835220285591324
0.9093798819758859;0.9021696332591231;0.6957976956070595
0.02752423930562109;0.2536393224182172;0.8716867385301102
0.8616706787410348;0.929675322263012;0.9504023145070764
0.5088867629455126;0.45347455078090027;0.1072845770997699
0.15004104436230836;0.32635352728669564;0.7672023959842857
0.1667196091473443;0.8299007518513685;0.7649644362808641
0.9898269337340365;0.5216102714285407;0.8072179994173739
0.19362856253760818;0.6852554818634845;0.05773627865695963
0.8622062077683401;0.8251609651463978;0.4170409092272368
0.698864818719294;0.6264517191074744;0.08744047033552083
0.4001706756797152;0.4875034962922983;0.5258187254251083
0.5166427966083635;0.5045709641938376;0.9254573566213159
0.9424346902142842;0.4940971153084607;0.3861015739814697
0.6104788108140929;0.12698890271364838;0.9521872557990466
0.42250928726301684;0.4930281871098108;0.29181998772319173
0.5602934937340833;0.21685143174182675;0.8991068652037156
0.2800158739987083;0.07062782248504273;0.7116692378221006
0.785603747454256;0.2430153251224042;0.16788059538028732
0.4547492611546614;0.3426745903764514;0.7840759735335678
0.587296605118268;0.632785804878268;0.6723745632330176
0.966852007109602;0.07888643161250852;0.6127210834551643
0.6917016792091631;0.0839761609845806;0.331789185602686
0.8268509158663104;0.9999801201008507;0.08428648328807042
0.31330620650079044;0.11803160302479387;0.5547601872357334
0.05849260416733504;0.7800158024239253;0.5941329392195223
0.30091202526476923;0.805374325215567;0.915591489549713
0.848829752796045;0.09628473706568574;0.4712910422721893
0.7924435813492662;0.23926049514015968;0.03660839531388538
0.5223687755284685;0.19669881247733334;0.7876276196427675
0.7885994886686865;0.19791044777601896;0.2682605817451792
0.6849891716240275;0.8101966602726173;0.36341801059655787
0.9894176327942051;0.19630628260691663;0.2575247109808064
0.4021497869910252;0.07911853969836347;0.8212502177102616
0.003976516057942248;0.46812169899502;0.7304755972552608
0.09404782359559094;0.15728102291641077;0.28226640777036727
0.8366652396516566;0.5660814640038438;0.524776387819083
0.6710159853250051;0.2593964154114734;0.37080911807808914
0.046449010913897526;0.18747619320857034;0.85534430741002
0.7284763847004967;0.44005281136342167;0.5081048001830585
0.6639563568600336;0.5982590327047158;0.4735889474755597
0.7630099511887701;0.3672961088654627;0.6555270597399367
0.9025469766284049;0.7171030928230795;0.32786999716036624
0.8450549391365187;0.6716036768361799;0.7753168353956769
0.33512977960856927;0.6168095993887843;0.25126886561985506
0.09883873303701829;0.5572317015938236;0.6485588839857596
0.8937933305416782;0.3133493771455782;0.15792179902695846
0.731973927764744;0.7234062436147188;0.013162521860663912
0.08417624155974479;0.7700835172654414;0.17838677253586677
0.6314649433533638;0.987883413714724;0.7895160258963939
0.22152362626008693;0.8744224381334914;0.5813038987549505
0.401961391532652;0.9950239228450981;0.901387543302709
0.46516291338748006;0.16824208883227532;0.4584543277519071
0.24919679173868237;0.15534161924587842;0.3504694283469345
0.1583413665689083;0.885838217930006;0.18559693695616675
0.07735546385318204;0.5209299184207367;0.6641127122640645
0.05284193774650381;0.33778542492632235;0.8546554662896434
0.8479754183311762;0.21879953749670333;0.5187544855021834
0.8698376846066997;0.813117678552374;0.1910528776114746
0.1396560644983833;0.08217378512870654;0.9260615897036301
0.41362385343343133;0.7525616150594968;0.7747337247745114
0.5317619866632675;0.024704632080500555;0.7651717842345619
0.12060746802149425;0.08923717185585212;0.8159417356900289
0.27672423452040285;0.26502088403297785;0.65681746638676
0.20288400285272368;0.2195310014304358;0.9760492477535256
0.07119372486631415;0.3775880927366365;0.11140057775033085
0.8718963517149363;0.9959951439812199;0.7644861818295843
0.9029965699950997;0.5902406666269975;0.4082267753957636
0.08351096603602981;0.42572525859676924;0.6159870866918036
0.0819433885575166;0.5230906101972946;0.4264027986321326
0.647271790149028;0.6768066609073379;0.5912582078127157
0.7537975196752207;0.36773096877493705;0.3108476214655862
0.007682011241542996;0.4814202671836493;0.8860641369509378
0.892827847019859;0.8595065217302728;0.1392373164900097
0.33892536616435254;0.10466468446117827;0.3430457090094946
0.8542022674392863;0.04173490550976622;0.11784617514258433
0.01609735502131948;0.8940340922328914;0.720614294010425
0.7631740871645845;0.4280638858316974;0.4255092292053597
0.8812320031911934;0.6067684300374349;0.23978328828014095
0.6741900497564756;0.8724358636167344;0.20904722037031243
0.5874239991923024;0.09584190943464488;0.8311248762650463
0.9323341013489085;0.46356457962619757;0.3414974612324351
0.4578231059657404;0.30191453092151144;0.2651091744553602
0.542239723890572;0.5010064435112175;0.3064914823770948
0.8357358156424788;0.15362912653519434;0.6151127186683533
0.3185078022458656;0.21625854438645886;0.2854211575754001
0.9219015730316785;0.1766697475181721;0.6612613621632946
0.9223051953377821;0.07317057573052277;0.01251431325646224
0.11810788364214453;0.3779091005807018;0.2159907936620974
0.9522229507657402;0.3776616304821254;0.05690844978932752
0.9130316366604029;0.9955727571853417;0.39058990880841027
0.7180569624753688;0.40213654993490267;0.2476295994094453
0.20788845905921893;0.1137401291007617;0.7398387539553075
0.16782024217089753;0.9960336151045579;0.28411383290776004
0.5392564252358116;0.911566816414609;0.6625639720339674
0.30697198214854116;0.360282033730696;0.4759232312904659
0.87563328481502;0.9488741197315922;0.5485171421362729
0.27115305964677505;0.595329183439807;0.46275935017530667
0.5379645389675827;0.5282039237410422;0.2809029828800428
0.2966716001181574;0.17305171531310304;0.4680102258202472
0.8727869422885892;0.33224643769676876;0.001407948064604314
0.36850278681637805;0.9945918503963693;0.8788303505768496
0.4744880374191308;0.4398788271428673;0.41977091517716625
0.21911782936825575;0.34345559588229824;0.6365817051614571
0.9854308916395201;0.5994522294800011;0.4644155250636436
0.5994447567808516;0.7424884719545937;0.24852644285278647
0.4109277999190566;0.6069458424470563;0.550315503632507
0.7163725460253709;0.42039494812858;0.06040940496279468
0.996471199374031;0.9941955600869737;0.5563710934847441
0.9641794710730547;0.9720434860982461;0.21143804352225326
0.916392499836535;0.5104045122078723;0.04900025250167506
0.666513281615512;0.8656169810065398;0.8757774715408911
0.18153879351733182;0.7468933437012619;0.6615551197365725
0.5708994830583524;0.9295256643278971;0.24034393029157008
0.2603449308974749;0.5563922114615886;0.8249798757550844
0.007589945852150559;0.9702628617691779;0.005404785906179543
0.08776610432332388;0.1732983935229182;0.5974236199226605
0.028049309105679043;0.20513774665827456;0.6281846842592752
0.7212384554250213;0.3851740879606854;0.2959579281793433
0.9023651706975332;0.8762053639241278;0.911137434247979
0.6131694895836424;0.7063908046654171;0.21764469659935415
0.5176894473436562;0.7582869503756386;0.34491059074255537
0.11821013086666399;0.6185711145880675;0.2551184916595489
0.19309512832655173;0.5882138156132803;0.5927960702283175
0.6411421803020212;0.7589927257281579;0.6374420969365975
0.2868148744583088;0.6182036818539285;0.15500181058244078
0.4951849949802307;0.1555742097565922;0.4299229308998641
0.3122369478391389;0.47329726560908925;0.5435122088657292
0.9447246837761936;0.6487128464036851;0.35155505204238247
0.8998302536329166;0.2531267521722852;0.5635613071958967
0.10424198313211464;0.7741468607048337;0.5183898697771471
0.5732291878329897;0.34402771676090427;0.04357006578196143
0.607852316327657;0.7395361577618751;0.3743556193612243
0.6260138480094889;0.3680707670014228;0.24778760309799053
0.7687358566782596;0.8469638044667941;0.44992494938141114
0.17161380559952344;0.8579575427372329;0.3325653900122758
0.9212337802628369;0.16049357683110144;0.19080659721817794
0.006887964548696002;0.7856826961909471;0.19715889950595555
0.923230838266023;0.4246226248030279;0.7039031590994926
0.7681212962107585;0.12396182749902507;0.42722570371993907
0.771329182738055;0.4825903245424943;0.42495433903081314
0.09943725230187139;0.5979799373414042;0.5996260040344289
0.9513708191464286;0.6014038064243032;0.4989132907509466
0.10696386569526373;0.3767419264656068;0.29150590629620954
0.03351140425658361;0.24748659354862235;0.07824013907276983
0.7435630972874091;0.9682814281484918;0.16263549486224593
0.8674816116531081;0.9414735288391501;0.1805101829757889
0.6512082115204425;0.40952159251107156;0.7721088888956442
0.9464195423773478;0.012787005214490721;0.7840338423698319
0.2258683797767571;0.10772418149969853;0.13242526039728908
0.3377821528880215;0.610951215633656;0.17919768715215445
0.6004312660320593;0.7044817878607255;0.9100039954405207
0.9750701540280754;0.1376923552382513;0.6808866830007464
0.29396913901144417;0.14040896795210078;0.6706897826407604
0.31181929684724996;0.11781902310358794;0.41188094811624154
0.6144723388451666;0.3402340644587565;0.7504728421517796
0.4857146204206364;0.2393061645624882;0.467411272614934
0.8326740581902751;0.6414952412989111;0.8168873052559712
0.3591616059444881;0.7129243466042577;0.0006694185998472602
0.013373680353556905;0.8184270490598576;0.1592623135067276
0.852925658539788;0.33689921885349183;0.5928891364286379
0.34189717393268426;0.7827296206422073;0.4913179234501396
0.6111193309611166;0.2985074098506173;0.017200785173156374
0.0031317770000061085;0.7312290821850018;0.19396972420520908
0.3549724504151154;0.47526281622945954;0.1205253747721532
0.883856860995019;0.5421776358971989;0.6222379998420894
0.13195975370976787;0.6819744685636109;0.4949159588754164
0.9890668606447983;0.6602643938214449;0.8694009010677393
0.8899913872877103;0.5448654100578912;0.16984050667056239
0.2136619293104166;0.5495153471113037;0.4921999114115667
0.6976476412482947;0.48004915937828807;0.1748911226875942
0.7774636297724773;0.11290735431702814;0.20088178926898448
0.060715586758164464;0.1227344608742299;0.04506203624601823
0.6189893221999164;0.5932234971544968;0.840151129036665
0.004136939034123266;0.2258127796968059;0.34836299471176047
0.2947045403497618;0.8137754189184513;0.5360055674395223
0.09181420058876466;0.4315344364049317;0.30575506209610837
0.5343353118192794;0.5756929606941555;0.6959316703173154
0.39283410195111834;0.45275207593702527;0.20845228643312808
0.582829692918923;0.5966940874368313;0.2885050189745346
0.46171123855653273;0.40468597772886794;0.8017577645238947
0.3414485718926039;0.7306575327389195;0.9061557731293183
0.8999593154839762;0.7689225866610276;0.5775069627697322
0.32613148927750546;0.04826769466809866;0.2985345966695625
0.6413175075600946;0.9347407746641618;0.8485870462145129
0.5133993704489965;0.4710599218544147;0.9739868857055541
0.3718348807358559;0.7529171208675665;0.2567729305082421
0.40473268136195617;0.21031444277017497;0.7291504354355933
0.6680239851336168;0.43035161639607233;0.2835859858680795
0.5433499552494646;0.9168232258885667;0.651953981645434
0.343186287028438;0.4140881553406357;0.6205406117609684
0.3195033502976884;0.72749348978098;0.666321587099491
0.4397192991567588;0.8103465096771884;0.7614451349138145
0.9042912560172996;0.9349331159468116;0.0016921419338861154
0.4216004022866806;0.20422867367848196;0.9049395083174864
0.9454845047950065;0.7913863287726473;0.6539104343395528
0.5996889004727087;0.7804405410993756;0.115990439085491
0.722242749209008;0.8297827551776688;0.2580460311069831
0.8240991400963935;0.7358978860739116;0.6814193099862226
0.7147654215442897;0.46036739658532233;0.9931540415486136
0.13574701831322133;0.7272098833657588;0.0643712198112607
0.33839714320054215;0.6030451039993715;0.9716301427416875
0.07670561565655465;0.2597982697059218;0.05681559781377621
0.36061136732893806;0.3880359203412105;0.6584088398956713
0.701312766607048;0.5249953339623809;0.42343531639231013
0.24190211196643285;0.20755169267823814;0.9222397938572581
0.20454653846747595;0.05293616091351061;0.9951376613812561
0.316964886614729;0.3326633460228975;0.701724897054998
0.429902131502242;0.5499035801579513;0.43558932900945746
0.48602691591500635;0.7889155350710986;0.7144580354851675
0.22111527934755926;0.8738416625756273;0.20492908946570165
0.054102127325013516;0.9438402218096977;0.127621560026822
0.9677173267889199;0.011519136867264024;0.40893101786525665
0.45310018836371035;0.7669472153316111;0.7186359116299982
0.22636966934111358;0.24366746475351342;0.7749003445376548
0.4828403500837303;0.6916299586503674;0.5433495159728216
0.25151718514736554;0.621810977479448;0.8705507525647772
0.315642378373465;0.11220802324721357;0.12878910059816995
0.26248436448577483;0.07288818160538535;0.511325066219372
0.5975270170777737;0.4820319627343286;0.8494832589711729
0.6874161500991455;0.4555532091338146;0.45361037399064497
0.9810146011859403;0.6688103001766108;0.8271497346771268
0.9666467365643089;0.15163590316898667;0.3524632308194048
0.4646092031325587;0.5568848272693717;0.4104153608650971
0.9056033398830837;0.9698276009570964;0.8380350016956554
0.6248594462619959;0.6794057698938474;0.8777506675314009
0.49793882591687944;0.4831344871781261;0.9447039856812104
0.11089966127577489;0.6687791170513955;0.5807748281078736
0.5690326732434678;0.8137044288600275;0.5112508238817995
0.7814072001781626;0.7292640549878185;0.14831001512007602
0.8674049543134735;0.48041246556257244;0.501844788513083
0.5021032416291072;0.11984599850318489;0.8898853297739022
0.36282961197881136;0.5326517704430153;0.7530810379246008
0.8940320603883538;0.9708839520401364;0.7109955340145143
0.7871040245504458;0.10796508275389682;0.9108920107233754
0.6230146240173744;0.9590633732424346;0.8770788215405646
0.5444023916129732;0.6567095786693531;0.2263588837283369
0.07734199858452451;0.6103876086457042;0.48129787754425035
0.9029319704132137;0.10144334208117112;0.284418143955792
0.7778599130547384;0.2245222988691794;0.19821151139422388
0.11604071810911942;0.5451919000711825;0.7514561879667487
0.8933594844531871;0.6231060577218405;0.7736142460274378
0.17601322188854018;0.8066516114133663;0.8708550172641627
0.6500993097265237;0.061921068747590624;0.19129521762928037
0.790504113484003;0.015645868979488498;0.4851718805511184
0.584811905261759;0.5178932275320479;0.06427369476365963
0.4836887243864073;0.22076544933271058;0.08863284538893956
0.7565426700450341;0.2317687554519825;0.30606152259407204
0.7786953968967265;0.8391006389043967;0.31089436900096745
0.5973839624614898;0.6112267097638631;0.4031416551891256
0.6649926974288285;0.9766460647712419;0.1795521770135292
0.5899162516429308;0.04578860559239073;0.5235995924671525
0.5128400104214431;0.19368729623439673;0.6647857011394321
0.266690722125673;0.838179015455365;0.38390677928301886
0.20811368577871459;0.8617927718454603;0.8994173494713137
0.7764879260059931;0.12999528294117768;0.41955325839193636
0.997125932966152;0.9726690545763602;0.514574071246435
0.9477685352733481;0.21992588866250773;0.6627018640755317
0.20976618828666893;0.7010915460850927;0.29383449162664965
0.6386045213060612;0.1591379251853744;0.24388717261787596
0.23872297946002208;0.042055266397707625;0.0882035447518773
0.5902602668143999;0.4634368334176361;0.6699711812970033
0.23624890912007213;0.24547641088763883;0.6788991088806848
0.5276412195637225;0.39943893249742846;0.7297109201668196
0.28104796280189837;0.6834845226153363;0.8451851746292733
0.9383529849365017;0.5826336688093436;0.7966094208046834
0.7989350038409722;0.8148316718170727;0.5436114342423733
0.9802606769784197;0.29901861723101275;0.7721904443996646
0.5496662763150804;0.23266720030633314;0.7847825702802604
0.45806321543053674;0.37050971948270606;0.5581663531080296
0.347100176701316;0.8220060720670667;0.49636411421212534
0.7343539289025078;0.8527280803781186;0.044346173754332585
0.7296279997032511;0.2969223793316468;0.73980864324167
0.8708049294851509;0.9085703101010032;0.3754101892829095
0.9654068881911356;0.024537729620082827;0.8110312712177237
0.3550907291682992;0.6961930537366371;0.9609427542304404
0.13920747979735537;0.454086293076961;0.10250677485660242
0.8245755909094138;0.141598262030613;0.12069849555431089
0.1976541366887672;0.6025500786518031;0.5230983433179508
0.7461591561070356;0.7246832561625157;0.9965725578889383
0.32853177320822813;0.5767467940081458;0.11799257180936984
0.040496721090244936;0.0440830667092279;0.68890975503931
0.6272253625842238;0.9830766919871307;0.3237369573284852
0.051142206479568686;0.7681299193164753;0.37932155369530696
0.30700475496525204;0.9493975235103199;0.98693818584319
0.6031822507482375;0.6084167906223122;0.4565058561660824
0.07960415634184015;0.14910095933758416;0.33438551523200366
0.6783980407187914;0.17542336722353935;0.301841370918402
0.5667773832085735;0.0988198779938958;0.0526166940559436
0.26928381492900955;0.3725772755332335;0.8425294565493747
0.01843104911896487;0.23833726571247127;0.22194600307300938
0.8655666403511835;0.3249446400679442;0.8169079693151491
0.06604288792209312;0.8049810273458893;0.7297509388194163
0.9093235192575145;0.8303754446622658;0.2564291398387587
0.012590178093111803;0.19625257086581205;0.7689443655273711
0.5362284587730651;0.009777078355380109;0.9754766474964074
0.9035446060613175;0.3248368551162517;0.11030227091050204
0.18036280989714748;0.85719964569531;0.3424841940083875
0.47994908201788655;0.3298715549974137;0.8761511307128959
0.7020230073047072;0.3276194091386029;0.9838185050306872
0.8584383757365909;0.17391373121961218;0.5273060162136144
0.4931180482855524;0.6241055957634628;0.6161069645944861
0.02114023373101226;0.7082018193086566;0.5219152668843771
0.8254031032307702;0.5258327284893977;0.040590661914539417
0.49125398394918973;0.8946835968676171;0.4559735363272781
0.07834149876584318;0.8218669350607228;0.25330691529352056
0.5631585563633592;0.5620229770568157;0.6770430602952772
0.4128934444750554;0.884634033971467;0.981098118167406
0.2859181462180992;0.8529303178765393;0.052972977701883806
0.8442059373978178;0.0286975040478199;0.010590024589939628
0.004423175112445388;0.39681406747692083;0.4041061695613156
0.5298361261567412;0.5707118205287846;0.8591030489040212
0.037575745757612466;0.7153124483680194;0.8709579738034188
0.4291742380773209;0.6148510078136586;0.5420369905362236
0.018590572392173765;0.6389516576305035;0.05243543154941932
0.583339595790048;0.06282841736686029;0.9951985740275264
0.5819743136724674;0.5347132588872459;0.8100536719560038
0.2859836982052476;0.5078120904222467;0.4582156676636986
0.4366214686298223;0.5055139825570417;0.8359162609211437
0.8124531469413816;0.09709677670695938;0.18675690303526726
0.3438836120798946;0.21984960173678147;0.2663765467388364
0.22291605998320385;0.8800219251458058;0.6581857959265516
0.020910761353765572;0.9765724903534678;0.7519771173699185
0.704533900905544;0.9236220120590799;0.8426158166213727
0.931381742668988;0.9095537419827434;0.6656256919408451
0.25324010125482577;0.27201064562463306;0.9816548164925798
0.24882376080349877;0.4822965353427452;0.22469639743827718
0.09381810212756736;0.15735916923721283;0.9508723414948332
0.5137481893358103;0.741566168562996;0.7793384053684942
0.5844228537439863;0.9678971389755578;0.3119304200984686
0.5530741649912556;0.14313569454841946;0.12732200686602146
0.45970722548411647;0.07263991627123745;0.4936364909788252
0.0067245291590894984;0.39220595667216474;0.03645139465518421
0.5925419373257312;0.22752249436994265;0.08795827393587485
0.5714234415818122;0.1916654550785032;0.802927135366017
0.40774161232910544;0.6110824154395519;0.8777710600772589
0.894543715637068;0.003745392862821384;0.6643952259179337
0.705159278317481;0.7906010021885831;0.7856079351550235
0.242040017966612;0.7413613627551984;0.8928564707291177
0.009429062804297783;0.06069450236340357;0.13850972457732302
0.7374663844254079;0.7844541485938943;0.07532682686433101
0.5197196861340315;0.4411538146764562;0.8871099953965136
0.6433979207366776;0.7314228053954477;0.5871916686863791
0.8246124226600953;0.9300136158441148;0.1832637928184988
0.23831335189328362;0.6275770154621645;0.6179818409654042
0.8889071970406905;0.4207697010607301;0.6512416900742741
0.48351410941601614;0.632754208838124;0.6609343371761897
0.40035554060462575;0.9858871520901761;0.8703241777105934
0.581659575322371;0.658561480126729;0.2591973574391925
0.4934843452533437;0.727234035802865;0.3319862949957747
0.6579901455230718;0.4413819488079066;0.9438051347054506
0.3429650643129811;0.7302595544685471;0.8040845235249615
0.32379829023981044;0.4919560269943374;0.7190202963353396
0.4320345940754283;0.6997662394065679;0.5027890468168197
0.5782696078893992;0.7282470512293201;0.3911906412221131
0.48560145603288074;0.7624299068225076;0.037850476655680976
0.716937834581185;0.059537192225245894;0.27733320409127726
0.26738273253606004;0.8679475929684771;0.07657808506590136
0.8038353086324268;0.5291439371933021;0.650015213337711
0.573560143945968;0.22162561463384567;0.8342890369748707
0.7436982910526264;0.8542904271512078;0.26977805315352243
0.4241239510834266;0.2077410563798504;0.8454759175325697
0.7875839420142047;0.5236539184497595;0.97582524886969
0.7166145505968249;0.2607204868300217;0.5802344154494946
0.3718925024843236;0.8736212942786827;0.5383834077892797
0.12101292834044808;0.23638290056277722;0.2199090822391715
0.6437732159331793;0.9954948269982862;0.1775040110898939
0.9020220622455499;0.7762260251597667;0.7277913719700008
0.30451592689646323;0.14756653035133838;0.4097284112928514
0.849248495161028;0.8702311223437039;0.6833331524164973
0.6007587907349716;0.28535670840151617;0.18793722671188495
0.4482137868349253;0.5543812791777895;0.9477872633088618
0.6264314599628206;0.6770515692371118;0.5088459023029221
0.15537811870068552;0.10381138683013436;0.5184520535150328
0.16403210582500638;0.8667762065287119;0.8533103475896329
0.6538693228190398;0.04534048945344671;0.9257255447864543
0.10507623189744186;0.1610576760930178;0.9062787949053636
0.6447852531221839;0.5633060053209348;0.23927118386895607
0.07842586224994563;0.5378646911545959;0.36956204020627315
0.8502298153740422;0.27592949915935816;0.12015255050633833
0.792355565412093;0.7020921100734946;0.11020495688119492
0.5270015887246037;0.8899543595781407;0.040307869506324145
0.43897181347523995;0.31789465057262833;0.562389055520557
0.9171566111688967;0.7702831147929974;0.035434049164836834
0.21283731038036724;0.28429975638140825;0.5594436357505909
0.8442453717417504;0.66450899670941;0.988838087383223
0.46746721766556565;0.3786059797709994;0.6623627496982362
0.39840660846769493;0.6390100723018539;0.3139643926175527
0.7106296866228285;0.7293307735509474;0.9526440947345703
0.18848803247981094;0.6659785875992451;0.37306790829410374
0.843967518676742;0.4392919273254634;0.9742224033858529
0.059656024809597974;0.18167513998702334;0.7976304915716113
0.4842123951620557;0.49498841543173455;0.0316916691512088
0.20216793307146352;0.12887643657154413;0.20260239397715296
0.03710876069057489;0.4361232840894881;0.8071291842645164
0.4510769611194879;0.09348508124699684;0.02606553296443037
0.6860019452334245;0.18138638168891297;0.3665838485458298
0.4986268348947678;0.9520345128641076;0.41117066239673616
0.7613344745347427;0.5767696420434569;0.4971210492176076
0.8996844643109796;0.6596328636602059;0.471556584982339
0.7593977529711122;0.54786297580531;0.11175396493204204
0.06872259095206323;0.7025380978790675;0.6277930705193511
0.7751871304010636;0.18994484363225372;0.8054629522602207
0.19026477646870388;0.17627756520353244;0.9595146219632037
0.8975369739983878;0.3785004402726261;0.14553730406328225
0.028478250044797204;0.5477121533823328;0.5191659453936557
0.13030856201386554;0.9424522995967425;0.07124921271414786
0.5016565143162314;0.14054842546909463;0.19582355182726008
0.9676392004220329;0.9380894622898229;0.8437393971460818
0.10719244270961581;0.8648560619638507;0.16252614750529504
0.4804873289844792;0.22972489227468096;0.9248808934206261
0.4895096995778587;0.309954052857907;0.4487074917135342
0.9336712766850912;0.8073472390701175;0.29515072356511474
0.315669920927089;0.4366731784699497;0.7557171071717157
0.9407321223650145;0.9443430806043637;0.7352776835970396
0.48897746309461576;0.32226594683944154;0.9463015987840723
0.7826254388107646;0.4155879270191766;0.3159060357829949
0.5985459953144001;0.21593043026583736;0.08323743816973361
0.5280495982946357;0.47001679306378785;0.25091253793334134
0.742877061924589;0.5998604287674414;0.6372983600506258
0.7879345988209971;0.8550320281525878;0.3352861667093415
0.12141645834990034;0.7479004511926837;0.5284766041604837
0.28601829968497805;0.2539549720096592;0.31760672667357903
0.4348494081597839;0.012535663679451359;0.466542102612964
0.611716640313999;0.3018648486160205;0.01087346233672648
0.30725181489164854;0.6673949218832225;0.48126901024404034
0.6857067916360228;0.9370647336146177;0.9695831674538518
0.7458041367249932;0.8723650611102156;0.8788791459640479
0.6816778021407861;0.4627106079253046;0.3083064412943264
0.12871224186739605;0.09922625979815192;0.5548397694101205
0.8756951819386993;0.6301077704137766;0.6218099460815545
0.6271075609868989;0.8347477331590449;0.960770045642186
0.09479498242551643;0.22729272739718065;0.050016074537123756
0.7194539967960456;0.542765632105551;0.39705535244633594
0.32096024463913553;0.5474776206601195;0.6268750937790097
0.6418651614548476;0.41229061829535907;0.18076942935200901
0.8738853255243136;0.16370648045026737;0.05562433456686788
0.7138134671496539;0.4982341639256854;0.3504023181582899
0.5873260205432859;0.15027918973211385;0.5034134313711294
0.5921233459196613;0.7998546694400491;0.8403463911403377
0.8742105464580056;0.3520385088172767;0.3702916044966773
0.501045973308865;0.22975546810094283;0.17654932024070635
0.2878870075090012;0.31327408517736255;0.30804701310942306
0.6901846220210387;0.0038978980984462064;0.18699604720767593
0.672517666584176;0.6840078375846497;0.33733170949226277
0.9480660021130698;0.8912124175688798;0.25606264931072187
0.8880887958847518;0.9694740927782597;0.428860279508379
0.6538539664065159;0.47911056509758976;0.8352415792592685
0.0016568888309475005;0.16542491703256934;0.1794360951874019
0.42408111778311197;0.04987418728421511;0.18566988198360312
0.6611783448173266;0.6538472791994013;0.7398263637073007
0.49783629267045226;0.7689659320787123;0.043980304030666995
0.4885603353053427;0.7913125403814941;0.39196962615200825
0.20834109356779495;0.9337808689695785;0.8499489305643088
0.9366344610053758;0.27201702775840986;0.1928514465901543
0.8100799582197376;0.6061358383767355;0.08163533014385893
0.939240325066887;0.2865031676383135;0.8723952705201043
0.2842968302655883;0.7553312253318926;0.6247052249015971
0.10462688033675804;0.4653256404487778;0.2621696265213669
0.3482334490391288;0.810430768872159;0.5607587681004594
0.0442662249194552;0.9712523605710516;0.015537094727258394
0.7444403936816744;0.2750161812128221;0.3022471076489126
0.3685128498085233;0.8052566652227379;0.5241987133566988
0.43742827671341344;0.6338533571040881;0.6245902405123133
0.48942916971731;0.1741804262281007;0.0858707862834659
0.8222202397030615;0.8306846327479409;0.8800477251051848
0.3109645609703646;0.9717609681930749;0.7145204990585362
0.9875550542881425;0.9428178083570296;0.14143299665658104
0.44940677420012076;0.8126282989023508;0.21063030884933498
0.34755535570428986;0.2928284062116774;0.6055254353773408
0.8960348857648985;0.9948769350971268;0.4972819060332948
0.47866959811867804;0.8517245905340661;0.5525773387049745
0.8852654344241303;0.23426308555510966;0.4736202814444713
0.9365617932162936;0.021261202407839797;0.23030782928910754
0.2829894045475351;0.6857755430914559;0.38109730628491045
0.34715429768584594;0.4368344694341203;0.20817935506723284
0.871375772142791;0.5605389145165189;0.4877414923088831
0.07902184341933782;0.9702832704618692;0.5912132517609631
0.7425344006486115;0.013069722858285782;0.09712734660205391
0.6645646496382817;0.24656623882932593;0.13510720059375325
0.9340800594275902;0.7407386205870157;0.9364812848397529
0.7552074717809809;0.4621627878880006;0.1640172990714649
0.9114775557795748;0.9496570429850193;0.8815700712026002
0.10425592754922552;0.8254793943574893;0.23176602225259824
0.4067598206943617;0.66906977938975;0.05303424321108008
0.0030784171429129037;0.8835027615240486;0.5473494393557657
0.006224302569078355;0.036852246804487954;0.7517506876910062
0.8881706677276985;0.8659949116462055;0.9592766602163846
0.6187801730181518;0.29069604041751385;0.24303904441672142
0.39918689238602145;0.6412453777825163;0.931486801604011
0.9051975182797602;0.33309649424671106;0.8929051743741832
0.7430302733155913;0.444800989986161;0.16674998670753827
0.2701610371632166;0.8316750683116093;0.21096028839997782
0.4739528471904304;0.6545486971364454;0.5468429723817658
0.21972769720089214;0.2983407604380576;0.20802351552731002
0.28618106122921916;0.9177317802551995;0.2400150950901354
0.4447746961785365;0.5620191067501329;0.3955880084826129
0.5880080941923549;0.43501846448498105;0.13295011406245394
0.5484313663654843;0.6202749382757324;0.5631083095900126
0.4433512706241244;0.9880688551129452;0.8465645390230844
0.45005805600677906;0.7472802252693291;0.6349633162560692
0.4048663219508164;0.4424699038584926;0.7330044256110885
0.6315850157804404;0.4428979267737547;0.27782704625569143
0.6600290924218386;0.6344966492109541;0.8898524902950102
0.2728894435860846;0.4776161130081784;0.1673929629054247
0.06812198455495078;0.6137803364997769;0.7998580854724467
0.7090443033503223;0.13820332294639492;0.25479578119840396
0.8968080196057396;0.1816149777062378;0.20489595669787708
0.7700286448735539;0.4643206479789508;0.5358895863091738
0.30447818728860343;0.6554654991791172;0.6804896997584926
0.632389737955846;0.41317384450144445;0.24868180030766185
0.5952758049182589;0.908863455649932;0.7592169323307189
0.42663297154000923;0.9083277472252288;0.026325239967445624
0.8047229361207652;0.6688800487333617;0.13223837894629242
0.8478805200410283;0.7588435747739347;0.036923429647942596
0.5370726419853795;0.5673122544090153;0.7693660618766351
0.2700313418077468;0.5095710461497766;0.16872955058884187
0.7365887236920162;0.6155695004641458;0.833678328490794
0.9158281613186712;0.7940554694884839;0.4675069726683906
0.2698740501572039;0.845031751095659;0.035184022902698064
0.5948491847339372;0.36103060331466286;0.08117413094927883
0.7067387345838109;0.7692460416794843;0.9176257796436916
0.5905754496453902;0.35554148057552504;0.570501280621601
0.9190211169358791;0.6265400654470747;0.8847989997567413
0.9916692977926572;0.6967135700422921;0.25889589362328014
0.8042696868344349;0.06942266877302883;0.981424824998879
0.35880194589527237;0.2038845351511901;0.6150390216192473
0.7519173226687492;0.1737796188765972;0.7201577042774137
0.031418044399813994;0.20746298631981352;0.1899657106731082
0.5084616331856;0.11645256967360684;0.9569832187247431
0.5053698697212432;0.82565988226233;0.05105323466812517
0.261235310574659;0.9048323614214874;0.16351287254188418
0.8758217308450008;0.2039908170612844;0.8731705825192471
0.6016332762268348;0.6164559612842632;0.5742274461271394
0.5646180231908878;0.6701749376729853;0.41082904426900524
0.29599995901100373;0.6314085311785019;0.6727890592370073
0.12486321776052667;0.6351957189174631;0.7134980369365772
0.08392930389099584;0.4641340807411575;0.28166304336108605
0.7870822103524466;0.05844907027218538;0.009609601848001859
0.16490512376998123;0.09450074167951317;0.4234507342849352
0.8649837647536179;0.2572072016187016;0.9235681517224232
0.9922829695800636;0.10232391911653516;0.07231433905820761
0.1925703636868331;0.9084721581062857;0.6927887510397718
0.7389216405464867;0.5909335850634072;0.6433726453341356
0.8593590843596389;0.12638284391589016;0.6767631681717158
0.2914562430934782;0.37824137777071154;0.8458491701934487
0.5548314268344141;0.776370889186174;0.6458784885553074
0.801985359469911;0.6322158618674121;0.26265059145906744
0.4329199463665758;0.3408782648351;0.8134631413666932
0.15897450821390413;0.9756451121945116;0.30665595647423183
0.3760750278698537;0.5284601064225097;0.3937858976845596
0.24724512508607355;0.27278034066623524;0.07704321444552165
0.698238663722075;0.08661882868663573;0.8179150730769236
0.8410241593874783;0.6580003097830258;0.4087898069058302
0.832178380983165;0.9816291816017427;0.14474301965683023
0.36881558539490145;0.41364434869190303;0.03656820096286317
0.5220079628556733;0.03396908247983632;0.9509236997446855
0.10137987048677721;0.9405205541761318;0.8560885734752698
0.806457364752129;0.22626420800273728;0.4469448819503339
0.5603914982017173;0.9984358240321233;0.7896355356755975
0.757984200572718;0.4846118934291537;0.2753612884270754
0.27916178790634716;0.30565437092410885;0.8352057065884769
0.02647663346267104;0.44251762363603586;0.7048145199127214
0.6249752848258116;0.4496531211130025;0.34228989157041056
0.47529430538908135;0.14893009161227833;0.5677781869566725
0.5260972402918761;0.5409203747765902;0.4550194060162396
0.3272587444414654;0.5025086361179535;0.22405463728039177
0.727432332217188;0.4740159605190266;0.4116411829021608
0.3670647960079325;0.5989381791655009;0.6908390543627668
0.1547851963528255;0.04714742509472025;0.7693428874182
0.029755247448567612;0.31117851791421114;0.8440218124425027
0.41345420696808355;0.11026667040485383;0.7964121721971771
0.4573551444937347;0.08550754274490246;0.4054014330903768
0.6394555977097928;0.062181885301840656;0.03304688426134461
0.1949391508938818;0.8532125033865398;0.5645130434285223
0.9580822629665818;0.5553973885861528;0.6681900945891434
0.5506878354384465;0.4199702553316844;0.30457074726969957
0.3520421240448962;0.8514842961853673;0.5298311167985532
0.94893536301998;0.8012045608467872;0.9622485147929264
0.34702406376645667;0.49766762729221237;0.1814334950332439
0.9591923273204316;0.11227635503295552;0.5359822076686686
0.0037885388590823688;0.7901647978754236;0.8711696486345716
0.8532894895716507;0.8811810419847395;0.3774867488751469
0.866119005000176;0.8105147102772298;0.855908289623011
0.5457890743411677;0.6748389505026485;0.6957404815045032
0.2775386960043523;0.4613919986141116;0.14267079003823502
0.03526231367300281;0.9675573656697987;0.6232873272577968
0.14005192240127495;0.7936864405466747;0.36467349067272803
0.4674161997856041;0.33964295390064114;0.19464621668921722
0.9511288781364453;0.5868088232558157;0.7520550345453559
0.0020952636052847806;0.18817098860256154;0.9815057034213173
0.16069446295894607;0.44965377122775274;0.7170487828098867
0.23842958046072205;0.9586959253699112;0.5980049461059678
0.0795758933411066;0.0019317818202700954;0.5637629028649701
0.959169958122975;0.19579261672623194;0.8713977048319554
0.6857494468390583;0.5978281181646301;0.4344448174437209
0.8347077737269422;0.8972304225419788;0.12377715030563374
0.5615371148429222;0.8609169872868746;0.41501420415203494
0.5571019052003129;0.05233941829166511;0.07810790369307652
0.7172771589513918;0.8863297652645691;0.32460012706987995
0.043872865269921624;0.5802463090466434;0.47698159309549937
0.019954652785910465;0.06765324588890576;0.9779495712258338
0.5166670585825606;0.3125305526133886;0.0488238241411838
0.21546088454264511;0.7516033048959602;0.8303195101449474
0.11566927405457306;0.536909183594631;0.807354493762039
0.6117910262071685;0.702789799389497;0.15231972907394342
0.7251419524937093;0.07795366765768463;0.9574664461761249
0.952601711571737;0.9899546637081414;0.9977058285997948
0.29112050018967994;0.07989925992019475;0.3928712865139894
0.7640863009885617;0.5610663458486632;0.23132107421170078
0.8324176145682963;0.28877098754969144;0.477896373617704
0.9041379252595318;0.12936608188406207;0.3890440793004073
0.2429670211171293;0.9766310880455172;0.6550565339319495
0.13318754522454235;0.04374114551687647;0.8363231459090144
0.16366472872912707;0.760049947353677;0.8132000114776814
0.6389423916051029;0.9089641601289291;0.5738374735655367
0.5447056468906879;0.10416882535983107;0.6384763718533538
0.24218264104133513;0.06389916094324943;0.6439697593964154
0.09301846576771222;0.39613445872644204;0.4541776133805756
0.8365846637254356;0.1344862607675288;0.8305304107448274
0.7108467991682759;0.5100123490100477;0.5478091170421967
0.6864384036388471;0.7353878482317949;0.7411081204521828
0.8727560305714719;0.5673830650203665;0.7439310218492422
0.9721936472387572;0.9581763242416265;0.2129977249256424
0.4703786455271689;0.36102632769869014;0.22597989920422512
0.9183829714360043;0.46767550413648273;0.6499375054559724
0.11389187387776367;0.8962363364026054;0.8539942514007886
0.7871528209850027;0.6136222080398162;0.006209845035544004
0.5039647813710187;0.45968765261447775;0.2104857298830095
0.3816655393699411;0.4698402349257351;0.5502573330794603
0.017371464489806643;0.7568773478520785;0.05251684817957025
0.6927262137680181;0.7224035723818978;0.7696699585302696
0.2545533460592647;0.8378916829562216;0.38692509646829953
0.982119759643594;0.18160602455171004;0.25337322215625313
0.5486771431968565;0.3948646559616559;0.9560092249831205
0.19308097560511872;0.616086690587659;0.6489032632594929
0.8140054007809215;0.9092129274223218;0.8751200528384622
0.9400870427600553;0.8372113726566232;0.24815068537872087
0.7442944561407556;0.11311287583363172;0.4086956401408227
0.828503316733969;0.7005872610507238;0.9365860151399363
0.023280616268986032;0.31522716265588;0.8866324974252183
0.04235490635066208;0.8869258186139426;0.10835173415845556
0.4633836170095288;0.8438831282578391;0.5470626859830373
0.8048752109602985;0.5049532984948598;0.011284266129799048
0.9253407222485249;0.762960251954538;0.9238319038361599
0.24818420556101028;0.8969358130784238;0.7590499869704682
0.7488361230115195;0.7056195064118923;0.4139745281725007
0.08510434408525791;0.12469801684575554;0.5323422531375914
0.92412035515467;0.9144756696353248;0.571729719847074
0.8830383043441898;0.05970002722388812;0.9295864102889619
0.29074058675976056;0.835028335727285;0.012008662391739588
0.15637115151619374;0.013779449205198913;0.41084053385919483
0.183095933116735;0.6373893213467029;0.7634323799589655
0.019500328091101582;0.008051409358405093;0.8910721264442772
0.4088755518437682;0.7165147230354553;0.3742361678758517
0.7642845474965427;0.7101062918764749;0.0671347107324719
0.05290858775934937;0.5219282179016586;0.8523261041227598
0.4342114314126283;0.8749111994525888;0.41673247526538704
0.26186004187615664;0.004271929763220994;0.24241303096523692
0.27839855646412914;0.5728392716796329;0.7802129229936051
0.4452721684856493;0.2570753155252672;0.47573311877737035
0.2676864674608809;0.05249061184254844;0.2274342702522022
0.7841822380509835;0.799734324422117;0.3735917599599151
0.5868556801006186;0.17523547000870554;0.39885006946744095
0.1749959033133882;0.8237227696945911;0.02818596186063127
0.6169290186276075;0.03708174683066712;0.5051166950363675
0.06681251325255788;0.9162155337303365;0.9618645442943751
0.6627344716404044;0.38076434954322413;0.7379699029043693
0.4908161162729582;0.017185016459034586;0.6653070208890838
0.6162361922747598;0.43412621782377947;0.601529797561994
0.7872476281819049;0.6461795937940263;0.22744691997818967
0.7593133882183146;0.3509607475335813;0.1288076019301121
0.6416503518826469;0.4137528453035839;0.8344177953883213
0.36735557766115845;0.11380629393404729;0.45754019474031193
0.09288414348343355;0.22259914411437487;0.22297434882552702
0.6211471283145621;0.7681578363615834;0.6955971560757633
0.37391184523670784;0.8062313104074667;0.5096105026637353
0.18575413377962802;0.6875887492991241;0.4718286843479146
0.419980785240495;0.5601691877198095;0.644376115853301
0.11891316524146733;0.3000875512383586;0.9026082105952861
0.23245528555802686;0.6654475658041611;0.06377533601447227
0.5579684296876923;0.5230950110737658;0.9603776470273825
0.9988420014207644;0.6858480385091249;0.5779413242196607
0.12809919138906667;0.06703228092743452;0.8687430803674009
0.7297089880697655;0.12570299732530288;0.589283046885403
0.6534441312585045;0.13391351973542576;0.8105377628901776
0.9687994285529233;0.6098033959664609;0.4058390651075814
0.5786729499440283;0.15538237769929897;0.8444672668389321
0.34193477721613263;0.6186031850581895;0.1667270048990369
0.28530271738671076;0.3770317953348449;0.4584967003438225
0.18205194991102458;0.7915473666562167;0.1862330498821959
0.1940600617324174;0.7832757530446923;0.8786745926271554
0.570033045881017;0.47673315387764015;0.894148600354531
0.5773065354346062;0.5888388227173503;0.9412664377432632
0.7090755204771413;0.7789607000973513;0.009762650948066498
0.7656478300167978;0.15655200892786902;0.6838166149037505
0.43229306045020344;0.5061701005727971;0.4785703290799096
0.5458579139615666;0.6913402492241292;0.908995370804943
0.06757410641518624;0.3216207024939506;0.5955643793866991
0.7143187911758493;0.3162728973912422;0.38573408711795154
0.7927082223505281;0.7998495717947078;0.603665960999533
0.9280549768264895;0.16978243027155737;0.9429543764074423
0.227948636733728;0.6472525020298963;0.725667860873919
0.9142701474016743;0.9566632033387314;0.2591829545876
0.705787532007156;0.8919033938819707;0.18789128048933335
0.38880829599546796;0.39102619737540534;0.24384060837434596
0.31996537577071704;0.35535063287450386;0.6500148560112852
0.8539455573535921;0.7686899374869165;0.013109643765905066
0.48047333207647314;0.3295432079037032;0.03706804814204501
0.5073044743948505;0.29099338998640967;0.22855867818557052
0.8547563251558469;0.06518580853842515;0.3664190099589415
0.3909451308110862;0.10740206283856724;0.8581688088641478
0.8809569959633303;0.8517355727029986;0.5418253729174176
0.4825271807567604;0.7581513275784897;0.46442109887476646
0.4772669221625695;0.490922641419014;0.19685234999584666
0.8247105847469726;0.13106780197301404;0.49024209581332334
0.09907241423841473;0.8276003454326782;0.9668415141467653
0.10454962764765818;0.9126193588574937;0.17307363470160908
0.14948940559683133;0.019607953209434426;0.600661539195238
0.976197422434394;0.4197542792789333;0.07484250595860475
0.6077882256187092;0.4849794697038792;0.6108656320142642
0.13203055206294667;0.4276998287207626;0.6929299142326996
0.6146522760560141;0.06353126853980251;0.41738898048980655
0.8842323209027279;0.6268167478949517;0.2604893920181909
0.3311879476138484;0.8881995547886274;0.3056861405283334
0.8677940574740918;0.8750064777340567;0.4531517192656265
0.6499170474895557;0.5870804421613554;0.12459922946816171
0.10582389161488193;0.8867157307086987;0.3179201561541186
0.9716468774334588;0.13420640646933601;0.957037197806801
0.5778552617164533;0.5151783008922256;0.7792016614146139
0.984737326424884;0.0134845281874717;0.429873023358026
0.7438580628575368;0.9243701222698119;0.5137950472233892
0.1285605426362253;0.8185708349756798;0.6022410805949787
0.6165466402063471;0.3083929635400833;0.8593008786400207
0.4899991403912005;0.3101887229044977;0.6098471614447434
0.7866966784928259;0.19933219295482418;0.21878099019733233
0.3053852714241836;0.20273241002104414;0.20365088741674797
0.6668144494244957;0.8447415438729834;0.5130544870039909
0.2515338282701185;0.7059587809132425;0.7369824695231675
0.6258397122080518;0.8287861898277933;0.5113160047921383
0.12284738909307324;0.8215920204374493;0.0534557492420793
0.5544867565172433;0.5060906000766823;0.9008497134624361
0.5389995771994974;0.5590635709677427;0.08569910073522213
0.9714744281817297;0.47786412640874343;0.2974634181164606
0.9177135730021785;0.9680896966185998;0.8869930942592293
0.3400763244385253;0.5575184880249736;0.4540515356966719
0.7250935774940075;0.718332965475369;0.4398980636527424
0.9489512626411433;0.6141188782860227;0.43749858975750977
0.33196861863706284;0.614735155221681;0.7439943999827516
0.6468543370701042;0.8640158864824249;0.8953800710465113
0.3998511987132968;0.094912257601527;0.16005166296301043
0.3288122165899937;0.2726905770053467;0.5097720142246164
0.4700652664164481;0.9236650620012923;0.5337996007725336
0.7403732350720038;0.06675195385743993;0.7241230192261794
0.7456121944349059;0.5206079822361147;0.5295188242833138
0.0647182869634989;0.6263278967709298;0.009857939129230053
0.7565825381710587;0.0676470970393529;0.00436506633232181
0.11821403127098573;0.8759004672781949;0.032458089520484235
0.3160259851234518;0.6771274085704985;0.5876609979485509
0.05454496803906583;0.2009559818291451;0.1819953455617339
0.8823520671227693;0.7227888702028993;0.6052976665703926
0.2263011009389012;0.7015413835992782;0.7118685845925925
0.8288880264681512;0.848336411208484;0.9354557074569593
0.652708988237659;0.1787417255780297;0.04819622620916231
0.009318129067179104;0.011954708932320424;0.4084369136080799
0.5858146747591833;0.46306581167002303;0.44194440613352415
0.3380230049497376;0.5826451340527227;0.6435844600104218
0.9066787249197801;0.1579299496510912;0.7327983575964298
0.39709987396119717;0.5220166174650843;0.9125683953191036
0.8333808794996599;0.6532371937868048;0.7047911892061086
0.13014081117681542;0.695527844654859;0.811006654080753
0.47481988388079366;0.7645123373220624;0.3725509376031819
0.060493034179452065;0.8357328478752576;0.551724297616026
0.7778285819905736;0.8890938583427195;0.2400713646664261
0.12063037427222334;0.46974392127531206;0.2628886791528321
0.3781670359342424;0.8569303889875561;0.5868302344581046
0.20435133983237197;0.013764255900582723;0.10325150575131292
0.7598271521819421;0.11077345223762414;0.4571194498198201
0.5696988717281306;0.6400745478805512;0.22458595855100327
0.029793949291144206;0.01802053220078581;0.10605805676751257
0.8116600743786871;0.7377092231196393;0.40184377721386044
0.08179533384365201;0.059588011626610426;0.4195477338568373
0.9125510133103698;0.037060357377880715;0.021792983510443564
0.5875813892803411;0.8021339756216711;0.20605054781534193
0.4150383059956475;0.6476125755837114;0.20785949764291956
0.2090512388822392;0.7418093433389722;0.18188087754313864
0.7222150593732893;0.07043632387017562;0.10853312449069552
0.49278884371244336;0.1828474295261735;0.5019090069277788
0.6598060949263361;0.14322612416687408;0.333316704577565
0.7729175940140487;0.09888819226396262;0.7070170702969815
0.6437669853461799;0.9908131964577166;0.17163402136792738
0.055030973044933984;0.5593079658818598;0.7667125937728069
0.8635573413085812;0.08520682989751183;0.9151316595054196
0.2086545049874211;0.46734340672009256;0.6250908384104539
0.31395947852451334;0.6108984950223862;0.4611390484725425
0.008436104779024012;0.5134252095822315;0.16023792842619156
0.7094313956170292;0.7846526653137119;0.42358020056820234
0.0777691711269245;0.012834350894276092;0.6024437110203388
0.9062211504600097;0.31061827163862665;0.79146577371678
0.00946818968223262;0.6700355991980177;0.17293733716756587
0.8353730184730006;0.629240088100431;0.970822260487435
0.3626924340327339;0.054117754991947487;0.761481303849958
0.2291392786661467;0.6247130531495537;0.4597437738093123
0.5425697729986133;0.46280079291400134;0.6214715446089105
0.6223805940953405;0.1732745160709077;0.06271385303058041
0.16404530174547527;0.13236227554311408;0.47403102481457826
0.10607045905598655;0.2811863495790645;0.9969737210118419
0.8203645524552421;0.7155633198856062;0.38190962034252907
0.17222486751305033;0.8694635707881723;0.02660850385078406
0.9841539309508636;0.6513647836096542;0.5507456720895483
0.09313278565725214;0.7824908786876349;0.8916087531014868
0.7264452040186399;0.25524715842521606;0.006187680655849737
0.10437226810400946;0.699942157472836;0.5585296923306997
0.2278408042704284;0.504444770404714;0.7290768933316586
0.669019384393229;0.5316400239853398;0.19938398024148052
0.5334044538054394;0.64878057691465;0.5122630632392053
0.13422203961217805;0.8272853358802504;0.8098654362636489
0.8947179198461164;0.20467533569061425;0.9591890020742544
0.7525061707211872;0.1480127400327862;0.46474635740696824
0.6331122739725555;0.5137862485489508;0.7564296221537458
0.21832403068324924;0.2769698970338381;0.39491410913365244
0.5167598788138884;0.7452705564368219;0.07128063021084319
0.45068665912981;0.4323204829626347;0.34636636092020834
0.7277768832054501;0.8064700365554507;0.6307295660809314
0.6411916811193689;0.04216514299791385;0.9192282965083941
0.9891784796134662;0.12086639916413344;0.4662927518639125
0.6959470324536463;0.8536100351737206;0.1407943009292456
0.6607627930962487;0.9812128749367205;0.8920599911195295
0.2367007188154293;0.1443921884635896;0.4226987567850645
0.6804749926408058;0.8965791836356106;0.9224747600775427
0.05109755120790249;0.6841965540426628;0.7032313904885343
0.42178990832567964;0.4205487929479975;0.02823619190407778
0.46665964391413217;0.6146445680402383;0.48137296215541137
0.8312488980357045;0.3385799812989615;0.6644044719973714
0.9200229526326205;0.7661085915068878;0.8405607013190907
0.8989250268464049;0.7938454783897061;0.9522652293946969
0.29277586398679634;0.589680847377345;0.7850765606223163
0.08551956771975833;0.20397616923676665;0.7345056736750555
0.5898313506829195;0.7032462615786147;0.8591965750095063
0.551684839830912;0.139301379030362;0.9072130131759696
0.2774079084599065;0.3055945110332158;0.35494999822593
0.48926308590750345;0.4565932329808925;0.2637442441433351
0.6729670330705619;0.5833189712575387;0.5926701367175482
0.28817221462027665;0.4056090259369243;0.034480201139112876
0.01843371565805918;0.7331493074329345;0.5994919461387838
0.978097749405843;0.6312076834793394;0.6839603197661454
0.37196514423918126;0.0837798574348736;0.5219171772418052
0.7342376242686535;0.22627142098037434;0.8214292443360679
0.360447407621557;0.4447287845465261;0.4238597555784247
0.2366478665009537;0.4348629396644884;0.8724024987151705
0.6347421625552062;0.7238856877765488;0.608687308544284
0.062378428252010565;0.5012765635795428;0.40765150232116076
0.6368286193220799;0.0700061264645292;0.2713190496766943
0.7064657471566603;0.3775638954799495;0.8130782323232989
0.8845009957779492;0.09934897967960876;0.07629904044388325
0.7699250579647382;0.9063995808953658;0.10476109786120469
0.4184867735755199;0.14633323342949944;0.9309582623592151
0.1632362898537273;0.514192279729549;0.09337502141722598
0.2200324396200467;0.4003770697205783;0.8554954694400354
0.8897816054348727;0.9804531067317868;0.2417899306384932
0.9588061911454664;0.0037819174558356705;0.38238938192255445
0.10278142144559776;0.778031167031263;0.8893356424967739
0.25096778374678086;0.6792353018002888;0.14733053462291723
0.657612989719555;0.8280061522159079;0.38553609992027305
0.5129138652877878;0.38963942414714725;0.30998684982404934
0.30264980279177167;0.06416026788685969;0.9014378388172559
0.2698049819237882;0.2102829500991502;0.26027333997702295
0.1385695738798317;0.9683207000190737;0.6705754608246703
0.7847229146929238;0.8046716235634576;0.9906890067760076
0.18057814518006887;0.7758513691230772;0.6626517047919621
0.9297732780128858;0.7336994863843901;0.06755220289591413
0.8427022922600196;0.19931042462450377;0.6121624099572708
0.4000682623473044;0.16748469688767487;0.07094484948845214
0.5424490796695063;0.9196855360054684;0.3230228287563859
0.8351761918662244;0.6596716207264988;0.2592761009279636
0.9376803220929608;0.6062793278169711;0.7875180911831126
0.20939352911771558;0.8495667007856159;0.7524663138152288
0.545024182467833;0.14544251353285387;0.10569092178799766
0.2755630217906657;0.4929232486967411;0.34027373343511746
0.4422447211200514;0.7950040120038038;0.3659427912874622
0.3255005910326504;0.8906425130116232;0.12247978163104334
0.6314665122482074;0.1369749306857514;0.3285389809296281
0.5604966221629062;0.9392401848258664;0.8124797514199218
0.41690713967534365;0.4398000269862147;0.6112506934320109
0.1848910909781769;0.48333717217976;0.8871639388244774
0.9458449761951776;0.1400903177627182;0.3581907014937149
0.7957967280959387;0.22072075675466707;0.5796245703030616
0.9594031454660192;0.9363631121104254;0.015898467643050695
0.5328533222931483;0.2641843349957931;0.5893959186602259
0.14418087662508916;0.5274634277519156;0.8573620721786697
0.08279490730211259;0.31420723615153334;0.4836887157390678
0.16114131574577806;0.5569507830729443;0.7864589242901393
0.3698467539677476;0.14070011672263316;0.7969664122080182
0.8851610581822016;0.018089382179773184;0.31382888090037786
0.4802841637748495;0.6974902014265763;0.9480210098389351
0.9617872763799152;0.3169843906852624;0.7184553933198786
0.30461981538597316;0.185388676338608;0.788038200298777
0.3145211338531656;0.9227795228729032;0.4186826719309169
0.016082261819667876;0.4394730978913428;0.56246008602654
0.3898021086491382;0.6534745797539528;0.5801513598792295
0.8434276663961947;0.29418688189968245;0.17667006043914113
0.7090747341083707;0.49353417251227194;0.12278437181980106
0.9092958143745686;0.049315230494421436;0.7251213345152387
0.8129296771053166;0.5778181002849172;0.11775672755997679
0.1143759127041738;0.5110228715848811;0.8408928993376382
0.18167343488057341;0.6974292328740039;0.993410750842796
0.2072880720685807;0.037535132295764884;0.8904827553219259
0.17481674638740252;0.39474707434243117;0.05672309270977938
0.2250070416321731;0.4163011900288286;0.2542959161914503
0.6158941542873774;0.05969335773777207;0.7904278129237802
0.8553110581071829;0.23016812668211728;0.9861300778342376
0.3955039886643903;0.7087368319883013;0.8541059568624725
0.513361245724702;0.625345370924295;0.29754518401656815
0.3205532493459282;0.7060668254941683;0.9982487731284975
0.5437049716877593;0.7674499377443534;0.6667737314461001
0.6047451508811215;0.14268755228537677;0.5140422328549198
0.07635234637457256;0.7450930944104087;0.5170486342044774
0.008968200650985358;0.22658305897527142;0.4051654133101791
0.7389904402025879;0.959943101191304;0.001481563399939323
0.9433385519014329;0.3755457087264561;0.5811801424243559
0.8598890240068205;0.6687927863229034;0.12193803710583562
0.9632647285344591;0.35941519964122315;0.037324602910621674
0.4842835323718018;0.7201219796612035;0.8523254031669666
0.9915950462405437;0.39496210067301474;0.8082167928194739
0.5056760786368882;0.23093267414503915;0.02508613718897712
0.6444788463680509;0.8707490234976908;0.4325390429211554
0.3737814687468285;0.5427480213820071;0.014942977966897808
0.1352740683721414;0.7392053491944774;0.7521885133822573
0.27195025749120616;0.8846611009867942;0.6451661923826805
0.5548760791830486;0.6792124006296636;0.6905296544435964
0.3619857644396658;0.828608752715817;0.42769988714768226
0.07293522501172778;0.016679040932562783;0.14535555072927864
0.523025305466178;0.4222867578740849;0.4476232780306565
0.9638071480025396;0.0842945925586891;0.9753043949143146
0.9278757169949507;0.5352840888789182;0.060444897226232364
0.456312566871662;0.5566879668686595;0.9562745179693392
0.46645841599451277;0.9389447140423323;0.6336336580218555
0.892329526327702;0.00886590156671807;0.45380043455382413
0.9244526392685863;0.43445501001154485;0.9889072219739536
0.46253428463244506;0.49375033744646324;0.6842583650618081
0.8285585372833818;0.5521265543412253;0.5187810858706389
0.7425462767138794;0.9858240513747755;0.24353554258287158
0.09022843732839925;0.39319874359104534;0.7165839264771884
0.9865575472137461;0.02989493007495081;0.8798511952839587
0.3561452691130389;0.7162099904251672;0.8732526864303463
0.849752265443075;0.6535946687896644;0.7968787794993838
0.05003214987596494;0.31112527723061156;0.5273684917329504
0.8529491445700056;0.928554811089964;0.05462525006828056
0.6047175064518687;0.010920713006310478;0.6722575050464059
0.3105080054495931;0.6296334767645011;0.09807358794617205
0.005782400924927766;0.8396698188706614;0.7112637625087656
0.6032681836280269;0.9998954707527035;0.17310901552369362
0.20882228793933189;0.29397115617846414;0.37035869281672973
0.35961233162601913;0.8423196280049916;0.3029196419238288
0.7842358117956337;0.545789442218025;0.46997662345792746
0.7693918231540465;0.05790425106426644;0.5710792718628379
0.09714139995362159;0.06587283986551007;0.6384361067447889
0.0770127479898185;0.02591761536738524;0.30033368543114003
0.7964680209108667;0.8163328073441193;0.3273756708569717
0.8950046858174002;0.05597055679489216;0.428376371572747
0.8531808566095082;0.4800272839641463;0.5022191176055774
0.7974380063045632;0.524200522706397;0.5764405005510622
0.7377992065940496;0.19342454254932162;0.8348034184171195
0.7131951880932519;0.18184137965963276;0.8821339005874759
0.6891326453400678;0.08658303448292082;0.5758240313238618
0.7969442590031779;0.7096841547184417;0.7398055934511609
0.8018074650549263;0.19843606105057665;0.10956818636549281
0.15937891454518527;0.26443857308702523;0.006034714352590509
0.17432816313067423;0.6922419035368661;0.7671751290637461
0.025808324299605334;0.9099982220894198;0.2826078150269866
0.3942820485152473;0.24895319459587795;0.8208851203469019
0.8545471666372546;0.3567950798453029;0.7798126141128796
0.9340790133714064;0.7791299546961775;0.4994665695001477
0.5771458957506478;0.868952347026186;0.8745519268246386
0.6863166687915409;0.9448054306398231;0.9064397227284012
0.053775025624879236;0.8334793783980454;0.7901942979803546
0.4037354063574857;0.540139344682655;0.43763151046768467
0.032348090126543716;0.30656197363063953;0.6063672479861729
0.39639484249306267;0.09476672012436249;0.2169341292378787
0.4202781021802108;0.6001773116716281;0.6482400596924881
0.4963326355079828;0.9149926392828647;0.5824845612742577
0.14041400132187698;0.6031936493217268;0.8560426378759699
0.1667019945407785;0.653565077245586;0.13528263070446156
0.9770118374698761;0.1100665274240199;0.4062279954798359
0.8180897805672662;0.3554937619203359;0.8202929936522823
0.361377328875485;0.18332997781415206;0.14515615489825973
0.4726512902246627;0.4632366250710742;0.503841154847705
0.7808632061949308;0.46664686262287247;0.8700422270723873
0.9739551102241786;0.7933937536491157;0.6648872070284053
0.4556655879900935;0.908022197947737;0.22186180106635522
0.24515917611922744;0.06003361264736162;0.985168247552926
0.33450047831314467;0.5668973919430979;0.8890507613005606
0.6660744285767938;0.8901805355947742;0.548547002071626
0.7573886414588681;0.5093032147077178;0.5448566525548182
0.3378556884463114;0.6446615594671835;0.49507311506132967
0.7640064274588149;0.014741048597819995;0.39420727719506377
0.39770855561801666;0.8114378877364842;0.20066972378858206
0.8245540557803743;0.430131200322008;0.5485321272724054
0.7345625538535189;0.7133208722102446;0.029867517880064143
0.1331757311341505;0.5597132988078706;0.22717788507477665
0.1250914557345636;0.11784814866548876;0.9231912615195076
0.1859626661193402;0.5917236495145376;0.8404693304384037
0.005612666921509191;0.19640076609994628;0.6442118375942585
0.20767699165291387;0.9361410726687529;0.40914675495780206
0.5576795829337423;0.0075810035770801365;0.6807003975733485
0.14089550731763978;0.46594302753626493;0.9816927926133128
0.38865610592111477;0.4305652607680256;0.3532758705240777
0.5676640502797469;0.034944991577935736;0.01338309269039184
0.7673406790188466;0.605350255549162;0.6438496241300865
0.013560114776234089;0.25047900688041447;0.3705840601639777
0.5352546102959331;0.2882074020988109;0.3381549088655015
0.5875441053876959;0.02638456056548688;0.8767050322374154
0.049720611420009275;0.11926265285922488;0.9592532514663336
0.2024613734767413;0.9278563837608083;0.32068262078687537
0.7875773482101861;0.47436671593314084;0.6481218495135672
0.44005922852576485;0.8739353129389474;0.6407364626056944
0.060943735872558635;0.47439368761365086;0.17680777720771468
0.41133836929672807;0.5378929988835708;0.09072881280847389
0.013300127259326278;0.9823353268124724;0.6620369542011519
0.3689511648991901;0.778171837801687;0.7619815809177297
0.1062575962454364;0.8813152118599374;0.8971463039629187
0.9579220144295338;0.4024690966125639;0.12482130682111803
0.8623490187198587;0.8225440005606734;0.9364470778075953
0.24191209559875426;0.8350715432217519;0.5578774452582989
0.874468668123754;0.26372516549584524;0.4986760799140868
0.3963393083198733;0.19021024695404765;0.5886514364399824
0.7953733516982862;0.23815354957814128;0.9750428703147532
0.6706603763145121;0.10052173075863324;0.09152416263955121
0.36090679655739233;0.38184013521275373;0.5195031529094657
0.44708526336442855;0.5799766751051476;0.6239798534429214
0.5543859318413699;0.03992697857309768;0.4920851597219803
0.8980717510488351;0.8316400414679038;0.3358509455575438
0.14159049743079932;0.07588701246759;0.4775235938974306
0.5059530518300752;0.5340451152425122;0.6349751299448545
0.7199705875126736;0.1661414087100237;0.998518121752105
0.6947527556703428;0.8981500928759547;0.02890730464894209
0.017725942827825802;0.34792137902048537;0.9416165328683063
0.5501946634248194;0.6339358505674262;0.9210552781239965
0.8468566619730399;0.5802121314122917;0.38089867470355443
0.6815318771490432;0.5318922787278655;0.4687975324313881
0.8515429036228954;0.4913948152928672;0.3772546078461718
0.9034696410498261;0.5870844973553858;0.7220480123521029
0.9440214883835774;0.11921050913367026;0.7076616233115373
0.18971994749354937;0.9670778760925643;0.7955989934080163
0.9961365805310114;0.9675130879244621;0.49532160459890184
0.7772615249604643;0.13571608523199874;0.6251463389408816
0.4526001609206164;0.023088604454269412;0.4457235090656094
0.9975942598335892;0.661186924134987;0.5249919486927533
0.25566053774925435;0.58895013516582;0.7968309651234234
0.7718614865018842;0.4728425067731299;0.365882584080541
0.06487091744623341;0.6797315895320938;0.24171865385754787
0.1179646048946853;0.8554820453560223;0.2295638852366222
0.09239733278874696;0.629412822693;0.5368867526084108
0.7262435191348445;0.4190496339920875;0.43266990119210313
0.10265146010768711;0.5161903189950984;0.9084031251339039
0.07340049997238496;0.801914852380659;0.4567940191093752
0.06296508336195561;0.11352559216001257;0.3576788393151491
0.7579001523438276;0.6274210342194834;0.6025097806883656
0.2707067525789054;0.5143910329887773;0.3591958144129995
0.17779453603440865;0.16161161711629934;0.6192711821387119
0.9336307433068692;0.5209034592731394;0.8316366292823176
0.6585024189044302;0.5559981554404706;0.3110934751751485
0.5237983500373194;0.05341434131779754;0.13234301601308573
0.6270404972647385;0.8869093333811718;0.40982576010504546
0.5957805023974062;0.2709082253194055;0.3004885685938793
0.11660512197066619;0.959942300384904;0.48959919214999326
0.5893506850847953;0.5511595593007063;0.15986585079703253
0.9147467352614101;0.054634773247450585;0.005110948970940332
0.7865598188955335;0.7220469230077476;0.05015408873264626
0.15453421184226024;0.10661573790844692;0.9092180897227791
0.29788400652309655;0.5615527611671912;0.7869565930217831
0.6323810152417058;0.6356118006709071;0.7876332532465224
0.9966335773155789;0.05247506689813919;0.3357896760677408
0.7710726124386328;0.05992570423300825;0.194668104232101
0.5403245693022424;0.9396478560655823;0.7933189823591473
0.6049749637894763;0.32130414795356554;0.014664094097530223
0.4555277590114458;0.7905802866586388;0.4476645591346684
0.537612320123342;0.05963784321067378;0.9888274930462007
0.3227452644483032;0.45562949296462707;0.7082213261001276
0.5689998594442262;0.20659068347798581;0.9359434925248051
0.04726899116790417;0.40792094171186233;0.068347989405249
0.5328420107760646;0.02550375483829237;0.18021717290947004
0.19996658393527422;0.9498144543158946;0.5879556932890115
0.45561932718542697;0.23712094268570338;0.12612066959714285
0.5974954566476012;0.5356898382298146;0.17482379574794604
0.3292481567609945;0.8165361005940157;0.686540808280123
0.6648031815083076;0.61784567928422;0.05280043868244977
0.5511221643719579;0.36455679239982597;0.34995234089041727
0.6805357553433226;0.32558188695325985;0.24502004245792852
0.9881609470137366;0.27079490278840834;0.6308945691271882
0.004182785619168183;0.37245218385259204;0.22719404742153937
0.14643811874723334;0.4783685817818275;0.830344908833203
0.9514319287523212;0.6948915521121283;0.7206302626841038
0.6420574634211448;0.1793345682809715;0.3005966380923768
0.780248293599517;0.3651313101060274;0.4751519408395015
0.4111090460280492;0.7325064892316243;0.8937432724690099
0.6291689332094638;0.7367257601387613;0.9468110319970527
0.8380126268804429;0.4750761791608674;0.5643101786636996
0.05146237426992839;0.4908567197989019;0.8848532615082138
0.35937258251629656;0.9760035683154923;0.4523547724511222
0.5581162018536161;0.19165225619304826;0.8428382737115588
0.5578249961170556;0.9946295904039502;0.2204362427576595
0.6197315834484329;0.6453822119188444;0.8076946291638721
0.6265846779283774;0.8584436527199264;0.1647730855383548
0.9560132465267879;0.8571025946829436;0.24967191400032251
0.1633820961933381;0.3678655555444599;0.44963059870905275
0.17239709418247984;0.6559049750041319;0.4612421936242814
0.04949171352771409;0.3435477902005364;0.7734229152907001
0.2375629285630465;0.48314571658647654;0.25192991027152956
0.3319023768216348;0.009841365659040258;0.9537168272158034
0.8727680333368634;0.4825233452388831;0.42094997722224836
0.8098643432852229;0.734674240661305;0.880103386848537
0.6047632489204894;0.03048808837468331;0.19272225905331397
0.830931802203465;0.18403487336129554;0.7332262757409588
0.8543543132915233;0.22468503731311784;0.9697972354234583
0.5339929009967374;0.06282860909429211;0.5126221533938943
0.367631956823147;0.6021577160867746;0.6889955960075869
0.10884102513165039;0.41306341776506716;0.5190561558891006
0.4930577656674284;0.5014464999354186;0.9241093150266738
0.12197401288772303;0.06029111691880007;0.9854336906897021
0.08970622227074343;0.4337017097050705;0.12575943818659463
0.06255962103475443;0.9908226035648721;0.2605830786083274
0.829146006066098;0.9812310960047704;0.5037638342512973
0.898571302834933;0.9838499398847678;0.0598074841850923
0.05724880869702742;0.11175408341192217;0.7563262998634208
0.8011398819727182;0.26134256703719094;0.060321019091141403
0.9114155815456888;0.7418590671615658;0.6861868533083882
0.7749513042177468;0.10414352465269217;0.2780708406343847
0.7941126748185788;0.512930978302777;0.2280015426373757
0.5126738058468739;0.9209497292478278;0.10098724321129648
0.8014401058931723;0.5692928787110437;0.2806535025898005
0.900017331309979;0.8716205976187993;0.26450504228883354
0.9259031887414592;0.7815001617415358;0.25976558293010277
0.6597085380719765;0.5760942105069574;0.48668355153500154
0.20768654667857;0.9547406825982299;0.9710360604183403
0.15559947052303524;0.669053000067535;0.32252794227592496
0.35935771120745674;0.19480792361720756;0.5404859641020494
0.4529525448556069;0.8970988294067223;0.8822515781047616
0.6201640744401271;0.27341557469616407;0.797691507627928
0.2584734898923772;0.48609960796968144;0.21136626830325567
0.5941568937463853;0.9311025022991957;0.13903920126980884
0.7495386353494865;0.11627951712526208;0.6515033104143507
0.3877965204592433;0.15880927676547807;0.16403726638409422
0.8999313238473418;0.9176035177393778;0.9097938837929843
0.49828757524553313;0.44817002615888646;0.720224169207034
0.20940344840303093;0.5278857081609025;0.14117965425344936
0.950808863691987;0.4693342900958255;0.6197746061232052
0.5544736097056532;0.7055887274112843;0.49954608204590734
0.1671313935548362;0.16068543227368914;0.20386579116579806
0.5784155656646631;0.6625393600609031;0.4615031668670073
0.8652785468820903;0.6060123912004555;0.5678394944685078
0.15347560355819378;0.1884025235658946;0.039655799038617934
0.3627618926838838;0.9771730657612882;0.22812812293658924
0.1968247764493023;0.29219784604127896;0.7990636981569579
0.6151381310343705;0.07039575847794644;0.4566988018095197
0.8348006539080685;0.7047022800946358;0.5786911203916995
0.5237238369431497;0.13938977765766503;0.6675612060820271
0.7974156076406058;0.2157767882263626;0.10225508370125702
0.5385435766087247;0.8841592218730272;0.08351682107015901
0.9952595750506714;0.5420337568339474;0.23796190618762114
0.7186107202648818;0.9475634822930921;0.24395592880181916
0.16287581121969608;0.15216072975754968;0.2013566746140132
0.7242700192123506;0.15760568683334508;0.9596822486555979
0.42956513379809935;0.9474035983264499;0.03749423359249804
0.7282392934754017;0.6302179816343833;0.49796875601321544
0.1763980206681921;0.007493866786164705;0.27581531927837566
0.9503921841397783;0.06574638308487768;0.8990254893131974
0.834583165071764;0.1382959298712051;0.8831300347265729
0.05783120722333801;0.48630997018021005;0.8052075182103378
0.5154074580601767;0.9448843599560022;0.073855088660712
0.19286622946893617;0.5440148647202024;0.3860147155457302
0.22606235759707838;0.5200039944350712;0.9794732547913345
0.0019898483151691293;0.9227291350527328;0.23874923740317744
0.380229419535427;0.6760721965800279;0.20057597613863076
0.7190983466152711;0.8188705968276965;0.699522075216417
0.02445463282026905;0.6230068750475672;0.2716248860471061
0.44938170571516445;0.11130763751777784;0.3654058011791096
0.35970358580800044;0.5595910346057864;0.6814895412935795
0.5085069476113624;0.06437469865124479;0.40713251925462624
0.8520901038417033;0.2064399199143192;0.5627278121147367
0.9967743969373077;0.2923721379633919;0.9286451769383359
0.005341228246429575;0.23878583808264864;0.005950184703684469
0.7364669864677024;0.8877949978320893;0.7176021399575188
0.8295013870359368;0.4456593356941282;0.6753319071962497
0.6962733276764348;0.21148799553966313;0.25958142394401074
0.8012005156126982;0.8015664509989266;0.9934798515186825
0.5116676990310499;0.3390933395968879;0.7800339696087416
0.16736981183692;0.9922520509190004;0.6642063941239629
0.9220900370080396;0.013634947769225247;0.7101509863439546
0.7401297516259712;0.9586004827552114;0.3242033588215113
0.861782572729472;0.3723829104709512;0.3168586154443037
0.5197785153591312;0.5049330718396045;0.33560114627294224
0.33765465336617506;0.4059419545412397;0.31849064193313725
0.878751660428466;0.8028554980174067;0.5272156680308097
0.18199597706110904;0.37195042939124145;0.7139114214020195
0.3354628158817059;0.2566761299185374;0.32102423177578776
0.2209236044598396;0.7298989226226529;0.2939555394758734
0.6208614010961029;0.20922405378434572;0.3112700734646151
0.8490942757279921;0.987213580888349;0.16628056290670978
0.6538544977552734;0.4305648287629632;0.7569016592459646
0.07016814131555649;0.8275973075930276;0.6767174471711558
0.9119544863815511;0.8891972986591581;0.9743683023868196
0.805142918411476;0.6775016176822061;0.6855210814557144
0.5862556050821556;0.20650492426141487;0.40050131221994767
0.21404322560062972;0.6051700292237358;0.012692514364813667
0.41978672478145573;0.19191592457426565;0.2531282128381901
0.6741472331605738;0.21379029317729248;0.4602793608908512
0.24762290779285456;0.23336838669640114;0.9183700299251306
0.9551385997402154;0.7874879352431028;0.5675078669756192
0.6952247471713422;0.5437666080188123;0.9802929337107958
0.7762749226528148;0.825679780347806;0.9744179210844287
0.6436157037005079;0.2726904027049941;0.8355855987896064
0.14242229551303098;0.7004928761046963;0.4711612098681761
0.6241727469175595;0.22494959550766713;0.6082610771954099
0.5575991179042575;0.7501806846183249;0.5720007035364273
0.2779745995259143;0.48889548708156594;0.9670406494969895
0.639270080992995;0.37092631867367754;0.3967518133290272
0.46023488691243863;0.29143047634475905;0.8689511513965509
0.8086430163876853;0.29234753016787973;0.337120723816027
0.9992259361778785;0.44493518611402094;0.4146097674615552
0.6118204522995067;0.12561209343170654;0.3769883306965671
0.727065509453375;0.472081162861535;0.342832692604805
0.7449521758311101;0.5176774818831702;0.6337555758517279
0.791282482173872;0.6535104300290597;0.11439934820230213
0.7249013262468872;0.26096870425103835;0.040866245987484895
0.28262812840988993;0.3950929068732426;0.13748168146361428
0.14474113817862266;0.24050550120547676;0.9692262838106181
0.1812665654473572;0.9063417770616107;0.1611292830254032
0.8994432121612537;0.8384202031302997;0.9544791699548415
0.027036758879280365;0.2975440591053238;0.44192039628787105
0.7404788944246623;0.7763326730085383;0.07184130361446184
0.30698662320938586;0.3193456996021714;0.18376435105511002
0.459584657294291;0.8621524042336314;0.9363081556071032
0.3661820221491233;0.7724068105374471;0.7803279288680232
0.6869389878117474;0.419622192710856;0.17577357133610116
0.40423846029638744;0.48096890969928763;0.5313161233582182
0.19733401819820673;0.9758728834710834;0.9530106526583036
0.38267650529079844;0.2164172852890528;0.7496991139780963
0.07039951995044169;0.4151650761181157;0.6308458689475616
0.7385343397575023;0.5683785067945731;0.8981727899985336
0.5509939688293961;0.857657019464529;0.9816867968913389
0.31231468033105536;0.31100374356145044;0.48119953446365615
0.026482647086212396;0.7248023629053544;0.21753692816767423
0.5318450349472711;0.46424769867815474;0.7785662669715208
0.662443430043545;0.35390612345602557;0.035762378209127754
0.6049848179938766;0.4641132394860945;0.10860584846703092
0.25429638192198845;0.055599053443624924;0.4093333169683375
0.631765991396529;0.04504688387369293;0.08940890348441566
0.4677024522643486;0.09932861618223476;0.4265410409760626
0.19794663126883838;0.7120639328136332;0.5601692337965424
0.055943131619823006;0.5349752827121909;0.1640765647141228
0.03533998053982401;0.20921620128084872;0.8255228545938493
0.611041560214788;0.6296016079092477;0.6069194840054749
0.8489536300482949;0.02438144731902081;0.7064661527494579
0.06587362033429256;0.5327548020110543;0.16825681424316463
0.3818524095975139;0.3543122678263845;0.8329036133922355
0.5924889751655825;0.03037004111685815;0.30863157934533925
0.8194110747264329;0.8646708202641127;0.86832431682379
0.259247258421203;0.4350350585946341;0.5072190876261163
0.9220313914091147;0.29287356287803246;0.7495568586030826
0.9282291532932893;0.37262308778866304;0.35413411548231233
0.13855343654869812;0.26799563808328497;0.21875418690301973
0.398671534591605;0.40338488593923827;0.3751026062864823
0.8452977654468339;0.8779867776473795;0.09836928804548772
0.3483174835724381;0.3863105403865008;0.2254295324476423
0.37769485858256413;0.9239283958914722;0.8413749928552116
0.9507841368695288;0.3250081850832258;0.05901589202995439
0.5827835348371145;0.7056572208782806;0.635317707779166
0.16648077056458743;0.2415027136900766;0.6401546531263381
0.34533910608181884;0.588233481782616;0.020118428102019026
0.9381516891571823;0.5765490776322184;0.9997429428243417
0.7309378061627338;0.39589510623401813;0.9388137747997994
0.05121994679869546;0.5268309563623241;0.6590906764184854
0.16424683970880083;0.3569246840699536;0.9660542070070388
0.9532010639042421;0.3095768421880556;0.8464315759634838
0.7580216070278551;0.2866025360340032;0.6464588925171706
0.3364810192983625;0.5361052570804821;0.016567360780235685
0.43907562113176857;0.8128204893604403;0.37495263863599537
0.13588659514396617;0.7077479216357936;0.00455609001052526
0.4028488238078489;0.5565327691923999;0.34863313786324557
0.3861544578634567;0.27176029414641023;0.8906688512142032
0.25446580015438036;0.9342652307704202;0.2583653138616566
0.48325510452890785;0.10167279151466102;0.9858803890709534
0.693371434184351;0.29777781125150715;0.4264568581788828
0.7484565366749149;0.9732081283295299;0.9098865455306921
0.6850555163369189;0.022281248433838274;0.97032526535225
0.7922444706088255;0.6356127666993191;0.5985644285667947
0.5469002850119781;0.045156573538499334;0.10359173574702252
0.8395720411122093;0.7691945499249646;0.908802678329836
0.954112747459068;0.09526307856726213;0.49905732222203414
0.9176981522122682;0.027927835767478704;0.15018970464383652
0.9344757372813989;0.04650887028882411;0.9974966013010075
0.1609677501845126;0.9577545796975472;0.7611460561479079
0.8844327622133987;0.6020975941702532;0.3374737571300771
0.5448296706079043;0.3179363592250629;0.4249291919779461
0.9482466727033577;0.8107059520622119;0.09094777645548258
0.17027023343023084;0.0644528835437671;0.4528668551240781
0.044368502953683886;0.806276254038408;0.0909703586945827
0.20287178691768204;0.7234125506691435;0.3191488707133009
0.042530788531540464;0.15929490631900767;0.7838819848773383
0.04316474517045199;0.7988441645941765;0.8905535540164701
0.6473367864672668;0.13414018750382006;0.5036239209011116
0.15191684367689073;0.20409274884559514;0.7798160375353387
0.7140677547477917;0.4787500994120327;0.8652631684887111
0.4432312100487015;0.11272612430772311;0.11619336370300726
0.3405405332388841;0.21409621711399573;0.04683446917500855
0.7363060169075121;0.738802672676469;0.043382060642204734
0.6550300106968805;0.06400399983293692;0.528466555430826
0.47184351476079456;0.742038526874621;0.8351936873116164
0.9028347454847119;0.44136853095635453;0.23525819459777142
0.5375827081993327;0.5679748203324598;0.5703682915651734
0.39187167115062094;0.9911303822430361;0.22903361853996695
0.7559678582382957;0.10682594000814849;0.8451076985885401
0.6476973746322838;0.7279076929752047;0.7216962263971798
0.17412706234892494;0.20384299986360987;0.5618595019406402
0.8666071869685777;0.5595084306589789;0.2953252057108914
0.14947292291708236;0.6719225769176329;0.7356353347990574
0.7091865170378198;0.7835880495063305;0.9507386485402292
0.19096749887587727;0.9375832470585885;0.7762602886767765
0.3557325213827335;0.1243854952209722;0.6683817379331287
0.20477477485482742;0.23717783034224937;0.28004860382789987
0.7431245393554805;0.11176151821719649;0.04541252210854452
0.5581392551418777;0.07139878541859201;0.8747154266254334
0.3231627867199628;0.04042948018646031;0.7000489218550768
0.4461527311400606;0.9387229462160428;0.07036451660182108
0.4422199053375242;0.775210656332597;0.4712542234977327
0.7119912918693712;0.4450071952571367;0.016020175466635145
0.6982731800045217;0.034607803035348716;0.5081917755293077
0.1725921535933218;0.91476749754273;0.587478206183085
0.8926898528444264;0.6144568653672315;0.32903927815903056
0.2815988826662541;0.5360552654865574;0.011595167335356371
0.1883593529147104;0.15087825812195998;0.05556675929450183
0.3384053458597218;0.23062286161683465;0.19734840825749211
0.935432618486283;0.10994642480545103;0.7632227213559325
0.2892286974766386;0.777530261647775;0.22334352909542377
0.5564793592952848;0.2104332804645821;0.7832490441352362
0.2227589756338999;0.8456987008375798;0.41277088729134026
0.39029443867600133;0.5498677104139755;0.48756871972640103
0.46800527615618015;0.02350412117912659;0.6673666236044997
0.2919712999155126;0.14936908562206586;0.9983185873606154
0.2779689446826772;0.9206992205718153;0.31503659805405015
0.683180840567383;0.5207800811965566;0.35229270059382856
0.18158460039687874;0.4398499033882243;0.0142974654256115
0.5863982460196387;0.3972066462885607;0.7614314418219637
0.5494821986300402;0.0024725008967467765;0.16924384877225984
0.36521679942519913;0.2827591063963517;0.1452484836974418
0.2811185451844054;0.2354426044335396;0.5211170999412932
0.8780369475555498;0.7298744224170374;0.17023466770023388
0.363638302271471;0.5722539074755341;0.9272212639984436
0.5151679807164481;0.6719436048867437;0.12451927913724214
0.7588756994247065;0.25346124671298864;0.11985677953769835
0.14920586144530112;0.18447408910794139;0.6705910106745782
0.5051603683993287;0.9644214592987208;0.20299650958964066
0.6656604844842735;0.25080703940426996;0.2621187674556439
0.9888213034650528;0.5045177295365245;0.10104361595130174
0.6532504025599939;0.31805981621940416;0.5545116101657317
0.8932511780851107;0.3354434436453212;0.632550192346429
0.6840177505409026;0.027327206393636505;0.5389523847684139
0.30288444766176614;0.617809474070529;0.11285310536472293
0.1439737323137089;0.43325646004162255;0.8790317563609077
0.17231414116835675;0.2559253539272961;0.3536295194439292
0.8652626178851625;0.30684679480809185;0.7120843400011369
0.23784945470286645;0.5750786496111963;0.19865129421172123
0.8970418808970059;0.4092541229334422;0.3926963628187212
0.5837435999854447;0.9969800147081963;0.43163732264302623
0.460975384010463;0.2872112799915506;0.3707088830784485
0.1331881316785759;0.3620349560169157;0.27954363506084645
0.015395216416704827;0.15214607493449328;0.6139136288748949
0.6734171984277538;0.7454877227466326;0.2861995641143329
0.1460364148929416;0.09488945335970123;0.20447372245608908
0.7822923555323588;0.6054594073674283;0.026757007876877514
0.7647344674318689;0.21014840487252429;0.5716952705719747
0.17517945744390506;0.10654708360445087;0.9064270958534152
0.4092748435420428;0.05459172729241235;0.21135401308180624
0.7352671009327705;0.1589598239356952;0.117340618349285
0.8400597744868336;0.8951342287880522;0.9943456720787722
0.3045463947603423;0.33982809578862994;0.6147480543709675
0.883361914733921;0.6103006729331606;0.9568138312342739
0.18172980995713006;0.971922053556643;0.7028910134074678
0.15890337148955624;0.7864838121095505;0.7462599490927673
0.23243256248481736;0.9670680310677464;0.8718251140112765
0.982082289826744;0.5833526815359357;0.8915465893913397
0.9836404462689035;0.1916763337949553;0.5602102495870919
0.5324743851975625;0.00993328931698878;0.021600089132422173
0.0419687745527193;0.5084094388358201;0.22837812487079256
0.6298580650131844;0.5561804137564236;0.6511221614945841
0.9445523381159044;0.9816338204564895;0.7024186122162812
0.5597716772143184;0.5591572918448412;0.27417833450435103
0.007893585267446435;0.7747164124959103;0.5275033690508164
0.5238599561111493;0.8683393343282497;0.5224188025855978
0.21989786309931136;0.9060845537150468;0.9390631760639919
0.25030048536143734;0.41331220492377596;0.6952639006099656
0.39650607031034346;0.7579417912706204;0.6939196484964827
0.01190316945774883;0.33395576026439;0.06987762799462538
0.828206020086523;0.7395004230202905;0.2247262509730672
0.693154495987111;0.9637985803707385;0.7257076758247245
0.9177498689591088;0.09999166114795743;0.4859092795401082
0.7228044147870109;0.0028588891727632237;0.6647888936690393
0.9970445839241521;0.09163013258807773;0.22668098569004913
0.586165175868835;0.7985008858408641;0.08201480535810945
0.2671189171038374;0.7249669685196557;0.9885677050604289
0.24382340340465591;0.4800673071773127;0.1902189899430825
0.4581824637196106;0.5942070003350934;0.8913517415438804
0.30152445728421673;0.1541750839457363;0.7809959211248453
0.14797139195286735;0.5359580260300041;0.44842921736753893
0.18198943562507452;0.14241777580255777;0.9560805210443122
0.12212509571194663;0.7318042880428673;0.8256983013133634
0.8400846469178938;0.6862861291126134;0.8991237068740052
0.045136838870574736;0.5253185859452106;0.12888522729950114
0.21641127202820065;0.4743642953492072;0.6187964337030887
0.45450955692968276;0.541815471330424;0.6977702177993953
0.9788878166181192;0.33889988140451455;0.30808376660637116
0.7933979361038197;0.11624142683458072;0.824213928968474
0.9104685964773788;0.5299716213369989;0.034798300395643356
0.036143815988875505;0.6720731073290569;0.3736533848715493
0.414379407575974;0.33427314969265964;0.7641092442822408
0.9438760306514737;0.1116782712528882;0.37857103207887866
0.2920218352635422;0.6570965988253361;0.2696227143809732
0.4097432303752633;0.06721478865037034;0.35435762233868684
0.6284391247385723;0.08562059587603388;0.17615226592330013
0.6433147903541445;0.571245428555146;0.1387939031005232
0.5703895549289609;0.9863015427619954;0.7001744187056164
0.6631875505204701;0.7565350016682315;0.41442461074855996
0.13030604215616093;0.8386369496938146;0.8415956127429854
0.5627656465175809;0.4427957554604678;0.7536925809919448
0.02141612319849928;0.39087085514372144;0.9939869886479499
0.5959696686235827;0.49426004907947996;0.21206372351689828
0.9248390374987477;0.6920116723892182;0.254670132061929
0.9184844380941163;0.9645373420614782;0.5360125227215475
0.7647377157388229;0.02716611098077304;0.24848340005597047
0.7386998516591208;0.7946312276091364;0.47909667032587455
0.043992110220983816;0.12246078622099033;0.8473067192683323
0.1286766130227317;0.7361392054663458;0.13580899171865835
0.441498669001006;0.4893878664352269;0.6943628289395072
0.18053101117422254;0.4276840968584008;0.24844242635934188
0.2996097866046842;0.688302772695209;0.35810054002949554
0.7721143653748687;0.028443593840586368;0.3333588698658836
0.568798528112021;0.4036668539009367;0.6697927370752844
0.9393268732640423;0.22383592846422828;0.6471208053968949
0.2872090034968855;0.3426839665622029;0.6000549310744362
0.7697106219199735;0.16666731806333457;0.5564325537269003
0.9051373416661921;0.4991974072010099;0.20237149510033914
0.6378387891306442;0.5364390728300741;0.04630952788034659
0.19014553295073056;0.543616302121801;0.572820184543388
0.06067294664936673;0.17999902044182436;0.2364415535559108
0.09948976114783792;0.1529462403371752;0.6957155323848997
0.9992353032504714;0.310825670786987;0.7073534731695164
0.9237630703463954;0.6290340608342616;0.14015396506899802
0.2334399894641438;0.21447455886403388;0.7295601490286555
0.9502358448293514;0.2230937655429185;0.2788768581939116
0.39496852831737483;0.5899370050382493;0.6682556647599998
0.8221806272883357;0.48684455910474433;0.03779423905070245
0.7665243237893244;0.14203165739426504;0.1486624748660128
0.5243320993371866;0.44032345267566375;0.154269511837407
0.8703466968149434;0.7706745836615522;0.8005577317168998
0.7362689896131722;0.8182951187418261;0.8984757296405234
0.20484214236034293;0.2820121050393676;0.19160340926936126
0.15399194557233964;0.2887841688928905;0.9594690461394386
0.6943328245546262;0.869054006637039;0.19208706764455663
0.11920492629261858;0.4691245891112469;0.956097880013599
0.6419056378776177;0.45755319589924237;0.970840071361577
0.8241787506659524;0.891381134979645;0.4517180283375801
0.4825134747442472;0.580734802454858;0.5806880719762002
0.8373743839973614;0.4757159050661479;0.3209953918230801
0.2965125598200209;0.8542964902109879;0.4067644163817008
0.4907651263062087;0.11732804857503065;0.2277128918742698
0.39359090221819093;0.1939521782247846;0.337085237893172
0.7861453116365634;0.14134686321113632;0.07889123272264309
0.7294384248898582;0.3481024527863368;0.6208298082380853
0.8318882251989649;0.3949548928102884;0.32895507776092237
0.7332478086633428;0.7710761257204181;0.11835795259223247
0.12492370962413146;0.13909457839005146;0.6039337275406094
0.39434576491815254;0.4648926357775085;0.6540119208260372
0.6712268182696028;0.28729180751504124;0.6216375709695949
0.5587127155836439;0.29896368241197424;0.919298363257623
0.9075456077833234;0.9970679863709562;0.3028584859865563
0.4504479590653441;0.5381866692702293;0.7993548500151573
0.44376358758496126;0.685087028157145;0.35519104599287343
0.8276789733651064;0.43574700069906636;0.29951545802903745
0.7612943210224549;0.7522404181706425;0.6285817810550643
0.09469866051900655;0.1503156396891775;0.14530578308437192
0.8463289858781686;0.8508053667872874;0.7622424565368928
0.9960712124818157;0.7072495009164214;0.2681633376271535
0.5689144130658423;0.3090934887028932;0.5224128671433076
0.11970885513008944;0.5242961124976424;0.6715328000564851
0.027129650834345487;0.937019852429325;0.017164607893240813
0.36785386326224434;0.44141067975419257;0.347409940092119
0.5370781687740004;0.2725266273415007;0.46621881832105927
0.24662334591282342;0.4066309124220929;0.6819044240999677
0.5986658659441361;0.7248148161884412;0.715400388744708
0.35028265152436167;0.32473896579329853;0.23738315215889105
0.972881946975594;0.27019286404496423;0.9279553897128531
0.5571791022099103;0.21123986226105285;0.845564108189564
0.24996999020412358;0.6216512112739591;0.4418833438580305
0.6465219623416696;0.24163110560214984;0.6357438127898271
0.2844755591277893;0.8104834388207954;0.020872979964404736
0.18719446946747142;0.24229737846092314;0.3983171024059454
0.23866975797901158;0.8243407019259484;0.7231292120652032
0.28891704763933923;0.8129254429822087;0.37952530982262744
0.9545436408251594;0.573305738446972;0.8088756516404507
0.8252736152743473;0.7664182000678242;0.5767809823163677
0.7659862253004609;0.057573756257415565;0.7351352488582623
0.4302842500129581;0.07600443222506303;0.06809192955693733
0.4857028404066246;0.3121616923180356;0.9365141750589289
0.18909670323046046;0.1937399945536873;0.6664723622521475
0.8432112892316367;0.060905057033023846;0.401292116177535
0.979256316304111;0.9361775471663629;0.34638676071865004
0.1769811955498748;0.19180589105905643;0.2572299971454721
0.8537761380330494;0.7370050005764721;0.6288535264505911
0.9975547314770534;0.48954385912273424;0.26933395594177
0.7999578026580322;0.24103829984857894;0.9269037327890574
0.42089281861484396;0.41076282860746693;0.6202414679477478
0.15798840576704853;0.8082278854880943;0.7818054892144154
0.419245717863853;0.6437046296295439;0.9842418946804143
0.38488777605212465;0.5933256519752432;0.8242866172352874
0.15081788981005084;0.2549316856088256;0.48343459310510306
0.4699732881407349;0.6304477507905245;0.26908756497833897
0.9872686057422635;0.1513271733012712;0.34612456262022284
0.18697099921477212;0.2126139778514633;0.4957391251312654
0.3327398311602938;0.5415189024810673;0.6656682328924018
0.5945920548828765;0.9426524908394863;0.6918538137405454
0.15037530110622233;0.06712804902628255;0.4472679436610658
0.30243369937802533;0.07857883857058157;0.2597719192479506
0.08076439451882977;0.025412807089503886;0.2897959879915868
0.2984752045112735;0.41250804552513776;0.5596533717231809
0.26759213268600524;0.5725172768248786;0.11305810752198742
0.7392889076532284;0.3034951824756984;0.9928655645406885
0.3412347852967257;0.2515242751544492;0.7258364379093478
0.12905541645958873;0.14365627242780032;0.12902953951942553
0.6287955328888482;0.7306760655115796;0.8317885244286627
0.3408551673185134;0.4846783771274198;0.857721925320513
0.627825467777362;0.15038244693992264;0.8125252542637569
0.11057979336744139;0.6935353903941908;0.8285241927516237
0.2758027237086953;0.24054562928182655;0.29426453027108135
0.531260220723185;0.06567347434930881;0.1452291881304678
0.3395930162145324;0.12566442253885934;0.2874411752268736
0.7572069057820987;0.5813187979109958;0.059457164787883765
0.09526767146272874;0.3291548338472503;0.18383018769583048
0.09106191964157229;0.9799654343134429;0.01919604795235441
0.3790995584069504;0.22065652402680858;0.522745727203605
0.7543018816553136;0.9414302648572004;0.7080316198345376
0.8813069880455158;0.01603452436609487;0.9211618199779879
0.9089840012266892;0.04606909409986293;0.1561617131431623
0.002387471861213575;0.16225782785304788;0.19481227154843006
0.4226689567815747;0.561438666720163;0.7191110178336477
0.47950912217912844;0.7368022304111367;0.007748727068819461
0.6200434707887337;0.6904928635183413;0.8975772125176144
0.2702165541189322;0.783784456456183;0.9088708256738417
0.22998514542315207;0.452791991988994;0.9898642270133945
0.1453059586495925;0.7781988679294392;0.717007266362963
0.6863040768607942;0.7288252546327804;0.9644151199534121
0.77331651662914;0.32837637132334896;0.9913449518785675
0.7567644303806573;0.0956658451421517;0.26055999420743925
0.2858787576739592;0.7111658437068235;0.29929726122579603
0.3903421668870166;0.23194413922769963;0.2301029728864592
0.6924441560282498;0.19668246583685522;0.7385487091958908
0.08053250897352349;0.7052330437695585;0.3269216680297019
0.5415035018545248;0.9507231282439901;0.47549177293197065
0.9645612034920589;0.6896940692332791;0.19172223090399887
0.9649049976157875;0.222065228295117;0.34881892052411934
0.6713384253227184;0.9959825794897423;0.9819253559392425
0.4150697338435041;0.3114418233263774;0.36420044694848863
0.7623963233969127;0.029743061466091736;0.05975761961718795
0.3607155028618211;0.9451216262549743;0.2573955414738005
0.9130244772850876;0.8542321279956572;0.9792880215372031
0.4181133963275877;0.5330429100710884;0.2636592135841972
0.9162724401404737;0.044979901831293856;0.5026301409186626
0.2509417279665985;0.8433326807202213;0.8558991336494731
0.48021807828158003;0.35279106660134674;0.10539521236160376
0.11338516448772074;0.10442842801639296;0.43079628815860915
0.02165303940281038;0.16406427575297622;0.16421281488019746
0.06730695984758639;0.9601092805543082;0.45355097819067636
0.708550903971236;0.8185863026277409;0.02048083040854376
0.5990259285794801;0.2077407005443741;0.9800604516305319
0.9210433372438386;0.9900887724557368;0.12695150057455684
0.6409400186296548;0.7569764521641741;0.7641356902988304
0.12102524774332912;0.1804290745832715;0.871559875955455
0.11372875880309052;0.7111940388471439;0.8231605988536413
0.17730073338900187;0.36472881092863485;0.2395274099170719
0.5221934337085455;0.4134470733360964;0.34593749818707187
0.7833238940845407;0.05472153090214338;0.9192235462660189
0.4038862722730697;0.8414481275568788;0.7920696024270495
0.048295747211547946;0.44080848459841404;0.6223072320388584
0.6958381495799164;0.9512704943172466;0.6461442198596404
0.3358660803700776;0.0862715384609466;0.3383331847420008
0.5966093578551028;0.4035553541770003;0.0036444838170964777
0.9175786549261566;0.7583766735474677;0.6016259732501131
0.9713622737175344;0.6539467466022246;0.4800428335908046
0.9887570622951517;0.46238926987278794;0.6730406770394982
0.4071045626619395;0.6728532825536347;0.7615488460675903
0.3463315202720191;0.9301049980525031;0.032842243380016733
0.2520880364519912;0.5163694015626208;0.818414592522688
0.7274781392238644;0.034707732460517726;0.0017105896051987646
0.3426335368493053;0.6114594166894104;0.3614923505431846
0.2277760541131021;0.09566484574656609;0.5951621312127894
0.050875247193123196;0.007632637816223142;0.30689398865301387
0.0701467780139099;0.940422557888872;0.3086024678026721
0.7465123119754412;0.020622089068817795;0.6722174672600341
0.29633643620541483;0.7043654846578616;0.6374511177859856
0.9303651371705263;0.7658813841302903;0.28162531452370343
0.3557999055740676;0.8553863036840735;0.21305318393159234
0.0007898186222866643;0.3320928727903173;0.6748244593223564
0.06687497031080625;0.15488008591855607;0.8232908274190537
0.2941251842634569;0.4806889443272081;0.23313064477941114
0.19552824334355434;0.6196345340998782;0.5147559348420262
0.2994979749888397;0.9212984711850103;0.5503912885451464
0.36376912325042754;0.3289471470815686;0.4181160776324062
0.3983655421339485;0.08414040775397957;0.7810542043758211
0.36545154945006064;0.7092103074604829;0.8735335829881739
0.6803313119635482;0.6312312699988215;0.20091747852985242
0.8135031714218507;0.6650689452111521;0.06100362308591678
0.6782974373809842;0.3369669332506219;0.25756755501798
0.4763124127994216;0.253278644718557;0.8244208016742215
0.1440078163160896;0.8804074439053841;0.9969499141442565
0.560614486032709;0.5888834308752611;0.6062277428132957
0.543155913729486;0.7778873045000864;0.7471608984579855
0.08949581660259487;0.11283960916534352;0.5211546070049705
0.013812425347582535;0.4084920552601454;0.932859334925895
0.9694718233632024;0.08124746083968437;0.8789864912138533
0.2963963049695857;0.5720622000925432;0.6160842550929995
0.8364875897512499;0.6426890331132064;0.8853180019251801
0.18499594439601275;0.5238811366500314;0.9621555238850015
0.2639758097441788;0.21211624463396106;0.59109347144068
0.40478261997456844;0.19410355684603264;0.6392833085161965
0.9004810317052416;0.7712204601605629;0.031164936996453063
0.29929651536269397;0.04483841548053591;0.6867174414391111
0.3442357020151946;0.604837723527558;0.760331580900543
0.21756569864248543;0.5320512636946563;0.5207375029503002
0.6900435204267275;0.17810810168931546;0.7171931544343949
0.07411596516112884;0.9389113839127174;0.2138488712486346
0.18574052171063948;0.0394245952208484;0.1861123231520081
0.5897217026813609;0.1314821846612808;0.4946374233332279
0.2217947578659828;0.22190525411207918;0.21731532361498052
0.5615748460593414;0.3678358780484231;0.858873765130469
0.9443114812657274;0.8316062150936103;0.12160735011416735
0.9443062305845519;0.9663014408541699;0.3298958350451445
0.9883507505509287;0.3656253235379935;0.27569831356604724
0.5796565419207039;0.33041160584999085;0.5922236725714761
0.7354503005313625;0.8375190410286837;0.045804214528616716
0.7285288636470935;0.9267503832334897;0.12972077683821792
0.35376949699531024;0.062120630543359034;0.874501375349216
0.14054950484185025;0.4233101487755476;0.49138920505001427
0.12716490269050207;0.31028514026408416;0.6942725936108938
0.07168897424190135;0.8287953924673489;0.1425140319512722
0.04426634471451818;0.5384034966218343;0.8881764557767929
0.014144157739135133;0.8486081229145431;0.7722864956218086
0.3200384123715617;0.9330680821488458;0.8004380469556487
0.3984614602910056;0.9578293391937523;0.7929225510777993
0.055710149980112256;0.5027316599986031;0.09532148144987185
0.8860371850205002;0.5908927994895753;0.217361631768628
0.08275240999859323;0.5514017080055703;0.4203354540771006
0.5551633885736528;0.1114021423060284;0.5216782964452594
0.49680789161490546;0.24715769943842492;0.017183091882891355
0.7353287554581233;0.4609686806423958;0.1882081106411959
0.6689015224897158;0.7349859537419997;0.862805350433108
0.2462077153931036;0.4330992381231695;0.2865172605858187
0.5378989997402334;0.16906463725627996;0.916031518787186
0.33480414972569705;0.12733299075357551;0.07120072779170361
0.23391120436555768;0.07686783307844891;0.5235441291218321
0.11104951758161341;0.6520857246346279;0.6158959933507944
0.47588297038891814;0.3007085884134131;0.604253655113735
0.6661739300472196;0.5760523209051134;0.32902267097895865
0.23758312916804114;0.8540416096236964;0.9439428332569345
0.6825547003914206;0.2483664686947491;0.44609334807351664
0.7887365844449676;0.05359211297242239;0.0858805688358576
0.3373045005371803;0.8464759793461992;0.9217243447612794
0.011907967732682656;0.569465715396343;0.2387552270595633
0.7439378913198047;0.8477461959500462;0.2558073915224238
0.7890544516625411;0.11124756293641658;0.6134020442084112
0.8587417414421693;0.4983773907324186;0.3298085449106277
0.7173657623331352;0.13285090112026876;0.008139955573142177
0.5511879079911648;0.03882846216085878;0.8463410101182254
0.6866697985884912;0.5161405586912039;0.9746785895354969
0.7333605926643946;0.8481579533767941;0.5977764083725221
0.25111029748427605;0.7333971442387336;0.2233389729806734
0.9409186434396899;0.7913469989525193;0.66857312890255
0.8356417848558125;0.030805313850472915;0.2954972042292099
0.34305030532709146;0.6942484666903252;0.6998220526911201
0.2593557255903616;0.4739408386302252;0.20896151688846332
0.35199391842400063;0.05874966756857436;0.9316660359409557
0.625108017531455;0.06974023837132914;0.0600134907926394
0.6876122385198009;0.14594165813207738;0.1854074315463763
0.9475201662587623;0.15000774964593144;0.8045972621624425
0.9490502636478686;0.9142551813048572;0.8819220933155493
0.5113939228619122;0.41889071129355615;0.5979155942791525
0.8674757958675123;0.09095579190208114;0.3039779010044634
0.016832133003714667;0.0011354783491320797;0.721790241945041
0.6388915753929985;0.8696594203339643;0.2471325185677824
0.7254478099632664;0.41526299575686176;0.9703067006734681
0.7534548712093695;0.00842242285023509;0.8960006345283336
0.9481512498345482;0.2924196479201655;0.900334977299286
0.7749085036740979;0.955362070322461;0.7850652104131094
0.8251326419712236;0.22484873755293489;0.1672829719988217
0.8894840226434744;0.9012512799745277;0.3793269434058809
0.4658108802161395;0.4025426619236211;0.42504184918704335
0.292012225633705;0.5682549330101894;0.9771765490779591
0.5228990232638612;0.49864277657854006;0.9241573830457257
0.4148436995738173;0.9418799623909719;0.6139568193295406
0.3385215397787512;0.08555315077907133;0.27117872657442144
0.9543876391788987;0.10944680925625516;0.6634748993693578
0.5451514228798938;0.912802671021589;0.7015472198260002
0.9673517067103286;0.2104534180576706;0.6148478846914631
0.7542271093973051;0.4599095178265521;0.9758048716866821
0.500114134936885;0.08363519873562109;0.8288705313661727
0.8117038844238641;0.006520228694919306;0.1914611816897207
0.23743673309834668;0.3853977766111545;0.3754413796406677
0.5442768155751486;0.4846681620508325;0.09242801436778181
0.9380949270166247;0.9312092351267204;0.4367035312308343
0.4084149166518757;0.5787648275796423;0.2208493216076881
0.38503075126768527;0.10601729924371583;0.9349613222115768
0.2323535422270696;0.3508026252090919;0.6204264532390545
0.8158744682605215;0.4615457260038345;0.825374353457153
0.8063944799472589;0.45917515040056023;0.20665130216422323
0.5765781896271702;0.6987595011821142;0.12696715535793146
0.2983857685345984;0.37496403576370196;0.47828737780982244
0.07020795537970448;0.0607087144921592;0.8936128923284273
0.14229512931780985;0.09160639171439855;0.5427799128540166
0.20162435407922952;0.3687590852785011;0.5905091110806083
0.5837026730625176;0.2250155236538669;0.39622980578754974
0.5780765294280711;0.40678128624857557;0.7802214677575096
0.26516270020770316;0.7828153188691045;0.9670278383082017
0.6878221549765771;0.9993141496105608;0.2572071060832548
0.2637579396434452;0.6552294510358161;0.36934351838358526
0.1807668265665976;0.5504628140127963;0.9194246980189852
0.622902348823266;0.6902224677882554;0.6116849377532199
0.6384773272342283;0.5627063706330985;0.9446935596265993
0.40996384813050246;0.36983753050102963;0.568900823291941
0.6817742722439777;0.07171767281495978;0.4602280314589603
0.24019043024169617;0.8836995414927511;0.7472608966571024
0.4571542703377698;0.7373317325029815;0.5133959670823584
0.4977848617416477;0.4525826309661404;0.8432145020976356
0.7381616790861535;0.03199210499214389;0.5000817678548567
0.941928716327601;0.2512883836712898;0.8978601199691427
0.4805907362267162;0.7573097788565443;0.08171610328753975
0.9250834172815878;0.25769608979381353;0.5277646427706909
0.1052401949092523;0.25413102632907014;0.4274521466465365
0.38454487357778366;0.0779033562834377;0.33995888405587404
0.12568963047153714;0.9116362398384422;0.959106608395102
0.8935717927169269;0.4125159506712458;0.6268384458769365
0.6753093109995735;0.43022249120911427;0.08720347928454342
0.9431376966030528;0.09476542736058158;0.9584157280597256
0.1602021182016644;0.5522167589725366;0.14750418144141808
0.6401443402916763;0.003252663708828263;0.18199398617016826
0.693008787152195;0.8491226995976214;0.10379458457697954
0.8509845177062912;0.9136930684076485;0.9531852381518473
0.6644877507127681;0.06059308910160277;0.7220713476170587
0.17926971475172326;0.6706431629845547;0.5639585707686051
0.7203632065088724;0.2452175900666741;0.31280303338212523
0.6274286631803759;0.0908673233261279;0.6750160297858726
0.8245365843979872;0.23568223234895835;0.5175618526623621
0.8470455914596169;0.49443398921477577;0.34337599714950207
0.9248324665386489;0.2525399424350214;0.6153418064192538
0.42749946113423065;0.24788380147071365;0.4048369649581278
0.9005209519569464;0.09563957636186116;0.5011538394664852
0.2950357158614565;0.508411957364037;0.7543956917724407
0.7246867167091751;0.3065786876266252;0.8938804095422386
0.6959927120880255;0.6296426345251305;0.41625771067974815
0.4209237190953269;0.5280845499933631;0.5011907563179625
0.394942700841035;0.048066318229346816;0.5543576704920782
0.2752971053777049;0.5090943236371392;0.5214989352618914
0.6480936271381564;0.524467238080685;0.542925810950966
0.7729252100183214;0.5004996174991685;0.6036675062625522
0.0538187332272515;0.8405263805385221;0.6784434568403815
0.6218424536509872;0.9881646741790158;0.26673423705681565
0.9660006045811051;0.26413179258421327;0.530876322047867
0.11972504415517582;0.15273687513345913;0.052660959132921015
0.09772453931950431;0.9648841651212128;0.5047290608982935
0.9789027347334855;0.8263452451019115;0.3486125820973489
0.8480944420884715;0.8320035556110533;0.2938920241739985
0.25913195368116315;0.47223699625787474;0.9121708861489543
0.8199644353301879;0.5188588506952009;0.920098432582349
0.5554721201155295;0.3127775086397119;0.6677933343621417
0.7177660185088001;0.5595957868965602;0.5804074991180262
0.9282706422468089;0.9103294311517363;0.9603441239843846
0.014777709785999127;0.16697613988406912;0.8177076159302885
0.564371698833063;0.4857603518558412;0.8296454000232871
0.3195899717617716;0.15380037005096703;0.4798660575377601
0.014678144885780675;0.6510019652509176;0.9736332922785038
0.2105364817774218;0.03737286049384292;0.91204355741145
0.7188925703521064;0.40490030403275856;0.8233663674938458
0.5054982038405652;0.21258253650852776;0.31913177592545916
0.09314609984550726;0.7993056355227126;0.05960877933320052
0.676835102908358;0.6750418581203774;0.5421043860085165
0.28670676599867373;0.028603930379035636;0.44334449404232656
0.9127744081878227;0.4933645756488936;0.6856479358159028
0.4758619621137793;0.47845739246279706;0.6851626056620308
0.7326196578129759;0.7892362067112004;0.6836048954568328
0.30736156393481506;0.8164850471213801;0.26072490638757906
0.7347937370756671;0.3353044194677285;0.5844987351217531
0.25259832572628393;0.565438870328672;0.5789176026261538
0.865271450704703;0.3293106309207463;0.7755934523531708
0.15289710026264758;0.6936795154151185;0.6111048153863966
0.09395453252332309;0.014247197761548258;0.5276010000272389
0.7784923344234782;0.767238119278905;0.18708717936798125
0.10393012458485029;0.5084672241381863;0.21050980617637816
0.5477788144473676;0.46835294971503916;0.7227329916262404
0.5432903703777485;0.28869036815239846;0.991047521032123
0.3571280741937318;0.09725861083153153;0.7116297595046239
0.13295361151232332;0.22713955246006368;0.06863149397018065
0.6012355821779629;0.018245047407854265;0.23733818937004603
0.20889634550157155;0.5176538542976795;0.26948223277820504
0.7963485024687886;0.11546984118511838;0.20065410507536197
0.20887370649078474;0.44100875980589105;0.5779158072863321
0.46678664089463007;0.4399015407975706;0.12336915104124069
0.6548276650105942;0.8721473024548743;0.2684103310994931
0.5854078060480258;0.4746178122810639;0.46038314249252243
0.9852228042387373;0.2869258025407132;0.32751893596106507
0.17181901037680458;0.21391305897433077;0.2333594646931797
0.4869010358823699;0.3789936002659714;0.2524238973769354
0.4722555309881695;0.5843723594896971;0.4009290974997951
0.5743356713826037;0.8639840049813184;0.8951462723281404
0.9505735968604951;0.08322984115489696;0.6186331267644092
0.7639635539201864;0.7312657472949072;0.9695696099474945
0.04247725991744855;0.8513342928713632;0.00015298501259219943
0.9599867261621194;0.8956039351751127;0.7855650482809295
0.4234742853557878;0.5461045589563263;0.007264644686969857
0.9286318703381434;0.3943702315147187;0.6669081454068382
0.1536352965934883;0.039551146626282896;0.04589739525607994
0.08403106837460828;0.8562878667311324;0.8865795467270544
0.17499537074866156;0.2908094172517134;0.9322382056827856
0.9839119442732175;0.9217715694057054;0.10116753975976689
0.27367935670478916;0.15552576752308322;0.40215099352853234
0.9721727384059455;0.04252404094290707;0.34120569171607706
0.9259838299233201;0.8479272650843243;0.3401732286803655
0.010827958785447844;0.24827918819558736;0.9383487516170708
0.9377921755464791;0.7219704951666837;0.6395603451739882
0.3883943319564862;0.30979376176944484;0.9627299347734717
0.25933548929741757;0.11781469630279917;0.05313578726508639
0.9790174256794475;0.6980296078497129;0.11442732546524415
0.7066061776191442;0.4088610118922925;0.2732702244143158
0.8561409257867768;0.8064747633582312;0.6905664001405414
0.5637882291218033;0.7070671129806413;0.12530627895775692
0.13602964475321078;0.6049988473362042;0.3076902117993634
0.44470239097026387;0.33816680295175583;0.03430222203281841
0.2585514135012398;0.16527677191265933;0.9280505052931328
0.7698849968898822;0.7284721075132271;0.27475976112241074
0.21078497346214775;0.009662117747433197;0.4170082718882864
0.38572017645238144;0.267092233371619;0.6732064683101812
0.7239320478483762;0.4724197954048094;0.6161667643707135
0.3933608707369963;0.30725174103660147;0.3474045307116804
0.12431806511153021;0.04689465861887232;0.529638330728621
0.28910965620284845;0.6441171211594476;0.06246105806904734
0.252507836077151;0.8996814836364474;0.20012558806543057
0.6699887946048365;0.20817554596046373;0.7379813095077369
0.1288711068104169;0.5453863526032735;0.3310154342188464
0.9102099407573215;0.426965607564601;0.9313880636565133
0.1970854259202237;0.656428878020375;0.9647371822231935
0.654318842659824;0.6951312827010598;0.997733885746223
0.3993390563151229;0.5062723756750587;0.9750702492580191
0.6844903751523135;0.9836679086856028;0.39095054742086965
0.5588834977608883;0.08224156900697732;0.34962091698462405
0.5124144187311478;0.12181709539152397;0.6696594365508846
0.34016903236549245;0.2946733515121851;0.9560728348861219
0.18252173703495211;0.4337977339154988;0.12060129727684477
0.4643131634427571;0.259890101107104;0.959566514962008
0.20547645475389098;0.9345186117400149;0.4038919452704298
0.238663114621269;0.6070715251776599;0.4493276995172373
0.5350246504908712;0.12511208069620372;0.34073888792664364
0.21566150162845288;0.38830541127279894;0.2109187053777295
0.19666106895633273;0.6913993333574509;0.2958570979499242
0.4193931465398276;0.8230404623950799;0.6482287357647946
0.5440567805112464;0.7375794946448095;0.3316536871287298
0.19101850066329784;0.01166884665950485;0.02983698807601587
0.5717172257947489;0.5949314094121058;0.7331734282091702
0.660953931360543;0.8544988984230392;0.24412913379180667
0.06721207590481804;0.40575045724273373;0.5005237931904072
0.1490214862452489;0.5284683799195101;0.5640083099447897
0.1575671994169754;0.7322170464555511;0.07527067674362109
0.46845205502425;0.3759181107167976;0.4504529843334313
0.5294608491436386;0.6013023918993876;0.6877557117972636
0.38152462150106825;0.8183151213952429;0.9952447084588699
0.7267412165416199;0.3321950507462721;0.19255453411305967
0.2822576343457288;0.2515811952228646;0.17201394890107113
0.17937863736400328;0.1253113973338953;0.47205567687584304
0.2748069132180684;0.1750734965713997;0.7760113585210331
0.5363948464473041;0.44423812205577906;0.8083076579926292
0.9682894832912191;0.9181753359280402;0.8381066776633901
0.07679837391298927;0.5651877563935042;0.2898629526584615
0.10566362024792952;0.38275399978377567;0.14244724935134245
0.45190851045927305;0.20523745075454414;0.732078032687287
0.637644562958651;0.16793801632217653;0.3955959216304268
0.6837971933285157;0.48154209489753297;0.17704852708835916
0.15627358115704382;0.8370112070363058;0.5198897359044305
0.03152673981693099;0.5621589540953555;0.46924038118310774
0.12716712350757853;0.7315949948590857;0.868885236896612
0.9154273494776237;0.1655950788573083;0.4276098243417191
0.3118126302222184;0.3048519964077372;0.9347663281707447
0.3219495461928098;0.5082941245760709;0.3307476720711304
0.17998215356917702;0.15196686639498025;0.5721727052270358
0.15023741726704087;0.6091271570999758;0.028803901698086
0.8260029618711392;0.08252238088333608;0.7774857181610467
0.229768728596077;0.47976961733514034;0.29716292952283374
0.40671431479803144;0.6855175411677652;0.661794937555423
0.009143730653841886;0.9803285752830647;0.5326985274620795
0.3423094022545925;0.3505406629633475;0.772672001175771
0.6162106786996973;0.409973873591885;0.8911796469662486
0.9627497309469272;0.23382734576800968;0.3718349308718919
0.21512095509688955;0.2347795130585537;0.39523634125167406
0.34173262565781815;0.1553427497020904;0.5312389210604176
0.8063840092375408;0.9457537939919877;0.6093231504981429
0.9528345235963044;0.5015299057598068;0.7929140970013189
0.8746224415363427;0.4685039628549774;0.36293450340864186
0.01719518434652345;0.3631465489234258;0.9784567630336833
0.536215095508089;0.12084678294980133;0.9697382622545675
0.13934922671846772;0.8104526262327015;0.7319585200716379
0.8346315190135083;0.413208757790651;0.796596627337749
0.7032753876470289;0.3203449295721241;0.732872467081119
0.744452436670806;0.4454707194460289;0.16177535947359833
0.03172711908967263;0.11459651792070258;0.7988230571055478
0.8234467909506202;0.3745866330595531;0.8918619982453201
0.04138550798763907;0.6449380730100095;0.9613339344955585
0.3559014579059435;0.7832983033408595;0.5963711263181816
0.025344628439946892;0.6834030315305677;0.016127096157596332
0.39039535390328395;0.6638131839360447;0.5598851641515828
0.7044813322071442;0.09703712263588127;0.648679368748129
0.6900796965261785;0.01486942102870692;0.5824095949382178
0.4967180767491366;0.880444016408854;0.8011081097505852
0.4401703521942262;0.9628397277206742;0.8556414360670891
0.15624529750419425;0.24761908041243708;0.22957348979932568
0.1321683770064852;0.8550448872290295;0.32368179798401764
0.9209641133287106;0.4128479412595033;0.41425131568646734
0.5414253779040962;0.6565145489608961;0.5242929408366658
0.11921643457831244;0.5078980985023046;0.4743666261993642
0.5023594248961597;0.5483178020996775;0.03651598572271564
0.22516357438592938;0.6290791355229062;0.5126600053275309
0.22880067802648008;0.23401834201488014;0.8740120558866907
0.4061339770127853;0.9670214500094331;0.3204923722758849
0.07180938681883997;0.12132674349410133;0.7272111117301086
0.2748457562021691;0.5901471898499603;0.575619378866228
0.7221672154923523;0.3956636805209863;0.44625996575789173
0.980488208620975;0.9066922357944467;0.9818361439921215
0.11460086583840545;0.9136665136892651;0.3035112280517507
0.7943040306551608;0.9610029493712251;0.8870298153058901
0.043349605657799106;0.15672497858723067;0.9635007039708539
0.08955799482175031;0.9045936786147071;0.8573750005614088
0.9776079757184222;0.11345875535617811;0.037712763883447464
0.27252949508694246;0.04374960286189988;0.8956455762462281
0.9263973272001118;0.9404412827973535;0.9398691151495597
0.8572517123542793;0.609755982910553;0.6918994360480076
0.2824011338774447;0.597032150799007;0.20158704374261682
0.6842215917708675;0.7345787040845576;0.5180910525954457
0.9160747883966827;0.6238527226879695;0.03778867722491386
0.4941224865051079;0.6713291887808309;0.5874887004437767
0.9415054106585297;0.7127791872928758;0.3998536625251444
0.527329706641734;0.19770509014823134;0.5634672057996702
0.35286611646958344;0.23192568830905558;0.5106985780185531
0.2253578504495909;0.6362736740799155;0.26033123658331847
0.7965143109873885;0.16792503067915576;0.9135016560760242
0.22800861477443457;0.8479473352865045;0.8730390951255275
0.380759107075918;0.7949744652157942;0.5284133110627584
0.7341905430101884;0.11200516978690866;0.5937073413799483
0.7417065291354066;0.327628598975788;0.060385027874141906
0.39806888450735933;0.10999912514957;0.9602984905816401
0.3188071709917726;0.26559192079553784;0.6299713027296574
0.6553879940667326;0.5915598809460361;0.062292581779356704
0.805209320729538;0.8600887896096099;0.974050721445585
0.0733402345953057;0.8202110044709752;0.5234106939287451
0.3621541358902499;0.06664265666602653;0.2383079508675413
0.020498997540082886;0.6022672155712445;0.3295440760919778
0.37415425272585223;0.25190221180502603;0.09523266921292928
0.5133712499394999;0.5220126404796177;0.6007360312482881
0.9409140778448294;0.41744132658635047;0.7750185845814562
0.6574698330975821;0.4423277089320319;0.669058735658634
0.7527079286013568;0.6926511191641302;0.254374371127567
0.5731038478525476;0.23712412959164308;0.27344212846176696
0.6507749876517326;0.678448019438741;0.24752763745119222
0.7564168887485572;0.6760524047444342;0.4857086190849601
0.1580993119312698;0.09713731936500347;0.5233802988721824
0.0065799599162653655;0.7674621497960628;0.8034417479520175
0.32874351923834133;0.6125495222898504;0.703142873565122
0.577645660565763;0.33290740290459264;0.9173011034221245
0.633104860594691;0.11792907791160323;0.2628218479496496
0.554961446964605;0.1003668387947918;0.31071378196339117
0.7634972866970938;0.013842503031442854;0.4525228504521024
0.28292295356128794;0.04453055525072536;0.3650897251994507
0.5872026419383207;0.6736096197312607;0.3070676064254877
0.07969567826795942;0.750150273514363;0.11871324318213727
0.0007973380065608993;0.046838653633894056;0.5520954073998106
0.6619219585611057;0.6957483788543511;0.2858508382905366
0.8343838885394698;0.10347142950850496;0.32507359199370167
0.028436037215715082;0.058634559325232316;0.38169989920526304
0.1387371300274074;0.06557458742449174;0.20224639283378254
0.6187999380963254;0.4546614761933826;0.8863381929048133
0.6497882513030677;0.7926000307185219;0.5443617134955389
0.8633962879418063;0.03957655577669006;0.718396636512579
0.17723783865388276;0.3258349164297706;0.24480628298195561
0.8467352816335476;0.331270427172227;0.19907099780806925
0.19407646429681413;0.9456952741902918;0.8652549451852282
0.15727276176153704;0.37505770534703864;0.7522369312850761
0.8256248957211044;0.9860997173440277;0.43194341688451676
0.3586170812008447;0.8345871444856553;0.7893174628291604
0.39117857385245813;0.024145833600279998;0.29245541264991615
0.4388943580270659;0.3637879810442165;0.8649474823578439
0.3937887268909215;0.7670927424309553;0.8572076271351643
0.9780634119690137;0.041457347410954415;0.8309128009279559
0.7975415769899794;0.21810025709504766;0.34448455337542994
0.7057706093935154;0.6341864943056303;0.3876979396233262
0.14769746797117356;0.263584502703039;0.1577600692067902
0.4030540523069821;0.6765693650160992;0.9683744594886575
0.7881926182727418;0.2488570762705401;0.689905434196
0.6571903873425283;0.16624015471433462;0.13137399405118366
0.619329967472322;0.9816890935279231;0.3540135639222578
0.05792574843952791;0.6389207872956064;0.6781943443545715
0.745423118535105;0.1620624851901088;0.7837472486978863
0.38024502557667716;0.7903762149096408;0.9081955514413191
0.5259194684112645;0.6505645466656577;0.9389958363155201
0.8348739414301045;0.2119687514130496;0.8847834443232387
0.799994581969217;0.060126639453942476;0.5348820573584974
0.6815139062797368;0.07030746323685833;0.3479561442005663
0.9183590233195085;0.07470053979569147;0.37982497219946976
0.5985185304261165;0.4644100017523699;0.9576996261468232
0.7202126461703411;0.6994927953042556;0.872744969626845
0.06596736327615993;0.2372796151265919;0.7171892767266312
0.33675904146328717;0.7589741474858224;0.6444152800753915
0.556957568381481;0.08324642020204509;0.13397892329518912
0.5878385587283648;0.8833888731882752;0.5979322314405616
0.9935448783850019;0.9291937241907615;0.16155066096688198
0.7008095790365236;0.40043822518839145;0.2463630655501159
0.03544657185080646;0.37160674037442476;0.9137655343164149
0.9215549273676313;0.4840197246021557;0.07942173841464428
0.13889067182543635;0.6944700701439455;0.8950536402147399
0.13281879324575474;0.5820190962444615;0.06344584604078551
0.4147473165619264;0.3647445587832153;0.7509949030957317
0.9678222806722034;0.9828704471029029;0.27913094674774863
0.40324621032317964;0.43703255601360724;0.9885973191862066
0.12639687551105816;0.9887376231725216;0.5550536069479923
0.42055389668723775;0.27011008153010807;0.44207919595115663
0.8442993872736254;0.14638004752717604;0.05718910583491332
0.39907720329302965;0.8430300604813822;0.3102642926288586
0.05356958004542001;0.8702370683596299;0.26804312430246313
0.8546388956851376;0.4591846860647085;0.6585683031221292
0.9378424546797474;0.9926316037987397;0.8485479094908734
0.9601947773954025;0.6629530090543417;0.5203669946769119
0.05187518011999981;0.955682715065745;0.45369760526260994
0.24714653428736455;0.7474581318089807;0.38513428789068493
0.5742163689957877;0.6807266721258076;0.8507908456687663
0.5823569355860855;0.019889385102867307;0.5610003153923094
0.3862248064123468;0.6063401179001737;0.21945660504004272
0.7442245818401495;0.7869385286285896;0.6555466384938884
0.3174315982292393;0.6509938411776243;0.6669059994498381
0.043855785344032894;0.9321078399427385;0.9808263445966844
0.3886289395531447;0.3883573621979448;0.7831040956730648
0.9269865828468162;0.4098894256073601;0.13353665024405836
0.7823760017242197;0.08244361594756433;0.6582529781684523
0.050362457491694324;0.6057479371711709;0.32852898858739055
0.31712291130895653;0.022901353512645772;0.3614215352833735
0.9064961516573103;0.7407060587081307;0.11111165566852843
0.04927831999174692;0.19310629598048712;0.005512794412697253
0.07083014625649087;0.8430529333601295;0.5318202028431536
0.7985446887418219;0.6036486308026099;0.39546786188961847
0.09609844229133702;0.7438583181328032;0.3227557395399653
0.2814279734437215;0.581409982337136;0.5514975264093106
0.08155778576266581;0.11098677374058596;0.7595105107219047
0.13940638477966805;0.3048703963899374;0.5662441582430424
0.27556016889638624;0.33957417100729537;0.23480006929424124
0.4151616031056349;0.33305444835917264;0.09970156920417184
0.6967163200398396;0.9275577644903347;0.06736984088689613
0.3772320590309234;0.3944424136059409;0.40613400880268813
0.990144783738518;0.42408756962418337;0.08335230233524515
0.07409223782720908;0.7339846841498222;0.725262907198843
0.46566442336869207;0.8609925922558632;0.958411461058243
0.691318714229151;0.9347117411156328;0.24008562912571574
0.6146128203040743;0.8500805245761579;0.04940986975448958
0.3123523780926736;0.7923060823491069;0.34608997733873315
0.024926878537398833;0.5320490245178667;0.670485579331983
0.5421120531674506;0.16144793275688207;0.39259561971872237
0.47811922593045164;0.18409270321853222;0.39349088671069554
0.5149567184493821;0.9860905251990312;0.5970847387174366
0.6253772085472539;0.48611506352845346;0.7618598787684489
0.8813005891643125;0.37718980274703895;0.07326130082363713
0.35574386760942267;0.7558088294473235;0.8712293111019453
0.4370381716381547;0.6183246010295704;0.5585972473726183
0.8406572598447623;0.07953938666253424;0.7966771798491439
0.6780767918105813;0.4172239294973683;0.187855155213571
0.07035257633945391;0.1262206179427947;0.39718776961226787
0.1278571479949292;0.8938225106353769;0.005703606550016893
0.6195274980932223;0.8555026452817229;0.5912945693014954
0.04497515511912287;0.3689087523649267;0.36889006023030635
0.9785477714164328;0.34975526998732565;0.9666432582569563
0.760813268080574;0.24057181146262507;0.04112589380898224
0.2220843132965027;0.09626331092723517;0.43418766174847057
0.03581313881066628;0.8935082304686072;0.45497676765329753
0.9776840915994749;0.059329016677207025;0.23260117865302732
0.9024944689343423;0.6061939006712301;0.3958696904960548
0.2894102661633746;0.6790027103666179;0.77064989669082
0.5682550700097948;0.8422177872678447;0.09340715607919736
0.3663038363641854;0.8870321707851501;0.3004553855758879
0.06852797879607864;0.8770020401757653;0.5691820816620589
0.0562666716498732;0.0947098634761363;0.9358207430520734
0.25127859198593494;0.7520177932553721;0.9495761992533168
0.07241705640459672;0.6667715362249529;0.6086048953135016
0.18817202874458527;0.33862553287268515;0.8855162012957751
0.012538544552582298;0.515641733884512;0.8128373748279798
0.9069096098500601;0.7945244185998144;0.30760927690677786
0.028758233438680447;0.6043504079749462;0.06109484126665099
0.35420022206128277;0.6022440612085584;0.6516417425233321
0.6652727326416273;0.7347540712173001;0.795114600445757
0.1946022492230567;0.5253858436977406;0.5908164881586428
0.4556273367656576;0.04575408588458829;0.6961363358962541
0.12872365012449516;0.3959740169023259;0.7764865455660855
0.16942747885108533;0.6738700681305368;0.10024810257085548
0.8546078953094447;0.4252720316420754;0.3057748185989848
0.8805199580777815;0.1614865512203142;0.08443628159103778
0.6276526295493653;0.788430550797531;0.11235514441844774
0.42367109462997965;0.9771451803793926;0.913167707771169
0.523048081500273;0.845048333198191;0.8240608018893403
0.252251391724285;0.9177802084486587;0.2340219656452418
0.22755543051235572;0.5104385545279552;0.8537390762557033
0.5954823262565794;0.41426696681399733;0.8836602994635216
0.3629885209525203;0.09509083697996057;0.991395983908559
0.7401420223278191;0.49640529195218375;0.9013419853972257
0.918524475083494;0.3554139355946895;0.4788393590275656
0.609449845341631;0.06422338363378655;0.22519234599194826
0.5463994827692699;0.5505038852310743;0.011403087533844003
0.680955403444114;0.6029830765024929;0.6232356039839898
0.8215806596945888;0.7984814103854027;0.508499737750941
0.1320713598115173;0.8350881224217943;0.3129307558425034
0.03884531175724604;0.1468185580577741;0.9657437706416385
0.7982409468017171;0.357598216789186;0.32760150082369255
0.7563283638813338;0.8768078851123052;0.9603782638213255
0.736383754565503;0.7112263765083771;0.01800296560762671
0.7858940608464846;0.36037282067387433;0.22728332806452423
0.28154834412264795;0.7521987625925246;0.4437687035072625
0.9434068928142592;0.22751213406708393;0.5159334808348763
0.5133663879124575;0.16964227051311676;0.29685620416610103
0.7426350236689577;0.6893440713443062;0.2842715393845233
0.611634410276073;0.6733546194300482;0.7696946414239021
0.5199776070963721;0.5795258895543294;0.7354699890207544
0.7454811490397613;0.07454619993423461;0.10107607938965202
0.02784270435707492;0.5769945920822486;0.35681787675906795
0.4537734485405861;0.38712319627802105;0.10214898864721189
0.2195395482086151;0.11596371718284793;0.9148070991976731
0.03809428163674422;0.5922812132536773;0.39619331217659104
0.1645406325499864;0.5397798468424125;0.586830015452269
0.44074247434488933;0.017965468719082223;0.42150441969988206
0.8250727195838268;0.16296905601509237;0.6541884444333861
0.9791636955364594;0.45728510868062766;0.6083403525312648
0.14672342982233988;0.6578050458048917;0.3062428190999529
0.0033186253112169606;0.8056361698705349;0.9739904082927673
0.5896852400345707;0.3395186147708624;0.7395561963621565
0.19817552115240278;0.3123366573161618;0.5611365195525975
0.3216322199353395;0.5659128429871876;0.38552198100796753
0.3926912911923678;0.9027034029879073;0.5383506487664643
0.7434816193140714;0.6644285726537544;0.4903729674421202
0.34666551494174913;0.17239569048593462;0.7041953429473746
0.8609478133853573;0.0925297945837743;0.6683631336563471
0.38370748709910585;0.20037120480393944;0.11496967318753437
0.9524161280092897;0.4616106673797319;0.06128182663204784
0.4463490653384694;0.6820816122372496;0.2833085329007916
0.41414345311292067;0.7461642666967433;0.5883783894165036
0.06482978516958049;0.32444718345442836;0.8568997118061148
0.9429356859870509;0.5641373462354462;0.9853256625840604
0.907665684093559;0.4952035151390115;0.4304104520301735
0.7251777125107226;0.10649555694061774;0.8208284787729881
0.1496067554107665;0.30777756078375296;0.3011710187172788
0.5319233880160431;0.8829154998927206;0.012644650616650321
0.540208289117412;0.9777161473953879;0.7609287268266877
0.0677846957462459;0.5073228316621432;0.7589477329807317
0.0006138145838526787;0.735366607074965;0.07664296977909146
0.9810415767177088;0.25810922418431914;0.533810089178084
0.26953186101427684;0.9027416783800025;0.231472640295881
0.9403256198487576;0.9593828896752286;0.6504187036687504
0.42548589688059213;0.8271224904177953;0.7016968366293849
0.6103187260531051;0.5619883502933372;0.32224153241891085
0.986130241775695;0.12383311561269561;0.6685019230410375
0.22743664453216794;0.020712336741180115;0.523003335358097
0.690491671077881;0.9297148338659352;0.12497140625006486
0.375935710698584;0.38705188844517957;0.7634670651883202
0.38330467358914655;0.8769055311992779;0.21801709733710106
0.5738660728316571;0.7666853478818513;0.8819578515669687
0.8608953854002453;0.6751682547393054;0.5218654693834119
0.8645562502628137;0.6332109287855315;0.6833485435009934
0.9892739532436639;0.8701239870563904;0.12146984932822658
0.9448285570302595;0.15861322103106124;0.8616850116279435
0.4240682196946771;0.9611764693948958;0.006406187560695553
0.0586989083707703;0.08610781920848265;0.08029308344674613
0.1551938405804837;0.07071338979702513;0.6031184557395174
0.6402785875925899;0.19354348001049437;0.9833244127726456
0.22748122550006966;0.6799353291052519;0.2945779902987372
0.36710439772370784;0.3574504013331937;0.3543030774018986
0.3969029336166555;0.22514114555513143;0.07974476176888123
0.8252453955376122;0.6663218666476853;0.593202098638415
0.0011492797918354336;0.6720324038061017;0.3948626077514725
0.6503249779850725;0.055868742665146964;0.949339528647417
0.14187788049344563;0.3889163150709555;0.8147578139308097
0.6387214762717035;0.7258108005956359;0.04595499961309113
0.11885185286732858;0.568304187801447;0.054856878754426575
0.16390592515691438;0.5297867676438135;0.5048525810182121
0.07411581597098804;0.8145463327386182;0.4675275302033328
0.019511671505784367;0.4451180968692605;0.217412874677559
0.6758906717590201;0.51373746384506;0.5181690050259747
0.026795170989068695;0.9891244606692462;0.46100367530830433
0.664413302380302;0.08125392340182092;0.5163707748126135
0.28275682667935753;0.2803151898784354;0.6208903838103418
0.5219151522135527;0.09518376411340213;0.14564330441222229
0.9321238574737053;0.2162428848111887;0.0822045324387457
0.9939275121348371;0.39008176673212336;0.45432892998223295
0.4954479058443382;0.47991368414949964;0.5678937919722488
0.2969749991902858;0.8977517768091562;0.050788323112095246
0.7686819212524062;0.3444678172419765;0.9997434583704919
0.3201008963498245;0.908179053117272;0.4873729851434253
0.06624846955122787;0.0671458457685098;0.2877488361646632
0.05139883957464508;0.8537719210956519;0.7641475744196193
0.5786337980897789;0.08392189868028044;0.3152769470675181
0.5176546243108553;0.3744096230015256;0.19616733550356813
0.2504473012657037;0.39779825271304337;0.5779370077366381
0.9445239248869253;0.19592197137089362;0.7445099813253732
0.7900191526994574;0.766458868247798;0.49606676402455274
0.15008406733323265;0.8186901041650364;0.33746861570000686
0.6373815489097909;0.032896974939362056;0.25812027152929296
0.8046508807121173;0.945843436031655;0.9645761643784132
0.28481181871228445;0.7610791679756861;0.08268646921886591
0.9932801779266112;0.15782532197314714;0.055638297576273255
0.16987704991273267;0.8847814257533864;0.5726016593430708
0.24277382097487554;0.1826405701650664;0.9539383904237876
0.38544027647080403;0.9958732931482035;0.7269286033603642
0.668347134339428;0.22725526243553773;0.6853744272525802
0.12690248422514605;0.37086632635075967;0.11568640638743821
0.3671690697058274;0.10557265176696728;0.48401793422931283
0.5193306004194584;0.7166770693327065;0.5349869811908118
0.0684855496454394;0.5745551129563975;0.41361254965640715
0.8391265534172864;0.052402091042901056;0.6808499686720214
0.3140394576083487;0.4774159259377101;0.4538883043638615
0.9437377963038234;0.790944344314311;0.38114241370554436
0.7824563013280786;0.4620734066288352;0.7696714545204917
0.4000116312788551;0.8385176608651388;0.7748884809351329
0.0055058179083598;0.5415221209275187;0.9780419737216238
0.6222532543705188;0.8051208090083151;0.960694669419599
0.5005223225497238;0.4748564337784187;0.3979573551759109
0.6812548346622176;0.8410602520160783;0.7054502525493842
0.5543176934048215;0.41342568289329096;0.6456938726505469
0.27137997743188746;0.3589650426017902;0.8961121632292228
0.7258508029193802;0.07109337183504771;0.5183008609836748
0.6838532431102841;0.33468968239216035;0.6483574334193735
0.5119973132908991;0.4576537070627835;0.74026245531153
0.09228862099223889;0.6837451225197877;0.7935158076115121
0.4370551978043945;0.21118352728735534;0.6413702879956856
0.36383839046501987;0.727020535042937;0.9366863878300745
0.596502101085958;0.5705569304226867;0.5357513823821615
0.34490770294789785;0.7456454244647944;0.39883390766516336
0.2526935569745066;0.263141494218904;0.8908205345327308
0.38649909128892934;0.16897631842480942;0.28239835152541937
0.9985255937626868;0.2858730392932822;0.11141963144554179
0.7589071710893194;0.562966575806854;0.5560099275582137
0.6074787275505757;0.39554691380669993;0.7232110751191283
0.13544505183206568;0.721808278309428;0.13641239706656494
0.4764611231191216;0.11697975963368878;0.7460446931118211
0.4677977827771659;0.36910771622302585;0.21531248381906987
0.44876733446563155;0.8939414690619724;0.32404607503257365
0.7577036691710013;0.8499959253559671;0.7710143515218225
0.18792718565029876;0.5611303069745059;0.6682037863724096
0.25073099066786786;0.3196303162253096;0.12691034216305996
0.3997246879279579;0.132683536177983;0.39123222738605123
0.7392164566473525;0.6553862969085525;0.8696910588382729
0.9141773369605977;0.4918914764709882;0.23680381991141042
0.5168341555131206;0.9872277245849197;0.2960102016559413
0.2727551945201081;0.5476696303398899;0.16490437237156685
0.6653157362821329;0.23331766393254771;0.8810053763309601
0.0624682904310766;0.24284675515306287;0.7368943683071298
0.17942018968863283;0.2676879280278074;0.9431653078051091
0.3623463349624878;0.031033602450918574;0.10568527136490724
0.1503253771242854;0.010691166567383004;0.5977957752849292
0.45931679364100286;0.9094292833593804;0.7891273871925801
0.5595491455346085;0.24922807897363164;0.10147546776595218
0.3493412318953879;0.9355316419320269;0.9630282623062089
0.3538478364408122;0.19073874178732064;0.4788106319270924
0.07308094945652877;0.7816277341797745;0.055811855828592605
0.7456970929394687;0.5261574962701226;0.6917161908075083
0.16236884154657782;0.5280024605628815;0.4174277732671745
0.35812629061713896;0.7902132260082584;0.5962217671919767
0.7338813215110004;0.5236054147426399;0.08268462423828427
0.8837194440390584;0.3140946981858517;0.9857021450278375
0.787145552692646;0.6502263633548232;0.4629953088251759
0.6523300622452964;0.5852570598481595;0.9314786731426637
0.5759071838741852;0.14310851454440054;0.21212714244188968
0.8680978759972376;0.8102003089441899;0.5985280625730356
0.5297431333770374;0.6522522106390944;0.18689070442996392
0.6314575524237455;0.20506883822638278;0.6763542846272106
0.4081955919931295;0.21977988050761255;0.1380961540166591
0.4699149563233975;0.7595598982892151;0.941158870904392
0.47743462394959335;0.9051192800849334;0.3572357818299867
0.8217960418168899;0.1896528241986989;0.8365553940822159
0.6657440234712882;0.6977527150263481;0.22143183679358824
0.4110140711531671;0.7826827396024395;0.53043555092571
0.013652949222046962;0.5762619530386416;0.8765789287956263
0.8531109628793997;0.08590360296938249;0.6428606585085068
0.6486461465376782;0.14350067757964846;0.4413469851681069
0.393279005865917;0.4390249811318927;0.9990156875660483
0.3191414734123451;0.36299497569050476;0.14376143977293165
0.9958106839521909;0.8223960175347405;0.7341530448270293
0.3285872703067202;0.570369518318297;0.1425098992031103
0.47988230015194044;0.15182853103998017;0.9443469575015188
0.6662724902805831;0.9945178118291262;0.8334888762521468
0.3405441215673424;0.9232269031791447;0.835112048515942
0.5942116027828429;0.47331948318816286;0.5082143935676036
0.28510752209749024;0.49201873513608585;0.09742863894417253
0.35514081144796816;0.6218759619887106;0.8269924802138019
0.10762279630396077;0.924674258626455;0.9532494670076295
0.8789017727198181;0.07904404247135821;0.08359031336882028
0.30166448125219647;0.931017833100614;0.03967335050317489
0.8287863866212842;0.42411084324527204;0.7222027160146173
0.9091439864376024;0.7964987719735467;0.8248071329434226
0.33729145862930443;0.4335960161610757;0.013582481154308934
0.14026179534119831;0.06351931072251482;0.8133238019060113
0.15730069392625468;0.9537524254353065;0.23220458961065504
0.3266895667441736;0.6384277346555494;0.5005817864668995
0.7278191230734609;0.6932800035083309;0.8027119537860876
0.9420079357725258;0.0001084802310706845;0.8177321794387373
0.29090978731446016;0.3461619232742109;0.42312261199313017
0.225778045295131;0.5120433961245656;0.5210831030800459
0.9737835651957707;0.713762892573471;0.09771461168624473
0.20750336296625183;0.8407021058591593;0.1814838861884901
0.02656712315342369;0.49804512645539445;0.14012174102337782
0.3474484249177069;0.8471812301111996;0.9320869435522467
0.7382682216291385;0.07238444081138684;0.2540560241335552
0.1449428411150211;0.6670322813276405;0.14332527489840663
0.30798235347212244;0.520327301937485;0.3940230075867954
0.93557442940283;0.3035664607494364;0.08932605827333973
0.8931478476741488;0.8946545640572998;0.8269727220796447
0.5450480688935019;0.4922678505309114;0.6269092487484054
0.1505608115118856;0.3118809695875181;0.857269895655739
0.7901663410900723;0.9659971511228592;0.11541069970009787
0.9468155387587304;0.45871188692541653;0.505534158824138
0.879907912489215;0.3449706371634139;0.9816676744951102
0.7704510864218737;0.09157010747478755;0.03663805187017133
0.06394673411330798;0.9167332793376735;0.14695498303712928
0.6010760622269574;0.3413046432119885;0.6960316621175674
0.45036377709312436;0.9300424630561219;0.5763560468912862
0.5797898993867313;0.19004037464602697;0.3244041235585501
0.7695409185258113;0.3418418573816969;0.0073211739293501665
0.6941788579868823;0.6631000147312279;0.634661426472321
0.2610871354633525;0.4491666155326943;0.655537269916771
0.7261334293753346;0.9677760908306559;0.7428532202796393
0.9239906907967858;0.9973346080060923;0.7361312505194745
0.6300466887307783;0.09394509017122143;0.21416831371573963
0.022675840247969647;0.4841968369737475;0.8705774399408316
0.5788981773643628;0.06874020948322268;0.48390213502360424
0.2286353856212534;0.9829472836656953;0.19595795417206796
0.8942897117371944;0.7407840020687788;0.42498203231204834
0.20205395845885388;0.8454287140685283;0.5695830375022868
0.03512380601854703;0.45338955285600235;0.9753143921296075
0.6937636340540096;0.3984500303249009;0.5546696153759362
0.6353111377435681;0.6519147888903384;0.8807928589366493
0.4551262605559506;0.6781494657725019;0.09535280487433573
0.4525446491777557;0.6494329603143922;0.9202831344047542
0.4222822532564149;0.20294861892722615;0.44096058513712344
0.040968346591955696;0.7033914458869224;0.030085881511378032
0.6223304944307544;0.5959136191858562;0.30407858320533565
0.8153935540174295;0.5196686640059685;0.47971548650043905
0.9977766210823987;0.8556381830576646;0.26151414825130714
0.8097659759641395;0.8549392122084585;0.3202308416447086
0.15448949663394052;0.6728611532331521;0.1370100841382842
0.8800513806978171;0.540244808437738;0.6251211074005218
0.0028798706296445653;0.5409883405692578;0.10317862909163311
0.7860281053687508;0.3511148250820969;0.8244479471979634
0.2521044800567934;0.7608567391839306;0.1469361039834728
0.3927380209797754;0.032652241169266794;0.2291581079340803
0.36690793733814875;0.28090251693103163;0.5091227378212742
0.1267889792649355;0.2732182718046766;0.4934028235695125
0.6248091075130383;0.8801315871623505;0.05258864998810042
0.8885612984105392;0.6744303705305623;0.059816226083513
0.9927476343563436;0.7561606589875065;0.4869903471804873
0.44233421029138154;0.9548454527783299;0.6289563268635718
0.9384221910260064;0.7434316678020104;0.3471732780820994
0.11764172075033463;0.6112361603919827;0.6928243274359103
0.41536348828483105;0.45655089658040393;0.28921263820981924
0.5606729759869122;0.15680551213481975;0.6100581673210475
0.5948497628209723;0.7617200521148544;0.9163375089441629
0.904704661708379;0.5640402920472899;0.7785880127818443
0.6685600816644073;0.9214073144245634;0.28574504960006675
0.855001103838153;0.8897913776430262;0.3508447112928341
0.12914565894794372;0.33892965350972903;0.7700804032457884
0.4164370580449881;0.041832528994486085;0.11425346319244778
0.0019924320816452346;0.9409499962531125;0.327184636745398
0.1899810895547015;0.4567869395519303;0.9801068105377633
0.8473782738162614;0.5634402619557628;0.9578722011027747
0.4470744055406618;0.7195469348188761;0.27990940037023737
0.6055729295210187;0.07451331658204297;0.541197253954709
0.011346557109318423;0.53535762627129;0.534055873052973
0.9821453170633733;0.20775566534718537;0.3990611805636243
0.5259562554627195;0.7065981471347104;0.01893924672685976
0.045845526110379065;0.7154834424935459;0.33426763406686166
0.18952996363151353;0.8306874166682097;0.36852249893405775
0.6752414791147745;0.9423438567134003;0.28968377902456677
0.20659347340343281;0.7829595024733439;0.8523937070832774
0.9614505094099983;0.8717264023232143;0.8780204306134665
0.623416735887988;0.5963399518766199;0.6287375872129927
0.9967678623884858;0.4862213813968108;0.239754223351192
0.287117125830857;0.7078308544808767;0.7819978967859422
0.7075239392759629;0.31499670915717837;0.08941363304432204
0.2673493147431679;0.9332400279823421;0.9038423163353716
0.5043664601723902;0.9998509141624633;0.2447772776706637
0.4223075055887304;0.5581204490729614;0.6186338725069874
0.9843840359169121;0.15572191293504;0.4033653479462266
0.583524046295205;0.31915707101745716;0.5000021902452522
0.7650220451165067;0.2951235064372557;0.12291610752400706
0.42962458775419987;0.8517678140191025;0.3416982805129939
0.2074729127278664;0.6824757239151431;0.692738533082335
0.8390809290574042;0.4828472186727555;0.7216185150079846
0.3445698224805356;0.24844995177449436;0.12486307223544102
0.9475227459430787;0.4570121271978871;0.8793458097680722
0.8352947366853477;0.33294214850716797;0.9214305310647474
0.9858739999435067;0.3993060931475906;0.3492075426243858
0.5095768034078765;0.7850573540759006;0.5411224653757419
0.11816646233171701;0.940244996407412;0.48145960313555813
0.03244845229196813;0.8747363834873082;0.6207480884206545
0.5841441669645584;0.8501043711240206;0.4680299688618581
0.21381848321315222;0.8675921126151702;0.3349496928933239
0.7605848109049371;0.8150591964680656;0.04124390627387342
0.9048733525885567;0.5797762881659477;0.029824295816026303
0.23544683769943853;0.9587564471533163;0.706167595218193
0.41303188326447704;0.27656508347748743;0.48407828549954857
0.8106462697509652;0.501470921400635;0.3009308596936142
0.24017365104863775;0.9406322871455831;0.6387738425163549
0.3868789958729507;0.24359293681099115;0.8988471805431498
0.037784583781671266;0.8650423103652798;0.16033115853151025
0.6704805741979559;0.5173909607215907;0.7982818413615199
0.623413101847737;0.18242162943142304;0.5481633861300803
0.2723184028912101;0.08458387206404183;0.3144643811249085
0.8258206283102932;0.16614796129375897;0.8237797904501378
0.5095970876953954;0.41690869853685275;0.8890345305420618
0.8897863366473379;0.9221482348389144;0.30769690838356945
0.5693522821540667;0.4678798933067715;0.6972398081073897
0.35347891589643443;0.03068077701866756;0.25195911987004727
0.291186537548874;0.6067527331071902;0.6795991634831426
0.6812098677391584;0.3285747941720417;0.7058291146122609
0.8326602171735868;0.6417344262965913;0.5206348803514211
0.04149682871020244;0.18705221815328488;0.3661834142524757
0.8073380806359223;0.8482489747976381;0.6965808902781025
0.02154943852102209;0.7986376323391566;0.2604972584097498
0.13283717049217914;0.8449187679747268;0.3014948014566783
0.6639417359893898;0.7830822447448821;0.1323310485478375
0.31921679039014716;0.10267696905496704;0.03404498127763045
0.1379003716483742;0.9592907245396028;0.136986042728392
0.7772654967717543;0.9838329328946794;0.07099373256573682
0.6647380830489202;0.15466979602462194;0.4073974335276105
0.03173610963555784;0.5987554810158707;0.9610499730861118
0.5383122802027754;0.9019246558740327;0.7832418878755447
0.8217856824359553;0.20255648035997675;0.12827463070164735
0.24070587431473667;0.4720456439839331;0.2186365487404719
0.6308733237690651;0.9819401112132353;0.7414274364606478
0.5564841062216059;0.6905756607813947;0.49171675795639036
0.6255332479477261;0.5934558152025549;0.8105714748495183
0.5305630793599574;0.3981782588658753;0.4735172158297918
0.13163074391712404;0.4410935529992658;0.28674122303038685
0.6145898715651883;0.880509810064719;0.4870510427537794
0.6417125376183714;0.41348246026805036;0.1234977523742582
0.4520751038421672;0.3727130924007702;0.5974278097405002
0.7440678766408549;0.17923137554095103;0.30148596947874573
0.2428614119320479;0.44649967817097735;0.09481526317757183
0.4187714445183993;0.8594004498472977;0.4928564406858057
0.8934804548933046;0.09633041715789459;0.769855432587061
0.9083032101212346;0.8037264133874205;0.09138979768938982
0.5403622931810467;0.6339581095505434;0.548938573015254
0.6986494253887221;0.6518229455280826;0.42800061403803713
0.9024645271160605;0.9771859253826889;0.3628305203758255
0.21327965535072535;0.7490869381897645;0.9153459658270466
0.474015432162604;0.02370554213950471;0.7209144961853068
0.8563104944227554;0.46337417104873857;0.31040069857833696
0.9268598200810045;0.675098507243594;0.5839674344806952
0.46090804016883913;0.24666483796339045;0.20934652578031354
0.1490570586843517;0.5487127053556115;0.806786106947646
0.9719860409157989;0.23190744194209967;0.2654346429163068
0.24135562467802563;0.18221707224597716;0.2697883782065541
0.24179900252855568;0.6769342653259856;0.7693450809839774
0.1561452256923631;0.2698577652242894;0.7890747933762364
0.7750741841269686;0.059163363986529105;0.05221329560048826
0.3089693323535678;0.8034822583143131;0.8175511609427023
0.5755732978293865;0.8460363238301437;0.5133269702290963
0.3231852065491023;0.42570798957814193;0.19423482387767776
0.44682698086356953;0.40899369642858574;0.26356040560717975
0.5456744432258662;0.12891764956998553;0.36414330459504796
0.3428817537039286;0.9679977931742398;0.31823903436000356
0.32171406083754606;0.25111987970737204;0.9979952982491158
0.4320947153465321;0.7750560506140566;0.7790536150953242
0.6737493524323215;0.03821730409132773;0.7681848350522843
0.8653082174156191;0.4827132230910445;0.5028141172365516
0.9986695140312934;0.48548597591921583;0.7731749059623989
0.06823288497238167;0.6187741025328732;0.5752028833514315
0.40668210892289003;0.8459922708885005;0.4432322213107306
0.7033423631066055;0.1304020644517725;0.8903501421702829
0.040077821577200745;0.6228799178536789;0.542401400108494
0.6220171848194577;0.07736082332654426;0.660812568079538
0.10836409952111281;0.5271258976653208;0.5213909378970818
0.8802902436938215;0.6451652545377952;0.11184597667891993
0.8639853196041545;0.08231345074059737;0.6418227402894102
0.24294502810149743;0.5844375987906726;0.7994057971924433
0.3804745160405617;0.9669391815288967;0.2760728225188044
0.39347825617339494;0.8196811658372519;0.5462936313789917
0.15974703343126528;0.7746198772876771;0.6545483190121252
0.6552316324053716;0.4348568559998821;0.4463884141674548
0.2565571296865683;0.2495809820986593;0.09878305806920717
0.21926861914173768;0.009153148491178875;0.0064004569835750535
0.5055421211475719;0.5387960084601227;0.4241425636413595
0.14972849001851862;0.08532307634343206;0.5925338989698768
0.8615898624769653;0.4776436112332264;0.0785334512086836
0.10932193761825171;0.7666607124492039;0.8153471420976255
0.8010490366083691;0.962502961117655;0.31352047609258593
0.9741126361528633;0.7319333154295653;0.9069192308085636
0.28406455438256795;0.523852857063018;0.619092969187322
0.35665079771624975;0.8686044923780699;0.4233988566706993
0.2094775650216396;0.9621675659048767;0.308937715551195
0.08441664718854369;0.848466268004991;0.6795579116177374
0.00887006655115019;0.6838664507050592;0.1381223960944049
0.6918502071541878;0.9907539596755077;0.7178214271429041
0.032770464561246326;0.6645903228114534;0.8507120050196428
0.26298000165079327;0.9853614217558374;0.6015114623110683
0.1660647481139904;0.6838919122046709;0.546524682196821
0.7411700568568154;0.3280178947807838;0.3173272793600087
0.5858578384569335;0.14155173451155478;0.0867857206665894
0.09961060931952737;0.43647606435074904;0.4080613183825825
0.2946601444940037;0.37457418276553667;0.5082180904488983
0.4149543984968961;0.0942537285457038;0.47817240515064674
0.9461567230956682;0.3944011057639095;0.8279850889002336
0.11843644483941174;0.10909588982186291;0.8416498375719947
0.6248022977872721;0.5769539143418521;0.5685385747878186
0.8115268620157033;0.887922232574182;0.7393960536178705
0.9497772693114016;0.6788476058462724;0.17308683273161174
0.06966562243086438;0.2828189595233389;0.5201344280292564
0.11316377789530463;0.5852909142949703;0.39352048588402977
0.5017586136734464;0.10478706750912525;0.6189776448979871
0.75165811597266;0.9424530980219032;0.5607619829708331
0.08459579520709026;0.5934428264222732;0.4459281325034782
0.4916845664516535;0.9470706388703566;0.879491775078831
0.595357955261835;0.752531696385623;0.6363067451113799
0.09047961016744133;0.7989954192647575;0.03340606007342706
0.13494591321711713;0.07511192610215289;0.9446554517593374
0.3704911200324593;0.35838773812971125;0.27366980314646216
0.4894663758794202;0.3611465086526484;0.32569638118767374
0.07466624222176466;0.8708196836425445;0.19686357266278387
0.7579472064048066;0.6747533762654052;0.2856890613532538
0.469430447849735;0.8553770530132778;0.41615630387371205
0.8481480638127871;0.8228263908149752;0.36500376158608494
0.9841411996240749;0.46195250493383544;0.3213014687890008
0.09529895599296456;0.5357558830830694;0.8356040079615911
0.11010273686949479;0.3353771804329633;0.16179345704711556
0.2578151243795759;0.9263663600117229;0.42810017594252703
0.9624233009855037;0.8431308149422155;0.49623627105402335
0.7253280397552077;0.9430795919536344;0.22664799446142458
0.8719644143088507;0.3075869068588598;0.7081422045834095
0.903046133225326;0.04392031488310755;0.8509288145881297
0.5365150725066458;0.8002560864663687;0.11476702483205603
0.8280694960336541;0.19998510498621624;0.2981465639613432
0.9677478341927775;0.4058525634789436;0.5769753768732042
0.9158133338448711;0.13224143338788485;0.37139731416350463
0.5238244687008308;0.15251968209668132;0.15422991990069534
0.2021337861528092;0.45909163673150033;0.6201616952684315
0.7458504885997418;0.8534598568169831;0.027995786316163285
0.7801803032637368;0.6243885220897906;0.6609488782901537
0.4209071347827107;0.5201027138072366;0.7955253075093859
0.4167104622325517;0.6223628242141994;0.45063987812947637
0.605811487235665;0.7205172932037771;0.7855170168215272
0.2819140924368967;0.260256606633259;0.691005381240592
0.2944225720487119;0.7737107530428722;0.9651485646010739
0.2280012812145067;0.09699541327410233;0.2145325525285121
0.28045966924408117;0.21757784867729213;0.7512061238517702
0.6445377182888461;0.3618797456863967;0.39904799878717023
0.7986686152464554;0.8046834237585756;0.503629857037458
0.6948286109902719;0.7029486836200125;0.5780584023074022
0.45076621745264844;0.37759832700820317;0.8174769578541595
0.8791241071431574;0.3872877048656117;0.9992028962796003
0.6802461080934824;0.5378890346356208;0.8786318064825543
0.8735975803827549;0.3923491125463061;0.3980198002750702
0.9832991314598831;0.9167474055559272;0.5427670876632484
0.6713936925986244;0.20003895132887806;0.26796844267781983
0.9129739773411178;0.18066650076714375;0.3568328272242639
0.4001295922486825;0.45354408432603466;0.7036753631980622
0.435826732165288;0.9602582871428649;0.12104483393398424
0.9256239070007451;0.28793164211043376;0.2414240431374285
0.3256571773870047;0.29687522145976386;0.7531023461550971
0.8862720231679666;0.7507180125321629;0.2689528762976071
0.939163590957936;0.8183275266241374;0.7312831428982599
0.23615907672111547;0.33904686471170287;0.2610124819478249
0.398702144776233;0.9115477437518734;0.16686051750381437
0.46381784040339824;0.8017716169880562;0.07833689125035803
0.2791139247406711;0.8816510066092382;0.521537483463662
0.7656499921665257;0.20975372141981286;0.8319630616911057
0.7317481147360391;0.19698304114112397;0.5529630222264876
0.4333491205568203;0.7986165489895471;0.33912544309294756
0.8533073638754463;0.7634308606178412;0.24559097869879254
0.12773527894312298;0.23858100918746483;0.221692390230541
0.8784767324011286;0.30101710449486185;0.7027536616110456
0.20033996014151323;0.5406455465869939;0.33033896551874486
0.9149382096426714;0.09090299995482887;0.39836381115522046
0.11940709094399449;0.2984213391715784;0.07739796142023347
0.42009349303461085;0.1763145640875029;0.2703612664862368
0.8942847355841033;0.36957966276485266;0.8680613485320213
0.12513353302682306;0.8300804352544162;0.26975589097131314
0.45756842907697426;0.592055974468999;0.6459190597973659
0.25404885287133794;0.9361637079156179;0.586305818029969
0.9980655116723833;0.32949746103092536;0.9341844865141921
0.8398489759668206;0.059412993361466104;0.2554286049225085
0.5330050483086689;0.18566069114641703;0.8127931896421472
0.7802107894463064;0.8878743736885615;0.5473782384890049
0.08282407933001812;0.6552525369603978;0.11240048596250096
0.3960204552378852;0.11308588223184957;0.8363562351920188
0.5843678848039418;0.5512289236888089;0.6066422948508414
0.7264239142817022;0.4718362644818299;0.7918736808932169
0.5224186623024304;0.09387680925863628;0.06191713155963996
0.5289557922612096;0.9913975219520639;0.6845465664780243
0.5114645088681978;0.8461235307074292;0.8166949519125929
0.764861522068013;0.1624412221019007;0.9754919773003087
0.8948284155513369;0.96981721619809;0.7609096177830793
0.7618474218943216;0.46831456078888734;0.8189390893940184
0.5599403214995544;0.4024112123799539;0.7342038303475819
0.2749525082805322;0.4540396864762346;0.9438976305150413
0.470274551844446;0.596526234365558;0.35015306135032165
0.09066150802594064;0.22373397033958808;0.3429370172565297
0.5052831973720362;0.49969999727426895;0.9386918492938995
0.10592855179733773;0.9760756720533853;0.3075917479976169
0.9659527505880668;0.4969058979252994;0.08046383540759328
0.10217617451602667;0.0483988114518773;0.5803075834091919
0.6547873348878357;0.39840806518111893;0.4768573652766731
0.02031701708767264;0.19428023609964373;0.5450447399688682
0.14817059971083357;0.8218080840973433;0.6066761064244318
0.175590111337373;0.40761901077788265;0.771486715507843
0.7318541064276788;0.9168827096874008;0.9180143614251532
0.6834314256017412;0.8246234891706461;0.9946145796388077
0.4329973411722716;0.9616889564145815;0.3306002062886054
0.8491124196560695;0.8073852305272491;0.7760519212758566
0.31722064726656485;0.5905598434018586;0.362625077080997
0.6593773404740177;0.9207587165320277;0.03845107674907189
0.8630323536511053;0.10134766267760431;0.5477911371311577
0.45727445639163056;0.45201050468463067;0.4443968499469588
0.2845291825674513;0.5487424704698726;0.24031227622519413
0.9558624618177803;0.8358083490846845;0.14487339237052388
0.9848320603266193;0.9297592747490246;0.42164956417986865
0.9782249686551041;0.1112833719255849;0.8977482530746052
0.7202358767176555;0.885204910328674;0.7723386598642497
0.6251079686526863;0.920646418090592;0.1166587886283198
0.5628305219295863;0.7925934844441063;0.7415412591190328
0.893988514681396;0.5512332246901799;0.868125500009692
0.8825695391388091;0.49951716495276843;0.3236516707825928
0.18251566501726424;0.3275228352652758;0.4586330017532152
0.010820592672647344;0.4480556419948485;0.45312680867365274
0.6841970444368386;0.7484235085309623;0.7685773221010899
0.7700440438212343;0.18697317029464722;0.21224876759580946
0.6858818176558683;0.6949527436548812;0.15902093425049513
0.9894447061321746;0.11509497927529189;0.42742555068969923
0.9211005607198898;0.410799042508053;0.8657895222751614
0.837367334130744;0.43981664364992523;0.39637073284311075
0.7021947308409302;0.534372893229197;0.06886835241460687
0.8819580973299175;0.49218085235008757;0.07402216501249526
0.5050722165444876;0.022268076472037768;0.25209358708746277
0.9765024224377525;0.18956647866985865;0.09308608109411443
0.2174642532439267;0.9086375900346664;0.606343465964783
0.7122215878498539;0.40917170526261226;0.6783205498111852
0.8621107005617842;0.6754530410711508;0.06126554113577154
0.10110869025048985;0.12057020156292331;0.7378429471654901
0.7379040871766309;0.11388430557595974;0.8140686908981919
0.8667354078498044;0.19652714265388294;0.6462491943050007
0.9764706115383583;0.4574410157442099;0.10505184336008522
0.27756535063429955;0.5648064757114145;0.09663943817573861
0.034750648693480435;0.23041237357901323;0.8603295649458763
0.5406512170909843;0.4569064358489173;0.5202960730831058
0.9804974109167047;0.535494325874063;0.5879629700503144
0.22483340386216788;0.2891467582742334;0.46564367589900135
0.5113294700410833;0.5876328727777588;0.9820547137744232
0.18835764858152637;0.4368575569992089;0.7587681159671426
0.10334594301525535;0.8107810682264354;0.6811749627763902
0.1843111343987872;0.8628264067981025;0.6405725093275196
0.6313709309913489;0.42649833366793155;0.9322074309170227
0.9933414213762745;0.9321828013790768;0.1933426883880207
0.6389975853622217;0.7329080107140091;0.26800445816770757
0.32100858713674596;0.9435033255989249;0.6031896161895589
0.3309859412356321;0.02349364923562669;0.38814171564055
0.11955738793488846;0.7861547414104542;0.793479568630901
0.5174386855425187;0.9611283156285828;0.8663067762490892
0.16096011705900204;0.6591346186460377;0.279891662898048
0.6111792003545126;0.20826620190148903;0.15770594047306508
0.14135550219120419;0.9568073755945076;0.7862187060333861
0.8549873816547766;0.02965367679378117;0.3891738073761353
0.06963778046659463;0.23593129849532368;0.44752239444661324
0.6040532871544104;0.754999032187465;0.9412367113766609
0.29356135458066;0.12202433626950093;0.42020647391866905
0.526136701091431;0.2972002035565381;0.3361749402605959
0.4472663331715999;0.2476967526075834;0.7149764484477144
0.2916942635649874;0.8686609504994834;0.9350452791129896
0.9029820044364184;0.5961551179027359;0.15094813644559502
0.005833292807789547;0.7775567469407211;0.4424603250118664
0.06167708160472685;0.5443241072742703;0.7568680032391897
0.2998716801642257;0.6222326720139683;0.7799070883769641
0.9315135323597763;0.8436827129058405;0.07435488522766087
0.18791695899898053;0.9950131701277151;0.2946117090049939
0.5048888608583023;0.9502111890891075;0.027634511593863875
0.3748478751682165;0.8842966419158177;0.9301043473031766
0.795714713659411;0.13276861020102892;0.7574327697431821
0.20257839036539216;0.9927940210219032;0.587809860087377
0.849527723300503;0.804776085414994;0.5717413392003209
0.3005226508044635;0.9933919170036214;0.8705559606049715
0.1338771272902185;0.8523362686244426;0.5239515528309339
0.060449549458112206;0.209535879799696;0.757269785605762
0.18025637760265234;0.7363823556155018;0.34057489550486275
0.9079221693848818;0.47622965476121193;0.1268161939527117
0.48893690147224445;0.55544236593599;0.9254851249845264
0.02421808207470122;0.37956022074261886;0.02847205247799034
0.1919887853540172;0.0981233962045186;0.5005948278947745
0.7745679744898252;0.5081725214329613;0.3371473810125154
0.08537324971067639;0.1773342421680949;0.5230826178389836
0.03886086610259265;0.5138654206339925;0.7557248016167085
0.644147055611174;0.06120487684999287;0.5741223270708612
0.9383314764361333;0.9059207293494868;0.27822724111382213
0.4268643531288252;0.416804268784596;0.766879532849854
0.5385829922436057;0.44479456603706835;0.397928984330432
0.6235768220716368;0.8473475795954758;0.7756225121988616
0.0531003702101458;0.22542884035155875;0.6251707027040557
0.8470013963680966;0.8057328635211253;0.8806947202753053
0.6262134654963184;0.9793449650619446;0.1532818096895665
0.6091172609638291;0.9944282675120414;0.5110854843448163
0.2255116233724861;0.6481352692560967;0.10332486470446134
0.2306102641388833;0.7193734678295802;0.617199710515362
0.8152445137979771;0.16706444733700965;0.45502410063780785
0.7547653613249111;0.9172682952414566;0.8906333083306432
0.21851315843347874;0.2002693279834704;0.1430617356406224
0.980485530555311;0.9880221963714041;0.26186072200484745
0.9085494086953889;0.7611154821752765;0.4798942945250666
0.2974993990903875;0.3245665450086378;0.8282233022983558
0.13733576548244208;0.6620793096208972;0.7268834795570507
0.9481239624143996;0.7661451474297811;0.685513048038257
0.06379016155741124;0.6992401733641416;0.814888191645866
0.8887192214645498;0.23032947593573116;0.028247783263119608
0.8216698817689797;0.5163530392569424;0.4582622477033882
0.394535290608214;0.9819359677724427;0.03834819577737092
0.3004346964872381;0.9417274422553067;0.49872229200739027
0.510737402201795;0.9833568491290726;0.11565133112941128
0.8450364243862662;0.5861972556853396;0.012963194624840857
0.9183775469537765;0.15380531716356882;0.6239470761585457
0.8181956131507121;0.9148851178027446;0.2483987415516753
0.29151716935755545;0.8346735580203749;0.7833502582289539
0.6812530901586534;0.0173245228375849;0.5534604944054106
0.7476320417513846;0.11259002718792;0.6699058807260404
0.7548809974543429;0.22824944917785905;0.6361443827955209
0.3431162403082402;0.2795303194348172;0.7888188998081301
0.7779452194498533;0.12454318195108327;0.7400952923508525
0.0031285216775593927;0.6523530790453943;0.898943026467049
0.971906019528068;0.5740226283884535;0.2972825955158095
0.11282497639263644;0.8132966346945955;0.6994332566233614
0.6497041561424715;0.9779021067671232;0.08340949359987582
0.38966806808355736;0.7236881348137726;0.9639622018880034
0.586009889078647;0.7744918220612905;0.41871433156893767
0.5918545153398057;0.4190427843052631;0.8883343909082702
0.3407571918474923;0.10947375289201844;0.1933932738609666
0.6879218560838732;0.8943310288561432;0.8235268431017394
0.5961769409029133;0.8495956804366541;0.18445523655267904
0.06719124152137634;0.984003985349943;0.5519886319813133
0.498763199785756;0.2693513626983747;0.5632468818631985
0.5636850368613687;0.9993067026780992;0.2587165943666303
0.7257580286592451;0.8202552190001758;0.818388854392151
0.7646026781243386;0.5470230147000342;0.8987684404721185
0.9020872780128997;0.14831240712652816;0.14193466550755796
0.32164704441956293;0.5385513549062785;0.41592524156069366
0.6438795723683153;0.6688311490854676;0.25465260048045
0.6574795942247574;0.11645808428689097;0.6851661154410447
0.010006366895440766;0.5372790309883265;0.9361040489829906
0.9722839797082061;0.11319301631332024;0.766802522199865
0.21246387991073978;0.6791200612691445;0.19522011216224366
0.8066277544043756;0.11525351253109617;0.6939192379054092
0.17210520234576376;0.12054746558969243;0.09257498877890591
0.7481315741046206;0.9991809645393749;0.8658547271181688
0.31573761590127014;0.14006155153559074;0.8917360087376555
0.9560672415844532;0.6689201203143332;0.9819280096344605
0.009891633829222424;0.0004082815582420185;0.8344297163166006
0.12366008921280847;0.4383514820480212;0.8483210341265294
0.7096173927186148;0.357594700909436;0.4234316240637783
0.2945660754297347;0.2111410358223864;0.5726510674027712
0.6811563427676034;0.9959659625961187;0.5616181144432454
0.9060132363294447;0.1746709034954268;0.4269342026670112
0.06626714323492777;0.3236695751463471;0.6338723212590143
0.6127901423830753;0.060559609311401474;0.3205422235778097
0.8952984364796293;0.22350765670959538;0.03668806163118221
0.3803388861081505;0.3389106121544846;0.5178072321509074
0.6532250309971582;0.829607538441234;0.37724503522888697
0.5121049898140778;0.47606956788727073;0.1148688637902946
0.5700237878979348;0.9635185878966073;0.378997612742642
0.7884436940971582;0.49875795344536256;0.535734290975211
0.3620038374906699;0.37217604924893977;0.24764030509144774
0.5567704101807649;0.5600068416061001;0.6892230900744885
0.4058624249128794;0.24084790714878856;0.6218554447848106
0.6436428607914411;0.49521401441795665;0.850556398407173
0.7394924011195287;0.6849645477845788;0.9920585742256585
0.7602329527748415;0.23469766233930622;0.7075093014951455
0.509236750508745;0.1149835222917448;0.5184094069382821
0.04988508215510201;0.3420629202117438;0.29663423243708975
0.06684240977849187;0.29888122348559154;0.6046332757233118
0.8959292431154957;0.18567157882943186;0.26692592874402676
0.21892644431303088;0.8359673613359994;0.4256277746593382
0.5794726266228025;0.06126948887546202;0.36484516806160383
0.6498495393792828;0.2946885914036548;0.23223693997695283
0.6573818214393218;0.28772499101681226;0.24835968098969574
0.023610655192708663;0.5640677152249967;0.02110189039317545
0.12827450689189435;0.17080330108286457;0.5178984288450768
0.9732470496881203;0.04354133731619869;0.678837749856508
0.8225740646228873;0.11503241913528806;0.4450709748072763
0.3581279534579318;0.07095633108367361;0.46345532777290155
0.5408973202864479;0.693475516918637;0.03840220457469623
0.20718123981927383;0.5361885979118334;0.5666978242918094
0.05111674193205962;0.15538877805724427;0.6134221221739359
0.12463029242897805;0.8712923920573551;0.7577627599132445
0.9966131085787152;0.9656592118818983;0.9717506469261007
0.8128648543962735;0.8726352668184112;0.8625167465139146
0.6211137350273819;0.34891214595580733;0.6407762916058861
0.6442868784168592;0.05327561877461828;0.24018489624951378
0.0036527407903386155;0.017182401141861647;0.2836662717866698
0.27495316061408104;0.6423335470749842;0.21330011382664615
0.05444739960051714;0.17438712294737602;0.402916105467344
0.08292374500618371;0.8608437966362478;0.2094110892029989
0.13780143853631766;0.0684719703304918;0.900689904285908
0.08653750973988206;0.8180558915143759;0.4392345290935228
0.6111910257413316;0.7868720471709714;0.0197624740346094
0.13481806409356245;0.7582903788265674;0.6587207160670644
0.46367336794830194;0.6558609885320186;0.8017777145586391
0.2254615554350038;0.02309925912073052;0.8192165885525862
0.0496461982426295;0.007230180747766601;0.6035537784674139
0.6523314480072908;0.3848385259847804;0.9699412148002877
0.448626131182866;0.6519217246046893;0.8776744212188007
0.9967639022889601;0.5791018493315392;0.17367062733925442
0.8602755140401148;0.29075011746583956;0.35163959938860856
0.6210184612824862;0.5986176174967128;0.6934395942401329
0.6335367820069285;0.6428590203750799;0.5585444921165996
0.974562300050223;0.7980963705845778;0.6377230055693628
0.5713955952260507;0.8006053172905664;0.7495618051794933
0.7919466010310096;0.5022573956858966;0.0003307646996241198
0.40911383154073644;0.7461114866638484;0.19928255085704505
0.5428552093327177;0.2066890175369811;0.1209457609285084
0.7888490887731138;0.7932551070932978;0.6123946421125136
0.9307752243623834;0.28507378394716587;0.2624328201532332
0.7576793281074059;0.8109428523991526;0.8472826276791978
0.36072599908356184;0.193613908150979;0.5575842058226669
0.3340649801702419;0.03369644742739952;0.996709423589852
0.12442910112896466;0.7252307584315681;0.7114130860225614
0.5757771464295726;0.4596069229092996;0.06065974499334004
0.2645544280277955;0.5946460497799904;0.9178980216172941
0.07217454076209073;0.07710688826676937;0.5225700218478473
0.5220090638028012;0.033034855613014336;0.2741218371868185
0.8263771957740385;0.9528374792001821;0.38678802790325717
0.8349035106056508;0.015110732968067753;0.4782240237382104
0.6449316919448069;0.18047238198700766;0.9997353793735203
0.995601173581021;0.25583314693776515;0.8988630526967769
0.3411260186683608;0.08078395551691708;0.4858864859414679
0.1762761961655639;0.9413821995352958;0.08554380108274462
0.025680800970969364;0.8856908297121246;0.7401103720198277
0.7367219376364755;0.46409097916967124;0.40328662325891707
0.39494038687364785;0.867640426264969;0.6910846335424219
0.08556362222764324;0.2579133728559472;0.014282803286169488
0.3227886268539487;0.32451978294150596;0.7540837921467748
0.04854646504877702;0.837610634272364;0.6023333393425658
0.6858034339841504;0.7552176557175885;0.7229808869328225
0.5824695603115648;0.29496621874113216;0.2786420726148918
0.2916157992516394;0.8774683914416207;0.24918329815562745
0.407577204654321;0.6259842320640273;0.31076870225843656
0.39456056497088987;0.6113312560025896;0.1577929958005011
0.15162136994671593;0.3412065609385412;0.1868091520129186
0.0692244196342563;0.9012868894346994;0.006822754125380248
0.4939633699491497;0.4745842558051191;0.9602091810186412
0.9523525976909702;0.07496175465174837;0.8884978328416056
0.4554203547468605;0.26126316774271696;0.7791924107347417
0.8395712642058133;0.32489714393485525;0.2712134597985859
0.21887510451829717;0.8435100678371704;0.5973537918766785
0.810008360311743;0.15831467965924761;0.23075833915930333
0.3572130142844683;0.5534483650901737;0.2704702417809831
0.3487846658856203;0.031139919745744038;0.07752002798755853
0.7059350091985825;0.06403890331554729;0.53241802013474
0.42180485947554314;0.5489927203115387;0.907687598051392
0.677980157011584;0.7328971202020322;0.42998007673378613
0.7527242057825067;0.42154491216213175;0.5014988639493022
0.720636530947942;0.2941179256101143;0.8671441036127595
0.37132993745851206;0.7600179535245177;0.10996518066751293
0.981997938236576;0.09457603246174828;0.7192185845110137
0.20971483785627365;0.8136161556056895;0.8408521578012431
0.12938715347424623;0.4446199254056118;0.787820704980501
0.825071986695676;0.6182273487975045;0.2931112608338232
0.4509225773478006;0.12314384526309319;0.14218279433180225
0.24719269444536485;0.29401677010161464;0.7556754871888163
0.32663431218641625;0.04237766217506811;0.21187151858299025
0.05684414762614698;0.8476783806563609;0.6588191456758549
0.47693782852528976;0.8713360898330886;0.5443479592115211
0.4747099132664333;0.020147332927412442;0.9296861232013218
0.9837860124059726;0.20929115320123004;0.8171956496577814
0.4613583098117864;0.19790613009429614;0.6367522586931191
0.3174062040887864;0.17663002105963077;0.38780139044960926
0.8350475936264179;0.21362610545797522;0.042974736604701635
0.3415583136235837;0.6271889080379417;0.9241593237730267
0.1820428786919437;0.1205380511695906;0.34599988711589014
0.18964648400631634;0.056789628777873635;0.5057107428898927
0.919063174276126;0.8773632098113264;0.937321239411844
0.6817271844728399;0.9454643902767688;0.09654590895335047
0.42859745596914756;0.712985904594861;0.2820244161432658
0.282057695822183;0.39622654121255063;0.5355175430115044
0.016047514862797874;0.07996209829178536;0.3943218552936498
0.0975934507412175;0.28526396911541885;0.5341360822225576
0.4189276743785675;0.37809941963078975;0.6052505148837223
0.2029836894311131;0.06503680651725774;0.1407763647678929
0.7878453348859557;0.7660776918898544;0.46703241539862794
0.11191157329640644;0.5720219536847334;0.777027504065839
0.5796616173562379;0.03803065765232361;0.7030516226732342
0.4006592202032696;0.7850292932383777;0.8729872642537163
0.32377837430906975;0.8358680153795249;0.1304435283995663
0.28786299681719885;0.32006863356540094;0.8978026994405409
0.6806731091183968;0.10588474553058169;0.7550954046765086
0.8129727750159303;0.7201224639856525;0.12218458348025285
0.7812602562694551;0.6764802607592091;0.7826149273217756
0.07203696639328006;0.7137029451343958;0.23191081277897208
0.7313940163831076;0.780944267362171;0.3591729692086817
0.6425800383009995;0.9517849118809488;0.42308548952519465
0.05371768332219229;0.571230839504327;0.9770238823981978
0.9873896332365932;0.44921626115544633;0.21362099685150227
0.5076649544950756;0.2993525951113958;0.3827243324601184
0.005554175619773782;0.9149869945812831;0.1534183976732365
0.53622797934484;0.5234493235597254;0.5121795014960399
0.660335843777466;0.710151772401418;0.4569471203706845
0.8231902107532483;0.6698144948958556;0.5798926256304078
0.9619175960737856;0.20617721244681886;0.20927732082825823
0.7279547209315563;0.7223886186075196;0.9380510383562546
0.7008095729164437;0.5355749001561233;0.5402133828445527
0.009985637794679314;0.5747292103806477;0.6900249673768775
0.5565132924253916;0.6129165345363593;0.0352718343438998
0.10936339795261563;0.46345857752858544;0.9389008923314165
0.7596627900045989;0.3677650584250468;0.34703081797347646
0.9814728093647158;0.21144370334005635;0.19930347935504356
0.03147481048962508;0.38472167379067046;0.6717820292478388
0.6040017255293726;0.9092105211166638;0.27687119668366234
0.7876298193693595;0.8869663175968885;0.9776016896495953
0.6833951516130826;0.8869181991368574;0.18048441711530572
0.5076793323219126;0.581176543874878;0.2456112027882219
0.7425406556265277;0.9326953452884947;0.3091047773133294
0.724183063393856;0.49697623080794373;0.5578054087217222
0.8111723531543367;0.146613920888243;0.8391454012164502
0.013424814434811028;0.9246444522709709;0.08569297810633991
0.39218117342846803;0.5858425472526462;0.7997269175635077
0.974412760433987;0.7042725307276737;0.8890410393469402
0.4159874387492297;0.4761157906657325;0.467668660156641
0.45887754679600967;0.46443662996286583;0.12813538358526877
0.1787830352214389;0.5661296639985071;0.04789554701065213
0.42003195713263086;0.5628638541125486;0.555259925415206
0.09200910851275412;0.5604703329217069;0.9086644761808083
0.013210886947402245;0.4425333989067255;0.8163788754793584
0.9795256610690612;0.11981505344576626;0.2531193509480184
0.4758735808058516;0.8772920273576152;0.5199452265109221
0.37578751964273904;0.16119254871934507;0.5521079731948126
0.7423182907478125;0.550965051518987;0.8618904188472197
0.9971722530928115;0.5129277316975492;0.5960335526702689
0.44129580908993027;0.9564456309214671;0.6208424580876006
0.43337321702200393;0.9624728980660124;0.8989579892195968
0.04957069551564952;0.6613808429948033;0.2996532283901271
0.17669753626716755;0.6312231564231569;0.8208872638745258
0.6867996894778375;0.1399676120678287;0.1876612323007959
0.2830765115780457;0.17311641853322346;0.8523328912681695
0.2868391596450469;0.5322850467849533;0.46821102942241644
0.7480140246299152;0.3124801807629308;0.7639173760395186
0.9605619361839841;0.899106437802918;0.3217954207458532
0.94746487888254;0.027710665608360774;0.9814291213251479
0.013176208977629389;0.6797211560513357;0.7360108175757077
0.8299407126528776;0.2292574542047766;0.8811646407446219
0.7866246477287181;0.4299274932404904;0.9250300348408115
0.35804804574713855;0.1392642415436356;0.03823522246335609
0.8145262378653879;0.25157942425513524;0.37755215492451477
0.6288896271967135;0.3864489732139974;0.5201032333210204
0.011508090207120847;0.36156043840826424;0.7692398139049609
0.2178066892371361;0.4018470994791814;0.39824997825370967
0.28171810600101765;0.52035431451858;0.4606497449122601
0.96333304985611;0.08688277845492576;0.9584177158764454
0.12656534765727023;0.22279415216234066;0.6420100845984653
0.026067537239546912;0.02740487944479031;0.06669573811977292
0.7838755132001125;0.2176397166489754;0.6307721056659313
0.4889637807334771;0.37494090914866474;0.9056016858516651
0.2423064004427704;0.2426555694087661;0.1773511180766728
0.09257518876524129;0.4774494261494917;0.61391072353876
0.6513506500329087;0.17341703368210926;0.0013262175920689678
0.9344126967903639;0.7307111191156721;0.39194786610617594
0.26260449021599075;0.3227798729427763;0.47738274594435715
0.5741529485598893;0.2556555598580964;0.9538420378001372
0.3587699236129458;0.7443392879857241;0.34700911735569884
0.6610981222671507;0.8228201982867238;0.47191199394227634
0.5147934259282175;0.8866115357340467;0.07152789646977353
0.5281708187789119;0.6550722796412349;0.9824916278665229
0.3945893301663189;0.520668039387488;0.09481038006053599
0.43933112302389155;0.4367916246745899;0.4237175893761458
0.5423929654297397;0.5718329979072078;0.8802310809647075
0.9424443140400003;0.8479445430951963;0.17650485238443525
0.1565675869537123;0.197415689476775;0.8904700112944729
0.02172030879400222;0.6510986116663042;0.10373216041332822
0.07344927454631356;0.09059466104333103;0.03377371935978357
0.4286839007528055;0.833288773008508;0.12092105236970785
0.2555162416973278;0.9338205873960294;0.9755978295828994
0.7502431021335549;0.14911871268239663;0.6378961305026148
0.9370286181417874;0.21323826751982589;0.34196215195340773
0.30909406190473854;0.4205541120432573;0.47387107910706494
0.5267679171977173;0.6126736207113228;0.5156831006383511
0.8132324061879747;0.5597575020088491;0.7214625541704172
0.33848161713853075;0.23020701253074838;0.49262878253264775
0.8465380856126724;0.721552472382851;0.000594714175832789
0.26267506609776525;0.9569242183416374;0.21561484705725242
0.06008502046005615;0.6496709213541514;0.09549393044549315
0.9543884748038337;0.4063562905205613;0.31113742940778244
0.7978329113823892;0.8650196969650014;0.6155316644106733
0.8511208952451406;0.4757678470368578;0.2925970110166807
0.5461094975338348;0.8417892638866447;0.250353802205733
0.9047397876593787;0.11878743299065453;0.1395214493700434
0.6254767203886097;0.734182642996023;0.41056494717930847
0.5403444204528296;0.12941206363691027;0.5143545468603715
0.5184933803670031;0.331729266919646;0.33784452849815827
0.5578827089039887;0.8582691214879393;0.3571666721522937
0.4821592774541199;0.8722160465878566;0.560787236312532
0.5674256822749678;0.5466357435794433;0.4639059048208445
0.6548383548094747;0.3050272245710244;0.8912315302244644
0.16348336237754268;0.08770186889401377;0.13856777924111174
0.3075828157988627;0.4236235685213131;0.4869669672458806
0.8055251655566539;0.9630847105764953;0.40555453051834756
0.3027266135201473;0.48172143999297623;0.3976793085561753
0.3530992294952139;0.21734806088962688;0.7651384380560936
0.984298250710178;0.696799155274443;0.9562287886486833
0.22081335653520984;0.9691967927033716;0.18028399765070746
0.1437766627613959;0.4752062790626391;0.21146850663825023
0.8186441296100926;0.9152872662995379;0.2746032701554565
0.8029414725738064;0.10650617664246964;0.8468899989102868
0.056345872824808074;0.15857486428013734;0.3746421514075282
0.765684898764413;0.6106218005464493;0.4014478935128253
0.39158529736344205;0.3015188212814627;0.15370740997341015
0.857559135905511;0.03953830091369881;0.437183903408085
0.13099797635448784;0.050194329357985956;0.9546282772900097
0.07030123484736828;0.1363822721686927;0.7374435316258884
0.8867252478143203;0.07069084512061108;0.14243180324129712
0.26396670815987033;0.11671620670353655;0.45727013737585576
0.4002561880977963;0.9364223584113881;0.12560508298743
0.07815965204679709;0.7477456665840072;0.47538132527414434
0.4252806316861494;0.07546462972059664;0.26059233178555996
0.25203391217590276;0.031985859766035296;0.34454586599845016
0.927749575070996;0.09290259062542727;0.5686966324687204
0.4892127349713866;0.5564920663454973;0.8339257371329801
0.4922694104333377;0.5397214092907231;0.4649380464708287
0.093185994302172;0.5545536160011969;0.23278883063773492
0.43832697044505264;0.9213318240442412;0.18895110558974626
0.45562343059343546;0.06463462172425372;0.6248874246089308
0.5188706415909728;0.6790018794551916;0.7695363020194093
0.8782990786201824;0.13996178052174835;0.29288656980267347
0.7062112752991789;0.7722158329229772;0.3886345459663624
0.44954548626489577;0.26286947917020353;0.4497248422051465
0.5940448230481872;0.010924709679511535;0.47883246849422256
0.6550526102336447;0.09579034995748281;0.0023708238682301763
0.21615375859237151;0.8660064224942996;0.13411610545900143
0.3205526437231516;0.4336506136238709;0.5333386018137433
0.4325503428781433;0.8826733252509429;0.2118928179864562
0.08677286211792001;0.008530904394057681;0.23899930893944987
0.6046401040457041;0.4643674379811501;0.5568029446376934
0.7894841429870809;0.5404729524498879;0.6590996359799626
0.19403298639223765;0.31286229577924574;0.15503064250139165
0.38326889764933314;0.7548542367948398;0.2393738721876174
0.9552933260669441;0.7201442803086024;0.008526482278806924
0.8798280754492517;0.8942089260417886;0.3186317894723526
0.3455073974280479;0.19766689886048383;0.0947265391782709
0.4671913142932037;0.8800912090917237;0.14846160578869405
0.07249169034402458;0.7801935772397373;0.9383800887987872
0.2715403173111316;0.498343866662164;0.07731364091262838
0.581639685308366;0.6903756738304012;0.8674111144650433
0.5432319742253239;0.2888560192971905;0.5358974202245073
0.44440813341305974;0.39588047541204596;0.22794649935975586
0.2182563932772379;0.3105309779600516;0.10207274675841649
0.3161484324180114;0.37587117963463024;0.33877979003073666
0.12268472499161853;0.32605265558957897;0.6434253715648519
0.4524305896213656;0.16627999414537065;0.8277376831112246
0.9687331711466507;0.7598523271842316;0.5127428725346291
0.16787383411528667;0.5386604595872052;0.19542329705208183
0.08964274804237893;0.1604836045235556;0.730871009081166
0.4399658795765421;0.04858769100246996;0.893077192455807
0.20353678392542285;0.36171279962541647;0.9597720367333464
0.13116229844041905;0.3631778838356121;0.8878380361167437
0.8584348073766938;0.7892147737801977;0.5441709176722849
0.203448804415435;0.22127472337235765;0.5110578439139073
0.1216447626233772;0.31308766054907955;0.022692079983979374
0.6168694148421141;0.5656807626243033;0.5815400144405471
0.35485768476494883;0.01783924908026313;0.42461345052850175
0.4043599418356164;0.38304897798892024;0.9318378037038503
0.6005188858135108;0.3812733982979968;0.6086523009692594
0.68559925266462;0.1556503489597455;0.11595580544898676
0.08162512899900376;0.3247789852810491;0.1991307214237541
0.536014862554374;0.09730452187467564;0.8393905890751645
0.29037444861596484;0.0878825500447249;0.7929817672848248
0.4952560264579765;0.7844053936216037;0.7758524870469798
0.04305934904025721;0.030582375245616245;0.4657949977846284
0.8039787909115358;0.9229049649672945;0.9680731621135618
0.48426713769753293;0.11158586375829971;0.3461236877593511
0.5376830793217571;0.29337262658235574;0.1974965492582006
0.1930356203603445;0.28162009226705;0.14934916383213637
0.9391449747476946;0.03722647044086991;0.3720986534907741
0.2100733441414364;0.7123453166423894;0.7977610153303558
0.4147391749914674;0.0143677833193111;0.1596822701586479
0.2896837251453239;0.18705881084440712;0.9534905907638321
0.3356990000661638;0.007471632875534651;0.06464989241292574
0.6698149884659274;0.4000141665991649;0.4146583287702844
0.5395933852234736;0.9037811824537767;0.3759982720865983
0.34915721660825083;0.21023417733745597;0.15592708039691183
0.3074254729272694;0.5805662832140158;0.9991226735890069
0.5962195142515112;0.21714804811267785;0.1755916734912526
0.8392193854904422;0.44462252417143555;0.5525516892797406
0.7383701066325361;0.7364658735886582;0.7836161932329467
0.20101228511715796;0.45910057924805703;0.8698060816336239
0.4070775086081885;0.7209793320899558;0.28991924092986787
0.17140651430797704;0.06277444790966769;0.01191251006373828
0.35675955344799126;0.7204653880880059;0.4043704919984208
0.6741175460715513;0.5095820449694262;0.24595267235278617
0.6277410132961522;0.9356480031245356;0.11023600646144371
0.21377478150976303;0.8388528752765407;0.5354770228315604
0.5792430749047974;0.20925113947759166;0.7047251409540756
0.16503551268393146;0.701043435068215;0.4783635791751205
0.4216828061693144;0.2056908256863339;0.36593805321057804
0.16272882959260393;0.7218486162757933;0.7303391250494146
0.5793107245499127;0.5053977969349144;0.9355948730940494
0.3726842479280761;0.5351699461908109;0.5723988597623059
0.4599085520393391;0.0007018781014228592;0.6469065072623823
0.08246164475489126;0.8692358989483022;0.7331824128336266
0.936062392847157;0.6228984972503333;0.13318559981883027
0.44320337148672173;0.5505507300120277;0.4623676439121024
0.6155933443172258;0.6936430622868218;0.44525237327106637
0.7648985193401493;0.9224756905336465;0.8134668554168533
0.8787353086599466;0.6848205833745169;0.5727472267317504
0.6012480247193293;0.13978526135510105;0.6876718972589376
0.1384289150813226;0.40601381596487807;0.983888059807256
0.4084611124593054;0.8208339613659312;0.544078713777451
0.4977302282908763;0.4383533872473174;0.6558937764412649
0.6640700357567901;0.821993636170509;0.3712884952664942
0.8693767678457275;0.11441798594688701;0.10520519781884263
0.5524712625048205;0.16324660923466972;0.5798417854580413
0.7157462591359225;0.40002530531771263;0.03554331617321649
0.3670007947346675;0.35377051655357405;0.9985416749866851
0.7581133227761059;0.1363392865075097;0.2352049979607328
0.5663693210453502;0.2750087624943848;0.16343616919179893
0.3447694335226482;0.9367487632767046;0.2637961542383028
0.3075624276073301;0.9848331227629196;0.15159247291585642
0.9102076202171594;0.9979357065031882;0.3154812035674026
0.7028379156160841;0.592798871840722;0.6996837145246404
0.5124627534014041;0.5241709835091021;0.7120977284261376
0.6109373686834539;0.8152051586638388;0.9414942087603667
0.14634167990754965;0.662671926406278;0.33575989049896304
0.3262366023203628;0.5513529287130764;0.44996083318501234
0.832042993826205;0.03913380586437509;0.051492472432044245
0.6807232080690709;0.20230109986305267;0.2632552916482953
0.5855638816284215;0.29830686639438075;0.2102932463584697
0.5079335479041898;0.8019025553514085;0.3769772189286943
0.560618717818844;0.07757512380469156;0.6478783440693567
0.4475744370839789;0.897848740441371;0.5029632814509225
0.9674982780139793;0.14887680853219576;0.792948784746899
0.8185608363081994;0.6801365202147855;0.936760819217212
0.5313956432293496;0.7353183650342594;0.40318397428993924
0.7231239085162954;0.3768133080765036;0.8239018024309585
0.9203129241553535;0.3390789766587723;0.04522315183834169
0.008835948495088619;0.4455974749867022;0.6666258152325883
0.3020434526111643;0.8409724437157421;0.6054953255895325
0.3408458452928287;0.3138906218731927;0.6394564648656602
0.9394089735849235;0.5118464010316534;0.050638795102444956
0.17527392428747857;0.6906749199791825;0.5121988169284973
0.3207172755180212;0.8398825549353445;0.848100694605138
0.42919108058013944;0.5801288151276369;0.12159242303008178
0.6586328610964597;0.7939665944210782;0.7558698436653395
0.2927906267706176;0.6949334288457565;0.003807783011232413
0.8093506171987573;0.018430159157062254;0.14758238609343755
0.719381008884521;0.24357553305876933;0.24627073356389007
0.09241650062052797;0.37055391812900274;0.07490535725335679
0.4225545704052057;0.0506505728153952;0.4853599865364495
0.20629565799959138;0.6485626902341715;0.3830229436272058
0.787026231945094;0.4654975051944801;0.3499638800929835
0.814608219279384;0.6241045363306252;0.1788373009019706
0.6912440608356618;0.22101758068781396;0.41656423390044917
0.19113790954330634;0.33917133351803574;0.6719644353671334
0.5517496111071121;0.13710643149656487;0.7222066620458072
0.8250565600311366;0.7471499275384073;0.9970982932192124
0.09215287865551647;0.8950596648805276;0.5477521259479018
0.2115657086248095;0.9011398176473351;0.8006161089423579
0.39541586184305233;0.33017599190821856;0.0859507995245572
0.9269191789882941;0.0809509210904007;0.1396644250583614
0.2734951394277215;0.15931474626648157;0.8457315464540225
0.3866843010912566;0.5704609574180187;0.9741311878720115
0.27084460622674444;0.6461755879641614;0.5195107268992337
0.23223837499105016;0.056706763650129166;0.9798549131426624
0.9029424299267269;0.994380681382127;0.42232643358890853
0.8378397259923682;0.22196752550844523;0.5760393889790612
0.38109212279930815;0.0073694142658211614;0.04964395151661871
0.5289057484638311;0.3086597546545734;0.9133279049348008
0.7161557870597599;0.6134675963879069;0.322811805608926
0.05145765086660503;0.9186963140226407;0.4010332237027542
0.3794007315992758;0.5594114353080759;0.08493856283444845
0.7789964201542552;0.18740566865657537;0.2704493809076044
0.28221630596094116;0.009378317568294325;0.0714618705965
0.8850502285059476;0.6343047213574003;0.6495503478402038
0.5228245415672926;0.9701752190199401;0.9640725007305753
0.22039130967360077;0.28748927477479824;0.5268305599505353
0.8430766684405764;0.545501076232096;0.4734639557538569
0.17358831936327834;0.5122270341273233;0.8219193526677008
0.8299844909490697;0.20725679761024296;0.9038249692198245
0.3070286581806051;0.5996731504830447;0.10065685802936186
0.32696144738429744;0.5576751122023886;0.9887521237401892
0.40291668503328437;0.33281098511494367;0.7476556274630095
0.8226646798719318;0.12313207093444312;0.191313627616419
0.5836504193123109;0.1140706517602148;0.3063498741937284
0.8828058866156763;0.4583725072408147;0.5978266265676068
0.13635237809979484;0.9151093117911774;0.38311542817178634
0.1401373671969527;0.9063607004947815;0.5953420444496192
0.8506674800980476;0.09906524930808536;0.687170817074438
0.7968222910170365;0.4216511438859445;0.6104294460533747
0.9613882978336282;0.4787703680054649;0.8243994008732125
0.7757027976506727;0.6702431657192174;0.05914300397716532
0.9704004562880377;0.921723648129682;0.356416443527775
0.15163132541040547;0.9936098907940091;0.8663722384248527
0.5927729479878188;0.10915374384837528;0.42024946759463
0.29989026519007556;0.2520512677473178;0.5241986200967459
0.5890472213955279;0.8956426107581654;0.04759730497689951
0.31249217127377393;0.4951088848663677;0.446436748211391
0.21682673479645964;0.1738861811669843;0.4477121632538801
0.36664413792319395;0.16055416113628884;0.3865167885263969
0.41134864115914926;0.685788774797772;0.14312196308372993
0.6832049854138276;0.9971351884461068;0.4802207973452759
0.4457522850020008;0.5164877354735276;0.5155498316875925
0.6180141854595808;0.21562672146050987;0.23842994951179286
0.4014338465506724;0.9358348646660507;0.4185647447717431
0.47678949367703516;0.676385980987696;0.5746285539140711
0.2583314784267251;0.5496700799128189;0.9516016138655914
0.9990083624212721;0.5991552545665433;0.6145383047601368
0.1619762584339528;0.8496925931397781;0.9290619815596759
0.12124045758137836;0.7258279694548955;0.7065690683663054
0.6568379096498181;0.0030523097170113145;0.3275190401585204
0.6442523018332288;0.012684124984447598;0.357558242821039
0.8497124252713008;0.8478921582740032;0.7283643714732067
0.41789897775236384;0.5661907587678966;0.09511617807745165
0.08315224194502613;0.7287042962863255;0.5946115165115694
0.49847711062031663;0.9922232099749329;0.7989460145092763
0.7007555382688976;0.06730844539164338;0.8444603884274192
0.5410538972188221;0.38290875064559937;0.3816144383478104
0.7174162926640183;0.8111832028207;0.35661990824902967
0.7201800827683356;0.6010584197779468;0.6499706808396353
0.43305116684541245;0.21775461749229663;0.9423050671269959
0.28647909929432347;0.7421288982965266;0.12663187149758182
0.3721865652916515;0.8957549250921395;0.7444922178415709
0.20746516734784803;0.4802318286184154;0.6978894939917273
0.2848092792296838;0.9840797199936695;0.908687127965867
0.4793702636096907;0.8196448716245991;0.001972728773568355
0.22882112000075205;0.16007776161785114;0.21709446509432817
0.9980414994027482;0.7941937631784791;0.11983172919712481
0.9501118810655071;0.6003220105674848;0.28306429261451804
0.3760339752352948;0.0855014164160729;0.456641001433881
0.6143274064427698;0.28081419140982056;0.32069502812907513
0.8961297499793501;0.6112718668019662;0.1727362898406175
0.08198465753504336;0.00038577070693712745;0.37466693917364113
0.6812616194572785;0.3523727018049645;0.10269822198605227
0.5240510268195225;0.78793030532456;0.7047166429424503
0.16188585695119484;0.6017539562836752;0.01034058193167886
0.0018950351755937511;0.2719204832463258;0.6534343714220554
0.09113299691346421;0.06658719950534464;0.14753893922789008
0.018667911492002642;0.6627906578558308;0.9374327062563331
0.32237779521699006;0.2585310021493733;0.6091863323056109
0.8874213213731144;0.6809413879253858;0.704838106125903
0.22646565339418423;0.7858136595617691;0.9103863037090236
0.38877107916419873;0.7600031196811247;0.8785754590913216
0.517070507688239;0.8835367659836416;0.960994700357092
0.7531764765804297;0.8409940026468936;0.6196136063850742
0.9829905232927286;0.5086469004493087;7.090377648300006e-05
0.45797812664739224;0.809209753684687;0.03007025533438623
0.9388549625528891;0.23003618047170415;0.7703706117616845
0.06519679615324714;0.1793951649608012;0.6909749238361393
0.7939936573633503;0.10919510979075897;0.027963826789377033
0.7615537404206174;0.8989006282286233;0.6230761577121681
0.9648452241675165;0.5877154103174317;0.4441483499069726
0.41757406541457465;0.2291734294888934;0.20243791883414308
0.5777884319255709;0.12500105845129217;0.0211449111022598
0.45073192577634313;0.5851172208019066;0.43439176601116125
0.3023699051786083;0.011659583172706656;0.15509103904302668
0.15017260126485787;0.4826540974729442;0.17732189076297977
0.29729041794380173;0.13254824550535782;0.710566746160025
0.8919017337506804;0.7317947907006908;0.10771718045331158
0.868899424889321;0.13953160136258136;0.737856674891623
0.08609104238694654;0.46467896835147304;0.8093359709529843
0.8407434761276092;0.8064953893868432;0.6757613260402826
0.4763750162624121;0.6854962886179655;0.5931758670078667
0.07954280067374686;0.992071930568178;0.6252206987502993
0.5820731236503093;0.17607345362353066;0.6178472665172174
0.07976659865202074;0.33840780936332127;0.8088168385906611
0.14897159979940067;0.5463175551267193;0.3345835901199433
0.5357680950887107;0.4403610718080436;0.9904590754007356
0.8538817870284764;0.9580949878225458;0.5286933457266563
0.24988966419898806;0.3850764558703239;0.3855543816099495
0.20912081388298664;0.33476085901814623;0.7367998502669826
0.7271349677799078;0.7501506745033132;0.23727595016077163
0.9345909158156755;0.2198507137001171;0.8731173651052424
0.13311930042312703;0.07080330141515423;0.4832608716882615
0.7926527309627337;0.4729508551386772;0.9460109809987798
0.16879549113487846;0.8614600555523287;0.8580384221214244
0.41651111153630427;0.3190548523439678;0.9789409478003707
0.2161027153876658;0.9062825544527136;0.6892662876290705
0.908276120437968;0.07820871390489748;0.1930845609079196
0.9679626387910752;0.25054279387951395;0.6059626939163137
0.10834894534077699;0.5286380231466339;0.40637707194156336
0.8232369721773558;0.11714165656821562;0.9628352604417654
0.5530011198599888;0.018613897262339085;0.7719367418073179
0.9666221859808477;0.3572216259485028;0.4543893410034331
0.21744244962188275;0.3766505242828395;0.6195714404805169
0.6240958867489891;0.16917334357032576;0.6157601637147307
0.18665487196293373;0.679977922535188;0.32715313443414984
0.22918287683523442;0.693124871140137;0.8385882739838919
0.5613401306138341;0.051374729947268216;0.6009741578258593
0.6042630512397672;0.798957372147343;0.5624024498707428
0.21743887978647625;0.8816468972511201;0.6215071200641449
0.18175520238607545;0.3165229056632828;0.21304306093585756
0.45952490190162;0.28086250374693733;0.9157640941263049
0.04260186019241152;0.6971981079839029;0.061558179621832076
0.9429200468786252;0.007243803807201354;0.5547149263697895
0.09205837119954352;0.8799438882946197;0.63897038766281
0.15817029685786277;0.18991995149847385;0.7999968050636074
0.8301598392891872;0.4183656341553065;0.3683509022779451
0.5854986614248034;0.3052295522366887;0.9163915926425023
0.4101268827382982;0.9956870422599542;0.693577867039173
0.4585018973740701;0.1614544385044756;0.9186333088565763
0.42400047947494945;0.47595771524617836;0.2627832214531314
0.10570636981534443;0.08012962660452927;0.8295600348918112
0.49972574007773796;0.29768121332023245;0.6359482678544094
0.7493573126413172;0.7612512180068983;0.013078968949180148
0.13563033339277186;0.16165612687920883;0.12627585101533523
0.6265029343167346;0.6940455017462439;0.4009695998121128
0.16346906183555532;0.07920093108205073;0.6687873751584816
0.7152335815194928;0.4843145890680296;0.41607305243563053
0.37401674543129304;0.986688855205884;0.0906582659732964
0.18814391882590775;0.9603552594358152;0.029669156594710477
0.06169280676346767;0.8762243829536184;0.5125382205125291
0.020033294590797612;0.16465101559589412;0.9686944927572039
0.27662750579875817;0.4851130326227987;0.2980618540969404
0.7370629769506921;0.029884965978519862;0.8149666810445775
0.8003329237231545;0.795443377619537;0.04164457464053595
0.32956981188084555;0.25016256847301754;0.8716229539889196
0.4848860472956611;0.12584355411007542;0.3289226020088287
0.6346736288440415;0.3959932826010033;0.2627809264160077
0.8679542062045852;0.900981963085723;0.02575000004873862
0.3883418144198988;0.151114168844388;0.466092187233352
0.6384136457093345;0.8514089206868232;0.8766883675188482
0.5414740031436694;0.5027703848855823;0.004831122669479382
0.0968334623010304;0.3864616484966086;0.29884526112355003
0.9271991855065574;0.8890071194056851;0.49283062859734306
0.618564086384021;0.35217333941910245;0.15476171881383194
0.17556838484253845;0.8502919146958142;0.997404028080243
0.7549750548164659;0.958728589518032;0.40965097254180827
0.6814003301420871;0.1434125765146057;0.09016135486846277
0.7414749079515335;0.31374826283508406;0.9261806686870447
0.3001682103552593;0.39055659886981897;0.17923899819979716
0.05675264473774211;0.21590285393464337;0.10050701042876553
0.7912964112526901;0.9136621690699633;0.4863037578112894
0.3515573794520257;0.0716313279924714;0.7702904668435002
0.12058185353945672;0.36647366207869203;0.7895556592499716
0.045759173558207134;0.6884045205769508;0.9523659813272707
0.3852365493344171;0.32365781325690945;0.7228591159871152
0.7288662894041174;0.08000169080564112;0.20025656678904735
0.24490557779861588;0.7196508462322272;0.6540005750743499
0.6827800994156078;0.977789911412992;0.9088446225476997
0.5426139511627828;0.732144817439284;0.4616395047081837
0.2847249794486463;0.9266123912480683;0.4964439299590805
0.5533313368587329;0.37987304519807463;0.18734024502902136
0.908586076078099;0.9549772736607302;0.22140011485590094
0.3960526871770187;0.008760856698381225;0.28508110337865833
0.9353337045902708;0.5550563068255178;0.07719980806006554
0.984076304097931;0.3962014442274967;0.06825385526658856
0.5719799274789585;0.35705657054740225;0.9105006323302252
0.07614327131353171;0.778643714361934;0.8217858279021636
0.7576110350049414;0.5414506532452292;0.8338806007850285
0.08124508939206176;0.43766735573376037;0.3106035328416117
0.3842102008256485;0.19176799957061608;0.06751110280273764
0.20181800865052146;0.6959411346556413;0.5558889431467527
0.601324418610889;0.7409314077443194;0.9565223904331185
0.6712302334920015;0.38329095513195843;0.08229989839778551
0.7221689631581399;0.9502863749938375;0.3804201601502606
0.19704985866435976;0.24709643493471922;0.7224133377604045
0.6781054769343664;0.06853644013312354;0.18077747132384958
0.3198191945521408;0.7125031545647825;0.16763396840767653
0.5813707415693995;0.7988530121058877;0.5546137284662136
0.9353722215339809;0.2616703285623536;0.6044300243879034
0.6244655161576234;0.20675968442046622;0.4004070903103255
0.8704856089728125;0.36287171249653616;0.7915393112955496
0.9251857159608351;0.4928959670538914;0.10523186565359655
0.6697665292725539;0.8400881129567935;0.6333874621898395
0.7730601935729753;0.6518954487305855;0.22773515551686674
0.594713110195342;0.4460059543310768;0.4955044870484575
0.3632235780139378;0.8049731253908209;0.6955823730757213
0.4208456359884192;0.7027750775461307;0.6113388436074809
0.5757938411589703;0.9175077981638979;0.9141464757151746
0.20652454900209394;0.7371580894686133;0.8507125114913162
0.93556159884856;0.7305484537858526;0.504254595800949
0.4845476861292566;0.3243485447069252;0.43457991475477364
0.27766417598848325;0.8757041021970011;0.1359628787091285
0.0011890443994986288;0.27933519204799095;0.08835741350968274
0.0716647556390253;0.7691578972369403;0.7578677549278574
0.8016007200123118;0.9794921824753231;0.49071018572909986
0.2962616917051697;0.6717309417914984;0.44624002433353605
0.702021589825276;0.08015257800662545;0.5146596728907864
0.6417062018256237;0.9060019711204789;0.07974013996624896
0.316692590685574;0.09733511085643587;0.18527956599637718
0.28068509137352804;0.3087885586482162;0.7563375562312128
0.2369375228072229;0.8329334929117845;0.9625520884849568
0.91674270295494;0.26749439560704547;0.6771920028844977
0.6610654787163324;0.2147906555940695;0.0753847101381474
0.24105398475605166;0.056035597234492696;0.21658608529749923
0.754161912753504;0.9995806381783143;0.856534494286661
0.5934488961409147;0.22356458965033077;0.26488866849285586
0.1439137607346357;0.8547277789501464;0.4554963310283583
0.9458048717650172;0.9528171087455825;0.3217159348966887
0.09900743462027428;0.6769165888899156;0.3215468502837969
0.25672771196211497;0.037465791967313256;0.27382202391683996
0.4009184058915446;0.5716333929445142;0.8719466160133513
0.39805522815828187;0.577010006246158;0.9779941367688779
0.39900796864053933;0.7699635931155966;0.05492464256566354
0.2832478089298963;0.6759143234109265;0.08661735101388379
0.5221266868242792;0.03399461631717393;0.4373749950117687
0.4548963087714738;0.07689027068617116;0.8427566208127123
0.5748933605606572;0.6327298678864638;0.9681149647569044
0.07504951749227695;0.6647721779913821;0.2309763705855784
0.27465065559382684;0.24769855060563017;0.7471005890316924
0.03932745197259335;0.5352167547334918;0.7904640635578368
0.8343834449126053;0.24682131807236263;0.05250293234965342
0.760848619489891;0.3400271461993737;0.020637826437115758
0.4123705795406901;0.628237318663449;0.24403594566007736
0.8233525590907171;0.4845794483151641;0.8202711821530027
0.974038157684038;0.9072104986409691;0.6682126477991991
0.2350002639664157;0.7663729332542683;0.5329509228012194
0.8799578976973828;0.7532711255900965;0.8561894282927367
0.13929615829961417;0.3689014790732371;0.013435874474811094
0.10398609926752211;0.8082089478469605;0.02609058885807891
0.6171044725265887;0.683836813085977;0.8525386370530748
0.06467974914420738;0.9979405139924783;0.9007114660556331
0.7579751357870044;0.09606060002658401;0.7855347768778548
0.8568286509618126;0.7209137409526064;0.8118512252248737
0.4964576066818429;0.9255080363340271;0.399167032097154
0.6551373813097171;0.23069415877306698;0.16212986754584557
0.2607257633768799;0.6986145642722832;0.3637479111257016
0.9519300184121193;0.4390605350931185;0.15503854558505037
0.0002686187399787432;0.4830513082476747;0.6044911040015133
0.17932885395191667;0.3820808905803842;0.09160212751213215
0.5743491479429355;0.9024636539904276;0.7112638038139161
0.8628054767632329;0.8426854762113141;0.22469966495051352
0.9134999797105117;0.03657324485324298;0.39416627224070466
0.25179833256799555;0.6668078336149487;0.43463947206518294
0.5317551007027764;0.2785004759533566;0.9991679615681619
0.7216631433966497;0.5773933612978143;0.003623114323430099
0.9389139718876434;0.7733924109284449;0.6532310070646175
0.523274256850004;0.15341090543595948;0.6745774636334403
0.18905340853146502;0.7682350607171238;0.023641821474801428
0.4005632022800967;0.653036692681752;0.6315246962385141
0.8138190338639693;0.5862950153363331;0.4442803738871707
0.7307776102901516;0.2546468620265986;0.1582974579144113
0.17024367636958704;0.45111751992752513;0.7052318479770444
0.8453388753556642;0.4562526128490034;0.2061063518417906
0.7611261484206744;0.42066731490092135;0.07124381444556571
0.6258940351419819;0.6199427359745512;0.07989707348799568
0.13053393523188161;0.4780553402795814;0.15703442357115693
0.15737809907913547;0.5898296186500509;0.2582723725322158
0.15559223368050923;0.2738449509452474;0.6677471043409925
0.1660900360196378;0.6925351959449588;0.43983825853056124
0.7820860909237831;0.8662371680296757;0.4324942068147861
0.814455606047074;0.4956266110001345;0.6021085011073442
0.5645872931041256;0.14293611047575216;0.6648288176128695
0.7736455189805567;0.39861814983443056;0.028901455523386854
0.35960557288371076;0.3635963124232974;0.1452796966918466
0.42777093246169795;0.22159347037771004;0.6429057196597124
0.34717310056978445;0.4220131141165605;0.849418144288969
0.35013321196254554;0.42764093291950944;0.8203303218842077
0.9606589793568461;0.0013383213378366232;0.4393973321914546
0.6430681109068961;0.1731996388717575;0.7732823307220801
0.6469169454150115;0.45791668237621797;0.8514096024401727
0.4940419919067386;0.6658855239483107;0.5864134959691744
0.49154293262851334;0.3589849850155584;0.6255673303829089
0.2004343449230902;0.8041094845147142;0.8467281946334977
0.7508601624483513;0.7990902634381207;0.24424248617508248
0.8906733604943887;0.3203852109568903;0.01950777667819048
0.9041592161115698;0.3482897259474398;0.6133893735732776
0.6767221263413737;0.2201696771523981;0.15534384911283883
0.46931330315710906;0.24614681263241456;0.3624870410294724
0.7444409847552447;0.5693085261326347;0.425545526219992
0.22861926703740554;0.41228907265075787;0.8155948710151943
0.16701073171334302;0.5029729928211271;0.447322077178243
0.6455485313566751;0.4747263600357181;0.19484222745742796
0.6357604439192749;0.9391933078072469;0.2928578247897926
0.27240537363617834;0.8548659727328207;0.2931594209118573
0.9778336795713208;0.29462333398106544;0.9303945486319474
0.026177719847654157;0.66147661678931;0.6305646642081043
0.7225462257026087;0.4059136236972457;0.5860442345813192
0.2655225114379369;0.17480941656567217;0.742353865638699
0.5127364679878785;0.7109181260806677;0.7930897625963863
0.9624051292145168;0.20099371517102527;0.08664456980439761
0.811171647258001;0.006001530921593834;0.33682957703139205
0.7884565094042277;0.12225978349329647;0.4533768407730209
0.5711366962830352;0.6972196309914653;0.12209941726565265
0.7809549244499036;0.0742870349143816;0.18757451891899013
0.5269299554293841;0.6632262136984832;0.6208239262111362
0.7780716470150209;0.21182026943307786;0.49014576320679826
0.6753682627438697;0.5591975776572317;0.08526206460591534
0.3169509768795338;0.31210733419490366;0.5219490186996688
0.45808029533632666;0.11174552599653809;0.1439987562394247
0.5794347903853716;0.8684449160349447;0.8723834789269665
0.2766280506108022;0.22118271333741768;0.5273868690025295
0.16179027521330702;0.8745991645806915;0.9332687119562403
0.0561904476614935;0.6964547584659248;0.8071997611646942
0.12129653853673827;0.2730505094449547;0.4121693784088085
0.8816000209014109;0.096201945887472;0.10602082028086901
0.26020698790294994;0.10828550439781004;0.8925833590195471
0.9691693629177663;0.3572566869487739;0.5417795217894288
0.8390764580666319;0.20053741960473948;0.08422360465219825
0.4549615550353455;0.9866344065429615;0.6801994073624111
0.07259503669160361;0.19086321233169812;0.31836644256965796
0.7343201907045176;0.51157280196924;0.8920117531640379
0.6698347038532247;0.33458832671237004;0.5945935876524029
0.8555819937641783;0.18422450181808192;0.9304936502310612
0.19304139012121435;0.26877870885465494;0.6494087240378952
0.1923059846828329;0.8564735823131014;0.025905754331322473
0.29284564808032254;0.4520972268384007;0.7115976402797703
0.19597217228932795;0.9326839190625924;0.00035810317900908384
0.36603906945763753;0.9932366335415435;0.6840081684503345
0.02594195704883029;0.3568023622089177;0.634546996046032
0.2877537664130533;0.1807104290638486;0.11094284290332723
0.9308234659936258;0.33203237474091885;0.06574329130651302
0.4914809677376403;0.8752212835603479;0.017293610309656038
0.6986561458377646;0.28463921858697805;0.5492283135496686
0.8482140762395021;0.6727638380420266;0.9134635247890153
0.7206503236767013;0.9465775013909065;0.7327765391935969
0.9974232438342118;0.4537319424524291;0.16720627094831275
0.6538411906665202;0.9969929026832058;0.8421313608633831
0.5083026138160821;0.014283969174226141;0.8322879005582366
0.7076883627515836;0.6350027785894999;0.06896993657486217
0.4998696980946158;0.833589420729844;0.035939200849383623
0.26625304193656496;0.3822079000242964;0.5377041520925524
0.8543415892557505;0.3288806888477306;0.09751835955828225
0.7066569809445825;0.5064528075305746;0.16542395106784868
0.2561382629589919;0.12924092477657378;0.9678560641779932
0.8648245176755172;0.42918794249391046;0.008961766721080289
0.20478663189471036;0.5222022338803125;0.09227895883702997
0.5064759204777833;0.2143428338693265;0.19095104616092107
0.07835318091326071;0.18596521386499165;0.42124435835903584
0.46131090528790186;0.9331533719851178;0.2537891543821109
0.2891272230470757;0.4976185914348422;0.8020601077606692
0.5898760009634624;0.945290662252207;0.8249949629265031
0.966605592943777;0.2770135935780421;0.5076958111059174
0.030395651387817302;0.23184178296981406;0.3442497451742367
0.07829176436034124;0.20935237456179756;0.9627822544394835
0.9234696663280287;0.0009134456756689779;0.4046476281124467
0.3813500281188772;0.9669843127878726;0.45349255915628495
0.14577570903457082;0.26422714078493914;0.050896827883891715
0.9632596799860934;0.38085913281728967;0.562497096181782
0.7499414619942424;0.27715615431327867;0.9882904620261439
0.46423874194295345;0.9873827284821741;0.5013469449304709
0.7684488038767466;0.12557077290087815;0.650324766809994
0.3885962870825548;0.07325995487600057;0.016380482943157415
0.23035723847143397;0.8231277907715088;0.8850989068301532
0.577835782229646;0.6185637333183226;0.31763479712768716
0.07739252350966286;0.559568003109735;0.9684887792719947
0.7591133390380959;0.5494171382528918;0.7896726290247332
0.5003226966788652;0.2960103082845542;0.12087685307833984
0.7144363270353158;0.6747053961778863;0.9039833684407028
0.01747073065410021;0.3808171333216692;0.7791977654739958
0.6126320975322538;0.12131264597453062;0.9851229889055928
0.19266452973454007;0.8231284740899718;0.5478714120901711
0.674508871054156;0.31392421571349294;0.970806022530018
0.1843663151942374;0.75186035860999;0.573807394697022
0.245749360799836;0.414444514338974;0.7561325392471735
0.12300185982362044;0.5782257476037204;0.02778852208284832
0.7773535656105522;0.9534932505778028;0.9737741231673473
0.8458566504973469;0.06362048744747517;0.15802885975885017
0.0917989585914668;0.9580361419435158;0.7659990067455523
0.44652992975065475;0.3691103359656277;0.15407710125271368
0.32070850844899634;0.8634261008377347;0.3880950703100208
0.8328920779940269;0.7636583358371488;0.3402598991996726
0.4287187593449159;0.1860032059422594;0.03994440891603035
0.7464146361380541;0.7413905996279352;0.491521865310935
0.7853605613245357;0.8099636870026318;0.2850919870909798
0.09421278979492309;0.12026497507504408;0.6982379594543101
0.12764573272302138;0.7809724378609195;0.4161919549120796
0.7019748879072846;0.37233368503058406;0.23230287940812877
0.31609276861476066;0.4902497843133844;0.6083729801043397
0.5042208497259649;0.9962517804393296;0.10258636090380235
0.1287474624969046;0.09457925648150123;0.6475928476339857
0.2531544283972751;0.716277411610407;0.10984684232315478
0.6808908698114717;0.8947887077359795;0.27614022535014027
0.9306814093263078;0.7142268193511274;0.5223418353441894
0.01992547314892157;0.8842206670542772;0.5745549359743704
0.00425722156842645;0.7449205762779026;0.2482632082831817
0.9365917485321303;0.6000955756784919;0.23214578177277834
0.30232515264083737;0.652120099885917;0.17847881788869124
0.5352277227100837;0.9617252014533483;0.12971154225870785
0.14137811195180117;0.5971112422135016;0.011482260966543256
0.7771731441408272;0.0662040859479327;0.4431128981202618
0.44768392682342795;0.30428694118679167;0.6815954261551618
0.7633423225994379;0.6872024142162476;0.712094562614145
0.5215006112150448;0.9824081738969523;0.02071355055418278
0.7561146723975797;0.4835077210848824;0.8221040463963079
0.6636048483551243;0.21278593470872265;0.33131991727326005
0.8480307475768833;0.21553794943930604;0.5816349844293025
0.971335620489814;0.3633779302333613;0.9555234739719018
0.3269835941697391;0.1732845399700983;0.7869785637452622
0.651448244545189;0.22224372905072676;0.5184778158067302
0.4693938557636781;0.2601893591408152;0.8214759769441442
0.4647899318741219;0.8335077403720159;0.9042976065789974
0.4054408804368612;0.21669298086770472;0.5920156131288736
0.534329812533594;0.8651610678988334;0.42754776174513565
0.5233230956427809;0.025505755394591767;0.06780314606817794
0.47248190705020676;0.31190337321266925;0.11095457759798921
0.9559811067946133;0.2604011778312587;0.3674599835084169
0.18713851555208483;0.26078489506533176;0.10102007679929659
0.9382565048445988;0.9474456472536567;0.6589098897131083
0.7826713331204942;0.4287190246523743;0.32440789886210675
0.9427170777157554;0.41910553525939664;0.4788504977884718
0.7358933090791498;0.37333718014719974;0.3687877050124555
0.12138295893914164;0.3070766744469995;0.03796697434540908
0.8460766290661351;0.6750966987067519;0.6682256912827554
0.34979636420909166;0.733301922685739;0.11897781847523892
0.25512708244375193;0.35534783882796783;0.20287551429213935
0.6165599946942435;0.4664231980986664;0.6234267457793485
0.22839650167549408;0.7767129196720327;0.2509497997338819
0.292798057539963;0.12540334421043753;0.8047764231508067
0.8749104885625776;0.5470902495678409;0.366359975074136
0.009039136849706475;0.2880400818844058;0.6039552015780691
0.5008689384407525;0.6293171300220515;0.6895086755936057
0.331909457783366;0.38323970978204636;0.10362400318355292
0.07778700845535114;0.5914206288048498;0.4638993697243674
0.16805087836556531;0.8513672419718579;0.1992964504460688
0.8650702312029387;0.504635204741935;0.8678585659088034
0.3321730690414614;0.6340145511914058;0.271927530760372
0.003233471088473716;0.5560726792583883;0.9781680966760071
0.18802351699360642;0.6201254168367494;0.15484997038038584
0.21900997301750957;0.7287210328827026;0.7444291409677799
0.6295003649058856;0.32074678749344543;0.3531831942375755
0.9293671025575951;0.9462463125721202;0.12872214758968503
0.2749208119676576;0.054242207157459976;0.34134985147851193
0.6127894715852098;0.6952680060029308;0.1497575479647596
0.7080455789021769;0.7705255876896702;0.15090983677632142
0.5451596294069239;0.9584397973465851;0.24330816805176736
0.4888896519153232;0.22402339716914965;0.7989158537112001
0.4559264453644841;0.7684928939818538;0.018857899095913067
0.9353299802619292;0.490904792444794;0.3176057966399225
0.6694284795730931;0.46719607448258516;0.12277235179276291
0.918936821750494;0.3432030703512673;0.3730406468575198
0.5256804810235555;0.6355555433674518;0.11836064835386673
0.14912829468304967;0.4305271983760417;0.6804890019824614
0.14527167434807242;0.6899137671311769;0.4521947127922551
0.26792453121664006;0.5188704370055057;0.8841021821094035
0.7433231780652457;0.13234556943349018;0.804247959214598
0.000687619595018063;0.04710516258733888;0.6249298216137833
0.8631418546587784;0.4069192716456165;0.21279766603634642
0.900187316315039;0.4898989707825938;0.20230219174747832
0.3453512613306984;0.8527366752855512;0.9615500934949399
0.6150770614264265;0.9337110482887807;0.23763244869475209
0.9155270919251784;0.8267751437594799;0.7238938242236684
0.25356364400864684;0.5970302818921488;0.7489554618497145
0.4005823602052071;0.8927354420711172;0.3683363431834116
0.016979644900078084;0.20360791626645902;0.2329626957321509
0.8282797743707204;0.441143137019927;0.5334522914654412
0.5569608557295661;0.8795689739593651;0.7577757567788789
0.642733436687276;0.4146852927775041;0.1743839924872953
0.5178566963488911;0.8114665699373252;0.5495707487510317
0.47719297243177117;0.67722175564632;0.898540333712547
0.34459139991518883;0.809071256104295;0.34320934730996877
0.40876435255652765;0.9458048834175343;0.16946179679355566
0.4646302217646239;0.15178620465442116;0.40441573629322924
0.6661068354660626;0.07519989668228355;0.15338480011691913
0.875696726562145;0.3006763294784406;0.8404734867473177
0.575760321745575;0.34075679773692813;0.32977368624644554
0.40929367042200626;0.2781151036618319;0.7909112662703666
0.1819003237086404;0.8348506570813767;0.7987149432949674
0.9947779965933169;0.14484828531522664;0.7774326172683298
0.572727878447498;0.8738855521397919;0.4521060192208701
0.9516808887781769;0.22742597161380596;0.19720164103346216
0.7080991353616977;0.09772059830754432;0.8553363005122262
0.4841462395933358;0.7198945970055826;0.8209226281947195
0.7622514870225232;0.49899823479208516;0.7611551499087819
0.03146572086013821;0.048760320231794996;0.34252485572164215
0.9638932833628948;0.8235879370990192;0.45120792258198117
0.03721575220766227;0.0954036531837541;0.928010888071878
0.7978809983412293;0.5230626897453404;0.9748474000599189
0.7124940358660116;0.0996023397345801;0.7511250351529069
0.7732601637276033;0.670199608761053;0.7735774205574526
0.45237743238579686;0.7411713450122411;0.6051720785891324
0.5034763419315468;0.3097050777271978;0.28194938743470543
0.8292814677661849;0.8712619725009307;0.42407317841547965
0.6964700618647502;0.08888898010786284;0.5797607542500051
0.9275353046960941;0.2694349648218327;0.06373091197243963
0.19987132457645618;0.27242014759734834;0.4470013404519647
0.2201428735237937;0.24498495891703975;0.11613896727539685
0.21448603378029418;0.5660251628173663;0.8051818654253496
0.4693328078217013;0.7661627321178117;0.34268318723792424
0.19691350389975937;0.9539564645076269;0.05063134657062118
0.15792311067953746;0.20778660452161013;0.6107512058944543
0.7131615004949703;0.20674151559820197;0.21505373411288597
0.4870989516074674;0.7130414871418003;0.5422058968400297
0.26743075633796154;0.6170978229333531;0.49508566321488967
0.9304995752165955;0.7617823251869562;0.14497666871660853
0.6619630011438244;0.27779744299993414;0.4117539832299393
0.6454979270035383;0.2856722947263709;0.1842943721401692
0.9779643030216022;0.12000264437185437;0.8093592643126789
0.020022152784996528;0.06981282354868801;0.5024846729789316
0.9149951267055592;0.188572488228558;0.5896498264487233
0.8669491282804026;0.6380006621415196;0.19259414103702388
0.12821328846873425;0.47125499908391577;0.8756790762593041
0.29926194273997786;0.9852298429256754;0.9287678657060024
0.5322776968096129;0.6607003664835104;0.4498050164620804
0.883406609133312;0.5353137169463983;0.3767734110594928
0.8613510687765419;0.3700547495789329;0.1825515598626012
0.3716456927617424;0.1719549738504742;0.9731169916469078
0.23246900948631066;0.5235748946420123;0.8815594786802157
0.18566531686614018;0.5308108153822365;0.6495791918013358
0.5350953246274901;0.12278989907898086;0.6637943362805189
0.4296138649651594;0.4787443398026716;0.7118268721304675
0.31226400029663326;0.3846367562021834;0.7595617157243243
0.2686035628980028;0.2680958113077;0.33643326344438984
0.6897787780977577;0.0644472560961532;0.3844964504028353
0.6464346900555822;0.0445713094686917;0.3072524557711078
0.4417483697087332;0.24078821955508278;0.6500527199224253
0.49882403930277697;0.7890405225652437;0.9989340636514412
0.5709038308049714;0.6097588785017178;0.8820616740740256
0.5745648435346009;0.847001463585522;0.15063103097417208
0.46182703566664085;0.7795756524234498;0.7081115802077352
0.40787369480875646;0.1957422892391496;0.845458730811003
0.8366706810097343;0.9178285069217511;0.33145646869688883
0.6477481046316907;0.9738354095290666;0.698053471995565
0.9392860606206602;0.1921781246029306;0.12536520019671427
0.5945680859346966;0.7029788009259519;0.44642993497236205
0.22200829866995764;0.9516705548944385;0.8123603894748064
0.5870797311787885;0.37544531373731305;0.018201716608278518
0.5079080758748656;0.09873763709049221;0.0932932906400008
0.6307737511324394;0.4304963697440791;0.19627391822528528
0.2995742885509929;0.6297881682537217;0.7338380290224072
0.957544344527158;0.415721106145139;0.6474598564104208
0.35864682149466875;0.7849365440559781;0.3534151948536538
0.9013362668158862;0.02756227600614669;0.31175471093061957
0.4557147070946712;0.5133907972615882;0.6383187500977855
0.4824870726178937;0.3082138236220706;0.8321140860951822
0.7166611631753573;0.8135912714537515;0.7358366347842132
0.11366925288327434;0.9703232902475282;0.7216681624043868
0.7266906831678636;0.9912549179633011;0.4115000657397463
0.1597206574861313;0.2465371170051749;0.48731374610264744
0.18890010701224735;0.20031781652130864;0.9725710610503671
0.8528482980197937;0.08744159962433173;0.8953285355738527
0.7006014869988678;0.3279547116325656;0.987844264333851
0.7106447700443287;0.6961283687840885;0.11549122629191022
0.5364041161115147;0.5234660727567264;0.7229672756715306
0.6380383737792158;0.01390905145955501;0.2693883496667684
0.08575955245656564;0.8335316689199259;0.4295396550470061
0.4505251423002349;0.157682950976463;0.8910330326782578
0.24590501966191836;0.7515873027506474;0.09708131229804351
0.9591059916440835;0.04734626881898529;0.45371433651910764
0.5803310502409165;0.9787589131070659;0.9324009135633876
0.5797114449140311;0.7178654518534753;0.786891420141409
0.427501066820157;0.8160187187850336;0.18703869411829832
0.286023820356075;0.41810671934256216;0.8587893677215693
0.4706373804014444;0.3044931692183791;0.13904107290984025
0.5207696799211143;0.23687460778445046;0.33418147042353585
0.3762137833362379;0.9395384859728684;0.2606256258962584
0.24075573808353068;0.5012967958680549;0.7917031633129095
0.12263863428297173;0.381929618505209;0.9631848377945201
0.7793864944914187;0.732236913792937;0.15593689279462297
0.4056000791565747;0.689717156754878;0.9597837135730815
0.18615284940834897;0.11767696448429132;0.3164008319166598
0.6627011975290127;0.24045205274851278;0.953310520766815
0.10775767118870028;0.6944552750618745;0.4735477067008145
0.0777600163416432;0.4614814381122532;0.08389616589178128
0.5758594295317208;0.6108521981035128;0.03652907437553776
0.27337397592338275;0.17217334941509155;0.6741960919760662
0.28034770851123336;0.8298442016214647;0.5958545947624779
0.9470822395978575;0.9542659989642973;0.7425259844405678
0.44979583427503933;0.8243180182578568;0.024957272926227736
0.8844216690619093;0.9435553107833983;0.6467784730953889
0.5078681652892977;0.5025586358930141;0.09528634859714358
0.4171076576422824;0.9341666016314034;0.41649160890136094
0.2153949643951778;0.3157440893619362;0.2648498386719632
0.37255101467970975;0.8179649405410258;0.6706606456966242
0.0185937873903268;0.6193741194926059;0.46002088071795777
0.9400426725822288;0.3882152708811102;0.5960903531729552
0.7250015427984988;0.2927958172532832;0.9886068152607009
0.7684671767691604;0.09441829570778537;0.6436686997643865
0.39082706093052044;0.25018767501418726;0.18423698978069547
0.5542473452933991;0.49749253556256934;0.9540304675227218
0.500090224375973;0.02275134563716419;0.5825362594085932
0.5509209511951242;0.45294156548210585;0.18619449142104438
0.3542372877340364;0.27449270384688607;0.4771924579735244
0.619978108209454;0.8221485416449859;0.5729053448081223
0.33989571423201703;0.44117134851741624;0.18168702612207432
0.42255713223628155;0.6499509730013144;0.8395660056142639
0.032485733884394685;0.8881266077193558;0.6340266985593728
0.2058069295805378;0.8648511132729784;0.12377553846917766
0.3429518749948731;0.17395540476622273;0.3708392870576295
0.34343303569890704;0.2396947488677562;0.6213392986822445
0.7303509030934193;0.41477693055406806;0.3080708955819049
0.8937243322832138;0.6343317281637967;0.4827354528091212
0.3604030611823478;0.8316864018660309;0.4587041722467242
0.5921889695280876;0.677862056604189;0.9065610025555825
0.34091216972792926;0.10407975927211732;0.4850580786734623
0.9335343992712827;0.5662148010142146;0.31921068271685504
0.04584646327476194;0.06368968254434881;0.9023552084333597
0.4527116427391822;0.5470285042021464;0.7507613159639965
0.45013169530934716;0.7287647035128108;0.06708374827065067
0.13357890501917746;0.2524565189071426;0.2617288400090306
0.41204568041674305;0.9802015347006549;0.3626293913634008
0.18459418123141547;0.19501824250131528;0.04636440648807083
0.5212333778815421;0.7361251754658746;0.5877342897997246
0.5197256012895902;0.06005502889398906;0.44129769030742005
0.8270102284754209;0.3618409896635648;0.14741707625892664
0.38994883450343865;0.46980252228913844;0.3542823930592116
0.7302784268012442;0.21283398135659382;0.8115611387893668
0.2496276165505822;0.46492148117489795;0.9706948203973246
0.6984256474626295;0.22510350249463773;0.7331205722300441
0.6667615481270328;0.8245782896830891;0.25852891858898386
0.9763447314906252;0.7465728376619504;0.6836727616106383
0.5080151424859289;0.2585804743841895;0.31854638554087444
0.6541554519180793;0.40446337626624795;0.3544791429129689
0.0972517217037695;0.5555392232940153;0.6876239380381229
0.670273232191405;0.11634279834818673;0.6939871843695304
0.5589108181124529;0.014694630365843953;0.43573462198609114
0.7655426248370923;0.5954947368427523;0.9603313470439634
0.2835077543605733;0.6813675114253599;0.07468493575424306
0.027853284236985965;0.9500441672826826;0.2606662669999734
0.590455905777254;0.985627039342059;0.8342412368011317
0.786873803418091;0.680379459086245;0.43663879664010385
0.7481996393807672;0.8338870143684501;0.5009565002799303
0.7707853441363445;0.848159717796562;0.25649981358292206
0.8292137514165436;0.5666518711895836;0.08693147582816496
0.015503593184529207;0.7234080079837331;0.7168328162130733
0.9752321217772674;0.4565619654800094;0.5231756671995778
0.040706625607463964;0.680470368432704;0.6505479650960397
0.3243930512133615;0.22727164968530444;0.2140864401768563
0.2980303666840044;0.8694190452227459;0.16823264437261876
0.5121765345973904;0.039051962123969663;0.7136340830689967
0.30517463784493326;0.46062714047187736;0.543809011145954
0.5985736158689596;0.40104759092963593;0.009311444116488765
0.7999790965586888;0.09242226530191155;0.5930598049962735
0.2849661999953762;0.2447781526092313;0.9503116520961619
0.46564393152441375;0.40138960108162614;0.3934751292365979
0.5178562735308397;0.6260410356327117;0.0874358973509014
0.7118342993904873;0.37401436946429667;0.13384464784172423
0.4591344275915856;0.6452840476729815;0.49716863479822593
0.5695395411926434;0.4015612698193811;0.6970252230472616
0.4480463715879459;0.6525371910567084;0.6853119716253224
0.5754733164306477;0.5940387724841135;0.21363294340091477
0.2393384509462433;0.5663323386935935;0.4568602112034337
0.9007596731759694;0.2086236749328959;0.7063616903814098
0.9342616477893537;0.5973507687637839;0.5150305458076249
0.7955534417267822;0.9890902299264213;0.7853488319915242
0.7386076291506778;0.1912284718460322;0.04346430985286032
0.21764368275911217;0.020333377152123022;0.9659432031058108
0.6726732154665673;0.882875291714616;0.7305902838152262
0.7748481129028636;0.9305149141272435;0.8026700879370189
0.25094880228858507;0.9261970743498834;0.840128282912565
0.7219246207059934;0.9883346053027764;0.8526730956710296
0.9708815652625208;0.5672605093614009;0.7366651977610573
0.6441945319332426;0.1138393936084161;0.40148742128002834
0.662557665496779;0.02608175040218197;0.49462796436112666
0.015363261753286728;0.7767647383100489;0.9152041298913881
0.10120788463227781;0.7696637236607371;0.9317258136459668
0.9363435752741968;0.7897815704120503;0.5824515936943871
0.6212904678622734;0.07279165323084646;0.2296169578714683
0.04990452676668866;0.6969106393816806;0.544117712378856
0.10696150810288518;0.38911475730909784;0.9344553396230325
0.4957959078115768;0.7191629774720802;0.871447949691917
0.29547988999869734;0.7908636389471324;0.927585200911926
0.8089626646974135;0.895444867883437;0.031002422740934343
0.917344441582604;0.8052513475725754;0.34862580160710543
0.5103185878654577;0.5115967816687977;0.5243048402823266
0.46318059302337944;0.9470711370272483;0.602498560657839
0.17113684674464313;0.9333908444636501;0.581903299897832
0.06216675378717873;0.8977792974847006;0.5775996392023968
0.6983408050334509;0.15433630005713195;0.20900998312216423
0.6820463894265513;0.6521625096328463;0.44281108925343504
0.09244070129336435;0.7372605253754395;0.15730286984060338
0.5301773918130108;0.3060348497546156;0.2989407831566667
0.06397910743719604;0.8815085797590282;0.40188835047887916
0.20248892232257076;0.65637174832616;0.9444153598843431
0.4585170632836246;0.1814952379487922;0.9615792954476426
0.4983223883405259;0.18306127305909137;0.4943305251318515
0.24048226704017794;0.6761819736284853;0.6241981932379838
0.6950400127354085;0.33871993313360793;0.2640295502410872
0.9770899968412604;0.23417791441457514;0.7429129807281732
0.9395092315430277;0.160239169280595;0.35376064378710237
0.6881023213195405;0.8256108721345666;0.9068020057835695
0.6557889133723696;0.3985716546339706;0.8360863222236088
0.7704965147957956;0.2969915954319483;0.8311050081234531
0.4479317769039851;0.7941321829707708;0.8848974027564745
0.8172876183994785;0.05203973101427517;0.2972554992554478
0.8452346790571751;0.7019181629215299;0.12415119442214106
0.8744220234049989;0.08440668379588179;0.20913310889877867
0.5600049221794458;0.46648173560783235;0.409646612024713
0.156980762563937;0.7919716681609623;0.7267186760264472
0.688113518986759;0.6687233174298371;0.6736023700794496
0.7010207417287245;0.8454076807627441;0.49512267427571044
0.6281681936918403;0.34638702700482027;0.5385388658097322
0.8965028267076628;0.7693781653201559;0.6011644830566667
0.5217339602658456;0.39453752266270137;0.5395706719899671
0.3321519810328295;0.6671818298002063;0.9844346574955358
0.12996579724423551;0.7659345734843515;0.8329590990663738
0.9661033361215395;0.5754966595254674;0.11229876163002794
0.13339539040345516;0.8667780927971721;0.5334934471604458
0.14652896549178784;0.5603408862850587;0.6671508077821731
0.8961580749822305;0.48009628841542074;0.687301923763663
0.491737656829229;0.7087065842977046;0.5804334014588002
0.5888728178817049;0.5410597571086008;0.2090605190774083
0.869962026894539;0.4204482477674605;0.571057766601281
0.5125914774595766;0.031741803684604775;0.4517476633500107
0.522163555813289;0.826072913346693;0.9384981526389327
0.6285015365576759;0.039597640435575454;0.1329116478577994
0.0989675235793882;0.9512354461680144;0.8758861602328114
0.6636678661472308;0.9659814727922752;0.6381257337169445
0.6856968568639035;0.019162789919742962;0.9155862664168574
0.010754683726999503;0.709788639851528;0.8478820127128575
0.04941390274580881;0.7007120815708943;0.824034216231313
0.4278853393451484;0.480533090493676;0.6383733478223894
0.7555849803433855;0.9007497322870694;0.9925920124488183
0.9274846898873514;0.613246162549611;0.11864681112947706
0.8808072405831532;0.29824963410656435;0.5350811125894188
0.6934575623338817;0.4404195546426154;0.5797969766733752
0.7725333049358665;0.6210350995051555;0.1118709246705375
0.9338251387201262;0.3110022016214101;0.8931649108626638
0.8407991668726771;0.8386195868743467;0.14008780417103373
0.8311347982597218;0.21368871782338716;0.42101434341551935
0.40667771399787633;0.8832757026093536;0.37533221263577576
0.3402707629832027;0.19199996900324556;0.5579052556781589
0.8988520809405722;0.8796205814543717;0.8137450969090836
0.942165890741523;0.246989360661236;0.7929166903972968
0.7778720107307698;0.9370242003855409;0.6651936361596418
0.39960415462939347;0.9285409079515989;0.2803012819226316
0.9742536442682863;0.5063878255422357;0.2214981761814978
0.019486065991340396;0.4452111762185237;0.36093524209520766
0.5344500235283648;0.9172538062440551;0.955683557026486
0.5390670688183031;0.33762961021571336;0.3212317371686916
0.7439118124551398;0.7912859625199635;0.5200918083197767
0.5292029678614372;0.4827899927602235;0.041780700644177715
0.4827030846634549;0.8671120532149988;0.4344173406832903
0.597780787058411;0.027591791917140007;0.655674642751477
0.8620058970356641;0.5183327763520017;0.2795731839225748
0.5426906059326639;0.9630577750079775;0.2851255880371829
0.3304967744298575;0.3540589798630466;0.7374094090479434
0.1871188247491259;0.8323721853715019;0.9466441571480515
0.615530393796235;0.3535221557824385;0.27016674054742773
0.6696679350305185;0.22192898611461942;0.2043759438168502
0.4986030394624279;0.6933562970426604;0.998459935780391
0.8492951658793703;0.25174895341804593;0.44394728126410454
0.27263661133550177;0.7001084144040249;0.23228681747276725
0.03872359327016561;0.17235673436554322;0.7720893428069162
0.7466158063342968;0.9839911275545549;0.5023278704586752
0.6499694877784974;0.5422995067496212;0.13373828768965002
0.16322558189407954;0.922307768078825;0.17702041562997983
0.8266212166510848;0.8705958274126381;0.2520636346425371
0.9616416850884617;0.9628803382485402;0.7972756137724551
0.44325558427836054;0.931761893584544;0.4092254144280253
0.5513095774042309;0.17913202468918943;0.24751890280577948
0.46591821583147064;0.2178413043427173;0.04320898609874635
0.5817593058250087;0.5967158574119281;0.9084765506053468
0.839296521589131;0.31599363082954535;0.19638532536804676
0.7611094487838895;0.9019610846137552;0.8318074356595552
0.5972073163770677;0.6495053994582933;0.3468848019041447
0.13074740366084348;0.2701896935805096;0.3714988641237025
0.30039143537589663;0.9367440080762938;0.657348139875778
0.5995880917325332;0.29782603042792255;0.872648823873119
0.7167060202547123;0.9387482639730503;0.006180145856714669
0.410765741839079;0.33313756447443466;0.04179951268986093
0.4107645391270589;0.570860203112808;0.9405183339076937
0.45511335336169245;0.7628809433395574;0.198008230108643
0.17991234394244948;0.3515063282666312;0.8223009435241253
0.3486284782147968;0.8604686007925056;0.20947732410549824
0.050453421679720445;0.39302142347965496;0.47517056409986
0.5723737576802204;0.6029454488037679;0.7300296187723435
0.3981443314926668;0.6449912468111624;0.6458972266728238
0.5126821618669963;0.8038944778456812;0.3937614920995709
0.32840560751551306;0.5448733196684129;0.541424390926642
0.31792272658362586;0.005425509361309477;0.7769067201319546
0.3219960446022939;0.9397371889075675;0.2417413033211433
0.5774432809667782;0.8975008934607979;0.6634732068510512
0.769090016591324;0.5445002855520125;0.3696224845634216
0.7341650664819648;0.6502457687650267;0.6317887922149943
0.35973686245882164;0.7983523538876494;0.8921520657625621
0.28354807702540874;0.6759677609394833;0.10746654607594908
0.9696931081650114;0.12637611745564947;0.10198387365356332
0.7747142931559369;0.8092406946677613;0.325686198340719
0.5723558748156169;0.9171154210033164;0.1759867510166887
0.007123328380243765;0.6005270000487648;0.7385292836935279
0.34218759620629535;0.2462150399000831;0.5133092894696893
0.7840446308751037;0.7235866326193788;0.27394782899566794
0.6056031460625553;0.3967743065709638;0.40706763004712077
0.9715625965024298;0.3631398731385359;0.054177714494123674
0.2630650561597684;0.8170452035911122;0.11890372881123834
0.41632690280937934;0.26488947542073416;0.1721020259481344
0.9778348665643788;0.40020048117702567;0.9649995608817362
0.428755851761626;0.6363601734221784;0.47578153549091096
0.2766783643496715;0.3009634962972213;0.8796967659258059
0.4011082513160775;0.07125435020057391;0.00691134223324763
0.7339575306494743;0.08023600726979851;0.20665167857461975
0.509243148476543;0.8956561562683251;0.9367684934447954
0.5800735973629251;0.006399834119602654;0.8061699212260716
0.9342934363862803;0.034144897686356646;0.5268240802074649
0.33134813100407545;0.35112230920285714;0.8181052454459512
0.5112649798906503;0.2533046820734569;0.7202659430241921
0.15117709954960223;0.06939497208119927;0.7889125438706368
0.35022498191849627;0.42537735298308743;0.8907396815217908
0.389942698581334;0.8260106889385703;0.5747070360228326
0.2146707845685868;0.15669204513643142;0.2226031606307063
0.8988244599692023;0.47082171023431163;0.41310620329846814
0.22345721351034775;0.3835620979146146;0.9710067362845025
0.3082164509300277;0.8836989788493368;0.37808913215669215
0.957108105052644;0.6479419664545867;0.15041511801215768
0.19160746342997692;0.4879737115884297;0.18083204442147305
0.32253780288480804;0.40992524803804675;0.4939612109887639
0.2973479133130932;0.9223499474036071;0.29267932335581937
0.7491917024937955;0.42019595946599564;0.16390490532112023
0.6606149925248952;0.621707804888578;0.6516848435244513
0.9177569267927288;0.5397265926459172;0.8600231292546634
0.09250099645530707;0.40933789438301793;0.2577451038741262
0.14977558860685947;0.03744830860328585;0.5933234432188202
0.8215282608946792;0.25624391505366984;0.7746933066875512
0.09840712423776643;0.7279024188728508;0.08007917089565797
0.6404798991173254;0.20215074244870113;0.6442771663857563
0.6835218845888257;0.366716107581306;0.21008881757705866
0.9366663975821561;0.003931255458102356;0.6695645622103045
0.871578493042805;0.8137796146095646;0.9046271331180821
0.4104006965783199;0.8509053091742045;0.23329386050917866
0.33273408242175007;0.5997104308622675;0.656535815975424
0.10238226290019259;0.979936113640978;0.18899061175683762
0.07525703798005667;0.10032859133051275;0.8648190220469485
0.49100838912695943;0.9303361286114982;0.9023441551075725
0.6158501743337036;0.7443351967756776;0.962707292633927
0.5776928621995633;0.9722850387999893;0.09684337034714252
0.6434553530362817;0.4300861723248134;0.16821919215253023
0.6661468398285183;0.8870232075339192;0.019252724028780532
0.1225163042495242;0.5537873766233757;0.2798576753118187
0.36715368909529766;0.5555472183478022;0.40688278051639415
0.5534935617566323;0.19658434507143763;0.31521987807891694
0.9645640846377763;0.42584158224741486;0.21890851356116714
0.5760271817482971;0.5469313240722761;0.9576372277614351
0.7983088561159072;0.3772832705589395;0.286438777438231
0.862502403447225;0.6387508789021682;0.0444737866952285
0.8089489157214002;0.4621291731131657;0.06666666176079206
0.884341854218667;0.3812310359321278;0.5242832679369056
0.3748568347080733;0.07398710536413367;0.8544248320229648
0.7858664075314233;0.9189994174501567;0.7193123365591243
0.46561148444778533;0.9488000438119558;0.34839150926197515
0.9942061335263574;0.723449905801662;0.7717794166269794
0.5614488983419761;0.46690182897494104;0.240828008932356
0.5144078752590638;0.7321892017970058;0.791282504898724
0.8459532668337006;0.1523358844138034;0.14995416879681234
0.9137654641569699;0.05581961173525418;0.6589767978214941
0.28342817125345;0.8869760191452315;0.5443780649387471
0.7993819690516235;0.8678749275174049;0.4755903229549948
0.49885294166115857;0.4760320440196655;0.08089344116883812
0.4887435337855507;0.12319786138170419;0.8754503150454125
0.550434422983803;0.63618140900255;0.056690238484730204
0.45283844563179554;0.21014114484281188;0.37353564874852596
0.5392064271816196;0.7666071629728237;0.3951846445596303
0.39702791852604;0.5817984561237045;0.6153911343611839
0.27395214479267294;0.5580207241838088;0.830275962434369
0.4061696894810378;0.23492295178911515;0.9648200202246766
0.684536555941023;0.30216724385359617;0.028278759913656137
0.376274351337761;0.8066095927102983;0.1301312521757405
0.9231002690079215;0.1471321235424622;0.9234718646437464
0.38998201972865465;0.5540260825113189;0.7411902885270225
0.4486603785914418;0.4370817416207219;0.6066808588730234
0.3723159526365334;0.33532310561988343;0.042907289779056446
0.049743296209704524;0.88209401796386;0.02451053355194288
0.7874029119028538;0.052685084598377285;0.8839278453965965
0.6056948489400314;0.37230116036884464;0.02836597548356079
0.35287814110529137;0.8945246451375624;0.8435386089006212
0.3737206312418664;0.20752561773826106;0.9674041312913227
0.06084830073087055;0.8893520282246893;0.21557987113874355
0.9632820438908113;0.493168939996226;0.9128418904601077
0.7281526877919144;0.9716266598106141;0.5514377225415512
0.4145154983423923;0.6456061022097948;0.1593342423980425
0.5577374880722468;0.163206562436795;0.6209501771522515
0.020974069565643072;0.8282392081990781;0.20574168367521706
0.08446652513512276;0.045467861196777704;0.2754403921110734
0.9811459944307795;0.876132723735938;0.565033050038255
0.7769051593625446;0.2065859239104395;0.5601567682211858
0.7273369626625474;0.5477743434164907;0.6382256878134773
0.09219151816358717;0.8904847972907033;0.8078710360660076
0.635341510032587;0.6809232498556559;0.6577008769426088
0.5049453020010866;0.12174783022014057;0.7757085511941617
0.8333792612746386;0.4125538185612748;0.11666591804666981
0.6229081592085507;0.7757258253792096;0.7048730129992303
0.5595594888152442;0.6914626223217684;0.9440304224410266
0.0966930127772282;0.9056443437077437;0.21889331770255105
0.1793911638513509;0.24558412189728718;0.1261936386218221
0.09668570192245662;0.5325906778751254;0.2213700436525594
0.5819238562235711;0.006663946646576657;0.5583286461121341
0.8450776729554099;0.22097395224729455;0.6459536862027784
0.5708065869847668;0.8726535660108723;0.6198894295473248
0.13351277358968183;0.2591960689894156;0.9451261645015129
0.6116662493332014;0.5514135294590704;0.2715330688373202
0.21840013054090124;0.9458447216248613;0.7854008504607732
0.7948312471297271;0.7207942926527989;0.3748934325064951
0.9727395892791048;0.7206748663527925;0.1114029875411141
0.3203021853262228;0.9732483051400637;0.8936470607393202
0.42931494369470546;0.1924196927595354;0.13144843820703123
0.8639625142621921;0.8256783152002056;0.16707854017897172
0.6162449241419395;0.8166727220577352;0.11189568453448806
0.23832166330119386;0.47909083424413956;0.7247531426902757
0.13818029993723424;0.025079767492432903;0.15885669556515392
0.7461152168134056;0.47541898377360015;0.028422385025627883
0.298375577925301;0.13406322224112976;0.1048091251567802
0.6295570979452584;0.7083948237991698;0.033721120526617465
0.7001462397977636;0.1508757028876353;0.18108740960458225
0.6561996008393046;0.24644172323621527;0.9811816400235673
0.8507903173412918;0.7519581173946994;0.19622148452341148
0.5054332848381796;0.9535989531010834;0.5606073945680655
0.2978842245305757;0.7545450954465166;0.7727281766544598
0.5254168072313244;0.8490643597241058;0.10141391137023836
0.8454684206384772;0.020714267131317743;0.9517958565766408
0.5663257948214344;0.8757798339190147;0.22381099337560706
0.32851480106848885;0.24872768995196315;0.5234990074182374
0.6250263956412992;0.6052373390181741;0.4798420918716524
0.37890579034502314;0.40955107880025643;0.9568399330492064
0.2199229654033159;0.9553427054582493;0.6584083145015832
0.09646824419204514;0.9295432238397257;0.2057763189465477
0.577409950440946;0.8898929617229835;0.07629413579455324
0.2575045519531647;0.652396035604192;0.5490822374256394
0.15180010715970493;0.8492306068486156;0.9914508789010035
0.8781875073805113;0.4764402253451244;0.5076537935760809
0.9789211844153539;0.5474788279703109;0.5693337730878119
0.3705982148426391;0.20448674321103877;0.3214051938672855
0.5582615598342427;0.2323357062473369;0.36754638696402664
0.5043573371005042;0.3076901218103001;0.2148105562491276
0.6926966149161466;0.7813639182004083;0.7037431928176909
0.4923361867303562;0.2537627922282556;0.3085891579222281
0.2576721689623329;0.9812997964082801;0.365167374963145
0.11853300233693143;0.10874779306361426;0.21853432813084406
0.6420724020258023;0.053279693073511436;0.523242565801512
0.32666096606090556;0.8185876460239272;0.2405704878527073
0.1066120457843539;0.09135023735852532;0.9695781565827772
0.9355383952538081;0.07221929926429382;0.5917849034506459
0.16412676860014352;0.2698923441238219;0.3161984547225124
0.4162055696505573;0.7526762934148058;0.806706034069996
0.968791786343934;0.610520398491666;0.23826868788094335
0.6674323444769921;0.6976540738401759;0.9797038018749311
0.4255678744678062;0.363324188256576;0.9901810035439005
0.2841720432022662;0.5504176089788568;0.7944037689687605
0.3449078825626579;0.4739535405293577;0.24437752068887075
0.6589979528640658;0.694464172679471;0.8860991694886656
0.7367218774577224;0.650487671177007;0.736370680437295
0.8633966473218231;0.24878676030562796;0.07253081452069599
0.26770257523504914;0.09160441695339416;0.30306419387988603
0.1767224760940529;0.07934888827357511;0.912713757603148
0.24799222989397773;0.7864067195812681;0.5554115211834997
0.3694542457503196;0.047219572061770076;0.2016549211892018
0.14086327030161294;0.6378803031300363;0.07935489157029663
0.23203875688009212;0.21829662562662377;0.40763270870380264
0.7857121995672159;0.48780993362745395;0.568461663233707
0.4754708604844454;0.5327556362802006;0.2320180089190368
0.5290123514833704;0.25976220217956614;0.7534972878570342
0.8210593193501968;0.24048792714109823;0.6925341087980246
0.8746313855999924;0.7289539292754011;0.9494160310426712
0.3685735102961146;0.11715162793775347;0.5065981254273868
0.7634085132911478;0.520994227545333;0.9976475979310967
0.7529396302714536;0.0855595464736506;0.4626610536832634
0.7352151696236566;0.6486608575345694;0.7527573209049611
0.47589273037442104;0.8521823586939437;0.5435188698784044
0.35893983000822616;0.08734321838829573;0.030211373112085327
0.8766974530078813;0.7725067932299899;0.42568976763301514
0.5184234442274596;0.5200486673014261;0.1788398259470313
0.8960313708368821;0.3070226074667075;0.42302488924533665
0.5338689258515257;0.8224243330581263;0.8666971867436831
0.7128104524057391;0.18976310598191792;0.5305080404206743
0.19644449474214132;0.6052899141373707;0.2513706906710308
0.9426398984310864;0.12783072562818765;0.35691605623010314
0.395085418299602;0.29071990307040474;0.7347842050394866
0.31497662054090103;0.7583610953094359;0.3391178137995672
0.5186085494018149;0.5453283828392662;0.8124443081711339
0.034968756150968505;0.07013230231653456;0.3349981156380729
0.6606703915900618;0.7523442453809552;0.7333981443258293
0.6243297977090052;0.7902533832294832;0.37289728092491525
0.7796012567760162;0.7073913605442258;0.8265966022413362
0.9525873534426167;0.7898903013336422;0.27076099621310823
0.6713341920978116;0.7139489476781181;0.5052410293012612
0.05121694987128744;0.22799764723444416;0.18355521428080035
0.32405514168409755;0.5691984757106124;0.8363099719292848
0.32310783297300105;0.8502481670879757;0.24986829419267498
0.8196201866614873;0.11138282368456232;0.19324064285249087
0.32372538053043;0.5093930845141281;0.7218658086369422
0.9853871171978464;0.910573262407529;0.4688686964717018
0.6089611888106509;0.08990929616124188;0.3234502174108218
0.7513547454945032;0.637460628936126;0.2116654532426807
0.20204988941006452;0.8567117116885102;0.4033393828370502
0.8917987065273595;0.11821776517426952;0.009971977157741119
0.9418664218713215;0.19733623171458448;0.20774016243641658
0.7864846296127619;0.6666966061647274;0.6729104740444999
0.71874230415504;0.8075195583641149;0.3429204718907689
0.21475419605641188;0.029292786928693415;0.09255331421410196
0.033619859646642714;0.2761053609829709;0.24031314484319177
0.750083144295555;0.146966329743902;0.8456545304443771
0.12643520708629885;0.2549326793420349;0.9985589246284663
0.009402110563313526;0.2782810448030718;0.417210541301131
0.18007502921814234;0.9984676330429296;0.6254185200244146
0.0057507575975066505;0.30827750348741345;0.8523693479149623
0.31839760212353685;0.24211139700624795;0.5621698774365309
0.08012812082749743;0.18297027588980264;0.8688590342617011
0.7783454715351675;0.8633698419480034;0.5424948912743749
0.4587198809831663;0.39883011653266176;0.8364916491506688
0.08874430496005836;0.8157746488377855;0.8710353241909695
0.10802603960449164;0.46707888242371265;0.46824335126734573
0.848478207980515;0.7786158110418053;0.5788694568459581
0.3749750650380719;0.09033293093083328;0.24368399877347158
0.12763278819250012;0.18786916885110494;0.20488330658775866
0.16609399652472379;0.883708350976668;0.7831138287347837
0.020220553669752617;0.794989072672885;0.6180377934326275
0.3739146632315764;0.5835266800481098;0.800291651957399
0.2134332447143975;0.3103511521131943;0.42714219087377847
0.4156635927580895;0.13846412232434935;0.44339159392590877
0.8492105717953633;0.7539977480540864;0.004445470759212311
0.734320433322277;0.23156198910260506;0.996804366529637
0.23420799696904693;0.5214992157381596;0.22605564049006643
0.15039852542983279;0.2882833286181612;0.5673768522833849
0.1290244445010822;0.19570218615298374;0.5491008159203636
0.27271966635963374;0.5216929853488548;0.1983885851192141
0.37972855025703733;0.30124009981211686;0.6977749254749267
0.08297316717286352;0.9996531839739764;0.13984154078210687
0.4607049109024062;0.41355133171418157;0.8259812668840594
0.2147541397554873;0.6098825553020107;0.9927423190703131
0.6967384944522466;0.051788319006538686;0.7643628015365257
0.9534589395910366;0.5169573424877999;0.0018075763694870295
0.40536960972224123;0.16706449661074507;0.9325717043685975
0.34648386367831574;0.14137066301128054;0.5252383810002517
0.9176537834047914;0.683912716528669;0.7042949131082108
0.663013071446025;0.7297014444080465;0.8138508390636848
0.23639374144130265;0.2908033582764993;0.6557482179067287
0.9356784816673652;0.05825747666657577;0.11235340718940501
0.9459623761033173;0.5023048423441772;0.282526190381883
0.36364703650298225;0.9219159137636;0.3645138297571737
0.9376600769266668;0.6796358029207503;0.31810592038560326
0.4448790464638993;0.6716914083579304;0.9044400607159105
0.5132116897278125;0.8324542849232295;0.9077668754238746
0.32902447534243506;0.5713382450605579;0.6713206346328142
0.7875476649614687;0.5807835451105968;0.09446371808003573
0.0029335035664892484;0.46808683506963866;0.9834931886257214
0.5333178142136177;0.33187575607390374;0.28509786922409097
0.00278741195915444;0.874125910638211;0.43204784210515046
0.5002428013594995;0.9529727549269048;0.2862952315207108
0.05461126134485417;0.598308626816071;0.9652833922075997
0.018216932053477852;0.7255670613774593;0.39061401302081744
0.0019050784491367878;0.02118350271766245;0.23501663586153176
0.8161895953495306;0.4427285147929053;0.2255472898034162
0.22437566057463942;0.4300069534561174;0.9159628191629453
0.28015185119852926;0.8943128968358618;0.14818062839942536
0.5783910186020498;0.7337354353016649;0.9180069955632512
0.45706115407276493;0.590493092755174;0.7126465488256749
0.502747060531294;0.7455798121214954;0.40304275449512605
0.13744468151561917;0.7669898418237169;0.9783703644688231
0.36666961926848407;0.500450238463287;0.7046174532233309
0.8275956006335441;0.6689829320480442;0.5345285302913089
0.10465697998556767;0.3989445013488002;0.5359915931736645
0.765007627296283;0.8950514761238891;0.8581186545933785
0.3916593540420473;0.5075294763355256;0.4512979583999551
0.8364188454230949;0.9466138812498124;0.7340779819848485
0.9955838404560724;0.6691444848621582;0.7773022533680063
0.34466881949959793;0.38289361421456547;0.2337357897015646
0.83679369930933;0.6986764629494174;0.18394109629264466
0.1554361156965739;0.5346967886139974;0.6306803629646359
0.7484964078173616;0.9753961501077788;0.8543278441195381
0.6182225063484542;0.9715579886493322;0.013221883375463483
0.7092838486974566;0.5072341981660079;0.1771925041866721
0.08993687922306415;0.19159664425136858;0.0846028629591774
0.06329419950193382;0.15269110054633617;0.4428999539603381
0.08183758659328433;0.45596647460935835;0.16881225356481744
0.18038181078653714;0.8910850297380963;0.06667902241195989
0.11717201605699656;0.004462844462172377;0.28824744493269894
0.3834466846487371;0.6498095071125428;0.46291222365263496
0.34279148129547266;0.6043880570240366;0.9475747153806079
0.22779641331107536;0.4156809258860653;0.8751069855622899
0.1885196190302263;0.09272298105426136;0.5692196566788077
0.4944755837225647;0.4881526519013787;0.03078239536666416
0.5176394597447562;0.04979676498925034;0.7514740522227018
0.8757022812227552;0.2422723446409194;0.6451869953830947
0.31700568141093;0.715640494335515;0.4227626481145933
0.2564695662015274;0.9084084435038359;0.2557260679807074
0.9178726387652189;0.4093862512970615;0.6657847860131636
0.2298611881240954;0.5275683453120874;0.12472782157247575
0.38156601738899976;0.852173339278215;0.3571195583246429
0.9219995936670141;0.40343475755796054;0.17570443247476009
0.33261144026311995;0.20887850969800292;0.37407790196193524
0.8449539301511515;0.6794352642556662;0.776373122307174
0.24919113521911807;0.31250057152592836;0.4486893397023429
0.10033763839103471;0.9826771721030295;0.2657623700592766
0.3367403361520216;0.436389489761031;0.3075756374425549
0.5972893708923248;0.04947874047517287;0.7185737294450455
0.2773242456635957;0.8036692058158827;0.7787947053999792
0.6635052717730202;0.025508478616748986;0.3243448009939969
0.5473304040870591;0.06002278523061577;0.4571081323644802
0.7869774089483225;0.3452241354736221;0.08749900565733149
0.7703531548426512;0.22188690674630396;0.4898449870748489
0.14682606513179774;0.46035660787334887;0.6788889194921913
0.39304077197764653;0.2776727793883258;0.7190205844360371
0.7493507723991106;0.49822074481299783;0.09668472051591825
0.34646903193187484;0.4226432352354942;0.40627819661353404
0.018007191167992764;0.7146220721745468;0.4001510216936226
0.615046950359977;0.008110002070002897;0.6618065548547062
0.5371325176248313;0.8977357228343807;0.2452007638583522
0.6734568072391766;0.4805304820207199;0.5816016441506882
0.1903804921685065;0.5188461771601929;0.011877422175329277
0.10227575672601996;0.11656320307186518;0.006527186860351697
0.4629973107214149;0.3908989673710983;0.22254631949921233
0.6579075502110547;0.9278667101722865;0.34058647943342524
0.9547031450814303;0.8130119111947371;0.6583171453966709
0.5330247625502528;0.657874969670928;0.6565965076203427
0.5023769089649389;0.7438439109038119;0.6446416316173299
0.03348464894377701;0.08713145377327525;0.5217603993507918
0.7363893948862521;0.011999048302501092;0.2921259013996024
0.6526238299205639;0.5335547747921785;0.5080459236127773
0.7983726998819001;0.9420475814659033;0.5161661817729518
0.6996664427866798;0.34310785720404924;0.4283367788876208
0.16297303410582176;0.20406916836848665;0.03641194253900515
0.15241068987598594;0.5861889016372522;0.8703865172204651
0.6446432073005727;0.048489517374554536;0.4029597781551615
0.8300401944110208;0.3559016612014919;0.30498573992028766
0.916000877886654;0.6095143067483298;0.675684751576447
0.4721037558309896;0.7069644203055989;0.4069083584316987
0.8499064635686155;0.04076412032984278;0.8860229392058657
0.8536396120136392;0.749263135747219;0.5505396459234639
0.25292898707215705;0.42930603678411905;0.9287685871119838
0.547241286150242;0.017668926930110684;0.10286173708837087
0.3627247538845684;0.29810492776731445;0.5987378823874538
0.4766180739010756;0.748508744796171;0.7238791753718967
0.677403361955154;0.41964043251461436;0.4946069664405419
0.32978773811922246;0.10505979952198996;0.14084812466458452
0.6815760579857231;0.3898918992913991;0.9933004345208734
0.4430127140493185;0.05165278445237065;0.9826801845507535
0.9241756589987795;0.6962138285312433;0.37796924533235854
0.9688713426234291;0.9771196065661111;0.16896810540859553
0.6920054295369403;0.4262335185952326;0.33914304651020877
0.47799212873296726;0.12980281839609042;0.5447885693920462
0.7263651820886781;0.06283573633036066;0.8242591498697032
0.5974212473524803;0.5430921394719384;0.8046754802156051
0.7955201554539739;0.1448591318896031;0.5962136984675211
0.7746702827351684;0.21856349187830337;0.029001240326470668
0.23361789308826963;0.1285501016147229;0.16076655746588853
0.6973019098872973;0.2297166435527448;0.7395864443162722
0.521941707770219;0.10935864013296881;0.6098352398719874
0.7633625871959121;0.8003333314121911;0.9253771327316875
0.08328904429158324;0.5912331343678706;0.01631568295208352
0.5436626282403617;0.3404132498954574;0.33996769527638115
0.8261430845259434;0.6560673891186701;0.3024062949537185
0.7017301856064998;0.9854495468512239;0.8861481239252679
0.5652189812829458;0.15035510236334637;0.07498950935775595
0.4726600885172908;0.7835115222980156;0.2931979988039818
0.4698319392903433;0.6103693233671114;0.4119699884270219
0.21182581890716057;0.9903863369253909;0.6881864209292816
0.8983331611846709;0.5407384911741272;0.8347184905276134
0.9292309022968727;0.8737192767807108;0.02433443778717992
0.14553461918324917;0.02772394094443864;0.60057094589906
0.6170491283069754;0.6367381665493782;0.7017671919753314
0.08379782257747015;0.3334654638353419;0.09114294694153757
0.6521595705191562;0.5327667092246183;0.7142767900907024
0.647507998335926;0.06686378830404716;0.3307721801039153
0.8207882631361311;0.4715735927418623;0.2758933685910494
0.7853304705014054;0.8853946105033248;0.43480546214075577
0.35687745864225684;0.14130595707572258;0.8722903661425625
0.5777461850513915;0.6530473767889697;0.014883546686414784
0.806027266462681;0.7125592947298286;0.21863509592333286
0.8085453870641777;0.7719952278406015;0.021831214314357195
0.33085820018791345;0.106154975143261;0.09969140277596411
0.08360303294035354;0.8340231853432228;0.7596537654052877
0.689200169002389;0.21032525134929136;0.9390838436300274
0.37003807461205307;0.6396228195594973;0.28034601988906016
0.06543944026476478;0.05784158216392654;0.5503096752995903
0.21639202860371864;0.1308704834889417;0.6828808970817088
0.29494052738239107;0.4874901165825888;0.6956750133376176
0.36238679569861965;0.6016315122858251;0.7779683996585973
0.4554217883467966;0.23975160070207469;0.3508339093342999
0.9481610002114377;0.6194368416539946;0.6411062251127838
0.845194826683515;0.5326804349984885;0.5241894113964531
0.6758039553240017;0.716655900674985;0.7447053406780249
0.8291590329390233;0.5701096205929379;0.47583248857862503
0.9289260675750182;0.2940459794071174;0.12145602240527342
0.9497355868036029;0.9653547327718682;0.4659010124518006
0.6918508009155582;0.35902150174547476;0.5775800753889905
0.28494509076618435;0.10787237156741658;0.3208889747501529
0.5863441216743898;0.5680867740421987;0.603604084683194
0.8522710775741484;0.03624651598025286;0.34024388200526845
0.7283541814647702;0.11668742983141056;0.1875982083794081
0.3879853436941475;0.4477823372040428;0.9712941878172209
0.1747874383333583;0.9891663160314772;0.919982386920874
0.944081652813925;0.2781961644423885;0.3459860689695603
0.0875376817762854;0.4037137753908343;0.8934844214527652
0.6138618078039603;0.6231436714429078;0.6257994334319665
0.31302355071533505;0.24949405186224805;0.7556993883012317
0.4388010147182192;0.7574634024816612;0.36812566728270135
0.394914494998025;0.689754428030951;0.02413238724679012
0.12574706384744339;0.004151144403846785;0.9564373774851621
0.9531656935442363;0.2605852716792102;0.26450858406039635
0.016194819278007144;0.26583014857565257;0.9498619152036567
0.4730283429456632;0.11677501585605221;0.5519676218821797
0.5411079673593551;0.5133453968383802;0.30574394886939116
0.24562453551537933;0.5648240122524559;0.14078686301680587
0.46747477516378244;0.29809369422567766;0.9422348505993904
0.23857705660835027;0.31411892988002443;0.6908848933444189
0.6997433106410085;0.5355320095764949;0.0809904211215926
0.3525077568924385;0.546478375624864;0.2172240443616842
0.3854715356723468;0.5692544253677304;0.1936144911697495
0.3262048799716315;0.2662422901023269;0.0019107400456398471
0.19429985002259265;0.6826864681630125;0.6430740847233938
0.7627227335634833;0.47693722223777124;0.8462057077487974
0.6541106172307055;0.7156583845553014;0.06695311938471116
0.8586279512714207;0.0029751801018258472;0.09690378106510689
0.45658047903997623;0.11400505393862215;0.025557338848918976
0.27921949809864854;0.9001541907662411;0.8168975445151391
0.28713864914649645;0.19453812113223912;0.8784014131929861
0.8249069447844671;0.3297244051409265;0.6529151637111245
0.5062445601268243;0.7289768362393806;0.23011361574960776
0.6334613377097567;0.30543409670025023;0.10033132076429141
0.035744285682960064;0.007901663017206517;0.4685613671520096
0.3262096723561394;0.22209082158818272;0.9112296227756713
0.925560910511828;0.36733086041591656;0.002534698643985478
0.9825536989308972;0.9900659411212287;0.8932827017946314
0.1981896744191679;0.22282545845633006;0.29745931577103013
0.7714402814960204;0.1924687403803117;0.720067590869618
0.6771801327777625;0.5066899418323746;0.7465123715223233
0.09150950349055897;0.20268896620649413;0.46263563800881324
0.7887239285061838;0.7072956908850471;0.9988740159190728
0.9997848815028558;0.9979761715232803;0.11749355965008368
0.5414890458586639;0.4167783834448796;0.22890868344749227
0.004787349607696556;0.997837964515534;0.13977601843418475
0.4066070971579787;0.9070099890649324;0.6095353909853756
0.01269284410627114;0.6141421475379563;0.2687726427999766
0.6322265031226323;0.5006780611153485;0.060987942231109815
0.32525958286584533;0.21412342337954915;0.7355463893161279
0.34372516793060703;0.06604173122450818;0.03164330929107784
0.2131370993837861;0.6814503219530514;0.781515139931633
0.7674602056405561;0.13551224635188552;0.9627751333852134
0.9057483027935396;0.6446506435759847;0.4504246896107299
0.5272769560838353;0.24659317515031431;0.1085398336190252
0.4641341057753765;0.6181913040972455;0.9253600640342915
0.9151791762820354;0.7595112806588953;0.9264981438150437
0.2324342877027472;0.260299837443011;0.5504736426604487
0.45720614695317596;0.28262252514105124;0.0459266666627961
0.09229144882568074;0.5160981677180277;0.6228681199207338
0.7340974046126972;0.3894581057308708;0.5510714055841366
0.18652792067936608;0.9433064416147611;0.45936287384125674
0.9468679862783564;0.1859918218765113;0.6787314970334367
0.07724431090830197;0.29701758512993504;0.3351638439628264
0.677253627515217;0.7885367855730037;0.0334549472536636
0.8079920722393429;0.4646701291635005;0.05582096799001701
0.17063101248297252;0.6474293976091623;0.9953282261267873
0.05062146697973913;0.9534222601217331;0.03242339879137057
0.2810282286524569;0.5095204366126502;0.24334294451741922
0.28747013828711643;0.3857971851803865;0.8141609175127398
0.006302167832457406;0.23168633094816427;0.21418133046488208
0.9206448014253537;0.8156318380487482;0.32923227819712986
0.0544762808140099;0.43273739369989495;0.6822355902392616
0.28574159737267535;0.32159256732453256;0.11405581595313252
0.28579546857232174;0.5730007883411994;0.9291703878748017
0.3390304905555015;0.22704398553928085;0.04732809006706373
0.06676842075680578;0.03871280753806727;0.7107924648527199
0.308770615523858;0.49511424626756795;0.39276392083351497
0.0004122169832893041;0.655442742902272;0.03397877111202463
0.09352019051582994;0.20928589232282724;0.11033572575874506
0.9921445757261388;0.03345546417773415;0.2730538280156054
0.9643655631900167;0.24250234657063696;0.6974602548883565
0.6377166645229773;0.8901755818649305;0.9896062489299139
0.5142118356355808;0.7787249348258733;0.54590218241614
0.1844317111820405;0.25143003122415497;0.11395555867110185
0.121868747253983;0.2928295500560292;0.40738894378758406
0.11254857313729127;0.8459007621000525;0.7754756296518228
0.8602733763087718;0.5763587411807864;0.25723496237162247
0.6165905296683724;0.4143468676862311;0.9076371974139451
0.2531162181928832;0.00013702381366920147;0.7136438478345057
0.32734099111681425;0.2605137058526803;0.7502686587024265
0.7259246637037228;0.8391611287960027;0.0022478319163767857
0.5548909883502043;0.3525825136738058;0.5039550300708511
0.799428623283532;0.5988417226874954;0.44239409828498755
0.12700807956956373;0.3023874742651149;0.4963598546833641
0.16761727377220703;0.5623275358473531;0.08020177953049723
0.6975998000022696;0.5340612334528293;0.9397221393974541
0.8543758104531617;0.8954840940931058;0.12097745953937311
0.4539649869791804;0.7137472481367951;0.8186336596978169
0.18084364022032318;0.19299994320180713;0.4064709037739167
0.8706481570364483;0.22972303105750302;0.9060927480516646
0.6572338250061608;0.9222057753208205;0.9295537158654055
0.9006699620175127;0.5743026077177585;0.22537277216303175
0.38267136857173734;0.5686151954199662;0.3765585255996443
0.20155265222932994;0.19201690054379417;0.9969794976455946
0.04531564975634783;0.14234136573973932;0.9378095076720979
0.28179295504742463;0.590544659498789;0.17422546319115484
0.9287626043923654;0.15659512670724662;0.10790956748508562
0.4388536986496243;0.7888979277318124;0.7016074648689374
0.9857397333291366;0.8850500841741654;0.5676252611239339
0.6164625713741977;0.4742006910039518;0.5296443093591997
0.2452660314372932;0.07592486788458763;0.818981413850531
0.03996890016219157;0.7498370569230969;0.6501549716556521
0.369824582042267;0.6796867177753306;0.07813227005493606
0.816718247853374;0.756526213478418;0.09426605763757856
0.5784708672170428;0.9188578493856653;0.39963893211916524
0.11663831970371696;0.8122694585931655;0.31499558046187304
0.9868158856562864;0.17969544975801832;0.1366671412719903
0.13459210608960126;0.06181039879891925;0.7517502286006341
0.3398553851202222;0.4335345464644831;0.9349498886718995
0.8578715675600769;0.5852070579746865;0.004325717281079777
0.21655009768775402;0.6828638331430369;0.6677884768031593
0.4909378368988756;0.08367085827975274;0.6255706038883851
0.2265738448057144;0.19557474107806339;0.3671743858900335
0.2726089531321979;0.8047438727391533;0.34677839186315806
0.31270694072469885;0.02371450188733293;0.06774589942271181
0.7060355236456088;0.9097673152346506;0.7262398474152086
0.6618430172690734;0.13858884549447303;0.5676682472334904
0.1113723886018112;0.6775035887875;0.14292941774853984
0.7152421094272169;0.7373084426086827;0.269578405028561
0.7096102724016677;0.22623668454068224;0.5393142212272951
0.31914455975124034;0.01657522334807282;0.3046949365354672
0.9192292084172775;0.07360047130207836;0.7254695611014185
0.9699066617546406;0.8292947234931652;0.07460527394739813
0.7751950405727976;0.2796846925804308;0.49858701125602256
0.38179530123326844;0.7863664762097026;0.69217847515146
0.12619553891164392;0.10307410161087238;0.7054567026471832
0.3985644802039554;0.6924267634545779;0.42372698816130716
0.33111845877140234;0.7610406236281838;0.37461126223689223
0.16705836326995926;0.8208276324248522;0.21842764514787028
0.7673112095273951;0.12812859467457183;0.669727403409183
0.5703226255161409;0.7650369597052687;0.22261622456864716
0.9592715705911748;0.42375441035730954;0.7365659653126992
0.5506029661081587;0.18090725380387251;0.25831869758959813
0.7293835405673725;0.5347160475918515;0.31024863070917097
0.9701474778378247;0.5018214625975026;0.8899008157311727
0.1783299460751956;0.1621548565588501;0.10635816974114021
0.19829352322687566;0.19134445514115095;0.9417683245582098
0.6890063837503425;0.2716037767768311;0.45199705244682953
0.3530476725494335;0.717071427618613;0.4013053139342819
0.5985799746194371;0.4453456784965889;0.006454752976672085
0.5495017484106334;0.24219131852773756;0.058733306960406906
0.675445613825896;0.5537433923340852;0.857644396289102
0.2903615731834963;0.07493371718584718;0.6533488307563912
0.8082351714271155;0.9882875388423659;0.29911421593373066
0.3765929077551713;0.8712839961056895;0.6450286144944674
0.19985303411115818;0.4688783419883217;0.3401090607436347
0.06825425780253258;0.17110863280740107;0.812255090806015
0.20334500543370115;0.2956238507431167;0.02959291224784566
0.6115932408692953;0.526115748696016;0.4722451707234051
0.06315233031899237;0.7815140617907541;0.22908424097250668
0.8290276292174882;0.12181670902386343;0.35879653121964294
0.2657305059550693;0.10193618535616511;0.5643905006614074
0.6359770328154981;0.2926840393770873;0.6480384128563266
0.26668771620476295;0.8098399909116624;0.7470591858488433
0.9485869442226589;0.26987354772169025;0.17813712816199134
0.08419231635263669;0.018436433298707366;0.878405107674191
0.7721477250539946;0.8137138168449525;0.03395004188763584
0.9489184361739127;0.6386531045599013;0.32711140938477856
0.8566064799045932;0.11162403376819197;0.3145927316139767
0.8043637864500298;0.25859860387233824;0.8343173367252268
0.3504761943572574;0.6490622733715306;0.4662642089571446
0.2179344993343848;0.8038013980353286;0.5191804827699935
0.9152851992074289;0.21591931695258315;0.02550381388947487
0.41157304375272696;0.8302363678007159;0.4436958417373803
0.5022807829524044;0.8629552430188747;0.3684229341377465
0.26951468997902783;0.26497701504685856;0.0510311881189035
0.18258078871118355;0.7414073114414804;0.33987003004747884
0.8216023594366623;0.8682292001252292;0.7803377093462099
0.2812239085020767;0.2839806482365569;0.22505421376797607
0.520083372243325;0.6873954359070035;0.9661537112614574
0.24177997288342024;0.9962628911929473;0.6531339064116345
0.16527948931481895;0.24387462260466874;0.5296484664399385
0.2021734375578006;0.9979253326949512;0.6978481424356873
0.6334938976541481;0.039845423488514164;0.01590367801395909
0.2941512246811464;0.5158561110893578;0.7540355137236026
0.5593429937471682;0.741943129578945;0.8576413284326267
0.39239915850785034;0.20788467336686134;0.896515106553086
0.02244717839351862;0.6332296670215064;0.27389997344915107
0.6870413807143765;0.6034820624709636;0.1556777860200773
0.44624437159926555;0.462445730358483;0.36387216032606207
0.09150998006413047;0.6525644248644366;0.0050745374216533135
0.47587864436228033;0.2774816942437117;0.6025067311647848
0.8692023819540741;0.5460208595516908;0.9721118826244315
0.5992595858721183;0.7460344429100699;0.40900329087060017
0.7389287497479216;0.5481033543680641;0.5674451915508768
0.9185719869486331;0.3359290249082999;0.9250478701399375
0.2743147404061964;0.7360647472082551;0.5027194340401299
0.7920850160459106;0.04352519234220742;0.4850450567637622
0.9598763335349642;0.25882138223464124;0.7989765800415541
0.6130515650722458;0.2959352175026114;0.7698989924209372
0.2868068012312408;0.8494267330118312;0.2379072776742973
0.775741220651112;0.17009719458164463;0.004491972191887794
0.4944528365849663;0.2128953693106046;0.8702848033406779
0.6132778379861465;0.14603110970471256;0.8060531702556226
0.7856835990063167;0.6692321659390437;0.9963285410740291
0.3311685620491679;0.1186835806975235;0.003508404640479079
0.9898052161089126;0.6448611229734901;0.2880392119806763
0.8758035987182125;0.5885119351333417;0.8129682997012082
0.6699214773603887;0.719362163921025;0.9986758919980183
0.42989225489449945;0.36838789259233573;0.3451625681280821
0.7509668587930467;0.8573582225175573;0.4051068846333613
0.5083393700922649;0.4551288130741078;0.0504524229880331
0.3068598413211452;0.8092516860763641;0.6240278998997191
0.8431847151492161;0.641942090948693;0.9699342112443771
0.5141252508197299;0.09778365631447727;0.5927943529704741
0.9075646812355347;0.2280826852410125;0.255981769954053
0.028960429803731036;0.44001071297613525;0.7856006586582613
0.5807994869286728;0.3210621203170283;0.3687400577893378
0.2898193308228826;0.31253841214982525;0.9873819215411408
0.09592509899372048;0.5108771432811398;0.44579870020000634
0.31586591309716106;0.0018820977361813096;0.12315030876765176
0.8357447423198588;0.361558033502125;0.3454449376108878
0.41131283354939097;0.267066684056244;0.3824206125645333
0.6000830964349149;0.9558600921608629;0.8011267315361703
0.9977667274625263;0.32129302980089836;0.7626160134427171
0.46394404990663207;0.9899889946841857;0.10043118795673689
0.4651381230714575;0.8498872687512021;0.2515512067224228
0.5968098257369727;0.33086946412904483;0.2968193141480584
0.3451630953899517;0.38893294366378306;0.4808674011843741
0.11824665633259279;0.09483405663339839;0.9207744155735311
0.4937824490484267;0.9848341033619794;0.941666804289865
0.5961255544532553;0.9052986197940469;0.819183979016915
0.007921816632402212;0.5175145005933585;0.8318937907680974
0.9125667258416233;0.9936551672125656;0.5705501651898716
0.891288203686051;0.4362432205592295;0.45742052869453276
0.1900099198594103;0.5809900984608672;0.48349253233980627
0.9385669346995867;0.6369538506731923;0.7191757519483398
0.5597234481948035;0.013377123629963794;0.36358301424381345
0.5824602281531552;0.2403975939798375;0.17568901129751124
0.23933794787536355;0.676333260143466;0.6219660069389047
0.8727489370236924;0.995499032955917;0.9804036359838884
0.8556793773135812;0.39212281216081357;0.20229401097397992
0.07696233891682214;0.3547310151136731;0.6347529630773844
0.8623165171117991;0.1783007632303648;0.1645242935227399
0.4069600657406729;0.2547492892650166;0.03046583664747471
0.5176307053553956;0.345442533025348;0.09188925368353829
0.31068766609170395;0.1806163123295319;0.23636441438619338
0.5498601097511681;0.7557923570505909;0.29823424764232176
0.2204156161341283;0.3137548560784653;0.043910861102126275
0.7600674170242164;0.6654465902529579;0.871826938078397
0.34251907249252467;0.5561463551933563;0.9175127706167089
0.22833184629852366;0.07465748412213846;0.1485236612658415
0.505070658876663;0.9588975939036174;0.24498300370996684
0.8780171259608726;0.33909552108451146;0.9338036576626707
0.8006861522740313;0.9076006461836422;0.5572740314583192
0.4281512851644492;0.9499799333910497;0.9103459491165166
0.91107530006744;0.28360800212061255;0.17240629585736167
0.4694487548256514;0.8706922511054744;0.2734369857301443
0.8507688136783675;0.6373199960209003;0.1673559238223643
0.6764567988668293;0.439073435513205;0.09404726557837584
0.36095331818462606;0.7236973803182337;0.4636020388353512
0.951305501688201;0.8430733213624941;0.1408287792148527
0.4036408689483578;0.6680773194415052;0.20215705319884536
0.476762834976897;0.20022523952959093;0.8364882410788993
0.26718775315331766;0.8004475759465108;0.37989435138051575
0.6874634568619545;0.8831846615187191;0.7749560484674992
0.5666075403504401;0.024437312007908663;0.12109847415063946
0.470926285689251;0.4345296060727626;0.14460343451538116
0.9324133541216846;0.08976027696408251;0.7760501492847197
0.19618873793696823;0.22608886065445466;0.6578581128523363
0.8346982189247996;0.9660047782558812;0.8901682792340482
0.4548423990940882;0.9990694655056974;0.772874932427074
0.7770629297186283;0.17295975300169264;0.45276507498185825
0.6396595968555944;0.3911187603209261;0.7188776740175158
0.8458855053245576;0.40675581983902154;0.2716265863260766
0.6226529869192468;0.39507360952842063;0.33484268398370876
0.9284159126920785;0.8216958333856649;0.9854538870905069
0.19592319891769605;0.7689586258888037;0.046110793262041816
0.007890266866547813;0.34010686767804466;0.04387263523792384
0.8624095667378499;0.6428559286389073;0.49806461927530843
0.33373774362196573;0.31441810445715124;0.5904002249424671
0.7585475546739809;0.8058715803217601;0.14680495462879584
0.9653839195217114;0.166428569474235;0.07456176142404713
0.349113631473133;0.13041817892484409;0.6480598532603001
0.5801870277401387;0.4104885357483097;0.8329066576874471
0.16140687562484346;0.7163402703826249;0.8279021162165594
0.6602588551610007;0.9883055698240896;0.4389257580460526
0.3257670363568256;0.9199626575117288;0.30065054600980845
0.18963423384606526;0.45767251026152667;0.9841335735272936
0.02855458209595718;0.5826094018447938;0.43080938254383205
0.9151507010129739;0.46794399323792213;0.6463700919339556
0.07647403451149126;0.014217596046603331;0.20415649432814365
0.7869112349824996;0.7048397499535811;0.925589630525788
0.5248170680567099;0.05380773272281436;0.2331681841556218
0.22254189658906165;0.12325104805740239;0.006107071144880849
0.5837590977132844;0.1344488820056281;0.283722117142184
0.23750978792238886;0.9164911992173437;0.9685740789182753
0.39692388373138743;0.7054029174444562;0.5812711056471153
0.4423431805865816;0.32724097369482097;0.35575088103245966
0.8575342718841222;0.34297624459970866;0.22916819984806225
0.3945494375091979;0.9469710857057896;0.8625113291448542
0.9152447486426688;0.40408382680207633;0.7981200379389117
0.7511456175235579;0.9256252792642123;0.3419993599756824
0.4531076851936633;0.6171892271108133;0.8404071896108507
0.05206772887458233;0.7986922790754303;0.7221569622063949
0.6348417823835903;0.6465225045221431;0.38549640759765536
0.24623813763597313;0.796287826147832;0.5206071607112788
0.45631087618881216;0.4028706038695804;0.476175489799158
0.5710255531968702;0.7924760575193042;0.7518560421405674
0.12838900703585576;0.3034005359900702;0.6725978357890686
0.4201598124976058;0.9039266724441898;0.5528027594915828
0.5715190723450475;0.39230667271547115;0.34598858475357375
0.9495538915862222;0.944641041778801;0.013997946926061489
0.2284399771683756;0.4337976143728104;0.9449580407511659
0.977423205402306;0.25003877459696233;0.31133980290812624
0.5891864524852058;0.4777824880277354;0.6314145532395243
0.07215202561065659;0.1295955044480811;0.7929690458455707
0.7614982089488911;0.7726295952217398;0.23912000484054052
0.16220280684808042;0.3402581683581344;0.2227858215752554
0.7574177335102892;0.021735685844605168;0.41962387460278916
0.886240836517281;0.33210034134840416;0.5924489937270094
0.6841464882667865;0.004106861298009523;0.6472950863213317
0.7858419302346397;0.7992009811696289;0.8590846650091245
0.37213941035046205;0.18951299191769944;0.3674514516312938
0.9045364053065524;0.0003029371084508625;0.2082073008787415
0.7478997669471708;0.21588149110529653;0.992977833173174
0.769952620054272;0.07334268914150555;0.47696970972782204
0.5351942056216391;0.7076419547491443;0.5663602614908488
0.6156435955018524;0.6045763756783854;0.10795001300510232
0.6868603823164879;0.6609658498880243;0.3793266116600853
0.5877043913632995;0.670597475444954;0.8160865715271367
0.2094069560255265;0.8984142134684425;0.18678861095721178
0.7356363725814578;0.7929687730544346;0.2779064294883835
0.3930887424873095;0.20429237424522484;0.2435183191584771
0.7910625584346034;0.6120876082750655;0.19853989363543834
0.41994837749917835;0.9318279488332052;0.8593065584657253
0.4533425407126237;0.5089092334811635;0.6733747266979563
0.2888824723270975;0.47094746135284504;0.4388354026227501
0.14987769432763742;0.9386845988118805;0.2710385601975641
0.916893594900137;0.30229158410444645;0.6235639863165495
0.969955956717581;0.6533391959252869;0.873436912595132
0.7203126381021717;0.5771195058605669;0.01840646944870694
0.4724273755355325;0.02648797602364994;0.979263347653601
0.46837395976960916;0.9331541298465644;0.18314147384222268
0.9508108789187574;0.1621936748417926;0.6962447830065256
0.1390688666081935;0.6710910136496697;0.667980249478211
0.1180392518955864;0.23741193750501066;0.3303902081489605
0.6218813341679031;0.5955347907704522;0.26337822171865066
0.042657315506663185;0.7596033579834355;0.8382154600509508
0.1909104531889534;0.7759616891358129;0.8633679961618431
0.47194023511030425;0.9353046508106337;0.8164979985746302
0.9669641262441051;0.17487829856159354;0.057918059017097456
0.5754424133995657;0.7617729353070035;0.8482040195599004
0.8742790498474947;0.24272096998700454;0.4161576730061227
0.7554113960179757;0.5519178345835359;0.37670596549906976
0.7964755328710764;0.4905540860867399;0.9119909118991859
0.6540244608985009;0.7020204851506507;0.9432185049114205
0.6596541679919778;0.9889477233160172;0.21388257480021322
0.9726895543214167;0.38805972643170206;0.17209631229448374
0.38824126231292744;0.9605928503084433;0.46343249016220656
0.48281431584528933;0.6105981837304483;0.45910046188202913
0.1311527248214932;0.30620481033153335;0.06085744522220926
0.18982977787198996;0.7588080780903885;0.8948927848121568
0.35788443399509984;0.6732690797721003;0.2510228268472594
0.4997019319117454;0.03855490506621251;0.81394400851882
0.08112007133866661;0.7177008347797762;0.7829061616241951
0.5929755844885392;0.039007269643751785;0.9912655181218404
0.8408723298201605;0.645461675072253;0.0371089488034696
0.5038678366590467;0.9959483807343985;0.4269848400240346
0.17001796395196211;0.9373317808264778;0.10453930047136883
0.20299043377580328;0.4154177694960063;0.9693119446410289
0.16091618913106165;0.7120466499239488;0.7375748551567209
0.9774803088716285;0.18596406089242568;0.7601585771117292
0.9069328904116225;0.7968774845640224;0.44262975187238973
0.02256241417903415;0.6687644046388693;0.4414935138336946
0.13426799584263038;0.17490724766842014;0.3689166699711075
0.1275568378300872;0.8624500223363215;0.5537355528223027
0.872582327255577;0.7047830716748961;0.11509461337349725
0.08094859419421763;0.15836719618334605;0.3050639504754976
0.79885845518586;0.18049395518597988;0.2497530965282616
0.6463260363127242;0.6112226554708702;0.6429100798380661
0.7583761349951305;0.5013061681305034;0.7408753469852667
0.41052306429575003;0.14168665587025941;0.10803931333527383
0.36062176321014605;0.09448068639964935;0.8221176627885685
0.4366867914584608;0.41799056873789264;0.9060572391861595
0.8885233857434924;0.01413683076530392;0.6332954816593405
0.10443312850216147;0.3806006370524916;0.20169269377588273
0.8284645419112491;0.000912451634174638;0.7406796630413429
0.1801582770337936;0.5874604074991865;0.013528888319914945
0.3064002448768284;0.5747497460362008;0.02866361380277882
0.12221313718033755;0.4549665388003059;0.9984597629484031
0.221385615511133;0.22308125359051356;0.8266021695014328
0.7676555362894454;0.9657211366663185;0.8589631803687119
0.8269728978438112;0.5640887150460268;0.3553856337055894
0.09512733120017303;0.10038330224924197;0.5349140615614616
0.06855287942846533;0.1661101705160275;0.3942943808004674
0.5374271455469277;0.37035024632995706;0.36547889914719955
0.2486967509081084;0.32846797489049306;0.06157470383363117
0.3501832980955871;0.9351206367853113;0.15704495911277516
0.4710271065420619;0.2483582473814523;0.7594867134289304
0.8067226539863785;0.6017029345147272;0.5517288510108065
0.41323181852226654;0.3701243429535809;0.5585102592288351
0.4779929043519682;0.49644661750616714;0.4005384671847372
0.07682742954103561;0.18432853821875406;0.16485066805247828
0.4227757303898454;0.4839715420504179;0.10983204340791175
0.8700040369469776;0.5260129635126192;0.22684081972759884
0.7575728258594082;8.092230470235773e-05;0.6075969359103223
0.17793041473199245;0.5457885543571374;0.2721145884404239
0.08582966821347382;0.8619477393622199;0.041936684152574344
0.05193497863267593;0.17518985492782535;0.27061836188989696
0.14441122428357345;0.6660385846158839;0.9811956878440675
0.6717852920060913;0.931604517726435;0.02900982078455472
0.46612785967333525;0.8950768011868788;0.4557188648578161
0.5565794847763355;0.3246112080223338;0.15812086272103731
0.11877726300444591;0.2051496274524951;0.27286323699329074
0.535330636563424;0.33300310640547903;0.5679014303420888
0.5332179197982725;0.4756567882744509;0.19346634142644992
0.9408868269681783;0.4820919529863801;0.6047588709001617
0.1362969173685027;0.18986391261794155;0.4949785680104464
0.673212318699875;0.16897321295869383;0.45758053738764304
0.1336377880351578;0.48985579638049137;0.006620781817472943
0.4669018779425764;0.6880181206412186;0.6668214148060002
0.027322658070429107;0.09880301787816814;0.7601597553067742
0.1546240879060775;0.3369499765914864;0.619733185265444
0.5384825279847583;0.871258009799952;0.41863790220355
0.4532936510101119;0.7848484781811134;0.29713419328041357
0.2962220782918693;0.3813278687224282;0.46048284960221597
0.6636780882279204;0.13861104666973167;0.25336069810020867
0.07378722301956386;0.3436116204343286;0.379946694988878
0.984617054239644;0.5430255790558791;0.762489843472367
0.34303781927189636;0.16718680765277905;0.7369277006466294
0.8043947710468902;0.4054592631858779;0.7660729537969038
0.3095921347347218;0.7213615213505109;0.5480398218689821
0.7455068427717072;0.33422673069791087;0.1969767234794607
0.38614245760473487;0.4676388913582469;0.7254348021811315
0.1624828902689054;0.18864894252200537;0.31145610107277677
0.7714719952785838;0.39634381671804686;0.8053756888515401
0.6865962518163562;0.9331107446524873;0.38880571085376614
0.6918203947324717;0.9334088767716512;0.5646028134915902
0.12627809194248607;0.2919008829916401;0.28420871688157345
0.8159826608165546;0.22366950857978252;0.23831418591518005
0.4134304879663212;0.8808430009220735;0.21811333700081137
0.7222204088223696;0.2174151307208504;0.8957927322926752
0.28765034746600815;0.1902496875319476;0.8764848266692087
0.2576298892087999;0.3451159164612525;0.9074014714595793
0.9084642545930385;0.34579306394785725;0.5799985268468775
0.8117143498625184;0.2868858334615131;0.7660775608187769
0.5149065166043711;0.006523148297148618;0.8267581398021515
0.42676199980629625;0.36221427173875087;0.35708342728502895
0.7386242066683195;0.48660362551236525;0.07297628289476787
0.6938942848003637;0.491832156661518;0.5739897481893057
0.6544422479467603;0.2601895275231042;0.39060061030275217
0.038237493416578894;0.10459251146178072;0.1287294345060923
0.8989617716986587;0.3403478302084172;0.18218720738991856
0.64225892802882;0.40724919142079985;0.32907418977596936
0.8664984057934751;0.20001318447728622;0.028944455737944796
0.5810824732778501;0.2620520626461367;0.7164896817983625
0.2835401251313825;0.61043210039007;0.1844804632038055
0.8869438749163023;0.047706184206802726;0.5906056241798529
0.16417358440678842;0.7052942072387879;0.5051818176816273
0.5336240159765868;0.9310771593297565;0.5230202982824999
0.19225713005546452;0.41002899482279653;0.6214483202051042
0.9786842427148088;0.630446841760495;0.24647746744546062
0.8193985210001231;0.33081521939182934;0.38811603260900474
0.3159383336932605;0.9310475284403561;0.5852684040448598
0.5512690506491028;0.13708265517455687;0.2533871151620777
0.5007286115930009;0.8402892485635153;0.25157407532855636
0.5444447411436331;0.7389638103081874;0.5875985080303148
0.25313827788090304;0.5127901114090956;0.642174376392101
0.9015653694330474;0.5632741858910929;0.8420481050418213
0.29267706410899663;0.4476153864637501;0.46712834384827795
0.05346788447904438;0.5407083401238277;0.826783019353135
0.23438649547858403;0.9996612651812882;0.43765240020474416
0.856881491813483;0.6715447453223031;0.8432383245219309
0.3115579463820739;0.4023513837155459;0.8830934936122812
0.316310576098917;0.1418858907761219;0.6850375918945485
0.08043556507112759;0.9710848952090557;0.8602283181032129
0.39520758191214256;0.6942916399877797;0.021546124115729426
0.37915253405837757;0.8693402522372655;0.4141426515136868
0.828961339874035;0.9619615042871962;0.3708981760616368
0.22102885565935937;0.2718388379579383;0.5262931791178087
0.7175687467918633;0.6936188106103459;0.9166704830855844
0.5218151495681574;0.7136494830760793;0.14046873826356632
0.6012289493520535;0.17556133484981418;0.0162980284187918
0.5184363810242001;0.9370734019239086;0.3164225808249752
0.35916377716819414;0.8126939936781333;0.7704281663041294
0.8919769771913277;0.12360075886419608;0.5956602596211776
0.8265937954818087;0.20305103007696357;0.16518405052614393
0.9178038745036708;0.4094380555302678;0.6934879507210105
0.7795901564786611;0.27424391936619064;0.6605353651596619
0.9770712326030266;0.008091999820764362;0.46558209401926764
0.9125825014517707;0.9545478804512009;0.528262541416669
0.22247325526176565;0.37550739058710614;0.35935533749634596
0.07569446176176975;0.45476606136320397;0.04847606380179126
0.7053063661359563;0.6956686500567079;0.8709553287235012
0.5964641223901693;0.14021125415064073;0.36271963462556855
0.6101431789122862;0.2082208553791195;0.35043254365512944
0.8399472598242529;0.3290340910324705;0.04037593316264532
0.6702242655284558;0.9236406120593696;0.36493476825167515
0.026529767734078225;0.4025544987905595;0.322373464739488
0.6068962850015174;0.5441920649126025;0.5481180052318321
0.1287377344851841;0.10470754741317012;0.49730457112724635
0.3826314870423745;0.3796183291054184;0.15987759613049513
0.5541482110076035;0.9243792290946095;0.517991658266042
0.7525153721577069;0.7993407408770696;0.5636366274762927
0.8159398038841069;0.5145812717473083;0.1373727828387814
0.5677777196745906;0.08522752216130192;0.2514151975705562
0.4954779688040727;0.011270074634029958;0.20069844392939395
0.32970802207096594;0.16413184814945325;0.8255966664885933
0.5992294904854805;0.19008136902316264;0.7732056303736069
0.10984467237144413;0.8090685860263246;0.9579382122434755
0.3651397796479676;0.6249512986474608;0.10370780514283051
0.25732141206935066;0.41979510881474613;0.6776350708954678
0.9804203412755351;0.0930961542936305;0.15295058896742242
0.21508230707043852;0.055928141026751255;0.39855031058738144
0.1827449976342077;0.5846128825660506;0.3607822412517375
0.7931283916215527;0.9854151277405195;0.3737391074267411
0.11246738193065431;0.09558590779828424;0.4134588082126339
0.49620756713027303;0.342068457067532;0.12162218128211577
0.2008883178249088;0.24982495444589237;0.1644307425728021
0.11680096607196899;0.8758077240142139;0.19619743766403652
0.2530997050802952;0.31198970873032594;0.5229688520490696
0.7434509689614763;0.11097701855796949;0.6923568840860084
0.20455753720269854;0.18077118519986912;0.8735896134020887
0.21859498514068143;0.8361845912765968;0.2889327052683741
0.40489640223380696;0.13999518686328427;0.7857856995556257
0.7305271216470378;0.003960064164013732;0.6354371084471826
0.24666657903476263;0.7235570458348407;0.7983088903659962
0.7508287155033945;0.4166380286065604;0.6326760436527752
0.18739888008099603;0.4405191146863495;0.23232458432189718
0.7861955823347022;0.08139819789381608;0.35237949471287056
0.518574420587808;0.5409977311216689;0.40419914794527956
0.08289689673885181;0.8329329042652983;0.6748115290077142
0.8799211636716827;0.6341822039457323;0.005398826829269399
0.44847629529820177;0.6824316877170488;0.6216460929198446
0.5558315865283143;0.07988533021413102;0.250646224290883
0.42956930801892235;0.9048279802375592;0.8345827823135891
0.6621829493218785;0.4337678091569679;0.8745944149429613
0.5217924421670855;0.6324348776181167;0.8206209618304208
0.53708873124292;0.5290442897485382;0.9165242794145767
0.317109642639685;0.03333125791411484;0.9761535051673308
0.9104785059926598;0.4467953884336531;0.1451177361885122
0.9884614591140982;0.9855027520287869;0.3335173178890558
0.35141822666714206;0.49742216748373735;0.07855478308576092
0.29810685084602284;0.9036843548297883;0.5752894266038098
0.08801406306846682;0.814946364760166;0.5424365900615127
0.5502429967057813;0.20729931513895927;0.12540004279166372
0.22958017219751792;0.6821164830122474;0.5274043368236812
0.688130270850366;0.858740588395695;0.31165242574765273
0.11691104215232251;0.39780157740944744;0.31985184452080484
0.9231503311443318;0.3123143537415878;0.26135210622044847
0.8819787534415588;0.9815564172817554;0.13342570810173882
0.45105159367161474;0.9304149461927361;0.09079871285831298
0.4468135148392134;0.6213316871763458;0.8241801158677599
0.8021060748021911;0.8580913545279742;0.2877063424007009
0.2997906489338048;0.18691670845777653;0.199877069708296
0.3186141234741874;0.5160084977234133;0.5335499843467476
0.8768541548584895;0.8416604669053556;0.9343434472525931
0.39505792913225013;0.47578128367769423;0.027400566749529398
0.7185596769116591;0.45024728325675745;0.626326034640719
0.04692952367348069;0.03464871926553703;0.10327946078103101
0.20247518396781872;0.09148018328234264;0.20192361709093065
0.7824468354854829;0.4269773462053853;0.7542740220490849
0.7798992993943272;0.07230847645045069;0.19122809435604937
0.4990595519305616;0.604493856133898;0.9106089001470324
0.8800747473576822;0.6027619794487159;0.8000835422562991
0.2927694798942898;0.32768818752532447;0.9904433744218423
0.13447671090583613;0.16876416890480783;0.927967533937353
0.8567867434785384;0.5410419728147082;0.8083155117439429
0.5360564330448521;0.5901995468574996;0.6928336399680901
0.8235862704419759;0.8899052459045427;0.18693854820530242
0.7456756140348391;0.5053865774188278;0.7123911639991736
0.8800876768633262;0.05027085954958266;0.19878354242281904
0.7922656813023988;0.8984381863917673;0.7473421663324002
0.48323227787323364;0.4049451275620831;0.4552990870754051
0.8133897660090288;0.5299926106535151;0.5128337905805489
0.902782183459764;0.8027470153977236;0.7145133065982275
0.18958911955157332;0.7848992492737061;0.14129141281019653
0.29493752515082794;0.7485256360618912;0.9456682988219206
0.8519879181159199;0.38386965262905515;0.06281585936562362
0.22013721308280398;0.11117070551299368;0.9248286767778955
0.4762594105675889;0.404179882233495;0.15969075068653793
0.3627764261030576;0.053570174024170525;0.8526765904159078
0.02478379764570715;0.8906527230770049;0.19459314366098823
0.141975358642366;0.9961227691789162;0.041722305771180745
0.7177272205570286;0.23444934649573956;0.8761590201779047
0.5935544761352257;0.8168495692786578;0.08996865180670821
0.7576048191555129;0.36020504504321915;0.004474296476558615
0.35932841732182075;0.13420854985474684;0.8015742543826188
0.17110557865865206;0.06006307562762381;0.059748191639297454
0.45107217616806794;0.20968141347781077;0.7393474944838463
0.43678230148359987;0.07345853591262752;0.6575663274539716
0.5447031095464248;0.2549592231287444;0.5585524300406771
0.2893234957524018;0.9555547440211811;0.0892775190193642
0.324723332265918;0.20170794630842026;0.23717766157683184
0.05077952249627682;0.8289077055348583;0.5304898335290568
0.35596358917071635;0.1851977990485315;0.1673566508788772
0.5000162829682998;0.8180745569295896;0.9668444111713637
0.4075014199836746;0.5570375046298787;0.39475388108802667
0.5321625404119804;0.131609850843463;0.9185706619440921
0.7711183401717234;0.8999153770915026;0.6455560002729738
0.6715324062819796;0.7304987091055348;0.7093818822905821
0.1305333050801668;0.32771150204578847;0.7491265496230147
0.6947527264993921;0.6003246687311816;0.9205082951685792
0.7636371654378907;0.8352592114295693;0.1996903503175569
0.19537816964855204;0.9044824254384204;0.44851411981357125
0.825384250531569;0.6134668393440242;0.9592364948974768
0.9636924867203902;0.434585177366674;0.059279663038390495
0.5032816297601216;0.4888464116568878;0.724317810535559
0.4347151577426641;0.7722026423500731;0.253261537881728
0.41767371849786383;0.49652693548369276;0.7767075298350616
0.23765228011286788;0.3693538041373001;0.6132922822508488
0.7142701749596069;0.8015607836633787;0.5120582568979194
0.8667359898372796;0.5405188110431143;0.6095909410220206
0.7224592982088595;0.36628871970463794;0.7418300242914433
0.6682283865776428;0.8142372966091477;0.21971775209838018
0.9820358430700847;0.9074308802093031;0.5304471181979096
0.9685989914602721;0.7706646655795512;0.5075047061636117
0.19192352164983995;0.8299935136239288;0.03126240966849381
0.7807505889008299;0.10912946267276957;0.6081329378833763
0.7154337282859822;0.468757420132604;0.2154455222036583
0.7331652698476955;0.9017520829677729;0.8493830824760187
0.817089253790453;0.1892961730366115;0.14792359181674974
0.6610988670136893;0.42522013254245505;0.1570522248478552
0.3925160274291011;0.5197420333325838;0.9085345589128475
0.8380796128539358;0.01808632681062816;0.9036758218956547
0.5277186775961314;0.34918733404922675;0.8763770282234454
0.9808952275468482;0.4062060593632234;0.687525965282759
0.8795645563263067;0.4608415192600036;0.5459117592383742
0.6901434349273169;0.8578424225079381;0.5215903221168426
0.16273623399433157;0.961781233789212;0.9651792878802956
0.029832791206847564;0.06235270967252826;0.8677474605023593
0.4723806231756431;0.7771850718563462;0.648984523051419
0.9278088053822108;0.7026953558396033;0.8989393428282461
0.7215614601579647;0.5917442220301263;0.9706033992172889
0.3210903532733773;0.36916078726557267;0.3377060768033966
0.19353251646708924;0.3376962508507233;0.3577898441280004
0.6340215181736948;0.292171170685958;0.6167320525234891
0.4130609828737364;0.8523767139153652;0.607763018909586
0.8386260158707104;0.5981931255702755;0.38759672919793065
0.5231822652039018;0.5728707702136878;0.5353300890043098
0.10616722190368266;0.03955823307899253;0.19524991157516614
0.7813752696407598;0.23373436612592857;0.28382271253629543
0.44411724568147104;0.4766396863852558;0.2031457393213334
0.4788039026090307;0.4722708495872616;0.08182048120559304
0.6310886204992556;0.666751243874368;0.9910511512467808
0.940951545069685;0.1077057306498681;0.9842140988067056
0.07524058944417022;0.3894974704929888;0.22604897002430824
0.9519640521558889;0.12924899254693922;0.9128275803323446
0.6676440540905563;0.01414843035687885;0.6865414079218499
0.1208233224398283;0.40422223458624085;0.1759704710152119
0.6493540026521121;0.6352046615871365;0.4064029250726414
0.01610708893225332;0.23117297644431;0.1725448651241338
0.6981932049351735;0.3479936640061354;0.5033736925691952
0.47847135252841844;0.28135846305060785;0.3970703573673223
0.3834410788042423;0.5208970608787581;0.017485115624164105
0.1550091261240235;0.9477332250314097;0.13743540058014914
0.47842539548641017;0.40774645169909207;0.8928916988676985
0.20883496383027356;0.7509104818933962;0.8760132674408813
0.8514059760286505;0.07523094632602378;0.34674157196913935
0.9254777799286225;0.4793624919661038;0.32822164379610863
0.5053548778177599;0.322081372985758;0.6698177347092346
0.7287643077808248;0.2770447114237752;0.27339129670371154
0.8590126696389621;0.30883971091854034;0.7590318267575421
0.28632449997287146;0.8702248302682927;0.8004172348441625
0.7514515382722654;0.7022872818486015;0.25746259616270817
0.5359309501376858;0.9491934931089813;0.4141075171598395
0.19380437609628653;0.532488809830138;0.48384054139784116
0.9810092240389572;0.24446292746708886;0.7301765427884578
0.9349227439085488;0.5102160452604664;0.6526325021331303
0.9147130940931735;0.681366760184949;0.40391385259040125
0.8605394896626194;0.005640848678411303;0.7959267704193661
0.2017291262351948;0.25657470818003114;0.9014236375920283
0.1612102565331871;0.17869998825384048;0.1383972052864224
0.1234160877916134;0.8078916847478922;0.9316050389247622
0.39512714846242913;0.11722424213700577;0.6416658457124694
0.11715648475317808;0.9997191826414435;0.8184192967965127
0.6032232820988441;0.2625882406913581;0.1791273473529874
0.12460357873120875;0.6741436259288427;0.585443482380871
0.9732214542029592;0.08769782702871598;0.8704695977193582
0.40762055906518113;0.07638172863359738;0.3145971299578092
0.9612488303020674;0.14985038976942244;0.800638891285602
0.2868686804367018;0.5104040127945532;0.5234294096697568
0.9242312643100923;0.6466672244233068;0.3353225135876797
0.10817826325856417;0.5770196505033162;0.18536370712383654
0.9082657864837741;0.88718183433727;0.5487102048042555
0.4159566709774122;0.510769299187474;0.6018841091697238
0.7060969589936383;0.8682085916593955;0.610294027648078
0.3276387440381894;0.5479720341067348;0.1776040492723917
0.15036567780529386;0.27453593741148086;0.7715133589412002
0.6999452755645851;0.3007132475103229;0.924755672471219
0.35872339688589505;0.9449287635317953;0.07452157282496752
0.26577113962822363;0.8287464830311839;0.2147330915917619
0.15670575315259438;0.7037383155509033;0.7752253125187692
0.9642442447766589;0.5470226613863918;0.9146064045857826
0.4629092114046792;0.4837125779059309;0.9752535096087849
0.47975238973973466;0.2528139892347421;0.020249247998638253
0.32066632450888155;0.4819552409004578;0.17236999390488916
0.44375447709066285;0.6599484944343992;0.9722103015447086
0.15878665295981942;0.8728744877536737;0.2973212091492978
0.9398461462885994;0.7415103419521007;0.9916355346760761
0.9578604238272405;0.029212981238108227;0.9358161073664587
0.7927579474286074;0.7580765612325724;0.9207387126811465
0.43308479148078427;0.916010087023738;0.1619496645502717
0.8135411056329919;0.12770103636942132;0.13060376890618852
0.4115944164870151;0.6382394423152586;0.8509115637700084
0.3838018209367755;0.19810212089923063;0.3136476994771241
0.5966852884979407;0.40369216033159394;0.9127957369704786
0.023344383077454567;0.23192134477604576;0.2803409693973634
0.43453898399078683;0.29751750510306174;0.18973357805282698
0.4669609522997922;0.8430639785094407;0.4452403407437395
0.7347332055018394;0.19824073120358543;0.4458411526884044
0.7102252178276217;0.7375982630317156;0.8179129484818751
0.4388735185631848;0.007380832616412869;0.9895862090588302
0.3494335680272249;0.9959754778748453;0.9488800031867223
0.3619100997853345;0.1707342011109081;0.6687653002924169
0.8176628358781595;0.889570258972545;0.8851757265913875
0.6737065827426211;0.6011161463157378;0.5581375668132197
0.047253678569053825;0.6097861665100087;0.10510746976246799
0.5145809098859165;0.39066534078935833;0.7120086080035428
0.4823113945004872;0.6529480366184631;0.6240257955752483
0.8046643932543718;0.6578059600142935;0.4351565250266626
0.9851301587047121;0.3005153762002669;0.11426817502098519
0.9185165488340123;0.9640953790185093;0.3260998685401314
0.1102547782755956;0.18414213772190513;0.9069228994441441
0.605217632905723;0.3365834186639656;0.47703285294647
0.04889626562292382;0.6241208121793849;0.013914262346434891
0.20674258802932688;0.6979325260524278;0.06919688796754553
0.7333831503944083;0.5512412734023154;0.37935622944607794
0.19343016302265714;0.4878983449631408;0.0266936703418712
0.03623015728512147;0.40033321254115917;0.7407859563052709
0.9576231462068326;0.7837130700175494;0.44569038708695985
0.9947381947043056;0.3302573633404171;0.5703004373376918
0.03356811620844724;0.04992913696600032;0.28199399657721946
0.26492675499898566;0.42938357985112785;0.2703579519140493
0.5712622413129933;0.17502045551001078;0.5272560264182136
0.4461247704942375;0.55620500789588;0.10041470608564673
0.7808796489244757;0.9147393642754684;0.6682937798323385
0.5876005852567926;0.4796337735847688;0.9713329740969805
0.40000413193175677;0.23653729238215082;0.10314067138229155
0.46367986319473986;0.24107519393192745;0.3108465318838819
0.31421283536387645;0.4064973184500552;0.7807398127992331
0.00545596159072792;0.09870446090661877;0.9821576497068145
0.09860287829047276;0.03220561739800565;0.7548965141933907
0.12163848611433103;0.9269523891486284;0.1263055143004308
0.14369121708770893;0.35410747533049747;0.9775875161172659
0.2885341761996594;0.2143744733268459;0.13705070661340546
0.08530281305665566;0.8184718444149189;0.9550891186532584
0.3180490691252513;0.8560553772816336;0.15502242695297053
0.8497691748910153;0.009707338789395892;0.5834573596479435
0.41762436254185886;0.8884156838250733;0.9674431823028559
0.739079581860206;0.5226131352022322;0.04039506967325257
0.4919945221614801;0.38926022183702924;0.38223463211404707
0.29835080971110395;0.7526701167270512;0.8546192015464752
0.1782835793666958;0.23922248247102107;0.5526457053737788
0.2923593873432241;0.07443412801757077;0.26601174163575747
0.9120977320511652;0.8995822871028121;0.914689446413015
0.34846190274962685;0.37441538422368037;0.6690352567730733
0.4295087719899071;0.8895310496614091;0.7887630600523146
0.3972703966083416;0.1992444865046824;0.8711193805066808
0.8361276648849177;0.9702029183191176;0.5940565945415123
0.9194431333366073;0.4289815085570239;0.7570555948121288
0.6504582790877701;0.5346115034909352;0.9783973700275711
0.1019732077122526;0.8092409873130597;0.4877105162029097
0.002754706519196959;0.2760333228895635;0.8888251930930228
0.9537447494623604;0.8443321933329597;0.1655658458116488
0.8127949391020265;0.6663342302769325;0.8022884497788523
0.6802867953591077;0.5688597508863557;0.41578911405322283
0.28362911867843366;0.8774413674004482;0.45451526233051376
0.07228239459020647;0.9435147418945594;0.08493187480908027
0.4939816000000211;0.9689704699256771;0.9974865384998588
0.3690137704034222;0.6294194698375803;0.11628131762913729
0.6927350933562456;0.9135900714655931;0.5758886757479575
0.9539907803453015;0.5687157105536031;0.6994839443497939
0.44151334553731136;0.6565154891134547;0.4140311153220051
0.7175733610738567;0.04163613205823358;0.9931642769705781
0.6998655452024922;0.3901645507442699;0.16366709416017233
0.09015358336247148;0.6448573255469261;0.3054836971008126
0.5595618022067416;0.13423096741768403;0.09542170516258608
0.5005706080830512;0.5329351290114318;0.6855568317721089
0.8013956521474256;0.5300807945400465;0.2632285329541637
0.9840688900376942;0.14878103114145091;0.11675304086876392
0.2495084294607095;0.8632900855000591;0.6597840373276086
0.5387895724963401;0.030149047744540858;0.43158529694649606
0.6364460750228116;0.4587814057817603;0.749698526304458
0.5942495272535435;0.20523520612025214;0.8189576017391809
0.575768155187744;0.6604178863642125;0.2473485409058619
0.0399306014126003;0.6699171871385674;0.36553643664084823
0.8636559421178878;0.6991970710437161;0.38681091675097845
0.6257378394140384;0.5411991092568639;0.07922838335973703
0.9449363604337865;0.44450352342675115;0.3727062708486638
0.5116112904674239;0.7213975146196528;0.5734113659212459
0.014833487445152338;0.7222616293831188;0.8403088768611742
0.5288476840323147;0.25498323025770686;0.5495908333080308
0.03417717728927716;0.1292359468908063;0.5823990446734891
0.0103788048704192;0.7018012367377366;0.2957104848822393
0.07953174572211297;0.4184600443412402;0.6960810565735036
0.8304821270615501;0.28328430428456797;0.9500374472717389
0.8089646104966791;0.16058762849801345;0.9478799246933216
0.27296617568835757;0.696859726061742;0.8114419184164003
0.42156434871658055;0.7290778166334957;0.8338978668101064
0.200521105877828;0.33906115407102344;0.4992064202294344
0.9679093424061919;0.9093473585025605;0.01530389240647223
0.0710037730804648;0.6011620693308837;0.39571474834827536
0.7651086235865915;0.14225464577873315;0.9974942876926508
0.6149638273798156;0.45433661903511424;0.9459390566632542
0.21876797224088917;0.30565166016620415;0.11558266419554064
0.3523640212875385;0.38233704450590267;0.7679670834096007
0.7690196721504543;0.25116880388979845;0.8487720557389654
0.6973899947091365;0.15890291460944583;0.36211435361172006
0.820234202283986;0.27695175835351604;0.5881107259170923
0.11290038527531898;0.6215479971211327;0.8032791676301955
0.499682255317358;0.7039415306135945;0.5024364155595258
0.19338210582460247;0.05729439565849204;0.38234871086838884
0.6807274007917258;0.8174394439704163;0.9351221002121073
0.5734389482509953;0.7871129773837082;0.6326333791340464
0.6676084410246726;0.010521721669193407;0.3823853644905931
0.4149996835121599;0.5023528144719969;0.1419295058894433
0.8927394350646929;0.5642348544846717;0.5662804489931921
0.3341727438537495;0.5319994396964016;0.3718641108399514
0.715672505470112;0.09127986735791627;0.4096660615507154
0.7813938762025127;0.6217099273650154;0.017046443676726475
0.25735050766677203;0.722649588942676;0.17915170218339027
0.9169340212792604;0.3506975423056966;0.3201221861605873
0.5788301504954146;0.8735079982918947;0.8986167309288084
0.30382423793359936;0.6168643182043289;0.6741438695929466
0.46654982345329155;0.728984081110717;0.6033060683783568
0.9334413368995877;0.38428006617907595;0.5282713596550388
0.7365528527329408;0.16795932090339238;0.9626417432421944
0.31209372273245517;0.2827528421273937;0.6226727001739066
0.2586940432606971;0.8148764001499165;0.9283535576568311
0.38893627861838287;0.301597496729328;0.0032191077868928275
0.2406860426919314;0.26918077726609513;0.2990993211851568
0.8981364340658456;0.35572929413898446;0.5261120624635756
0.4520144151699198;0.46487181987632553;0.33080288346520803
0.8688240168520143;0.26858093446450015;0.015047010383588355
0.4017902181413212;0.7382152178888193;0.9755656974850292
0.6730994391315835;0.2725169584542818;0.558226539780302
0.4667233689349457;0.7192455748185457;0.6338882582044495
0.47122607570107633;0.16487779263404856;0.9174355688039839
0.8483936400436441;0.8954605903429607;0.2858400497781107
0.0524935041506438;0.7584539850414176;0.967915089875815
0.7545787067714306;0.31098374557176434;0.3772596868342245
0.30797465985137296;0.5006253211803581;0.2384358354558983
0.43364771028484017;0.9292433197214242;0.384071444368682
0.3194614553347611;0.6724149710549486;0.7595278501515645
0.37975008513106245;0.19589912859065506;0.3509778582497013
0.15914280013219673;0.368624891644742;0.4995643053461193
0.46661145539661797;0.7255622897569869;0.1832524578888881
0.5697522853412191;0.7026604425731466;0.632513308039877
0.5744665255502326;0.6630353241881507;0.8674560865990202
0.9188438388085081;0.8739299460734541;0.9845672460129842
0.04105703878326683;0.3757363737265029;0.2913180534501566
0.7987304831643494;0.9455713667583293;0.10596227079749498
0.43281699150335384;0.72012595943838;0.20288054071038242
0.8766536898921058;0.9812683196432722;0.091507073287459
0.5883990701554713;0.4850911560487502;0.5307964965216889
0.20300475607106716;0.9858085304543217;0.08076540694585099
0.31849242195776906;0.6174706528387823;0.3932707737686041
0.40091213118605906;0.9457613837095111;0.6426485422314404
0.9950080154949861;0.3317451269022884;0.2473173127037146
0.44587832382322445;0.25734063229198245;0.6184055105939935
0.7780669757951283;0.0770747937635039;0.906026320719261
0.07389274373490551;0.5404109509764596;0.9594644695567507
0.5394698126065783;0.4878675965693673;0.6156509085124761
0.34940972777826174;0.45207046374202675;0.9269465724051452
0.7356944908211362;0.5717899115454118;0.2766746834247398
0.10219864101961684;0.3597523681052712;0.5124516389499212
0.9247370356410022;0.7601957246808667;0.3725069967781721
0.06031371349104131;0.19619176103162206;0.8899937254318511
0.2767149919577415;0.16329721636848382;0.2918924014659732
0.6599688410725237;0.13820047845573802;0.36041698299786273
0.14110130090517758;0.2572898849974433;0.633581315518959
0.9838370576083452;0.984587824592916;0.939097302220575
0.13309123710058524;0.7517956034759045;0.6332006335153622
0.27650836355829556;0.2748055487253189;0.998905250522472
0.5443273587991033;0.11422813231742268;0.6618877113395674
0.6854466667789522;0.6388581534615525;0.4972706886709658
0.974958761382547;0.7640667806745552;0.5580008166770419
0.4785276459263842;0.11366886576952828;0.09334797044274934
0.9949085321814638;0.3439268532145926;0.5408137696347495
0.7209071307977625;0.4249663473832682;0.4161855122771503
0.022981333589208952;0.8415800345658598;0.04514069372193319
0.9950935698488169;0.43049285406255944;0.8698050997808708
0.9912997658454996;0.014586781443026609;0.545849079042632
0.3763179791364606;0.989269234749802;0.40122484388695345
0.31529837448343845;0.5664941535480873;0.8104844700113915
0.6538969428933711;0.22092840584998763;0.119575822108835
0.9550458860698763;0.367863564405538;0.8871019653148416
0.015838424446176447;0.0646534371755747;0.7083914994181394
0.8651857566599732;0.772421792437393;0.7136303201175686
0.07248559231509255;0.0793773602689134;0.470821261986863
0.1380497207102871;0.12071551058919028;0.06015659095376724
0.6145916612325988;0.1283897389138451;0.6797844599155375
0.4762222651129303;0.8944635537988663;0.18076229853706027
0.430996523583822;0.029410288646506855;0.9578757658301027
0.8260732237872699;0.8255137162759091;0.6485767623731215
0.2379211345227289;0.38165345160732644;0.9972986871345685
0.5182873744502586;0.8870985137367934;0.28752666174198993
0.685924581142642;0.3659553376907233;0.47536404701820756
0.5260208799509294;0.6955915598844737;0.8315466377720219
0.23923098314612024;0.5151846743642587;0.396822667067786
0.16053658614425104;0.6985113887171386;0.11145748724890037
0.004724142919084295;0.6407967972925567;0.37659130100345084
0.10819224845575992;0.21956004682620567;0.1932688197282787
0.010966039456470233;0.7111546170851618;0.19156246752012274
0.5073886639106386;0.5172538060522944;0.1248176486457716
0.22885221626474106;0.3698561681418733;0.24239712218618636
0.48015200527040636;0.5464212102255381;0.6056076966829959
0.8620845524767893;0.8053422943082301;0.11002716587211903
0.03839583063620711;0.504165485523441;0.3621979064201255
0.2771922395050025;0.3946025011979297;0.662229493424368
0.1041888325124084;0.5033514504505074;0.09692025823816164
0.31958139196220714;0.40684523911987214;0.23416605081237407
0.2729528572664134;0.4600092438327237;0.23148448816317868
0.40877847883846674;0.0017640910516865116;0.10672385451043565
0.41093942019474683;0.7098418621365228;0.859885808817696
0.8122614841135221;0.8851929239685536;0.3206795946923653
0.7220237063033227;0.8228138405166631;0.061743821757043627
0.38227367259475775;0.09055424764700504;0.7090322924609135
0.5307681273909929;0.9393888778742923;0.3540648693849868
0.025824648148695117;0.6678126295632915;0.5958701693657676
0.5754638024584544;0.4631776780781466;0.4886031205776492
0.5297400112510385;0.7593651134865346;0.048341659290838224
0.20929259955411383;0.2420889234977952;0.6973154885791826
0.16391079817637821;0.706278084706136;0.5119675667121449
0.9257556803565326;0.8542992115002194;0.6692037609725763
0.044572826480073435;0.4974967696141783;0.47644159577298373
0.2558860265353604;0.6949604811045504;0.9531841143358857
0.6785101464310355;0.7716927367855632;0.9502329287108542
0.02410325022299986;0.8926847067043063;0.9179739198419016
0.6996667454936168;0.11079103410085156;0.19828482936403147
0.39460535030439037;0.9272812512127925;0.39976020859315975
0.7633433632963506;0.01881008550677621;0.1111547422724235
0.005473726193413464;0.7515900789927543;0.5386088435667814
0.5063609053221564;0.4635778627744259;0.49033752074766346
0.22492198490873117;0.56673224013589;0.4902984191307199
0.7491045449651144;0.7878117458594767;0.49050253050693116
0.8065547922953757;0.32917738201597635;0.9558893019684572
0.3834404603238003;0.7052859983958628;0.35602264386169324
0.16126651029037975;0.8582244933484034;0.8975523855017131
0.9961718652601086;0.17443468941219242;0.8195075401417303
0.5395522600588536;0.6008089829954811;0.43788077603576137
0.38571152547710885;0.4807118855879404;0.3619899997548237
0.5362349078491458;0.04621089312611537;0.09905673495276324
0.7765301882043395;0.6757643494830006;0.14787582394950882
0.7141106096000767;0.6860750615485963;0.08916058829798357
0.8435191847845613;0.6714242386256799;0.41041326765337005
0.25360839900455134;0.23110448089506164;0.46402543053288225
0.5594551536154394;0.5909771398780531;0.49144977649587196
0.7423519113599455;0.7736109640034808;0.27256847616064106
0.14233526756968362;0.7095667869564646;0.29676835534529944
0.16762005985439377;0.4287374485426281;0.7112207150594998
0.3955833584140396;0.7164689447518712;0.04671144766694557
0.8630828294892923;0.4666313953040542;0.17498203337791562
0.942459506914912;0.8939089239775738;0.9415312650808013
0.7503040039657566;0.9077864984423993;0.6768154484060778
0.08380522167584448;0.831514081286326;0.9161667177675951
0.5375568557175275;0.06757781634802462;0.3580439816211536
0.8612258058249418;0.1975996287632733;0.4458650089577838
0.12007603116770338;0.5195287419055541;0.6365835221137209
0.10119135344035468;0.6995288025807626;0.6911000117222219
0.5739974631219826;0.8036253327283404;0.30496905522179973
0.6207195031153655;0.3873637268036634;0.6750710964107078
0.9683520665617038;0.5452080840884735;0.16140003877574627
0.15808268580283824;0.9974482941165334;0.2743711303849308
0.5619221545497673;0.7636221226275994;0.7030282633854257
0.47503868898924917;0.636714232122845;0.04554182965689124
0.5346315134376055;0.8420500427894891;0.4088471797397403
0.9367738876730892;0.19573836756224727;0.907635100511145
0.3092145778930204;0.3233518931129731;0.10739072961090024
0.9924971618794635;0.34988454386292767;0.33487055820830425
0.23996610040743427;0.2645505723198016;0.40306556137736127
0.7939857017808356;0.14024685586713614;0.9679068274969096
0.9518859637956083;0.35833567514064313;0.5671777612293484
0.817321777231416;0.6496926786510753;0.7535165554994394
0.7377111587969284;0.6021717374509349;0.3301603182616639
0.5096852028655184;0.11299128093137678;0.4607888966094247
0.1230212862684601;0.22937742018607432;0.03390385772014981
0.8904670673879852;0.6794897007552857;0.0111829156236527
0.48632996327238565;0.7787235549744939;0.07448736826395486
0.8698913795809251;0.8468858992492929;0.3063851827911833
0.9283817593476694;0.7699254509576489;0.721235228366869
0.8171953444661388;0.17475775498304125;0.18799884211901174
0.2288822318677428;0.16342403633882008;0.7795109467189903
0.9706113269482489;0.21851995609671138;0.727384747084915
0.6358690959184423;0.6840265684077096;0.711317521205115
0.16107555507890747;0.33165111524431545;0.25384652919800443
0.21755306090712134;0.017896869951545158;0.19213772653894812
0.733666293333897;0.9084831942905919;0.1932340860379923
0.03087784109396796;0.5522428412440035;0.3668117581894763
0.5666505343586661;0.45699730221386303;0.4810295671484186
0.06643912530949503;0.6954648987412589;0.8301337909662985
0.49306043027817037;0.14549807305278672;0.6229362225875692
0.9762298400308907;0.20516823849626986;0.8483029369837667
0.12966812544311423;0.9271393947826738;0.2878719520351052
0.8970631923076465;0.20468459514476267;0.396640296195219
0.9320646464535542;0.2364737400918817;0.470046323063792
0.8538835704140776;0.3208310793391259;0.41602825833656754
0.5799507625231967;0.9869183847408487;0.3391826907073321
0.0033460646773804115;0.14213808160701802;0.707717924299227
0.4414511123818864;0.537185050689142;0.6845469854872792
0.4316424217124798;0.562326525969278;0.38466342148852695
0.2640376947737981;0.8405420387112186;0.43967306712960286
0.9350769246938218;0.09168060419010482;0.24941229251659702
0.3824850433477365;0.00226492383985899;0.32927690882989913
0.40038073972352195;0.939476038603915;0.9602279896665847
0.6696036527308609;0.603924066513317;0.3547321171639074
0.43699747321810745;0.755161710465802;0.6811848322342124
0.3787932368674648;0.31204314971901126;0.9628851449907444
0.27572235699386616;0.6267190246975503;0.3104045289708153
0.5031136049084499;0.8170785844382623;0.32619815330746094
0.15346231044681669;0.692537733724892;0.4626988788117258
0.16972634078832793;0.8137430729088713;0.22172846027888427
0.9802557739396911;0.8200691216257648;0.10828057501132227
0.33287519119101416;0.4377945056492242;0.015527286114258354
0.9019803659227269;0.14117602622465997;0.02797526924548943
0.5680817221944593;0.9059715638943736;0.8154094333360918
0.013063471914336766;0.05965690060051332;0.3028252756619104
0.09429706537756599;0.7546755281706277;0.7190726554903716
0.04639481599091877;0.01822870336293081;0.0602571681504287
0.5894297967733122;0.8834027921239304;0.01751506547988768
0.9057454955448566;0.08991497655473435;0.38802499211354025
