0.21789536603123805;0.15712434974661138;0.06965842501599084
0.0784097822232146;0.6026942654301896;0.5125090317092789
0.8370804901238267;0.9960232604285291;0.6997442232829699
0.1021485343396985;0.35068113907116183;0.37798709191800595
0.09047916472905759;0.9012822532227326;0.46153277455480335
0.0076892488339299625;0.3163232838615567;0.013388523743353864
0.4966454831437712;0.2570206842674029;0.1364215851527798
0.6887745251092023;0.7811705203955674;0.9060497615922541
0.10775877253014998;0.5757520892199098;0.34965443044350897
0.1571445617991808;0.3430827779981779;0.7710238637138175
0.8242086891531192;0.5157093998610731;0.11943845069561465
0.008097533243788368;0.6656768564358586;0.3041201161294175
0.557978462313383;0.9552898650965903;0.31085500633922536
0.7664762677458584;0.8188333966864655;0.4039789975718895
0.9166966004059723;0.9810073882743794;0.06298434674040088
0.2603663788207221;0.6724186901360708;0.05292652764084316
0.6017990493894485;0.9955004556615489;0.005243198396730597
0.8908139280661381;0.09659141523362214;0.04625104707123828
0.7211494202679442;0.6418654645853001;0.7830681071191644
0.19197694212115368;0.3547013109432786;0.8468042833619602
0.8107421376269592;0.006815496198753435;0.4680721551825814
0.4633517206410279;0.36554445610399733;0.43591282715344715
0.3004733439870072;0.7284721887236293;0.2992591091367637
0.0632889745487305;0.7830387679729716;0.7957921206460287
0.5449668271360987;0.14097467867425706;0.8718511263242645
0.0775765365998472;0.1192507537895432;0.18847893025337503
0.4394311695374581;0.1666693964901217;0.8166851813867664
0.728926224225959;0.31046230906060746;0.1873096178691599
0.5994288479641525;0.501444656397097;0.716226165214056
0.46220824351225487;0.9482511569649215;0.19509350250582969
0.18783127818479484;0.9988305561768882;0.7573527509050011
0.7924031014976904;0.5814348801672734;0.8918645369669191
0.8121708333077989;0.18975205183910815;0.7011248572164744
0.9529841244777875;0.6570382024255356;0.12806475583551202
0.2145852673029811;0.8343495330663239;0.44681657860352575
0.8602086578564403;0.8592252892790503;0.36442102261321263
0.44037108623045274;0.9247472280618456;0.007244701084584082
0.141487938378694;0.5490865036344892;0.11381884330340752
0.3549589301485533;0.6480927174591918;0.37835336001532094
0.028379980362141843;0.399504922475297;0.4544255165231822
0.07193374096113803;0.3032244708328933;0.8765104822451343
0.46371616209109;0.9292582115683998;0.4166733216776537
0.060177462023021655;0.9830538978727088;0.6662750337232329
0.7996308538785227;0.4643476322113662;0.8263741472291007
0.811754750336449;0.7744342074891172;0.938531549814281
0.8226648409080243;0.5792300059654544;0.3269486233479225
0.35798163501147917;0.32849884749240366;0.38959622972010566
0.14918516837548668;0.3682063763151132;0.8627084209222996
0.973314172583556;0.179826600552359;0.392128497890453
0.28543334413996124;0.47047172857106456;0.9501363737959544
0.6616565907629431;0.25379675082708597;0.37116681685186026
0.9244273338348028;0.8864342836776311;0.7104113006165349
0.29111692603689854;0.7541140208613114;0.6268805728770808
0.2693100224431698;0.36821680191728334;0.860838787667582
0.37027231141398087;0.19088245452652974;0.3922774544193717
0.608437040701283;0.20138198510572436;0.6056592948466367
0.4604504858998806;0.7142450345276776;0.3721668365233055
0.007421425483369881;0.8521409633067983;0.13242245837476807
0.08866846638427717;0.5614381005616035;0.05901819821010246
0.9430084020552796;0.7911896534795431;0.9301893078430101
0.12541373416693102;0.08386956244605315;0.5410749712066023
0.018096480659738567;0.7065296320488579;0.4281748047722703
0.8935138684301067;0.44889351132145994;0.10929546190367356
0.7463865942761426;0.43064956256916453;0.387761491015184
0.9399849765751246;0.8354950383132472;0.055364822577861905
0.37237059084219437;0.6820930115325482;0.8587747166413874
0.7690749863413167;0.2706235897159892;0.26635234140665254
0.4276317405519471;0.1369415013946459;0.11677907378622021
0.5556098575789913;0.5017776668044617;0.8017821859562974
0.5626771461723173;0.22121822938510805;0.7889702513078882
0.678611907402515;0.3591737531039271;0.7067011980931438
0.006119502227625473;0.7340175491599327;0.4764699600745822
0.15201956076091727;0.08964110023346172;0.1847799434158759
0.8323841035804308;0.02431807995953872;0.5379336407951758
0.2874068561622444;0.2839237408456776;0.8058162016184158
0.19703670810775864;0.9278340092055497;0.616987593497074
0.18275765886901651;0.9856865238864528;0.6094430095387344
0.7607640463194355;0.6851930789773635;0.11436078981195741
0.07372714588931428;0.7949615583853801;0.1888390775810037
0.8740471636446603;0.11654864910830143;0.7126889003971025
0.1434135167699634;0.030952192887554353;0.1381497881141599
0.8538852748253273;0.5640366544425378;0.5958308255230538
0.7900014870924352;0.4706014111600251;0.3835965173234437
0.5183685749667242;0.38132456731926123;0.6473822452590053
0.5344221432941431;0.0066657904662956735;0.7835345232097786
0.3295626355093646;0.677010176774688;0.975564999259383
0.6630459368616223;0.9856448832444872;0.619596831650309
0.01531671995312256;0.834013809012585;0.5719631568232968
0.168179644251655;0.04111429074275075;0.7151225783039882
0.36491660702577966;0.6575870121413606;0.27471492152167165
0.20415538324798155;0.6894171662609065;0.487213928543738
0.3065997198046789;0.4442359065105006;0.5558519748429926
0.34562990879052613;0.16753756122540708;0.8672998622676464
0.11083584234588473;0.7651816506432456;0.9939710932039546
0.02222759125008089;0.37500640507803384;0.24383428986170486
0.9282141728172852;0.8607122522639586;0.2144507299136671
0.8374967004319414;0.44417196935605674;0.9121657861682148
0.5514296922501121;0.09605258246257342;0.27130594732536106
0.6113763393036452;0.7213878992180971;0.4362035613005417
0.8082989768709974;0.0619166565211704;0.5418390775832265
0.4971222328356384;0.5102083087811619;0.23018338153113227
0.4310666935841462;0.6298630165700235;0.06120738226984235
0.43870396098745856;0.7906436656818469;0.8483002826335548
0.24093115098653095;0.6018643589111988;0.05534918894795804
0.7300233587604598;0.726712450992187;0.7140149247624111
0.26268057775187414;0.6334802747610466;0.8759439146319269
0.5848328984195804;0.26436514314320836;0.8915495923208078
0.6273070957919936;0.8270573530211699;0.45577485407237195
0.08263556721977228;0.24829152482604855;0.4555670637371425
0.6241688168568357;0.5951531125159091;0.4459670724518845
0.4814700809141583;0.841547185904236;0.25097643612217346
0.2577281425389296;0.7902626204148614;0.9489926686502784
0.943539548494558;0.8916079101566314;0.06536678142898211
0.5796468333406591;0.017303020810125913;0.9654698632836299
0.3891485942393784;0.06609120997451645;0.6538493121871419
0.959574740928348;0.08872428764592355;0.6086865844260819
0.988906093287619;0.0011606818476085357;0.3063811809000243
0.26410079878334214;0.9543473514020296;0.3942988618238321
0.18777590730780236;0.8653091723771921;0.40330239111889254
0.2091118593931105;0.4645039832992277;0.14931025330789371
0.42647222667237283;0.9373326008131081;0.12924992996975426
0.07099268947932502;0.5995634378146899;0.448898631341774
0.5572988666021463;0.1367960376544316;0.892998952051165
0.5436722979738408;0.47533117643862177;0.318909605437373
0.38200761671632366;0.4882217330193538;0.14695755017498224
0.6718637313268329;0.04702380259048111;0.44272705418049263
0.7298283258813335;0.1537938541495356;0.4309391567365808
0.6452008109060887;0.5029994062697413;0.9834792947248061
0.31626172022192645;0.7489353604035639;0.012786416147671953
0.6169127316160241;0.5687632523710129;0.06203770801448594
0.3525856656024128;0.39575909581456403;0.7898337333209762
0.8917344694195694;0.07120247944634639;0.4279373755797552
0.7691834148073968;0.5729265836654828;0.6155069940848473
0.675905966111617;0.16755387377142472;0.997892342732178
0.6195180316119823;0.09247724790991774;0.6420716436259245
0.9523277159659271;0.299609439400334;0.27838104344893577
0.0031514519897335447;0.5051655008083168;0.06589395712637236
0.01178978281196752;0.5448326907198116;0.293127843463569
0.9152550965370102;0.33964854620193397;0.4379739450572153
0.8330118076109218;0.755744758512328;0.5667734414297295
0.4949265336567211;0.7486211036762198;0.822668807710901
0.7710104766913357;0.9906111113286017;0.7481596452559746
0.0873264020862764;0.766636192764131;0.21072624000385376
0.8957749802815924;0.11077286303899725;0.5623676864568051
0.6275057941063366;0.7944917167124741;0.021707133147932933
0.3059931821348826;0.6099403360381286;0.5782802879196141
0.48196781819150714;0.19183208429927445;0.9190176530251798
0.23188773890341297;0.2682193699201909;0.7647940373188575
0.41294430723908304;0.27667125527079717;0.7517478880300962
0.7349910082212884;0.5465436900653766;0.13602106023005922
0.2571872634403376;0.44882586231554966;0.08068584970261494
0.6373044785191987;0.7384648344859858;0.6192460667017903
0.33448138669006233;0.6027757678904607;0.9432426340819864
0.19316863944770413;0.688045405738614;0.011063088645929087
0.9078501293608311;0.3963675606808861;0.5223346254507203
0.5849221809843285;0.937580937973494;0.25749312338168673
0.9045915976553702;0.3416577744637239;0.9070023248580172
0.7215421479940728;0.54057366111082;0.34596028157946324
0.041810330656189;0.11099987845982706;0.5307205852943437
0.589472436694028;0.335615801978979;0.5730868995260459
0.4137268504037661;0.6207778128186298;0.33252448680083213
0.09065614038125103;0.5767267083946133;0.3065210320442495
0.90172729165435;0.04099199122899755;0.5740476591897307
0.04833797278330365;0.43511348421127294;0.4343472400384102
0.5755204096021742;0.4755190565817107;0.5197735035312125
0.48076655022697545;0.3686784406232695;0.4150213038267446
0.17096145364110005;0.527668292423771;0.5306102083085591
0.9197005256290104;0.2676524153124993;0.47300683227520235
0.042376876419377374;0.7992040081506326;0.022394361470363222
0.8363504555751878;0.6983534781836509;0.7700807658800197
0.8692837599871602;0.2872592076781382;0.02572918458188589
0.5452099925943489;0.39580476887007;0.5441342885564826
0.6591703165145244;0.3480983705659806;0.6059004017068457
0.5828351455130486;0.9731936017217523;0.9069696634769534
0.09841153766539434;0.1455848724437998;0.8155520293537375
0.9543384560280728;0.6293832465912663;0.11777185329079665
0.2710749075423825;0.6040605724376956;0.2905895755595924
0.7993062253518386;0.8196777405721767;0.844342445462169
0.3963582969607391;0.4619854803506497;0.6259307140387739
0.3016658005295747;0.23942835534619822;0.21400539015960796
0.32735852762486584;0.6840113061093817;0.5222818182994707
0.6215555111843332;0.381804214843912;0.49249519006456977
0.2368228566807552;0.9100049052204775;0.263570832167042
0.09660264548417818;0.21503591167190172;0.6401582197139202
0.38563338442235073;0.02602385158551257;0.8896607083451823
0.7425526083912264;0.2453168994990712;0.4727052312104085
0.641774074767442;0.5237812248069112;0.9157763622274061
0.33210039679731884;0.874050885366175;0.7269478903455824
0.9108519235980501;0.22752374820690913;0.6977666651436684
0.537312609040616;0.49529115846320815;0.10425287099757519
0.655911428474858;0.5338944727200672;0.9997830936759736
0.33973882625653584;0.6347459881158415;0.5503223980969142
0.1219266206769759;0.06562038906766099;0.2647083986352794
0.5744214304972719;0.01521809037332511;0.7116628983986715
0.16076351118781262;0.03600723210225498;0.07505183018732342
0.7186430327890266;0.6948729142455212;0.30263834795039257
0.885409371772633;0.8582493541688438;0.4303766710512764
0.14215132728634783;0.12835373300783193;0.8035484222305662
0.3219903118722477;0.8416978579391358;0.13869867418777326
0.19124267514375748;0.9033864010763907;0.5756045874887142
0.6487981393990313;0.7077405925740459;0.9523273358146196
0.19154026650198575;0.28320438174901164;0.9879135795092033
0.53787526039819;0.6628332071629416;0.5615373167020562
0.353940896741446;0.6494173776213397;0.7118052523388028
0.41244085330178704;0.395554823903877;0.14828150150214303
0.9199924626821157;0.15985276368549384;0.13507224359714365
0.2832538088772326;0.14065153339969372;0.9851329078740216
0.05913123126895714;0.002897284491654162;0.8949638505319392
0.039096723264456235;0.36570645555187886;0.1758680989109116
0.9389606963233009;0.9665209849899329;0.29684787223078746
0.7271410309158661;0.8883948904524813;0.7614463945138996
0.34137317533786726;0.7810619499384592;0.570957894537604
0.6398735237749499;0.006499276099336759;0.9614399932310446
0.41778471769309533;0.17971737261173681;0.746927600243725
0.4889933111670419;0.7618531431710688;0.20402572138340347
0.8066879482001792;0.4255955683841356;0.38385790453803303
0.4377681022717834;0.861916503642978;0.09443943058166426
0.17575488798095762;0.3521864194684837;0.2453438450155846
0.3883600789665479;0.394455670338307;0.7722614009273411
0.8998224549944552;0.5846207171339759;0.49835020194200796
0.10092709679277267;0.750688593589648;0.3946111546398563
0.9244850071799382;0.9366251875586549;0.23318512476587971
0.06415437495726672;0.5174686802453813;0.10677552398253187
0.16072005147123902;0.4091571002684492;0.021977054047334965
0.2540269747518369;0.6070312388951146;0.44983954919694913
0.16709079079898903;0.8323814018008798;0.7545415892781174
0.7605931319464726;0.8755752583558195;0.9880352740229011
0.10075556004943365;0.08592312106159306;0.8660545857164226
0.4628543636951784;0.4866878999254075;0.7521265405619401
0.3680497992693369;0.7687545420984536;0.8885301862956204
0.7362241297872448;0.5252479372941407;0.5637559884836931
0.015646647010665427;0.44874600163257905;0.04742218965591538
0.6848327397969587;0.28088134672880005;0.6872845875969193
0.02612593096619653;0.3516862827339936;0.2099211238530887
0.2529990110233642;0.5882241108901282;0.8707400103819986
0.1093745046585558;0.41050352178140603;0.29057726783682536
0.06675391484526771;0.5461169733029031;0.5001115781034502
0.9578191178755261;0.6879804297837095;0.8523667074093456
0.14987157170542154;0.028241421115975274;0.39328507692897174
0.6371855571661618;0.3087730132173795;0.0582644116835328
0.13360161455274588;0.4403492560509883;0.17729084360255487
0.8745105274544338;0.684124480622775;0.6992419803724896
0.5017273277556692;0.04285097148271122;0.39409950189765863
0.869517675748098;0.013688371418078882;0.429323245320848
0.4672394430564625;0.679232538498981;0.9803231121169059
0.04427094013668165;0.4059523368440532;0.6347483683483346
0.41594351617328285;0.044682201371916475;0.7289170825639769
0.7376896850297074;0.6382097938370869;0.19144108215371458
0.441138984170073;0.21946370604103593;0.6513860141916418
0.6510405595421771;0.044690261360904704;0.48339220586102394
0.6439699175856392;0.23401989959528313;0.4228406160181529
0.2972706004542822;0.4446084033260743;0.37646730387899807
0.7197561541090904;0.5966037260445227;0.9973886425847919
0.2693948804178;0.3782089348237062;0.42146784232054724
0.02315655550516904;0.4090978083521314;0.9623749174837127
0.9082217637226914;0.08653004306795109;0.05100273023951518
0.49762700161324913;0.636419464398345;0.6117607390194456
0.8843073544798655;0.7782490701039271;0.5970124708303131
0.7658611543188606;0.39151189800934605;0.44819190052831526
0.5633917807852752;0.08719079714408517;0.8955012044798061
0.23426973210065238;0.9244123508386427;0.08418248841194065
0.0581176804086333;0.6443889255184275;0.49655096276886523
0.6220306932488279;0.5519953462298937;0.9375285149421975
0.5575357230323964;0.9886897604231406;0.5757143777485502
0.4214456937236488;0.14562958881046573;0.6386505222775137
0.858530953917358;0.5799199219992544;0.5142506369341474
0.6196488610090528;0.7793379697704372;0.18644969421631052
0.41857713635630456;0.9636134868505705;0.5033748847830894
0.9636079187746565;0.4300475928664639;0.7052566693697913
0.8788942989598585;0.03958603550457962;0.4715895456776358
0.023302721084276445;0.8139355942673003;0.7973242055420902
0.596819382260517;0.6936264995426442;0.1579203534816066
0.93631943964213;0.7170492195174548;0.9106194559678622
0.5535027071770423;0.4179321352767601;0.7672131690322244
0.6704406212252327;0.12859929357043587;0.8199601583038822
0.4736382711603958;0.3531934410121338;0.5348307619829339
0.16826121170685782;0.25499701568129174;0.8586817074447027
0.23560227772573528;0.021364884482484414;0.7781680955313565
0.004343643934276997;0.010319633117552574;0.4635750861224819
0.6287513504514968;0.0507049699476142;0.9972630430859198
0.8001178411442079;0.6441578662394939;0.9152435092630835
0.3762620225394083;0.7457460581100425;0.49580058394207827
0.8588306272681502;0.058447354617355174;0.6412385410121437
0.0500694638710546;0.5305465643046993;0.5886192679961045
0.30584402450188;0.9337286383583868;0.3613933787462694
0.8875902907655168;0.48807686782480897;0.14041001289727484
0.7439566920638816;0.8038681742612265;0.9445151434929057
0.9466767807905895;0.6186888897875725;0.35648140136473216
0.5265239334104034;0.7727899996019091;0.6219223067426023
0.8730763466152373;0.5865973413273019;0.036733185468935003
0.0436968601678549;0.7474614368394759;0.497239822733055
0.6650617982939191;0.9947250599187394;0.344428787961391
0.9437407189463457;0.3304041538958259;0.7676577907545605
0.8665336611256679;0.6874405899228261;0.4103859265653169
0.8301031802578835;0.9826105706817928;0.5175588566447088
0.2841218354702538;0.6659101151813982;0.31439457186570297
0.8095014780629499;0.18561876391025212;0.5465752880213425
0.70613520831172;0.954693239354707;0.9908897506629861
0.2671821290433416;0.5931526057439187;0.6685226967637629
0.018815107706243284;0.5006977186413186;0.6092010869202485
0.04823571920902481;0.21156931818304092;0.19471419143296542
0.973160817509111;0.25189908901616964;0.10520457310799092
0.0931514113922911;0.5162592944281009;0.8510092165386901
0.3608609062802368;0.7064713635637119;0.9864494869867655
0.5102446785292573;0.7724333736632183;0.03001159325838476
0.6580426242706021;0.08833367888175447;0.033032319188266435
0.250215778985019;0.1570079312678586;0.3296217309062892
0.05351255245554176;0.3120264093796494;0.07842033273737836
0.9508132622315524;0.3172616337456904;0.8715363631088949
0.024484681123963514;0.31373037889754385;0.8067452790762448
0.9638426981253505;0.029635548431699243;0.7413699862115891
0.7933367452896437;0.2519117873194807;0.6552789849112278
0.5016701332529964;0.2092759458049609;0.8831235683565467
0.4350456088100373;0.21039138024530057;0.5734967268750651
0.374219758468309;0.12128275877323769;0.3156613641127122
0.7403154305502578;0.9080034141483787;0.06538076470702048
0.02787702654175661;0.6032721444833133;0.6348923593424014
0.9618673963910801;0.05762191919780957;0.5345323133553269
0.30408386388500874;0.3530097242522675;0.026387475228916824
0.96343625376327;0.1834902563616163;0.2618208948383294
0.17944336785354287;0.0626821457787714;0.9851990458284202
0.22110522283028167;0.8615724469907555;0.8425745083391262
0.755523425229108;0.11140926151627151;0.23606697739651927
0.7938167518816328;0.1855456557857007;0.10617571111430113
0.7664130126717171;0.23171543926293048;0.197936220025966
0.41425790168055;0.3044160735424819;0.7367612160094394
0.17968796311175672;0.6860586435080213;0.9098631834711107
0.5190824904937146;0.046942844648424575;0.37650473161204423
0.6335956142511715;0.8487882333813663;0.3569487152889942
0.1730910426686424;0.5515157816146261;0.3714158466534968
0.4947765694443973;0.9005481004950384;0.25096563838645713
0.005796430556317733;0.2256436948958177;0.5044788382948213
0.23796912361276779;0.1293255736295017;0.549831108657007
0.5027840683206588;0.1715396067864503;0.303425427681734
0.03902917695500574;0.9368637089063484;0.2028031212843161
0.36040928855405663;0.47166041488756927;0.3301504280610966
0.41395835439890327;0.6215044854224903;0.0410221800902516
0.9413562814803904;0.1564992799729581;0.6682987279444775
0.46491946138221985;0.42281472877681425;0.6512986603112595
0.5093238772201377;0.6701136408185492;0.3261228139548953
0.4504165265360166;0.6666662730116686;0.2526364535160571
0.976537557713325;0.30958027178283576;0.7265683922692748
0.03155434405809465;0.8914714460287959;0.3145088746693242
0.6544953625748622;0.8482375301556743;0.9616427893131917
0.030280936798345648;0.8771844168767351;0.12721918262111387
0.3227362762819308;0.4472777707456985;0.1417947717170277
0.5373248609024815;0.2645462481236375;0.7452910997930141
0.10511362876773722;0.9387360506769313;0.005183395472023178
0.2220693153572908;0.3620904905807997;0.2677422684390385
0.5817997158423018;0.8740935985111878;0.14095859506415798
0.1461624444482611;0.6695312438585997;0.9319201511571514
0.7814321152475993;0.03294832931890457;0.823662400826851
0.9463756388208969;0.49991019163264283;0.07965516618010093
0.3768146450239911;0.3628916543304389;0.8538221481215853
0.889556912358166;0.9825829700790056;0.6876025780328682
0.610633554840409;0.13667507610633567;0.34124559812501654
0.7006948764366089;0.7984062016122044;0.4114708146168101
0.9540442729767152;0.28544741893794845;0.9354605020741107
0.028116780111693496;0.4119827349010118;0.8811712778184636
0.887258644618297;0.11113418652456908;0.7039048447290945
0.21226307387829702;0.3542574771823165;0.8985145183058741
0.019328616217327288;0.5775919966974018;0.5164049112124309
0.062327331955598475;0.28935139350247785;0.03586362322423009
0.6204586964619903;0.5445657412634006;0.34936001140649475
0.9524112963711729;0.9816104161708835;0.7128998923329012
0.25157928966728704;0.3473990624271234;0.6293801026137944
0.34246172049802037;0.24622390760761403;0.24719829253590553
0.39240283110068086;0.37078094945367046;0.9836673864879351
0.028725754056464048;0.9551033410012335;0.01913901014202113
0.8742957339908066;0.43038645791209074;0.3997861648744665
0.681241444591022;0.9840484861083171;0.5334648069322107
0.8654051481622129;0.5230347924015497;0.46635086503648104
0.32982060133071744;0.9535670585928395;0.9356036217778755
0.13245147037492544;0.7632844250309602;0.7916014919226421
0.502912355568977;0.17685282725338836;0.47294644722345247
0.002668922571064991;0.5673550277456749;0.7805102176216127
0.09050394248630445;0.20067412660617112;0.5507895927423044
0.8380602237459772;0.9370898013184074;0.5988608286579494
0.7947374214385886;0.30449454088463246;0.1955684742407392
0.4133333259908164;0.3924607946853147;0.9115368507362378
0.009180830639833548;0.17516044374361017;0.9788260451500327
0.49216141192574714;0.4312679200185533;0.8985485785451413
0.5571568251423408;0.7937690367421942;0.850260161504894
0.7129557634657346;0.3426399741699502;0.5025286736926778
0.4264822407215414;0.07233651261959018;0.22207842716720982
0.3276088693278265;0.9297508124551264;0.7849312937756128
0.8704673971596932;0.3155510967383085;0.7318301829958532
0.7199885000714015;0.8643615716645734;0.34643877389556577
0.6909240753352789;0.7856698681398699;0.8471416593658455
0.4527564580983122;0.5326715722962071;0.5805691711323373
0.03166025117877347;0.5617809157439185;0.4268917808251037
0.3343044201825155;0.9833025040436821;0.6487958720638357
0.3136392085139237;0.22475068845596657;0.06354804385237356
0.07784815005514734;0.45739357874307796;0.28024890140956527
0.10977905779651553;0.52965855992576;0.5078465631078061
0.8229327762151037;0.5033195567415742;0.05198955446181308
0.9450746684472063;0.7379755026603649;0.5545004492401707
0.2902166361438213;0.6506917690990999;0.3531027749484462
0.7597449653881031;0.401563624057093;0.523105634460625
0.27778021104691364;0.8447846377581192;0.475722706796882
0.1988328447555363;0.7661551138960594;0.40318806073034164
0.9244090241643861;0.3850848094549454;0.8302431186002265
0.3162852725855311;0.895423479998027;0.7966179973110342
0.042739397734327;0.4217779306102024;0.5307695235475418
0.9868531110967772;0.2769681667941496;0.35332300345779755
0.44021200860413734;0.7677947859863595;0.0666848095779673
0.8466479002776858;0.5137346023658196;0.9390181864481177
0.3828931540820104;0.0925196694796816;0.29766678409452696
0.03979789442638004;0.7682882100051606;0.38775560381973284
0.2625014604888346;0.945866646017708;0.46533386775036134
0.679344957134455;0.28310083729035773;0.533204042126488
0.6507607836850348;0.07062599876536368;0.023415013882809865
0.16224403991179692;0.20757394190385603;0.40384490376775706
0.49617562393988734;0.21926140012223705;0.9391534472114774
0.20591306669272058;0.5270912949894317;0.7115441269798259
0.586367692778194;0.7658641927132648;0.14028417173545182
0.18605783979955304;0.27132291053168944;0.23006195592667145
0.9695803055275796;0.5479112460147637;0.7320468902044889
0.12098229565557916;0.22215462538109643;0.6791169797227306
0.6807629040992513;0.2594389274510789;0.9337217921931916
0.5260638154484107;0.2091106754035752;0.20873956729562482
0.3550554045399088;0.8659503825041108;0.7817105596599611
0.6098949657097197;0.5298803691933842;0.8448426612600914
0.47212280991411126;0.47697245925136256;0.8407489995773036
0.6644081342102924;0.18150808246944095;0.21396248255811712
0.4660646861752903;0.6736109929862673;0.007248748756882084
0.26712186208827204;0.19896878483930913;0.3051750354044851
0.7223911014457223;0.9770300446733772;0.5527293394045049
0.26049505787712857;0.94071467912627;0.5510949163000598
0.7759466065718054;0.37467098004990196;0.787269916795783
0.05420424693488324;0.8724063090586959;0.05385110115847347
0.2918681312529824;0.792136346957526;0.3994473035246364
0.6671682001866428;0.36280090131957854;0.06137114019091505
0.07580854547307825;0.732868182307513;0.025636928909143042
0.20494872234192618;0.6630341323259326;0.6325292141376492
0.12947906983369883;0.8599953366812949;0.5781296247584736
0.5936025550140849;0.5346260358615526;0.45881418660978945
0.10551039039519527;0.7356680471699886;0.9326910628320118
0.5900338246287009;0.6220953787688351;0.6201129691534505
0.06699924544358393;0.1227233498925191;0.724580851418582
0.29546879144101157;0.07448199407129585;0.9310758714818651
0.8116622406070607;0.5442051163550162;0.7455037263767637
0.1972302391518429;0.17920090050733428;0.9051065458346784
0.21794841741554571;0.07912898995263928;0.888436649713945
0.008362209409887411;0.09747455413354789;0.021828356645870572
0.9940597486891023;0.0435564421275384;0.6484984892160801
0.4608663385055084;0.15178351983006344;0.3238867640408646
0.24206257106246898;0.21920898483852036;0.1748182316320398
0.13546595873728884;0.6062437964135254;0.8563624095657908
0.6272694827982307;0.4030135992592462;0.05427436725105361
0.8992660691138088;0.3659232777086997;0.8336508981736939
0.7295368702332625;0.7645304724020058;0.8122236383575951
0.8927658285833808;0.7845470801680373;0.9915097689343683
0.7114306458079124;0.6171150479478635;0.4675336220401989
0.14809535068203716;0.6610902906522226;0.6512764106611022
0.004584438427414628;0.7456884859132615;0.5088585127349763
0.34312811296216117;0.3097037224079673;0.40729490848650474
0.7514152671494305;0.9869913518208998;0.9071627115277975
0.4780577088718162;0.9395695473915078;0.712626949420589
0.6914449644607538;0.3745696675226967;0.35197120232680046
0.6019529970815335;0.7162966275066747;0.5935332736084271
0.5059996933654379;0.6967705286533663;0.7942550084651236
0.803938285634988;0.5523747131203388;0.1472818829369028
0.8827197659795681;0.901088459537692;0.09816750500063998
0.7578152477123883;0.6111918742529849;0.8085993451230107
0.6674495899901935;0.0777012336574846;0.8015265876113875
0.031073795426794337;0.2280217843838439;0.8339172207198036
0.10332933395300636;0.30054378145925253;0.7940028310606649
0.267232209175149;0.8840124568754996;0.19841266819127457
0.2736637245732998;0.6067268162556575;0.8123747319138962
0.844254396531159;0.5654269531341797;0.4935981926170433
0.979839002370409;0.7133426352799278;0.49542194303053533
0.28458343938934205;0.557694579227542;0.9530165528366475
0.07942838111353567;0.44822359478611673;0.021371251983384187
0.26765785949053145;0.4263940788293047;0.05512516213705554
0.9445588961661634;0.9072741943135277;0.02768272259638327
0.8545501624789384;0.19063448299016172;0.35729820401809886
0.8870711051713236;0.6449974290036946;0.8241712939585608
0.4558198250281078;0.457509625410194;0.9134599413724845
0.23494763160063625;0.1494123111060487;0.3263931232093805
0.9470697324562858;0.28668899844849893;0.8339203536659324
0.6021090709480207;0.3024103981001116;0.4318306078802894
0.9002822247484613;0.7549519355439914;0.6632414112560293
0.3630820822504012;0.08900546255665753;0.9903880607011427
0.8495149370294918;0.8370426698649598;0.4517214995942683
0.7244115662741688;0.36559841953005046;0.4816633982157499
0.007966968207509417;0.5989667955518542;0.16843531612837703
0.6202003138505359;0.4218631812623046;0.594788214436475
0.6123396149749862;0.024343549380943852;0.9065595179176718
0.6426423155217205;0.3166821310436404;0.008604939641581821
0.0031106139349725836;0.6598485891168753;0.13275716199108778
0.5777211734037225;0.7022051525180737;0.6574198878518599
0.2410674290972057;0.7558210261921657;0.31216559375632613
0.8485925880537285;0.48290925184165434;0.7839150136655133
0.01568210299775996;0.1918312832486685;0.38301568818687304
0.872546054147561;0.5483463550712964;0.22696556450686622
0.20280725002293876;0.10282806520030241;0.9356751052453285
0.14153409462965416;0.664321495903732;0.6326584745030464
0.16180007502662153;0.08559786410482606;0.2631084480940531
0.34766491731710425;0.2518605569665895;0.924333565093387
0.01823114225088751;0.043364229561736245;0.4607897097021527
0.9534585509871918;0.7101507942917837;0.520665000757818
0.28871317701047716;0.07281996749122499;0.5897680289163955
0.8310116527199991;0.170838695726652;0.37394725819984764
0.3898835181711394;0.9857995013154371;0.8157409878650774
0.6383851089167968;0.9518315054296836;0.24761302350138825
0.22547922886662763;0.17755759798641457;0.8292565318677628
0.8993000445095701;0.40445477105684113;0.3493563676492014
0.4291615963597729;0.5514496117260903;0.9885154922610699
0.318546645953128;0.7752411178089896;0.5339215033470024
0.5845433523640872;0.5898717292695133;0.14617690077689827
0.9616192721019652;0.4775485518604652;0.48692173401282757
0.865518136117485;0.9927689404946911;0.061861680147159426
0.09713756688843755;0.052807508838017325;0.47201664852922354
0.7303561824314253;0.6205975877570159;0.39898608175912964
0.09817456043463157;0.9702136144000927;0.3833174077185093
0.5524668964675603;0.9841798503580839;0.4869848052468079
0.8577944059352696;0.5924711365500689;0.2962523922027771
0.4942973803077011;0.7328391323829048;0.910020634977275
0.4571464943499376;0.10444540359604793;0.8194341676853316
0.08484680868061223;0.5177790372191823;0.2832049359557446
0.08215762787188086;0.7453740845076762;0.9584514426126416
0.07811070921695973;0.3403579509607526;0.5586852127520051
0.15634902480343782;0.10514477155526047;0.4911881811398551
0.06040176856123869;0.8283860687290774;0.9059906990563119
0.2949171445049813;0.6817133434004646;0.6767965987150181
0.22190224140155845;0.5404922227895653;0.2563892508757657
0.6629146343592808;0.12822959756877728;0.8687829889454832
0.11863004217285122;0.7301792151205436;0.5692675058608423
0.8454897862836124;0.039557658457656686;0.9143846067761912
0.11758942040188847;0.9125731946762908;0.527003168532178
0.3321632302038904;0.7279435936538128;0.7136449151356807
0.170739269234235;0.002103754966644722;0.010457773482569044
0.7189541955389543;0.9816519558721056;0.0439447941199127
0.27726602221242014;0.41427604796716744;0.22387873994084873
0.7127288912587019;0.6803677451538541;0.383592761394284
0.790626072045049;0.7030327756886583;0.8707511063055641
0.5358132664469912;0.9964198552630052;0.004916169202786813
0.844131152902415;0.25678642287011566;0.6340495266380363
0.8323367652428962;0.5731776075453484;0.35521552340623563
0.5125319429572647;0.12937940899441092;0.30992287497208015
0.13757144260425802;0.9696478320918568;0.76061178652524
0.5444800727643467;0.8591416139633257;0.8946244293750499
0.38515237884800724;0.6040073805582727;0.7837598294170715
0.7736284304462745;0.8346226722101818;0.07177658914217122
0.6618331057235539;0.10171315541663983;0.5875078230445164
0.6609610328174996;0.4510926959083359;0.5350718719255597
0.7317984538934111;0.4187815788959822;0.9996390125224367
0.2844443637666896;0.6355646369220805;0.21294677965034847
0.29362482104529264;0.9375147192606382;0.8083679344545606
0.42672288986838935;0.5844909965388666;0.9535951013274987
0.7522704593383415;0.29096436945970616;0.86156252891122
0.012965455979458196;0.970826569835477;0.9903141724767006
0.215969636461683;0.5820402251565527;0.5710933454401482
0.5262289212203539;0.001392247498551158;0.25432397164257226
0.9998710702329593;0.9940175637787093;0.6447040166187252
0.6589305194077137;0.8372105038455637;0.3638270073228581
0.22664951172998038;0.5768693059014909;0.9163035597168323
0.08093919448998699;0.2515726499397256;0.18899604875451115
0.7990976921631524;0.18526938645620872;0.885173023974886
0.8754566913939552;0.4615834886793416;0.32553238781142546
0.6191321906359748;0.39745051452750546;0.6222987415254729
0.8658338874560603;0.7423373435976672;0.21139220055072183
0.6263582445001571;0.5070983868397294;0.16828632004788102
0.48900059723700806;0.058779258402577916;0.7232154617801679
0.06674989116615826;0.7755169036925001;0.39767058831247726
0.8833043551760678;0.15192935786858064;0.10424422204730177
0.9158312305982316;0.04668897752427026;0.7649541918764645
0.012996402706390242;0.9591403492574169;0.27350314943917153
0.6816157475057629;0.20165729187801817;0.5181192838586508
0.33000412021055814;0.524470450035382;0.8878694733069425
0.19087532750639435;0.20919209263429095;0.6526415399645135
0.6956852662928226;0.43205942650257223;0.20100369406802765
0.579642907564821;0.09229679043680317;0.7448341519023192
0.04510132329223093;0.9684206791992498;0.731812321601443
0.7198239754312105;0.4339346336207015;0.4740927241969739
0.9500527654202051;0.5925325112281884;0.4607662955073212
0.6807405285065274;0.5242129703003174;0.3316758906381384
0.6990905962713808;0.8993009166998628;0.20156552932250982
0.9319240827827435;0.40981575593782116;0.8755503161807897
0.7926238052078423;0.09203237458822;0.2577986398173995
0.41648800810852105;0.10419629657526908;0.6858064247086278
0.22904178255276164;0.8722407881644454;0.6744267068805531
0.8598584752395985;0.5647041874015731;0.5679815039474746
0.9221573284167579;0.899245072253789;0.5975783652457106
0.4876035716601549;0.488297202152857;0.10832035984468602
0.13330330788501576;0.3745530487410219;0.05389860378239053
0.8715052317827904;0.37054742221170534;0.9711373127240875
0.9503564518628272;0.4676469803374088;0.6637249599648385
0.8466039293048605;0.8918794420436057;0.49505407836920223
0.07874709237689825;0.6896726527393262;0.3089365184257734
0.430015640986116;0.7238927814721476;0.22886989553468384
0.6150942018748751;0.31399206776773025;0.8056368374386721
0.5547927297185535;0.4787860657954226;0.8605549300033424
0.8327326457459091;0.44083642610932394;0.902206420275924
0.7836327119915776;0.7923422662362225;0.7473588144727729
0.7864957098031853;0.2833115772742476;0.8816812993115238
0.16094438517789622;0.31427196270070756;0.2944411650575586
0.9802398322635392;0.4783702921363735;0.22803121756794154
0.6398326299928805;0.6898827927057013;0.04142053340713803
0.736188450974428;0.7893773985920289;0.1058742062665976
0.48859174204004385;0.7122202016745923;0.003351175212309543
0.20808604500735206;0.13833487395327793;0.4897352353426271
0.5310477405126461;0.27725103475630974;0.8692241800150149
0.7971791344936765;0.5786055195567475;0.2958802147564292
0.6170793776485556;0.5782033613482993;0.9660076287449938
0.8463149893258064;0.4570964549854025;0.34463230963898883
0.07863374844097804;0.7145820532673437;0.3590719026842657
0.1960028536964441;0.6840997679111516;0.7558742516890357
0.8651985771317701;0.1919760011771059;0.033240662252897346
0.9154258340536229;0.017228764894197446;0.46266846729534394
0.10972232138292526;0.368778615805753;0.4232944129834706
0.2965667556441719;0.5849386822639319;0.3339961341548334
0.9764261756786622;0.34280321739794983;0.24412498382427172
0.5971929400518264;0.1256936594409137;0.06462684757138992
0.8768158768366363;0.5921578914239023;0.21770400621373753
0.4587666633210469;0.6212666515332831;0.23395379600141142
0.8482303001481353;0.4542207133351308;0.7834841233425637
0.5211201192197698;0.40550146191638947;0.7682104740775605
0.48791461656709123;0.5046442286279254;0.6545826222720748
0.41917911606981284;0.5807802312337462;0.7026735022284005
0.3645390954169453;0.3593987542401085;0.8305260263983546
0.12272043302076119;0.18556976003171;0.16629133192924295
0.5866602203340964;0.08010592146709172;0.38602954622517227
0.3467483060987351;0.7610860924932518;0.5482762056514826
0.41436726774226174;0.588373218367368;0.2647685590201342
0.8742241390948564;0.359180712632986;0.49748478262760853
0.1391962623239027;0.22984934284126657;0.8107458719909059
0.9749682922005494;0.5655078800314367;0.3075546630814686
0.7343435920876227;0.668079304040363;0.9293885002501663
0.6516284418669247;0.590202265084058;0.8692985956868574
0.09394761538588403;0.28300315441756463;0.3175876848656236
0.6806449586163148;0.8882437038013651;0.46157323457316546
0.15261276371833665;0.21634279875372808;0.7853128835822463
0.17444891543418317;0.6500640231509169;0.46530026431188787
0.18045362159892753;0.20191033499230848;0.4772364328855111
0.32944684264864543;0.6730698398712275;0.8823504236181736
0.8167450600676491;0.96984949448564;0.7814382418634203
0.5798850852918642;0.5198428210069409;0.8167562483502508
0.0702330783160483;0.748580705267639;0.7392111313098665
0.3066988032116783;0.8459037796328019;0.046447952061613895
0.33438733954419975;0.4338601027936738;0.96325028409282
0.49089640195476225;0.8576715285835445;0.3245987100926655
0.2438995355010839;0.17046655924608367;0.13178950384089838
0.03699538376100742;0.7398568891859991;0.4014176148067222
0.5821431704481254;0.5168968626109376;0.24282301445316046
0.07631515523220755;0.561303062364927;0.038724377617661454
0.9231275199280677;0.9479418825861868;0.44171087147174515
0.7846423426722724;0.9935856074688254;0.4192131972946417
0.24701082609091163;0.6525603747750551;0.7067722552556651
0.93573990627559;0.7005469530026912;0.07686780221689127
0.11410083087607403;0.9431796090319906;0.7011447498353846
0.7847776422066776;0.40780156689302616;0.2243924578693859
0.23265905757149752;0.25279786365592993;0.9770363765584505
0.12240116450869509;0.4632805240972486;0.8591142417037105
0.14668472388231368;0.6521397627206631;0.7820636366472048
0.10587397554906308;0.6527072938992585;0.6114451922709245
0.9448249189218008;0.01519571473895498;0.700367541963091
0.05637129236874272;0.9333148242573212;0.5422254809561489
0.5765068067541435;0.2357358664433754;0.7675374577512697
0.8417078825242584;0.6035309318607102;0.5426823118577805
0.04412462452400823;0.618835597783512;0.5547444958667582
0.8547983773628275;0.24902022284644276;0.854746425299855
0.2631635132671558;0.2614348511223422;0.9994283374383977
0.7431713978198335;0.4226664920150449;0.7991140062072841
0.9591706445799174;0.6467327479175436;0.5421487345828866
0.02374108788731122;0.7384434796993717;0.5421224796154073
0.3562815661920229;0.5010716267669741;0.6854766482499843
0.3953866896025745;0.8756220430566237;0.37312451722161766
0.34621817571693236;0.19324814891554065;0.3691196893314812
0.8018616589738844;0.7106647649129733;0.6312922503531533
0.4225726086163365;0.6005492740339653;0.33411269825718726
0.5464846896360194;0.8431368741946951;0.5310814646587975
0.9805232629167832;0.46571833699765985;0.646136164321615
0.443357405905895;0.05583862818622831;0.8913139440075474
0.5702514641453108;0.26528024796059324;0.9212809004722986
0.14094846569693298;0.13766172769574048;0.8094603807645883
0.7557844110379437;0.7523314946529901;0.5245376652007863
0.3962177057974593;0.5204614458114908;0.9067050310229313
0.8539682267286837;0.01674610846356439;0.3459903797250824
0.46365422693675784;0.7792867966766635;0.7845793076592085
0.7650276198375286;0.5960903395746542;0.4196078134916883
0.6110037992125174;0.7421775756542446;0.7187438730816398
0.1908669639334638;0.6916703123148119;0.3405694178570593
0.47155064911476985;0.29430315543266017;0.07802004729720036
0.2901683314211875;0.13848215541748754;0.2243202753450254
0.7823209147050452;0.3296830577060764;0.5285662496473919
0.7968262231035899;0.27941534231271237;0.9827371508750382
0.10851582509940427;0.3040076994576192;0.5000494093894786
0.8694368382808276;0.3643490357131586;0.4065689037841089
0.5797183825791581;0.7202393652526394;0.5004270044141598
0.30484939544609857;0.825402255027963;0.3806152420703034
0.7655457355529915;0.20365467948221283;0.0934172843023311
0.7167983977215997;0.14156018909770118;0.45716632333264295
0.5424419440568771;0.8206943592700726;0.8363993868540721
0.20822487953253;0.04938888737746461;0.6143216652414248
0.38380034591109013;0.09817567271162475;0.969373273801495
0.26354328189681886;0.6512945109857615;0.7610603304303724
0.4468246141749481;0.8963344864810846;0.867964098165252
0.23212296703584068;0.35739400151756284;0.8534577391620796
0.5459064885363852;0.5274438816946786;0.20623977460748133
0.06313651882882354;0.9616371387993375;0.2517988459061037
0.053831366634393474;0.13409746149279445;0.7717164464269162
0.5675211188779942;0.7961818946670858;0.04154433605810148
0.7153532510795283;0.7136459727996597;0.9545534475090951
0.921200035423742;0.08896878496297722;0.22311866359062005
0.32793396992384827;0.780606011198007;0.31636558558162087
0.9541493513562376;0.4293311587388199;0.7411502447230013
0.9425011906800538;0.10171020206414527;0.5146774933568428
0.0306991311829673;0.1306377162386454;0.45305833023711983
0.6305849463893926;0.052358885578208114;0.8739868638310863
0.8961603213032331;0.5037312370332968;0.39571247209203597
0.6374054333317517;0.36660911267040686;0.45557547968201073
0.16823842477868256;0.6619718469498109;0.45761449582590485
0.6864384880221978;0.6424016810232294;0.7978138391491082
0.6242928015215344;0.570925135326373;0.012905079512452344
0.43707943501770175;0.35137686439457017;0.7019200784139961
0.9552356558794681;0.6409269649962663;0.8028977480517159
0.3640150782826428;0.8862915024551006;0.9200994090901825
0.9580901623538899;0.7555845079278667;0.9964770321130922
0.5703392795302983;0.8104510256812146;0.06236638880595202
0.10517628522469247;0.9179430524128168;0.5813670837446747
0.42219810357414966;0.9836925481925441;0.9010193293493067
0.26155905474079977;0.5924392273991631;0.2841292969600907
0.06835639771314761;0.6086140062849846;0.967883883800834
0.7051567856495525;0.17068472315320216;0.3756344217820491
0.4885359258132522;0.007089318469916672;0.31668491948643573
0.8255542771499077;0.018322630439919885;0.9209266223946276
0.6022929555378222;0.37907086389505507;0.0654071985880007
0.8999384569302457;0.5634387046970295;0.048147929051700955
0.5237938534611428;0.460284180906417;0.10412891647234213
0.038785940892932635;0.9971879556345465;0.8383824603457657
0.7732712775712127;0.7751347497502893;0.9720250560685187
0.7048575796185901;0.5242305326763451;0.04087322008322403
0.5387160209253541;0.0967722333736345;0.016638008790500702
0.7404352803971485;0.5446382391202244;0.5800140442658341
0.22883174394812622;0.9388206090096747;0.8688298721958225
0.9990358379244615;0.6251403515282916;0.9251956822834145
0.16655127026801897;0.42811506841416724;0.8246572085195513
0.5896184423786966;0.45401735375148566;0.22601625864525343
0.987115145667936;0.7042268077129189;0.5301267916076874
0.860338333038429;0.7217468559681012;0.8860424907558211
0.9266372648915298;0.17217112532196843;0.15821952444659604
0.3049009039614563;0.5547058824612752;0.4676223895113608
0.098632986550513;0.20205569978714544;0.32650822020301196
0.10574628292371147;0.5555080640589971;0.00613494851119023
0.08652114483659634;0.54917598868607;0.7137955582818394
0.6190702387684414;0.8341803594350035;0.5657642648235282
0.6000038101163457;0.32265867201836673;0.5589085029816094
0.4591368872366449;0.04529658336285902;0.06204289444448963
0.12035452750440456;0.5247913011763917;0.9832833083227698
0.2240668299469072;0.3108405828363481;0.04996623864614769
0.20542361619495386;0.4138393347751308;0.6431075409057626
0.2762568466963029;0.8518943006163968;0.6561664934594537
0.6640360508249411;0.5569048872738737;0.2562639540403977
0.37743328709504675;0.00032907543579341336;0.8236947816802341
0.9843531164660894;0.26501405488507424;0.21938503251384867
0.10108431407484286;0.4427892478050368;0.6275001698831499
0.23091053157172492;0.7515545347812347;0.4834102616364837
0.8128543397807569;0.6772332640595203;0.4168774126558541
0.5853776548779478;0.1175160627134837;0.8232834404099948
0.4299000859153199;0.9491638351119601;0.4616842265601513
0.3676084745935255;0.9210408653472485;0.4583678641964344
0.41422492653993714;0.2055635459603392;0.21350933125041371
0.47984610907829095;0.21796255299024136;0.8049291764750012
0.023885723770655787;0.21029782018304244;0.8418692544648396
0.9499934961144968;0.9856489202756257;0.4051962636301968
0.45895447742238227;0.7356049432472679;0.07620023960253819
0.5726205433366836;0.4392044046566195;0.3984866514284564
0.4358340407644259;0.8032005017711161;0.014367150023442021
0.7169293068203267;0.5994986535245506;0.4564354566165052
0.9046056359793725;0.6950658083766453;0.10897263085147557
0.6556156374635576;0.3479707928203506;0.37837560026466077
0.21421621385042489;0.28247865129309924;0.35714777026571276
0.7469026304732994;0.6751723226983943;0.4290559860614689
0.05951421172528948;0.3719451750727243;0.7004997524214356
0.6632548747653387;0.5768940050237084;0.23350458098231175
0.3216145914195524;0.4298697827501047;0.3619376017815351
0.7349736643555909;0.25472409083448067;0.42057753254942953
0.8731332480460734;0.3424767928210132;0.031768880537814126
0.5266011868718948;0.0850953337051471;0.5920148626873475
0.7309367485220009;0.0567334215029599;0.8166686588627744
0.5344672683522954;0.5535040293534775;0.34078608984479297
0.7210328075089655;0.9467405292200515;0.4137084895444225
0.07650601504929744;0.025653672692167784;0.7932974554398033
0.4394357894075587;0.11838592094633649;0.7998335115962439
0.5109589901375655;0.1503144721496773;0.9882877134101987
0.47456898185339547;0.9536060060643896;0.9267277439999019
0.020638875545226698;0.8099510754009794;0.6946357182351417
0.00020975217656493683;0.4006865024286229;0.17627067421123233
0.35130323127321406;0.20700001148078973;0.995510132953998
0.27112748026813693;0.17175975376274188;0.11908115672869801
0.22082411182345374;0.812223865821912;0.30833866562478673
0.8434840941345031;0.49529169355651925;0.2243580259158925
0.18917037490831268;0.3407984343914614;0.6819738859907888
0.20609388952527652;0.19910792793498755;0.5789333224511707
0.0916846739400814;0.36243977465097377;0.3432590026660477
0.45241744031199516;0.14654380028655134;0.8563216332228709
0.33913403726514557;0.27738206423926826;0.650112904407699
0.6942756625239156;0.9785960441101735;0.7355361380145597
0.12210358767489438;0.1906371977338217;0.5660296498982023
0.8163552263727981;0.6989653427798821;0.277978451205828
0.9580439174433822;0.010986314047550794;0.6375126181091109
0.6197515452084958;0.779890130359337;0.7181497762726129
0.2667931004732489;0.6776789438035807;0.406858013346714
0.7591250358803446;0.5399680096149551;0.18800043860584004
0.9400303743001668;0.15494887804841895;0.8169213177588366
0.32780902562232206;0.2948300918562673;0.21104520935335347
0.3691006743858998;0.6436320161095902;0.967363353942961
0.23517632283269874;0.566020217658057;0.5855067539266248
0.14714266368668794;0.5305840189762628;0.23800096682194904
0.05429722559042527;0.7856882405911969;0.8882168719261346
0.3816172591994973;0.2635865684781139;0.15066272755840193
0.7219537651765126;0.3217716952685268;0.46987707302703097
0.23780305891287412;0.9781802514634645;0.28328029570753777
0.2211470124063788;0.6750844417888775;0.8987165936893398
0.5017881106137149;0.8090898334812563;0.7105868229049913
0.7406031403764902;0.16132369411072067;0.7645039010830256
0.529351309752641;0.08125782960204786;0.13016526600183376
0.7014409854079895;0.8140484820962338;0.278171196255398
0.28770610231107807;0.11351608110767841;0.3019215101300008
0.17379764945187748;0.4531736113105813;0.45321843676745166
0.47429209654462023;0.5464150014424543;0.025665758865591415
0.5302994921882587;0.6127571292134728;0.12640874764685328
0.8525606742037135;0.5189358300810395;0.7711857553442315
0.6714029425268909;0.8046978871577842;0.08495110458689503
0.282988061584474;0.4994296240656483;0.17247160891025048
0.4870747440977705;0.2686724630620341;0.48533153636266135
0.36016486692184957;0.09077226773442681;0.22758288459180664
0.5210928212617699;0.9045807911456389;0.26877335436005634
0.04215972470215823;0.5491440960092839;0.21714691117434115
0.4372355648540005;0.40305668107994375;0.747453165655226
0.5759450124581551;0.20936157525460675;0.5875570850392448
0.47478951460371854;0.24497611265596309;0.4867767138487872
0.6251061357612053;0.16586873733165874;0.2587983780410458
0.039689434613357055;0.27697286225135176;0.4586310746642773
0.5049123067758726;0.41685853907048287;0.9655187191996235
0.9000422378071538;0.7749383127904093;0.39584855731459156
0.7399833837650283;0.5848801383474919;0.783885120882074
0.1562606132844514;0.26807944455664556;0.31963415832290776
0.7675092489114773;0.2421504864711964;0.0786735036477707
0.30600484636165026;0.1166158507013837;0.4009899427357003
0.11232682273047945;0.01579405829256375;0.5453408887312527
0.7674076524923068;0.784319116141512;0.8711500197835313
0.3464001968614747;0.9327908533213944;0.6171868192240368
0.9781355481438926;0.19295146909993965;0.15249779270420627
0.02266725495043964;0.690776724178719;0.18086116200584013
0.11542155898534456;0.9975307336632986;0.04982661759164497
0.4804427072615117;0.3870274847206895;0.2873172226394858
0.01930369811527699;0.2774879316275062;0.16068482080973623
0.7284448575256514;0.5664374242113358;0.028112222339535586
0.3473645071919085;0.5802097163344472;0.922034771432876
0.44617302390394575;0.13586424179513445;0.632803008826535
0.08283877083600144;0.7273044945763638;0.8653254706935061
0.5460828854861579;0.4555097052312863;0.5275835811409354
0.16419702170433925;0.6840143297413787;0.4400045962677953
0.6723803704038901;0.00043144773274073067;0.30294452729693855
0.47797136022147;0.014648587003512348;0.8860343793210346
0.9835584217681866;0.61675030042701;0.8651079424694292
0.7326861782646491;0.955787273433141;0.010047391856854104
0.08757409071428968;0.7024992434426321;0.3636188782132477
0.5997846096129319;0.149150934552588;0.3073915745082344
0.0786234011868473;0.019423146275798775;0.39543279900917083
0.9080195242377908;0.5659920078865763;0.060011096684696064
0.28074497886755245;0.6536651232847395;0.7786115094283483
0.5072615145668017;0.11509748128777819;0.5227459158660083
0.5168176517343245;0.9487660557849107;0.23381747144509102
0.5281607896018671;0.947394312784956;0.7883202286727966
0.8857261350036583;0.9873119673469206;0.26972620594937735
0.28532332179458575;0.8392106752945789;0.23423608825767295
0.6372074116828328;0.18161064865050858;0.8601732269640644
0.895473607033779;0.952149955431669;0.7390342469833177
0.4148856108705836;0.5863800578387517;0.7439623684783322
0.12369464667659669;0.926588561737938;0.07663107930211066
0.06331142069843543;0.5088064529115597;0.49872442284043905
0.8688479811732138;0.5975570698711734;0.1574806028263097
0.2232856128981039;0.40381943255786856;0.8391201287026877
0.014540257746591845;0.23282863664678077;0.9599826499682778
0.7582483074070735;0.2593067066937732;0.6132045930462242
0.8100521802605182;0.18227822279665729;0.5622934109687653
0.3790413542121749;0.12264927557443428;0.8389496305164998
0.5081644964095001;0.5134608474372221;0.8722484699635389
0.6005217218453361;0.665093766000119;0.5045671720349898
0.2949125264676856;0.9682345350184589;0.8216516824376198
0.27275220142980017;0.30369710993978494;0.6383165339838569
0.9799737190716374;0.59553195054491;0.18325118970219745
0.39597398571498976;0.6911259512824437;0.7465845715437005
0.6208015808776434;0.3651526460188079;0.026980384748417907
0.037736986078095835;0.6134713743823942;0.9494455382658765
0.6379937491194236;0.6664378930039118;0.10857813160429985
0.9188135069585077;0.23627765055132388;0.6037034603374056
0.10108130929196513;0.4525762739919992;0.9242830860016349
0.13899567591437811;0.7976772568307414;0.9048804101535476
0.11457422341015855;0.5240250727564616;0.45656498041394245
0.6299514662665109;0.46612943822647257;0.24770592466067476
0.47750773878238273;0.03090380298235107;0.10160258040022996
0.6598563091710562;0.13018796392778265;0.034653061501817795
0.5679302288277868;0.8668756493148161;0.9481092002118946
0.9645003622617019;0.9288259631384806;0.7255760598545649
0.5163550108604407;0.19975350893975496;0.6976739610952337
0.3805987836576452;0.9030403365272167;0.6794482565627133
0.8384732728208358;0.5733317904627379;0.8553977108932737
0.3374375133569889;0.6783858146024614;0.669529182934859
0.28558069993153123;0.9634601887090839;0.5160959781941921
0.06568538518265288;0.7240374345217662;0.9183071234980715
0.3253629649236419;0.959610704118313;0.9719401881433163
0.8530997791701673;0.8677162853933849;0.828214561327401
0.7134437634265332;0.7220840532295932;0.10890572998092019
0.3746800412409922;0.7797542986938262;0.735054573903653
0.2814857866253664;0.08260811079509445;0.3932291947545793
0.14386428962140485;0.18868395747565958;0.23651528147479184
0.06565099864575974;0.8781472884577759;0.5402171093020663
0.41994497940055764;0.8196505647923465;0.01163802366961586
0.26874727245620844;0.3409288202534929;0.6926842091897918
0.18368908947323337;0.8806250950554637;0.8124481277584807
0.1316205216841898;0.10718942082909866;0.8760649556983225
0.7627986993034194;0.382047459853893;0.10541098637717317
0.06534349239080972;0.9255230383852444;0.14367570669953356
0.503660327055007;0.7642030429262768;0.9999231566266895
0.8740280277416022;0.8640591461581935;0.6930468903853885
0.9626769134626283;0.42059314272026993;0.459679761052736
0.8368624657906047;0.8801530990106197;0.8244814752634111
0.4809281888991579;0.694735327424476;0.22237335259482893
0.4245609896200824;0.3028919378932381;0.24919581897340382
0.8870689044881618;0.17563258742084942;0.5791847302382841
0.9127270746269166;0.7408094605501695;0.13393983070869797
0.945291683965787;0.34900222364378286;0.37599912230318633
0.9885776062633586;0.8248512470918183;0.6216910033780356
0.5598628598680323;0.4972733531910054;0.13915702106089622
0.0033340989555341594;0.11189337633672203;0.04574015952338939
0.11370174617111306;0.7916412185064383;0.44267864064732076
0.687527526966229;0.2825433657425891;0.07412882874079829
0.1246529923996631;0.7250882635936181;0.7954999693365139
0.900281739883353;0.033541322010697705;0.31890745223736283
0.4898845377458214;0.12197555677834981;0.4033587199269958
0.4363277965631599;0.5835295791824916;0.741471184709283
0.6004690556411884;0.9479088844803025;0.41256891285161434
0.5108426219141741;0.9493271487610628;0.22310548870569136
0.8441218933836614;0.8305356072989775;0.7211508546492426
0.6783635287944024;0.055057055151143675;0.3024209607132503
0.6792306080306428;0.45079609240552265;0.021601013668183677
0.5230522920154863;0.6114045675723547;0.20654739517546572
0.6286181199664712;0.8010294701901819;0.8769999814098065
0.64818112951592;0.9534527465543419;0.001540198224772804
0.7429904034717704;0.07715154128966162;0.26531698412671467
0.9454358566615364;0.780036047697411;0.6108674190407521
0.3091608980866952;0.4468894392761843;0.605012556740226
0.2993883474077951;0.685203947517589;0.27472415290179264
0.19552886475753262;0.04727830580622305;0.6016549612855389
0.34174044052449326;0.7179146887842583;0.37993052057034005
0.606138499949317;0.8198787828138917;0.3788569008569245
0.11025540211236573;0.02436730340010862;0.5009617703860103
0.7476185879554801;0.04614149766847031;0.7059611126848289
0.6471934319671668;0.050752545075609;0.6157548067709054
0.9291753865203088;0.27045981897099347;0.6830714316652657
0.5833482796726324;0.293937325105474;0.009806823475255189
0.5017528629377358;0.537439146885779;0.10105152171536125
0.9907471239668745;0.549871675168799;0.19630593171483635
0.1011776257390109;0.2329465092856623;0.15927429579039365
0.17835264454435495;0.9136801108420415;0.8520294440287656
0.8298982300563015;0.9804857645059717;0.09598159872998269
0.02897663468269085;0.6349951330928195;0.6659957766558862
0.7454252757266698;0.4215077284508385;0.7006991021052955
0.8996265006877022;0.2671814879569868;0.774443606886859
0.9436799896670003;0.9613984962277244;0.26298197867279893
0.020342992304893337;0.18800205814463966;0.23735812179351856
0.21965586317773;0.003933218718850662;0.8615161645566141
0.9439681814011823;0.16121496717412376;0.4036505564570336
0.9789458803051905;0.9090854776450032;0.6493601331571576
0.8909272470843611;0.24823807391491737;0.8344856129557852
0.018238510989578294;0.24993239534517364;0.4632269731261207
0.13453658621171039;0.5403351306222897;0.98956366717406
0.23289806399686253;0.021067756151673334;0.7821453510092057
0.7347771305645882;0.10713293114442901;0.07938964340046728
0.8765031461052731;0.9337000771657028;0.4728237055385397
0.028742802557586544;0.7209279094565982;0.7864696406796734
0.5930830186217569;0.02048792477143002;0.16764022411084856
0.1988718208810749;0.7465590544770032;0.48052050370140986
0.06579422042927019;0.3262945018495428;0.35859435327687816
0.524305884102088;0.7885924243929312;0.8345101335315053
0.21297144790888756;0.5125071262830673;0.7916866653609074
0.3272907841046617;0.7499203375200493;0.278885984481524
0.9019811397015629;0.029722140512860373;0.5083581599528333
0.5350856823130865;0.5108205070779973;0.41102631417740154
0.16768835956062755;0.25308779717696084;0.045016365901302424
0.012018871233847817;0.19553552851961808;0.5128821430867969
0.38629874711670176;0.06412720686871753;0.04471161573535998
0.15589908035707167;0.7197875181817979;0.6601939437589136
0.7698809142794578;0.7272736657333072;0.6618504035762158
0.42019657970279634;0.22368899616337223;0.06298072686214995
0.8412926017210385;0.9271720685694054;0.3656399057737776
0.43652581452239925;0.14346856640226757;0.665510774644813
0.7298529244952712;0.9960323017706635;0.7599962399193227
0.30664987472725036;0.9523877945321941;0.7317527598479867
0.5992943008394608;0.06583176764174414;0.31254108739785513
0.506672706489785;0.8798501687720924;0.6794243504935492
0.002759555136299552;0.3658899933638724;0.8231459623031779
0.6863460814367551;0.5960980698568868;0.04227936300466395
0.3725154136355189;0.9881154158876556;0.08416714911301282
0.5584513479953461;0.6818690204157722;0.1863162639237591
0.019557183202056017;0.7794442557410374;0.7311601797724799
0.2706583634843128;0.7529089029195118;0.20481230987671084
0.919416587360398;0.870783176479598;0.3186566218414534
0.6711324307603018;0.7824038902156251;0.4379941892666276
0.32841062483005634;0.3585993094494424;0.31743933964164983
0.28542925662587204;0.838579184073097;0.866988354329418
0.981671752585545;0.667403755145632;0.4899311514064607
0.7472187847262418;0.9517080438432313;0.464651031769971
0.44773449169426627;0.8319506643856416;0.757185637504371
0.864392250230741;0.9797849064187533;0.5063547307329348
0.7629129600415971;0.550811081882873;0.6499649214719253
0.7982875454305954;0.4982341098711355;0.44447051290046335
0.2786575002616658;0.5420807812682142;0.23571727222344474
0.8990836437352282;0.36237350623358866;0.5881941070749809
0.95082592766574;0.07581416145065867;0.250741339873344
0.6653510550687143;0.9120067721354681;0.6832065214153261
0.46925401123512045;0.7181296097780686;0.8102593139106533
0.6317207236986465;0.22248384086100048;0.09220785369807072
0.5946237723226586;0.4442072102665805;0.8050601028770553
0.9031758042127249;0.4849841304095648;0.9371819665433773
0.9683551516999325;0.3737139245715785;0.7862774761753154
0.45538581873890294;0.3185503269915476;0.07051858913435005
0.11240087570180202;0.3100852525532337;0.7731061650203731
0.495417376749254;0.25489948428215303;0.23339288513604373
0.3685462670075137;0.7874162797228956;0.0778750385189857
0.6216872578926448;0.6834815489359842;0.9218841669783355
0.3650169323579341;0.6073929946987829;0.04953774379371134
0.8107541187308352;0.2960395722354412;0.19671404186980535
0.8550236698084488;0.07016089816727722;0.736849147273494
0.2413386505308931;0.3219641015060192;0.4506610521542511
0.7906267702325553;0.8469621077289735;0.2930577922043591
0.3780979040110761;0.2971186076065606;0.14445612051875667
0.7327406955034287;0.1772362038485471;0.09791378328523337
0.7166639722990649;0.9978210018780261;0.4612111411968729
0.9843627570910279;0.7788437105718291;0.51574386412201
0.11328499291526772;0.1133125820650075;0.7782636625345538
0.07757224110407934;0.8004314983959457;0.19734303743520398
0.7946155193529629;0.5201719939875463;0.20379140912946814
0.7901555771696848;0.30293460124213556;0.6696399557505801
0.011099709567990779;0.95935254088051;0.32940276104969546
0.42964776092690804;0.5493878567794962;0.12203600064772124
0.061131892471285254;0.5021273389368421;0.46332870837406603
0.669955623020907;0.7359914901729006;0.10689316612236965
0.6902307134763969;0.8941745933967343;0.039438552770355795
0.43178453933977046;0.011246057014131505;0.9028949704248936
0.16417838340987523;0.9811570252715888;0.08720638799620295
0.9247399125646264;0.010741869119045844;0.5941679583148856
0.009405857931230943;0.05350529067733811;0.7067659148836555
0.12420067018874514;0.536382268578346;0.21691499161702044
0.4642625891109141;0.7850115260053624;0.4930454606724757
0.8736212537543938;0.36532952106916783;0.24861956717182898
0.34924030472962864;0.037884559136667106;0.5751253641539048
0.38672873638019867;0.7336106844899295;0.774718853546403
0.6217177251543347;0.4217399472181589;0.23606985923935342
0.7965564530856207;0.38545164640998897;0.37276242724838116
0.5742333817846856;0.2637530276447084;0.6865537048472481
0.17369955877504784;0.3387749069646624;0.9764324013080038
0.7498338651166274;0.2728229581374503;0.7261959065975231
0.5319195750774484;0.8350296148953191;0.8630807837383041
0.46048967952997477;0.6710342256047365;0.4513473893040324
0.7094501752425936;0.7090881332974596;0.4713796772631277
0.4565121892963102;0.6324123255664826;0.9721462259081485
0.9902462153272003;0.7676350049383972;0.9742165562464787
0.4861333126921381;0.769534384048033;0.3413100504826957
0.8865476575105007;0.4220971154998797;0.6201732230623285
0.7576456138273779;0.37139642961495534;0.2584086079224709
0.5724396385933196;0.09331028650759432;0.11846391483945451
0.7514749657836797;0.9799227535051352;0.0006645910963946067
0.8003426125040801;0.25893272347318697;0.10763303089162746
0.8846359377631462;0.45363294324480186;0.2508318781688128
0.19214486713160794;0.41718900455175534;0.1515212313252461
0.44772818409701165;0.010498504674318898;0.03576159197190221
0.1290217899100804;0.6263068938127361;0.5250790393932117
0.5685497336665163;0.859276835173884;0.19637220127579813
0.6469416078026856;0.5891582919227445;0.11063235877703415
0.9949636325950588;0.28152400501454755;0.6307486250938603
0.4563191603822415;0.11204916134742682;0.6949284352939692
0.5642631538744807;0.5348244695069341;0.8047277505765144
0.9513734788645299;0.061262308453682746;0.6839712442851936
0.20316555938582237;0.7782305973137106;0.5880190084483052
0.9243444402701583;0.23930286336821238;0.6019604964298895
0.9166679402031763;0.2618190310667079;0.07665551395316406
0.5753319514428131;0.004027763845265708;0.07700722984927755
0.2673063570261993;0.8838353333843911;0.8342020711472041
0.9203510078976794;0.2663682978541899;0.36036313177262946
0.8924115558132946;0.1665385685595019;0.8189225682520828
0.39099001330727245;0.3834765361146244;0.09906096418566035
0.3857941549433087;0.20922224156526636;0.21952783162554423
0.2417773748184362;0.4038616100530178;0.5423432917883068
0.15028947196217213;0.3231503280621254;0.7450786045073965
0.18506211540143314;0.2481003549921823;0.3335895198576978
0.04500572116681023;0.7939675079457861;0.08382897718719351
0.4037587367419033;0.6623966841750324;0.31604959899005103
0.14267481771030655;0.017693696278070714;0.49952880506291764
0.8972101125863288;0.4216093639980556;0.7065156636991587
0.1592531968298747;0.9613746198376242;0.9058894428533466
0.44526542333748886;0.9974839555077231;0.11699763121431828
0.6803943111478505;0.6151547851349779;0.6043529862462863
0.6067770758838505;0.4415314052825736;0.7018025800731509
0.9279621667966188;0.9952607998881295;0.5474727202183856
0.23333013778435108;0.3507959597735476;0.9612170404814677
0.8756985917268624;0.5875179656650772;0.7722714497017007
0.33149333957644445;0.2658376147124095;0.3174365723065057
0.837292386850396;0.1613610799759846;0.5608607090301296
0.9789130958332986;0.4728140100821472;0.6061336635855755
0.9690930988983997;0.27790601853388774;0.12148098606692748
0.6560578673271062;0.1732487324232217;0.4059552037877322
0.6848502917167482;0.19399094024014063;0.2577997916073633
0.5643736386274844;0.263601776905917;0.6415713227583669
0.06082061572123487;0.40737388336386704;0.3709310168551784
0.3280029407348819;0.406355374077058;0.29940418353670806
0.9349249502440182;0.23495533640205246;0.8806545253632655
0.13741791388591862;0.5553685245952064;0.7365420023248078
0.9743340903378093;0.5809906901441427;0.6381542866504442
0.04015605767530439;0.8371883850638704;0.38498964064657104
0.5395294542183487;0.3182638028221848;0.7347388631904825
0.6336982388055755;0.855561694600359;0.7513260608298018
0.5191194391968353;0.5575354884913983;0.6993517708185463
0.9400637664903789;0.28814726913731303;0.556813190771078
0.54837013319925;0.163022307532402;0.7429833704337547
0.17034453817059347;0.8670156126060177;0.6627205652257142
0.8727428340161123;0.843008846968613;0.8619627425827071
0.06137949978707857;0.6252228246491008;0.04402174856207497
0.4001194136706553;0.4917264786387291;0.7180983886267017
0.31813858913568305;0.5636420206979066;0.2650817535328598
0.2772622398049105;0.4371165917861223;0.9074339711360239
0.4743549435179968;0.977417648456021;0.8773262912003646
0.7081691149400967;0.03902743893111571;0.43409889870768437
0.9236965069900639;0.7224246590223122;0.621327947993813
0.3556497577466049;0.24566385006600489;0.8715250380522955
0.1531969491990428;0.43108552993544846;0.24902746875548254
0.8912797804482243;0.7328510691490331;0.48554951854669404
0.8199089201704785;0.5551665044131477;0.11775134662576558
0.23045740085285193;0.9426083682460249;0.2992993880579585
0.043326615946236546;0.4097395394420723;0.8837129301699838
0.312837556877973;0.039055123508494716;0.6296899269507075
0.7443291782583464;0.060384768889099494;0.929312451148259
0.4095646600861276;0.15208057501373862;0.9446700670458843
0.889698261868156;0.24499778415295448;0.4892745236603858
0.6111729538047943;0.06000549489313367;0.8571297583971854
0.45712810825717065;0.3411710373359014;0.08211252219769316
0.8190066076085473;0.5979050663280444;0.4762920828591414
0.7493885444367613;0.969317388039072;0.46565418574166384
0.02071143171130385;0.6308548514021345;0.7862362275356007
0.7404079017022946;0.8123280763737892;0.1631822706363243
0.46430711270024994;0.021222217104148955;0.5595897648023409
0.015598444464452355;0.6394751890343362;0.6979739592571931
0.6211155738091778;0.6443837701875196;0.8309122866340795
0.9295729574917023;0.7498347520809194;0.7627351085351567
0.9044914896828684;0.28682997421851153;0.0545702239348832
0.0770177512851522;0.5591015228598558;0.17394326918825764
0.20648078073096587;0.5312250390075107;0.18851016461663717
0.9632017076125325;0.6019039825018286;0.366618620183477
0.22534092833910024;0.4675671982013644;0.034608744299744365
0.6275686387196425;0.4691561042142627;0.7716126507428707
0.6189073679351242;0.18004755289428453;0.8199927538620453
0.28520479292032574;0.9798285073151742;0.40033169844663286
0.78487241340637;0.38624014559983444;0.7671710328253927
0.9290006594247452;0.10776327363445803;0.968500410729709
0.6843593217801885;0.9335265473027446;0.07163655166103255
0.7576963484427431;0.46921874830773813;0.3253193781353023
0.9850444877448671;0.3989574177591134;0.06947167924909725
0.22097992182771953;0.7146727616562124;0.6122135662312074
0.6693305812693273;0.49795267646432195;0.4699545473397777
0.1801013553023062;0.908549263139832;0.23220046849524323
0.8938601863769976;0.865400976899443;0.05039745716844446
0.03946697012153355;0.0931869330167936;0.47356576725776445
0.6840487950767589;0.38603458229887355;0.04360861504085123
0.16508472678034214;0.6279686675460358;0.0039142514372886295
0.5943396391315096;0.3005520508658305;0.6263924033079604
0.43913927693659105;0.5975450208711368;0.06746925572239815
0.02916360636021864;0.0590754444811461;0.5659877126029805
0.11093336209776061;0.41450352257552625;0.7956287065573231
0.039085499850331495;0.17440730385501635;0.4170354441214521
0.14750761647259314;0.3218289067141272;0.9538121008219154
0.6529685446789338;0.8921593461812503;0.8536185282571892
0.1931096820474233;0.9194195447898095;0.037231646473240954
0.09381970376793614;0.582964016251532;0.007730623552415938
0.6187620483654347;0.667677347862103;0.6146506234513992
0.46898195891652306;0.37113066546733486;0.017527192668197467
0.4442593520580165;0.5621515148872684;0.04954715492143902
0.9842452006018809;0.8708556559010383;0.06986617055327182
0.6099218636551881;0.13913456857099293;0.788370996981231
0.19089183184126224;0.32170779000599214;0.4432014003834621
0.5067311107935591;0.7273144295984478;0.5246636204931218
0.1708101840323505;0.7162804172102877;0.7518315281736051
0.43475664235758527;0.6788196339017657;0.7052741700079789
0.7373961153707576;0.22122120968207026;0.24482374656385808
0.7763612682488522;0.09477299742168166;0.5977614880807047
0.7196371974317665;0.5982754649256042;0.7815025148898304
0.9834715934769517;0.5526272909040568;0.8218730264516112
0.7758302285119489;0.684662698094478;0.19198747444216702
0.24678786149287635;0.6882397989675264;0.18161789988658694
0.8861405303658229;0.20043666660489157;0.7477279351309334
0.05590310126783571;0.4165630612273974;0.9104865892629962
0.571534015743988;0.9389108845742585;0.5132212953115382
0.2688923150699576;0.1442403975926393;0.15711444207234393
0.21225281665704698;0.3720863121118183;0.6323933615024719
0.270807527672826;0.659241145578689;0.23006334897094471
0.09906123477621376;0.7944052725062591;0.6510285698246067
0.42783124120065474;0.48245194010944104;0.8481934321068034
0.8105322400762383;0.7697542858480122;0.4563179861129536
0.024924700415545287;0.6709022898215452;0.30157679794611125
0.6386027763876908;0.19979053423968807;0.5713682122911248
0.3049557320907391;0.7212707748533733;0.6290688443175574
0.7668466752831784;0.8739046933399754;0.10423588146753404
0.2398224965126432;0.5426302554906383;0.1106138197230998
0.7107176234058988;0.009425282407848345;0.9797629743484971
0.4444685160078232;0.7613882303504785;0.8714148396589213
0.7865480617707671;0.5514481838240187;0.056820309926793544
0.617830983390701;0.7974635727812851;0.6767182684505364
0.7995686762244737;0.08703992123863713;0.3127638859528342
0.9664919384262753;0.3802891774031787;0.6796562733608544
0.5195880697872518;0.9387868512843579;0.5987204822570931
0.35549947612458666;0.4226612817803235;0.1222234852823334
0.9982857231128089;0.21692887682449857;0.865868506879913
0.8736864259727146;0.6388368855698546;0.6078470713271986
0.1409797437656607;0.8811676923641494;0.4081851381834998
0.4814665271278876;0.5330692783578855;0.693059879229377
0.5956211317908783;0.9778432127777575;0.8288771335607167
0.6999022920778194;0.9601136996860171;0.5520362580965307
0.5254257307035501;0.5342286956669952;0.36361333858282807
0.4780571263671973;0.8234295225829789;0.9085647801976758
0.6555040017304946;0.8981708949434427;0.7959199233831361
0.7813902591466049;0.7809416044864566;0.7118957701031554
0.8474841274974437;0.8828325970119958;0.8486981457220075
0.057037995762549865;0.9607116852157219;0.9778930349960752
0.6460296128788856;0.9392290143716534;0.21108629411658153
0.23180700250234332;0.19590215270819544;0.3641578479911505
0.4780901891266097;0.6973918011873868;0.03464462124275636
0.12192049948647121;0.3012170165998983;0.17942017657637732
0.31594910555957245;0.8669263559118283;0.5334182283714907
0.6938607780767286;0.5091536148534065;0.0712338804434286
0.8992840725178732;0.4027335441559792;0.6796153037740541
0.8145358996213383;0.8105013800456355;0.19896978785248942
0.2056845131984535;0.7966352352140029;0.7538426641273106
0.08070296254297693;0.0760482298944839;0.9523725148165962
0.6535632483308631;0.5949239092986803;0.893648869775744
0.16671899861050143;0.4177862693371087;0.29168478169976697
0.3515278075214525;0.2361016798519886;0.9022121307020038
0.5272092433901387;0.4049388628748879;0.27158555450693844
0.06839515438817667;0.0893841002163771;0.41521620502108414
0.3658424780732854;0.5119219317404848;0.794346487466151
0.09317220421671346;0.031145358240101895;0.6778362550888059
0.6082197935489757;0.975233462636389;0.8556824242348897
0.44093473387799087;0.5349154523198469;0.5173336940180899
0.12747279263481914;0.4383553471198133;0.16913748428182973
0.23438041461447368;0.9773898382925552;0.22112158057248865
0.45425425505391726;0.028191704697253073;0.9248799824899075
0.3117209062169608;0.4424839424857042;0.9462661694543466
0.3096139451902814;0.9134719890991365;0.17007706045619786
0.7321383862094504;0.550042073773887;0.8508160055350387
0.6111545381239639;0.33060868598964466;0.9590035150918177
0.5339732968292943;0.09013696773240765;0.3627004681060034
0.29743004491054015;0.47116550478278996;0.8898940233762488
0.9687406945840661;0.3141452121329005;0.8412771189223749
0.7995133948582591;0.36940630090474336;0.5376108253778739
0.02067097736650758;0.789624089647697;0.4685755477142852
0.5420326207146116;0.8531386690697775;0.4937578736798396
0.9917473569040185;0.5208720168099946;0.9043771319836172
0.8864853751568343;0.9112574989341572;0.21644301176247993
0.8695402225008588;0.385432394242183;0.9162533061791083
0.10671788598525178;0.43104406587172983;0.5601474676452427
0.07566028696761351;0.6108209864833695;0.4634369261150787
0.08295424867747936;0.6999460904561676;0.3664103285799849
0.5562855875102982;0.15745997669066059;0.16999219667629983
0.4813727030008542;0.8278579048543913;0.31896268341724576
0.4960496927824658;0.7823536946720026;0.15706744297024666
0.6319331610211023;0.33719413396403586;0.02845469528264899
0.5756684957031354;0.1479874658909599;0.1964805937244759
0.5405750537853913;0.03056112490648788;0.20325294809937522
0.09876754259771658;0.8500019996688604;0.8984978637508668
0.35254726949810533;0.1426859648349854;0.00866674956272806
0.8503047251319176;0.9129693119436313;0.8241123571997833
0.8712442923083208;0.5488608506712641;0.697018231129733
0.250443640646255;0.7057226471677631;0.9976178648907431
0.041717153404968954;0.4971495419056099;0.5007427592531867
0.5552681923451214;0.606523305488588;0.08436834857317665
0.4449963658547471;0.12221130619284115;0.141754708240863
0.20660369170660298;0.9038595769552301;0.21756267335351553
0.4325788190401484;0.518140446986863;0.5381445459924886
0.8728680499520587;0.7677430358834022;0.21734951884176645
0.6656381386581169;0.4616620101450378;0.5370320215187336
0.7012671543815309;0.5823494947820306;0.8378688923269079
0.8248033488758063;0.8683652552581465;0.37002529517044624
0.811229474606742;0.6090514239237326;0.14270462552071594
0.6253165793381952;0.22122051962419997;0.854598220602427
0.6809437841882005;0.7698844647910532;0.6371381401365652
0.7483965201434528;0.680987267171582;0.836239454642728
0.5151290880033469;0.823979998867723;0.9401904442263352
0.957645866974828;0.4874060324639128;0.21572675708324507
0.058126922054616115;0.34311674336388975;0.9705542941388575
0.19310558214641493;0.7343439275503209;0.4286911317646339
0.9169387441416246;0.6915407996391995;0.008889003133275786
0.49576839133295536;0.6742454457329943;0.6754710275640555
0.6851099376326406;0.0439423996063949;0.1223017788629408
0.5327876626625807;0.16983906263294501;0.582403057130429
0.12362209262691015;0.44032080083852543;0.43629734025670064
0.18461695216909912;0.5554946769066019;0.42172601947053556
0.5375876951656576;0.7822855107047728;0.19108439267844113
0.05674398244698209;0.1821841483153377;0.7084949069278158
0.2506529830893591;0.29618400667614275;0.995290361044
0.2269167948543348;0.875880253802432;0.8236238783565285
0.7672527106319997;0.0239004272343879;0.8013756336699925
0.11189136729641314;0.6590569706371665;0.8409384604932509
0.9231094156662057;0.2866059794847393;0.4401262365158757
0.3232244049115117;0.5346192821119613;0.7792741541904171
0.8277888007254205;0.36787726526182585;0.17057501061622038
0.24480314116216662;0.8251994723713475;0.5444163322015685
0.49279602200858963;0.7593220934608091;0.9163715503927902
0.1895457310743487;0.9696109651836499;0.6782136459653142
0.8693030913052509;0.5872608643624451;0.6912430731245465
0.39797085776011987;0.027441699479114456;0.9806544962062447
0.4579734378308129;0.5855055634270461;0.8389568642275219
0.2944984481238093;0.13398686231442358;0.9211239407668642
0.2217399605334529;0.35166471999004556;0.008684201856097529
0.5487437152092854;0.2836950972065747;0.8912140090138804
0.9293930431657766;0.48597719152454;0.3949244621362412
0.06426676446209145;0.6270292042006572;0.09904764387120335
0.7406736108306234;0.7425247217009379;0.5571882718458494
0.9379125250384515;0.5680620338711855;0.6562478692410958
0.7500653023564483;0.5595729454648586;0.3774676339330041
0.7412607371296941;0.8766222013004759;0.0065975385627068395
0.5142213428303909;0.02534964567761777;0.6734305842324373
0.42582712089365193;0.4970801410966196;0.9432373616458428
0.639261475375695;0.8916441073458521;0.08064004903479305
0.4149958212282282;0.1841696550561166;0.5661826092842461
0.9960427306985814;0.5737851636698404;0.5706848553496257
0.013748157195511701;0.8305215694486302;0.5034888497603046
0.14483992153592384;0.16981299101634062;0.6196784797998545
0.3696883854442654;0.007186431397347204;0.8897621636141417
0.8842363896443083;0.7439823488980196;0.7553597622037962
0.2554057259328508;0.41363792424265367;0.23511683271877393
0.816160300745446;0.5374200465222223;0.5738982286682578
0.10197018996810892;0.22605774725178773;0.7799154086408914
0.5673326935666209;0.32706271095232364;0.1261030630672335
0.39710943684143585;0.9053756545575846;0.011737491716962367
0.4466065247363282;0.7703977102033935;0.3496508270947747
0.7586239742319629;0.3513554574523743;0.019533107194106725
0.004816309173958144;0.45582141575416657;0.4012642751245773
0.5837081499308642;0.9142876766019044;0.8061214530293423
0.03610817958214263;0.4564802718550037;0.454218670971829
0.03682673405146042;0.08181146834083075;0.6559700922703443
0.23010667742697688;0.3808142339797338;0.6618589338652667
0.9036054268095113;0.05280846876676737;0.0021129385253244592
0.5392240051767693;0.3501569562274125;0.25635933015623336
0.5854678373822274;0.5514221607849117;0.4860482259308284
0.9463198273423531;0.9562617875341443;0.23580690562323026
0.6570033090613309;0.3156918060876208;0.3188233178128135
0.9115920979428882;0.7273959000229341;0.9247882656378885
0.5940046995336253;0.7767770057091273;0.39039237442943775
0.13566053063010652;0.2695185690244728;0.3185335789286994
0.7758086049897644;0.3434117314105414;0.1791465948633475
0.18463943415292783;0.774738760889509;0.616026821940926
0.785555514518095;0.5327822721204625;0.056555037636437766
0.4888261003581713;0.4027949970196457;0.4806661927440856
0.4179981587416658;0.685721909980135;0.33578615070442763
0.8051526794434124;0.39461094731568913;0.7518707769727738
0.6171761420767987;0.4351800489136215;0.9525199776666367
0.6153684846024063;0.6697669137132236;0.5577408947164444
0.5141097341778519;0.08262324733074111;0.5555666098516305
0.30887136732140696;0.23531022217712105;0.9399865762530569
0.11810765213538033;0.3168041201573929;0.6122499951731065
0.2121186688622727;0.15741912620477339;0.19650702521693975
0.7946696896094486;0.5515867131707358;0.5736842611753602
0.45615817176546025;0.7596789092688209;0.40018504709456737
0.023776578204516396;0.3410169588629117;0.22780853591154338
0.5315006523045115;0.8046539772893544;0.43258846145875074
0.6744811912549439;0.07344760131661587;0.9447569635284706
0.24193111671329248;0.2269093304710963;0.6175884561954967
0.6361652369458608;0.23926962825362752;0.9934476972998838
0.9431312216142612;0.5664665285737301;0.6964279103256361
0.2625912373735515;0.9096429621047999;0.7215546141607045
0.02632405018208206;0.1481257347402719;0.6642544945620598
0.722441589855129;0.4638076140666264;0.9245094692910854
0.9794786088977426;0.6280057347221245;0.6880005196207148
0.3232947271735578;0.10711547771500218;0.2721289159107604
0.9163726010000357;0.683540524062737;0.363947583945992
0.19032108088868016;0.6836918358214381;0.04880668370542096
0.24719838536143102;0.6316963640759721;0.6675618945909192
0.7203574026198293;0.2075481251388881;0.41444625494522935
0.4727043843759612;0.29808697658001526;0.7381969591562924
0.4619175043699786;0.3248626369307096;0.17245787870968998
0.30806914675264163;0.1816936700698648;0.23827443462629272
0.7961207426144331;0.0728677982160898;0.36689893409313845
0.765772597633228;0.2711841582594411;0.18258721012830414
0.4708701602063948;0.8563135705502158;0.5104096085591184
0.5343494887733915;0.6942663342371971;0.7044091370629599
0.8140261683176664;0.4457529459877476;0.3656957483174831
0.9149126742723975;0.6000373270681802;0.12595597276064352
0.7763374606083905;0.8706883841615595;0.7515726658890797
0.5155154706285415;0.22247704098136767;0.6890328543455734
0.09960472443986579;0.4788495652498497;0.7129271578545895
0.3026750002198476;0.5243789039482155;0.870410178466826
0.7330540596465529;0.33531733178730794;0.7827861555106067
0.9422215853695572;0.06316689433490374;0.15871823420477527
0.9532141070489205;0.6994817847174558;0.8949479124400428
0.5661905738621744;0.37854144809596846;0.5493109877631712
0.150886592731438;0.14581233631027735;0.0990692136710456
0.882547390360398;0.16632081916523855;0.7070830827152089
0.6953514787749736;0.6664791171518153;0.6094512371479435
0.03224209404781819;0.7266001411790615;0.45232076553642697
0.8902115685704974;0.15196709491919813;0.4974262993400077
0.2147404201758043;0.35363406910314343;0.023565742130695067
0.7544925329925384;0.20454382866148468;0.19292442403530974
0.702296393364209;0.63190925860468;0.25129067270034344
0.5945069764241807;0.6522781804563124;0.17531510737719547
0.4921343031315717;0.009378293571928875;0.0678000366473267
0.8936381703954976;0.9581638221780889;0.670204021754433
0.8547816007758703;0.6701036846850605;0.7284432230401373
0.1694863791642025;0.0506193536258418;0.1601259092243954
0.38245753770293;0.15186719061392862;0.8898272520985431
0.6021116807772395;0.5301815089572096;0.7748473193910108
0.2490863878647004;0.49518067493911044;0.21344557043606394
0.3151415763509072;0.7691443131135203;0.2804833463076183
0.634536496970497;0.689046455535722;0.10512756174449911
0.655583432756608;0.8075550338069568;0.14865863729842177
0.4884652775128677;0.6156298191105135;0.6845900080863385
0.18216548436540714;0.46463414564335337;0.6425606845985495
0.8383505522689525;0.43884614065427174;0.6663653577665939
0.17610085007010579;0.44173874102018007;0.8687689732592979
0.4453268846552333;0.949936966836812;0.6062798190337002
0.90718693007873;0.16316148304396383;0.9834625818389112
0.42204071719296166;0.785984994381578;0.9778313369332834
0.20859579993563204;0.10358077970394541;0.16505795896131392
0.8890931709892053;0.3240455169986799;0.1452722361091704
0.9307794270122528;0.7834683228244241;0.7670585284841681
0.2574808942313017;0.12196708581051563;0.9601993006656715
0.18846271477123422;0.8248669584131414;0.4548687111698546
0.38307952234288145;0.9582445157845969;0.26882010439806103
0.5052217644196592;0.7107833646245549;0.6683899550072072
0.2140341738767092;0.7649095296118742;0.32469511030781106
0.9519316746482498;0.9691625924650337;0.3005853914903597
0.13067500271638377;0.39446983206081665;0.4700682011151469
0.7817157602342516;0.280505160313948;0.7996689926667045
0.011553272916960289;0.8169127988750672;0.6233102833601991
0.2832476226933692;0.8883647352856943;0.9200103877552871
0.2713902464561079;0.5506046769809141;0.06232227673630142
0.42828323694815096;0.7038947931668609;0.14702585664770684
0.8115856174351967;0.4653969642803645;0.13439777871020264
0.005441176761253885;0.722243492626356;0.015388750619029001
0.947768575857256;0.5693810917330889;0.41953935643140583
0.7446263220827188;0.9016827998420357;0.15836203636676882
0.5114683974138363;0.632424319189111;0.1970496193476492
0.5288718203396005;0.4705206718346854;0.7008084079448411
0.42516114993407583;0.5445498882801061;0.11026493934852588
0.06889398316653339;0.5345416715807384;0.3187569862235099
0.4485296611688291;0.20636579239049435;0.9206477466525673
0.3133113055173543;0.6436255345751767;0.32264223363035793
0.1648506167748336;0.25933478850587754;0.743111050820533
0.3386967383205185;0.953390538628938;0.010257515693165464
0.3670287537358622;0.9991911731915842;0.2580141803669759
0.6052810755177735;0.6963704901563396;0.7270537201379358
0.4614321871841738;0.14822919717137228;0.6308711846064026
0.5626852987963666;0.15742072022627718;0.2007239241807608
0.43736249844910047;0.49753387079911215;0.12897772691878684
0.7680751904098216;0.5282132898480142;0.4621790470080679
0.7554584789606227;0.7132975235476962;0.3528489997605422
0.14332804933512422;0.40207540318035595;0.5301429775392729
0.7761496839702452;0.4374701862575838;0.7573001082607586
0.722586140060347;0.4572006144019598;0.12102893290676986
0.4345598167054743;0.4856445233319223;0.01746599519732417
0.725120815900108;0.9078139686911892;0.06982597994259776
0.7199516618574529;0.5168969751016859;0.023125774708301683
0.5076858774171685;0.212621376620319;0.7110495259453983
0.818419137990091;0.2682315810557895;0.62453011732373
0.43825697852092516;0.23070635281080298;0.07378986037626212
0.9295673081636745;0.9938234662318725;0.19334533172106194
0.9450954298820832;0.9370629047484955;0.8281805837408539
0.27003854617300393;0.7084250906047158;0.48147877427065744
0.7254603860771198;0.770269369830236;0.8585111729172085
0.5026537602418385;0.722474163242748;0.20264636876147002
0.1873852189310874;0.08387734244987932;0.36296271364462085
0.09620794868696458;0.7994059201669113;0.543036968689573
0.1975926153890083;0.4168313324935269;0.7930257400466398
0.13626232036882302;0.659189110865949;0.591671139995596
0.5177022590164133;0.6872151189279531;0.35943345145298666
0.8041461087190936;0.9996534154262405;0.10627488835829801
0.599526041215495;0.4186215702819781;0.9677072032018992
0.8541298119287173;0.8923665807027207;0.89669553100555
0.42233525554477924;0.1605269229442583;0.27216715132154456
0.991826571433166;0.803446543295998;0.5161424150274893
0.1812152169126262;0.751040037415799;0.8725425681455098
0.5023487991941411;0.4587282543724187;0.9523025437418059
0.9394401879498335;0.5875286438292273;0.5216248017218166
0.6414664521372384;0.7420017452227086;0.9560867413316644
0.5613263413060272;0.9627934820768305;0.36344989961763596
0.6182777325151791;0.3443545335055356;0.0637179446897349
0.28433185940593353;0.599282050684322;0.34583953520654165
0.6748344959697657;0.4432762079435476;0.32410598319449724
0.5466062133672562;0.4988540084481058;0.35839241370431607
0.5999851493736541;0.6550855911474796;0.6399207077428415
0.22068865974328622;0.43534602107149756;0.0381569804478995
0.5832256863912052;0.09841112281164777;0.7425985965025568
0.34647664053004357;0.02239690030181818;0.40343559812365026
0.41478311837997817;0.8431005096196088;0.6545975378128965
0.21537900894331485;0.38511102730989677;0.5308273854440856
0.4581858339131829;0.790046621278194;0.0982173633475456
0.816619207201421;0.030382671288450958;0.42684271687090936
0.9049202769251862;0.3798575045598872;0.334270795077491
0.01861392667751538;0.6176320288352842;0.466525172491689
0.02198794918514324;0.7203527075268323;0.6805212852871578
0.29250066057958213;0.3445087771073575;0.919081782860266
0.07096571449349032;0.2164825631930063;0.7876872199654528
0.969918810359604;0.1060983820514827;0.817770403435968
0.10603435090599855;0.6116374411052369;0.14170907921538156
0.5958116700785816;0.6941910918560003;0.9213310724570808
0.0032966676159082997;0.661548486972509;0.08624356607209505
0.22185234757696082;0.5658017968618244;0.9347264513279682
0.8963538773881844;0.6627848092859339;0.9293060811686361
0.5907199933251147;0.9114843398364612;0.2561075718936505
0.24052111996548242;0.6756667089223645;0.8649540596400703
0.14828621573582712;0.7302076041697927;0.6910327790215862
0.04428667400766395;0.5824647919288231;0.5662479478388741
0.32753365313524185;0.8770363555690692;0.8871527442963701
0.9867431237699608;0.739749048982506;0.6759631251643339
0.9598640746371446;0.5920948199874185;0.20338023174359532
0.23860413643355305;0.6048704615295238;0.004702727880203983
0.7883323482408694;0.19885122896533558;0.8159940878014558
0.9763364904315035;0.015721617409284683;0.5140897971746509
0.4405904792466948;0.3772433838726682;0.8512924837005164
0.364376078921654;0.4364885529225595;0.7258908207551431
0.11428653776775566;0.5070734502692996;0.004004384910474168
0.32563886094519834;0.1787439895191446;0.3313430373879941
0.8942176689031703;0.03589416125914324;0.05486459843830305
0.607057932558011;0.545573255526945;0.4037879634370407
0.275542489390167;0.21303761122566933;0.1918025620610846
0.6581637712511914;0.004956630140964036;0.0790155347799224
0.8694074289467896;0.8568840708725792;0.379573639689463
0.8435476306469512;0.40552592225237927;0.8629857529756336
0.7235315382170245;0.7468577764350269;0.001002802072172293
0.9473725847746705;0.8992110167399602;0.6991817730550688
0.5603655708478794;0.6959980849861528;0.9022755219180124
0.873788185631773;0.5530130282449329;0.9885615019224945
0.8561401075601237;0.8721073058848474;0.5609065004131475
0.28795449139670926;0.60896564348276;0.4066079725903806
0.12104165327941396;0.8863963425027714;0.4883540689792185
0.687093990346798;0.4643234915283362;0.704493934919165
0.5272141942685281;0.6168811633079329;0.20611883365975647
0.005041101400743209;0.7778587254666649;0.782935050415544
0.6110785109123342;0.09816871405178274;0.18345584511104962
0.809476911132091;0.8232047407414842;0.2078969586046988
0.7803013944672953;0.45417438174542857;0.9202191142305705
0.9637716867914135;0.6930754667778198;0.08117850296970541
0.08167001825343212;0.655797992562707;0.5420362708687797
0.7959883075587844;0.47323611004484045;0.475935428633084
0.8396384667832717;0.8798163470300087;0.8360304305459919
0.28183463943896225;0.08426503015241416;0.8766854413862422
0.18849353196402863;0.040282169853691596;0.059658461351445924
0.44241104799653097;0.048177808139007294;0.1149022019379825
0.8494819491363266;0.8135116216610274;0.2847346739919726
0.7144678368464775;0.12300885120779748;0.9592751349871596
0.03617149090602201;0.7810651482508328;0.1900254023452288
0.35453906806566715;0.21484677795264107;0.43105931059668057
0.8097266591938265;0.6204959748829115;0.4014392828954306
0.4086595207470598;0.9379728526310008;0.3925585032918343
0.5063931882530562;0.9960259817682202;0.04032103721921865
0.9721121577009262;0.6616224272796437;0.18888335012644153
0.8922851195170368;0.08528469817916262;0.3889107666456679
0.35289260945656;0.8708776437185889;0.8467092401244471
0.3734133829893219;0.5066920108633878;0.8258072691244036
0.7602735260846009;0.05900194252539803;0.7849515047871789
0.20100490745317168;0.8019815889534907;0.6944510074833203
0.525032522775555;0.747104815422507;0.49258097336154694
0.04827741860285473;0.4545657980855412;0.8768915400342073
0.7143665447693567;0.2262524556304767;0.7128442139387029
0.15181529178193787;0.618366088666233;0.6989107778801018
0.25391585720007437;0.9408200953298584;0.548268408909758
0.04486313502336514;0.6922514669682012;0.9989754526701254
0.4932631055294189;0.016902547180468352;0.2382083986631902
0.6531751210332017;0.47589574196963524;0.2558731981760527
0.07571362112983782;0.7631896452339698;0.05788845492146666
0.9088242855563862;0.0923015021783109;0.16661862519529347
0.1967098804495726;0.8341221397305582;0.988620710425926
0.60978172511605;0.38154813010738853;0.7160394272426054
0.9582837956451853;0.6204321098412564;0.9622025272670965
0.9560577685159787;0.15161659994504406;0.9413718635477958
0.6470432587948035;0.9774429244834428;0.49067261224961756
0.8706352148610346;0.14421823488842134;0.8983442797075668
0.29920215087327273;0.8351142473300114;0.393022864646533
0.3690309684042008;0.2677861366984394;0.9307624269792266
0.2796517579915846;0.9853953535896752;0.08022011586108313
0.8104456118978675;0.06474079241016417;0.6323885256258565
0.04063310730937908;0.7565586572988564;0.5779831487410838
0.3768487029232781;0.11339972582000069;0.9585949031807989
0.10866273825222694;0.30876185529564304;0.6465914222909187
0.40371660798732256;0.4643270110649951;0.5436019679447008
0.8493052262831646;0.5250689849186416;0.4964717595473569
0.06083652185760957;0.3692917681843;0.7166626426459244
0.8600912181960432;0.7177948985342867;0.14952341228374444
0.5670772986056195;0.5505941016956233;0.29632857997175044
0.2206054354006507;0.48231422411327385;0.7475984487572658
0.6114358731443251;0.7241981850113296;0.547672024806091
0.3986610769639449;0.30706724557306786;0.4244290716700455
0.9629646052177369;0.593431909750018;0.41974384672996756
0.7321658057241335;0.6885065339756423;0.6250067131708216
0.9609724032698993;0.005278341740511117;0.26673734295761886
0.7770932684225811;0.9323634319889286;0.9087147662477283
0.15528752311107263;0.8150377984591988;0.0415905123372462
0.9453331197742829;0.39307021657863517;0.11906748327134575
0.8067110349711656;0.36415583224636516;0.8308393164146426
0.4961112873334552;0.8142550916560446;0.9451115645583967
0.3650924989688553;0.7519214906852436;0.98990607834314
0.7386215107462822;0.3578858210822272;0.06481379972508894
0.558174493613773;0.16900112758945884;0.7733707352582931
0.0157284499831305;0.7811137100714303;0.1478692579701688
0.41263594170192996;0.24508697248222855;0.15215024048896764
0.07100809160254962;0.7856336972814956;0.8596109126562302
0.759665983481302;0.19041865479953457;0.470690231002577
0.21239664149432658;0.7724422260442143;0.3553110438353396
0.5175801251575898;0.36095394191026287;0.6492164975082249
0.06484942046755371;0.5910343390069672;0.4414267344485385
0.7359423615540669;0.6674367458389705;0.21964552636473633
0.84133084393934;0.36141783861274;0.6871474574836476
0.6039897814274287;0.7752082566992711;0.13652641212565675
0.2105661446490783;0.3929079264004993;0.12503202293712212
0.8213412667153352;0.470817242782815;0.8440263162860034
0.307110795159686;0.6982961632259922;0.5464757302504923
0.2536131391037517;0.9481695048142723;0.6643411371374806
0.11917412153198104;0.09010194492176982;0.4105447306207053
0.2279889751946197;0.3541692278458888;0.9813411080811734
0.6595982284233778;0.4874985143916979;0.2180315750024251
0.21763821784282966;0.5569109356483144;0.06358570616159742
0.9958999574364171;0.8552596021722886;0.9496490473219533
0.3249983530529349;0.8730456912640141;0.21086896123250332
0.47004061054148694;0.3474487229495583;0.40564824005444655
0.6198049807561669;0.6465619397627999;0.9296426011892452
0.554331695824328;0.42848209799338133;0.7642103665534903
0.5344547615437357;0.18058588643193407;0.41968009043747245
0.8588921646115253;0.178500654828888;0.759912972090215
0.576449970582251;0.9627501636645543;0.2833156141664872
0.5072781317377025;0.6244660599136335;0.7021461501034449
0.41783425359733106;0.4189715480076188;0.9558401789460178
0.22413322073616748;0.7646668344694296;0.9446897646902231
0.7557386836485297;0.06410331535905778;0.006838247749440418
0.5122499355393569;0.4498768471812816;0.5867919270341077
0.9651114535196443;0.847805777458164;0.40740797271062124
0.8139356111555671;0.10296619815233399;0.9336348539356945
0.3523672382731101;0.04693330394706785;0.025338039956003255
0.905053287137482;0.8459534652816797;0.9549712038853848
0.03893267573385728;0.22379772768570128;0.5319150712998206
0.9724341878328892;0.8965707857126924;0.5281602342742152
0.17352396161536954;0.55028314256458;0.5560914182957054
0.7305607859997284;0.29392562842212766;0.19149149637508822
0.4100214220999603;0.019361177469754298;0.6588041612430868
0.4176048546287283;0.1382634760663639;0.7875650194286344
0.41807199920891613;0.37581180321018215;0.5595296862775905
0.2862719704846479;0.6071145165364743;0.7842383765923862
0.3678112205392323;0.5348333045400187;0.1147062661357936
0.9950746534461861;0.05385842638800398;0.8575480694036003
0.12674112273393778;0.21766956362509127;0.5893237965734206
0.5601513847274845;0.6776051111310947;0.2883990591226955
0.9828438799269038;0.7420072553793684;0.06384450541533337
0.1377280063886681;0.37486195355998075;0.22823057064687513
0.9048370077789194;0.5824763671980023;0.5987483835927502
0.6118212647102239;0.695825765605624;0.7617907209064054
0.9006879536355367;0.31339946342461833;0.2874740258841135
0.8920543984355916;0.7343915514773834;0.24543551780723794
0.033058406542608276;0.8049500217652407;0.6709464087729365
0.8058470707391887;0.788149354059988;0.9418169396130991
0.4354985320158795;0.8600536908402435;0.8166682273273365
0.22213871910237193;0.4496003041688864;0.9412739186410767
0.6850122557998131;0.7666555034012322;0.49853273907405116
0.6413752736275423;0.697693201135377;0.12747647751906543
0.5420443530227953;0.6467231149300487;0.5460062083110861
0.03624560715709724;0.542286765915174;0.2785663122837976
0.3037691898849989;0.9414258445616404;0.14114304980721426
0.24671924780881604;0.005834934812954162;0.06661059590651086
0.4940710183726049;0.2066497718967103;0.4806545021164471
0.7285247046201004;0.55908846340997;0.4326935909880971
0.30679834949207396;0.6663547673326445;0.6406793744538621
0.6708597922748226;0.40209881655314983;0.24829587776481976
0.5399137481941494;0.3777839855944096;0.10534793907641038
0.8547306748666736;0.1012604158673518;0.1650863683670255
0.5967665493094855;0.43365237560249903;0.4972711953242088
0.7582292432457184;0.5266419390646399;0.010944634772793616
0.6878723779439206;0.2812611523501537;0.1700994053424274
0.07873533477241967;0.2426137255742865;0.5896867004541717
0.48156749557554057;0.07849910576406527;0.19485127580467432
0.9785157553809399;0.14114551072771375;0.2754813855259244
0.8673118881440404;0.4868874473786797;0.20872267287050128
0.8880108259326013;0.48929731290714273;0.38871535712723615
0.3328330253435807;0.6612979886092675;0.06019664341233988
0.0852067899696397;0.08669497078559385;0.18513511864829868
0.4784097863660929;0.09905640411081218;0.5770833565943125
0.06990396503703811;0.830645111899345;0.017214506185545875
0.7120807719257654;0.8222829900919006;0.25730895299313683
0.6162772422508896;0.6856702220363894;0.40844849470356503
0.4594700264401794;0.5340793855870037;0.33623513306161434
0.993391836289507;0.5286068767500357;0.32565937056970806
0.5926492923134116;0.6158742091588724;0.8360171448335233
0.7091595071670608;0.09529154808275309;0.1631818705032223
0.7319492618376914;0.9799766955901633;0.7496792729522792
0.7557052944657181;0.1381976926769073;0.026578480287014372
0.4285467592248502;0.887811407283822;0.47565685930282675
0.8308407118537595;0.1732265758058833;0.06251274156975395
0.7431685081096288;0.27253320975185513;0.10910743183828842
0.592418119660023;0.11788683738394401;0.33867106134634106
0.24331273277245136;0.2338424129509975;0.14269733116577188
0.9234616211664164;0.8750697961619752;0.2400870717481166
0.2636586837543099;0.8472675361213072;0.18246599173241929
0.06610025109285511;0.08887832337186119;0.73015468493161
0.8301419264902392;0.8329834580593475;0.6015352011408535
0.44252959139447956;0.16812523828255355;0.6400164999459419
0.04541446087443557;0.05395814354918804;0.8887388336390701
0.41097917574193166;0.3409950253522779;0.10608926852286593
0.2509671559568376;0.7331824644270108;0.9275514444231256
0.19085133761813233;0.62210762456167;0.7900235958266595
0.7040955538438105;0.2544455085659809;0.4150473908708793
0.03147251689046182;0.9890415068673197;0.31977740869097426
0.05696743423602246;0.7823969063676182;0.3146533669161463
0.3884504350552833;0.16134559329548237;0.8786490140202847
0.27469976048296896;0.2684045589802587;0.0451224239289959
0.6904756179492146;0.5288263083337255;0.0970021515228574
0.23267314608271294;0.6688368611855949;0.4413480391131235
0.12533299666808673;0.6501762030633781;0.7141474732546479
0.5799008833802272;0.3755032686619282;0.6779132169933234
0.8620597155485262;0.15061865176238187;0.2477497675544067
0.22852981267953687;0.5714472689410489;0.9533461816375195
0.5425006016934858;0.896572598170067;0.04900560833636458
0.7367183538803611;0.6958138223147313;0.6051610286525786
0.44543020950143275;0.8450573919127912;0.48359863705825135
0.30418308192045707;0.03331994573812269;0.47546118037824636
0.4331043435601618;0.9130127826592762;0.7634189426100245
0.6483456403766474;0.9528841195282318;0.966787657192462
0.17543949058441533;0.8129086670251139;0.2975824340450616
0.4814202683409484;0.2504423901012536;0.7943668092039979
0.445034023922825;0.43112610211094315;0.8032425337342946
0.8181266265980296;0.884109454654828;0.36501819993019646
0.2171555519188092;0.694946797911108;0.4421216953306265
0.31167435909465746;0.7242598844213933;0.42930578493647253
0.02731425628758355;0.33122959035116395;0.6249533189884247
0.194190903954495;0.6596025917232258;0.7238567712184141
0.218644249421028;0.6144768755865742;0.9044310404453826
0.2495863368672082;0.523129217148878;0.20238603853407533
0.17107382947423688;0.4216057005862235;0.7992550548625061
0.5533681416021805;0.8130455077331589;0.1762031423710515
0.8676148664221603;0.7339232258618783;0.7956534723810254
0.8047377772459902;0.8874454059298195;0.608690519506377
0.4174541823492286;0.7861680701559132;0.5203506831896728
0.07947132569033066;0.42134957326280287;0.19177771891087003
0.7524692342689486;0.3379670876071964;0.6306546678877895
0.4828323775488714;0.6260359419137312;0.4623057589762508
0.07174643818932169;0.05713980455715251;0.037477321943751196
0.5203620098647689;0.27445232032299116;0.4148966037238574
0.13574526423425326;0.23328398763074043;0.22030457509069434
0.2249749969728575;0.6283929496483506;0.22986258359461442
0.2254225224829991;0.3703923524117321;0.007374436481714319
0.6838072816434657;0.2399706737981102;0.9146081210932839
0.993380056788935;0.9945153191300629;0.17826449490063334
0.3606258092790894;0.21253507488018764;0.03096504062743466
0.41549589883077565;0.7555183853601021;0.9810326308747312
0.7976123455889572;0.5798858543480927;0.8699055101087823
0.10855433233467593;0.5345078352077131;0.38258617223970004
0.4246926428251674;0.8268109988673615;0.374655990630285
0.9218362613206611;0.7233014914232206;0.429092447485672
0.6094732672881531;0.2705227562672503;0.7493749934017672
0.7902096716238236;0.28650851216396034;0.15573730208450554
0.8338592021058848;0.5634152022499935;0.054631964803613764
0.5533594828113879;0.45415650442135047;0.8025034083876675
0.5481395439172477;0.692941389588813;0.3966127243412798
0.7819363710805975;0.21718292680866624;0.10685073613345408
0.41435539958447265;0.30844123879367014;0.9562552717204772
0.5565868659629941;0.7993583748282171;0.40641984090180516
0.919083861246513;0.4933026061195591;0.15102158536387444
0.8969808023592062;0.41402190160969876;0.49066237230527365
0.05581081954725886;0.629333765063045;0.14035203718650235
0.8869679570694126;0.08147811523305049;0.44363398497373085
0.46307919853608326;0.9894093063691451;0.8438337963919212
0.42120435680009094;0.9110239721033935;0.16419880590472047
0.7745013920327616;0.20916553765542822;0.4200007242529854
0.3683823730116479;0.08082410345611679;0.368886208078406
0.9584390145491157;0.329255438727984;0.949052001511423
0.7414941136875859;0.5880535271778338;0.33790439512338344
0.9892261965772421;0.38912105273995523;0.02618989000055072
0.06392724346857026;0.8612426292574016;0.16672062291716894
0.090994158792012;0.3507499251301863;0.2217015092582192
0.001504089203545056;0.8461523289963102;0.25863054872873403
0.1972697339499193;0.4163966521816149;0.7604828526866582
0.01350969121224066;0.22219493332110807;0.622956975213762
0.7536585903214749;0.42677136518713177;0.3256688113118461
0.8419549807902957;0.6372226831434504;0.27961058939730066
0.23732196648489956;0.5558521169390274;0.42813408914592554
0.21770816570791873;0.28819961584934706;0.4029599410734378
0.2910933515689781;0.6575585648248343;0.4921562026071924
0.5864127747472666;0.7637246684047627;0.7210725128256035
0.3247226537043487;0.2989216055502698;0.03193757018894572
0.4155408591177766;0.5459466235587538;0.8406551828377749
0.09919090454816892;0.2516729838296956;0.3399686455103148
0.013952680031869558;0.35153392825575147;0.43447465256682793
0.287367492706081;0.715451693243617;0.3398312163463464
0.44665761844649754;0.5673705188171244;0.264396751844446
0.5162923866366651;0.9414556889644693;0.21620287039230635
0.07681212915203739;0.45770318174362223;0.801577704590561
0.0038174919423610287;0.8999093762513384;0.3693080818146427
0.7190998703684988;0.2502139886410286;0.4400804551992642
0.6209523463368013;0.652485488413416;0.9837938511797986
0.9318769660276068;0.06800479174506735;0.7353015900630109
0.7083353751585493;0.33107865452389573;0.9342109138477015
0.39004091802607643;0.4996204452336733;0.6242011571156891
0.35627371861745805;0.1177001704562709;0.1712094144399492
0.023347700219648382;0.8410132176889789;0.18223848889400462
0.193267475608498;0.27487884640807714;0.7231960198174291
0.15872894556784845;0.5379682972791657;0.07101104969183203
0.625939179993837;0.7434580537308082;0.16816220132789017
0.06007991591815032;0.6957968801481679;0.7129346259636207
0.9250344298416274;0.963244784205537;0.7907788350750878
0.9210451682833534;0.38979875565889444;0.5407201148254397
0.013284268489890172;0.07707888065993407;0.6655000071587637
0.745651550008613;0.5277846070098433;0.47709052120842266
0.131431684790968;0.9582849659533682;0.7568981256881379
0.6302105534523803;0.8695191227218714;0.771838974797996
0.41670416697425905;0.003129219414700346;0.9746012609102442
0.47467076936006924;0.8615778057455208;0.05696589219740689
0.9244549044678607;0.7428964759157574;0.5329827424827467
0.7590349257922017;0.6187818230973796;0.6517198614655042
0.5238484296229168;0.7214535941362391;0.06445096925712135
0.04378348055441961;0.5842961355894778;0.6383525233149346
0.29335055851955316;0.4324905228992759;0.5258745062239256
0.9651985331412869;0.04797444799189465;0.49449836907244005
0.021862357531810872;0.7112717955156184;0.3434715245408828
0.9522590508102164;0.297805870071425;0.8346825418289417
0.47416217660170523;0.5799478771604651;0.4371433689339058
0.7548650876334392;0.8664127503236656;0.09622262971829398
0.26965315818604707;0.011099953563570186;0.4476312515867261
0.185185508860769;0.39444141630685936;0.37476111243134114
0.528160683516835;0.5422277779818954;0.3510079855825926
0.7109619084912381;0.14516904504806882;0.12416723505617278
0.21758628579324635;0.3366780206478871;0.41044942425860675
0.910837611739067;0.8228530265001976;0.10325599494228643
0.3789236876666271;0.7383008441282336;0.25772946685284115
0.7021141592157145;0.16715671267395127;0.8580433284924103
0.3127369998406442;0.5745227559049265;0.34468303923940224
0.12897115110546964;0.6639250088069313;0.8173779878304643
0.2844367773012927;0.43557547832989807;0.2532869600913211
0.8973652302600987;0.10867282868655703;0.4014454236739028
0.43224881815114224;0.023353522678272842;0.601660518466918
0.6091795433991246;0.34794533752396894;0.5496342831233364
0.6085284428631215;0.5970707420488804;0.0734443063298994
0.5842327566843077;0.5525809631919547;0.7463620209442289
0.9202817774263947;0.6395702358238481;0.8492008690085133
0.39171691976497514;0.017480818501905748;0.24371049274360268
0.7606138658604494;0.964523037120233;0.7640075121763914
0.956589714770184;0.7019483792264714;0.05521382636013594
0.5765314369162859;0.6151750866891446;0.03789690168199178
0.720587575075015;0.016149355232904616;0.49944534623981196
0.4659457560236723;0.061258215013485495;0.38297878569805854
0.045126279034426786;0.5320060965878904;0.540196289112426
0.9181866892475317;0.8537464861508361;0.2787507844028363
0.35075656319096415;0.4030693862186664;0.5102342187967763
0.019335129499831516;0.33473064148499787;0.21241866951501476
0.21153225743784088;0.21601969797756237;0.8122119575700338
0.05981250044240216;0.8579082169720055;0.8507307349059557
0.3097013930724083;0.215598606222284;0.046045915347371236
0.5932137598549682;0.6467137967459468;0.5417128181445181
0.8672272733261857;0.46839227245008574;0.4931190796186853
0.27193843740697143;0.8246176873072056;0.3608727653846556
0.8490667529860607;0.21995249197971367;0.29225738825096026
0.09565183137588384;0.6969103644073184;0.5722361739185833
0.7734522442180329;0.4369563419214464;0.23431748285875265
0.43264371179253414;0.5250177704940937;0.8263052547031609
0.5211608092514334;0.5701507494653102;0.853259234046375
0.7208910861167372;0.6065981624629389;0.06874660885387363
0.20466112968401418;0.9565212076324521;0.04670507163279536
0.6005361483841474;0.14417416015243467;0.9929947957926649
0.0002468325247073633;0.001735771987530943;0.4187974864116779
0.9993190578824989;0.8799262047236474;0.23243821895257233
0.5242759656917675;0.9646806695222674;0.04304466685440622
0.8734511980075416;0.04107365055769585;0.4480272032931252
0.550048810911074;0.4490640581365135;0.9989268131880605
0.19973271948115967;0.6688299145737607;0.02088258204948379
0.7054579938723092;0.5905911148446551;0.6112051316886332
0.30486396490400525;0.5928294101239043;0.48153015726455206
0.2294581365520073;0.9410895956534343;0.04658045476563155
0.7305370826871351;0.7021880608159364;0.7540278185852769
0.449488593446712;0.7562622867715485;0.032815659687549514
0.21159293083618724;0.5107198390130234;0.4701343689064935
0.5585011026396092;0.7130508711276172;0.5785035315165643
0.7918670116674805;0.19112508484306012;0.505498114013567
0.17584393536998855;0.08378775759504942;0.01833910241319614
0.9460907083456773;0.5552918301543047;0.08668950455157065
0.45644398589907365;0.1467514665058054;0.17548846401296225
0.6358583827177847;0.6321671673080693;0.4646212793149218
0.34453387047332606;0.05288108918200263;0.6389917468242197
0.5160749922940601;0.46852729114457337;0.359894606583654
0.315161016680939;0.09434348924296543;0.5937956697900815
0.5898294691811666;0.7756642899409575;0.02946125598059579
0.6812641817974159;0.3541559850934488;0.5376355402053886
0.9068613515454377;0.6956270724627589;0.9741143476029145
0.8904295855928487;0.7355629002628054;0.884035903902072
0.38286087960503545;0.6078920649709322;0.7553078217756795
0.2964318483562888;0.10544435183771306;0.521072047576147
0.17752649190688496;0.8983892688875662;0.05944368037295278
0.13177526103132442;0.30939684513327326;0.9214420280245111
0.44592152804202745;0.8812764971398404;0.5115746539189818
0.7289307399905885;0.3711453051009652;0.71680214149783
0.7172490233405939;0.27604402104624537;0.6399197692053059
0.07096745164054907;0.3686484620525925;0.7176322197952152
0.43605628782148675;0.525251014377779;0.28153045250530195
0.27028337519602585;0.3729253914963647;0.8482897923639601
0.4516684630381559;0.3445327117252468;0.8378461078339132
0.31695810658146273;0.7406769787680236;0.8460366271868811
0.0031003785983303445;0.578116253492725;0.9345155030034816
0.27866729831690007;0.341096053005602;0.754113838101904
0.9262784737812849;0.5893606834756236;0.9708613301489865
0.4533572384539779;0.1531053924917397;0.9607716984619828
0.6964355452198672;0.8681152910522826;0.04384329186716718
0.4450108812638718;0.6398880331572585;0.9309952170499008
0.6607751248863468;0.8415840711595237;0.6756518404632156
0.18395976510030265;0.8622347757176401;0.4691362683288881
0.9052528675264563;0.39008196927350114;0.20125932827598692
0.8241851561953627;0.5862658671758273;0.4306696063499996
0.7193758851322652;0.4143337944189265;0.08826330405397009
0.5339717763795718;0.004635519837838609;0.4509920360920576
0.9336141942739846;0.358049570383527;0.5777848345591564
0.5078847757701637;0.14120573728773045;0.6888650362639209
0.7807435362481526;0.4391590837007582;0.7263991079926114
0.20313572022364867;0.8412416632638298;0.5087513038616305
0.41650146895611073;0.49474815352807544;0.3668545315286237
0.8991069433791445;0.3065896782520853;0.6689587901864137
0.39748728758072027;0.6044227386263499;0.8703110071285155
0.49882961852690155;0.6135827734835396;0.998769584580077
0.2554498959027526;0.31867449227666544;0.6535065380384846
0.43371361026697486;0.6195107869877712;0.16461167276481203
0.48675525066639025;0.5939977686023394;0.2301334805770998
0.5676705162902981;0.2740617415259188;0.3617266980493139
0.4337686244556934;0.03442154998011826;0.15592463896477116
0.978189357993359;0.8822197697589239;0.7479952767734829
0.46937594402894023;0.9408954062257715;0.9020818401301975
0.9820206576903551;0.5325017297268163;0.1917155358413195
0.8952315534136691;0.6255891429632892;0.34657721380345563
0.2823264927961907;0.5448073018953163;0.607372381927295
0.9396050388438737;0.3849518270585379;0.08332304347105624
0.35609735858752967;0.8548560858375619;0.16708247676817778
0.9193471537472688;0.4333156070178743;0.9583643035240144
0.2733086317016191;0.7351381943443607;0.8154134917661384
0.15616265287722086;0.35253038579439044;0.31620463221330464
0.5380430626140679;0.48758229169503553;0.8909027706530994
0.04537400396095337;0.17081952480057838;0.476553987765052
0.80384239873142;0.4250639459338844;0.4582566233265297
0.6882936773927543;0.741437627616454;0.5321964427695192
0.055832277354454285;0.6545503056809211;0.7631704880654153
0.6309310041864677;0.8233688428498402;0.9375216632421159
0.9925051178484783;0.7762905174184321;0.72698976892074
0.4387609160870781;0.3558550474342492;0.3546644422672234
0.9099340718185414;0.5015949665769945;0.8921984324839407
0.8551802836825926;0.3323952099306059;0.9439029926989189
0.4584902172794768;0.34805590203608583;0.33867405198481126
0.1341766673177105;0.9575786670398774;0.7749024673921041
0.6029504704353423;0.8980636150132756;0.60727434001686
0.7748248827440319;0.401785497189765;0.04653190184826084
0.42206894548886487;0.46562320042020033;0.27952484278549583
0.1667444798150679;0.11738205376557598;0.41621415076249335
0.12916085545967393;0.08794908838756155;0.9027769811325895
0.9052487603574414;0.7592548487019958;0.0551655390243595
0.46611860765151647;0.08007101209328016;0.583639964051828
0.8139935432013079;0.18105208633904235;0.2396700080813976
0.7521756310619222;0.6687562120033551;0.19501247486178375
0.8582431726230222;0.7413178351998212;0.039133336551467224
0.1808227972055365;0.12897327623317945;0.1957669157408184
0.9504790810093339;0.46423801385961805;0.6975026281107558
0.9938617892652436;0.9655219672388246;0.353848723588168
0.03760764229184255;0.8155775218192097;0.3665077781121696
0.016768935428935206;0.41694689262854756;0.7867928022528194
0.8991880681073446;0.31347160888453973;0.4171716864849364
0.6262266723036437;0.07034098260126498;0.8780545177772554
0.5215450261542413;0.9293534930207767;0.2563286227747341
0.286278136590017;0.04817547615672302;0.7411341912850575
0.3676492303902459;0.9057401584429419;0.9485894842980511
0.4961840334982448;0.2742888115012113;0.11250186381680816
0.23412247245920448;0.6519281553895709;0.9153088248610295
0.38557241966662104;0.8491605416472524;0.6963522863658631
0.546962351488597;0.7464194956866206;0.07465133573778893
0.6607570480236056;0.8650546003777093;0.8382820520282123
0.9784370547193966;0.18846101234137957;0.5941382626221581
0.23719398162576988;0.9114287823152187;0.23304093588375518
0.9520385978139321;0.48495372304091267;0.15603632121852895
0.16162659471489715;0.22325645400108474;0.007450873701819405
0.7464642655427586;0.6227863563146496;0.3010170142817238
0.4570218536290497;0.8718499802127818;0.06553864363009465
0.11409193024171793;0.2111572096091885;0.5722640882616079
0.9592959234695444;0.7872707125892643;0.28322012640024297
0.26784078259976574;0.9316290394838105;0.643134831272345
0.6771614543559836;0.23299451702278118;0.4165450464442655
0.35075167167797905;0.24569656926772687;0.07179716910054779
0.40352028231225057;0.64318566469015;0.27308373574884115
0.27109981066821465;0.916349166716561;0.6066821979566044
0.9300917284438694;0.5248553163140905;0.07544499471116561
0.5902530280423852;0.7772303208917515;0.4690190746486741
0.591204665655509;0.9106930017630377;0.08304798237577449
0.3639257843978132;0.5678358504283507;0.887020412805968
0.14257825821615877;0.9640872661804991;0.8410966509500625
0.7320631447358114;0.5794522536794584;0.6586777838530776
0.8864938716087967;0.4581099857094675;0.9070419945972918
0.7980562509184056;0.15074037435406717;0.12305167999698041
0.5288209239880208;0.5131206916974648;0.4375164834591998
0.7860034478192323;0.47626639855488073;0.6833910070419857
0.8617137463654487;0.35479911024883515;0.43212560552594914
0.45268295264000225;0.5336447771980157;0.6461090872346726
0.7298828558989989;0.3997161289858697;0.6882278596990072
0.6943004219732937;0.7707466474664026;0.7572352536905875
0.8953523948581035;0.10106409862332544;0.989452551174035
0.027448498490092565;0.25950634525649474;0.49752126019707343
0.9322880790637186;0.7708481145589636;0.6704995579228578
0.5264214510785817;0.7786280206510484;0.7363275286008423
0.26679728539402936;0.768689934844311;0.31822688343019956
0.09251574873899016;0.01737606817056392;0.39522370560378106
0.29266833678791027;0.30593638224946607;0.05105816257895923
0.1559152770492942;0.40479107424615746;0.3973980079233782
0.20429286121760992;0.19993505995726402;0.6506646578962795
0.6918059903223099;0.363582550227055;0.24163827444648633
0.6577012199919089;0.9209976716616087;0.6659623666538981
0.009242562846426217;0.47798788666589476;0.9739973198309149
0.2757990167091515;0.20570994536068876;0.7242319423637694
0.02245895215690652;0.3878889992772111;0.6673769627466728
0.9653037017389626;0.9061443219511902;0.3293970749865768
0.44959521772473354;0.19040623684212576;0.5665537367758767
0.5503331042497261;0.08809507672330841;0.6670893740807757
0.4112533429746347;0.1784905341765921;0.8063523939676849
0.18523011799169953;0.6338626772580932;0.06693917297693242
0.8942172942438752;0.7164150527455598;0.8846576333316868
0.4696522945097884;0.6397183639154048;0.8833815459595664
0.16546698631558288;0.478027271091754;0.16865689624717228
0.056013748220685944;0.5549427665632327;0.03430202220586187
0.8540113305526009;0.3528270286434254;0.8775504376239505
0.4691242172784439;0.9273421340900636;0.39041680540329626
0.31801759044809697;0.6675302252223283;0.8185511572863348
0.5798748917972433;0.4433427545270754;0.5473979886287648
0.8287177738142889;0.2843470546725283;0.19008118068353386
0.9920501010878787;0.9294217417451011;0.44206186316069185
0.5803530693792094;0.20059018741293055;0.9036944688073077
0.8028594148721186;0.369020345630251;0.16626284650369205
0.9750179457208736;0.5687450611445732;0.5687371839000115
0.9362504728661377;0.49993905117694515;0.20227553796023878
0.9736719512617513;0.8554876852807505;0.5486749373948113
0.7152732611785471;0.9022253976452096;0.9975581837172843
0.5647251242058597;0.5978664759476561;0.7499504383781563
0.07715755925591039;0.5776761910056409;0.738122834396246
0.6361918090918253;0.33454167472710716;0.1861392297796569
0.4766831908744904;0.550510231840193;0.7792590148570441
0.042584522877823106;0.47429309992279345;0.39081234333185133
0.6486819503915836;0.41382058877065653;0.5713134948691583
0.2870227181132686;0.5654014284117679;0.10145029719291943
0.5636898788629289;0.7969767025678173;0.2664517644601001
0.6366508463167471;0.8444254063685681;0.6110244572983757
0.7607166475787156;0.11543321718051835;0.40934119412056
0.7404887411500716;0.4096579354119203;0.8348419278026252
0.06970651986539289;0.6477830359110692;0.8479350135808428
0.7568036716272551;0.6753725054771844;0.4614639462582113
0.02561804895397013;0.7298700038070168;0.6950679546294054
0.21498287959477314;0.9252597503418759;0.07360316126946687
0.17929332137648302;0.020349092552354064;0.6103763648505661
0.835823574284768;0.8097721553586287;0.02491050660291616
0.8988757519702354;0.6734285405513609;0.6278125630675799
0.1236646288508022;0.17163097580624476;0.5012866805327596
0.8775556214072816;0.41792534085078525;0.9588291179485393
0.537496088054523;0.29114244520296095;0.6612037776693583
0.008537792329695426;0.14675452582135562;0.44958802669017517
0.5766873884342296;0.0009659583448555775;0.452906593699534
0.4247527788897967;0.9102211039986623;0.4608454615966282
0.6739532804560462;0.15809303785641726;0.10245752896261984
0.5498357422337652;0.3829942340866974;0.09649905068180709
0.925420639002649;0.5237380746303085;0.7473769147044018
0.6662678027864065;0.2652481979563639;0.6997028511965225
0.1778553403965658;0.6747331572123002;0.08540845808573616
0.6442161329800405;0.7318283344132447;0.6923135994205696
0.9153331664809036;0.9057429301844799;0.46455631727111335
0.9052144080363663;0.3761622796736577;0.9803552653971577
0.7752731978866838;0.30118956910646155;0.7271640662210214
0.19249962573162038;0.7269279864172209;0.9754709077124135
0.8545690301237716;0.5193550957704526;0.7453452205585126
0.8000617935633917;0.995102732504477;0.020191784092032816
0.013896275162891603;0.2694468070738236;0.829793555753034
0.5811518856223379;0.8481849722094464;0.07401697682736452
0.5892082612521646;0.7829158662983186;0.3922845504897198
0.12609517250605595;0.6730976008062232;0.9845913316620881
0.4645230747080289;0.760788693322105;0.6372021321120623
0.16671276540442648;0.19092303699215807;0.0008833067759299595
0.357499553851956;0.03202308140172594;0.8543376214806904
0.883700513176018;0.6798701106686069;0.29279060612960306
0.138441689344188;0.09619789660887401;0.4279199468144075
0.9152390264565028;0.6734169046170362;0.41612770484912265
0.018172668054257102;0.7584867022586341;0.2579181522469781
0.4158864977290737;0.7578150965154611;0.27961284878009607
0.4020556295070157;0.38398548359830276;0.2415728908210918
0.6105803016932156;0.7009830057079952;0.18426503129287508
0.16506308095374844;0.890795814419363;0.8290185890830543
0.36728138535730415;0.21544687742963164;0.065928690258649
0.24056372602737208;0.295232691837891;0.5594841719814471
0.2533355129094308;0.07347639977460851;0.3490012240350284
0.9544435017587293;0.44575564550367475;0.8003610767929821
0.9777755311105786;0.6481781252806206;0.13844260129829977
0.7116324714949324;0.460630148595514;0.07659606677755482
0.44206643627487263;0.8614495475643916;0.832944097588627
0.9238070047358331;0.08525561724844144;0.16938674038032775
0.46399044507007203;0.8770566230688825;0.7829585343886701
0.3473161727455374;0.6944086347206656;0.6498273152456862
0.1120495396987008;0.6616939532046373;0.3657849984872349
0.80417831102482;0.9981577297917247;0.9655668671781618
0.037091499769977276;0.9981195270236785;0.8131128810479394
0.20841212836546796;0.720463083127217;0.22481698210733736
0.8431915639414215;0.39075384259695667;0.1754871594453088
0.993640949633978;0.8380108502993804;0.7525518983994066
0.41026666028823344;0.0380055008308946;0.5024242756607494
0.6444649055957001;0.02084086905296556;0.7563521214437376
0.9186807228300833;0.18223598581733025;0.546849993988744
0.7968807357054557;0.5286383806728006;0.02372484151796972
0.4035157611047252;0.48810310416060587;0.38506430006676207
0.14882919024115893;0.2214120457690577;0.4274848775091096
0.44286011962382155;0.9085134455846967;0.8889551974078196
0.02620022473767125;0.17395848235015554;0.7072991479477474
0.47905863009508654;0.09236005364334321;0.05808283856516627
0.5732010066668409;0.19364142148191332;0.6323153108624734
0.1912426444664319;0.9317559840976477;0.47540869038030376
0.03946502386244266;0.3508156727580517;0.239691182521777
0.15244528014363345;0.11359828846733733;0.7784350708804941
0.6158278430576785;0.2646169902404504;0.4541718463454404
0.19838959688114388;0.6390550723147531;0.025791162214717
0.07912571454320383;0.5730307107008805;0.5092902497887475
0.15683246314397414;0.22743820475693333;0.8564123282674817
0.017629318480094525;0.2533223382259614;0.7965362503669164
0.3508212501909478;0.2342119953238443;0.46476143549798177
0.7051540009341135;0.09963969308722587;0.141372251241072
0.8359539406090645;0.48655584512009054;0.20542411183481935
0.004481775533325072;0.7935364343726521;0.4253824471344332
0.4905778003970558;0.7633756309740504;0.9481066541201164
0.8599507358765897;0.1646652136491208;0.07375812641972135
0.3972767438882846;0.1339948475398408;0.05561984484059268
0.10754170937106211;0.7618797934159605;0.0766611730135559
0.1084065577629173;0.6525508346214453;0.14047458388395728
0.7924387130771333;0.22291774819531185;0.50288791766645
0.23823524803061702;0.24593532171155186;0.5964271360579646
0.2777105233972905;0.5103067152607487;0.20958668165190342
0.9078999109795773;0.0629538021781606;0.824021312496138
0.9130872420666832;0.5167226351828044;0.012126029200059896
0.2885572549201524;0.7255202781008866;0.8340757577927687
0.433131693360008;0.16908444659768895;0.21058765788749179
0.6126370748486238;0.12726550273395332;0.7656424005108224
0.24399423951110188;0.033014423410292926;0.09136585475553627
0.35635795640735024;0.49574192572773224;0.384426249253338
0.1704857094072898;0.9088375818324551;0.8583729978026999
0.003017464794512148;0.6987731520597127;0.45942626117695684
0.31268493641285766;0.9909374190307664;0.08479262707581758
0.49042883528784265;0.7149794796202779;0.6023043685949433
0.0456863458696507;0.45847629470109197;0.9654559665559681
0.7572885886698731;0.6779168944582487;0.5082157865666952
0.49342976859256626;0.41893937793946545;0.12862582802048572
0.10108951025600699;0.5967244614583784;0.7050028909350136
0.26470635245731633;0.8508802088733451;0.616661599659346
0.9493562837439004;0.625365217171365;0.23479484069516743
0.10216203856665773;0.9239109458957625;0.6546603709288109
0.8781729504148645;0.8493951175120722;0.7241347144836927
0.6954856102741892;0.26265092761895803;0.559983324047697
0.6166394739935077;0.4039725125652385;0.8604125546192007
0.9784988980189399;0.3894666269533872;0.3748274822009825
0.19228839751201976;0.28356325088833223;0.9931111605241926
0.6275591575898521;0.2985027974637;0.3797609025936023
0.7168859876323094;0.7616761974210486;0.8433254672108994
0.8659390200524711;0.2215930402562768;0.8373605420725602
0.8062285181591421;0.22483477883242464;0.48051675516613124
0.8224456940671829;0.9617514366933111;0.10830251826815496
0.7631332891969239;0.5928507574769769;0.27156871064874366
0.8060278863977884;0.07271409660139783;0.8403843414101972
0.815643592814988;0.05548720386630002;0.2293309395851566
0.4555628455768155;0.9206062703647628;0.27088854628003656
0.4500917550460195;0.3235663220975378;0.6169401370890524
0.020528613194287226;0.6608133347622153;0.4367803033234352
0.6424079022331282;0.6606360588227268;0.9598875308841632
0.10803687711273824;0.6733224680521614;0.44864877224032873
0.9594791894745627;0.4514202883031222;0.21549225648918446
0.30194436833635097;0.20189953714898257;0.4963526162067412
0.14338142436597734;0.852773686078909;0.4782866653588578
0.3684318489310032;0.19993695582057247;0.2322940027352729
0.7000219737045869;0.09813311670949687;0.12700917140107615
0.3035581960749304;0.4232208270980967;0.138820326936146
0.7624793820259506;0.4229495190215551;0.05733017589421152
0.33727731118536997;0.08315862623376946;0.42861079865201324
0.946531414463993;0.676871285889838;0.6833400720483169
0.24415560659509628;0.5844473643113945;0.4749544742067424
0.12814799214358719;0.3704796059993455;0.3589157065609223
0.10286742579538688;0.09034645441326361;0.7637473944723338
0.49715095616950555;0.08168591246371204;0.275405340714063
0.052148748181571;0.24574803702422188;0.9622311038825122
0.5616984175103449;0.8961576340381235;0.1480071600432301
0.45069522132060713;0.9716402729144118;0.1780214458303362
0.3722104014450667;0.28813393557395983;0.07242685847551023
0.39627304630105453;0.6384668994053145;0.6784919403670235
0.9822982728744253;0.5685981479137948;0.9587636277766041
0.8804106202422024;0.5930680904542126;0.2624368092201931
0.5621210006896354;0.7937024723910655;0.4334625340131575
0.2825633498733239;0.44849665800169236;0.3143215911320455
0.8101740471262032;0.81980437367474;0.45444077616220935
0.8483992173772734;0.10002574413067977;0.8275957503901287
0.07197283957902045;0.9870375741273116;0.9070720327053025
0.8769620362985269;0.834621340498605;0.8179589960434287
0.15662093143453493;0.5463004784786532;0.15186194843751055
0.2932024670917972;0.777395349417315;0.5617499357828865
0.5672645141444526;0.09589242025503031;0.09658186751428965
0.4361307664913878;0.047620351272291916;0.6036873523249047
0.7322352233455467;0.8028957968636242;0.16277533629519925
0.6395081766804187;0.2549415271394;0.9687682130612159
0.15723518032550554;0.811778895346456;0.4136784880470926
0.9832610266936914;0.1717318775482093;0.4278158769853353
0.40057087553396054;0.6037213934303185;0.9849510708562041
0.3313991602898324;0.23752123590935548;0.46230404199243536
0.8384031779123193;0.6840163199468036;0.9980670290052146
0.9968707541491755;0.7148442275344805;0.6681973594582058
0.46993977032897927;0.06754574948650671;0.4508348644289628
0.5757001330424277;0.2923619641196443;0.1437553905712018
0.17501303953547998;0.8059154238859311;0.5590966320817363
0.1829231254121393;0.47012376575735726;0.144304388241969
0.09612325669111077;0.9574702261805599;0.3731852411727766
0.7829075671151867;0.07566421563601344;0.22358760769973607
0.6119298212074009;0.9155002274127559;0.0019945820047003737
0.2638283409801895;0.814329312990031;0.9789881025935767
0.11133703835984854;0.6648557035613882;0.6161889461137923
0.8227774358939516;0.4398728333861738;0.9338349823194104
0.023404129012750685;0.2570281623700187;0.7137561138553994
0.7301633885888937;0.21736125595959555;0.03905046963698067
0.7542924265604761;0.8642870870810482;0.2578842410901615
0.8229342303204095;0.11048300832163804;0.41164224201781474
0.10282600109113071;0.2808500926970551;0.24742531453238326
0.0038015442269668798;0.7998334198148022;0.0918621106496974
0.8006400007687084;0.40559710326946885;0.6429575379906014
0.8071832941153495;0.7991164323754759;0.1359307305443621
0.42835646824224527;0.18458944411296074;0.7361301047697489
0.8098531187094433;0.7678337343361152;0.3511128396250295
0.6818771446162275;0.0004565235995291905;0.30882523748785795
0.8356099478162339;0.8718030798883782;0.24126352811390883
0.7674817316034974;0.6165000138102283;0.9903860442674689
0.7598270698818629;0.32177696156981006;0.40172887298546855
0.40902260421864467;0.24742030095136036;0.8892774102358428
0.03068703860112365;0.2204671084928942;0.6482348565681633
0.16630361704345897;0.7886960449387158;0.5915914355007772
0.41663157011709007;0.6317439417851869;0.7330102242465538
0.9376337631447136;0.840146581862516;0.4105270867026187
0.5695904358867843;0.3032746253974472;0.8069270885575938
0.7330002745392239;0.235067453180406;0.6028039996379355
0.8538723901243405;0.9851003461309423;0.2558735582578797
0.30690721663978116;0.4289433706073601;0.7429445729249142
0.915150420795368;0.9356990020478847;0.11763623598226203
0.11913541928452376;0.5210304317012477;0.04269303524789192
0.4175739317514441;0.49606159823529683;0.83614380667262
0.34073385580850835;0.725521570846778;0.21233272101429046
0.5595697891094404;0.06612447348509254;0.6024975453667633
0.9616780511191738;0.2645671178583272;0.7259921138928477
0.1914293669938355;0.41220514769415606;0.4145476231369294
0.3672033165529599;0.3554314212646573;0.8520133497535763
0.26343631330264916;0.7218688370720401;0.2932448638550441
0.8259687822208497;0.16047307742453554;0.04243773267125228
0.3456108500179801;0.07384526043446216;0.5892062585457867
0.9811540115415306;0.22678978630802415;0.6850289381716502
0.9673313397082584;0.13539431351735887;0.3979572662267854
0.4452865329740602;0.3593229772718045;0.4959836169717565
0.17278155884971125;0.6325414243126899;0.5781959136407259
0.8741298264390148;0.3667592446022597;0.39660152534262494
0.046137263157006725;0.21820376223790927;0.3788243982642516
0.320147433840022;0.5727147656106694;0.7189744872672614
0.6747936456607856;0.9383767409142242;0.6058643840179428
0.8424018856016541;0.4416307431893586;0.9420747021559407
0.8785244034210721;0.4770418406888587;0.9934641639039823
0.6911568792083362;0.5198469464790919;0.3183347436798236
0.4847780816070457;0.8176218785715399;0.7021353485873045
0.0019081149367164985;0.41210719733509715;0.4285231546199185
0.35503994032574415;0.6503259600247504;0.6588485297245268
0.41650571154779326;0.17683407766324888;0.32622873000631303
0.5396398052791745;0.45179932900169173;0.17458367997203317
0.4301720415328859;0.41779499686611565;0.18623076003533479
0.0126787788633127;0.3092464139985941;0.32539376371207895
0.9395943014998881;0.9473590089852053;0.9592326249629839
0.21402706322875553;0.9327325059276494;0.8978546069199832
0.8195350991815011;0.21851128000587394;0.019668164898947404
0.575617774760314;0.8693402810618778;0.37298623488979954
0.5801630720992934;0.36963320872252103;0.9477562030255555
0.43847179037782547;0.37007760955947877;0.8072711386784344
0.8795596941102732;0.8069936024697769;0.8876509443395916
0.7952881684766815;0.9260546418307778;0.8952419064067269
0.4718542206274595;0.6250757029575112;0.2129681943689966
0.3223548216319534;0.5676126650342597;0.21729653197383636
0.35485480018628424;0.6907312188252435;0.18922659749190673
0.5493480513533078;0.4899751755636761;0.5909119415491715
0.17862593560101137;0.8082652997302253;0.028496066723918467
0.3688986033186328;0.7851486256319843;0.3281708543652978
0.9721948043753753;0.049002305027259885;0.5256944716446752
0.08457074114710472;0.31018873221203525;0.05946505807242797
0.1826223288114197;0.8363698686123064;0.9198214813549197
0.30011569765065493;0.8157690831110682;0.06018186803319425
0.44303546407261873;0.31968831042485224;0.07685739449731532
0.8231625228440853;0.3402498102510798;0.562728021444156
0.9583620530522675;0.2213195288089992;0.24541685372454836
0.2634896883862613;0.8714982634813041;0.9678781619605211
0.3301138069935008;0.34595501790198524;0.06763742055424449
0.9665341300048581;0.9105670951147035;0.9456827409832759
0.6933063050809856;0.935306968185802;0.3039801246842144
0.09719423997420717;0.7583300757917963;0.995614337065327
0.5845298895515799;0.7149182062927066;0.17628271927732742
0.6546048589766953;0.15413485057005283;0.5350118722893259
0.9746017339312907;0.18246948187967782;0.4430221779908782
0.41356279086468917;0.9939900602517366;0.8488333610713522
0.3440055273458845;0.04232134541392485;0.15910428542345856
0.7614761175972495;0.9954573699362813;0.4323976995506914
0.39970340961060036;0.25602093174219664;0.3659483882180864
0.2147821034490337;0.4049757126594635;0.6875655423190034
0.36074983956293827;0.2496996101545257;0.9542449919685759
0.3645121045032802;0.46259210526483885;0.3240294681958612
0.30523138422688656;0.8382589240549201;0.7293089896800556
0.49156458888826804;0.018191123024803746;0.8071120522007258
0.43472027607429253;0.6731828381673506;0.2672509923453116
0.5842649625529246;0.893085642914736;0.9390983518348865
0.8664969813707589;0.8481018777857547;0.5807787645170363
0.1507473497449192;0.23599069069698864;0.6689720545490672
0.7122338484272654;0.025489606885853;0.20374979010256733
0.2546557762277524;0.9028674251179739;0.43309740513394934
0.6218921299891995;0.5787137535033896;0.9896643448569806
0.23262446916756585;0.5146667309954641;0.47317966157726
0.2993121745620565;0.8742166084091794;0.8828454199616677
0.21843893648512236;0.28376440020194804;0.8107340653275409
0.08815625776340275;0.17473678076838473;0.9510273953081096
0.08246036957577652;0.570143025700607;0.5034714151986742
0.5884236091596715;0.47239412217264243;0.2686365660298432
0.8421325257041893;0.49726302082333507;0.4585896575578865
0.17028916752760237;0.3072267872630834;0.45171165295988736
0.7791321118434663;0.9491722873819408;0.5624284351552051
0.6810776203644001;0.3749771315518057;0.8511711674975855
0.11594741044548262;0.43558430207880294;0.5412605802224955
0.7970218949068852;0.524422649579876;0.24882142144825237
0.3418695914255342;0.7912111728143764;0.9595472804374143
0.4725629917714228;0.415012609364236;0.6247988888541772
0.12378845982490783;0.019701787001472293;0.400173913894426
0.8382206404101314;0.5305993255244497;0.09974726754116714
0.19003204801070173;0.3382255791210098;0.43457833590671435
0.12145004740376197;0.9111929735169295;0.5295815517339867
0.20046225873992007;0.21450072483566696;0.7460555609601923
0.4361225621301642;0.0230044237086231;0.6850111763152278
0.2910084453518742;0.7525178163580316;0.8546002892755106
0.9321762807659374;0.6614077331973286;0.3341282169804771
0.43356325112719496;0.8428559288304207;0.9620682282588019
0.2539584869650512;0.6703200029749696;0.46604124983997997
0.5779989708415383;0.8154067790387937;0.0679390689677255
0.5548336235492689;0.3369932603771505;0.7528041835706804
0.7393803517636672;0.5655062682887196;0.6653006340534786
0.7227573808188498;0.4625687731591176;0.081083364806815
0.8336798117694856;0.991455751696605;0.09597336078588192
0.9849593125997315;0.5199246207500788;0.9440574172947863
0.12842947117232006;0.24320246102624354;0.8729919186838068
0.35899726454615055;0.5319422488985809;0.2050736746186299
0.7146559100490446;0.7011666295554195;0.7996218730254808
0.9119156008307421;0.2984027131687692;0.28414899060869925
0.6029850490338909;0.1553893985236542;0.17115548446727713
0.8213321676634843;0.6444446438719783;0.08918335714923542
0.1710189473832665;0.6133862193103023;0.8491689520614972
0.23057452992351313;0.5077241339833728;0.3282350389439729
0.2587806735026088;0.7911164887139691;0.11393363972652037
0.6050842293159648;0.4054416321986577;0.3604665926564996
0.5667596496108948;0.8603929583532354;0.5374749227624122
0.3052840224683382;0.5049867904938397;0.8589019421366475
0.35318153038609945;0.2599377135337688;0.9471666632182517
0.252562271540582;0.17210202470443003;0.2235672290031927
0.6902254724162323;0.3638673251386274;0.40438473136612485
0.6887581654348688;0.013232518294185702;0.2073741379400792
0.9781301355780953;0.5787389857450663;0.8726334309626895
0.8109571729830427;0.9789319395311114;0.31581547411308997
0.5429641722102369;0.9106566030012276;0.9240625226251562
0.46972880165391084;0.11237468238631165;0.8995883869861514
0.08251390211708665;0.09538416404287264;0.4430648239486965
0.770287336148469;0.2977819094787778;0.4511152715213964
0.8663116426363321;0.6115738630783677;0.8951190011951956
0.5586131878677908;0.4522281794138683;0.73224940876358
0.28187628937131626;0.04790909869208548;0.9283661801068047
0.12753186321523713;0.3528714513345049;0.9388538453563103
0.595541298097461;0.042604758996301006;0.2918427146037733
0.011898757355300327;0.18042485503774286;0.08893541356612333
0.5432991977656253;0.2958794707975394;0.6138897509809547
0.7021667184694599;0.07721132791347463;0.9755311495019574
0.4399155367959625;0.9773489649934933;0.5023229023332167
0.8827162929855382;0.30294803072095133;0.030520289254607036
0.9962300121618561;0.6060500666657168;0.4019337460901595
0.007726435636493778;0.23826461092414675;0.7433902959770055
0.5092497239678204;0.9181281408222147;0.17682856870874852
0.09219519163566303;0.05726893433224045;0.745473869400529
0.49173715389068573;0.11651187267360708;0.8735345077401507
0.4637085498613571;0.6972058020428549;0.17848737362932876
0.5692903506348064;0.35954244564485216;0.683644101580471
0.977087471585661;0.7399931873743987;0.4844815506527451
0.9110828143615296;0.07938004328559889;0.05053560656433964
0.2886022435208393;0.8993974518205635;0.39804911857922465
0.26246215882687474;0.3189288596802847;0.18148438167554604
0.6169468635982467;0.6112585850485567;0.3678883638123125
0.049564508682409913;0.513781559625186;0.14871440516773138
0.09469578604817463;0.7357147276188764;0.3753529858727618
0.31420957141840433;0.5924383584245648;0.5752503733100565
0.1950330038545045;0.9077881552184097;0.3197616423733348
0.29731394653053367;0.5880682551013546;0.9343007349542222
0.7153395045819904;0.7935964029422771;0.5860849403464161
0.9955493301501555;0.6079474452918034;0.007590335214756716
0.37312590507432797;0.7143525083982245;0.8884253911887651
0.5892308770190485;0.27349687105091425;0.6548650993698175
0.4426723913760269;0.7802157077097657;0.3757369588158195
0.36559158840721284;0.38205244832351726;0.8174083496034684
0.45416555496548117;0.41587059620190703;0.808169944418038
0.014032527892442914;0.7464494538502638;0.7675181417820279
0.31173941363075974;0.8595589102952402;0.2153159163906304
0.4919288026816303;0.07831031967281121;0.12084043779834153
0.04234474915626074;0.47672129960220877;0.20467767233891498
0.29090879524629953;0.6715978240558192;0.8731791747106312
0.46326310623149525;0.19334409051246904;0.5112086001586064
0.12931943125725942;0.24870104423089046;0.7049540654169272
0.6921578072673756;0.8751540938732727;0.1509182586376523
0.7036630717144545;0.6114033430220782;0.6896467748299233
0.9020925716198128;0.5721220618290278;0.6981592415297918
0.3802842342034346;0.8312000706197965;0.317444983799432
0.961511600447821;0.2742013065659369;0.9216850524106065
0.3535312816457511;0.39683309066277506;0.6116249294205125
0.5887260184839873;0.8929956487862986;0.1071954156217193
0.7499676752273104;0.4137165318379531;0.6137187912761448
0.1776172165840163;0.8340170726353108;0.32507304132585524
0.3276625199905071;0.37682455373344403;0.4678532531853957
0.47558099672395293;0.5366209817468032;0.9583755417525176
0.560066519033375;0.09929962392532266;0.5460278939951209
0.46701619841721764;0.35772794291910515;0.10734463850112563
0.24436186631163126;0.95876282251506;0.18927663164997977
0.12248876040102841;0.9287254920021036;0.5809665329692643
0.33092412160929274;0.33002907989464403;0.86662220503291
0.24878121822820187;0.07640959998945973;0.5844780014810432
0.7340439358827017;0.07743293186401734;0.7150451889767734
0.43782453928733467;0.4792752650658828;0.7883706618114321
0.5212174367597311;0.7679664176998059;0.7514584095515672
0.8298966620414903;0.1265794588490472;0.7896452421264075
0.9578045327193867;0.6377821432934956;0.6877742968141727
0.045325447029192056;0.36130296666431416;0.9766445752069922
0.21567107501242244;0.6018174079505179;0.26348447171437095
0.24230460086561;0.6658221786884526;0.4418293127087918
0.9309479453059994;0.743923501811768;0.531046743865019
0.6185739976509196;0.2926889227010171;0.07116437717368018
0.24680032722119738;0.5190700653153965;0.36170070332055215
0.26764709262084707;0.6365406149174571;0.14295070634249807
0.5515959710644123;0.15007847603135738;0.09612951820923044
0.3960351715693595;0.5545401939402956;0.6874645438983824
0.2852986634357765;0.023976295496721423;0.843317705310833
0.3371264108843588;0.48510710319835515;0.508133162538978
0.924115950174343;0.25809498121643315;0.1554802316405347
0.171754722206649;0.23157488047643238;0.01125558076926203
0.022745060700611996;0.31342405185494704;0.25848488503795297
0.4809393183331703;0.625430532228469;0.8919153049158477
0.6356607225235695;0.0018597698347788683;0.14825535900684617
0.4427719236551747;0.5140068653757224;0.32334660637035895
0.4793869928314545;0.15238252874498448;0.6635544168206565
0.25423961387858607;0.05578672051479794;0.4347772462993107
0.2882377250608006;0.32262071781414936;0.3813497680771216
0.6944599330210424;0.10244996361650616;0.6228748891471197
0.6307209818989686;0.6768458768460913;0.994152005732841
0.10483899767880067;0.24948056434132426;0.9693116917534785
0.13031154388504218;0.2303075195692208;0.4130729307392629
0.016624784410708915;0.07571929301275149;0.9736253129082136
0.5340880746964275;0.028477228240000874;0.8240085296499684
0.7392760049113594;0.8418701939470826;0.2738203558776894
0.6453023356877026;0.6015535997620205;0.15567597540371048
0.625498721564383;0.5932840870404089;0.8821716038464239
0.4976009557073322;0.4802162308523762;0.8169686668046636
0.6187034517647927;0.3819568347850145;0.8290462689551953
0.6485623630225072;0.14909395299793682;0.33059757191649264
0.5100294231751307;0.798847882256849;0.6387002444735939
0.47953485958486686;0.05349725921143389;0.3238217736582524
0.46910058624374806;0.2421425678305813;0.010745052783371012
0.6802578293491953;0.5941999786381352;0.7560204149063211
0.7816858011489969;0.8947708134107389;0.05693163109012411
0.3901238883267122;0.9513960504375301;0.23662997890219584
0.1427543597787626;0.4567462193712508;0.6258825653991139
0.2792405666629063;0.11750917238293712;0.3217162388145406
0.6208133633593899;0.6480695113499751;0.7674230673351083
0.39297864195411714;0.16207009149961227;0.35064641741007907
0.6529178970550447;0.053921175742777216;0.027104856160433122
0.8642750154739343;0.34489204491215575;0.17378588752922786
0.719647687245094;0.2665857501174844;0.254005887746206
0.8407984279806642;0.07647619450688548;0.4404070420618571
0.1419807496973884;0.8679316449859111;0.16863822138645357
0.764857487244008;0.12687187281504486;0.05509442902023021
0.05791450394238551;0.02068908519754087;0.5424599329454285
0.46173213764795384;0.1815544339324513;0.8233028986011566
0.11167755422160774;0.6255927511634151;0.9823097246268504
0.08631513578373695;0.6980355787233745;0.2974627071294932
0.45556572424277075;0.4324062880780394;0.803585972200459
0.7301389837768011;0.564300625438546;0.794355908933535
0.1325371538170691;0.15990622705774382;0.9257064885319415
0.17761117421116746;0.8953751571098622;0.5199480270146591
0.5679964018659273;0.13431074940308474;0.9707161141519429
0.23822690312149886;0.7833305377858785;0.019580911797034806
0.33811936670551723;0.7359553021784939;0.5632955171170192
0.21445904664670024;0.27943570320951117;0.7224141391938549
0.20892991296801355;0.21598196749709975;0.4004861127570615
0.18573589238623434;0.2012794379465539;0.5214511868940773
0.30455104570423297;0.20409908019210854;0.7097070753507787
0.3482120530439887;0.18356251574368865;0.15969439299404775
0.7731701561763598;0.5605029503138249;0.4379570382409198
0.8240180934693442;0.139644817008155;0.5649013310184559
0.45168020452892743;0.13332790359983315;0.28956339977194023
0.764409005492909;0.8492962242992477;0.32406859494386464
0.9206728083512808;0.692466896756582;0.5715793996370652
0.5066037694524202;0.3866715933251388;0.11500829566805904
0.10104359955961106;0.5729928842810351;0.6460325026496492
0.4675111977390375;0.40016648075450834;0.3784599281457771
0.027806341882183117;0.8970115248601865;0.7195391082329762
0.6370322253334789;0.09808146197704826;0.380624195359076
0.4383949549516889;0.18749484221635182;0.6339259663652487
0.25612697954406605;0.12117282980332111;0.4717660029088778
0.10262355789294098;0.8403715570637245;0.0482320712459382
0.7949318466225003;0.9362042482462374;0.068155009078669
0.8171271762724915;0.1466167517670639;0.1520261266954286
0.17354121480331486;0.770027792189731;0.1303187211037098
0.016056903841644488;0.004263391231947633;0.6160485016472788
0.9962475986255067;0.9676179629025824;0.04041304746020136
0.21491505274600964;0.4778516766462384;0.4320892217260729
0.2862434915613937;0.8316906191513473;0.4523122458000407
0.2265280824814231;0.28963293605654505;0.42606848410749387
0.9872082421327686;0.9348232142622318;0.8106414920523962
0.7574221214092203;0.9870255879205715;0.35923580751685835
0.17760576436563424;0.5018321992672906;0.30449164599716705
0.8097816459948294;0.37391806491486;0.4561627171741106
0.9793223070072752;0.3057401477994496;0.9981093220121009
0.1430098673102378;0.1786806083120882;0.10113331819971927
0.09514088233948215;0.5550149905110999;0.2675677018152727
0.477682546762751;0.13961680579245217;0.10662644665640086
0.882357717542295;0.8890826860201665;0.834328916184625
0.7496347423653856;0.8709981713541932;0.26807482501117175
0.42876671627453844;0.9237295162050166;0.6723204748869007
0.043458311658276516;0.7911880808603641;0.7766901033589184
0.29025788729682034;0.5218562109834599;0.12711386307976225
0.824660413572886;0.02565274516306959;0.005297960166424587
0.06667063677704799;0.8086251008400573;0.8097228946157365
0.42232606464290523;0.6198046549631152;0.41108010068329626
0.4021714121523704;0.38411843085376396;0.7500745698482162
0.07054296573935026;0.24626335801441135;0.5003759305146103
0.5527936694557957;0.6153574743742896;0.7977031911138143
0.82036652278268;0.6354227444292786;0.06776046515802481
0.5920586579755717;0.7301212608285472;0.6224386927162218
0.5415735063544116;0.7403340054108078;0.639695273861987
0.7744782150429111;0.9534735739123733;0.015874319514128765
0.627899196481187;0.8528333274707031;0.7510270566348648
0.856398652417072;0.3797384339057025;0.471133566285838
0.7033967992723302;0.9758709504680846;0.5355943964080172
0.03292800156340381;0.7797250244525237;0.3334701113585762
0.2221333580737459;0.8866630530664265;0.6424362503898582
0.3179130976841873;0.2764133768939253;0.24720929667362246
0.16511543450666888;0.39782532734136433;0.22801292229523318
0.6779819019699264;0.87334141518674;0.819649056063353
0.24953642907039975;0.3681244534535295;0.5008576341644926
0.46096718535562975;0.8357897009703528;0.4552912942585854
0.3697179590319718;0.6690445234422421;0.8258773545695521
0.9632977603329526;0.39541150702804995;0.20683296904616522
0.40499965621116807;0.04925423250306504;0.022394489707345477
0.9250687819882756;0.32651462031575473;0.7534820500650664
0.5187974298976834;0.1533353361386155;0.8163502083583164
0.06908893464123644;0.9684691553855659;0.14709700484779686
0.8828904874988988;0.8891123948757513;0.7445955850455354
0.6750260806710465;0.8127079426948337;0.013446028133408006
0.5123678975588714;0.7744870941257005;0.2995029860955054
0.7150846241525965;0.42515519477890606;0.5002695049674073
0.14481314195361328;0.12941058090043478;0.17815008523156461
0.7351063292773888;0.7236166598924043;0.4966828693986892
0.6542392249386925;0.7987572150344022;0.5955400373050976
0.14336933053273782;0.6971009885825937;0.5069711652504212
0.013937400593472149;0.8826091547323285;0.056423123824581145
0.625945367834747;0.9649675147890194;0.504113232080889
0.8968754767850483;0.8033000198945801;0.4516685384588631
0.7498886544773494;0.9365274194103601;0.523745189321395
0.33581121594394514;0.2586210104612505;0.38919936879634465
0.47167597444730813;0.990180492518492;0.3994074628793376
0.0276604239128021;0.025382372592244073;0.016663886625498336
0.5865670112648869;0.2640350696110674;0.19140920744006362
0.23742496588204232;0.2553214283023695;0.23598169219470977
0.24353734854505193;0.1486120881246571;0.1531605258074924
0.36063237312723084;0.18595161682769268;0.35060521663035427
0.49762427728774206;0.9663644577603752;0.07198973492583371
0.4838734678430624;0.8248870633609023;0.8206667103853514
0.05958009129248942;0.03772160418775283;0.4876505778620104
0.030080766091677758;0.15564209182777522;0.3056077387264148
0.7349788898470979;0.024245411010694773;0.07478602523800759
0.9455018159018774;0.8458001068740196;0.864346119031777
0.8981308044862296;0.6616662194341065;0.8033314550917644
0.838214894316194;0.1863764059696701;0.12530819269508275
0.7270761660009201;0.44710168888760393;0.7953601175786654
0.8030792926540317;0.42599451049012893;0.36163072548756836
0.7734557094280968;0.8555521315008432;0.7722638120280442
0.6315883770861342;0.915868315912747;0.2478729593916016
0.7201092818396561;0.4631175357857229;0.35907064907615904
0.2196355866650892;0.7036076926471422;0.04119457179567887
0.2686145091452373;0.6406220505649008;0.5424700139165176
0.005374037867606263;0.3875917530812153;0.6299965584629047
0.2493121914192612;0.30511115509432796;0.6957777524558081
0.016120841365916627;0.08249058992457603;0.7449062698006245
0.4639946462929152;0.7101053726350235;0.8117102676518163
0.18752068730918114;0.6331927357509674;0.0848944464047211
0.77032652819517;0.12094679445112255;0.4170621934780492
0.1143631547668067;0.44462110404305355;0.420297444963572
0.671513457057548;0.23077910204410435;0.12680195695435048
0.1229107790528271;0.0825184145639688;0.7387064817613703
0.9523381634992236;0.9198179719803874;0.838301779904614
0.8113506236012378;0.9943985772984948;0.7386202319596525
0.430410212063706;0.8662867926291051;0.8026456015555952
0.6291979241555208;0.252485565102614;0.2772224276018468
0.8200683291039844;0.39627961625155994;0.06709389287687884
0.790677857323861;0.048411273002943345;0.9242622811343437
0.762462853392101;0.5378523626099593;0.21021681403745252
0.14857214645433048;0.6239775905466769;0.3948920862494587
0.30177351767384886;0.516750185171239;0.040557289078722136
0.2940390252494741;0.5863796880269817;0.7231908864607991
0.5964996838915464;0.1988285121425979;0.7921278880611934
0.19161334532627872;0.06343190648146813;0.6927843830067089
0.4385898072537754;0.8917700683997076;0.9604920491357378
0.4745279480857525;0.4389889256404763;0.26425697338430865
0.36875964091136737;0.7779882704194369;0.4573421681369506
0.6943900770761439;0.5193748041151919;0.1223509026886429
0.6393766542659035;0.9455694284209452;0.13742663309563474
0.31726579526380005;0.8041528691555299;0.6813567193185741
0.46969172125252934;0.33934789602352167;0.704620773600063
0.31216598770484694;0.9870541784588189;0.7429924967779507
0.9128181959232522;0.691632029114843;0.9137265648518804
0.3915069713356175;0.36357054343088924;0.1714636488175888
0.3704709021610032;0.03716820845131463;0.02930804925158248
0.00953671079864682;0.9121375453988446;0.16479533835282645
0.9327491121777141;0.6758315811681471;0.40031646937095
0.19658585998167166;0.17406964305958916;0.45115042142979156
0.08356467741974483;0.5122481726339185;0.9547026396080844
0.3207241562660592;0.7057615984196003;0.4383341982751342
0.2909127972975283;0.8606363055845558;0.0701896198511116
0.06302057691076446;0.0871419986323515;0.15039535856032404
0.11094772823813404;0.7070574595407504;0.5932569654689013
0.22110666651535404;0.8777982841962164;0.8086341820349255
0.5972186397233848;0.04608040099974653;0.09296392641986728
0.2680834225828035;0.08697435146517829;0.16812870763368615
0.14565651022562465;0.46664077659250436;0.1508093866352973
0.4546593054702889;0.18187211356830146;0.3347387700876464
0.35542330955677637;0.7889669129415133;0.0708332491257253
0.40411734800370314;0.240129340885596;0.4230791515971484
0.8088835694131448;0.694644946558471;0.16993897417446424
0.33523736403215365;0.5822297678744511;0.10094052139095655
0.11108713505508205;0.7377954255593624;0.5524566888868747
0.1657309746850052;0.6677101783449181;0.5346129861840553
0.1345190647468968;0.9924949239281587;0.8075501480937175
0.8006223069815827;0.25131152762225506;0.3334383632580573
0.5495980849962863;0.9225244957756935;0.3270197550317764
0.4796261876771778;0.5249607035559002;0.79564129701769
0.3384575587442289;0.9981985450172866;0.4457646249263272
0.07391322969133707;0.219887985591257;0.18340287226519925
0.35637914765032186;0.6752921303108522;0.6804875388294039
0.8589749481413407;0.33355243058430595;0.35035922196392233
0.30796261152729976;0.0322785338602527;0.10532801055472263
0.15526119778855318;0.33199730414990736;0.7475299778324502
0.08659334280373954;0.9801703847566311;0.599350477991036
0.6478203038675331;0.7397510599446686;0.8875307629980795
0.8740928765159365;0.03452629461003853;0.5609831448229059
0.5984421777391672;0.10655942490596981;0.42022120837139443
0.4987070042767697;0.5678301058598628;0.5844199707275426
0.840270035679301;0.16424297729176796;0.6936714506419425
0.2716816044038548;0.45419619970375313;0.6157514260275521
0.37294136526040567;0.8606704618645682;0.34217287383246087
0.590746047597967;0.42934146565735143;0.5145510443708767
0.08182039154036291;0.5666099284454267;0.833435474205161
0.1760546645979988;0.18446423092606112;0.4076744189354605
0.9859230974023726;0.9525794986107163;0.1794354427243514
0.391037918969407;0.6881097758231519;0.8218706594931339
0.9016336482442375;0.2642100605439095;0.03883099870987816
0.22921575983188136;0.6554231507340941;0.487951580043662
0.45936598198557;0.2545830354721965;0.27584981541572784
0.39510473744891683;0.33642637533718367;0.9274405546252874
0.7301736305590699;0.1923011318894966;0.1287686008058364
0.04514856406301715;0.8405954035047555;0.17323762614934968
0.297723799469662;0.17881259213733147;0.39913910946369247
0.0029003819149133747;0.9476235800081959;0.39578531313468757
0.5756658198135481;0.09270476004375205;0.9489742665518109
0.22931964951746908;0.7114122434762651;0.30667078738214215
0.42031836837890857;0.7184107831157165;0.03328717687684968
0.3776561930019303;0.14445760287304688;0.7116665533362871
0.07565156758649216;0.08404938059691114;0.8419523717974884
0.5254723045665454;0.45977661570620876;0.7043095079510003
0.05238948157682155;0.20431796107705813;0.11163468178265257
0.8343987218684343;0.3568683709271684;0.1292124466222535
0.6403767980895122;0.7730568554141565;0.22739372531299096
0.645944759876427;0.47125817044136387;0.5431725278637686
0.7086872074028492;0.46993455782230764;0.5842726162264626
0.569931334627978;0.6702472643437773;0.62507951318084
0.9466794678024989;0.979239589957765;0.19246885130539315
0.02312890559768488;0.5575642477245866;0.4427433039475144
0.8586316496011249;0.2657403046040093;0.4144554753839669
0.8692730380186567;0.8273641900937487;0.02981031484957386
0.5766616067019206;0.08659639008131426;0.891184212332001
0.13368330321647137;0.4665584431746814;0.10292123110464713
0.17163460315674972;0.21662660564732406;0.21049070938966497
0.8488813140263093;0.5832470662259016;0.4624785616251944
0.9922596578309236;0.4780529119022203;0.6587527002228034
0.32642407736588286;0.8606063544638237;0.7951982008082078
0.43859521766065135;0.42842725181777563;0.02749832240522676
0.9782694115996146;0.8525459471258412;0.3363004176439346
0.5587822389147046;0.5477691640460874;0.1472341319515118
0.03225081024992471;0.36176968928177744;0.678297232630923
0.22996676288600393;0.8564098704559129;0.2966458872386336
0.6477974942026451;0.8217823520490064;0.6455778812644446
0.5050623300286132;0.48676684771380097;0.012045026438269435
0.14590592663841184;0.4380029620577286;0.8488513524194381
0.8827932564310571;0.9212076897316022;0.7091747075510624
0.9908184166038996;0.03051159378782986;0.5196029914204842
0.21842141566037876;0.4366827378482854;0.9098892330014268
0.1355458906932392;0.6332844058996292;0.24173706747156043
0.5200240607150615;0.48649413721562573;0.7300661800843171
0.9347769297747512;0.027067650201049287;0.8023756877828674
0.5662067000178714;0.24125617669076782;0.4178059390861688
0.2715791178312318;0.45408965687739555;0.9005944394442859
0.7147970082299224;0.21486554015315518;0.020922461198083386
0.45104769568761904;0.8574429722129994;0.6728631262030561
0.30668455018187424;0.3818786302434475;0.20011501153112732
0.02829883084085394;0.4129784249423021;0.6967821254699174
0.8996832166071503;0.2817616139579159;0.15948932215648204
0.5657219187135551;0.49458733966349533;0.5022245022354979
0.23779438137236786;0.10037059140907034;0.4095989047141557
0.6079313426742331;0.6025374650888088;0.03904943828767238
0.6662935847836128;0.03791726527134476;0.6258225371632602
0.06472792547801565;0.08323144472461952;0.9657543849259121
0.9720314517690326;0.27433402342124036;0.7467958334830838
0.7317511702073138;0.11150066446354878;0.1602178067414617
0.21107258436784337;0.2548439823948576;0.4482898979100639
0.29148436515044784;0.33872423663423745;0.4498834088491769
0.8327561437204362;0.9511710470016709;0.5066677047514787
0.1155405709833689;0.8107971467162629;0.8906143260262495
0.4301214601073078;0.9921745473075653;0.7165673476796842
0.1283879361623952;0.5072290302610374;0.05979960051353839
0.854574031496962;0.07294187696979382;0.5924147896616806
0.6422148723818122;0.7476238693198075;0.6350383081021415
0.09598852318236506;0.36710584963256576;0.13551891412257766
0.7029496535504757;0.4142605714809161;0.8859049398635878
0.9866031919457712;0.4387813928767407;0.6050882300200879
0.6390710241785738;0.3762698843893588;0.6767713072200101
0.011791206945348298;0.9031474699364963;0.3020076903549146
0.38046502187480347;0.22345307901857347;0.3298372080425308
0.5826083754971834;0.2300130625636293;0.6924716135151081
0.42318885243758975;0.9258043362726729;0.18231445085354026
0.47679501871871954;0.5751090613113834;0.8590154273898408
0.11325100795340104;0.9857887095518796;0.48580523170653345
0.8296443023599742;0.9032024991908825;0.40404952488977885
0.5557775876139459;0.17846097493159507;0.81023401709304
0.6952007846094371;0.8697284137495046;0.8981635239313612
0.2545600185681012;0.5008145179790935;0.20059057728074448
0.28753545578743445;0.8618645056461438;0.2414220122559284
0.8247196527438764;0.09469627595311914;0.8937061269302744
0.9438496896379182;0.7592447577778338;0.39094627429231077
0.3209831286285396;0.5057156789360865;0.699262284466106
0.16899010031174277;0.7729872725918511;0.11307177556288872
0.02100123722344438;0.016826097761010295;0.6025644755186196
0.1042142690940362;0.9147006918441362;0.5000572447629797
0.18462569710433818;0.2603589597073329;0.23484513818990982
0.40115528765939135;0.2824087587508868;0.1339726071205808
0.9137890175140488;0.6774133759551308;0.6630760502642077
0.5942490109559343;0.8072046500360954;0.06548035446632872
0.8742678297200221;0.693291947995334;0.1803808999919947
0.013319968080734879;0.30761270482148695;0.319946277815911
0.8658602529199775;0.13690676115093237;0.4792993199519685
0.135311393747921;0.9042827779497393;0.37821298878858844
0.8196433696546018;0.9682294128060559;0.165820889411757
0.2777886105426407;0.28605818163129326;0.7811758967036085
0.8913438441227856;0.4465974804526075;0.5814497848052589
0.9656149481948908;0.02550259717680048;0.008593163762950717
0.477132834504989;0.5547384821249745;0.47511144099335434
0.32254521177571593;0.48443203463527384;0.08272494096050076
0.4814945371376744;0.7076139356802351;0.2278983509826642
0.4069507008080593;0.9896706807582145;0.28524869299217903
0.2581591289072802;0.39964421122287286;0.33070892046948297
0.6364151565740856;0.7308211748073937;0.7269631127255138
0.32934943561906604;0.10462355184828098;0.4060368063235237
0.621151023556315;0.4678291227656961;0.47992506838987503
0.6989232543164603;0.30082315161868955;0.7753886614455259
0.49667904926066286;0.4133265204482959;0.13042056528239943
0.9036004012231247;0.4569684676420468;0.9118318625280294
0.0614247075847566;0.0334338922483588;0.004593034435430132
0.6020593048069258;0.4837756819164044;0.6038350583118128
0.14705487352795543;0.2091384888290534;0.12794848572785067
0.8334283213500335;0.1249735352561181;0.7217186924520166
0.6073848741289108;0.9606318278248479;0.07957302934355281
0.9644246068582238;0.4533860372901819;0.26511564103514595
0.9234562647433261;0.7224775857586739;0.05203457290224622
0.22216190399778302;0.7937354573500371;0.5146689965491318
0.08645388363807194;0.003404975374126762;0.8666086464812277
0.04548033327507073;0.42729836048563796;0.02063397437817127
0.3191043591813878;0.09512378288757106;0.2799930507830972
0.13265973410674559;0.5769068612660682;0.6283897884524272
0.057146436950588075;0.4718497383848995;0.9964870808489106
0.18315441750436567;0.04609249760292222;0.6200042509928536
0.8366565710989998;0.8063078849090048;0.20476347344774215
0.4155975449637327;0.6881574479518752;0.3835721439974631
0.9725478309106484;0.17060276146429;0.021021718183915183
0.23891227510812352;0.86446994072718;0.7965748530992216
0.4980773948414906;0.8961818201914067;0.5813935925853175
0.8277612195308014;0.7820826408211919;0.5692757074285589
0.7582602427959053;0.3254267575507832;0.5143126541184537
0.6547497374561096;0.04856628061356982;0.9121334495373238
0.41062836752086096;0.043469750813493024;0.5669432223538623
0.25603050539721717;0.33138329277806144;0.565604393803934
0.35638245288635795;0.44759265600794984;0.30343327368818984
0.302936922568784;0.19812420161119126;0.40853787855574697
0.3767896231592929;0.2938273071010845;0.8973562814315302
0.7513832384933873;0.1842905769835258;0.5755705948479044
0.5072419743529388;0.4956304793027838;0.0657043638628616
0.48204257908072967;0.7396899231821354;0.2670250876990704
0.6327713551611519;0.5912517808094884;0.36787884537540194
0.28313419923352967;0.27411207219274103;0.8932545832266423
0.4575972961116449;0.6930019839287003;0.17130136718065947
0.9945567530381226;0.5536971315579504;0.7638470948442027
0.092510325017654;0.07142551109531747;0.7928842375152975
0.38860820570931864;0.17841375516951163;0.2743671019378172
0.7507986702225207;0.8208441775688867;0.6757200173061377
0.7370027412813628;0.846344524252756;0.028824618084877462
0.3138284800069139;0.8147317940569491;0.9808517130744264
0.887629122533261;0.9335630512472628;0.4677859100398527
0.49090977936700053;0.02637311262639197;0.40398833227705067
0.35829148612178097;0.6648589949784645;0.6140647571447438
0.4825249891995007;0.8178286330712287;0.3725587373797925
0.02605069557839057;0.5662426127041104;0.5879872810299472
0.8057948092772617;0.1788245700974015;0.8206662406675818
0.16536051783518324;0.12097598069688686;0.5854138914143292
0.7221468648770708;0.41460065316598493;0.2943418352893311
0.12333754472375136;0.6680713262484076;0.058149555887251236
0.9472270808255129;0.69857339934967;0.3454014930887058
0.9207642818292607;0.6628233444260854;0.9544989250193633
0.284636831951683;0.43182087349112497;0.22512734027137382
0.4328891645835129;0.5954965528248586;0.713190977308612
0.6858542175699973;0.6003401562526087;0.8559113765861511
0.7413207781966403;0.7166537744609098;0.19991970262777103
0.9977670010211644;0.807250131480761;0.031183775525911672
0.6409772024368866;0.64227950975512;0.49771742864770296
0.030855793818104216;0.5134426518050784;0.7320507033384459
0.8335229349669354;0.11519884202517106;0.7349603748519106
0.9598648665940485;0.9948686471106558;0.321139680549139
0.003061795495913011;0.7271190460158624;0.9281248370238642
0.2874612515203101;0.5482489709473422;0.5478857372434418
0.24912967684353227;0.11862193380774999;0.5163960115541484
0.2981819396616493;0.09048239294089522;0.8538711206862771
0.7229566348266315;0.7656109994800385;0.689945863451559
0.9899748300996025;0.3625389126350791;0.10307990307821291
0.3753637287324434;0.9782117399367054;0.410714385370879
0.21625704106175003;0.188765793693905;0.2868856907146661
0.501767642662376;0.631746937048237;0.6775855247127098
0.9884196259093109;0.4136891830896926;0.3953617223951328
0.6082966013674542;0.4551133622144776;0.8018460324109523
0.3008335863507057;0.4641457189684606;0.17731587131121818
0.41007020519638926;0.7779959609035921;0.7364970903807913
0.4572367719031931;0.7894781353771027;0.8461133458415914
0.11950227010407932;0.15115846435974312;0.438546171553011
0.4149522334882009;0.7468929198409926;0.6716369514479101
0.6586309583685356;0.8059005402044085;0.712052854929446
0.7334104495654608;0.5069258374301059;0.5962078993023964
0.07550092700559796;0.43238676638619067;0.01686149591973829
0.6242829076415924;0.9080558326804851;0.04006009737432459
0.6808667260157296;0.9355267964516166;0.24260516191425274
0.3866419192491267;0.12142466033685562;0.9910009814209892
0.47070248004036486;0.20175648264907797;0.8928690564665706
0.5623800729491082;0.42377735986045995;0.46153184952860693
0.012310028376478988;0.8137008969604221;0.7204423412595095
0.08195124033403656;0.5266475582465903;0.407317381972378
0.5269336009283047;0.06993289756272869;0.32640651706452517
0.22661005177871607;0.12321129963758004;0.9388719934473888
0.79358395174675;0.5366783349877143;0.6002729149847729
0.0037260490307043925;0.6598723306432013;0.175565813632658
0.3952779946095417;0.1954626407457417;0.9551789775970825
0.37753178336502524;0.3237108908134322;0.1502451701701224
0.9672623180583044;0.9731602058464325;0.6062689340125905
0.3393166232408663;0.5655504077685175;0.8483613319549762
0.9724679356973899;0.5067506133806716;0.8309856506153857
0.5564341604104328;0.9269740561189497;0.687207461738012
0.346816022627369;0.3838872323816803;0.42465521494047564
0.030211770229752966;0.4298642658338784;0.8145702065239998
0.8351987096079083;0.47664563484981104;0.157299034101004
0.4685138973614591;0.7201126219351509;0.011486425844122072
0.4328714260144545;0.9475545176444964;0.8537571227320674
0.320186335200645;0.8284338798245583;0.9275826340135591
0.5237305937675915;0.9676241034106041;0.4020148057357811
0.21218724604390948;0.08254481771834032;0.25269300656057214
0.533401915652419;0.09187617245065882;0.44330728072040293
0.10083502142174283;0.44095061939604374;0.8235719412825864
0.16714845952938007;0.7429452817588973;0.6661863330248575
0.2542752617095779;0.9730773119019134;0.028664185763450534
0.9736412854977483;0.6800117363337178;0.7272342285406106
0.24323839938696645;0.07139308608032857;0.9431464037386237
0.9357764537828392;0.30029627783102986;0.9222568242649352
0.8729712035933744;0.522482397207562;0.20541074941868942
0.7569016868825498;0.4375007991681974;0.7644323694385524
0.0553548417897467;0.7750461436153441;0.15728527967073402
0.5174477139465499;0.8997977222687308;0.6445781799936566
0.8359082241345335;0.9733248353529851;0.6790597392477608
0.2339645371925645;0.4439325267292955;0.7409745707678755
0.13746710178997246;0.2836759615651019;0.0336908917110772
0.20504424414372457;0.4160263580805552;0.9518435709910523
0.7149198115948007;0.6044480664223479;0.20186849340086988
0.05819359704411686;0.8303978330874473;0.5214122583621453
0.7233377990248139;0.7265365904269369;0.8495375106009532
0.13488924655166368;0.32804300631574823;0.4983852836087803
0.5470844063915661;0.3279513293838576;0.35415393675361606
0.3864188039900528;0.8431518325139643;0.0940339391268964
0.03248876092514097;0.16335789344259388;0.8621545219434288
0.8762494378853317;0.27253770219955;0.33781155745160674
0.048692945686672484;0.9856967650123969;0.8544019654713046
0.4669719669844835;0.7199126828242863;0.35123413877359877
0.5564216079737789;0.19638737139514495;0.364017463581771
0.2747710510219826;0.10497287242033104;0.7688823268191552
0.8207627889607062;0.7554174344517307;0.1573352397769049
0.25099879693950944;0.44300476745626205;0.25087218282658064
0.6044960639075971;0.19326361252228685;0.7004743752060449
0.19777955797671898;0.10346678921939001;0.0455002233770635
0.6034257353501444;0.40427675848687283;0.7776278886743423
0.715875352216181;0.46845535206667455;0.3067424970738232
0.6202715545639738;0.07933935690325677;0.7109584291528372
0.7875141436263511;0.4033174198934849;0.939229264930628
0.6327962791177547;0.17553133625571882;0.8623491538122955
0.6455763518702953;0.5179799286691426;0.05667253117512572
0.6396789610571684;0.07328100772463386;0.22802255710207853
0.16172490131132788;0.4717150668010872;0.26017373138586797
0.9216940446927478;0.753406348724471;0.9515281118348508
0.2927528199771774;0.5867041183370539;0.23180833397100742
0.7319327718390188;0.5750366300874845;0.6561871030785662
0.2647560813379697;0.204135985207208;0.5677558542196373
0.8845187376023478;0.9626319071962024;0.6281436362442091
0.4928503307880169;0.6697735620838114;0.04795910886996113
0.2769198323569081;0.3688167656373966;0.4266771043771119
0.6077143023955766;0.019744808762905408;0.43032502164177766
0.16437922711324748;0.8826085239870748;0.02687752691081735
0.7228244024442653;0.6348469921102072;0.8980115583301496
0.10296155312040156;0.8694981984708183;0.7538939253143028
0.39369604565628735;0.19000193981423275;0.26360296835188124
0.9719338110179118;0.036048162944222084;0.7880639408979242
0.9817112733491753;0.09576171809533163;0.09764213737714267
0.8538137169776009;0.0799528921786562;0.9769731948954149
0.9926124888869075;0.6707177525719751;0.6484683518661872
0.1404471377194627;0.949442577698023;0.9528333787882133
0.7541448872438057;0.24443897852785923;0.6155924805670101
0.6078190262665225;0.803503117171555;0.5455027921042526
0.941964330825184;0.44878989724226204;0.28813935528054846
0.1443874584469632;0.19373397035454998;0.5088480018993891
0.6107570830042304;0.5713172489460554;0.3792385614372976
0.27235720735762625;0.8972292543058124;0.41435784221501404
0.10856123881114066;0.5028937265694589;0.4142025741909682
0.5413621478362313;0.7990498132596333;0.5330332003524167
0.14422885595030044;0.23704455315572148;0.5862037145829837
0.2796574291478866;0.5586000943948192;0.5455505897309194
0.27069545193425215;0.880682997332641;0.5152058393574508
0.6180228690542653;0.4696546736198218;0.6877145638538584
0.03148271967174521;0.8832247831137173;0.3961852196455795
0.9642673121513079;0.8461254452071512;0.7067692491086167
0.7967640135602055;0.4291781948082791;0.9628271649569139
0.6912593262444584;0.7269558406838361;0.9566422610261475
0.40966360497158005;0.197718870782714;0.3055820377394287
0.9578370878912572;0.7153283568037998;0.014495661548648675
0.3930221681480509;0.9244752220470099;0.9723496325149543
0.31743879115738916;0.4916196740406056;0.7790791544326262
0.20430310457912004;0.7588822833389953;0.9311561541690023
0.10977257394133366;0.35087176302945966;0.837348650060483
0.20362086990327566;0.9935164856678912;0.18014279040022896
0.6083353648538629;0.21124339207373133;0.6303151907644639
0.8015522456594426;0.9680387735026843;0.7443009248782511
0.6042445231029423;0.6322197803745074;0.06853892967499031
0.24124266601719124;0.61189574033361;0.3535332579784658
0.3867293456389653;0.577677836380774;0.0004865186155679213
0.0021996836217073046;0.26665339193534476;0.3866399976581625
0.5011152393786357;0.41948055521399763;0.5573413443559212
0.6372803253453491;0.78004594417093;0.49143243451154406
0.4742585425303314;0.9291406218891476;0.3013659803887242
0.6647030078303233;0.8493049006987204;0.1558376156497766
0.34165487096413116;0.4191788993953627;0.8842229671908425
0.7371738171609403;0.29946767202138513;0.35202826724586656
0.9124800505926529;0.08602518286263672;0.9901603689841222
0.20675360201453474;0.4082961269312848;0.40346832021048684
0.7386147775858077;0.7764298953252715;0.6535708477642379
0.9016612334755262;0.8128201385824406;0.03925809393197832
0.12085256332436811;0.5852732428841338;0.39185370308298706
0.4620383753040864;0.13853422072212818;0.890907164101747
0.7531912662501888;0.38499222970778346;0.10277829055172383
0.3458649777112077;0.8303522032997598;0.015394495563766375
0.17051992869117338;0.665703313530899;0.4198476789811235
0.9762808167073472;0.3248161077484316;0.4453495657946597
0.5208510642438811;0.23459177795580843;0.08172262837700017
0.14274213702189853;0.5266767257145047;0.16355785140816337
0.5755302693549897;0.5608356346334201;0.6207238330321578
0.1241859098100011;0.009018112817346435;0.39148808654087097
0.6415684810759988;0.9265066820994274;0.5270980386989287
0.21854282262211977;0.19864284537695254;0.5986373438980545
0.32050936028046695;0.2746300941580848;0.4792982497573459
0.5782020802830388;0.7165515533112596;0.49906229243274236
0.035169618436495576;0.23418097944961058;0.403633854419687
0.6363326972020454;0.5135336990210583;0.11364276478457636
0.9571449432751012;0.16721403031026205;0.3811440996922286
0.80332607204571;0.28390623991535546;0.8547889017872795
0.45078015886929146;0.9866981912623609;0.9111914627780178
0.048202877875706984;0.16024744361362742;0.41739484775036473
0.09259443478128548;0.9011367924095853;0.38814884547224393
0.026295555370953183;0.3482251714666501;0.6940839178363543
0.845550986665028;0.6072132302629294;0.48941515395783064
0.5432472366523018;0.8832138475668191;0.054953899808203754
0.03262987885251156;0.8706335858016393;0.6590955823955592
0.7805187199975927;0.7395454999490557;0.3486752735394789
0.41150598318463727;0.36369424406988504;0.9510943831832973
0.409025040671416;0.4116786409864499;0.8512823057229764
0.7784520573059882;0.5429474541795959;0.18674719376661575
0.702161926092906;0.06464655867822322;0.5959821564956267
0.4814082636194099;0.20256738413617836;0.6827976155529886
0.04830328198128475;0.3534903706629702;0.8859948576462751
0.6338682091585394;0.3795657820719013;0.18946240587379315
0.7751482376166768;0.834654710567771;0.3844224867082545
0.7269500028740005;0.881864195859297;0.7819862904627478
0.9182128176067722;0.624236243038437;0.9020650994130875
0.5836093265969347;0.9234654422811682;0.2391846546582409
0.07027761849035064;0.5649582596861997;0.9174191833795305
0.74970732844145;0.04199820816538391;0.5667086112109696
0.11983702209503999;0.4156302212602606;0.06886721944914487
0.7892982595083252;0.35294222333677194;0.38348363744391456
0.20418066808734237;0.04878277500763273;0.23094390659527442
0.7148551430314299;0.8245996946217642;0.6174786406740014
0.7664242768776004;0.6080400101399217;0.20460875996302852
0.031323602452866806;0.08666843471906238;0.551025007808947
0.26087311581973416;0.33886214196459097;0.10456276495278882
0.13843742434915185;0.716473823252322;0.4433103181646185
0.05819882965712264;0.11891386289832906;0.747893915602855
0.5607940571653051;0.4443157729833407;0.551605935516564
0.4875543808629512;0.8477855970814384;0.23924423511787973
0.09139742055123878;0.944319384433233;0.7089891434917361
0.02183928526141332;0.3029090923382133;0.7706333447498052
0.7648476921011758;0.1614479721672345;0.3714546207506494
0.023318916846313154;0.8805640072021639;0.6327917836730729
0.16582006696565232;0.9328397776945293;0.8883887201537178
0.8411174331527408;0.2829436153666153;0.8362226681509216
0.7369800663843241;0.06589719416125506;0.9172372559999333
0.7626753865961313;0.26792427586159306;0.08925807035874989
0.11921784810187153;0.9752765040171414;0.10228703641505243
0.95835838966592;0.2714692184454768;0.7507245717421519
0.05506887619038359;0.3301507850996167;0.9357520372308132
0.13118114595724517;0.3655676939375211;0.3922337824494867
0.7771123268262705;0.08855628668039173;0.9221446464654873
0.11706416217268945;0.08121919089410157;0.7261653700543347
0.8577364597617969;0.23303263241131011;0.6964688491275983
0.8128439593285792;0.35829603352415074;0.24898899918879547
0.7639581450339731;0.3995115029972167;0.9769668490815956
0.65735929506435;0.19050634394838462;0.4075384424438714
0.293952519447634;0.666093918258294;0.5258155945164213
0.4586940748023989;0.1537218697106718;0.555729071994211
0.4022731390014498;0.7162729006594855;0.9864547580472355
0.6173450519269224;0.910142524467596;0.3661700103766008
0.17423343843726724;0.41885805761506967;0.8087214161648394
0.767363451147305;0.6616981866271204;0.6591984715025214
0.3932645783352986;0.6371022992536105;0.1987585805555676
0.9066040091837507;0.47290736348431694;0.39497483077508666
0.025001027822715072;0.15832170642506793;0.5870007330950968
0.6935405573521849;0.36316047313536115;0.2817308626242886
0.5958139870025511;0.4999335697320981;0.7109068900269856
0.6009431077888783;0.10948974874154871;0.8407749368265002
0.34508856084921113;0.3959010216033635;0.8990299045572755
0.5603549395088332;0.8320088433031739;0.20070299902015465
0.17113332003412174;0.7451145785156809;0.9071041507024884
0.12046328272705908;0.17016247216508817;0.44983482344674386
0.27775577786592;0.10101153274467822;0.7299465109688892
0.44015213508433904;0.816012527258182;0.033596734357345115
0.10469489818925493;0.5285096061025829;0.14835647164997445
0.4464633864394756;0.3317977014185395;0.5104713783905004
0.12470224018994736;0.06857748066130154;0.9362232024921057
0.018530944222430734;0.12958706014823718;0.37301726755471665
0.3055938715005342;0.38346180331829105;0.9627665267723551
0.45176333249320766;0.4658047116086804;0.5384402111535361
0.369891828466135;0.573820293308511;0.3295561506057839
0.3595305436081564;0.11723946475446834;0.05545759174709519
0.38353697073493487;0.7983009067541444;0.003071853158150506
0.3934697659175107;0.16746041606036932;0.8359794580530066
0.5615692189446426;0.7707517685380475;0.6720273655074095
0.15322435102034093;0.5244671325807322;0.669236508878352
0.8943689402261;0.557901197888669;0.9450745508474826
0.49852034094565933;0.015073732026186115;0.44476407396109974
0.2891020720047054;0.2093778056046972;0.1775644507510833
0.9180274599714131;0.9850300788400416;0.49840848696539863
0.646974357169109;0.3347259912203612;0.8085956390430961
0.6409980246568796;0.9268982135257081;0.9296174285479131
0.6852227856798493;0.45528805434335995;0.3627608924111543
0.9918256338526481;0.6026814733892626;0.1930960980714751
0.6140898940136386;0.14351810362412243;0.707193194396503
0.4820483704061269;0.5880424359746594;0.4995453289000885
0.30774525260479957;0.4223394780018157;0.5190877257992481
0.2916359796484057;0.8946128240477214;0.06082803112861168
0.11172354971520215;0.30045261686225544;0.12634765207538978
0.7498582717292687;0.8288977252975549;0.43604972028416333
0.8368459109682516;0.9406024219854177;0.2147320265151358
0.3612136833743178;0.4618255444135858;0.20652678392057733
0.5754136857961618;0.46991871414737896;0.5946588411714591
0.6220279908165336;0.8884726854197771;0.8319914162924368
0.05143368052811326;0.2041448672849172;0.3023883616566797
0.7685077098353594;0.49610833620470896;0.3405798448989191
0.9509932604758662;0.1201312730947951;0.4191912842512163
0.7364274526884615;0.11777447917262351;0.03832804792270417
0.8825533477255711;0.8971140814901056;0.017144589341803407
0.39770064111760894;0.29852426017567024;0.6730760625022294
0.10780642895263726;0.8364920501389055;0.8196013681694101
0.6503237212004179;0.03776671418559041;0.7421748779678551
0.7922918387182993;0.3964704277691373;0.6449261387080826
0.09760175441761454;0.8677995111736047;0.25667996438799656
0.9092114958837151;0.5020329839439407;0.25537815880708237
0.4833538770491229;0.6808048442326639;0.8468847840451175
0.5471398531436241;0.95640814164882;0.5042646253191305
0.7730457027026718;0.2542311668815531;0.45653542659229196
0.05839820623852676;0.5051023156487563;0.5235397094040195
0.9953078406989301;0.368966928566005;0.916577409002987
0.9875444402142757;0.6213444317967572;0.9250587257047312
0.22607439388771966;0.2561741328697973;0.37172460283271613
0.334535927882772;0.7242317655325032;0.3408469223754852
0.48360092721205206;0.7190951094287121;0.16105960521400897
0.38650377002485514;0.15165058412701338;0.20282777512510786
0.968219145022932;0.6270070122748981;0.005772145775116311
0.6675486249182789;0.6905473411191063;0.06996882104328805
0.7785533034112251;0.06823824193866557;0.09501811835590412
0.1794410569079452;0.3535748895061661;0.2374139976883819
0.9641770687854291;0.6294793782056951;0.4766904747429529
0.22718174609334452;0.6772947561553473;0.5473529363330826
0.677719603388676;0.9649727445562095;0.4116350704582503
0.38595109921958026;0.3417403459363686;0.5892138814985214
0.7803726477689321;0.3359124589390905;0.25824443463457214
0.8836722572894459;0.22296480350370795;0.2767229457972914
0.4379365598282299;0.44122788857806783;0.031261300006496184
0.6779178533008204;0.37276084405667864;0.20122206357803596
0.6080745483474828;0.8226162449448742;0.7232834385327792
0.21768938653036218;0.7117938370591639;0.11097597934394665
0.3659192688086983;0.462676911201919;0.9607278905220538
0.20002387997643112;0.26440512943705796;0.4159058231772629
0.22886376335200143;0.9544948012673239;0.36953794923027294
0.904941159377735;0.862789343247426;0.25351871963868133
0.539461489761689;0.19428513898511757;0.9293511903849775
0.9014914161280982;0.7792713621477936;0.7971148575560486
0.4959061956576616;0.5884129092987304;0.38667668845754544
0.9982970509093495;0.03278994538205893;0.4905454037201027
0.239752791032544;0.27475266334698933;0.3095465515872693
0.05039649143072644;0.39476971812564376;0.5392630049845235
0.05875090575461084;0.1247416218742694;0.4326534641455695
0.8150354345683323;0.6022037123484687;0.22678626878293062
0.4828159097054957;0.570816643642808;0.7488356906038875
0.34246937765382435;0.6956163448791897;0.010802348563804576
0.698353631390624;0.20169888881635334;0.2780047131860819
0.7516186687556801;0.17358846638141612;0.10131785440930852
0.5549664249264005;0.8584556173892928;0.0952680970748605
0.5948000073414378;0.600941425616657;0.24665845043876078
0.4521768240485404;0.943989958679512;0.6684051921679298
0.6973413896457634;0.6284961935681264;0.15306632687900867
0.6118875199244805;0.19638383641262713;0.12503943776744264
0.6154521868654109;0.31970834370887435;0.5755528205474802
0.6313797798806444;0.4598435089374535;0.807705236268557
0.29453294941442076;0.5626061007314059;0.17625001077736013
0.7006725798129857;0.23904827243667015;0.24822505295203767
0.6390511985346647;0.8562442646917391;0.5999962635180356
0.1442247591003154;0.5034179725230533;0.6072271614591233
0.43121141718069345;0.30820786040632464;0.037621463882896666
0.7144573746126773;0.9164971571181604;0.20095065839601722
0.3339236638277482;0.6972200862722711;0.6452981748699647
0.5039943705780252;0.3754718600434058;0.562141001529913
0.1424467686527674;0.6089730025499663;0.8227323762751025
0.8468027014336432;0.7091479826417085;0.8391043042995567
0.8260867297987464;0.9046104830758268;0.659154897837753
0.8486660057587544;0.5461871717172544;0.8915084657049073
0.43641688245961774;0.9746217029440248;0.3492553544468783
0.0670217208957058;0.6200476757994402;0.33180348001675175
0.4981352020098613;0.8063048521017966;0.9874741351606553
0.7542382870627478;0.5964596731713547;0.0980740055179512
0.5406120791032923;0.1840005676363221;0.03811730606568264
0.22167357196888615;0.7387327811615937;0.3492576337351334
0.638533712622083;0.5448301289943452;0.006659954923321165
0.7376987853789138;0.4359711596913357;0.9170490625007046
0.4374679071050065;0.4358395650303132;0.24501418456017088
0.9238331636849169;0.10668640050958023;0.6376449759755086
0.35138033556273973;0.09242920859580439;0.021231816828229166
0.6163214267151779;0.14172622481300268;0.2303459821384196
0.07008972350847997;0.4211141193789174;0.8195295029889098
0.024738787090760828;0.6424881129410316;0.359613014150894
0.5104636137494251;0.2394729251010208;0.07359333073290286
0.2581505638581644;0.32096400129243086;0.8605866371127868
0.5720545258843682;0.09593411195382151;0.5332133890768694
0.6802106423815425;0.4377593306483819;0.4289268164591292
0.7176820495203575;0.5005018301728258;0.7843546932169112
0.9604713776551241;0.6485910866794895;0.13256955706258888
0.7909540957105746;0.32401041951279796;0.5624838704826947
0.45228875215629305;0.5341871061946605;0.9785569235406498
0.6619752967680409;0.4995406299071281;0.8248462743271274
0.28173114878975236;0.5893574862833661;0.6955415963776281
0.04239773307004835;0.6101148505277554;0.4040783595183087
0.644686218490484;0.15381346389037787;0.17720736003778215
0.3887580574775529;0.25665682500247033;0.36957768021667825
0.2545800204254156;0.037007218318925394;0.8847539457261242
0.011590332899273803;0.08956186319958015;0.13759722686836628
0.4051906917335547;0.3210867400102724;0.8886432076196363
0.41895853344124234;0.28875360405472505;0.7417863361304688
0.9281442720776765;0.11945860125486318;0.5241405424765982
0.2510134513454674;0.4959726603698198;0.1405898329116494
0.33532427765593564;0.8458262704148407;0.13539533202728937
0.8236411024512005;0.7815045362021308;0.5950213172213284
0.8848997875508798;0.9353307205107718;0.43972186115979595
0.0337981366804575;0.7191477844767954;0.34140001708045276
0.8984117651374558;0.2582634153373272;0.04273465232146745
0.03442668475987909;0.2477255101513699;0.784911514464237
0.3352853019529719;0.7236721290456858;0.9546323655167599
0.38292216464228845;0.221436310753367;0.7704891483626576
0.9582286896819497;0.2554502618948321;0.8162829558453686
0.32285565399451943;0.31959823155624933;0.06316444862646164
0.5847796188345095;0.23302503883443382;0.3883178755565606
0.8931360993527578;0.3801504730334627;0.9886050218759226
0.4124940421291292;0.021294222425687126;0.38985231515042074
0.6340597914694766;0.5285025217401097;0.7199868114064266
0.2552437560156141;0.05393277111400807;0.848768361740277
0.6030974980208869;0.7941610651982576;0.4591762216932269
0.2904253180415013;0.14183121663333786;0.3628713463174533
0.1767405196747066;0.5812729715121056;0.9057772802490955
0.5654153125274504;0.4589378267353629;0.932702086882777
0.03856497829887928;0.08462178763018324;0.1280473489550643
0.23518225352490107;0.30673867696694923;0.24179247128636638
0.9802958408781635;0.8420927397876796;0.2573415473320615
0.3030695288384705;0.39741010247996367;0.9161568347110918
0.6540874899076943;0.8763551509007339;0.8928521833593679
0.16081169270516882;0.6180903029691296;0.597248111833907
0.4161940160887101;0.307034033812968;0.8296701716793098
0.4619934388679112;0.5819198792868442;0.6862427330843074
0.8661261508261505;0.4906111054506026;0.24817944197942676
0.6056591963290774;0.4577221922333635;0.5386981671428704
0.4013387055840023;0.805642642866325;0.5003067950891408
0.9737995220907096;0.07636988644920295;0.14230209079329748
0.7968225594702799;0.6102524280356194;0.4685657355301486
0.5045937355946805;0.37431923956762003;0.6522770598712787
0.01482190664526406;0.10983667547541476;0.5964736403680211
0.7484126522741958;0.012873165008788323;0.2809244221503904
0.47596473217705393;0.2652383326717338;0.1934711886675431
0.7809151236554639;0.5112610183585846;0.9096789261019832
0.08365657750137456;0.538320124278396;0.8818138805930492
0.038211012997312;0.033593272891525805;0.2558217982711758
0.5073555291340142;0.49440578653027534;0.7480639886492079
0.4295974654281558;0.8780600361422374;0.8531134900368492
0.9197027743831642;0.9585473046558584;0.1482555594485252
0.6332665903017725;0.8994677998546;0.5532665827543065
0.4119690801750382;0.05894516957463691;0.49656343168157646
0.8054930972567467;0.041117156994707416;0.6529853968070148
0.5785880121594178;0.05451114036807303;0.17892577353724848
0.4333666080895827;0.6745704528003162;0.508094974191392
0.38709733096112797;0.8772161124994614;0.9137272984036179
0.8346499328477097;0.07508462491152312;0.8305628758234849
0.766217652421327;0.7836152896835241;0.38697627287865677
0.8327448571220286;0.23856397763676884;0.153428604988735
0.057419337805054815;0.2508665824977355;0.7222056844261181
0.8732046800837442;0.7060928570910803;0.9715165134598553
0.17597557792028906;0.34476278222068757;0.6996894269232822
0.057975509424165295;0.1806697348777646;0.23458146241865896
0.9183125282066867;0.4002383088342444;0.2795318858282376
0.08010385846100598;0.5924148425362363;0.48532268386090227
0.5909638555364843;0.3177517636708439;0.7086743559636717
0.865346808354106;0.5981976705677673;0.6524845507575758
0.34519754379791956;0.35335341358289274;0.9972732729958339
0.3404451396791155;0.07417906024882259;0.41437218312212365
0.3129479313635797;0.7458136614149405;0.8124432893780685
0.5825171416320409;0.7602684161388037;0.5642403454387
0.3445282613719961;0.8977361019791388;0.9942599071156951
0.48680280785954166;0.2924239928678798;0.8966162102897544
0.23226996086788843;0.0525532996757655;0.024862915306431366
0.08602156352197021;0.3174138820943466;0.8543345304956473
0.35513244951968925;0.5575437485156823;0.7201910740696738
0.7939342075562925;0.30602474400106094;0.7489262152484858
0.4946234073640621;0.7625537528988341;0.09138005902594426
0.11557644255300814;0.4464694587747001;0.7051503285372823
0.5997132523268921;0.41783396959724683;0.3933589472349337
0.09459100528353492;0.8346071227472763;0.4249587331917142
0.10461249744364554;0.18821996019945197;0.3978779251981245
0.7850336217597814;0.6325095924426185;0.504907513553115
0.05014155818334609;0.025579178969833305;0.7426399347296446
0.8168290750582256;0.20281232295482998;0.8127513418893914
0.3429458831034772;0.27685158770774676;0.5309388517796361
0.8032749888616487;0.9826496349375485;0.7566805305613832
0.10613318800099703;0.8314650690269372;0.9794268177779198
0.06700713139007364;0.7903192178893226;0.2711056724550134
0.4332817921493718;0.8560183178716662;0.31919901859480415
0.2693539079259246;0.9570777943668184;0.24973501130885367
0.4911698089884682;0.2847468327462559;0.8530340146773461
0.5607628450074252;0.3318469418488349;0.6820952723825323
0.5204227090219175;0.6291675306912271;0.04729235125377795
0.9362778452829138;0.12083998064523527;0.4936897959107873
0.5988402523179333;0.3986896268732646;0.0901066360510957
0.925484417102764;0.675028852412857;0.4370609799430385
0.05826893654353371;0.2988780633114454;0.5579142034347382
0.945877278218887;0.29574941069704075;0.3916152524348192
0.7828651256913461;0.5264075015633669;0.08134912300942199
0.619311961336909;0.7013488762091992;0.44230640080811157
0.6341244556267776;0.46396280481670027;0.816529263043152
0.28065076477757656;0.2165079343229711;0.8576951933743535
0.31479119122768484;0.6221729042051352;0.5421899436764402
0.2693374809614789;0.2521456231036344;0.6301075110658682
0.69836387982258;0.05996014563842389;0.2919388222820498
0.37011587320329753;0.45153642920435977;0.5877290899115782
0.7320991626160358;0.8733324219852495;0.5452417109473471
0.784432915927159;0.7426210102040027;0.6530781644453295
0.9190593769503413;0.5720539551764645;0.9000600847229069
0.5058999342478141;0.2204590516553765;0.26727431682741254
0.5097264564726323;0.3246841649099448;0.14393418522962687
0.3682428947666003;0.7065358729941208;0.7601082447024378
0.011144540375456091;0.38521867879168514;0.40280377925340505
0.9127882382778445;0.8268565615790396;0.8964137860184345
0.7917622111574515;0.9024286435352838;0.9821735605859464
0.7604573599994149;0.8295600008046912;0.1492311339833845
0.034669452902105435;0.6855012401551003;0.10938919069914388
0.9328770817886533;0.6321252263097231;0.6116331720125983
0.3365357608817261;0.2943764856339046;0.20892762455323255
0.058077547191407675;0.9119024032919325;0.16697504472004465
0.21053280442912103;0.8674650883730497;0.1740209982889065
0.7288468564557686;0.22376573376108222;0.37168789736890395
0.7178315984614713;0.43506111322109275;0.6986295317132445
0.7192772757624468;0.6380332215470026;0.9433886907600857
0.7492536571327865;0.793140294300975;0.033718020250577574
0.4965726972643383;0.22741574526063135;0.011399002991902885
0.6919015289996355;0.12909663522147452;0.8832758832343112
0.1380319301858648;0.7311042339621616;0.6791263066978699
0.15703075814537903;0.16041476410417033;0.9423734607815504
0.80206710716281;0.19025025135459583;0.6899220897965069
0.05793797356391672;0.5095698928524367;0.4535478846543446
0.590903471836023;0.7333163547200569;0.704028840988993
0.647364852062754;0.37098064497916505;0.07706391728416184
0.3201473121063021;0.14711109776568165;0.37574793811401064
0.9009595906807514;0.5008607155572662;0.33626798454341533
0.1112211840361268;0.8780645725521881;0.7905264625694741
0.9698734260177599;0.46750156507208573;0.9028020779932903
0.6127366441255464;0.229736380250263;0.0727129357171552
0.6684263098427737;0.7834861891627828;0.8560118813974475
0.8039043214854688;0.7452897543417183;0.11008346382569167
0.7941226926827232;0.06796596859437631;0.1149650724642981
0.12977656748407718;0.9566938057902361;0.31280246985721805
0.11982745908777936;0.8772699390725719;0.8462434588273811
0.1571348477145008;0.3780936076077822;0.7489158666202962
0.1769765404149346;0.8575938199002613;0.5228446921881013
0.7380566334035287;0.5187275012405737;0.2650964241129631
0.8921289804458848;0.4671037282605933;0.7022717777283126
0.43927204495764194;0.7197594482666073;0.5656824279135919
0.9955064267821528;0.28835314579205673;0.6246846637133194
0.6975836397638059;0.6204757258202727;0.49994113131637796
0.7841008316790401;0.12380105753920467;0.3755321637586704
0.8506343373255095;0.5029046935555037;0.9882860385416935
0.38761323418918636;0.24362634196454536;0.24612227202707715
0.14664964546294978;0.48210303865028614;0.25936095951946936
0.412956926454479;0.4730937979516625;0.040742709545460665
0.8750514195375226;0.5591996673510875;0.03293698179660609
0.1424717646127064;0.7004722417714472;0.1445929053259668
0.30069433048962035;0.8401998405093033;0.4377371425021468
0.4561743731350981;0.33921634792633726;0.09041952741130355
0.25603487177114037;0.7564027204636414;0.40545295962255945
0.41004734950702393;0.1742340406693791;0.40809292782185846
0.6157150643029541;0.7738927020534168;0.8339827963006717
0.43773073432629117;0.04879655092353696;0.8190466257152229
0.4522266103733855;0.8810589932958555;0.8314593319670034
0.5983330271139969;0.9920459898329193;0.3612188524464919
0.41071987538218124;0.7087054743325567;0.40842274212045826
0.7211578407051958;0.47300144588833903;0.7165735783574262
0.6363228266897946;0.9160902574011827;0.863879452926991
0.8412074391954211;0.9271338376558912;0.006038959918258868
0.3494684275579506;0.718078023785444;0.3240102135766295
0.9287531585235795;0.8390120322356804;0.6978421056965666
0.5940698257532381;0.9507353034828824;0.4386947229553789
0.7151654001255355;0.712984450655864;0.0067264372303310616
0.0909713343720685;0.4202493884855413;0.5290014387448307
0.4000456073296855;0.40614261610120495;0.7656671757062965
0.8172932696621731;0.7238842412270086;0.34382261454633056
0.732161706487898;0.1381141192648242;0.45214164447064753
0.09534291838327502;0.09349603962032282;0.7255026882223555
0.5188486846799774;0.13850602241542265;0.7030408732315218
0.5465435746689441;0.642613335948269;0.49214355326900905
0.7801860103966073;0.7172040516154139;0.17558216706146457
0.5377500348221854;0.7888989993389735;0.4391880308484313
0.9686940258738099;0.5378586139285247;0.7082067467583413
0.8155852211739554;0.32837083149012725;0.4177571459308993
0.04885768342869734;0.6115342813607931;0.5630879309545441
0.05951250558302423;0.6954445060727347;0.7123225056216616
0.7201427983598537;0.6231980872127232;0.8489514037026616
0.6969137281533274;0.4943002621905427;0.7416918350474339
0.8822198587947616;0.7822467161804624;0.4940826168016724
0.786227859066405;0.609243401290718;0.874199849661629
0.49428002032278373;0.10052270435100363;0.3052365119228584
0.6715490929636666;0.9969347018585946;0.6159397327229408
0.044383350807786104;0.8265164107964801;0.7783251983878468
0.867640937010757;0.8191038887120742;0.4624930499012053
0.30295322042035133;0.34735067660703356;0.6456494956617806
0.11337763881459229;0.8026601614970362;0.6003832775771194
0.7685385610585527;0.3071439015126278;0.23662958527639677
0.3115591104481651;0.21710452300015715;0.0660667010728051
0.16376366517635033;0.9372062785126037;0.7784924613657517
0.478996073863437;0.12819466709889993;0.5656103693546497
0.18176540063162283;0.7232832424240684;0.8033000750475449
0.2389092547970577;0.9426567238527951;0.6590919763592613
0.6904794466762042;0.6390363727386414;0.6682457384585199
0.24387532330833273;0.46613248799041673;0.6322334139798825
0.19721327015635326;0.08682735727118762;0.5880963705473056
0.7025914912108845;0.8011310923466882;0.9483699570762257
0.9834502754668067;0.2120448150966714;0.40678040862547615
0.9790397724872035;0.7445092546628593;0.6760729937390756
0.45568189810367443;0.05389882128289425;0.11686584813773959
0.32527979132813734;0.896231334196153;0.7755080181972136
0.8870318602402169;0.3957190658274786;0.6400938358421245
0.07226710553850202;0.3953828832180476;0.7914082703941414
0.07823954109616726;0.5316002482873888;0.008110413939151795
0.819923566039606;0.7486142901995342;0.13201653367416388
0.5562372755472498;0.34284979399130655;0.7566579874114091
0.11099908065272068;0.37954911121205204;0.2320586804432193
0.08269987018946645;0.772399133362452;0.2392298463868121
0.9200904196513059;0.38396442584436685;0.43166663445375697
0.31457098928674154;0.8048553904004123;0.1316633301469472
0.12478044044399617;0.5211159528381839;0.6783279219863098
0.05791871771097812;0.24564185186751852;0.2720485142231224
0.08085324153299012;0.2361253301489844;0.8029678390508366
0.027881716550407498;0.4271014921360211;0.9241646031397565
0.8682133927747964;0.0004510421714976065;0.5388221073851287
0.43771476209599036;0.46475303999724327;0.8211034675902353
0.21229902253392308;0.35325396403875575;0.5396328584635913
0.6828567781923365;0.9140714864786967;0.836146027874481
0.5367574850304283;0.6859894731340147;0.27905266505822723
0.07377524746830144;0.36845523983161854;0.4065969597738651
0.01347982107692458;0.6572183042188736;0.4084841523155308
0.7863812583760467;0.16784226374120725;0.16795974744125797
0.08849451209523884;0.021771762882077716;0.4382041119532539
0.7528598716100936;0.9084123382378619;0.7027622909635827
0.4587306337785291;0.731057379284332;0.9775257978256696
0.9874680158235667;0.587817560590503;0.9712189424319467
0.06452020526644708;0.04899393158425969;0.14682674717580435
0.582651873424979;0.4241267698893235;0.05556919102705027
0.8493765744337545;0.2759134968669501;0.1212138103439181
0.3227275025403925;0.11155365621704583;0.7552155004826094
0.08505108523710048;0.9016352854406448;0.28100249050396875
0.7937286513494582;0.20024136267599713;0.615612305833607
0.07722424199716471;0.19845990082247822;0.9391296190530776
0.05965038313327886;0.7342247446363525;0.6343130644486108
0.6362910571508908;0.10178478975510674;0.6044778183428277
0.39904367098701965;0.4110759183427266;0.05395020666279582
0.9772887699132631;0.018114976658560544;0.6384837080713789
0.5221718851217151;0.4180275168464619;0.09599724936982978
0.5801956247880803;0.867902719338959;0.2801345656418668
0.39502810378523134;0.9933618263938927;0.06718865848354738
0.8873847005631507;0.8805634021895887;0.4002161476443663
0.8727445338511682;0.3546638112404612;0.24031970615729237
0.12046170427974479;0.32249275601819727;0.4660703179111797
0.46224155318823845;0.43764457075430574;0.7600307009163731
0.6900802759987859;0.9182644741301198;0.46766259548973355
0.49557745429121125;0.27008147048131614;0.5452616914460905
0.655554612479969;0.2942875711677244;0.45818485963356226
0.9004590149969368;0.4292741232284406;0.3582560172944472
0.8205636325085672;0.8065870550637586;0.3384253734273609
0.8244035102361764;0.3613780635416248;0.2956755781940018
0.4313489985588276;0.43421039898269365;0.5199297913769485
0.6177335975899823;0.5387470208535757;0.14924984306831945
0.7063076044630259;0.5090855239094261;0.6560358641863805
0.4581958231929445;0.5193470480620734;0.46351534938571204
0.4252970627838548;0.8366300852853362;0.8702818863370018
0.6409533685994588;0.7058600375319899;0.2402363528215462
0.7217144573884314;0.5457117571815193;0.5047385677586474
0.16297089480470606;0.9604546688021726;0.21677521613484663
0.3177196699438972;0.943560072428495;0.24223852818336644
0.33093105950309987;0.2743302728270398;0.8869423404276043
0.1406621338314311;0.6425474123036692;0.432060162577541
0.9965414968143408;0.5797096197668891;0.1862636591544936
0.9057646620835824;0.6086384022691037;0.9393871499702627
0.2153165884834709;0.8318748845472537;0.25914024645628686
0.3373862026049602;0.64773643174785;0.528589621433494
0.052339973220856595;0.27819274491143153;0.6668179464659766
0.3231469062677157;0.47478315677768246;0.6569714474586974
0.20922473290525856;0.9597855264827679;0.8879452469345748
0.2782422748532549;0.15206393236594584;0.41741787243738093
0.6668072270231059;0.9722720090516546;0.7488172391527452
0.8270995491736417;0.434517789504115;0.06794110004283838
0.18939013752668876;0.34054356792323437;0.2330255587435468
0.8932249115765436;0.5955304807664288;0.3158596325384452
0.4009569524250165;0.7250348562443213;0.6414036516602956
0.7439540939833842;0.9443192777686483;0.3255307069777288
0.03474642994157362;0.20583843146551517;0.2425809744801526
0.731006749771228;0.9437306082374183;0.8406509407226412
0.7496098988632068;0.15548057997217668;0.05513525045138434
0.8871246212421671;0.5115951348205833;0.5531964723378463
0.6975745328756513;0.5773795547242586;0.1480645475140654
0.18739425797511156;0.2769616807207079;0.39351850525194343
0.814548193009026;0.34006680172269876;0.5976696648942293
0.9514643999418572;0.8929832309139293;0.08253506226595853
0.43779575761546896;0.6929075941198939;0.6444715313942349
0.35710204301848725;0.04305663296857498;0.2506229724270387
0.5827847935452927;0.14086253914308444;0.3061377756131164
0.5635318152973606;0.7688433084638514;0.3968871660170148
0.6415257609122571;0.8049318854059107;0.01209336807071415
0.14046736589045705;0.2815410254074904;0.009679094360666163
0.17964260642920526;0.6141939923943184;0.10752525295567017
0.4638018517097878;0.4967563814542594;0.636778676420449
0.8810194730113698;0.7280579407563437;0.782141266301234
0.6093939995264772;0.27203475957726453;0.7931830735806554
0.8750410374798347;0.1633392919792278;0.0763279098854397
0.20985949729198428;0.4041547892044244;0.07444475824997832
0.20957580428234523;0.27883812654266826;0.2584946999051184
0.8843532086206853;0.24768141824703926;0.8000891683808163
0.49795162159557416;0.27594317096361665;0.8154815660820215
0.8882153759602962;0.7552603668812399;0.41044069518253634
0.08372920505020309;0.8737978283721196;0.7731026626334085
0.5284958507146733;0.14464128501491513;0.5993375226652071
0.8731926839227862;0.15469104429969383;0.5186959007062939
0.7296261426042271;0.3016175823641366;0.8827990153050899
0.28219814909493357;0.6466112376609597;0.7846162475281478
0.7954300867894939;0.0633630469682599;0.8069622195419914
0.7383165309645128;0.6907409510229423;0.5364072976919897
0.22303604094715002;0.8933399055609175;0.7185720505867682
0.6533921943795689;0.9560053455415447;0.5914376866746092
0.7375436646596236;0.06494423399555382;0.7704906018398615
0.2937876188573596;0.027592089148303356;0.9124182318232215
0.12497974911050436;0.2080796965494971;0.1643586184475333
0.2988687531817721;0.6703006608090963;0.12429040548077819
0.4614770998376181;0.7367394150207571;0.8538799362450528
0.6299795119470895;0.3111825224752496;0.8257587936567601
0.6296815392471441;0.2653491179519165;0.03415469145498484
0.4876485649375675;0.4093241639354005;0.8952965283354459
0.5347118408479304;0.58330292830209;0.030052806587348324
0.6631027430244743;0.3007710491198923;0.3872376350076049
0.7722857174914766;0.961027282499195;0.8386116452704423
0.7973073121766198;0.2498987951857905;0.7709636869658436
0.5286331317829676;0.9064237087014968;0.6036288361605708
0.9387509433540923;0.3458310043439211;0.13931905381450504
0.935166428763807;0.8317912168095503;0.9229457576546187
0.6567891523471885;0.08125768541410172;0.013775339464534797
0.06961036404427401;0.02102769470829069;0.43976472893805396
0.2963377733982031;0.9758267861377545;0.8617829116778347
0.7434836402464652;0.032024014136909806;0.7289548977496981
0.6233060410102321;0.8375780235263559;0.3280903587413734
0.14453949052578352;0.06983943174076812;0.429612041866825
0.4028027348805381;0.49474045702526914;0.07561270408321197
0.522359180748223;0.5099004643999184;0.6165690761095628
0.7088297788034453;0.11838481392833522;0.7470977124592317
0.43653833173722967;0.7454528918391774;0.0033986270228261173
0.32084105342044855;0.2664970283029583;0.49820625220974657
0.797012866458291;0.2931703719920422;0.06840631169717393
0.10543226055612509;0.938300563243696;0.2617932150289004
0.9355337257773444;0.882886693545399;0.5239242866342927
0.6885780473357548;0.7703429098589101;0.8381170896639407
0.26856368837720335;0.008656514122486803;0.5902850025006798
0.9820790895767473;0.27049710796644855;0.24603127331534336
0.837046250484491;0.3004592739043319;0.3212385626135489
0.08847224993824088;0.5254991072547444;0.6063660275620499
0.5913146027430785;0.572271838473831;0.390912421980923
0.9293374271292371;0.677904709939374;0.8698825689568824
0.2687284254636165;0.7090240773809073;0.910359326065465
0.8049549869963569;0.3222548770271817;0.7788627888001455
0.4327828707129713;0.7526512944935194;0.1510158946953507
0.2705598061310476;0.015950838809342005;0.2993757088492497
0.5890534955811659;0.16338711169456488;0.2769458675455102
0.6451780942910547;0.5747472142436431;0.9193550828257825
0.1701432321733568;0.22643236580196135;0.8858742426585531
0.3194429505997155;0.80582180444054;0.4566624100628608
0.7643981535117973;0.5642340005068929;0.7671219742045421
0.23439302454734456;0.13624958622935446;0.714039759144115
0.4394248075575081;0.6432599114597494;0.6520260792517264
0.11152695258528011;0.8662444495638636;0.3094408828319579
0.8400729160112893;0.24259987609711708;0.924379153756171
0.9247711854798857;0.9253055952521758;0.2610341085415947
0.08916231569333877;0.9800814228001341;0.9236750206664631
0.9680728453058014;0.0452135094663586;0.8438505693141818
0.7562381034364991;0.78028532795098;0.6538120725621112
0.41339445226052784;0.7087319782839245;0.019834612846502342
0.844538154777524;0.3652468635962557;0.27570671320780393
0.4506122593332822;0.8376507884039555;0.6984516497190306
0.35220700255014126;0.47794352259464;0.8420756626310659
0.007718022936208491;0.09710325535284303;0.44925904712938913
0.9094541850172865;0.745897668515184;0.06251997480000715
0.40442377278964037;0.49313927972746674;0.9809916152319044
0.6424533623791931;0.6537984609076104;0.1342428411903558
0.7736815322852736;0.44526761689231;0.10031867266101635
0.8671854148252438;0.7811921838694531;0.359571161858549
0.2757790199994258;0.7889362485023922;0.4792936454727966
0.19738860348718812;0.13492063628901063;0.20832983838083774
0.17686550910272147;0.4735245917547971;0.5334974283336043
0.25546376061450204;0.33274958291266676;0.26639815563589186
0.5647845651264384;0.07740447615797652;0.5045663087968546
0.8124669021433979;0.6250011793301379;0.19481226556922393
0.26241755255242183;0.5932089690712312;0.4161300256675978
0.5721581645126043;0.13486821421005735;0.48971023219228516
0.6010995326460936;0.47715530881873447;0.7187301269905303
0.8107285793828878;0.9176013872672619;0.5438195994122239
0.24864985624799707;0.6202085835645166;0.35835591545939494
0.8608654897022283;0.4921684026236369;0.1766886475186903
0.5629026321699636;0.8549545645743236;0.39545550257659245
0.44615943248894974;0.7755988824773787;0.22951070248981542
0.5828944506444417;0.8311326877333405;0.27683780568733785
0.6521235284413096;0.27083710426301355;0.12335794225528429
0.6678560267610583;0.7433931862952211;0.49948990674954385
0.9518275688289702;0.7722063800829962;0.7280597085564078
0.25575352575077315;0.8937914351556191;0.45674647434548576
0.83523229981545;0.07633386887894433;0.26437736718262117
0.9288854728083876;0.469745669219119;0.12781052821337213
0.4398746141529357;0.654945596862848;0.9864320873686266
0.6345107812499096;0.3643875421890882;0.23593872466586274
0.8020818624707644;0.4444810588525717;0.6078249104628244
0.08600580745402164;0.3761097596190247;0.0459730746411553
0.0005382370393839375;0.7393953156619473;0.23757343588407842
0.44547790800887754;0.9726345597248486;0.029341361444929492
0.35589512747470375;0.6948106949931965;0.48139100813021174
0.5657381177235942;0.8617726335594542;0.4390049680707584
0.4638403727768169;0.6590466161041457;0.6981385215507672
0.31182953380744627;0.781312085037799;0.8836491812242631
0.9514773484290872;0.12975150603312569;0.2762943673786862
0.739724426066369;0.5130273444517831;0.3157855192730601
0.6914631355520984;0.6119485933144078;0.7099790456809266
0.06760018612802765;0.05745538917155468;0.6412593856226648
0.19328251600129553;0.2842941618903655;0.6215472498542296
0.5566835451668988;0.3482443777869829;0.3793378681447981
0.8249525706326097;0.4607676820359462;0.8554950834122449
0.05493231249560371;0.03693315439583844;0.009630734159486898
0.5644676167072996;0.03081332175320961;0.8862437630029553
0.00518639190724457;0.6364545190643028;0.7574049160091352
0.48945200798806043;0.47979297469451276;0.732716123990654
0.7724412944198201;0.4448493199535244;0.11211518091319506
0.4449699059114235;0.44251808389314096;0.3453346061564472
0.2876305924205358;0.5460855870694182;0.5774075395593374
0.0850168914017364;0.9537492046228272;0.07540840080256495
0.39322200691544784;0.5833263674057354;0.6003998643103453
0.05212237459753344;0.6176506173663707;0.8295164565709021
0.1528327213619486;0.0526621352176001;0.45264081001924295
0.07418541652041588;0.9500706464957578;0.04278019564828406
0.004962289670214837;0.8158464459007784;0.3112300465447385
0.22197825586942355;0.156569222651471;0.7015701843133855
0.608354595012109;0.6542241200695023;0.0008319691409681695
0.9411081722535315;0.09694976935128086;0.7644706702845092
0.4694319265930075;0.10671628688110457;0.9417573678425355
0.2713269676665747;0.7289701255529888;0.8675544310735769
0.02148349967522012;0.8241633289615322;0.9691176142739598
0.09244936007327331;0.3551318766943239;0.6046683822307587
0.5931397181246448;0.4714265432880299;0.06630488167914339
0.06238796813404268;0.417648964298424;0.5721690394462159
0.6524590629031227;0.118207363723697;0.37368660219330285
0.794502494056864;0.9493228930222736;0.9331692302357477
0.726686079506422;0.6042975843223966;0.07128660697420419
0.6706535707007237;0.7581783174626494;0.32125217648293514
0.008594384397112576;0.6823305851587415;0.588347644678236
0.1305563468145693;0.45279212625502396;0.2003704837526359
0.26919111912174953;0.9687039037640586;0.12088605317404144
0.6692392952012632;0.9122769953812674;0.9446158539155505
0.3414755256921562;0.18808632105060485;0.5962737182944016
0.5658629255635742;0.42808173243273273;0.6494132142020115
0.6843129628692407;0.4156264400808406;0.3383018786360992
0.9542246563588352;0.24998481727868227;0.32994653871487967
0.21561803597198914;0.6268635093195403;0.4153066795760695
0.8357518894512989;0.5315088197283817;0.06467526996645068
0.5555002567730927;0.6282783498150599;0.4030686317939133
0.5716374406289426;0.6773427789715604;0.1403094057489105
0.0662255492677365;0.06405544045599487;0.3924547378848058
0.1149712466583096;0.40447566006207347;0.571205128623308
0.5549753164966169;0.18832868972429773;0.9143724512844257
0.11901011929817151;0.30640678881391703;0.6244259285821943
0.3815736645630532;0.8749821437367203;0.9417192345522724
0.5036786056298027;0.42217803619567695;0.3462265216357504
0.09533141639590681;0.9899109000568506;0.336170344642566
0.4668150225910994;0.4234520303877056;0.7244059964679076
0.6929564194901382;0.740864977127574;0.7548215120980378
0.3551721681577399;0.8291910911556148;0.8585963055850399
0.6931301924231831;0.36080914168790834;0.08750354060268739
0.650780504264519;0.13038569663904043;0.40326144676934317
0.06709867357656096;0.8975782694062999;0.05548847664916057
0.242173353895746;0.41974406129570885;0.5840608452475379
0.5530422740295498;0.19702075138074304;0.0980139791771556
0.4337733455419406;0.05301306036464093;0.5450885276544094
0.9164750249840686;0.5061300955631108;0.6650539707267092
0.963381959189695;0.7936501397443305;0.11859271406921579
0.148241643199177;0.5489021093384534;0.4122683863348241
0.5582388882378808;0.4535559274747841;0.4062724175981812
0.1396438317077323;0.16971744624785423;0.8474916897814018
0.8249547883798466;0.2488277521777501;0.2660975787991158
0.3270213278679901;0.8254201819057176;0.49467122879772996
0.8055997267110779;0.6738320861586605;0.02481918222548385
0.6520226837461338;0.7713896451331277;0.009771604361426989
0.14761700961180824;0.7464235884039254;0.1339013838363129
0.016751405474630943;0.04364817360363471;0.8321380256936916
0.9892542398056687;0.825470691166393;0.5035822388407046
0.8896141942760154;0.7428414910666141;0.4781579019324703
0.8537252765686316;0.32041091678644606;0.4854378338551505
0.09749334436604395;0.1672463440268629;0.44475331917982985
0.6343677091402471;0.8408161124553611;0.352146304772176
0.553302572637394;0.15716015006785167;0.4758150654476322
0.23749375259679728;0.67040860699096;0.3121323503594392
0.013016698258801251;0.9723129978132649;0.41443768580213824
0.2976857397179492;0.05600221207098477;0.30921025714739125
0.6460508001907852;0.4193909615341387;0.7947468062584039
0.6289389536022297;0.24667187770701549;0.8333161717295516
0.6439652239009843;0.14729521942804558;0.8847126845720044
0.10241706930967409;0.5630348939014522;0.8932274930343402
0.8350012364145316;0.7639922424487473;0.7145960317569561
0.34809172820943846;0.21976655082677732;0.034852824692743645
0.4650468967589626;0.24898471181585624;0.8158106202909297
0.32107741643069254;0.37823569146532554;0.1950262569411908
0.1839023794422021;0.06228806658037733;0.21908814771855878
0.8350719370398435;0.9335744229492333;0.9140141193423615
0.8380981774478524;0.7274978975353849;0.6005772913074495
0.6862935946834604;0.7878683699639397;0.2397579769388033
0.7425871067549281;0.7244232086453033;0.5496754325933023
0.04593153822573959;0.7027287885099668;0.7988452718547046
0.7542486889928641;0.1312322124703258;0.11205650095371089
0.5224385328279272;0.07537865144019362;0.4162267824426209
0.7211450017226041;0.9032210722357146;0.9401115868905227
0.4320088105036364;0.39624640900709973;0.5787340349582769
0.7181447736527354;0.6851781995733534;0.31032011687685546
0.4814624142765719;0.6314425021427023;0.704307032192464
0.07072947020580411;0.6416121150431906;0.09263538349808853
0.42417349351407896;0.24864348221447208;0.07623752213108947
0.8972630161248217;0.024666240479878754;0.6335689769298237
0.2543216544560464;0.8790297186204556;0.5325318446990994
0.1646971782770722;0.1123732545943581;0.6478675747526911
0.5696613319904754;0.9371662224294666;0.07892797811461416
0.13662251639761147;0.5607443609895413;0.4391821281351729
0.15026739686930335;0.8204140671832577;0.7625137574243672
0.15042973723081599;0.7907151063429473;0.31648133012019164
0.01273374548780215;0.6018653955214346;0.13503550358380179
0.2332586445761169;0.2008455316422595;0.079838202166152
0.6926242010230054;0.46786334517510864;0.4007951095397717
0.24366111574911375;0.04368975064759173;0.5723233049719493
0.9609752235070679;0.37266733925933127;0.2787546687062624
0.04267078164863847;0.8606303670706831;0.02305020851937467
0.015910396776251945;0.4410309925783006;0.03527244581903077
0.2983229377073454;0.155010518462815;0.47260951680271823
0.5783961803233382;0.281523542894902;0.8058942282593926
0.06389741966595375;0.37155867610447224;0.6364128872598551
0.5518132329432317;0.14453616233423527;0.8680487146052913
0.33096177087318257;0.5171928410598557;0.16223011248516994
0.461920008869243;0.3391682060575635;0.37262262334767726
0.7290450809444673;0.4296979694775481;0.7760580942230173
0.7718041167050469;0.9424425264055317;0.29974011013065616
0.9273187623763087;0.31125271382626774;0.9746393956691344
0.0916151336793597;0.5505242246864913;0.944862313469753
0.1862700295119133;0.12422241905445464;0.5517749516244893
0.2543793054182708;0.23199208990338305;0.29254088271037904
0.5314686369886887;0.936200479824057;0.19523947823098664
0.7013902366558694;0.9468411524733192;0.5731551419160064
0.6518477740564453;0.9614637152946313;0.5894229626637754
0.07242975682407349;0.37665243110148894;0.03207119153305771
0.5010012113922816;0.45769550987720087;0.5567252010002613
0.338877896225779;0.12577699903794093;0.17010293104958396
0.26538369540827456;0.42668428725416885;0.12581322296119335
0.6309708232364544;0.16798488819691493;0.5915940100622221
0.8138867580762001;0.4739255389726873;0.004222301772617287
0.13392725749626866;0.7322482772194954;0.42979451845137895
0.43419961039393573;0.5268599239608693;0.011491553349073036
0.3841577519517322;0.048930897774932536;0.5031878029311795
0.2665143434189181;0.9777846102840372;0.66884985113936
0.2989430267785167;0.4723478498092393;0.6814950421324425
0.1030199199728643;0.2414395225542888;0.8214023209072321
0.6508185996267847;0.2533028917756084;0.9003427551547983
0.720768824217885;0.3466853835252891;0.407128802755892
0.9321003907158717;0.7540825990490284;0.7114976108135783
0.8835741961162973;0.042381167042110035;0.002001464650880358
0.7093703194391595;0.25425464685603927;0.22456171659084778
0.5709305943033505;0.9189835204968564;0.7069080137828676
0.7049394230190033;0.6726419708358866;0.276068148670367
0.23142553594926119;0.5628979285653515;0.8359351218337785
0.034816546785808145;0.930588738154283;0.25029809105482814
0.5768831264696549;0.03860391029062393;0.8812375235890985
0.0944658383476571;0.13519685276915427;0.7434221536015324
0.7538823905806503;0.7053955363819625;0.6991765922109363
0.8393022800202979;0.689692549747402;0.511933201426824
0.4065698215979672;0.3269510498565451;0.1683841544556569
0.7782769791767621;0.9283244058605579;0.6479817751609744
0.43759531082032943;0.9969039704606916;0.5027375815845543
0.17289514004267914;0.4074124295820578;0.2947479186701799
0.5277362954479918;0.02402544331821166;0.9890473835554525
0.49453135757939526;0.25350289063850806;0.09494603469263863
0.1272322871056092;0.8337429550367479;0.02271995811165406
0.5289196463510025;0.789706994037874;0.6871489875785617
0.23241560277877593;0.5836103220903622;0.9881459965248388
0.519745394487577;0.07008674065136922;0.6587043621805863
0.020898871051324597;0.3621393521914056;0.867455308476865
0.6747680071646444;0.6513529980270557;0.06393867761577043
0.8525288095783101;0.6278024225187688;0.7368253995608778
0.38420254672317966;0.760175401548375;0.4697529482008267
0.551409596755873;0.8602315250121376;0.8756100091040051
0.3929644674700117;0.49875800564925976;0.13224412524394424
0.5250072775771366;0.6103620035939298;0.11730316680032404
0.8891603329957396;0.4928855329480861;0.8087612499932592
0.2661272790613467;0.0984412001049525;0.38762245952083185
0.4296657437432104;0.8045782436299952;0.9269512746014644
0.8794670462065817;0.5366001803007073;0.2837173495731209
0.38584167912607636;0.9074167876782278;0.35253768549992237
0.30658629630856316;0.9332162479759245;0.9559868744323999
0.86061099078653;0.039425729453370195;0.6091120379998798
0.8884989349689646;0.6395904064455407;0.9874864437880684
0.6254913609178256;0.054647060522612145;0.537818555142682
0.409753925257076;0.985394623974888;0.8798286907083733
0.7651215937303767;0.4631005479977047;0.007536036669779644
0.6677538351130176;0.09880120845769813;0.3254189937118098
0.7148272195634069;0.04840518337153921;0.3426190534979737
0.3307869243052437;0.44174654923458123;0.058437386427320326
0.8053838709382988;0.7608327813861101;0.2871301187672677
0.2699700377476745;0.16178195034345155;0.9973036380061866
0.3151904826743537;0.8356211261102825;0.422536270483033
0.038503794227367716;0.996388633443587;0.796805387824354
0.7202066162578965;0.6591899562794447;0.9096775550569403
0.015587829592691338;0.43930510410297297;0.5752904373059133
0.46397671901809057;0.592031098837584;0.5578372216346292
0.36096739080154283;0.17743359782358914;0.31523493682703674
0.4547802581852245;0.6755472888375555;0.3626470328805935
0.14141381133969888;0.254141880265789;0.5291581768621647
0.6238043092499648;0.9401533116269012;0.04768441705697213
0.6541469254363064;0.7412451441656771;0.7314948618654019
0.5318686814527043;0.9669756422048922;0.7077798860328405
0.48770772729987566;0.10276682587094299;0.46577112248253394
0.5327016816204658;0.4681804268457206;0.006466953579021717
0.3179153286801064;0.6706335119124203;0.9032609623666938
0.7420864376396681;0.05313404991708115;0.36883384907665173
0.4914204597874141;0.6413253579517152;0.01945414026104797
0.7335074315053081;0.1576191691416149;0.8502609384003382
0.2619600118163776;0.895813575240391;0.885127964873609
0.1311921320092736;0.7135457851145223;0.728732311857038
0.31746557580658996;0.012625676060105007;0.8332781956906384
0.4347741353482161;0.4101448320240557;0.8875584735819254
0.4394899188573641;0.15235427822085457;0.6046218581381801
0.48650339822017896;0.5047798956188403;0.31922440512378336
0.6921032696117605;0.06146816033855018;0.6624335887880645
0.6927408128792971;0.739949139968298;0.6356586206779186
0.5928583479717443;0.41120998193106806;0.5367875730864629
0.8352901550882953;0.4503551263962805;0.7907153522248955
0.62410668159442;0.12085864129926127;0.4774685177844241
0.8765987050155792;0.699141218120326;0.7774392206514985
0.1096615778283434;0.5575082770555781;0.5920204087459454
0.9155141749221305;0.23990797869524005;0.16034188549035655
0.7827633797334134;0.8756689591477067;0.8936428650414434
0.24130428475854948;0.19746691343963074;0.5540117411001365
0.39574907664525205;0.7502422344162742;0.9747755505893609
0.6449270608834229;0.859220186269974;0.10459474031332228
0.08864923286516846;0.06269569859926061;0.26749352219775
0.2906051162468356;0.4560746753855933;0.51231523102464
0.2291793494673542;0.9702899147899925;0.9004662463490538
0.6836887811008184;0.7288381966692649;0.6645360516147257
0.7628673448256057;0.17196738418601343;0.322837645026967
0.24377307960219308;0.4261135887010057;0.4702095214134332
0.13013856777858135;0.4925626149789155;0.7641318426149846
0.3564908689192833;0.45971160547437384;0.19689733179965763
0.044541440455962866;0.9196283297403293;0.6975649307053075
0.5043489413099765;0.5941014508513369;0.5250707075201186
0.7246864946181599;0.29102025507594054;0.22094291346176964
0.316141712642833;0.9954085570446451;0.6838546428946813
0.3759941391540912;0.6239552564421148;0.22942657785360787
0.2892073316253828;0.632566313179338;0.46497013468283177
0.7762661426637522;0.17402326694344838;0.9751162041045406
0.3333084425065701;0.19314152238167348;0.8272427337943902
0.7940439052070263;0.7536286742722975;0.7714277747301026
0.3035000868139732;0.7879184741639584;0.0426372594424701
0.8716237094345692;0.4172879975926278;0.9953157196719812
0.261468227936165;0.34033226471295774;0.03050410010400828
0.8762126088183438;0.09962658133762992;0.1907847716669464
0.548788560150508;0.7397185159098728;0.6078444667356423
0.19090351737352518;0.3376229149888528;0.4305090235842586
0.11060024109211575;0.30628383507111423;0.8701904319411169
0.3786372245181303;0.7096722753790363;0.43210340249306034
0.9151491426276478;0.9854829228559103;0.6220403043968452
0.4055715979714689;0.976042714029039;0.5535089691185324
0.10888909826709758;0.35327917862605085;0.2726740763826335
0.9237495304589717;0.898676382442742;0.11717525469107859
0.5603376390790482;0.21800155283370226;0.9304350414760324
0.06461607564389349;0.521493102895738;0.9252635923937945
0.9256371182010648;0.2137756067235368;0.011419548630159482
0.8503114782414439;0.3877293805048966;0.6615020839237997
0.16470652285868426;0.24424904575925066;0.4341932263900363
0.7361588937661203;0.03373887343132165;0.9124115292541447
0.8111640434392479;0.9499846037582416;0.5106782092198007
0.5671231483636687;0.3433623282743532;0.2728684424906922
0.6942384549188653;0.6002065629287361;0.29208900217612543
0.22815184493774032;0.46546124809561307;0.16008290759597532
0.3953470891204316;0.2951780110043887;0.9500676039124973
0.25361885273492046;0.7252703924509575;0.734797336547646
0.5062766825934607;0.4772656908817312;0.5627193149411083
0.7577428031753464;0.21683186833534718;0.2723527787735981
0.43874076951260343;0.8707598554916959;0.9139590232956424
0.19082919182907176;0.42938862303846725;0.07272230409519065
0.2273293705589885;0.734610871013496;0.7521955623473937
0.04022590388650482;0.36076255339246033;0.8666988716593867
0.24562861624493826;0.1557036663318383;0.6674141148767796
0.36341589859836;0.7296240986484726;0.5880726164029642
0.2596593391049571;0.8360789522015615;0.8396005801660595
0.5577280806881867;0.5979844754277324;0.14049980747026958
0.26007582417798225;0.2503296911707058;0.19522170168848696
0.032395683643753226;0.791152169368656;0.4457973850026723
0.04575519213195378;0.5877484186861386;0.6083668559026238
0.1115449224134819;0.11097362590765958;0.13035031522403773
0.2720662324281884;0.8328538704110026;0.00699751327751319
0.906117670785223;0.5821035823167129;0.16417584248241213
0.018103137280676362;0.1413182319576175;0.09130992133545046
0.3278289178308508;0.21506956909831287;0.9890218221637956
0.441900538053401;0.08835746173018433;0.85781973869148
0.5090141178299806;0.0713356202531743;0.938044030116793
0.28391231903183745;0.262619635281778;0.5619405697420583
0.7523038598588783;0.8263634370128973;0.5199445861600962
0.370135410744605;0.7074715779238454;0.03725315566082843
0.35612344143623487;0.9925242647723707;0.5851133569433665
0.6819639989074824;0.5977184712663866;0.3988926396075254
0.020584664637884442;0.1308703832233581;0.6976092941223093
0.03166787685976913;0.31892849202170903;0.96524106522906
0.03699458131928757;0.7448602191069558;0.12287589678650512
0.3404484505020873;0.32781122781913075;0.9732545079826382
0.18122776290392495;0.7273108245797649;0.7721199788501107
0.3882680574922388;0.8524368176252649;0.8586451841717825
0.7313510823646802;0.7364235718688882;0.7708266997524461
0.4868711219742514;0.47230830616978803;0.8046233943075392
0.8120224872310008;0.8943279574372996;0.3385606554414673
0.07736273372584801;0.5388674511740708;0.3857945592904316
0.9106497585882282;0.10609996650127218;0.9137072793677482
0.13115369920483966;0.6600889874714697;0.7619785111861055
0.7139164123870598;0.2101168224187755;0.14050278481949563
0.11076009920916297;0.31385065736829143;0.2673892086015305
0.8676716201651237;0.7048844790053835;0.35231238064849213
0.1769160313882827;0.4999123316550482;0.6586219772885398
0.010635052193319172;0.12671687731604764;0.7996003348909813
0.9878778026111705;0.07653826331679414;0.3865285358796072
0.4987794757955205;0.5783721432526633;0.9109371060195856
0.31586705001053417;0.9299674061009463;0.7851078323049847
0.14348153957321885;0.6575112616851129;0.0360776494603775
0.19659378254121251;0.7293600778942335;0.17304408036763763
0.6944125915038678;0.3230684268187697;0.10156594197893931
0.10603283892716164;0.07587386795824858;0.09743700385551812
0.3468961065805167;0.38877186825692966;0.7973285829074633
0.49076921428721276;0.827353596050746;0.6037867102998073
0.5329755791582663;0.9909269480431535;0.06802895717174817
0.4479599036387524;0.6649481582833531;0.15700902518836768
0.7683812311835092;0.6956796348396582;0.9564482976413222
0.748609319873124;0.4777670025638113;0.8920217412832304
0.9457216865422784;0.005209574665869798;0.503805257125627
0.3957270329383952;0.9527814858669076;0.5628236921726398
0.8670596823134091;0.9645206981420315;0.7278797131770832
0.32923937680135373;0.8846421602089942;0.9038208761971336
0.07450868248932097;0.6124458690029699;0.4407684040039127
0.5542737612243842;0.10769214383607117;0.9539838747311007
0.5442757399045186;0.9806731134973647;0.031330267552513114
0.6385107268082657;0.8593496638888514;0.14325733376131178
0.04673992344028444;0.03920440051446916;0.2551981865741709
0.5644556236819858;0.5864660947528205;0.7566858495722816
0.31388272464222444;0.37252531872525474;0.9552491311849347
0.9169806233756752;0.8065409685704463;0.10689301486597413
0.4900962484491638;0.2058211005552325;0.8182691388049551
0.19863978113282377;0.8573220050162589;0.3255811909770854
0.5652193753734287;0.9373551525385302;0.4200941943223494
0.9058470299483296;0.8398274749504986;0.7879661018281846
0.0329152633659584;0.7696542247224961;0.4730863369707258
0.4090476519974511;0.6623034712377308;0.9040340776633099
0.17390280986399853;0.4487439461354734;0.5606337717509534
0.9549964345109722;0.15969395659905583;0.8975863196188484
0.7456051710106033;0.8194208886910268;0.1537374739076468
0.9851735268438265;0.5591420226046616;0.8949683777499843
0.23410216593490962;0.28697107884332196;0.18820726319241488
0.7081379811266099;0.06036293090728939;0.22279495563238605
0.8404482720287586;0.8781850840769069;0.5227733801090377
0.6387339421649224;0.4254584915990349;0.9400663492182565
0.6939558507048551;0.20962212870848262;0.6547985603561692
0.2935071161427295;0.14116233323496774;0.9244458886769868
0.515806999419718;0.8619775510101719;0.5253721804390297
0.720244127932735;0.07135660216319062;0.06434340438453034
0.5184010113234845;0.33868945337592704;0.10767543902526977
0.6483911159394403;0.9906321490316933;0.17869683163327155
0.863964062156149;0.9696356888810254;0.7193944087202364
0.5227176050393352;0.709446731506502;0.7914307757751791
0.9308806929379885;0.6463895203249895;0.10271402091186532
0.7791560449356861;0.8156754387037602;0.026319040302280827
0.44036462499016027;0.40332050329950686;0.9317494520297518
0.8781985804737988;0.35042276421095153;0.11377631533979216
0.06941653294001882;0.945319183654491;0.7017285159282837
0.5890837799600381;0.5738435198883194;0.77601246806238
0.8484358922316111;0.06813315227770667;0.6340595485679873
0.22459213198451544;0.47276431727043744;0.5901182570720771
0.9042157897638513;0.05008546442508888;0.22755114391583675
0.8109621841095241;0.5943566101209892;0.5685956464961199
0.18768134548032067;0.2492455374371776;0.05217550757270406
0.15040211575050366;0.5989720049822629;0.45244698041849574
0.45640544170081554;0.15690479064616558;0.12969310492800512
0.025201317894615216;0.7365144728752583;0.7493278693038983
0.7818580040336157;0.42154072980385926;0.10122333888125024
0.8601872517306269;0.3023122239777446;0.9119998419694813
0.5541588058915461;0.9911322698618936;0.09419412621361345
0.7115097894977657;0.28580294184345645;0.7050242592644329
0.24629799867904256;0.5246350816202067;0.2452255076414196
0.5968177183528639;0.052312245003172664;0.3212460805667904
0.8057441630183381;0.39456363011421713;0.09820857166059782
0.9657881290120517;0.014734874876608406;0.0739959675045444
0.09399634823192815;0.22733139652045886;0.915830655257789
0.2268110255778507;0.4105088959053661;0.5089641720798146
0.5574345921492645;0.059373789482634165;0.9963291217876894
0.3818968070080818;0.1330407276215786;0.2289834468638421
0.06588426464502273;0.6165604653470055;0.4784556796916156
0.8647972521803347;0.929101741155938;0.9936543412228113
0.9298157506787835;0.22466850721213916;0.041494314564372914
0.6563263045566033;0.9237221308459626;0.39691866329775005
0.9722905578008075;0.9410407669694112;0.2775095325760275
0.8422820408902658;0.05077778010811851;0.8362507114676706
0.3807574045889962;0.5267932839680264;0.8521321059115672
0.35874217245403206;0.5681551250559674;0.4092294984133117
0.5006174501818681;0.21159032150045098;0.4572066615039341
0.10003488838156382;0.5664369247096818;0.4414576191791183
0.331442050629812;0.45839374671779554;0.3827755380534327
0.04648459284818063;0.8155538691009467;0.49575135868199127
0.7374381674792573;0.361610366805592;0.0028943062285106125
0.41989361953820536;0.6073903206005036;0.17888273006439603
0.15586339950854244;0.5512717471208206;0.6856448121367577
0.054383056789348294;0.26303774809290703;0.9008326201403936
0.7294691893427406;0.7589564037640686;0.805095516824071
0.5680574519065676;0.355370381182181;0.6219216798302182
0.7609864004087343;0.10253067956506334;0.9094000357891073
0.5191769801489605;0.23696927173234494;0.4146607322514976
0.47313277032225387;0.19759616044790929;0.40764701974185336
0.9354524366590681;0.44285866896938886;0.13691001805410097
0.9173873202820185;0.8866869746640911;0.9434076786349687
0.7797075673982935;0.8957088145906557;0.7551748352235009
0.6685623781469732;0.20254562061745351;0.05647091782311309
0.6037531847247617;0.7998452488816746;0.9350342847926977
0.14486028489806968;0.16820934920479136;0.37003654950936016
0.3796675318080722;0.9941704559025386;0.0702771407816477
0.9457508580821236;0.06186803085521497;0.04412862835477882
0.66949577947893;0.9917795216228588;0.7257744511947525
0.21931197085665655;0.3006178512822142;0.5150813811287539
0.8996761648351589;0.3355589066179785;0.5005912227254516
0.8279948233626576;0.34546414353345656;0.9956702462476561
0.1885896279693744;0.6466359976331664;0.9762266520471196
0.5898400212501854;0.21694103692721445;0.9134958400882738
0.2716120969130269;0.150178658972409;0.06751635488360386
0.9706506212992921;0.15181163768558636;0.3315425733930042
0.8084780924113978;0.46699647310631487;0.4714701921206145
0.7330237964262066;0.25452451206037385;0.6395126407510182
0.512258465312758;0.11387844931434588;0.062100425447403684
0.9781749969067425;0.21165127034552467;0.7477353605370597
0.9282100573527498;0.03929496698875423;0.5368680785523673
0.4155847804177475;0.8253189541117287;0.9539879698375027
0.716717115873793;0.017895870239457268;0.5613743926647374
0.30619434093061026;0.960941799595088;0.6223761795006758
0.322170276872598;0.3811315666722386;0.11441249090720607
0.9874612088829927;0.4853502890576997;0.9286060704971449
0.4844857202077991;0.7810994259331975;0.8865993938154474
0.26637837836771827;0.9494111338636398;0.7652452025823107
0.18590786701746387;0.8549089260354147;0.6558926498136365
0.7724225746234237;0.25849317012179895;0.519079377292507
0.9293206670772676;0.2171199695846856;0.24875654016244741
0.512291903409234;0.15739177189354048;0.7571427244287691
0.008098642909704967;0.7320061192933358;0.9641451479101291
0.8973734200202225;0.48345764005441816;0.8979025852600031
0.7699151266336308;0.561138204021456;0.3262855693957526
0.8208445195299322;0.6342297302668972;0.42000494861293125
0.6513801402467633;0.8563804878160468;0.10044692278214795
0.7011360217222503;0.8659622821329078;0.3224981552634676
0.15499204541515876;0.22241205440810863;0.9691697211583814
0.24348446916518263;0.34276802637458215;0.3064326476074125
0.48571893901433394;0.4442723365313014;0.8398822762255425
0.8934837008983335;0.22159470589632557;0.7797595283075236
0.6218969373184708;0.5009634911499943;0.31953730674260095
0.9494834036700439;0.32680825646882483;0.8557355180798741
0.5675906548224542;0.05245047034736372;0.12291211227996701
0.5009495826364627;0.38809373061357266;0.45507975838101955
0.7041127722248457;0.43235432890882264;0.19618977886118905
0.5636412981193902;0.6898689152589826;0.38171596787682105
0.296956260651397;0.785736309536146;0.3722752282988375
0.6071235019464559;0.0437185438592973;0.6661458934601099
0.16346659677013287;0.8067939601655068;0.41361870571779047
0.3519935589368113;0.07351836938686884;0.1373904250682425
0.2978984496484637;0.17268197434896748;0.12727567000303863
0.8466033308985397;0.653908923334781;0.6524935249930014
0.8321640090138089;0.31759718678918336;0.4901697209973238
0.25226697233871487;0.5667643540628728;0.5404100186391712
0.866809259481204;0.08132973416785283;0.750607239821779
0.11504532640019183;0.8989695999523007;0.5150604626592534
0.9892114894664388;0.5454594797828299;0.2804347450095329
0.22524649026333854;0.11616240963983882;0.22714921874793437
0.8812065125024072;0.8820332851636299;0.23980977153641314
0.8387422398207377;0.6248564582808723;0.9733670149221267
0.7559353360774751;0.7601812243049377;0.03904434362002973
0.4087616377041272;0.7336086986481627;0.28721880918601306
0.3772538925090835;0.9321431344274039;0.26136404227100396
0.38758188511621516;0.677186732250644;0.9394305181228925
0.816225817921125;0.23554595977626802;0.7902198858092069
0.6042857919475503;0.3487909981259901;0.9660970811025618
0.5299589861632247;0.5813741953353961;0.49859446456051415
0.5438905520432045;0.15535914919580762;0.022461159877255166
0.8122213504536288;0.8307688449001769;0.5535990693369649
0.23894576185550143;0.37210658097824834;0.41054932291755086
0.17983282856195748;0.3123464745377872;0.11784249696184579
0.8087247958535239;0.3551883939469994;0.8682029781567829
0.556674518428573;0.8254144019302408;0.9021734528928709
0.6112650322885613;0.3760449270069163;0.8368115968744811
0.24655064815206595;0.5079889098150324;0.8724241854643411
0.292705351957954;0.5956422242708597;0.9038366650798624
0.8171826008712058;0.5019656510436066;0.3274750001941207
0.42226699131183876;0.760301817458107;0.6425490487638396
0.8338157493992173;0.6120741664330913;0.2252212026534286
0.5381933231003252;0.4069416250294715;0.06590265609111545
0.6603813453442322;0.32926802680863043;0.2818990263635629
0.4846211952769933;0.47438342288147817;0.18511278709494328
0.0007488410372353815;0.5828625217183777;0.6808051656555846
0.26282075777827263;0.4789545853001195;0.7911558536746961
0.8007076218179091;0.01969110703838528;0.06836362128221019
0.3781416570955032;0.3760543740718545;0.45922678090469127
0.5392022556042373;0.46725924801430996;0.30541310286842893
0.02196126943563015;0.7786248862045506;0.05920594025061299
0.7197419375715781;0.42804849612867457;0.7046796784487382
0.8396800834393167;0.7889234520761067;0.8360463888704167
0.5772690491191874;0.09518826638770617;0.4506553905692521
0.36812938846849286;0.7649195167803321;0.05416769749390693
0.23827385362931464;0.008775701262746183;0.6764010441011077
0.3333678780881031;0.9530212598093886;0.5087545174253052
0.6798146948616316;0.2792275117454306;0.6012107006800268
0.34024515875116734;0.1877037184404351;0.10658209643401373
0.7281060148680325;0.9598033409465281;0.09530445163842638
0.9912959812410641;0.8134955203344396;0.8924187590027829
0.10033174125573996;0.5875983785106608;0.402539820184193
0.3202697695277489;0.31515373928741086;0.6068999411690454
0.5759804023705896;0.7537874599200384;0.6179658915371864
0.8392604550423757;0.7579915983415796;0.21941518709001206
0.5082859907594866;0.4551856508890558;0.9436091231124057
0.41615509903393577;0.5307698544226428;0.406273661411938
0.6733527419529275;0.3699305509610301;0.6439455989567824
0.9041207542513998;0.7859752650945069;0.27070015530646796
0.36022339828360184;0.5780823752573774;0.691155602786803
0.18595320108356161;0.4664483226816296;0.8250052783107872
0.9797166706988869;0.8710402519667563;0.29436112701828676
0.24880287890450425;0.14495677052000489;0.9161081708685551
0.34309332533678616;0.9191415409363818;0.21025046590689067
0.06451675330100137;0.4213371597087384;0.4442589694299812
0.9544616906537673;0.9587540718197414;0.3672901632707598
0.3559940615068423;0.8525542102731147;0.4999298424515344
0.9428934915884936;0.049744025288186555;0.7809567137856771
0.5498806449157996;0.8073093614944885;0.6212355694243935
0.46691617230155824;0.5581394326262124;0.1554321389645832
0.6441069581780694;0.8393574653603272;0.3400846760020968
0.07602554955089691;0.8195326343832449;0.8620290140463016
0.28943540166579673;0.11461993780444313;0.6312127513283017
0.07511998035315492;0.3532503759843576;0.23767024391184566
0.5231614214589495;0.7314881121302701;0.7789664396871238
0.7328621697655381;0.010327614824079179;0.1032407223263282
0.6661923879588361;0.06849068119438861;0.01745273242835177
0.7453803037207487;0.2918753279819122;0.9248648250363004
0.11181643921467632;0.6442250951005518;0.039899677487591156
0.28732588092277633;0.570131179544913;0.17914870206420763
0.31629948052292634;0.24874363370065056;0.9696601969736333
0.4239115888403264;0.7546813131328144;0.06424427760919849
0.9258116848560812;0.6237386582450553;0.8327915152967887
0.09876513118817454;0.5489852114913603;0.43354747271353944
0.6395964308793374;0.9514466060544488;0.5755878875254012
0.47514460248047863;0.5657086818442704;0.4342775848982845
0.7725048800855749;0.37176963919553907;0.7843787179610323
0.6785792531076362;0.009531491803814185;0.2256210580157556
0.3424195485203595;0.9173716899907759;0.23640240432684856
0.8998854992185911;0.9014424299818931;0.9571079869498141
0.7072058837468296;0.6982346594700243;0.28643723332388416
0.39348698334524657;0.797847039742036;0.44702957730348236
0.905105022480241;0.9862651477765817;0.7013179682704634
0.28339390664332187;0.47904828762842144;0.17186466604614203
0.8420547636917964;0.6609485675909412;0.846267073849189
0.6265037369422667;0.9424615580973462;0.60469078060739
0.9839758596495723;0.26041305984666796;0.07052045727834444
0.57749758842799;0.37313523534523685;0.6935234920789448
0.9511090562616371;0.0002991240682285179;0.783450273782461
0.11896914916492662;0.028871074101528227;0.742123487811465
0.5431657036101651;0.9424647046119122;0.42618558347861335
0.29239801856538195;0.7406595716227458;0.5055609836700637
0.39726721829252754;0.7446600414752678;0.6474545117245271
0.6865993136101123;0.7142249643873048;0.6342974264542268
0.48788129642936295;0.7433077098269669;0.31056690538232035
0.4166436680001563;0.6794940997046136;0.15539346823341527
0.2745587532338428;0.08426062808670154;0.05068032300515635
0.5752398687467422;0.21367181035262384;0.4899106770381546
0.21616455314082306;0.36488391853158497;0.1377953401714881
0.9580046650164737;0.06837465528611342;0.4649163840289542
0.18333286640365787;0.6845649459046039;0.8826371859638865
0.05844666586924696;0.9485044776900261;0.32359237617328795
0.43671309739286845;0.7349458144335754;0.06809155540556733
0.022014529820260864;0.3054847356277334;0.3565178945277778
0.974677656937745;0.9800128555778751;0.41048254167238385
0.5483652998548366;0.48101479046097884;0.48590608625419196
0.3232842531848017;0.9110754941049725;0.01929342726900196
0.6806065119570514;0.6677712559340626;0.40078935334342114
0.5574018453830965;0.78241879935764;0.05541885522685064
0.5363494699508643;0.9097856283385669;0.02829915211063816
0.5092246477972802;0.23017174084978542;0.8631969671502676
0.854722777406675;0.9825406958007749;0.2855604661390473
0.44641483516220637;0.5111642063450873;0.4493151780197844
0.5131776067965366;0.8066256740273837;0.6171359147684219
0.052900371217647235;0.20482258318557134;0.35753527109859806
0.2322138054076177;0.7366730362751045;0.07322797965601968
0.6492800785804945;0.5901432299668989;0.94605457953907
0.5390367322235771;0.9738321506763754;0.8762298359699339
0.9850499435595642;0.9536719502450587;0.8440875524872526
0.29215677656018746;0.037280245843421156;0.17520732380786086
0.4494418566894035;0.09714638881515325;0.9780925968084686
0.9683861290486995;0.5281112792633744;0.9404033116303111
0.9990241606391342;0.16621877458003487;0.12950659330859937
0.494605929895943;0.21664392402832577;0.30389035452383195
0.9423161412549385;0.7423188779554486;0.6066121212692326
0.4299512555563484;0.03509018019986532;0.6643187174629287
0.13295570825441194;0.6343854728564726;0.8553204138551428
0.2271825047824808;0.15164429486950026;0.1538493247098356
0.723876346053712;0.5748037159484465;0.6164415541868032
0.4029973073421026;0.09550810517955077;0.039632904084586085
0.1303468078927541;0.1488666758449677;0.24943514976904535
0.661017019402107;0.484365728267808;0.4541764981467973
0.641820913521483;0.07431537750481698;0.8848470034047868
0.20225845211172933;0.333153553122538;0.16928499462590096
0.8138144870343696;0.4972099855072949;0.5581027188246972
0.7276964144259752;0.2227315688485072;0.815497956305579
0.6291557265205923;0.906889951679161;0.8531284512418456
0.14020708835269113;0.8616547235630856;0.611648727445483
0.29741235337837035;0.45823215407785245;0.35451591466092847
0.8502797812063952;0.9182036412426154;0.4017022150111226
0.6231694109326904;0.6418180804584666;0.602235755182113
0.3714668682483756;0.3596950851569036;0.04533846421863963
0.8247900675741094;0.7129320439580816;0.1885164460654376
0.7008933393218763;0.24248005000505346;0.7831721568693882
0.008540764956651237;0.8896997887419756;0.21134163557792884
0.4756469837576457;0.28942092283780063;0.4747662613464052
0.6100508175292443;0.8435080778463739;0.18426313755422785
0.7736445384148181;0.7947916791391558;0.09513193866920344
0.5389043173075218;0.6688139495084041;0.8853490631451864
0.2799328874356848;0.8254911425037128;0.957265932952409
0.7445517492712465;0.26720461514282057;0.19612071989907398
0.4343985721745206;0.27288474341628066;0.7359100830158523
0.6387517413582262;0.6409141562372427;0.2564013596707385
0.48307097626015394;0.19000783715548386;0.23848203641359123
0.4160309882680051;0.7282181862782662;0.962486870160213
0.8551638672811065;0.047134756186093196;0.03712339651575902
0.6616849598723428;0.8247960031160125;0.6249233668062496
0.43973604719001713;0.8248480056665614;0.024100303591262695
0.8026101972227385;0.27979644198659326;0.6988711632317468
0.6351789186854186;0.80606550783405;0.9672691077999626
0.13984030350536725;0.9320165070464957;0.7852066713767966
0.9166652418246783;0.3892189967584241;0.724813754806322
0.18710627226181298;0.052323422610992654;0.31637283482514
0.14944106212414554;0.8278258637995664;0.112627193734126
0.6161367350989472;0.08998486861660204;0.03362697167711659
0.26983056037912234;0.9990886438388286;0.3110176371915433
0.7804012335954572;0.026782213300705626;0.1688517019453698
0.1189573652498237;0.28317617727537003;0.6259932446294938
0.438541702409148;0.552680914605016;0.49740718627562663
0.4060191058324736;0.1565040005824293;0.28979790325627497
0.31214178565519;0.5598489284909808;0.34546449599656326
0.4673892899919324;0.49948258229893805;0.3631179233834064
0.5403507930895102;0.3728547729748666;0.04003427242576996
0.9798392738541964;0.7143122032511707;0.3655405365298974
0.5860640018674771;0.282768622488622;0.5153520099615043
0.47694059096504304;0.49223440642924055;0.9170391497960292
0.5877929134348583;0.6459046164430359;0.24331633548864728
0.2925568298977266;0.13877494167757976;0.21940865957900135
0.923469937077552;0.8079200486695167;0.5028529215988204
0.7467961277806094;0.5335477687820396;0.7625742705612224
0.5683852339166556;0.19642998699937309;0.6226327938648748
0.8232893592525103;0.15662143026057818;0.06724256038790699
0.14975650860312917;0.6218436874818924;0.19797208281608802
0.23919795444074876;0.8754437246203944;0.8921326679792217
0.7363187753543703;0.41432146455672714;0.6058848411961689
0.8773923259228561;0.27241326977758284;0.11164612032389898
0.6099030183154818;0.14327748634906312;0.003160296020289999
0.7880397752731114;0.013447608316709547;0.39917933510593784
0.010184473791662985;0.5158493433506295;0.3970632369266698
0.655120501285509;0.5202169196012816;0.7254997788195983
0.34222549905576327;0.24279989823964232;0.5976448426426164
0.4086477253775026;0.6177669848744698;0.6854389760101075
0.6142902202148492;0.6971874469641796;0.27151558926178876
0.4152668389958193;0.39576981619389917;0.8111483746590106
0.08050422791428802;0.6903271390332227;0.44007813364659765
0.5336404893733897;0.4156865027316732;0.5512556323543072
0.3802682081329579;0.6461771709010188;0.9992925568181
0.4287754878865102;0.955949091336903;0.7388811351331387
0.8255789522619702;0.8924879355832106;0.10811781057303527
0.24470330032767418;0.8917061580579394;0.18574958665196661
0.18137669402695977;0.5501250079519362;0.1775474827771638
0.8402206510586885;0.005347334497688205;0.9770278539654513
0.12318886108448257;0.9632020550024342;0.1258974491492757
0.19609373209106806;0.8447527752346298;0.14491121813441166
0.03164290141191761;0.5033471500794718;0.48921644392207464
0.12944239181496953;0.07208020275366733;0.1763204693237912
0.6333829298338784;0.2681231115942394;0.8904995371249507
0.4857884617808106;0.07970113270789536;0.14435426069578106
0.018595326083971075;0.36283711755083947;0.5735347450163419
0.46370166971944393;0.5272247871361755;0.6105594338906997
0.8261663547071444;0.46480613673228544;0.4156919339492473
0.3929012810684025;0.7836005717707829;0.9930026722215265
0.996372939433225;0.1109332137996929;0.5311438122680375
0.7862741397785956;0.1049554345415532;0.5176116982110306
0.6429225513267064;0.9536487704830086;0.2451335394655031
0.1338833854265098;0.23603448079817335;0.29932656588035467
0.8603196200119791;0.9969189672477431;0.034982867237593473
0.6525259939248684;0.7746670979048391;0.18146172152974283
0.9540342064882485;0.4988572111843137;0.8971487746338743
0.7937057710904946;0.7149058489139601;0.3545266480991007
0.3794156767533511;0.42852853524286294;0.5045940258058449
0.3126991821250793;0.13799512435767203;0.4312289531309632
0.6429833479109804;0.06432197699214381;0.3907735924049043
0.26372231849684014;0.6291781572549398;0.8310973596067845
0.17846348118748334;0.38104409165387576;0.07740063374998973
0.5342221483591959;0.855239823996071;0.8912475507907008
0.8002008412189741;0.8601513294455859;0.7774804634292767
0.8737111135181114;0.9496889035434434;0.9122136684877262
0.5848499305701532;0.842753819231674;0.9127695944455835
0.5034601890896998;0.6692973049224947;0.6632556947745675
0.27687417281132454;0.33899024055046834;0.8799997835064882
0.23668171840971108;0.22514796864631015;0.11753997216529699
0.4611881950866529;0.6031317127563383;0.864989015750482
0.7430951650854642;0.9087111165956463;0.4605746596961645
0.12174248875378302;0.8354512562787981;0.8008082691743169
0.6141896420664927;0.32173969749917763;0.3239847708432212
0.04346475566961039;0.467316329196661;0.34324124338400874
0.742843019499693;0.25339422173343196;0.5223285743653737
0.7385079359115301;0.10125105703625703;0.09587106416356805
0.8687060101885196;0.17188308933362806;0.7914607009078984
0.8824154606208499;0.19894046720054503;0.3505966421126213
0.44659738005055816;0.758283712850147;0.7563975093589999
0.5313942689971544;0.5941433417265767;0.8024176890159765
0.5060731101759349;0.4398574865917805;0.3617513150209679
0.7452956535245274;0.2525439866839818;0.7018835465441159
0.18299482368510633;0.02940524344301787;0.03830351494065121
0.756718164879892;0.9861962850631045;0.8535340131416183
0.6739658405589402;0.32735285500534106;0.3716568741712669
0.09809007220843202;0.09684921361864762;0.9719420766701016
0.9941500224081113;0.1913816379640959;0.6625799258765853
0.9908194316274286;0.7416555660668677;0.874487728714182
0.8930428431897789;0.8447509893992341;0.4244856928962316
0.747603514678299;0.10140323592267664;0.22424829115840883
0.9751165906681051;0.4124213335871688;0.679646912419281
0.8770017411182196;0.5264604161348581;0.14941841950338564
0.7834725456218797;0.6708016433533766;0.3339097781563758
0.8781187402809463;0.19122084473786172;0.7686156542889561
0.19550825041847764;0.028547847982221097;0.4024974966511482
0.29936647789659165;0.9813389596538032;0.759178964992991
0.543465640452937;0.316103826263208;0.19420059599337636
0.542578541421619;0.9306963470200453;0.16868754229099403
0.18726363258587075;0.27192604179030166;0.43990628214024374
0.04320898352481828;0.4258110037866141;0.864907920501532
0.20920507147501288;0.3885151954544026;0.5756343674391097
0.36180708977619525;0.7079829030819618;0.5428906480314255
0.3710754687663932;0.9503156638790589;0.17936158245473022
0.788649065269846;0.8016740872445861;0.5111235267524158
0.6172053810951501;0.832950577164624;0.5167583339700278
0.9491986435054665;0.26285813621741805;0.27862476941003866
0.7222583272911891;0.5038389595448405;0.5522924655179077
0.592215842963371;0.15015991277103058;0.0080275320309795
0.056797123839830266;0.4520698469976695;0.7350314184877245
0.24674238713635732;0.623838561678998;0.3786434972732251
0.5852657695033309;0.5488536874400533;0.41246014294309497
0.8017841070293021;0.7044693656418602;0.9260600174960301
0.4748868324334521;0.24642470512449266;0.9830905260313044
0.7556421802845446;0.1795910880583157;0.04351190082791967
0.2743867145860027;0.7038925632498807;0.2757231595981606
0.6364571380945789;0.769078701034319;0.9620369308060802
0.5672653396769859;0.18324540920768506;0.35416036644391125
0.6807951903530431;0.6431891044967961;0.386823248345298
0.8698424488272212;0.5083128697743634;0.7045336114081601
0.3431342953293248;0.18667261764836673;0.17990016027332545
0.23573007410272306;0.39747723428433857;0.22595664668163107
0.560663198329951;0.07252595037469634;0.33651213075391695
0.2980718307266017;0.7702192482681312;0.037146370073932844
0.4906408947668286;0.5589529187701585;0.9344349802684508
0.27323546841750534;0.026165369695592244;0.10598183708530906
0.36215834185353146;0.35706736113310733;0.6520001619951283
0.20318834665254093;0.32568334001875343;0.5246112256615867
0.5819383649007529;0.5783173185025225;0.736708973031885
0.6368880356781678;0.2263738053603761;0.11890693050280454
0.6714044001000274;0.32816364747911086;0.9928868521918988
0.9919519508950791;0.4925850784486784;0.2854742823519
0.17280006308607432;0.29099319377806443;0.41434255856027924
0.6339406662472509;0.2789710130052301;0.31170838331733586
0.2677870671272363;0.747482849478871;0.8946085438380235
0.9655851319838916;0.982261755890744;0.8673726644377832
0.4852316837849472;0.917023718763164;0.39363358101166834
0.3578875505279253;0.24987715827417079;0.189507938466545
0.9057264839575493;0.3433331890858752;0.14168560009635656
0.8608848450374452;0.2507459760827532;0.1589158471692722
0.6365115892880139;0.38695543905085206;0.9368708146469956
0.8631643489765221;0.4527936543809581;0.587859057339823
0.7392721982220497;0.32550270693499417;0.8020805652641073
0.9229597821561575;0.6949060105980451;0.6386139592963911
0.8666680735279829;0.1491883110801796;0.5931417207873916
0.9490037875744957;0.9913308040378531;0.7784952047733011
0.6388966335993217;0.14013877510030237;0.6048885116009765
0.8844115170894089;0.6761395243539444;0.6486341158922501
0.8634414261049509;0.7011153094585176;0.893796981624699
0.3171510135771045;0.21482146181582917;0.7647160835807463
0.6562833011392956;0.6885605535169449;0.8773882044539968
0.6737434239872716;0.6974347384540086;0.2920612025289224
0.5207085727371135;0.43468658258230464;0.3151385927658913
0.3456275041944842;0.7517798929253389;0.4616658388358297
0.09137237223594996;0.42488580847928303;0.6671802936215679
0.9150126673663747;0.11126100884296963;0.15083961766739984
0.5131742416764518;0.302975552629961;0.6683999155423972
0.3012350282925329;0.9178215157285775;0.21923538455812008
0.9919835942215168;0.020752505088222573;0.12490199159137672
0.1752787787554102;0.1337877779107116;0.2713550767882028
0.7552963367754139;0.6846295364369888;0.8337258681637008
0.3635118106531118;0.722339676438697;0.7964137476857436
0.33788615518032605;0.9996499192713728;0.8590176338412671
0.887872664856922;0.26880706359859896;0.7057733838430059
0.0028941897964920305;0.507490408415613;0.8507133976359318
0.5943455894189746;0.905402466646547;0.5452554414907466
0.30110400877358423;0.9420384943271085;0.6885743912519843
0.9856545818355757;0.9506267329986191;0.8948892623937248
0.1899093528280159;0.8193163649007809;0.6841795453349258
0.7236759419365636;0.1254254051475624;0.3547312169974757
0.5389723459818786;0.5075351641913711;0.47171959931055285
0.5390046723018141;0.37455347557712504;0.24692927701084866
0.44672640429787724;0.21866939229571314;0.6205125249970771
0.6952182518489337;0.19787767412669321;0.2559882824396902
0.9757243738046175;0.6694586028005547;0.15786346718849475
0.8387954828891161;0.40459708430022734;0.6243757108397349
0.519535888190703;0.91549674891481;0.2863369883423854
0.08267480221762047;0.6618877740204471;0.15628755799134486
0.9103219712009128;0.3737653053609693;0.6313044756399009
0.6209621006249706;0.9478925806310328;0.7587621209162898
0.038748972851048946;0.9214289147346082;0.17661072943568146
0.8203394632353297;0.8867852069749741;0.10827679545560387
0.7271986655494266;0.6293515477497201;0.6125644897285614
0.3551046766948479;0.3948779536526924;0.24568570026374859
0.5593700757625903;0.4606623362717446;0.6326807819140919
0.3237767244178432;0.8908194779379262;0.46563474944216476
0.8896160645991107;0.6224510753207774;0.6089276177341063
0.5988470375530429;0.6289218010039889;0.3943840183527285
0.6600552004297928;0.21755620304158374;0.7132028981693106
0.16771536483951954;0.3431861105747206;0.7790856206865809
0.15571027208036292;0.11130296243280968;0.2269054601379904
0.6110208887140477;0.03152977964498238;0.8059242903068683
0.15431848538046067;0.056324526216430804;0.4402964415222397
0.6154113405386654;0.2148270499181364;0.13472444313355658
0.8732500457469633;0.4894535040422985;0.47958346421895615
0.8548281494465526;0.3272582771021997;0.49255383929566354
0.9210897231702554;0.6470290319627696;0.0003158342416119675
0.04198452026719268;0.27321906497850845;0.9891750609970464
0.6624159803933022;0.33160926438239624;0.24657132827322137
0.9398086824837598;0.8562743079928417;0.13314715603841365
0.07221710974224593;0.8368074418624507;0.6656178774669534
0.9147895849862006;0.286751679942262;0.06072610826086544
0.23399721397707707;0.961124608451913;0.4908412930327749
0.7311989737087219;0.10149025032419534;0.4986188939958285
0.21540142087935;0.2723972905899853;0.8430828975832193
0.07472048830672584;0.5667404923570989;0.18551581045670162
0.31978508085639057;0.804913238010873;0.4721730813435492
0.23352361767857222;0.8542096150949268;0.4913068029064912
0.9814321318064646;0.10784904337396928;0.8891341867899049
0.6620272594236274;0.8082804542520349;0.5812305482427299
0.49989257284907596;0.8237668719257458;0.9018309308969814
0.8876089867313234;0.7878127454555172;0.15997549907472397
0.6236776063029824;0.8571699990683056;0.05710933531846307
0.3684178739743711;0.715323384392468;0.7289650154206415
0.14414504378106574;0.9426302160836239;0.07227965780447887
0.5748169342664518;0.7059266199459038;0.7291197993330276
0.91059437817485;0.8359734937605059;0.4495941774535559
0.49433950551071904;0.343213192926327;0.3569535215569396
0.4055469204447898;0.42461765833551246;0.5211977630234774
0.2517230618579209;0.3962909150493268;0.35445559090170875
0.8411137870116265;0.6035640415520787;0.6102682251438771
0.8399973373306036;0.4427953477534551;0.16245961715894308
0.9805727518208274;0.026289809586912627;0.30500708296554735
0.8598717585838378;0.1632587046952213;0.09904757641360873
0.2412965471527968;0.5128757981687534;0.6224353604786784
0.203121038135616;0.550746347052372;0.1943005682928074
0.740891245103173;0.5617636855893406;0.09792830650570516
0.0942686649042136;0.8138323352927821;0.4167454284362644
0.06773085756260622;0.4820552619093854;0.988303958212301
0.9993268517238967;0.470921660358826;0.2980804154708707
0.7308814434238539;0.4387273984775629;0.1521915498074322
0.8528146686633467;0.970298302634219;0.1764053068883904
0.35331630854705676;0.6083537443641626;0.23023013495474232
0.38286812327206;0.8402226383878478;0.41153041556027803
0.7801563674533263;0.05971054892886374;0.14346220723034186
0.8707984667664536;0.5264127313102243;0.08385438025362024
0.21955956164803236;0.005529540431604918;0.007062775242184238
0.2020695453750102;0.0030027930182909834;0.4322377719544471
0.14421512703657435;0.4068023402673985;0.8496125868818291
0.5070034432350091;0.5059322954629161;0.4820718861014637
0.6552647692808422;0.6538230887153444;0.8585541725491643
0.2737135688034543;0.5728806568569347;0.7607389413001253
0.6971101245658744;0.05327564142414043;0.2368686796055498
0.467319132853955;0.7317082945830742;0.34729655547656535
0.49293228030674063;0.09926546941502223;0.3331797221724805
0.23481018367950157;0.9382106273240949;0.6246261548989835
0.23862181485420464;0.6490530028023089;0.28090887388624297
0.12315587637101655;0.6227436864452843;0.528633765350821
0.2841260570096923;0.4489769965555128;0.35774844504066616
0.2726284281717323;0.5993485585057887;0.1797084395382028
0.7988457529352866;0.9731233532492979;0.5321558373001677
0.7448598853923463;0.6591918811228046;0.12631112066985462
0.39371322544693177;0.6132391384486712;0.5281477142880387
0.4843227598633397;0.11160228513658665;0.4097342031667812
0.40468837177618455;0.04740222813896744;0.6332865568481704
0.1659118852009862;0.8299071622957789;0.39639434117954375
0.28784303652094234;0.9455774058186236;0.6661262599238696
0.48528509514532403;0.003179176096239855;0.7484043035667206
0.6071112223527516;0.12481581287386379;0.292209041922056
0.8265393995427694;0.18774905586312596;0.7231560871892073
0.5868187857301524;0.9174048108715547;0.379640284862069
0.3226301613667737;0.5568128974745579;0.41120499647863906
0.036709550081708175;0.47428009693592377;0.3734666171582067
0.6548075517913167;0.3498766886143708;0.9308981974361378
0.07148473033355529;0.678105386958115;0.39970256114552905
0.5205863911940114;0.8801494896125146;0.7889643686789652
0.2753146176548975;0.17370061119889368;0.9583107576811136
0.3425585948951547;0.5637249468860029;0.7070006300547395
0.8613546042183778;0.48175642651781625;0.21087250170451244
0.05655686654997971;0.21512936349337541;0.7337145136436
0.8679383204060055;0.9243912078555769;0.3126604852565966
0.33952873948262763;0.33374226033253007;0.2757002580641825
0.4905042695992273;0.7442127549372427;0.01627402335982786
0.9924735682472302;0.7512231205646142;0.9765616988464193
0.21104788331842794;0.13813403511436362;0.11638766396760536
0.11594582793974006;0.7092177225821846;0.5209379942711606
0.636192598284377;0.8156052662848653;0.9877622333339232
0.08943240166874955;0.5397010902920358;0.2726500361749392
0.921679405836072;0.9820638912136325;0.8169900225482337
0.6075691317754537;0.38724813927286295;0.27649526670804125
0.6502454541967355;0.9397913483811043;0.534486787572733
0.44569222516011575;0.6520722308900353;0.20052425882923686
0.3361689774936715;0.36838775315657213;0.12494689494130884
0.8401745969132662;0.18562330914370273;0.9986768794846871
0.38772689913211755;0.15681817639918294;0.14074119898168058
0.11422163401564323;0.42671563499994103;0.6541472812883753
0.7039492947317917;0.12409050062062965;0.3170385502213837
0.8919898206858354;0.9291467668737974;0.6526581684710153
0.7306446856301342;0.3218715984487719;0.46214487527941395
0.15713763893379562;0.6004160637502716;0.14292147764987784
0.042170850038490526;0.31071643729351495;0.3227414254240878
0.653702568741145;0.7547195125353805;0.19239921235874802
0.6773271777346421;0.3285761439689079;0.43744396038772504
0.6942807089823808;0.1398947193184602;0.5086759227906689
0.42954913811505246;0.8727831020969519;0.8700290194960559
0.5995733060744975;0.1467884011275501;0.8074752483211559
0.09602889979848617;0.9148223564041786;0.000796300375408121
0.3491919903711831;0.32760915645450905;0.07387261061032924
0.46288749288287445;0.7993221147356178;0.5399171515647205
0.599437508942063;0.7004593210000487;0.2870296064376413
0.40253265576567077;0.9111665819458712;0.3442625125845269
0.7819447431763286;0.02089210990518009;0.12650673815239633
0.7386493527662;0.775959325194748;0.07726327101013652
0.10602693212438974;0.14808751267409304;0.11200809390749955
0.5536860701407895;0.20536753778320038;0.6445861012821287
0.9331081637614059;0.38397828560491276;0.13543235880017346
0.8829592705863651;0.6800182720338781;0.2601476624022476
0.4031103945753085;0.8974867442256338;0.7656551392764265
0.5411448536992426;0.5432829469034813;0.6390120210719865
0.21388354368178097;0.5197539535823973;0.1645577310021722
0.16919580186377892;0.9733575564571052;0.7068943616346266
0.26981242776467573;0.7774085708105611;0.24302642635423877
0.9773085565241164;0.11941803690415886;0.8082106417464097
0.23180054775682424;0.4273142756585172;0.16381652356573473
0.5612093226880808;0.8212671128364437;0.27242556089168424
0.1470389218814191;0.3448878804870241;0.011091187646953382
0.36632801742677645;0.4559944617811812;0.541057322952561
0.5693051856497279;0.83169966243466;0.9601820549074244
0.07845400832778149;0.05888132649451572;0.07637420750723689
0.7463732641730386;0.5889198201129267;0.8354892694366767
0.22448327120282485;0.08424479749717484;0.010155325451882025
0.014504737999747275;0.17476529062436663;0.46834177570786284
0.8017722074398922;0.42171513433643526;0.7329679834727815
0.6005818842421587;0.5998302612123072;0.9619123170798982
0.37270176744473416;0.38365539759788514;0.17959488647781896
0.3113455580874279;0.9471192686024674;0.852361132199788
0.2595934346855372;0.3444443899419044;0.1376340179513249
0.49087677649829164;0.37514759550245036;0.888213086089429
0.45877419691258003;0.6539087176973382;0.37034098463785037
0.9907238578295094;0.7845911717122116;0.35307347668249356
0.564872559767399;0.8032517585609574;0.7087294635038961
0.9858862414431865;0.8773034144887261;0.6017495603273326
0.5116448987191838;0.41099752484298735;0.9296627654558546
0.9830903111611903;0.8738751676438758;0.655189027365468
0.8596793612746358;0.8548434740661559;0.012938620574448723
0.06390314677010245;0.006601292944103387;0.8324429744462092
0.4886481849486145;0.9945773542941777;0.7815478344683642
0.5622593655255741;0.8473189265696316;0.0025191651964840966
0.4646074554101395;0.886482397017406;0.24171332647302946
0.4908262804937068;0.5912921980856269;0.8998075022978375
0.4374399264302593;0.11948240037558666;0.28681161606677996
0.5271775035751832;0.9084485910073753;0.03377391245162453
0.020305608245039353;0.4208713622465442;0.2343304747699093
0.727354942834666;0.3044325007485925;0.09986271297392568
0.1414320719255876;0.8995519486024869;0.4929639416946925
0.7436473087245301;0.7921690706776205;0.6157512546545658
0.8443316583835285;0.17437709954824143;0.23283609198412125
0.595786631736019;0.023675939868763485;0.2595699328115586
0.7978031891639513;0.5902385324685877;0.3114292442959611
0.9838293118997771;0.6073891504448304;0.5037114084938181
0.5067427369480904;0.8476850768828851;0.15146481679740587
0.11886135976776457;0.7077593082907393;0.5019523002408438
0.9589582784451045;0.5349263086579606;0.058737749938309713
0.4000557503750555;0.7478068089810305;0.7388087982586549
0.38831319368085604;0.5191342459755426;0.7744650104169154
0.33832075163116393;0.05921579926944909;0.44071204806873654
0.21632540116609789;0.4747148763670197;0.7548443377392667
0.5276689952321981;0.24531947993230163;0.32011328265774996
0.7490139611893964;0.6908967464955492;0.5604885169677412
0.8292616167327745;0.7907442717551231;0.3685701472917384
0.8979641286440259;0.43681330516931494;0.9404759395175708
0.2289285599141776;0.9910127253369606;0.7495842531728171
0.24552835256985805;0.17291639176632723;0.5187253918509899
0.865682619157113;0.5502520439311477;0.19655050467084312
0.5678817708711502;0.9346736726916334;0.5502499051756734
0.841579610341401;0.5340539225494485;0.2712071390470939
0.9791945231325964;0.7503581845460244;0.27203735859072153
0.8257699332200338;0.5303893373836669;0.1847364468375159
0.2206600998038648;0.6894630976972449;0.8422642801472005
0.7351497029433667;0.7703420639414735;0.8132269654471636
0.4076093459665022;0.8395976361315226;0.6430606581876733
0.29163791996209476;0.0028134478458148315;0.754616396032657
0.4700516294294108;0.1818693939824405;0.7551591706249825
0.7764400583840573;0.3776039358802541;0.23215231273262438
0.37147721354351804;0.2509143813211868;0.4589064994209614
0.4247360211354754;0.7626756885634102;0.447236128632284
0.7596363589761136;0.05797689220810842;0.8859245303220078
0.4164093691899623;0.7026476338643354;0.9189154427571893
0.6476244536836636;0.5307516560161356;0.12675534247839348
0.4149499563176051;0.7343636013210076;0.17439016292206766
0.19726957996412708;0.0940835482089668;0.48042511551613243
0.4521277455227264;0.5855299964713285;0.950933378777495
0.924013109132674;0.9985330978518093;0.5417112503122697
0.5440233841923906;0.8691275183961754;0.4051781740186333
0.9190124656495405;0.3934018826367004;0.17854041408044719
0.14382546101799543;0.8690950258439805;0.7713461729416163
0.21168945205464917;0.17475391398632867;0.7946642896109395
0.18476570604433862;0.5148125321196271;0.3850066513068158
0.13608612092828232;0.2850589344059735;0.15815593367943226
0.5826731021434716;0.6212654895543437;0.4484136241504293
0.9426196193295567;0.8915189881306791;0.6300691437995027
0.7942699899937763;0.21837353724345165;0.3900583732133869
0.16345939566807732;0.008522545082708888;0.9347329862879309
0.3811307182025052;0.9398324091973129;0.687633856522377
0.7937525713811274;0.581588879938755;0.5796858941906748
0.5750004220338001;0.6070331766335286;0.37074854576625815
0.4518986802595625;0.9368083124016698;0.5613894926384567
0.7599114076014654;0.8360538128011445;0.48083432681869
0.6658422351487339;0.7376061365006887;0.7800069578358724
0.39537538063945576;0.7040931676997455;0.4474402454927434
0.15280070632605025;0.8357402273810117;0.8146648130239622
0.5585138027492761;0.5178724379769979;0.5809593569900324
0.145076391955534;0.8011126740969811;0.5794971840598749
0.4139516451611861;0.6550352152872563;0.35574379019184366
0.5148960389659076;0.8531253113971885;0.5639163347361668
0.19796355701328927;0.5015000144026477;0.05594643244283193
0.5683011494965283;0.49239574945447206;0.2749386727379609
0.47238043573555;0.770736146685983;0.33235093563811124
0.2835075630250068;0.8797511206274785;0.2603803611397002
0.2584590484119319;0.820663930514468;0.3746431085838464
0.208861128565347;0.7118414285798963;0.8030114507491046
0.3969168156914067;0.7057790447185684;0.3491844206936414
0.7637470068424467;0.610615011564055;0.046171399974734406
0.4614204796470912;0.1292413717577534;0.5936419206430547
0.20298943355081023;0.7411733964018671;0.36464455227847214
0.9521285883586637;0.6845437867332501;0.6613494699700864
0.10253529464988331;0.9391213496968215;0.9100260858108449
0.3869041136712591;0.7084798040854863;0.6644742199855009
0.649518792581513;0.23398715108797363;0.6936067314455187
0.09536889481353628;0.4436423215679183;0.28636832174497573
0.5550316428385588;0.24508312034871027;0.8141828857388784
0.8050241562423984;0.3074676359536753;0.00590696394957646
0.6639451879692811;0.8661181630637415;0.797041531927387
0.30040393026828394;0.017140497636857877;0.3430690314406256
0.5110169381802222;0.5189033850910132;0.6027172195717735
0.49788834372262813;0.7137637354539661;0.3141346431947153
0.18096510477880434;0.9374018978984668;0.07898421525574628
0.15675109837113255;0.5292706228346703;0.08295817249954862
0.6623979964369467;0.6740375708209912;0.09663133474013041
0.6356745403423293;0.1655024858517009;0.8230705122103094
0.4896608875196973;0.2215632483174662;0.7722355704007798
0.7081854962143705;0.6676584462132933;0.12524752693486307
0.5387560269859496;0.879711350372495;0.5649525668486262
0.15171011494446518;0.9129202034470866;0.18476645433930228
0.7902256156485497;0.6044506906559239;0.7443938288688186
0.5085974844128284;0.1724764745997739;0.8119813468158332
0.0411725550824793;0.4264944120016816;0.9633112804354328
0.5532798881979303;0.15070821122529576;0.9037789742628342
0.733377188481636;0.775741560579046;0.4218611014182462
0.522313403713686;0.7425029664518376;0.41433684557444983
0.05422962893089933;0.7370407704675206;0.6515299166936893
0.25066422968750646;0.031075721911694054;0.011529332610346166
0.1321044934003588;0.0199663992940311;0.9129386741160114
0.5541264389598183;0.6031268734542254;0.7107710610548081
0.27933624089790565;0.6099783752727467;0.37974230600423964
0.8769189827679753;0.774276094207216;0.5911820076388791
0.3677809088303551;0.5184571068919123;0.7375044302547976
0.944633457056;0.6192224143981985;0.42493192972461635
0.5526913349794611;0.4574850577088243;0.04277769155413258
0.5568858783224867;0.5120744880108491;0.8323246244584791
0.16569444518859155;0.20722785352418727;0.6007702130912642
0.06555657519122338;0.037152041864650154;0.4895944603229949
0.8747852389562463;0.16489503809707073;0.41326497766712045
0.6196340180310284;0.8100220738041579;0.2519379448375554
0.28749786908759145;0.6573260836523438;0.4135647514852516
0.9059601566942382;0.9709109055491842;0.9453650190332098
0.2186141462133323;0.7444318619709006;0.8978149911637097
0.9532612780633555;0.9557277901785245;0.4742614858552421
0.5159299545475543;0.8517383144073079;0.85984481256896
0.18795241278687203;0.38922429788452184;0.3888054368097923
0.5953678473384194;0.48658694425776716;0.755542708697641
0.15958868286782568;0.032689975237723656;0.4548092900630085
0.37480659794234117;0.22194619352978884;0.7431372955121968
0.25392610761609546;0.5686563940301798;0.8157765060550058
0.8915654386980575;0.6481976419663269;0.6433479739258819
0.9913567691654054;0.7718170669100478;0.9699807467525228
0.19708341335610957;0.76076102943495;0.9789664951002357
0.405587802348489;0.12192416893148739;0.3724407500589373
0.9037041181304273;0.2531333473439994;0.2620070467262168
0.8822408844587868;0.5998025645003144;0.9595181180709619
0.9805645813612279;0.24014072025686906;0.6863842507752286
0.5130957327961192;0.18553070622015222;0.8175154480031445
0.66756421753343;0.31432977745848967;0.3568369910366198
0.37467163433675854;0.6033310846594302;0.26859701300214
0.6798206131755983;0.5096619689678239;0.20101136637783001
0.9568857830515206;0.2702833249489309;0.9775797348689007
0.5456632414286737;0.23056080031451986;0.9887491748363954
0.8799845177597062;0.6653021240305912;0.7700578069142874
0.9413574253041342;0.7910239442577253;0.3434481307351629
0.06870795687485554;0.4639329695619232;0.9212274652015652
0.049131434418185904;0.15073892040537273;0.4456419181632979
0.1765969401197145;0.42790971929016486;0.9750935156632548
0.9619808547922722;0.1858793899151342;0.9160267158302362
0.5066946272514364;0.8740667652204891;0.4302030190303707
0.7466112328575464;0.1394229508875775;0.4179199578195264
0.18828336838192694;0.18021561625896454;0.5113803659583978
0.7211843823040762;0.5153147595778307;0.3880647753014669
0.2851634309295924;0.8688630798535574;0.5244062454621591
0.7152228024761565;0.21744419138047333;0.6349216579385404
0.12490755942202703;0.12524259017021966;0.09930175677182851
0.901526582800021;0.10142397154723226;0.9937173839876702
0.05042181166929083;0.762786323598984;0.7728330632937527
0.2547483404437295;0.08391156799323096;0.5321828684672597
0.34695608150573043;0.33391974098278754;0.4530820174941317
0.9136411011807871;0.4805766860506736;0.11227447645923117
0.6801416506621486;0.9989389060985063;0.9800600439364777
0.5073687723238574;0.8487720461459245;0.6512047840119979
0.9620549058263552;0.04843449348221662;0.9969586304172628
0.059057166623786794;0.43432362529095625;0.02994194786065152
0.28688538880956094;0.15500052033162315;0.45670658510346596
0.8977274580867212;0.2657170267543555;0.8153786512048076
0.6840245364600934;0.20228716185625284;0.15165751734633215
0.8337158596967327;0.7287278720966854;0.25917774296518303
0.18765753910115168;0.08034555809963706;0.6300568184877089
0.6752031264164592;0.22642284237692878;0.26014433203220455
0.43055021852670494;0.8088182377784842;0.9099110899856847
0.9664143603293044;0.272713316809272;0.14813991821076522
0.8282427736033449;0.5789623405741007;0.15094057242837045
0.8945892306536839;0.4975454700319578;0.9023080810015132
0.23678647827520838;0.9625946610319793;0.20967904735381326
0.19691389730078057;0.32229630217041616;0.459913889152898
0.8258761767385484;0.6289616305715945;0.008721309550285716
0.3345033392933767;0.12238349681673089;0.3887136579960393
0.19590492777331503;0.24801769335164126;0.770824074538053
0.4615469035771119;0.8843534747477317;0.6489989865886411
0.9097297205442969;0.4039656963073788;0.5911034434283644
0.06629816571589797;0.6350745655339893;0.5711857169520929
0.4757225327678405;0.6771656017258179;0.7298078618258481
0.8203469355481069;0.6046537625277814;0.35495853737256156
0.3088328802213147;0.3489429908102719;0.43976165824762237
0.41998964037524356;0.43266900885545;0.45916270168922924
0.34949932040545295;0.12442972299676902;0.4142291299871991
0.8212886068049261;0.8967840133495383;0.6465057730567235
0.0667437296802127;0.8759469820606829;0.38919271692825397
0.8025284953025659;0.11371629490881552;0.3203319902355578
0.2827369803185009;0.008518913772364467;0.03971233125905982
0.4193771784550463;0.4067901089665291;0.05822792225471862
0.8997908739357501;0.7977766314649388;0.05580849273908406
0.9910468026977072;0.7616868862933491;0.3677228042874703
0.42782573107203437;0.9065166240927556;0.6829412417829771
0.8419219273276084;0.3097468348256469;0.8916655724801669
0.42340300299222633;0.3421628345058366;0.1676687994063074
0.15615032573406595;0.8190804989700762;0.7056148929353215
0.0973344437102669;0.2822798489287446;0.7020660811547881
0.7265994633711358;0.19757541043006177;0.8273129180682703
0.8304845439088627;0.26500926174406025;0.8509685492341236
0.7186642724877945;0.682969232542323;0.9638354410329003
0.3248056698616941;0.6461147252606867;0.13138741047989577
0.7721354271712738;0.35707138520222614;0.38961900464548593
0.739505987411997;0.10406553615163305;0.2532467429158075
0.7775194716112906;0.8568677814992396;0.18338183704007327
0.09914772121757265;0.13864570247444863;0.7592520961963078
0.753656697978077;0.7095024857750785;0.5702302231757331
0.5541147947346066;0.8146109409382151;0.5588551864823984
0.42981272752461397;0.583902868124967;0.5781076956220644
0.06817550792382132;0.21833182979763954;0.3399127620934461
0.07842536067118311;0.18317294930421824;0.617639281657921
0.14746489028443943;0.2812301726870369;0.0908742837311558
0.8866009799830541;0.5002405677355927;0.08338001970470954
0.424463148731556;0.9099193933653953;0.3081989503117897
0.993925221892463;0.7405979476733371;0.7990956583356804
0.8836054175647973;0.8677294511508197;0.6267585310980124
0.7372542522317438;0.0213341744254526;0.5784310681307678
0.004129648779678696;0.044705248802028086;0.459242351632524
0.5631047766355347;0.8403223547397258;0.8005208273390075
0.6185512464319716;0.431433200879635;0.11254922945385204
0.97386956080237;0.27614500197922287;0.7999582204287957
0.3129209575623303;0.5384625097067268;0.5433478718316946
0.6804323804654593;0.2677805469207366;0.3052656459237012
0.7525059195342115;0.8310514803565521;0.9906182103682093
0.9431679134917812;0.7158769058344581;0.3695912181623292
0.8277530762205397;0.7723840278807784;0.6040434598144105
0.19060115631099583;0.7097791002719012;0.5720958196927337
0.18137817386769606;0.26962951316147343;0.2875501188861247
0.6587169888085064;0.6548497925054783;0.1992212473763194
0.5532732319895646;0.24336602677206975;0.05276191410376374
0.987357184612031;0.8657611373118459;0.805826042298793
0.9970654125878193;0.8653391095503692;0.35923093013878893
0.967036087045281;0.5852303672285324;0.2915504328804831
0.6257119418394466;0.01631599526763361;0.043902618013297756
0.20420528419141482;0.672274611028801;0.12137432374926016
0.14852951934142622;0.18734021665647738;0.804174277946111
0.4721225056788375;0.46656309018620934;0.46358732176800654
0.4495446522752524;0.31301693104808415;0.553954580353333
0.0930875300586651;0.5615074900425706;0.6228072726374675
0.5859507924878686;0.8147032612817613;0.37754607487900904
0.9731913550143902;0.13806141278753514;0.9255121780653178
0.3823665065281534;0.8481604083456338;0.3726126555779866
0.7186632433647401;0.2525262274846196;0.9390869729846488
0.8566655202537167;0.35579891286559395;0.6263739137566456
0.42106508469580395;0.5441360227736589;0.6529047866660905
0.7685674162525561;0.5705246046903754;0.32878540257498845
0.3349555329188685;0.7349997941997591;0.057252336164342554
0.576528286279001;0.2989093261899699;0.08654446512116643
0.7240558114767764;0.8310700980336734;0.7059802551191326
0.060693381195755514;0.33967621279720184;0.09117294847239144
0.0016641871972402633;0.4592041573873762;0.5886550788068998
0.6655649500312739;0.7972989956324845;0.7276838306811648
0.31702751966162057;0.21365189919473448;0.8417517336420439
0.2199746149845342;0.1586616325848902;0.691182283054718
0.07405828804641512;0.8946368187602197;0.8222473545255836
0.10051004333093949;0.46837709243968917;0.7401237786595904
0.17421330256162826;0.8519265655755228;0.2352272552640834
0.12709185943718448;0.5624313875029715;0.13719008872694494
0.6112127412289163;0.5360211110312468;0.9934269379098988
0.46357249903901243;0.8670752521860552;0.6447330808913324
0.28118982305324713;0.35812863021049113;0.17664730841462017
0.313002241062583;0.09557650882773128;0.0024823225423523665
0.4678377940530313;0.36933958224957497;0.16803522946890193
0.9250503046974659;0.47818774538491815;0.874569709851128
0.20270770000784577;0.13572990704705057;0.0350343057469914
0.6980254127778994;0.20867803120961848;0.17912355552551484
0.020346579562332656;0.3486559723258661;0.17449598086706075
0.09044713934383686;0.7213672058147355;0.042642736399905345
0.8559500659253754;0.75046365076051;0.9500789733317099
0.8525204816413442;0.9787036364159963;0.8730665787513385
0.935009009508315;0.7641984453100894;0.13484526959463083
0.6401600319562872;0.9460432027267639;0.4984561089683356
0.5452861238274493;0.49154519130098184;0.10551249866884416
0.466070653971819;0.1749575629550446;0.45364987510194943
0.03022737372506279;0.3268968935549659;0.5168080219467278
0.4187037604732219;0.4804106598421056;0.22964592046025156
0.0069916316895685116;0.40733586073352956;0.861030101140061
0.4516905073856745;0.45725945954237146;0.49456815874687177
0.29623383879138687;0.7867195006221479;0.759601301122997
0.8077554173459855;0.13846200414707077;0.9329555598162547
0.0319328618378113;0.8572267074395943;0.313433040576523
0.9042965330233999;0.8913637360735175;0.5302512997904277
0.9617267420461955;0.45293734683661346;0.8439291573418075
0.11629607777913398;0.9173870214737505;0.9785880541777306
0.7945619660911963;0.8318783386438996;0.5471906410724047
0.6587960676538187;0.2846060919200182;0.826294031606402
0.3203140120857152;0.44553288175696304;0.8968790460043782
0.37512520673608096;0.3603992252419761;0.92300309926682
0.9091964797791998;0.18962086968497882;0.14171604067207577
0.5140581199716503;0.5114021211182554;0.529228229322557
0.8920505564388838;0.43567495118953214;0.498642047741662
0.7082195680395348;0.9588796523120601;0.9468478932567685
0.8315500792960825;0.40874425042823026;0.2854445009226225
0.35923123195197315;0.27085320193619544;0.40464451694359405
0.16998045129491846;0.6547448324043431;0.9044342845085669
0.20367653024068133;0.002144122295072659;0.8018505462863168
0.3837671863253749;0.8217651342291926;0.32618153939837524
0.8137886160586145;0.4803339763012895;0.1898244241196556
0.5706837468308728;0.07357649268658928;0.16765870957011864
0.7537995458728185;0.6929142881066178;0.7768593233382041
0.9573404478157269;0.42555116866039844;0.6469318125737908
0.13135674643803252;0.8649620164489368;0.19429599749348492
0.40813714210702745;0.9239312057612856;0.3530150515791679
0.07454473787216287;0.7925465949715552;0.6386355615503986
0.5301517888223666;0.2597704783311048;0.05006752635126788
0.3829834963945318;0.33416193004028594;0.17840677529063687
0.7756660160074098;0.24899804296197692;0.82184824849299
0.9089524831001543;0.6934579913958522;0.6058374253214769
0.47635917828087004;0.1339789668323279;0.9281896674243103
0.7877441448398723;0.18976838540524688;0.03813815220515615
0.39171597050589213;0.7717324965050522;0.2007724201429909
0.887455905525326;0.49431275361763183;0.40045394134818146
0.9669479110700284;0.9214848340937243;0.42062953688270266
0.8489901460362601;0.4407726557082844;0.0919568836606014
0.3554600404783492;0.7591834354989829;0.21639925245466785
0.10717371569270584;0.629176046966792;0.9301815210425187
0.052766680146247635;0.9300261328011862;0.5721399942587924
0.4661222765214429;0.5242507711832819;0.45591525161723945
0.5007190277456003;0.7781450276825425;0.11889800761979974
0.29392138497303477;0.5073336263334873;0.45630849370321225
0.15857551602823616;0.23139934136965412;0.39665511728947545
0.5138350389852934;0.9262146655731115;0.3941284328056681
0.1900511006238601;0.7886834398434892;0.6099945371206128
0.07219596561575703;0.34172900964355335;0.19310661793551076
0.8605685331241815;0.5177792943678734;0.5282774584018215
0.6719288678763122;0.7737766708204064;0.4695023543415112
0.7709224328242537;0.969681770770706;0.7809278708914005
0.4214942033094734;0.3911602916420188;0.16365265791938954
0.9128618945146229;0.6208548019075237;0.6298343644790365
0.8614693312833316;0.1772070408717764;0.5785212494654669
0.9119839930099871;0.3599985838797254;0.7757125972539779
0.08629792910995748;0.14690879275193014;0.809914463053513
0.07353349031134693;0.9596772647433207;0.3657743310267364
0.06194579969809366;0.516700823221916;0.7647740494985062
0.5502991706896821;0.26510671592451274;0.0772053047150344
0.766782829612952;0.19936215728422868;0.1451097836637325
0.018089589221937707;0.2709327336309355;0.6055367298834449
0.778888426018617;0.7838283639633502;0.8197383598619079
0.7438189438450237;0.8572208298910899;0.5943285564412081
0.23636425251926008;0.4083576276438574;0.03518187879906842
0.6395455375903343;0.31902683481649097;0.6005163019945582
0.0119302186111917;0.6583114916891504;0.8174562907200114
0.3283645595891339;0.9537202171740657;0.2870103801615721
0.5264951812120424;0.41035918190112275;0.43314587743065835
0.8831222076353795;0.029055798469517446;0.4779694993987861
0.4617629522114086;0.840609051205197;0.49137128408493225
0.9129880134621666;0.7402611388607812;0.8730714913891363
0.1604349533262296;0.9417814782426979;0.3514416089615914
0.12887188915567638;0.49061486446126235;0.675753881079918
0.039430427472398444;0.2720316409001564;0.1362839838613853
0.7106831797390865;0.7430891229217986;0.4497694868573163
0.6069796378298662;0.15056226689233299;0.9724494587586895
0.29467909241851165;0.6756709154198494;0.9997192815891867
0.32753989321864097;0.2088733710739462;0.8062103478703574
0.0589430571592271;0.18682803184754082;0.3880360344470398
0.46562986223155356;0.04075137043011312;0.4243010528682749
0.10814844401127333;0.9053374736047216;0.6059059884402273
0.8902409143817525;0.4151316017668092;0.5173125566998933
0.27865769019337283;0.9376817399878671;0.08376314912290361
0.8803956971046716;0.9069056029629231;0.9754806556705891
0.058387937508674326;0.5202896202621482;0.9273218658142575
0.5343014331372419;0.26176478798952973;0.6803654621164269
0.13488573177201424;0.3693989352943643;0.8258135865100886
0.3107398434933766;0.9718771781040654;0.512483025044078
0.3480948584870851;0.9508382777224995;0.5019395751178681
0.2336645366524699;0.2283585660642825;0.7754542062937965
0.70850094386389;0.6671898706349225;0.35160718998246054
0.38499069255857576;0.4501907271353839;0.5763833435813052
0.20680234447842094;0.3828085207564742;0.9810862641568038
0.27809845421195434;0.03353472835461957;0.8702833859325723
0.6436529675733469;0.9882599607434758;0.46733351874301365
0.07860372211510258;0.7603976930226615;0.6186401831215385
0.8138256340071097;0.238178667625619;0.9375074165457705
0.803460079875044;0.9614737722416956;0.5795530695129784
0.6520610286035338;0.6902967835677618;0.2391922180054844
0.21059202166982072;0.5911348926298576;0.992185021806754
0.766879407689978;0.2383051466832926;0.563366497270748
0.7742935294242493;0.7100558432718298;0.9342225409173012
0.21979175983494104;0.20450165753625393;0.1326774530667305
0.049039345674105284;0.06562039125178909;0.03643175388338893
0.1734096774582603;0.8718100004371493;0.2883216824786934
0.5003762044593394;0.023516433108369483;0.15722310017488839
0.9818211405843144;0.33569673819305745;0.884368530459329
0.13619460981398546;0.08563141680416664;0.5187082004834742
0.8650279579416192;0.533817069633467;0.42457376850894635
0.46300795091467595;0.7107724304615888;0.08046878144266201
0.8513902206328231;0.7843628918252887;0.10244292182445969
0.18905349729506027;0.27104213523663745;0.9430445917690647
0.6738162179413312;0.622303859394535;0.7029086469892553
0.8267972417503795;0.7331115001318448;0.5192344029218533
0.9613793990598138;0.5260986755550466;0.11399519062054031
0.8764183829331126;0.7475497306706463;0.22265037016212996
0.0012601790346566943;0.7627738328005691;0.2582537751444538
0.5876828763157848;0.6911295316078538;0.4354027150296511
0.3480735899433145;0.35803626805104916;0.18242639844010577
0.48490726239669946;0.8190693183536568;0.3361399145476026
0.28454711070555416;0.43162826520871356;0.413033144626341
0.9890966708218044;0.3563109127543387;0.7074665333884151
0.8127021424824281;0.3925734834577356;0.5407979534302016
0.24337433053501845;0.9502869712588973;0.24688082469723216
0.9881945910532437;0.5061824149357598;0.938152271822787
0.3135087068116589;0.7369404667683245;0.5954419658561075
0.7883553519350102;0.4825185151021215;0.065479418419087
0.07193670095376237;0.6890528540740635;0.6322909680723761
0.12346560284621444;0.8460935063818449;0.27189369628769433
0.08467731972607562;0.5521594687376374;0.4161894210588104
0.5157540365935506;0.7055080488384784;0.9006395499914943
0.06378931290238943;0.17716512692278397;0.6198988021261091
0.9693792000476935;0.05496372841031649;0.37506837504837887
0.3589707544576598;0.03018468225818538;0.23212375135706098
0.4614043176889372;0.9174891548979823;0.21462297661466878
0.16577809194970905;0.5787414195923257;0.9858367597485248
0.2806536164831206;0.9798989915353589;0.08172580324422474
0.4193093077548692;0.4853969065161987;0.6754192283972795
0.7354684439253828;0.9397213410371784;0.8008069723832366
0.07888025852304525;0.19515563851205642;0.21146599444586767
0.5714404965050186;0.6544574890556588;0.9639327547834251
0.4409992479101661;0.08547009407619177;0.9720723711656669
0.2466340163613051;0.3838531729168999;0.7364488512404712
0.8925105346477393;0.36882120416003017;0.9527627292447343
0.17241377964215265;0.7875877508009602;0.869899996612869
0.4101461622146648;0.9170938776587897;0.18793570268284487
0.3509791623072782;0.5073076539197127;0.7612238693206278
0.8338277386212913;0.16457425568175632;0.749900008357624
0.2647543884714584;0.08950873940927084;0.02111778389860519
0.051184035991468146;0.6957410701292337;0.5178067073921337
0.07052903000964261;0.43962435174309134;0.6763168243239756
0.4428631786818211;0.11552157481009784;0.5849465853531977
0.08851867558266635;0.34926833008859504;0.04613283908860333
0.26708018700151503;0.995826701677037;0.7311847852388818
0.7294353386003397;0.9767495704074491;0.07503549211704685
0.6631465307734971;0.09125446781107938;0.5437926882820576
0.22811717582831792;0.561456517863182;0.17899407043906068
0.9161042699186503;0.4503414543974704;0.13243897661652748
0.06873439587175212;0.7993397324066857;0.3466848777609529
0.6415581487521271;0.07779804653114075;0.8286031127452091
0.3738188130113864;0.7904034254191472;0.5987691105818154
0.013077727317818644;0.7780958936043801;0.5988346868499576
0.8583824763109331;0.7219836934310112;0.48467257955904175
0.3132509317404981;0.35264999431997424;0.9680695089136854
0.07685797230680802;0.7363296525746246;0.5256803746801949
0.48967712022444254;0.45227483844958094;0.920569897887821
0.7148502933394361;0.6563968115457174;0.04465103327595732
0.5186672467622595;0.28269161032529977;0.6412852806411662
0.026039709458951066;0.33753436067260334;0.03352237777857403
0.6416085674891467;0.34479068472332164;0.5671013510441376
0.4989678029040573;0.012732416545776282;0.9269083997690373
0.9286370428384778;0.9850205304090952;0.15943151315540827
0.014578721490765889;0.00042476357601517467;0.07724392787735057
0.9954794332365514;0.4224143810081332;0.2157416256221012
0.8053740837273653;0.5197875077747507;0.384427678602678
0.5441316707946299;0.35716190673351433;0.013273360248277633
0.3600545372986548;0.26514121670662705;0.428850131870984
0.3774870941090752;0.3432090852719437;0.3310392167005901
0.5156772495908439;0.23503400141649167;0.08575971655751369
0.8464820053314844;0.5644583855855305;0.9576508835455644
0.4337894507455273;0.08713014659390583;0.3664456701132983
0.8734213320939639;0.3786473158922239;0.45224949886181787
0.8862956973938504;0.5308858214160731;0.6466533986269775
0.9376443683167986;0.5276565591457755;0.8253788894565519
0.8676348696409704;0.47555172729899275;0.4588310752975505
0.1611261923406384;0.7258716033773753;0.452324029247792
0.9827259585314666;0.03356611005172583;0.04978569813709455
0.2891225519743762;0.7621612459251063;0.12123572204082489
0.8255385845027241;0.7293112972892416;0.4121250387726578
0.9865473216410295;0.5834753146731001;0.0460057006562653
0.20423871959881423;0.043813364355870466;0.7614330574906364
0.6018223154662489;0.983442594197187;0.9112242815145015
0.6518918506287553;0.6662670270212876;0.6608736919393379
0.41648167673058156;0.944401994024073;0.2797143118094464
0.8619597376364247;0.4027776360518963;0.4973585781483115
0.06522174748567111;0.24101113389112572;0.9680652382050936
0.24759888795664642;0.9419853997933906;0.4362671852420966
0.36924081320021074;0.35974342378033697;0.8123547859845355
0.26462970235241723;0.013463983485473285;0.6394579078751852
0.788763315767813;0.15003514812240892;0.10448561427475977
0.8769136525757166;0.7587341041160607;0.4886157940802598
0.35623695737536065;0.04122326806972598;0.8138624122180969
0.405718209142213;0.5068312142930387;0.4331644006824482
0.4776619366030205;0.009443117405250723;0.15046470824704883
0.5232184567892334;0.8467757948260077;0.021301233123673824
0.13317458043125552;0.8542524724920213;0.41485517581792686
0.7892624755139868;0.927252670557512;0.6659436589788539
0.8183229923592468;0.4594053842147573;0.7446315388168526
0.7699798620200842;0.7850351159912696;0.6238489404624897
0.4488229791494056;0.9910597415087211;0.7161793214347024
0.6399476718149478;0.307228180103012;0.20173954340069788
0.41078569837783985;0.30390774067812554;0.2600639921693486
0.031524719279801716;0.2701981097314198;0.5611589290005384
0.5825287948299532;0.12084595537653497;0.6265007081466878
0.8254191320660329;0.9254080980644478;0.9347289253923547
0.20090259445536385;0.6936946395629089;0.8839403978747176
0.483837956888563;0.4145438142474499;0.28070794809312094
0.044871210528148575;0.3576707225463679;0.8216182641233749
0.9723297388453497;0.7410868245023084;0.06311631951827723
0.9099028396060868;0.35840719497387563;0.8233447911184205
0.3574798276895296;0.8221458410335978;0.9655026914697179
0.7616714704576174;0.5357327022545241;0.7975460109649386
0.12815147151461137;0.48371779790916236;0.6340274284419924
0.3656207748356475;0.30527860690531083;0.4162627866941221
0.20743575691833982;0.6417765356754151;0.24295464522911558
0.622679100144411;0.9718670212349344;0.8503369591135684
0.7807469961522521;0.800724932304075;0.7589651113548486
0.2597872694677632;0.7641111198728048;0.9893176489110228
0.5183224023648592;0.07321479117987062;0.6898115690476438
0.5221325797982921;0.43099222958930705;0.19208495620517407
0.6928696821337096;0.6509297298557238;0.9962192479918927
0.458730277122674;0.5738395111840512;0.4963855960340008
0.42245608613508356;0.16415082702298645;0.20867988582280417
0.16876363610795397;0.7187528084419742;0.6549687204927686
0.30065669982291066;0.30870135675073707;0.022419929437974995
0.26758219704781405;0.8882058881032621;0.7440249100294958
0.5341442526850998;0.15829547180726733;0.017148160715467653
0.8315271496589945;0.15346956344577356;0.506358072853022
0.7674736850133674;0.2724943925055968;0.7754911274474474
0.6875288798882274;0.19332893898140613;0.8168334721023933
0.6873329550439369;0.4691767349841265;0.5330883958090172
0.19604867874355025;0.3153047156777803;0.13316780002206852
0.9677169856183985;0.9620292094532221;0.471745380703984
0.4056611034535901;0.7107514282795484;0.3816673438291359
0.7762962810256177;0.2782613920493263;0.5483193851902435
0.5021410504690199;0.3625598612617098;0.528879387165215
0.9817603844592866;0.5796889168862366;0.40660774705539204
0.14905935105950818;0.5804857921137276;0.5243380135818997
0.06908471902014635;0.12347731778327675;0.6410501131666971
0.7832892258226665;0.9323771436777724;0.48057220091428976
0.7093771514040553;0.2958121221405867;0.1434448829014885
0.6831078131171454;0.6321105748760834;0.6136164826100894
0.24620729745155612;0.4895560593846858;0.7377923172858423
0.5289796072287433;0.07424933488946417;0.22414917825048541
0.16072688662042434;0.46574332461816614;0.5424479241356359
0.8360893827170433;0.8535846575931525;0.3727537846099568
0.22302564245888878;0.07071567250694699;0.20242058976739885
0.4338955182232276;0.9583343668942494;0.2114660400893802
0.5731920727175913;0.7741572704863946;0.08570273431826836
0.22205697160234839;0.13749158249146942;0.2654942924029793
0.661486155275927;0.14128215282319556;0.5812825316688902
0.3793575317445377;0.09231150920932607;0.7504855075190241
0.12397756033777374;0.45964433585664877;0.5484029157821061
0.6810512221059273;0.785160108504562;0.19334425258957355
0.5838159963301998;0.8362224488298861;0.42238718047640134
0.6579531290424451;0.6462728675044697;0.10594773365851262
0.982867488761141;0.23724005534381176;0.19775557104228914
0.5235845914595233;0.6209349120309964;0.35529183883701054
0.13589095058776923;0.16854391619615572;0.620512862185621
0.3534292569022297;0.29117326429625323;0.38483242967751996
0.17395468860699437;0.7511121859626984;0.2505460028067841
0.7182166563793584;0.2645657602441508;0.06708796115337745
0.6455814229565312;0.008117603977105037;0.7422846684149416
0.8438089129475809;0.4359008878155668;0.13670621230085522
0.8336913636000015;0.8920359880625499;0.594401933196057
0.9608163636006932;0.5775075638320968;0.7021520134818809
0.48294183532426316;0.9883860783448374;0.579997191262825
0.3638774781498265;0.7012514967030206;0.5595278036216694
0.9208118907036489;0.7862872903949357;0.040916624756629494
0.2615191592422671;0.3263857863468801;0.1260294183075943
0.783541663500057;0.9615450046251448;0.8633893494290077
0.4852643000467861;0.8581337371291787;0.7511874315850162
0.07877537008605517;0.49144231340204114;0.9667704331885278
0.467938247983656;0.03746823662357879;0.8498173053693657
0.9371591760479636;0.334935267644316;0.8835233044580012
0.4003466084692172;0.18576914432651015;0.4142578948498906
0.04866230089343471;0.9661233620335629;0.16391947223770575
0.7186875705155328;0.06700783459328974;0.006044989648568033
0.2621570681382538;0.30958634248232886;0.2152384363840636
0.6994574587989252;0.2333582392195176;0.9605123994770077
0.06253202211119113;0.7321223587422846;0.2281595776747124
0.45720231555992863;0.9292444895520866;0.226839329819999
0.5308571876770054;0.37151501081626137;0.1596647414905017
0.6126397086663848;0.8714874731251658;0.9674474331291629
0.2875307270628774;0.9715377172305283;0.5319003080032385
0.3873235896319076;0.6373619485246572;0.21629311161042197
0.8804685927386368;0.8125483977160016;0.50736992803633
0.24202520508111502;0.969759494942315;0.14784757144649352
0.6560893200615855;0.6806597517336398;0.0751020559345984
0.5274301806842642;0.8970218817533427;0.12850850151256243
0.09594710175446575;0.8417354847526801;0.5483723165437465
0.33718202755747884;0.5009055166616262;0.18015514846276692
0.1303142291153162;0.5154617819622185;0.8217782372142249
0.8117425673123168;0.18652856202040557;0.9428234207888174
0.7706646128414889;0.4290710023470026;0.5757953233183442
0.8968949897392646;0.6828718514595347;0.33321952590635506
0.7587548101571792;0.31041292689923106;0.17256707662101867
0.035967681634668125;0.8919630865994506;0.6982326839140159
0.8360714525977354;0.9673552826246605;0.47099786750901174
0.7361326617031511;0.06217387543728259;0.7883217128751333
0.6126239330952071;0.6576939587890976;0.2101932348301172
0.8340212082378139;0.07775351920437534;0.9257830605404367
0.8692719830366749;0.6038501704161656;0.23153629384992036
0.6299508597470108;0.8952906734605429;0.6155750984870505
0.07428244954616336;0.08732714946981213;0.12623586132958942
0.25172005564451183;0.4782225246896691;0.30940987577810763
0.9376544527839019;0.6099941978592404;0.0895771159723906
0.49794939543372263;0.5823685559546177;0.15834547791599385
0.2309399989107781;0.20490131117730992;0.9910008907503134
0.15513953771601152;0.7415559796648881;0.19796953138965023
0.05919244156419967;0.0972900326097157;0.1251799486961841
0.09258551568465812;0.5974923566963081;0.6695412790916176
0.5894146286501303;0.5346477704849103;0.7833185540538805
0.3480384382305689;0.9226527208209031;0.5689597510713684
0.6271100254406211;0.622134612495502;0.5333278153088137
0.1438463976899066;0.19798907730274407;0.5277399838651016
0.36259636946508766;0.20622719038927384;0.28835254505149666
0.008109407563692939;0.1979381140329095;0.5920754851605555
0.610941028214251;0.4972180961409689;0.2939995581720919
0.8559072016050967;0.744064677385739;0.5902675009062296
0.24686210571139333;0.39209113124020556;0.8708125570611572
0.3930961913240695;0.663963784363145;0.8221908459109145
0.011562322383455337;0.3175717066574666;0.9920342510157854
0.4552198575523554;0.9115828454002708;0.4141878691411135
0.5410675984188632;0.9254904217503829;0.628444891100856
0.8912716887863188;0.12512324662141017;0.4537369036826706
0.08651309466235135;0.8485884796092544;0.13962688137816837
0.11553875095405775;0.6422082934267584;0.7637156272631354
0.196682525071456;0.0055664979469550735;0.45573365850646785
0.8145852857690178;0.5730783281296781;0.5589018514899909
0.055698752424834796;0.4774208181323152;0.009720472005792957
0.6560655943370808;0.7094050429909966;0.43168488568347974
0.6079942987527523;0.6779077241859882;0.9052730388608622
0.5733928606101539;0.9427908298609537;0.48132866515373285
0.6161106675675009;0.29920500853061693;0.6281936293245677
0.45610004690080774;0.8731613458334101;0.2363033413289104
0.23746462081141195;0.8160556497896028;0.9155859648907875
0.2270303457537678;0.7399324793069217;0.7368048026741189
0.8713552585955546;0.8671431087319575;0.2662949966979328
0.1348981309467736;0.2165229008030113;0.13759871262699797
0.622522526893208;0.21357540177009826;0.5103717244485695
0.10755372426358545;0.25132888841286993;0.3311277422582788
0.7495919251109735;0.5964063476824948;0.3341423809019265
0.9131144082921795;0.3220890979464165;0.25838993273041777
0.5116880421604936;0.6589371018967685;0.3905118249579853
0.7641270925010157;0.9642083427280377;0.4960169074980195
0.13832844568268488;0.4258973755323815;0.2061323268126598
0.4750000196937668;0.863603618037102;0.20771558011108282
0.278365799842739;0.1339136345298293;0.8348983310827411
0.3620832791914158;0.8328041668830803;0.31866230521556915
0.24230793145359386;0.2230748388860746;0.41469204527554804
0.07678374157442969;0.927503357834552;0.7781109578599661
0.30013939928338873;0.5070609854771688;0.13444030545840113
0.8809854355577598;0.5330527307777253;0.6579801147942963
0.10110815911343496;0.40451692939465034;0.04412430833704595
0.08190362484041858;0.24708791284295673;0.8140679244957552
0.7883218270323645;0.4841230995132192;0.8028958504819705
0.9765931099910732;0.46154744819504145;0.09449495751867398
0.6790255377584425;0.0036122953649867506;0.09897997183106311
0.8450596134439655;0.8301114618019914;0.9330603378845295
0.8993997850075669;0.11610209038663577;0.9054660481100717
0.49540776711302303;0.851517359768364;0.8577846115171931
0.5095778096594318;0.5447969785046253;0.7930140140338998
0.5961072655214876;0.3440832390747499;0.4387064174585119
0.24973927677458096;0.4437019070043663;0.9380257102787491
0.527903452387523;0.745178464223029;0.09579120301011257
0.3333798131645842;0.08618793642672307;0.005432185299981129
0.09775742494113682;0.764892090910985;0.36312592607411753
0.07012033006618612;0.7290913425747408;0.9281711384242053
0.3588654501719273;0.0103250165191765;0.8582651249460896
0.770634404932639;0.46908084791178095;0.8868312634037414
0.8176521803263385;0.1933249710746603;0.07908043010328925
0.09752791713583653;0.8916106613245622;0.8631102789478157
0.649888574662389;0.4737356046223413;0.7173069485422894
0.10973711129845676;0.98393874307809;0.9248673957383248
0.24729570055853733;0.4323383434294321;0.14409701440282097
0.4475419422636515;0.7041055337588814;0.10832985299636688
0.8873155309963756;0.9129016413672352;0.23523011988679676
0.4782869998140524;0.3677696063215806;0.550777936205811
0.7234466134695222;0.7203239285763956;0.8778778073361796
0.19666436981167723;0.7075469766093395;0.734669924702357
0.18270693098862667;0.527948051674928;0.12002439265165543
0.47890606130657976;0.8683395673736802;0.04321141091121605
0.8893312414251452;0.4464554881974392;0.32595145674552684
0.0377740153770969;0.9891714134574012;0.2065368247642142
0.05749136066068328;0.8049789816533409;0.2832640020202313
0.3475139176207718;0.02377734883582494;0.3151092369025882
0.09547928096620995;0.2518262752192716;0.614929856309159
0.5039502810175079;0.6272519952189112;0.6545099151999807
0.12275167948504173;0.12882294223115198;0.4264402498483253
0.3258215072185662;0.3160172742143562;0.878132479642887
0.5386935961194007;0.5337867235252398;0.21951336823192447
0.7597459538562045;0.20745866131017598;0.01608861925014682
0.2873136299238567;0.6916313965511933;0.4645563479758811
0.1470050059875705;0.681471462172932;0.8469444998197415
0.08549064342381352;0.7287448592979497;0.3840135554932075
0.6013548682176791;0.7008769670617072;0.7583479582612384
0.7286334707736133;0.24093680529772143;0.41105949919319895
0.7869953572448238;0.6976064717371205;0.037931429783596315
0.7309048473173347;0.7319805520582119;0.6668162028862413
0.11497495055083418;0.21980680184882362;0.4441613996527315
0.020705663056546975;0.7990281061308299;0.5965000067426824
0.9070971837980515;0.21939801972655792;0.8885251133760298
0.8220108389522219;0.07937039456772643;0.24135605437217267
0.7378192439636845;0.046600334465859095;0.36013297407436073
0.46695449963040336;0.33878768965170525;0.05273927003190415
0.31739867762386254;0.39528913108763697;0.8165226488941042
0.49101517235529235;0.958022304466225;0.6815408260830131
0.7281912052582421;0.8064522168944892;0.0731237539842522
0.2629923575627945;0.3504818053265156;0.5879169629037977
0.24161565454361933;0.151267564766964;0.7722150824214081
0.6283754690912575;0.6287729552904902;0.9470898529789222
0.4346522635086818;0.33560461529353414;0.17933982295865103
0.772133435299281;0.21981340693855256;0.24582220086437045
0.9121345694271547;0.5856825858579489;0.4409640449496005
0.4653981670360916;0.1923450941064262;0.17533708432547213
0.2828114492494046;0.9758902773241919;0.5103813622160273
0.7660004926715831;0.5625665044079659;0.022911151595231827
0.5407499133897026;0.3949972149681852;0.4092869046643155
0.06518594810444522;0.4517692254531883;0.8183993337904645
0.7980216769990874;0.08402501761434067;0.005834817816453897
0.889947896507225;0.5770929701556062;0.4288872161941075
0.25746178096762207;0.08827227254920111;0.009414177380791755
0.33629270831098956;0.1653539571881273;0.014872299869716388
0.585629362358458;0.4514378878320253;0.13235318733193913
0.12539546915662914;0.24301466481087053;0.6462880578643043
0.2613371709811724;0.8418530500249894;0.5131903433084662
0.6985202462992582;0.3833914561870727;0.12830401909659817
0.3235183090801398;0.6139794144222325;0.5527884066270891
0.5483115116980583;0.32612651295228223;0.6383223174510906
0.29710887633902017;0.652870800188898;0.09231829361294974
0.26677525503383426;0.3386252478355317;0.39541129792799223
0.2523225353134817;0.32312349306158317;0.165599528041118
0.05728800667594469;0.9501565395235659;0.315534197965355
0.5402645992894026;0.19497515306281055;0.7672793748345054
0.3855168933949067;0.36176731510565807;0.18138744391863793
0.19501907822446707;0.1828693114868989;0.6923731336653246
0.6701558460396086;0.394085127735206;0.4773790994980328
0.4122561694507558;0.7170509596999391;0.168550399641902
0.14366075404344314;0.6459004630470747;0.6325083391447699
0.9375213759972655;0.16261095837739203;0.7277556904057866
0.17859412231809835;0.7017678202331598;0.16662431517762322
0.924882505453359;0.7469216702063526;0.8741874854677787
0.24791910711757092;0.24548177337021215;0.8665300751111478
0.22379455321962394;0.5882881791806405;0.44907582076718977
0.5866569401466671;0.3593214428336674;0.4353384048819052
0.9266513832818165;0.6608149830168087;0.16803718539268875
0.21793264427775993;0.3317636663467818;0.7527324367136304
0.4198248831640231;0.39429253611397574;0.8659785458302853
0.11558704695486133;0.5476113452811807;0.9836047092789088
0.928677074714156;0.15900804227965304;0.7277446840137415
0.4283861383094585;0.031070126389585062;0.3809627844745037
0.0988215863563674;0.5952077048976694;0.38243644912959707
0.21355706929240026;0.5274936003706923;0.5282620308876204
0.5454348927933729;0.004700826927101498;0.6321815623363131
0.03833484837609724;0.6884955089427167;0.7993980734643522
0.981416216453763;0.047272774984715715;0.3399096255124283
0.4475838021297679;0.4517956475475674;0.14637890249882446
0.6580246426854348;0.4766813322019007;0.23538932415216807
0.6800943648831923;0.14723831871597903;0.46043333322143165
0.6187107785418764;0.8161692535509837;0.22282817578704484
0.30737557904960533;0.4401190628236741;0.470163230287893
0.9598865050374965;0.8648516810407628;0.09325219734370638
0.27444786500288676;0.4147167679260563;0.6438433771844633
0.8813617536539875;0.4534808007621115;0.8182865924040523
0.4792008190550655;0.4214206749567182;0.901810364494511
0.35890848846439516;0.07834809861011593;0.18658685218815607
0.7920226533289091;0.18377372831329686;0.9846558805402202
0.8415581574376547;0.12688619084853847;0.89517306518365
0.6377255927288134;0.09092492941658403;0.4087359277758613
0.4916019869255037;0.3347654691574139;0.21250334141954808
0.2511887062645267;0.4991640924440236;0.48174221629789615
0.3117115690871377;0.30360851913965337;0.31853238564142083
0.8093036983001193;0.29856095963676765;0.14646781271573583
0.8689710054484693;0.5093727163377593;0.41355866582592915
0.038840532668338534;0.2687458507673387;0.2434828069871684
0.2276697257588396;0.7891587455235726;0.40354634275639045
0.19808136770462237;0.08091903748281781;0.209639931547293
0.5379086129864403;0.11535773079182121;0.26455677959939183
0.5007526613002277;0.4514310985329818;0.1613142359129195
0.7536354409789751;0.7133337419313016;0.29016816932606004
0.6283128106585792;0.6198087152496655;0.15268230967544993
0.9908687248430109;0.4961917777907391;0.5629046920234735
0.303377981553018;0.04802232338674506;0.523349224717712
0.7043473202082561;0.07488329490404866;0.7929296972760694
0.813969520172006;0.9691565277210045;0.6939598436633132
0.29955522951218183;0.8571135552521897;0.6098519638611914
0.7987798185455592;0.020509066928964925;0.7492288052960887
0.6977281651671073;0.3971572223222132;0.9680366845795958
0.6514510785500587;0.8946118321303548;0.3359347922996504
0.334518591364096;0.28227965825377554;0.13633613539306932
0.30971439578528903;0.11910779665063764;0.8431095795297358
0.7277534446634653;0.6825548496437833;0.4700295500942071
0.6030359267548803;0.43497445176414673;0.7196961503798246
0.4460947647488297;0.0922032045837009;0.7328713728686327
0.21628557947105687;0.38280415270818136;0.013856431023946292
0.7006364329491008;0.16650884020361378;0.18567960906252023
0.6780107876437107;0.506379491782944;0.2850332758496851
0.8772821255672371;0.2058010229547158;0.7221770497949105
0.9286851773862825;0.24926069347464563;0.31224741146186286
0.7752350902667697;0.7410477718271666;0.45096952406420554
0.9509714767294191;0.390150427333387;0.594503163830923
0.11778628689916137;0.43393078972197163;0.6649745682803596
0.6990109510183096;0.6177560248952922;0.4087363817525559
0.7891971353308059;0.8504961592950897;0.055909844108712026
0.31804655477352894;0.7353874045909328;0.6081175318124855
0.2063452200246667;0.32745269683976785;0.8634454978891927
0.7823858492923467;0.9287917512632167;0.780104348006598
0.5015469957926936;0.2574573502033607;0.3630009518022541
0.06023372741240285;0.8673044014884713;0.8998790533998023
0.9390242415904119;0.49875455970496674;0.5190982474403177
0.7824419120725259;0.563905036333782;0.3321313849480454
0.39950587874834886;0.7366436616267381;0.9897715780347592
0.22465036480366385;0.44780537848078417;0.623924243068198
0.4346877757420362;0.4288235091780974;0.6867659663177844
0.15328689874070645;0.49956042857156635;0.14793651828536003
0.13884921454028698;0.3499736244601904;0.1613442034388377
0.6709670652800789;0.9852494421749507;0.7812734308448974
0.04924509645123254;0.9275389143801336;0.08266850197196907
0.3659807960302046;0.12827413059325343;0.8530772590659835
0.6947051011883578;0.7005074279707395;0.719985924390755
0.500918268260563;0.7011894410222961;0.9582762999407956
0.6995226350457054;0.27194815465165734;0.3047099127965709
0.40229701926265804;0.04981633891579762;0.5461657538943981
0.9983249583740836;0.2195152016657953;0.3660066739569432
0.47581440301243305;0.4442885656276888;0.7485147152141887
0.09882284897830385;0.3904799773679912;0.11681851375746843
0.26277825321965664;0.0040994503346930555;0.6175789258967697
0.7441953339898554;0.3989665324823872;0.2189804679253814
0.37471857511966566;0.22760418944812766;0.5810383483299808
0.07810256100987767;0.2153839264295263;0.6748683613252252
0.14404017299968241;0.8145982677636289;0.2241205576453148
0.6530771405511289;0.06429174017908923;0.9038420735378451
0.7810527730579329;0.7028043623458753;0.17272573426934312
0.805285397843325;0.8751815338983397;0.9522681786393111
0.539836226320779;0.41224008820182356;0.8317217547148534
0.71375713067115;0.7904104052153962;0.5461678269074048
0.3665156857952745;0.5841046531773746;0.3880258790072503
0.9654943371047565;0.5838510055532927;0.008237390633697994
0.21408595547225173;0.9335458465621294;0.3258352664100833
0.8930702183012553;0.8848018509037247;0.5155409552699315
0.7401116293450452;0.2302354335445389;0.13504362170520745
0.13110180273394456;0.8994386154778283;0.9841848826709837
0.571191564907336;0.5524702055444309;0.9994789757763084
0.5426706856945601;0.7713342789003308;0.5277903109034849
0.5450313842881218;0.8306810547692575;0.7671668401444688
0.4727769716648531;0.9438860841703979;0.33593465563534686
0.21112275743745745;0.514094806110475;0.9055612200562289
0.9298376846556162;0.4309907690573236;0.7486076239944167
0.4747695735448678;0.8172986445004039;0.5765747522326659
0.8166481752817283;0.19002767782816832;0.5992148707751406
0.08652238842308346;0.7942645654339703;0.6652387619646531
0.9120233196879634;0.549851153573804;0.8879536754542339
0.783567778724115;0.5678290634264002;0.35706736998926003
0.7735674201874972;0.06517610992544665;0.25502395706332603
0.2871990212581874;0.9187074807066651;0.22889387738986822
0.8450214920876609;0.4210109204645158;0.7276888444220962
0.2641233783881506;0.9584574186593491;0.6566686966205704
0.35394138168767886;0.35962558802502953;0.7456474915120336
0.36421759635014717;0.41371197949061855;0.37407753346936
0.22244973917933608;0.5780685035264649;0.8139315107149043
0.7225063548135202;0.11431706447618684;0.028129154213579977
0.42262974794805064;0.9828600650424323;0.10298990921077933
0.6856564509433428;0.8881421029519807;0.6025471378959811
0.9235523701393018;0.018452993859974454;0.8235760392893934
0.7476119480857826;0.25513806228355995;0.6252981703471385
0.7297195181057416;0.7564575613581835;0.48105793607665337
0.6452444055101999;0.3877447319091879;0.7756051817774597
0.027488227334751536;0.12548817115208144;0.8017507987647061
0.8140613467666326;0.5113524314380695;0.536815887257487
0.5568600398082416;0.36907834869805434;0.8832973155019441
0.4627003987294249;0.08874678928744462;0.43390517825294006
0.674204407479267;0.6874886183123963;0.3913047837158141
0.6871884073764051;0.2987869783881897;0.8550076385826351
0.843467878712628;0.8904357480056717;0.6712259990410258
0.33973913292522395;0.40325282574538757;0.13163693918396835
0.40923024918562334;0.6533719945694277;0.3009508570606455
0.8940921476090594;0.47682830397300746;0.6655929370409546
0.8290940560572877;0.8904807729554324;0.2853566035925791
0.9804684701790893;0.6318122542880557;0.69176092384242
0.2517935679799814;0.47836658686169176;0.34447316995436883
0.9257226799796456;0.15146927441398816;0.022818621489286817
0.18539378106868898;0.04490877030961116;0.30111259109039434
0.7830033094711996;0.26809922164449784;0.6297376526379341
0.8638362669373058;0.5071747885804226;0.12573182792639004
0.3630438394219351;0.2991502432093128;0.8024248826775894
0.9156382296002707;0.9857020710750717;0.9419617765720999
0.7120098338832184;0.21708286323235093;0.4407065505715867
0.3285091312833319;0.24846716563667204;0.6319525467054639
0.6052251143387859;0.9272208128468645;0.8780539760161662
0.4937334293172835;0.7458433763323186;0.3508624394859926
0.9110029876214691;0.7290221254799504;0.3224290876142447
0.5578039390412828;0.08753873124744171;0.3811714480767382
0.6800822509637663;0.9355717799519927;0.6906707208154853
0.2958151149394127;0.6101204150140302;0.34469066735847675
0.6603055086589676;0.8357627714701061;0.28879778355358876
0.11504230600449972;0.9130900513899237;0.6783310762675109
0.6705296214622266;0.8544541387863052;0.7325200586567688
0.26215818313255324;0.43494695103424197;0.7335459640841279
0.5668289747993567;0.07257814210041547;0.7332856818669771
0.8091546355355321;0.20958044103231233;0.21428613772886673
0.10049614381609429;0.864985114551095;0.47388717790200685
0.836024937347891;0.11047081743382592;0.964461730881959
0.8290253710480091;0.21661734786353048;0.18221101010621088
0.019029539181616095;0.4180384139849235;0.07623183308789916
0.7372168359664623;0.19890236354536917;0.669117318773348
0.6413882987193965;0.689233607977377;0.5608559952680846
0.0943748920476456;0.025664917891677352;0.06914526022490408
0.8384183715636808;0.520344614559779;0.1428658893482354
0.18945405667512716;0.7884848495250456;0.6742680572392199
0.4667718430563004;0.6912897475478897;0.921851210282217
0.7782100838145602;0.5809981416012399;0.21436333392398188
0.4359826828081903;0.5865034343257031;0.39397275193822445
0.7722061040301772;0.3557037092312143;0.5399951955525593
0.12502431409962322;0.8197826791250804;0.4101806839732802
0.8152993974727605;0.5319460307281184;0.5460474394264151
0.778334275775604;0.5781041904390308;0.8419789219470937
0.32731978272129114;0.9707755395874601;0.9407761897886987
0.16086133946840986;0.9400048435549941;0.5727891138667346
0.5976485468809458;0.04361928647430591;0.9487638142082189
0.9617255974103942;0.1579609269238782;0.23292049325363007
0.44720864613329614;0.690820197983834;0.6881859124283574
0.4227176468501953;0.602534023835142;0.9418193520798851
0.45217115480015435;0.8090664507465638;0.7373821523042162
0.009042277634747964;0.39919357539231304;0.0479143371313705
0.7113787857178856;0.5974023344680792;0.22152722097391697
0.820669241006928;0.9684329617128484;0.823752039421767
0.33766210729993196;0.10807917802921996;0.11521447204024415
0.8977796521665125;0.192226586898381;0.17882047627696585
0.4800339679017921;0.7007530635383965;0.7820825927743578
0.2816410134068822;0.28556294433752105;0.048503021247938594
0.5121665337716832;0.649548047499954;0.2541247163973679
0.021672795571782588;0.3755541121665702;0.08322352271959532
0.8606940989646401;0.7563055452175311;0.33020517843983566
0.06185267326130206;0.6889154072012593;0.9274006764607282
0.4915180512431504;0.640186369188558;0.7864054733361857
0.47969601582724175;0.5837554750604255;0.929187391232622
0.4864569509526241;0.6432538947312019;0.8398785794125224
0.4825614419217449;0.04324130908500212;0.8841343472025031
0.8066609222970206;0.8041571839201707;0.3222014518734969
0.8481887606541401;0.38546682684507905;0.8963189626167983
0.5141678733321072;0.8397316962212672;0.9176691631675352
0.00039501718757239956;0.705466575215262;0.6002225122321825
0.601363828073364;0.009722350386207168;0.07555011875344686
0.7575439099651662;0.8773167083047517;0.8406577089919475
0.5867514210058012;0.32521065605584276;0.23625876382731337
0.4825142130468514;0.8574066224599697;0.6315431272904295
0.6978815883090473;0.056154558088046924;0.7252765351413238
0.5683094808375031;0.4365283700551216;0.8999340530431404
0.4864244925928083;0.6013593481755973;0.9883590978694176
0.4619316400610747;0.40995612246548196;0.8680028423208415
0.821813378851425;0.9633594915088645;0.8844388744741242
0.19016724058324708;0.5335014441438867;0.26128429894037375
0.8179105484544854;0.6003664894376018;0.9848382873100184
0.5840268346092767;0.184046057399606;0.8896292085783406
0.5435900522407747;0.007206891681350913;0.9948734424573554
0.513965610579856;0.5872190954661342;0.3922094920678919
0.580304324435235;0.09183287581545385;0.11818106020941199
0.8498301155231947;0.37986973613623576;0.0629151613842096
0.5984997902086371;0.18245162119220049;0.7649125659100283
0.7345854497830663;0.15978464905618905;0.8477306557591094
0.022586088442428487;0.718588891204071;0.8105919397503133
0.44879194383124876;0.3589969784060625;0.33519578320643495
0.9173287837060541;0.40616579701488875;0.6140837413913562
0.5346330577642399;0.611598682984403;0.21620970212351098
0.3013015019865155;0.3017595327524242;0.11327538818773386
0.7560028817612187;0.6768480027982681;0.4101905066209406
0.7569455342043726;0.9982706689198123;0.5916868536276582
0.021686487116655107;0.5822496793494101;0.5336618011577945
0.8912203079967749;0.3329968626984069;0.9777127799552906
0.966380372187781;0.9823883019981069;0.8477610684135848
0.9929730153177064;0.9218276255291671;0.3024874539492055
0.32446112465267485;0.7733887985532133;0.3950782736903349
0.20245728229276905;0.18404489351829323;0.43409425012934777
0.7628932494506009;0.4682696021541789;0.4225339576599967
0.03646970462452792;0.46817735299068564;0.8816686714506973
0.6970953815353359;0.09858692506651279;0.6173152348556057
0.4628392493939021;0.41652014552977235;0.3797405190465193
0.38753928958383654;0.7437379236949866;0.451992210743968
0.5695765271541848;0.3617770505910888;0.7873178294223344
0.010620403999831662;0.2657585024083614;0.06805358084437974
0.10768316051089788;0.5752294449430001;0.692267356595719
0.43561919298287455;0.440388326713836;0.8783803421115248
0.9971501104356685;0.3927153619352819;0.03624520515864271
0.16277967309355879;0.6559655761897558;0.2704865306885037
0.19052988778731483;0.057816801707017196;0.30670177558790823
0.9602068034002057;0.43865909075741194;0.3870925256844291
0.7846360539711205;0.7655574521379704;0.829142808134632
0.5420540807437927;0.6568452355294847;0.5566606947393157
0.03418845721223274;0.6337000711359241;0.6139950515975409
0.11946396548520122;0.22184248902788173;0.007211305676288138
0.3943937993895552;0.32366777943009606;0.7448723967307587
0.10461760762958816;0.39465370319503046;0.9157877301547018
0.04570263745761749;0.9295571053111598;0.22171074694338755
0.6374474723468176;0.5961892005777858;0.7593044414879644
0.2236349645326574;0.822115394236189;0.10777402010163539
0.8657854000706758;0.17425864194904694;0.9591253847106818
0.49390679502584833;0.9465265733074353;0.0670467653625002
0.15995819008766876;0.04375459254826719;0.7499123683211116
0.49597367639323553;0.6725586343217687;0.12134555673839298
0.9222150615342312;0.4896575248551127;0.7586065265872977
0.8169716756825596;0.9074399960460459;0.728956253626718
0.09840688791921093;0.21858004288957622;0.8161121323505711
0.48031417770624774;0.23380529052985966;0.6721662396455893
0.0584450351316359;0.9611543002314629;0.9705334997386845
0.7584042275949439;0.009984376252399119;0.1679810733687097
0.641548578523637;0.2086542760474842;0.47047323045531597
0.27974050817922147;0.4251985461942368;0.3700433349044504
0.4800186172437213;0.4331145012877885;0.4539483765381479
0.858234894239338;0.303517424001686;0.0359362768291025
0.36022531898748644;0.1462160107282191;0.9941797285969167
0.7240031230960917;0.3962456605800033;0.11536749707247174
0.8371836002725281;0.021725091726617407;0.5954023886799381
0.4858926152094708;0.4479233729134475;0.38594339070964
0.05891333061443582;0.577542594878812;0.5416236305787339
0.25874482249355846;0.5741845544741889;0.9165413874816707
0.3853777933179898;0.7314801900543625;0.9178819781001256
0.7758157796500453;0.1849623369763278;0.6727141340059704
0.06445817231366702;0.05488444999827091;0.559870491635745
0.12319065487571068;0.11772517004168614;0.050404136897057805
0.7550833119377;0.3471384149254152;0.8801189123023178
0.41413528671576516;0.03354576561988354;0.8414385238262817
0.021422535842178125;0.5342619202458108;0.3536416841687018
0.5182999417549435;0.9265390813683924;0.6456157694955952
0.5678264866397462;0.5272247455736306;0.6781677427226068
0.8623158630103958;0.3097358023250837;0.4309877714003618
0.9972959635386496;0.08509403935601545;0.756358280808094
0.6334436312846364;0.9948860129923588;0.6242024626620122
0.13329221391004287;0.3648716254670886;0.8199020704853919
0.12742855458773827;0.8173591558261492;0.011499351545341652
0.960079944369593;0.5500204886725676;0.8665026257277896
0.3056824545974105;0.7184637972254733;0.5138070164971953
0.3986255320130343;0.6717459306376462;0.5523436010583544
0.3452937975656346;0.9930882258937973;0.7126528562455381
0.8888987018068732;0.7437468005495828;0.043308231360827065
0.9541768885922243;0.12873475447117488;0.3039939611327134
0.7515517018735677;0.6077984113075627;0.008366823770940113
0.5674965331999012;0.2668950572298906;0.4668679439279969
0.4733999892317091;0.17241615512522568;0.9466843788217808
0.13414412708997314;0.6517511413118031;0.8796457068984934
0.09003598168278548;0.5989986688572534;0.166211183597185
0.08611969198551894;0.6002358261020662;0.14513492146708173
0.4029637137980223;0.9758779811439126;0.7080549068919901
0.20724844744884907;0.5969108307155784;0.7040405175537273
0.6062587801264391;0.31000997377088557;0.14700037059854398
0.38410908244045516;0.6771522031139665;0.547582152833552
0.7692162775612112;0.5238441071886513;0.532413430376077
0.3462317790776578;0.8948747810380053;0.821098543402416
0.3990922909039467;0.208997214621379;0.6261517335292643
0.3537426763334983;0.14030255483184773;0.9943213170695069
0.05179429304729943;0.8170918297418445;0.5758417682820409
0.8678854369041926;0.9944669219755244;0.207343677005987
0.4167998935131747;0.7424026192927842;0.7227450156160119
0.7486310382096242;0.19421272321512406;0.6166971302453617
0.933092165360891;0.5242234693003998;0.0018602844054196321
0.057045110219555384;0.028007045934091868;0.17423196899496518
0.40224824013657456;0.24418415356174517;0.341626665347621
0.015321622814912006;0.2577604270649071;0.8605253999096454
0.8268704242090693;0.8677601170159787;0.30722825996744907
0.7318177442066609;0.3474398013331662;0.13918893769023055
0.18870800926694287;0.48961531092306154;0.9710587864596725
0.8274141925708599;0.8013428685751147;0.8181172923578588
0.5965130469946321;0.732628114552599;0.39654785546223414
0.58063299450177;0.0392147242532499;0.17579947060874634
0.711179108779238;0.11358738303840343;0.9834640874164808
0.045364815828010885;0.3631627273676199;0.5325530007987577
0.21992011890906493;0.9401328052699784;0.431360447612557
0.5158661676222653;0.395793745998136;0.1052436655100063
0.1983691619314064;0.07240693503482443;0.6674920130683009
0.3898003924893664;0.0842405219154736;0.530053179186971
0.8106533293601553;0.31182655625200983;0.2460616022991272
0.9359851323566883;0.009898466584751353;0.21210974359555157
0.5325220555776664;0.047739061127880955;0.4422895824437053
0.27783731206486306;0.4437313074601059;0.353228296446497
0.4513416113422166;0.6647597836544981;0.3691910611524113
0.5181282855909336;0.6225465485356831;0.2978477393161749
0.8620062306005715;0.41282799050030816;0.722649991887029
0.07462518156327114;0.48221062224381417;0.2774842732720594
0.3215939366674533;0.41800235852456524;0.17601728042679432
0.8075999317602126;0.7446646701011177;0.6292004186509871
0.5648555875779426;0.5542985689515898;0.46933150736708495
0.032189636982882686;0.7271309909820847;0.40987789939142727
0.7738201579078079;0.8624926486466835;0.2634779147502714
0.3600229672723234;0.7311321277484064;0.8859172486620991
0.2249453966158016;0.18881899271100122;0.6046715714545151
0.5333924111532127;0.8869803730445313;0.6834895354083473
0.25137393095891447;0.47422647018382547;0.21071377834518978
0.4630629018388549;0.28599533831155033;0.5367088821294606
0.6212180167263841;0.023894395494349685;0.10084781642652918
0.22526091165259343;0.869915641111291;0.8812100032706506
0.9249541891277757;0.8401679010964874;0.8437320593392905
0.5794716327929802;0.8424869068444778;0.3984878013749239
0.5524559977051502;0.3435723204350948;0.7127077521448263
0.47787466350465335;0.06466525880602292;0.45877099440875213
0.5767974773939621;0.1567706724625616;0.685943613690794
0.6590881325628798;0.6132001039389517;0.7909273343006867
0.6501808832758939;0.019888105608959483;0.8958876062668734
0.568737615186483;0.026343576873899988;0.431040006804817
0.72448422736119;0.6173806799938933;0.7286127666876195
0.5096614777157461;0.5078199486480737;0.6158638892697597
0.03056617568541886;0.13212269889872152;0.9557394357004224
0.6703349135732186;0.9274402629439238;0.6109714762555818
0.052529951318553536;0.7789694307333865;0.5286519039813231
0.6364168275063797;0.2861554523980745;0.36672791388495796
0.4547954705209585;0.9652269378688161;0.7774303096886758
0.4201300240885508;0.4955385228120892;0.1204530257891161
0.9846543084152435;0.13993617987135987;0.15064276456894965
0.8602557960199325;0.7807616052714961;0.48523971171990654
0.2787545802756177;0.043926654607927884;0.44460647886394644
0.022617747795867116;0.05884431894713704;0.8419790497122257
0.8496821224661508;0.9602683011372405;0.43349882788365235
0.14372020689851328;0.8697382775684405;0.5122909530319321
0.1655338073974164;0.7007766298881282;0.650203226762003
0.8553254691977054;0.5214170808212447;0.026800678240377462
0.6845584952666554;0.9943075885644924;0.17390268157824362
0.250406991764868;0.6837900486702251;0.3769603007373673
0.5495978035933965;0.07278801428486015;0.7886167240313217
0.5968481299735856;0.8324522829764637;0.21665070594156155
0.8782949350981737;0.9550299502544904;0.638235129633402
0.920465621007709;0.6688398720716325;0.7368874525469783
0.5177913992894385;0.7959356090053248;0.022792047255033254
0.4580330450704301;0.6288115031613198;0.13063467639383874
0.03058002655832892;0.5025263655814525;0.7266324542252348
0.5097378845480571;0.7133478285936016;0.034627119058544986
0.48285660690021615;0.09180715189329891;0.8256155653079187
0.20848053145912004;0.9715870322664172;0.3011926686877636
0.9046967026463372;0.5255966422997881;0.44424961692830145
0.7436493750799765;0.9488222107756166;0.025147340984043143
0.9502794060699693;0.9208557929251054;0.38053375758600283
0.19348277541144;0.4731494885529033;0.03584700799996288
0.6851258442022707;0.9523829345506261;0.4618838072671404
0.7889665400109046;0.3245414859045428;0.7098910996066307
0.8583227858650131;0.991816901148772;0.38612338340207675
0.521319193393441;0.8714204388381402;0.9705215753222293
0.6939364662845496;0.3043305839558439;0.15011259515949238
0.1291063951497775;0.9542760307763782;0.4756166618083746
0.4417086234550064;0.3496433873692175;0.8336189305743628
0.6580604058478038;0.22420024922334747;0.9915144408191903
0.06542717694930278;0.4517877033997595;0.9472939674147248
0.23219435742237593;0.41178041162295254;0.6328333253257826
0.5032028142810049;0.20291024990563244;0.06945986769744694
0.5671351582905495;0.49312012910831604;0.20834405131489242
0.5611103436244352;0.9006200647601754;0.5252541765650036
0.19057371296115655;0.7134126689564678;0.882086583094178
0.6271797895841689;0.25931502816694196;0.07455423352121049
0.602388850896167;0.7945637218480659;0.5609536445361093
0.484331537990188;0.3506280005879374;0.6097243019576629
0.6575519932168034;0.022143486975789828;0.41481452251686446
0.10017185019228991;0.747509951932639;0.6417507254640373
0.19627675740077843;0.032611774323741294;0.32883383390967946
0.679968525132228;0.39537823141610096;0.7525931573123263
0.10491231639797705;0.40481947527383133;0.4267627837568362
0.20856052865967534;0.6935324976876067;0.27765117616270474
0.9963853035724947;0.16213462873353424;0.6018539300817882
0.6201339279029565;0.8145743767236775;0.7704782249647986
0.8840375560608387;0.24406476821018674;0.48897470812550525
0.0069120596984700855;0.9114481270884185;0.6213376259304462
0.5629027411551087;0.15479424750353687;0.48664699539643064
0.8398801686589812;0.5053553600982121;0.4987175314835729
0.2619615163282688;0.7055560544674325;0.8857358130513776
0.8865453344468867;0.8798778514512337;0.026126391724215825
0.2655217403621939;0.1685416089636259;0.9165166569565796
0.3902414430915677;0.20023630482028443;0.17170232891145554
0.5624179208184884;0.44209597824056424;0.5057890118447373
0.8994011980258685;0.5096231489488574;0.867313044892886
0.8055917501949582;0.008785541196764113;0.7301950562139413
0.37205548119276854;0.7566239095359272;0.9398400120002112
0.4069491546692935;0.708700416866444;0.45362202947632835
0.6606415777355453;0.9302628147694763;0.06226245877377967
0.18121173376154376;0.8801478343299213;0.2055529521276276
0.21363513298520165;0.5703818737283501;0.41664643945358704
0.44653794360917964;0.7135929219226846;0.432202757968157
0.7291817264767717;0.3873440613219581;0.6593213615996856
0.3570659025537135;0.5690874296836497;0.8529638684152373
0.3011963752706779;0.303023046717418;0.7399207747983464
0.6787272854791592;0.9840618301476424;0.2964163845509802
0.9904781881696543;0.06560881516242656;0.7466788992658524
0.08043074944249529;0.4709717040121034;0.834821103681422
0.9756420346007079;0.42726721499307985;0.9554670376863512
0.6465029260452427;0.3402338289477913;0.11080738149091796
0.29270559122486906;0.9017455939435276;0.1973520074443359
0.20148709002573395;0.10909102844949703;0.31002089786718945
0.3119529347377331;0.22162715373228892;0.3184359883782911
0.06692177627724327;0.4189739757660692;0.27249636572866187
0.5031330980248245;0.8678602527742376;0.6075680468821278
0.4289198991679155;0.933617002278938;0.49882669768472165
0.09905988858919235;0.5421832381147252;0.1747090237101886
0.21217090945331496;0.25196331061029653;0.3498336992974127
0.6184865155670626;0.8667680108595348;0.7721607124732333
0.08733717445474587;0.9784438541577246;0.6133975782629623
0.4419344435704592;0.05256319317733771;0.2597837417089327
0.7194850924302852;0.9630857799753564;0.732107160176422
0.8788272956770594;0.0721934890736976;0.9614902482887652
0.0008765595929243197;0.06019113778053686;0.23030537285452168
0.16548625167039832;0.9713314651799643;0.9958393191940504
0.5830407726434411;0.8900277676303271;0.21193339308146075
0.5073313138656205;0.38310527284477314;0.9348701046660798
0.06613467239119053;0.13115981889243378;0.13769252897469053
0.658439612936827;0.5755834569063857;0.9891329799564165
0.11923539260503735;0.5627911323903418;0.4497664203426005
0.6055957328602397;0.7599506138944835;0.3600908411817114
0.7861740095296319;0.6691292596256291;0.18820881814894908
0.5820987757157434;0.614819081052519;0.6347168767034634
0.4709608732881895;0.11829877140921918;0.911065427061921
0.0597319622818121;0.6253433588027959;0.8531849413117005
0.8484349805517967;0.6361316980877872;0.2908521358701668
0.9143278032519797;0.38694546573443134;0.47775275329526035
0.6979968528553105;0.16900613285636334;0.8988839376800647
0.7420420011706675;0.9992578529118918;0.9147905303554592
0.1833411713367401;0.057344051375669225;0.28365288321778415
0.5036397938789328;0.10144403906050148;0.4140877929390333
0.4922590960951254;0.7450781045895097;0.7198974702185916
0.7121328831328457;0.06016308668342962;0.6388176016850434
0.24860248990167844;0.6148914899229817;0.18052214345510043
0.1410421541014606;0.6346771034664838;0.035478213785956836
0.18494581077887762;0.9508938668340355;0.7661555221669152
0.10672106846478424;0.0363758634279886;0.09507191930439252
0.14712988407608985;0.38717019757840665;0.15079764208332425
0.5629479632501174;0.5065444019433691;0.8469057557858553
0.22916147675211795;0.2645134988063609;0.9454333569627732
0.7445100402361825;0.01001288044962978;0.4613580720290432
0.229873214871414;0.35273809246977783;0.31799738070187533
0.3043205779257021;0.3804614039670423;0.5570044548990961
0.4053885913573987;0.47664703056860047;0.36559375259056404
0.892471538994844;0.6759226637417863;0.5441161351433171
0.6715419846103217;0.9883601235896886;0.42264712056682585
0.29355873363577545;0.6019102965893021;0.04324504897218473
0.9443787564555282;0.8378671932732908;0.5550783054558333
0.6543398630579131;0.2788608371850799;0.1981130641463561
0.933236938619135;0.8249358115310386;0.40084150299366905
0.07764154192388462;0.5296331725141655;0.9728141844704212
0.23507248132919778;0.9005441299203868;0.1775316749078223
0.26823148318052725;0.3766991291814339;0.8187996766520482
0.041301031721055814;0.7626350462359067;0.45831997434871063
0.2143358275085936;0.5465388228532341;0.5652060092661285
0.9072150572934591;0.09258425280031768;0.14456649648664455
0.45543812136054695;0.8202638700043754;0.8873452472199811
0.465648755179385;0.4873060365513078;0.5789233403512462
0.5693439179724027;0.45364613774447793;0.8538483871720444
0.5263103940789875;0.8476764985898743;0.8195402293214713
0.8626687349343571;0.10989005403503571;0.4025831405564376
0.359135001271917;0.6610239112415429;0.6626639081078084
0.8361526070688972;0.25279191795790257;0.14418729081815163
0.8954663838253174;0.634297775077097;0.4558069492729322
0.5878873929675268;0.024553420332303455;0.8802918100054453
0.31326608904339726;0.9404450123147972;0.8838743082354787
0.03009634538169348;0.6039855025985079;0.942954975698826
0.1430545406485031;0.43678351802360027;0.13507441562242262
0.8771358903602382;0.3613256918834493;0.24903609693410234
0.7220836467186459;0.43131026953322293;0.8275591998167092
0.5615740577497081;0.07395951881923013;0.6760423715234607
0.8856268432281951;0.27838619798339925;0.3269803697842233
0.7312957684106969;0.8142047591727042;0.05810130681703729
0.9437449365618107;0.009695419115749448;0.009202720293093658
0.8978528312525209;0.5793790307540025;0.26221433829478435
0.8858379675297637;0.7929667817408855;0.899426226357089
0.936876396797577;0.000917679012016781;0.6390440993648953
0.42804901566506426;0.8152467964956746;0.41830036611633103
0.13292993075096748;0.7830886468717191;0.7710046882660306
0.48289731003975855;0.9845688522390714;0.722818310699366
0.13743504466326495;0.2952201317732718;0.5268713280948403
0.1786970124154007;0.9419866047927491;0.8042533918787508
0.8808392723690098;0.3029832589525068;0.29661487484599447
0.6523986576290723;0.6270682300658104;0.9229483281732022
0.5811678003011631;0.30305987742728946;0.4726929953244495
0.1073359026135281;0.8822442998316921;0.6940770545872601
0.7440877923290166;0.7283054626849721;0.5562995473728366
0.014648727346176171;0.322912045689152;0.8161253121463024
0.556436877320521;0.8305506812608935;0.4303550260719442
0.09375888685122291;0.19690085568876625;0.7445625194760023
0.6189440980161139;0.4104261329451584;0.2509819443082747
0.5076696105956343;0.41768328060043003;0.015102323112997529
0.17839697218510397;0.294002835168814;0.09659052786745692
0.3769442389562895;0.8467698885299019;0.18535930407829437
0.3916765228867948;0.6972077337881979;0.9943611684669044
0.5487970016700573;0.23231702748704564;0.01132020580610038
0.4488179002017273;0.20952410704437152;0.7661557341817459
0.047501858595708546;0.15533603898566317;0.1039884951230764
0.4088977804801116;0.2879717053738624;0.29263344440783434
0.6267549883781258;0.21422964638496733;0.6027202922216943
0.8211690558079382;0.710967868407622;0.10005049175871339
0.0803220095552235;0.4241269944732904;0.9462111486977229
0.17161154644224186;0.630617176768526;0.6639052967917363
0.3876901748095265;0.20391131117838013;0.7386537560203137
0.18350837188519653;0.4831985617247716;0.9688296086188037
0.7042797300361119;0.6359026832951882;0.5424338291848059
0.032916847140247785;0.32285583602945955;0.2851726317293354
0.027768038910119475;0.844619580100198;0.2501927899071309
0.7738503617284035;0.989822572244763;0.8102250554094992
0.7377183006920041;0.0992133133776969;0.051942402973699564
0.8042626583298398;0.5128963260179148;0.6559362096137243
0.8013093802256993;0.5307437411993394;0.3720818512573546
0.004932247447430926;0.26373809238857227;0.9316204427103785
0.02062666179130468;0.5329976453531553;0.5996632682147361
0.872277034947253;0.8011522282686648;0.9400898436690188
0.14090140727583067;0.7488379019825147;0.6726181285929871
0.5091423927384076;0.46819695282297946;0.6497647769603468
0.2271722859906269;0.6006518222921039;0.5624639191021963
0.7047544628347255;0.6373442740624121;0.9440530000703581
0.4199421959653552;0.27229099597008644;0.947589742325684
0.5587237655016052;0.33941272353466656;0.029308246646662317
0.28626485640022903;0.2902197733151042;0.4933859806323315
0.24969007927968945;0.0859008581714672;0.23049575774923592
0.23540697677124922;0.3026220688680987;0.7848820834056688
0.6198967735886896;0.8874491480950348;0.5814381546970516
0.1421856785586545;0.6693773909244334;0.27765252556443554
0.1541146182339429;0.6722798003499865;0.7006086182791401
0.2215673536493531;0.2501559267385838;0.42226980588931284
0.4288964112058723;0.7558878756849181;0.9045464529299314
0.9281156764681711;0.8711341334004231;0.7547335995915984
0.6172921861865692;0.3889854026694637;0.6551192460993818
0.04650992848971325;0.23124591420364315;0.1959386166276239
0.017778488795117564;0.7682411806893626;0.26628314018214405
0.8454950677477175;0.30525120017456076;0.7766152555595089
0.9040710980621578;0.5741263453204618;0.600310255386685
0.125401657590134;0.11438740996388408;0.13825062909680808
0.3406022575908393;0.11351439288558263;0.352376340545537
0.41344721315055455;0.002927084908924682;0.39373874954239696
0.27068252477236254;0.84537121200765;0.13348156654270737
0.9304511640690202;0.12006923758508936;0.8834624375734418
0.11398169143734449;0.908088525950477;0.7443381358787642
0.30158704618742627;0.9091046488751676;0.7086107343155281
0.3231829330093974;0.3837834595220253;0.028619538064295624
0.36048471979734553;0.46009057222356453;0.8165089180546627
0.7450397109062892;0.66806189735003;0.12383802282688483
0.6206247607898506;0.07833499603528593;0.7269196136783759
0.3997332982099012;0.44864979829180773;0.9847684249035618
0.21367416318865962;0.6815136384235488;0.9390923196183693
0.5640246342498978;0.13102134184948577;0.4425211403590247
0.37805360542157296;0.12047220369257072;0.35699504611824273
0.35354973841566417;0.4062975456670326;0.3238509858938732
0.8314655177822676;0.6742954157508841;0.1774294558200742
0.9912324460854881;0.9480290658641585;0.7810904771791461
0.43637985243954946;0.9973714396393024;0.5514122412174564
0.816933254010868;0.1631921173655777;0.6744638268186273
0.2696165329372643;0.6884161363459518;0.9894292461155377
0.7227421234770766;0.08772054371544458;0.9160837716782537
0.24630595801068678;0.2412827682469345;0.2666131410922331
0.2707989814436659;0.4684631953875229;0.26768253673732
0.5370537994475302;0.02399442889357173;0.05939959868483413
0.05763616203830335;0.286484345897561;0.5908271249500008
0.6022381582732684;0.6424832342326954;0.5547940115299862
0.6775744022067898;0.5729834300493384;0.6734335987288959
0.9757723277914077;0.10031449565442974;0.05241665378014837
0.12121744313361726;0.6836891880383935;0.7903871453428178
0.9598615493318086;0.02767171227339782;0.874449593134784
0.5605747600522589;0.678833194403093;0.006866795606368492
0.4595693222110162;0.21603289821052962;0.14938907950297142
0.9370094428827843;0.2929333592711517;0.24616687781587
0.4328815822979296;0.6769151319174239;0.4411092640442966
0.7831259656415527;0.8522144210171393;0.36008255732582917
0.9966099263246783;0.7921378288407045;0.6765136213005051
0.018609266528757606;0.2519609589094204;0.7374377572545083
0.06239560012731271;0.36522316582267766;0.963454886942144
0.9163211245444348;0.04600751430125516;0.7627226615235781
0.07656653830043669;0.4914742948189633;0.3608426106986803
0.7251975032623315;0.1855931726242399;0.559105512245038
0.9459407237633793;0.0760057634215715;0.21293913916754892
0.48723967709876437;0.10533723450848675;0.445203464515902
0.27705494539200914;0.33038834681841867;0.04075054057746985
0.5813035941143333;0.6656716374160021;0.7566791372738063
0.9326430122308964;0.8408762849334033;0.5111400153516433
0.4720397360258003;0.588331913851875;0.7012244874573734
0.8106869831019867;0.0692998132178686;0.49612222310051446
0.009881398092462357;0.7768064600984222;0.5884985959619728
0.4782888254421116;0.13352166478204253;0.4201599875019071
0.9010132286907073;0.8443648648273915;0.29704677429274495
0.30362683607326413;0.38429563746829654;0.07614698816409338
0.004831455068991186;0.2294235493233222;0.8529881355120154
0.7186201030570261;0.8025004521281948;0.08567595294278596
0.46470067967982487;0.5324528714476788;0.23838360795483293
0.2717542503427459;0.8553466790781039;0.25266318567856294
0.722329372174493;0.7876761293140018;0.5178725111661938
0.8314360106592038;0.0597434838162475;0.3379690179268223
0.07043160045528007;0.9496186302489477;0.029505334333712274
0.33853948637817;0.014166022680784707;0.285943599075256
0.3777798401209166;0.4566987641811481;0.5279000873312155
0.7416444590623824;0.33065833419210167;0.9789235880067151
0.5455413871731283;0.15915778321870133;0.8744443936474859
0.3938747991282252;0.6441296646256317;0.9618260784984112
0.5466268477811919;0.46020264326547156;0.6411860009448893
0.5293617087507517;0.6626082781844;0.8183047892214526
0.6358406838510607;0.4640372655698858;0.3768380676090789
0.8431105467877353;0.15200745447110486;0.9144964134559108
0.36322148140083066;0.3539197859070532;0.0821731030418531
0.8669972855202002;0.7699484748958154;0.9058447834637411
0.35784590867645094;0.43581110871989737;0.5748320590555441
0.26616389371189175;0.8145838725632258;0.9814172282227502
0.474714907318019;0.32011164227409605;0.39775545922736255
0.6267516242022486;0.9336771596324321;0.19128428418397614
0.08751918518122659;0.46363632795375764;0.5067226556271224
0.7478128259685625;0.4803106330801139;0.49182078167392973
0.37064551295719983;0.30893246808456065;0.1788864668317871
0.7141082551285245;0.2321211992140525;0.5522003141991497
0.5444985193325386;0.8120164559064855;0.06575956115216686
0.986775987448818;0.34057297687167143;0.4356715790148207
0.38338379246653964;0.1212173406487067;0.030352214979075032
0.8265462006576071;0.7032695672418959;0.24060726643019703
0.30531715785920344;0.5774678722094183;0.13691633979117324
0.8354210950002717;0.8486853411483548;0.27762449328050187
0.707474481108334;0.8861617961938011;0.40225104388028254
0.7956584761877584;0.5549198669267819;0.7745176556703468
0.8543479445854132;0.8237167721879353;0.09687465888312075
0.820145641482023;0.5470970420439454;0.4909748137483031
0.9165301627865547;0.5458988237804361;0.24345123534664548
0.7737050938138158;0.22457748713518222;0.34996712543330954
0.3227349416603835;0.3411310992402399;0.09880631903395765
0.8185731832452519;0.9231992488598628;0.6582445950404288
0.510178050165316;0.9288924499522976;0.6712352171118402
0.45506365586045583;0.13626294320661658;0.08616246820407647
0.3201679576325551;0.6591036699789901;0.02528279398972122
0.7114179294027735;0.3539987456772711;0.2567242394592082
0.478941386404934;0.36482010807213516;0.09770035543883815
0.12808696070749037;0.022161436823647684;0.6320263311419868
0.6883656147439642;0.3097883026193189;0.5450019060909963
0.9040787674179539;0.43925612234771283;0.7613792909985506
0.48248328632910276;0.4432283590914249;0.055632734067162404
0.07714017841965992;0.8260224633948061;0.22020821391910206
0.23661014540513603;0.05708127404706209;0.2313990456943742
0.10101134178999327;0.24644085973220609;0.9645789903142613
0.014527505819650566;0.15216089266203292;0.17180301366334405
0.2776380703591007;0.5749713753525859;0.14858216615849584
0.29626829505683316;0.09800746593202614;0.8924306401605864
0.6011919014970489;0.13180047249566806;0.5549549195493209
0.9094450850224031;0.48995964516640433;0.5193051135463546
0.20708884336708544;0.056814519910519556;0.5894770731833423
0.1728726474630865;0.4214010446372588;0.43302777745531396
0.1293295467200023;0.9430444806498888;0.8630352033908967
0.8738962827033038;0.8293356611517934;0.08527410583386053
0.4949921563463153;0.6151640226245073;0.7425255297610072
0.7302959790426407;0.8770132845636665;0.11172005139159913
0.12788626007889814;0.7876193928255868;0.3891893002632869
0.38885629734537985;0.3308292584367801;0.8949726055514658
0.6962950298526657;0.28912403181093227;0.04863137493812242
0.28756865756905514;0.022260252032570427;0.7888070527666804
0.49322254741971927;0.4175351477136878;0.953330168417145
0.29172239830018776;0.12250421507904607;0.6534618772662608
0.250067421722299;0.49552576236664925;0.7434683752097783
0.5238182015028422;0.6912447047660546;0.13334548925829814
0.9310231087457717;0.5689663627547513;0.5226675299179897
0.6029790994395801;0.4212505315277394;0.19838126472720297
0.6810890137944788;0.9765624760829359;0.7227276222283618
0.6562268105728614;0.4432261109919431;0.7758107523585552
0.6518580755198643;0.7702434178252169;0.406651926803673
0.6280307682488572;0.6375808056772163;0.5985909839882371
0.17732664444963397;0.4944347110985817;0.40503987763846216
0.33318979745782085;0.09022645516271721;0.37023021620863306
0.931438378323463;0.1383368584602105;0.908327532961446
0.749718863730432;0.06746327494081317;0.9787211240679287
0.8529026233588312;0.18787985740716118;0.7831824171638715
0.0770208659897742;0.5319419637326442;0.7108441900109821
0.22577513370603763;0.02868188514614245;0.5199429893397758
0.8786484701259256;0.02959047914044266;0.7614501314975437
0.9815438804382386;0.9263346402339013;0.5523607342574655
0.06657017844551383;0.7504171259068345;0.3476133069612962
0.8412129792083921;0.05161016021843989;0.8263437675682794
0.09653069623836141;0.9957527163063726;0.5248704641203684
0.5044326148858845;0.21620146370079263;0.29377169544811166
0.4410692352952926;0.680969506470257;0.49167583568840156
0.6780898295850812;0.043382834780561375;0.4067692008941398
0.9892268504936729;0.2715937052887961;0.49276718099879846
0.9879011103818527;0.9936012434581921;0.30488050412233136
0.006905204677985721;0.5307835367425181;0.732059475978191
0.5520095769817417;0.150355948575976;0.5283244845075464
0.6971266737746988;0.5211554835404264;0.2309456736326514
0.6826971503485668;0.6762555362866066;0.8894863324822326
0.9815396037714728;0.1370776226278979;0.9806011323216596
0.7568277574145142;0.2909902062068439;0.3750950254308957
0.936849905340593;0.843036307095985;0.1262607690230817
0.9339815812310193;0.19209917704009072;0.7555498168118548
0.26168649591337423;0.7467435631896873;0.035851037161531485
0.7896860980316294;0.22064173839897316;0.9629838688965245
0.7438274361258033;0.7387734815333538;0.7892915789842598
0.5366329803940897;0.5353787666872499;0.12554779928600845
0.8965703700663571;0.7754272404836295;0.5371917972548048
0.9936774020486079;0.5764233244728282;0.7877412700364672
0.8516858719745004;0.993006473263446;0.21844961429122822
0.5250342824720555;0.802790111204325;0.5128945068966939
0.029004622731578777;0.6448131738385318;0.33921551673879424
0.05542953730948175;0.911590677534252;0.3224769281082206
0.7616452739861934;0.7046993109345833;0.5990043787030328
0.07617315275264658;0.10712977647447997;0.12105495662062771
0.7903390070190359;0.9425450124919988;0.3728944219707997
0.7021333578433024;0.29511225175968314;0.16304842967998434
0.055028700081844795;0.2680857047078452;0.3101352572016829
0.16801831514063492;0.5609229098240627;0.20815207835385507
0.5014674539643418;0.5333600337842261;0.4523783171940642
0.9574843376865513;0.6227179670716166;0.4260505071533164
0.46099390644420224;0.8121257202467073;0.17408658227079854
0.7136820007634906;0.8182314542784356;0.1393919063683875
0.12245625624845469;0.524028844214422;0.8872573876010672
0.6305212693746894;0.48877596815118185;0.43256146343879853
0.7135721266324566;0.9619041892323688;0.86305493778647
0.9494108724710273;0.7317058846112109;0.6170971129984796
0.8374056983756494;0.39164173847964223;0.050687500371369376
0.5453906383962184;0.4075680765523051;0.016591850885510295
0.5569872516014687;0.18342896504908934;0.5933672320812582
0.7122162964007431;0.9537627287810073;0.20569216812662827
0.13837604042859863;0.9048281081604767;0.8998300673078411
0.070617985235775;0.8941909294570923;0.792818962249253
0.741821685601799;0.6757356314861457;0.2574907818200365
0.006756051404838148;0.835023437366313;0.22816182510624816
0.033225667025100436;0.6960968322767163;0.8346602339203467
0.18029023996449245;0.44786047280726604;0.5166992210666872
0.1711215636445651;0.6223379439425354;0.6041606600077116
0.6785568672641211;0.6539344842883783;0.8895570086482356
0.5939842999815218;0.23157467851914915;0.2076439820769852
0.9741595184121932;0.9864127861702281;0.38736249100522324
0.014923813213207349;0.3112472528947594;0.2875851000270744
0.06426569808942728;0.5968144291286219;0.28479979678619527
0.19264588741350008;0.459073259177061;0.5219918063210928
0.43382077077762005;0.3921402081239119;0.16130396032216532
0.2679376213440564;0.5840269093974366;0.717278484881161
0.5992236019993381;0.7081356604900766;0.7395461167521504
0.8405617602354649;0.6573259285193755;0.6612917895565336
0.622060499469848;0.890998584295449;0.04662946917706612
0.6229179788773538;0.5441764701554211;0.5513222444266908
0.6251717157516352;0.023712312770395205;0.07513658659179479
0.4895243290431861;0.8581953277973489;0.22839526392095766
0.02625957265198353;0.5745185855896949;0.5304113783974234
0.6728587248315603;0.2321954500787864;0.24904705827359042
0.9401438349680329;0.6779420451083148;0.0175470552981829
0.5706909948157021;0.4379587663961325;0.44567506772122334
0.8636040991903894;0.0491297368932172;0.8998714348072386
0.4271853843408763;0.7476338059151746;0.5003379229117357
0.2167556263484839;0.7359119526202992;0.6666763185724206
0.6531722228431925;0.3305996359874578;0.2608638784002899
0.23502531927620018;0.2478934428668783;0.9516943802885847
0.6009982937780858;0.8212028355652069;0.6321603932821803
0.582108594691151;0.5134223022572694;0.9053688943515452
0.9988887580210263;0.6035000346305316;0.07811682993710489
0.2945069007474391;0.8390409374297463;0.3415839211389208
0.5590587605347467;0.18326088235847038;0.8952623336116132
0.4036791883923121;0.11821000489162359;0.6986083536173288
0.48444382380964024;0.04711288872509711;0.8237075990421013
0.9923576720065536;0.44208307866337293;0.829746432198067
0.9709416784913062;0.13869345730977367;0.08453312409324976
0.5231206949501136;0.71087307387059;0.3310868402970001
0.3589141719725528;0.6743665890122025;0.44013180072986324
0.150407081745757;0.6856004350170494;0.03708303982580885
0.6149247606596794;0.5025916590374174;0.7485047694326605
0.17150664197811716;0.8133232492580691;0.7389149262253526
0.5690316741542402;0.04100014656958173;0.2233530391161953
0.4801143050609925;0.5130959977759286;0.11399049602366451
0.4698982101183061;0.42508627458915715;0.4249641653743479
0.46266650409152765;0.404978138322011;0.25855143765222555
0.2248675654928337;0.9357504809501831;0.0017471009224829803
0.6367311465630744;0.8500853754135431;0.7344048768538951
0.9032596520127121;0.7693712290615444;0.9772086869027696
0.21487205494904638;0.38582243286876694;0.7533188039387377
0.8035222084438611;0.09328464168486994;0.40706656750746495
0.6099691091089767;0.0638085485266795;0.05859678792617118
0.40069383451252594;0.8355957931202876;0.16473873240306725
0.9489889108391313;0.9812507456014923;0.39113980749320865
0.5471680280116981;0.6567555455769599;0.3358979894750821
0.4643408609526041;0.9249759322990978;0.28847084599650463
0.6261919954898731;0.7858073571958683;0.675356162137442
0.6524068591406609;0.01646826897206366;0.20135858589379518
0.1885717192602987;0.5670619252365833;0.5183099057373359
0.1735198718130364;0.677834087456627;0.2899543054984164
0.24753519634859056;0.5645568901055376;0.3308448148358183
0.24461390966004992;0.8477171473522483;0.0673448731147771
0.1312940303368325;0.992589388676715;0.06162455753032148
0.6645076158677853;0.758851597442724;0.46412744399892214
0.02108103688669627;0.270710792510253;0.38193724269142393
0.5144929405854739;0.23261098817283377;0.15167504197908777
0.667740464835263;0.7222052424749812;0.8608365767529679
0.7369174117934701;0.0448531253101363;0.9934228838378055
0.5690317119738575;0.48176023789260547;0.4495584085480592
0.39573748215663795;0.20967827476882794;0.4597534108878304
0.849505165588056;0.5673319037286739;0.2803994658155241
0.7128967951052497;0.8060052433377181;0.09948304604254177
0.5822126693681888;0.6648294896313922;0.9871296470109836
0.07807740432082655;0.539580480237257;0.8711756309892921
0.4286759275349006;0.8831993028113865;0.5749816193196663
0.18066967936943534;0.16288779591270053;0.686766829460389
0.7876240812459981;0.8118788441727919;0.491157905892464
0.4009342103350484;0.2709796571914864;0.4979939098771857
0.22809487909016635;0.4403739422097873;0.5440680459249403
0.2575614431767753;0.11669140929707567;0.5555205205055729
0.6718109920740797;0.9550265327901748;0.0026619410093178253
0.2687672642920662;0.681705719872255;0.1449335730364706
0.8750923628012285;0.6491620704622134;0.7098761360439435
0.23249314396971155;0.016659056381192805;0.33080764269223306
0.5103878374140163;0.07298863649751186;0.3729358062452717
0.6628001846028281;0.6489403875120104;0.030151795729110864
0.43169384040690284;0.3780871271279719;0.24502568034736727
0.8871207555206335;0.9228255250280251;0.41610922183009946
0.4995735940554984;0.7535650085621384;0.9655974762612363
0.10668877181821135;0.5119169634477903;0.29450839723885536
0.022144297317791883;0.9853431839885763;0.45521026917823837
0.02162532720159427;0.9038485949158002;0.20090848380031123
0.4206049880027376;0.8745726291692244;0.3976635085818778
0.13465144051480493;0.17219876916961752;0.47747510701713824
0.7664748096701485;0.6838874629228663;0.41266565411746114
0.7265858349527778;0.994370616918425;0.4808871293859397
0.02016161789016413;0.6160875634845587;0.8010047034471118
0.746014283931302;0.8124964272926348;0.07448983770926998
0.10440262674886569;0.7565932324649923;0.26834050341669125
0.37927125821711594;0.3110082354219048;0.05449921474359154
0.9923508626605881;0.5196387431613562;0.04330060533865021
0.5979074617687499;0.12820187379532877;0.5683330814695376
0.7017910183479137;0.44926095176423075;0.029327718361688904
0.5138847134244147;0.1213078100313284;0.6183139323153023
0.31872032957456564;0.47482659894312496;0.558444647668092
0.4174892568834241;0.3142470757216512;0.8253997001562939
0.20237620562021907;0.5365788268908737;0.3092707325639178
0.9749943707581352;0.900260341466377;0.7084539687644744
0.38392221194430887;0.6133173538117883;0.1676221230290238
0.608023187817231;0.9761051236443599;0.3801756826182239
0.6927626481545205;0.30434872018152714;0.47090998596135547
0.34900221171910617;0.570170704163429;0.9015543675253129
0.45324594024171194;0.9961312331328006;0.20725111425453935
0.7051795386087806;0.9430342771274914;0.5154625496928178
0.5702300661499256;0.5733540552665827;0.1752442723750881
0.5580209720300418;0.1268308932216493;0.40629329294669014
0.7131992037168549;0.7626430421762022;0.2628947931596557
0.2682307508081492;0.5567541785727177;0.8864353246560638
0.13160195099004623;0.3024522291171773;0.6742934231003179
0.8057463235298362;0.4398208103405694;0.9005496269805724
0.4601453370262075;0.11094687334101194;0.28951366567096093
0.34336315202546475;0.46547981620651313;0.5644213479056814
0.011641903474002624;0.05032630217036227;0.9313690350609725
0.2742514369210559;0.6187866604158145;0.7516376628306933
0.43601889611585665;0.20161907764969889;0.742079026816124
0.8952351726860798;0.4749652339656383;0.899360347413605
0.9880843060043901;0.2476829630793056;0.39681124280388014
0.07054865894876239;0.008042716450648468;0.5755835149110524
0.6306354488166357;0.6963729347272748;0.14540993899532118
0.8514930787865492;0.10316375266598687;0.3892829179603873
0.9509730568909214;0.8095526532441887;0.28107339358082206
0.18455852380713056;0.17469510136469213;0.5488398008458432
0.09149016330452109;0.13306851823499433;0.16560618288724427
0.22856606787560907;0.1398557390620523;0.7679494213698068
0.3349608371817805;0.7659837115496547;0.1934266650268992
0.30553814726582706;0.8906735428469337;0.12960057132860936
0.7474185930905014;0.43885575039009894;0.7324720409050643
0.09871717003718727;0.5429375126582551;0.36646668463998067
0.03191454322712384;0.08201992249484669;0.14679486085195026
0.716961187574677;0.5640415105813829;0.8747507054754743
0.1713122717622223;0.19708652208404276;0.5826728801438398
0.62788954364159;0.29643545722231157;0.9842204280463895
0.8910335948862295;0.28361734274208383;0.7165140606396658
0.7689540823205341;0.17875695702884675;0.7632415017698103
0.67271428510197;0.007409329529333264;0.8676025013490597
0.6680397868401423;0.8544115133841038;0.15144688059878408
0.7483054526211161;0.0873173199029702;0.3216082088921959
0.2140580553789152;0.39165193045628344;0.5865374717194441
0.04883553403809404;0.8153009967888079;0.936481004039321
0.8621765980161666;0.45971434447676063;0.8314668308695561
0.9206596792502293;0.41801797727930257;0.9837104219544138
0.8500916237474805;0.15350121257840887;0.7947313367573277
0.6041949343055475;0.5971663055160529;0.2670712144436185
0.03758881451884999;0.8681726630705092;0.422482075570071
0.09544089971998415;0.40420106819665913;0.6846775698758987
0.4952417815771848;0.555317215952642;0.5022727982251909
0.23005538841852458;0.8742039999467395;0.26436759644499264
0.8505740250622954;0.3535566787605233;0.4630103192473376
0.3302616366866278;0.19451461836981387;0.3006695800244762
0.7361417387759016;0.5427978267459865;0.15772868496447134
0.6223261214877345;0.8336807623299466;0.6855325385749754
0.4229218038754654;0.7751858195419538;0.8920539383233372
0.9660258211846721;0.4164483311640076;0.7026043317958451
0.5467306407617474;0.016859632330730623;0.29299619976917335
0.3334687709993508;0.6207771653201053;0.336379196087202
0.36885657927650295;0.9501907379423283;0.446118458426379
0.273217147661031;0.6006861632098086;0.9607583927491669
0.2540465804086831;0.103197466937472;0.8743517206732068
0.4308833158433354;0.8644237326842105;0.6799733243070061
0.5141253328401036;0.24595242499238779;0.0735809267261428
0.8109540665668273;0.7540940527817643;0.881280169897727
0.6904897045294335;0.16009399286549564;0.7994056894489772
0.7553817764455237;0.9890653999333733;0.32370727978618563
0.7241340035948921;0.044223870251672404;0.6502308359413522
0.018613646094078007;0.41158005477347304;0.6686106373314645
0.9867029129202761;0.06423413705156378;0.0737726534927945
0.8203662413264957;0.8439466513437097;0.9326922463004639
0.007863174167801024;0.5121607624285128;0.6576720526240493
0.8112728026916639;0.7779390033344679;0.4478375463286258
0.9334376501720951;0.3160728234874942;0.5876314370458782
0.9865920455103978;0.6053604160203252;0.5233770665327061
0.8236801275157636;0.14003719768748313;0.5519968640185996
0.319023301919679;0.31325967240475305;0.1501572052502782
0.05520004278941926;0.1154106286323433;0.24403687954040942
0.05401034940799454;0.5274532681856315;0.739949619044186
0.5678629736832986;0.2591307925924441;0.008231317811133176
0.8200326828982218;0.27772385550431633;0.6195445276195632
0.36119189839627186;0.5645660264317489;0.36403607562081364
0.241131456101081;0.38047996057873124;0.34799720645053556
0.5335129912089416;0.07417889812590617;0.3148201189525587
0.8496503122053524;0.21439526643683582;0.2818915932369077
0.7980165590055955;0.2972030214681214;0.04610594691295189
0.0677640758541781;0.9813532432074756;0.9966147258755811
0.897343073627747;0.2006167197688884;0.790536694723612
0.27187440931046225;0.07403364363708131;0.6786822594882288
0.6454843270818195;0.2926853432333987;0.24472236839195172
0.4874171623028327;0.6980216129721294;0.8299976130519399
0.35425716965422027;0.25071442091944507;0.09536627635475514
0.5573483038862976;0.42563267375337865;0.9596760237871022
0.8267682953557641;0.5194135346368609;0.3667730071464228
0.957216541469646;0.3117837913543121;0.41420743764043266
0.2975547094882166;0.5513973612851458;0.21967687517241952
0.9164273887333184;0.08775792175815922;0.4296506068053355
0.186157278048517;0.8057249216765415;0.21762634012763793
0.7063278449516213;0.9312478130671094;0.36970397465350024
0.923652590298642;0.9084311199564384;0.39945047220377605
0.6395180807975812;0.5964753980368553;0.9192980627466798
0.6632243980737307;0.2335800925571142;0.2748826545963674
0.9188041298985663;0.8398086929169247;0.5033159305377226
0.7013812481489222;0.8543470867349464;0.7256903044489759
0.08029801606474185;0.18455741660027414;0.453091066982772
0.5318501234024003;0.8640893646598772;0.007736213638844913
0.8318939238228379;0.5144474449355951;0.20860890443568858
0.038597464213867005;0.7507818471099041;0.7795812482216954
0.6180647847946356;0.8549800051189469;0.38412523404870325
0.6288399804639075;0.5787071629547069;0.7593451594242034
0.6347096529325789;0.516217986495817;0.2900477014926943
0.9636410377082629;0.8499357408367711;0.6411260943175443
0.5785657758130539;0.11697499961812019;0.10888274337296033
0.7288990610547007;0.0837431744259961;0.7501213523808339
0.3031154794272295;0.323137792547989;0.07660872318402256
0.8604499839334366;0.045501744223255924;0.08756729348956804
0.954624138111215;0.37501426279676164;0.375493938040381
0.3004546842636874;0.9920532544862891;0.4870267968036053
0.7142873608123116;0.1402211489213182;0.8458023195341149
0.7396232146447284;0.32169602468885716;0.6203478031220244
0.7113145535425686;0.1030324222011263;0.9154841267177427
0.47018762717494056;0.8282677600126486;0.33856847943695956
0.352779928820261;0.9813505019384409;0.994682777066354
0.27264425989620455;0.4166864362941707;0.23896337548018942
0.935921980730964;0.5015330334092257;0.574105109301171
0.5032979151792668;0.5604439358293066;0.45754109664851517
0.4474694655581215;0.958548336645653;0.8757998043515359
0.8694631006350063;0.046930258065988495;0.17533199732851257
0.3830206097880815;0.8533055810104654;0.005147438373491853
0.6440419688976439;0.05314468124397698;0.6398166339372396
0.6265079149520151;0.9243831355785476;0.9835013206630101
0.8788446737365821;0.8543263922678134;0.6532766845183914
0.6078045235982958;0.5731388797922494;0.04376700151438517
0.5013064170748865;0.7810120397552396;0.7088853094213088
0.5201658335093193;0.28201053680598975;0.8017025061914629
0.20158466789503438;0.8252960637201568;0.03417913367419789
0.1889049040166918;0.11541756940198522;0.9137578084138976
0.214881821022877;0.015196966476053064;0.5580990434974781
0.4124895406415484;0.4842216901952653;0.10120011933865791
0.9875095623840252;0.23069204224323658;0.08512393188209677
0.6789108638971119;0.08798933231057948;0.1932150092252456
0.09070725216070596;0.6410070806675113;0.19581142595821177
0.8146255225757048;0.2834758961176017;0.43851911297231727
0.7082423675020197;0.6344396833712294;0.25053204146254293
0.27510008967564925;0.20776023184124726;0.08832947882282505
0.70065399031076;0.6869963620065453;0.6119503206343994
0.08742550102169766;0.743410824402194;0.07898331067171449
0.49245447520601615;0.6495279166404428;0.8936643050930568
0.8400890261078526;0.44894656036493785;0.6547344625480401
0.5359198698228277;0.8022533742260177;0.3968877128907614
0.6271876996757834;0.27599679647639896;0.7331812522455753
0.2952990390558702;0.1572452608562599;0.5359203511507564
0.3430403465380748;0.17558302569717077;0.347354147643956
0.7490552029815902;0.19538756574421878;0.10176344086977529
0.1460362629927381;0.16698826907414388;0.6737138615109174
0.07915340972470664;0.4203239222975641;0.0026412580543662134
0.08154904047897338;0.4360055535177664;0.8328433832262534
0.0897462835485825;0.5315634177846515;0.008091349594692043
0.35593096150419545;0.10270376643468926;0.6926324364400419
0.3649211443480732;0.9817755397020067;0.599463107951193
0.6354032530337741;0.3410865918620327;0.5674802513378104
0.1462822123600741;0.29899262839926954;0.09810850761280865
0.4237961310816729;0.1226043841861959;0.3955215438445593
0.08821409175187067;0.5727257448690418;0.6256063286298936
0.4812626640870571;0.08645396024308505;0.7225332722987956
0.3293717208655532;0.10248770073627533;0.7495441282670604
0.1857182448596454;0.6505894515676175;0.7468998486505831
0.8696625947725486;0.14410761167148856;0.9674561952373776
0.5633010230602128;0.261433373891251;0.8812282895557774
0.30337897379413914;0.8951922861504015;0.5990975664930092
0.8736282741303281;0.5549357132189966;0.13595976903637685
0.09657059752317676;0.015452354564477133;0.1904808114468921
0.4718430239988569;0.15528285079541626;0.07102994894005032
0.666097888946056;0.6542558325509086;0.7971012391566789
0.535954268394308;0.7736797595506753;0.8548556580994807
0.0868641568470161;0.7967266604669889;0.5285390141085463
0.10854332342305284;0.9705190245295336;0.8388710370094801
0.8805812704413754;0.9267569594786931;0.03172540415087999
0.17977247398802731;0.44732074431669966;0.16660545340849808
0.38154160104323254;0.3064956989342409;0.9346554833427525
0.70208150658137;0.8551278191989052;0.33736904791479616
0.524153736357974;0.9190192251979432;0.5255528236062795
0.16879461446868427;0.9856578038764899;0.8802873551340835
0.2793750129087035;0.8921456188600545;0.8910061105777048
0.2068381599489726;0.9724537465333538;0.49296133268176356
0.9396565855743171;0.21106920962251663;0.9737537492146489
0.23729962393011883;0.7151277444955326;0.18691767189338482
0.16378703667518235;0.10237325663332797;0.18147794818877028
0.5765256008648783;0.33867199419807104;0.36720785871393813
0.05353787067777538;0.9742224694521877;0.9282929379299973
0.15519830062594542;0.13101777102366174;0.9702770622606889
0.2791822580762764;0.1533613535315782;0.20027236566131934
0.11444824737161585;0.9016612229552028;0.1045812089430983
0.1690578586962581;0.06957614135975387;0.2855469479046905
0.36717453960732627;0.8799095931357609;0.7635129806211083
0.036567678473182985;0.5442684993829915;0.2038836118255336
0.21209098142387917;0.8403311742626066;0.35272720505213595
0.8158129904759709;0.5715652248996103;0.6990835417270471
0.8169822215720318;0.8962705218022766;0.31878261511096073
0.6690785781794941;0.15460220548025405;0.775906353262863
0.8887392194450952;0.5307067413410931;0.8261916552684869
0.07099040339844376;0.4745484808961673;0.16025102996404306
0.9434531324811636;0.9991844551232701;0.07432212395149684
0.5152751030499823;0.18578800314906474;0.7717735678907589
0.6221123769793866;0.012584773441691732;0.14691120179148442
0.7788664503734108;0.2342043020235447;0.5618967195450024
0.39993557298824034;0.3716780331944325;0.3076056344668955
0.0446969439346705;0.9688287497890584;0.9747222918282229
0.21177370400563889;0.13627421175757515;0.22020581959740249
0.29825302158723954;0.9469650878281985;0.5617013020358346
0.759382818954061;0.0007565452229048031;0.8383245576673081
0.6913156333306055;0.7188966437793259;0.41678512706874915
0.17695165260988066;0.7341838249709515;0.6243784813116969
0.2750177681779694;0.3377060055341977;0.7334545313465727
0.21025380993934228;0.21409645924301368;0.7100413156430907
0.88396721394563;0.43203245679022817;0.45891322544369906
0.9353295296400642;0.5807195589529845;0.42727348610626315
0.13924100358705482;0.7650253373903119;0.47185026408192265
0.30203285419409187;0.466352454076975;0.6205547056103956
0.40350787620446904;0.3918778201531439;0.17837315823523503
0.21016195983063046;0.8518471594496274;0.29161699714547396
0.906424787404621;0.4439040222880678;0.3584950516966907
0.48561487185994945;0.590676742513312;0.5996093540774395
0.1493297658680045;0.7849695552076018;0.7262108964290539
0.6746491320519882;0.524145744963154;0.7682726427886318
0.8521235243964222;0.46851343485875363;0.06472136674433127
0.026629794548483576;0.9577895450906403;0.8673871485642116
0.2710825228120102;0.512119420485022;0.6266140081911955
0.6084883727202726;0.8591890216881415;0.8387080454752952
0.14806731643947446;0.43875481196809385;0.5770656828339865
0.5362976713190064;0.997180048754695;0.321860396867768
0.1929728971573922;0.7197749536055154;0.7272071445774301
0.9321073912687912;0.7995518241804784;0.265247634513177
0.25187760405984483;0.8249606050698509;0.6038628816644516
0.8867612177915324;0.052073498676927454;0.4300383850785334
0.6650742040554238;0.0005507924387281316;0.2505198124607301
0.8552198607421084;0.6240876286608067;0.04744684483800932
0.3907706156791064;0.32073384095085455;0.6922101011474356
0.7559018062767018;0.9195764712869583;0.850143118947078
0.5648937198452121;0.6185461273572627;0.0951523355948789
0.23274696462697708;0.7378336373927801;0.7870398418669209
0.9655119451221283;0.10602612919745424;0.8591668585716744
0.010630146212912361;0.27554899961021817;0.14650426421717655
0.36798400014739174;0.13809402558283046;0.12993053324579207
0.5865581054169985;0.4236770107849852;0.620358751275822
0.6385247595546989;0.007048465817528937;0.1698254715728975
0.23316281044639198;0.007912220469345366;0.45214049465620143
0.5538211861196918;0.5538213160164125;0.5540847455104836
0.21211384663306;0.06314818625578145;0.3369442673761478
0.6566361049677064;0.9263424858722201;0.9605729008995971
0.13724516319909108;0.812841410692488;0.5096506248904731
0.9318578767536002;0.4405134907855113;0.0035166364610820233
0.07271986591529389;0.37541125666428266;0.2583172056040457
0.33725208144321195;0.25883175564493366;0.7156834709251034
0.26582652186391753;0.26657931095429;0.5719469649499522
0.278522401984024;0.23233051170536068;0.37739227396041974
0.7012685898972855;0.988116434712511;0.4692955966421356
0.71975445817363;0.7092263242546871;0.7993929504719599
0.05845345484006215;0.2216809598342837;0.2382171213763552
0.9659200677956372;0.106731170894242;0.5385773134634853
0.7320677417623369;0.15995189022187495;0.36496924289221533
0.9246554873540507;0.8190128146982139;0.6184571432667268
0.5208485372454126;0.02533086869934853;0.6194801215216226
0.9587240407809706;0.23107107786070746;0.9867312473352867
0.5836489069687254;0.486754307401255;0.8223859625981648
0.6931358934395871;0.16518589395644967;0.8196752693633949
0.6915676108544743;0.3454101416474984;0.5755097831975411
0.8328508818478231;0.951123867720226;0.6342422152534258
0.8048357724967052;0.9030513881445696;0.12873060209894704
0.8227580851923331;0.4425961359163464;0.324534791783458
0.23907493324792173;0.4226806538054777;0.00594840589494694
0.10514065305290343;0.07567081295195943;0.22211761100300997
0.08000286846255122;0.2595088628834902;0.6013665164041256
0.7376045264746907;0.9136819770368133;0.19979350501113446
0.5787152368495162;0.231584796491769;0.18757454488837555
0.5915869697895038;0.11333948845999264;0.06415073081136091
0.8504893104237923;0.9937224454187777;0.9026563224306621
0.3695979738993891;0.18555939966738955;0.23046046490770444
0.961409853523064;0.548554703587985;0.6839226535099793
0.031283054689987266;0.8761772145514242;0.7684272879428998
0.40458770595764837;0.2951883219320941;0.624049711331491
0.4276317144044758;0.6392969501369078;0.7621880153564823
0.0013042695231614276;0.10393038319852954;0.2179661435508944
0.26430515522317477;0.2452615472702826;0.8300516842405155
0.81745604557958;0.5397291388827116;0.21299261887966336
0.6933655335358879;0.2609489307539241;0.6859520203671042
0.9477499356623298;0.20079967506229646;0.47134000313353575
0.6327944441749205;0.07426421195764432;0.7311727168442546
0.9561737584870237;0.4640107164846722;0.6645231936031263
0.6370249157535967;0.5981776068590899;0.1421335024173419
0.9047417372336243;0.8907814235822652;0.7724943556193976
0.5380486777935721;0.4889568314850721;0.4400002119466164
0.6641991811713969;0.12376508745232351;0.4856664191297546
0.09074582510319085;0.6841619579758741;0.4924501574535275
0.5967079282705433;0.19419100397413958;0.6676089034663327
0.7322622923328481;0.5943955017813461;0.1806233545618593
0.09597599009688795;0.08262864924306546;0.545180955438591
0.7357108184653445;0.4871491229632643;0.23296884407843943
0.8794247995797368;0.28302744941270397;0.31829934514481883
0.29272642847735175;0.5682416671545338;0.1697730422653353
0.01113690466446371;0.37739834159505625;0.576553663949251
0.9243446635194903;0.7635164881703007;0.7254910587365365
0.3722276195488179;0.30612931140251565;0.9355109134245699
0.4726671998818345;0.5241846654026533;0.1801359612605642
0.9309847938579863;0.15301972246578655;0.41613320628060224
0.7849077963552324;0.4551758080140752;0.08905793086803804
0.28649908995634166;0.2976200009404627;0.49730150681813534
0.8266692766799185;0.628069959895381;0.31532617704063926
0.3717637922305642;0.7685224264451246;0.7716053176970947
0.8951750597398757;0.6653395456871878;0.9656132002479535
0.41243926125643027;0.6924795603284662;0.610300633359097
0.08029692289370893;0.6828206564427819;0.5800241421863748
0.28834943822810954;0.6432409934798571;0.7351410872584249
0.24425055635848092;0.5805650762708474;0.8539975611331158
0.2796902344766341;0.3926443153288933;0.7257764258339017
0.098036365879005;0.9968968982162311;0.3611495507462019
0.16320265920008437;0.5770399515517332;0.8342396160967691
0.12688620687022278;0.6623574677372763;0.7690930218193888
0.9311169713460785;0.9419797450851187;0.29302971421285084
0.8555767448429105;0.8566121153693149;0.4725721277673576
0.8370702738861957;0.4205095927089302;0.6289990215448241
0.062400387372729904;0.1619269005136954;0.012426408136952283
0.11857345655095441;0.46336532636447414;0.32251926424660626
0.11931260198957527;0.7372566136609162;0.5988145454622734
0.034753441484974945;0.13990337609976833;0.409653781309011
0.006519125033677353;0.2418181202237789;0.3362087802257149
0.545736712174175;0.2053637290154796;0.9178515313492455
0.43261078897392535;0.4645256574700578;0.28592956040579254
0.4487034191693947;0.5363685008762454;0.0880111262590405
0.8035107434902496;0.23644597121186683;0.7169111856199676
0.559563811622216;0.7011403413005225;0.2779918200805551
0.5710757388470945;0.4575458434320624;0.6337581449269178
0.5574519656720277;0.9201443753767956;0.49973674522249234
0.07149115042017617;0.7638749276244746;0.7834317229844495
0.6543418608246767;0.40266541823919133;0.18356291724811213
0.9682684387644178;0.9644516269495923;0.38584196226902556
0.9763898034588089;0.1680726038917396;0.6921774922852278
0.40137215994741593;0.7329133252322513;0.9059905278127902
0.3577889364316824;0.4995222644262103;0.2936618520472607
0.04883945101234177;0.791197223614677;0.8298304154274793
0.8126539516715585;0.8819493043351778;0.9297733825410044
0.7660014396691495;0.9375736114359499;0.4740685813312919
0.24956437472273807;0.07657943709147996;0.8820103472293895
0.46420739082965135;0.8157848323827652;0.326696033739299
0.9555777056218822;0.3500362429244882;0.6828502882099063
0.7192186780031098;0.7360070471577911;0.3939997352463839
0.0717695478816478;0.01912421635533368;0.9028359620447454
0.7676614082695108;0.9140198464285575;0.7888969747172612
0.7908984582110313;0.783826670011625;0.15195457324294392
0.4475054862471105;0.7064616153796214;0.6944906177565356
0.6666053575811868;0.6986081557105672;0.033066311583714314
0.3484175116995487;0.08029967439287511;0.8055764604126457
0.5733858949885978;0.8300567756628114;0.50371977064481
0.6960312127019985;0.479450878202742;0.7707756295802695
0.8434271318653372;0.13476852645265247;0.3602507432864438
0.3493046286124015;0.9798376087369541;0.35029337533096094
0.7851991453535804;0.29180108415528816;0.7244054747516374
0.9639456429940008;0.08221689665568421;0.020576318664906834
0.9314519593144234;0.032249570786569315;0.27508035693523425
0.9974459514392828;0.35421222888297643;0.252613023456868
0.44451294179545775;0.6319161407451321;0.9273062474710968
0.9761207610515443;0.8123409009518898;0.68247006447264
0.6729297526753502;0.9216765190444205;0.00770157256903603
0.00915415169302436;0.4032947796548907;0.37235188059081314
0.2882908779376241;0.653457451743639;0.024178198634778103
0.9083446556593927;0.45570072719818044;0.6754291588360348
0.01088830477297964;0.7576365494486199;0.30608725856838026
0.5600209928417508;0.2391410996523734;0.577793185117415
0.6626395821663716;0.34651006225913583;0.062007748555552356
0.06442260026563862;0.3374335844594586;0.24163570225233388
0.9907516160788017;0.3756509539134165;0.5254914950114868
0.8726901840948348;0.23163934572969758;0.9190877059419067
0.1706624122203183;0.3458318549318834;0.6664451112755653
0.7682461761956725;0.7174220769528832;0.9293691344598308
0.1823192236493978;0.3104118827945709;0.37481068742737467
0.3655232023962667;0.9057248754944668;0.9282708729288688
0.14301171665237;0.30400416906722394;0.7970862301228779
0.6810613559073433;0.9784127884660193;0.5188743254782325
0.07095243776767379;0.08685413764933514;0.4840171574331692
0.08087874691241503;0.3467430901004376;0.6527168601645958
0.6104365794151038;0.1807897242236809;0.14622933838423624
0.3716996679814105;0.488093940841148;0.7308150756737619
0.5418548960827159;0.6928096548146919;0.8151807180520977
0.9560809178878374;0.7079250351459275;0.7335512530690014
0.8098541898968855;0.3451399234368081;0.8711864960282554
0.9337088750152316;0.9327540884915733;0.4662344677419783
0.46135435942614045;0.01057275028982907;0.5610669228696712
0.7989983172865243;0.5289244835791256;0.8920753230654456
0.34242876129541355;0.38001107940948586;0.946082182474732
0.85441746110227;0.16386199340125307;0.11943141429399651
0.7378645032942039;0.05902293187128749;0.17407977779407713
0.2882537776128964;0.8925249738625163;0.9197769502796891
0.6839531036900738;0.6623929461655924;0.4396678242910429
0.9176362238429495;0.08081882913222405;0.14010178897485193
0.2722413108567544;0.6973599341125429;0.1339648862491174
0.9490308173285953;0.1962003167369315;0.019642456513261464
0.007279164756808676;0.16342791131836032;0.7307494748011676
0.9747555635105427;0.9047607766035418;0.5927313096617556
0.49688523653217676;0.27459511934525016;0.5887023679581753
0.10129968689684865;0.9882576261080793;0.6207461916511304
0.4135548876374612;0.33958694795987543;0.41902905175176086
0.3378706506225764;0.8758027953866195;0.6260636679955807
0.9794878912522305;0.5742750758939321;0.8699835641303244
0.7851261690964972;0.28326931523501975;0.016117899496558286
0.9140779474608475;0.9094435928415932;0.33264307295700857
0.5696956929759845;0.814390535489614;0.5055451253056888
0.2534543571243807;0.1383304426709584;0.8078748036391584
0.10270264860089451;0.6817097105774249;0.5543508437408339
0.1646062118791104;0.2049559261202365;0.9546628453474612
0.7980440323712227;0.34663185679373143;0.47338237647796133
0.6115970158040399;0.05022514848522086;0.7500137937073271
0.8303593704779313;0.6523897990474596;0.8867308165349099
0.26936196377035704;0.7755038712238592;0.9775286533583645
0.7976999756487128;0.9320631742750742;0.39056155978565454
0.6361049168593151;0.7181030543801407;0.32217679952524536
0.8804542638247306;0.24814903837654068;0.7394166543272641
0.7106984413010851;0.8989712830671227;0.1371927910950831
0.5548456633493861;0.667924451618563;0.2393160947644395
0.673056003703584;0.7297578159377741;0.34401762243324097
0.792346329787003;0.3259676102239849;0.7147613169499875
0.8226104748156611;0.47137432855734884;0.10251149425312767
0.6129202636349962;0.7469100186023601;0.17562719398151738
0.35569873019463527;0.7093978106111;0.3673398098696091
0.6892556851583606;0.6898941924317998;0.5819581142187812
0.5150995784554696;0.8251912264594382;0.13505913233176003
0.8018610336199069;0.8057123884888272;0.22189436206967883
0.3020306217477464;0.7196734779261658;0.7187699348513318
0.1452844858088651;0.4830217288655251;0.6080952385847322
0.018810847591128055;0.7329109660965456;0.41323468965625154
0.7270780463733071;0.06974632514565327;0.9316567762602775
0.6343948575392763;0.1373803202151821;0.03891905227742698
0.015715383631458968;0.45868654011751664;0.7081481334658308
0.592376986638948;0.5138068017103784;0.4896617067520035
0.6056792296898331;0.6015579064794587;0.440514802457032
0.9625552710720616;0.8312151871802085;0.14909168363351333
0.1657023380224224;0.9052220923604702;0.7675983312677971
0.2884805836070451;0.7344337637431846;0.47390145564493225
0.6400039452329546;0.6558477547734175;0.5415523460905347
0.44478368981024696;0.5076104768910671;0.4154095071524093
0.6545094479127593;0.46723079808267365;0.36122131489060494
0.8405299743933574;0.5578291421118046;0.7712915753417947
0.49785851366697365;0.1445149866627543;0.7218449493806377
0.30324436417887446;0.4631395751229389;0.2792124467575333
0.45411433730736306;0.4275161269236085;0.6327634806529353
0.9493879052587817;0.6069035804361776;0.3466541492923869
0.5434273494768275;0.97380940460669;0.4321886667567225
0.32951649033489394;0.7602831241103183;0.8746216406184132
0.42694329256066654;0.3634236652415993;0.39110590730821004
0.041935062168846016;0.9875901120894691;0.4199649462937357
0.7643209063180164;0.4209759811367495;0.48158752769527
0.898629211092256;0.5819988469059703;0.3947434763448756
0.38339475767669684;0.23091137596116518;0.4617239828017021
0.14544572571054437;0.6729124629493236;0.2227541559883841
0.2065471909917277;0.30505589845156766;0.1221437512639133
0.39195973105603177;0.45818040055832554;0.7655341274674835
0.9378946300492077;0.6317817140707488;0.7367405412769021
0.6395660820098688;0.6127627696124817;0.9586116394723552
0.37413163827979845;0.22776045104369458;0.15832714311260876
0.2526975265270589;0.8686428807433257;0.4549879112679338
0.6782043211895435;0.7970288102788047;0.9281178780301831
0.5803424278571989;0.8967408033225815;0.8488660614016225
0.7098211997558191;0.37155057956999393;0.005680604082272778
0.34486520839365153;0.2137484533827121;0.5314636067705479
0.3677630173799945;0.2746478969653319;0.41993296069762787
0.9728484981075386;0.7328583150671583;0.30423896511618187
0.35864177449239776;0.9246557937630139;0.3280514409356561
0.44661615544767286;0.7252833646704316;0.46845744938962897
0.8387361858700741;0.4453762251046286;0.2742119471615817
0.47620178630068133;0.29824307476117007;0.6295501207511762
0.7146619816756963;0.9868290341908923;0.23251508002765164
0.45323328250081374;0.07676789762617786;0.2760569202995351
0.4978441447701356;0.42643765770036457;0.8527244366006087
0.3561915707885145;0.18433269977845246;0.32727016638877326
0.7013513897805029;0.9476190583755169;0.7151491086552654
0.880460330421888;0.2189592535870024;0.628715868130229
0.1036440940811929;0.5710039589496634;0.18485360589706734
0.5480554773915238;0.9658595780727853;0.9811609982120244
0.4503378634349041;0.292793186445107;0.9831459824604649
0.48701736582012434;0.34453048162545297;0.6849534013947366
0.8236004545827934;0.8058183882093566;0.6022308035375169
0.847928237767153;0.16891925145063547;0.3695192160258569
0.790408017851752;0.400735973616535;0.9460317285928337
0.3234958086115328;0.3925361402027743;0.6724634690048433
0.46931482284945447;0.03724846718771446;0.825540737686936
0.8050752689296884;0.21655949970188626;0.4417310321949647
0.9321902676678503;0.9129016889055686;0.5100812932705324
0.6426528881014802;0.36829370174541376;0.8813476361085577
0.1991408743751042;0.1740839824604129;0.11276214041712096
0.3155633320205631;0.8559176659149064;0.4366299476647283
0.6321565125203762;0.9835777961705771;0.5498281293181985
0.6666420528130322;0.9978593165322048;0.814685878181192
0.30063107685138546;0.07119556246390435;0.564447477348292
0.3603502361389822;0.8637013800779099;0.5153555146460304
0.0778247417227903;0.38985636699373694;0.8084467067506318
0.27281414996680375;0.0866958342294386;0.2592542560363178
0.8870672227380457;0.6533900420866605;0.20564387158291286
0.5070246979098904;0.6811753730695401;0.7120177075711728
0.5461690574667479;0.5891329626278279;0.5624646839118728
0.719224785904754;0.6888632143462978;0.2810715443225361
0.0191962011867175;0.2304646182913349;0.10287945720263258
0.5158913113793625;0.9611280311149479;0.4521170429204221
0.6669117005810635;0.9599672277658986;0.6049757064288069
0.20010944174446998;0.541458797931848;0.17084468858893975
0.6453739702626444;0.5171278088908129;0.3657553280976752
0.762157542394367;0.9069316328328405;0.058091070866037486
0.23766731930871643;0.37811815607625565;0.20209718810678057
0.7134727669895596;0.01814731765669164;0.42375495576769207
0.8108568080047006;0.9278898677103162;0.3105326460560027
0.8837331393715272;0.5355454676836255;0.833026607768585
0.2934365199786837;0.02429553001628315;0.016150245314212164
0.15665256979864717;0.5372103919411282;0.34756243114719054
0.5080606898571266;0.052923423259461644;0.15779992685572475
0.7294139436332416;0.866440641345805;0.8707373187070201
0.9670897918330917;0.5036788011623687;0.8477848801035673
0.8797784839566951;0.6763477504461305;0.3049353061922154
0.9075984472630549;0.692989116715358;0.25788446375637086
0.27034206038509256;0.9343218055334769;0.3845845888699636
0.9119220102750398;0.044348496940382676;0.7618008900464533
0.34453299770462953;0.7433540616884236;0.40430946559242875
0.8570329829980978;0.49225494720695295;0.0763393324300018
0.6380473551962833;0.660830609466478;0.7020049403043951
0.9515132982822634;0.9540429980885816;0.43430059051851855
0.016363094802833045;0.4587065510209051;0.9264447803016088
0.3765027770208639;0.8411819797683063;0.9077655757562266
0.418925962433342;0.5348482403982601;0.7694157536939307
0.827863745066334;0.3581332392095432;0.19614570463245407
0.2425563347448476;0.5985103773273464;0.6442728198409045
0.2589681816172218;0.12717167977932886;0.4671696960940408
0.2560338367099898;0.4551080343707071;0.25890087363479375
0.34573676844083145;0.10366126467076953;0.6061768198522156
0.7651096386239779;0.03227238027409074;0.9189498156459915
0.8037003925650756;0.7958476244321002;0.18068746531631952
0.008194788815416909;0.4515211985968939;0.6366384597297837
0.7502416649238484;0.02429375126384159;0.7940247366233273
0.649235236285374;0.8384313732481018;0.6468500664186602
0.6479774521475716;0.9591761907742792;0.8917242506725799
0.20740715416153688;0.7654872209200467;0.1439632931106224
0.20695686192261675;0.7201067306523102;0.5958257012501329
0.7712307221435849;0.3407215655954041;0.006224282969181205
0.3052250179208039;0.8025740265882422;0.44022708746046535
0.3730738223827069;0.46505726925934165;0.7451572188431038
0.8379726572411971;0.0582522477816968;0.04673570170362784
0.03696553220253962;0.6167008668716794;0.38784872406544113
0.9772691782836536;0.36229655279945383;0.14807074269881104
0.4838914482393193;0.5405317915896531;0.733350721648042
0.4818410349063673;0.4940091926845971;0.3883330855936413
0.06590630693561117;0.9853364436994303;0.4099520026868987
0.26793982604220856;0.5085997387319011;0.27916821640300526
0.08718041559219536;0.3386622363929557;0.9851674004143804
0.32480053387217933;0.10922746831158925;0.10325967700290006
0.306253414669999;0.8534981988098475;0.720544114974368
0.15399500713574954;0.6184719202641615;0.15429851357347346
0.8699779662789507;0.38449361656084335;0.3943616935124781
0.8644135718425089;0.3947351492089983;0.042990921005158556
0.3691123244202791;0.41370363392131015;0.5750371874492713
0.8283508070061081;0.7428016899273446;0.44890871245603703
0.8040552289287934;0.7707806211965547;0.8590293376306547
0.35246802146216605;0.8249651927234419;0.18497352947424694
0.40943319315218907;0.7112121936278499;0.25775838236601356
0.6945887688453978;0.2481746672121704;0.184436865446179
0.7902321970419798;0.19238217764541432;0.4483447022055147
0.1060839387410153;0.9118159365278565;0.05839748506489306
0.7421206482075117;0.6972157396451343;0.9693686645877208
0.11866587031715792;0.048698617769291075;0.828217558738034
0.3074353959750511;0.19490971693689296;0.7361643005964279
0.09474174395555002;0.3590382361029092;0.6210921966480849
0.49600956521453354;0.9245831899325135;0.29203929001196083
0.15611183018450092;0.4835056941094015;0.5602638454869258
0.9578414447327802;0.6316446686893882;0.5246804812702829
0.3160067528086269;0.30101333013507525;0.06322341534498
0.41580988594516066;0.10158596817823351;0.7717421368925915
0.4860409144411446;0.032188874917693844;0.43505832435906855
0.9309446906519077;0.06233705553561253;0.6443893377928069
0.9877288306852003;0.039073192762497544;0.05201047454400953
0.24964356907583996;0.9633570513461033;0.8200615566067008
0.6177790795393515;0.7435302440809372;0.4783239960523702
0.5979589125925527;0.5348275511984002;0.031524128550760366
0.7923381657524751;0.06393303919417004;0.7656830496306728
0.9274660221076326;0.33753646680178573;0.05777569508447755
0.9584861775414558;0.807502849615283;0.8476019799717466
0.910174983761153;0.47236421972082265;0.990078746802015
0.7472852770976802;0.9639172253793818;0.9843933049590924
0.05554279385821903;0.6843711031728521;0.5739654428146597
0.9925326867145936;0.23937291217521994;0.8384222682108602
0.21781064209003498;0.39511824083694325;0.13705005053153774
0.8263141608346402;0.09180098772027456;0.20676947659267508
0.22804593414107543;0.39870756578464517;0.016857093859168115
0.602547242176843;0.9030756367023879;0.5565896239907927
0.22350212166407324;0.2510455119197451;0.16768984697501055
0.06953502867272843;0.8210032865259318;0.9432623519197771
0.05563354171619572;0.696975531148571;0.3435938932717659
0.3110913684287857;0.12727574846156442;0.027173282898002582
0.7805197333112072;0.03423993701275141;0.564702908331522
0.8003304355987577;0.9225158251701433;0.9903678053381514
0.10322471727453064;0.2512030027534311;0.7399691299399297
0.1021999154584543;0.2897710134804814;0.05624383652441334
0.020740813955595128;0.8149801433101561;0.7709571697967603
0.04278086885841892;0.9565030386794051;0.6954392596474275
0.5865968739322732;0.4975439562313665;0.9700839940170601
0.37000535137934243;0.4610418473196908;0.5115037531541393
0.5113664419125248;0.050537480212660246;0.9239877474616115
0.519333515920454;0.5230181024586557;0.6790492148608235
0.6965926235854821;0.38016281912039906;0.03435626661943458
0.9257949955905127;0.5072449941226452;0.12890819131337283
0.829030863209722;0.9820811927744955;0.9216829396104863
0.12670576312050763;0.10551928718194747;0.857400179202761
0.6287247903028861;0.21564376864133128;0.45757088349490693
0.9742390124960811;0.48058835680367495;0.5580334628187322
0.7466242226758693;0.4400144287315264;0.14503974094587369
0.10638270347350176;0.20855533246045976;0.08324231072345523
0.013681591100154655;0.7358886812743988;0.5151410736461658
0.054499238634100555;0.50111403563253;0.05413762849559167
0.6088668110704927;0.16019627875390763;0.7585615745708698
0.18143666028335015;0.6764191501971558;0.8234356890558215
0.7028748696527745;0.1478893935182759;0.8087727614694283
0.33034353396657623;0.16071753810884648;0.6658151174163326
0.15837939111619803;0.26473644195021506;0.02987206551680488
0.36426484701290174;0.47679471835643006;0.7129917137424298
0.8784050732405004;0.9138421996917618;0.4782629412339384
0.3693725408089159;0.14647355165026466;0.6967595678773388
0.44427815781436375;0.37371424211952264;0.8389523290750773
0.43265340741656144;0.3687132636441173;0.2592937770423338
0.48976918699481664;0.8617083588209099;0.6323511613705554
0.6863694156729316;0.13587264022962775;0.8961271279515955
0.2831525803401034;0.060566843651033264;0.19207981842628674
0.8112285374358129;0.00495199516193745;0.6426003934152108
0.9549420397439543;0.7269133746858191;0.8766904964854594
0.5723228523347255;0.577561724249617;0.8843774945543041
0.5632424599957604;0.09527066272464924;0.5656999917175856
0.15607593375064344;0.9381367997566176;0.22833929873621495
0.38880103533547794;0.008196425147890207;0.31969753820285074
0.4669732097625183;0.5422860605783374;0.473038022930536
0.856153270200722;0.4498507843459726;0.10085178569375719
0.5261409487427359;0.7707873293993981;0.6165216352866209
0.9955425629078573;0.05592709536572704;0.5206532162389879
0.8941725743524743;0.9980450707178057;0.593663715146028
0.9960868642728457;0.6162490022424053;0.63541512307749
0.17208876243350768;0.8358154521411666;0.02728278356371361
0.7216525801876686;0.9985615662203178;0.5013762434549507
0.6159057569557913;0.6464435296985215;0.41436461442275174
0.3730454607500465;0.6114245479942828;0.8407886512880728
0.8930117756776244;0.2131831732498316;0.4382496116684622
0.08901063155537026;0.12233298251063374;0.7036595548417066
0.08402210970322721;0.6802923265398675;0.34981925127458957
0.7120789579242814;0.5525108535582787;0.9579500912113549
0.6033429183469919;0.01034831966009897;0.673448853537983
0.7596637795195486;0.7972361137107062;0.8272725989098567
0.5160666319866755;0.3616470787218179;0.9794359446917865
0.012270894273908373;0.10815227742243805;0.614810796355057
0.07395337068534913;0.4697438880520183;0.8009722382765947
0.7169231898381352;0.45523367797418757;0.5651585446715784
0.7050300093124482;0.9927481286113766;0.30965038712037474
0.7187408364266383;0.43997005584675986;0.7633436973122073
0.26626587928662293;0.5790740822272843;0.5760214768188237
0.916432050858271;0.22319306946867956;0.43952384969058356
0.6515253461158949;0.4845152697648213;0.16370793876148992
0.41837633887067904;0.3654214520478316;0.9413984449264506
0.43432504521608606;0.7292580991939939;0.22916328280392473
0.7942438083952117;0.8624004359033087;0.09677116527512586
0.40489261497241125;0.3018501734414871;0.38989321248523956
0.27245396790300425;0.771187728002313;0.22673383932254298
0.3400308349187501;0.1756728487314544;0.09098725546599729
0.8800550757110837;0.1793511056194924;0.4690294524564905
0.2639559362312014;0.1627291962137153;0.37122507491148404
0.737776371670137;0.3271687335545741;0.42906214629721884
0.17307288204730342;0.6159930912156244;0.3080108578641221
0.8640289258191146;0.4426238856955831;0.9669515550755987
0.05720740474218022;0.12847640655936365;0.9810353252603631
0.47102769057075655;0.5057608787317396;0.6869899582583235
0.29117778722723475;0.7341139784266698;0.7271849369966529
0.9800065193716325;0.03728551595870344;0.4006409319757339
0.5031906746756556;0.022690716546098444;0.021814372344702626
0.7965419673287337;0.5290620256019162;0.44441334909973196
0.19301342441227443;0.05125367173046658;0.9346233773982232
0.7771212977155314;0.5770541161830992;0.993936300246717
0.9530826554220565;0.6724446608591318;0.4824572747720104
0.31503283620878275;0.5069795826639785;0.3326323297088458
0.5725630098742637;0.26151746660458974;0.8273618735185887
0.8531667462914331;0.5504130417688803;0.22243843502892247
0.40250704367984314;0.28199293882365617;0.4902870528489097
0.09282429303508388;0.9974602885440914;0.15568004085823017
0.007031793697194644;0.23443213872961632;0.7096770225713053
0.3796127097403653;0.4311664019914766;0.17683557750503065
0.47725731072913324;0.6798431161793544;0.21034609556159756
0.6061338007756385;0.9318067398993017;0.36790687276462486
0.40599655777629595;0.49673931467762167;0.9982761938169685
0.9491977960239748;0.06624492839042262;0.24048962451833722
0.7870420904472176;0.7978006720444474;0.43247495855337903
0.02199348653125044;0.9651058381623645;0.02318535738643024
0.46737369528247696;0.18611273752525193;0.6669602553092167
0.6470820706841431;0.6746909813483871;0.188510409550393
0.3628290171879065;0.7410225736691834;0.5997609778375723
0.7487704151098548;0.8358236752044907;0.12282050626947805
0.5457289688897816;0.1136137747009539;0.9852109980681314
0.9725817073837869;0.4001204948336735;0.8801062878170604
0.44248147651662295;0.7767322952954248;0.6774585714887098
0.852746090339966;0.8333767045959146;0.9897414934159263
0.828180449982603;0.462077838298667;0.21585996244125405
0.4427182320985886;0.3040883441099619;0.7289689602842414
0.21602495841590508;0.6667847610751183;0.24590089986794117
0.572704769980207;0.21840983933550429;0.05377364307878729
0.7768059443292611;0.016630048881250525;0.1724391954605924
0.5290155806532867;0.6261757817215631;0.18988145728300898
0.22063235813682824;0.09070460314605078;0.77027091116541
0.40818842521260856;0.43536977240063235;0.7345443546432646
0.744066308152397;0.37602679240343373;0.9254354530139167
0.19735283005799364;0.9712564789554543;0.03599724790690473
0.2897762406170836;0.7909272478600307;0.1933351469593797
0.6241532959939519;0.6292679891092207;0.49598643306429413
0.41040351410046794;0.2808305652869051;0.5514208466244559
0.4750235602641818;0.5596898456691786;0.994739423394397
0.9606205677184623;0.35604386342025107;0.45167719577262344
0.039836657025143274;0.5138794653012009;0.8820764538205059
0.7173631661800542;0.7485324191058451;0.568282224963022
0.9452208242070398;0.2661409720940122;0.014985089692722608
0.7002075959473656;0.003965039755759903;0.7901612061859075
0.5605838231910031;0.16861412061614967;0.6922884778160318
0.28024210715650644;0.1292485773493428;0.2503240277959651
0.04193948482064713;0.08353472263281359;0.8450983244975074
0.1797569462656764;0.3562163745618854;0.23752241317653133
0.4183572017793994;0.2858225826090911;0.04737203537717016
0.9033521429104201;0.22862718938987137;0.47750742768124566
0.4253243285607575;0.9349578381593688;0.601904046485564
0.6608312984119994;0.8862404508720542;0.4384955883527474
0.5035225554998034;0.6929882320452956;0.4943065661821787
0.3993178746420536;0.9397127925943085;0.4339823932884147
0.7010583040676519;0.517830746717724;0.22610242999792907
0.9817035838057875;0.3028958374612989;0.8495737697924761
0.6516353981447668;0.41271021217482007;0.03103805664165382
0.935980908146112;0.6106827282323322;0.6727499169342535
0.483787870849927;0.5194131050818754;0.34366439623134015
0.45300787993302705;0.06309128208608439;0.7427086922927313
0.6618547232644204;0.5578374033780888;0.6569504382958065
0.5749292041439792;0.8940526834211905;0.10205378914720287
0.08472204703636976;0.9719478568041988;0.15962962885704401
0.5274717947616058;0.7200413056810478;0.5523056747480863
0.8172179593922684;0.6956983466568696;0.944366167965821
0.21680092719094723;0.788376746907722;0.5074366315982894
0.6871918311166416;0.5218542212567365;0.9878864688194755
0.6263237600146412;0.76293253238402;0.041780455810813244
0.17650157636256258;0.5425469715251805;0.8250094188167727
0.8710546344760906;0.5792295003260844;0.0717324795308174
0.09200358063816672;0.46886768099166054;0.7623697914798581
0.5770763827318287;0.22749358256552776;0.8827951334869758
0.9471206439797568;0.41311330969706817;0.18819621100546813
0.18816949566358376;0.3255566044882652;0.926908975479789
0.8595251633926485;0.14592064715258668;0.1808811087429597
0.9420797019829029;0.547611015749612;0.8974195259055494
0.6727979587465894;0.20200618643239798;0.08945482001882554
0.3428211080224409;0.09782006565218038;0.3234970058449005
0.609105290603448;0.8786709746950336;0.27219860119948336
0.007593581020328699;0.23706315391642907;0.8149188195487026
0.8326747044920757;0.7446663734462204;0.4167885764492043
0.861751157413475;0.5203137434269568;0.4987499086830014
0.6209566514401949;0.8497502664283497;0.8519167950889569
0.31614397602786504;0.10850624415143162;0.0934834376742738
0.9784276288696337;0.7465737341366606;0.7081521642793506
0.3516539962078744;0.8164939792530632;0.9561505086061338
0.8230003368297764;0.5138598127439552;0.09042532079249899
0.7970260436512991;0.8981408156814773;0.7871434294642808
0.04959272466440734;0.04726106482511605;0.5299614100337141
0.10474194017636351;0.826017244729501;0.8652789360329104
0.2346336076591209;0.5898657490310095;0.6387465406481245
0.12453251608044502;0.6793197970382044;0.6600093163977615
0.26692901027286187;0.31842015194384643;0.5608769532420134
0.8318332723940952;0.3589261302319844;0.6409617015360867
0.925302130035783;0.6176660479967283;0.5123943978885982
0.7639226513931626;0.3874448022009007;0.02767466608077862
0.018689154438928934;0.518946266459182;0.9552219961691384
0.7030452596741081;0.32284906486854525;0.452112097240702
0.9097798125187136;0.3807752352037368;0.4949425350931427
0.7673508318596776;0.0002793571951640317;0.026804278283704575
0.6929250722295275;0.7605430761572857;0.4872624217218898
0.8970905848216335;0.6471788120197274;0.666379519216154
0.19713548659397273;0.3616416470950089;0.9407920428867569
0.555888942034764;0.8189608878253437;0.9328808609956412
0.6346059451971872;0.13370530496860267;0.3448502574342497
0.6315827588794036;0.6410026870712279;0.43607026508999003
0.6146234054994214;0.1302484458054305;0.5554031349189967
0.1282391859151859;0.8278472080880468;0.8736647822898974
0.08304173092160971;0.7539928569367;0.6350175101931296
0.6929095932962107;0.5935081483299818;0.5363304128646941
0.4604992491303753;0.9295092913033508;0.4201276245178692
0.626354971526322;0.8578355898906117;0.21769033153425932
0.06282586365154541;0.10203619183490575;0.08271872451610096
0.8669552666817164;0.37689918699487657;0.8448761399760911
0.48069795424589623;0.8396932228351529;0.9317954268392246
0.04301138897028456;0.3601313048581287;0.5809824053384236
0.11136761170399045;0.25825515355569373;0.3933867532709976
0.8250549067588221;0.6835158881192253;0.22268818215121922
0.864925473384169;0.927771472593278;0.449982453504848
0.9676059337610113;0.3383563344130648;0.40040301756036334
0.900981450400379;0.8863173627429974;0.1283896609651134
0.8928612712626721;0.30936858024309655;0.09383540824040515
0.060779542085052096;0.3499760400520525;0.659353178447272
0.6080956058071104;0.8453691692160431;0.5873766093485292
0.08630503849606319;0.19396062558926175;0.7322518143609553
0.40774982395396264;0.613771997306373;0.36575159628716025
0.36133114035731817;0.9304215924759489;0.9078192315473596
0.4371353009629685;0.10043893176638441;0.787030812691859
0.8219840367900307;0.4782511481725602;0.16417308436282096
0.12606905992965034;0.42438889492881193;0.5677145277608127
0.11383979036000647;0.9764225293444285;0.27268859510507426
0.015931129171111502;0.05171153769731307;0.812852011276438
0.3957760871907421;0.6453270595449231;0.7154739296089395
0.31023544423310245;0.3959755124701614;0.09498679408787425
0.842415163378886;0.6704068432190528;0.13895673674908726
0.3018362937427481;0.7098595407568097;0.23900758944520228
0.2795809306077095;0.5933453414823144;0.9416484337019382
0.8776789075527573;0.8100475718448019;0.09998681260028042
0.9228598443300736;0.06348440251449694;0.08582239908878708
0.39814347905994996;0.40998982089577596;0.066243462662819
0.4024671362063097;0.14292527907252928;0.7688804271777299
0.38191436958869285;0.7440860829533511;0.2525096478799361
0.21386815423052186;0.9459188909524022;0.9880505966038555
0.7842274270485421;0.9296747460970898;0.924749972323833
0.40502308058502723;0.6064194656192547;0.14223086585983413
0.04698399874628867;0.19137762175791484;0.6805013764957714
0.767594394995729;0.8646581166980966;0.6182168797609062
0.16200679898851633;0.41718812647312753;0.924007973652509
0.29331958838836036;0.14524052324793324;0.4728942732216871
0.09992632787321354;0.7189636887312745;0.9289692118533532
0.8868290713743284;0.7461349708121718;0.3164749563350807
0.496760488171915;0.48629098583778496;0.32302058236893805
0.7812025709230606;0.8345958204838775;0.7612489864566653
0.4609631862019442;0.9782976876147141;0.9975257358651349
0.8017220775271339;0.28472667319269507;0.448107386740317
0.915070781813394;0.8394658433447753;0.4269501994219034
0.5107173862132938;0.8085401251578145;0.021328588947504334
0.4248660610033027;0.07322754547100185;0.7744138477540808
0.09166193010192214;0.35556992051765535;0.6119621331234425
0.24454701621881714;0.13746237550337637;0.44740163872644245
0.8824221860715727;0.2058108618835205;0.7048793846815723
0.6417466707629795;0.23348946359127065;0.2784923227621574
0.13029634302795745;0.8176462956191564;0.1206306361679117
0.20420265964712703;0.858844792130251;0.5025605966975425
0.6579606417512457;0.6291041895408083;0.863800543211842
0.11607137678341528;0.9668151319939408;0.31015601870466214
0.7138694097211288;0.43294382212488247;0.26762364655488635
0.6011497243468473;0.24632187338735467;0.06484690293998718
0.09389055124505707;0.46492412071592926;0.27331434897743845
0.6975170848888355;0.23056779554814755;0.21389863642385054
0.7229852614191944;0.6479784238102776;0.7874590423435154
0.6011554932146268;0.14599580308622184;0.1961322410180817
0.8595160672903456;0.4726636023280891;0.5471388480771625
0.8424685070675538;0.13209974464364005;0.5158664153328331
0.9469905211104436;0.07285113367541896;0.1652000419134465
0.1315167480811178;0.05653110500632974;0.607779708093989
0.011196656459239285;0.7928220048014947;0.8201091657122525
0.6153003951802049;0.16850859705230004;0.6472935778211861
0.8538202453762387;0.32383829858015034;0.3688520119008032
0.362978357231991;0.17474764507460172;0.8291089067402737
0.7781255696956535;0.7086209732947162;0.1949567400698351
0.7267318752347363;0.6895199337091464;0.8524536109828227
0.7099065659940761;0.23017207470423529;0.9273492974840871
0.40478907481181325;0.36946143082078153;0.21792935148722392
0.4355302134001011;0.2719458748513931;0.2144521190867057
0.29715899114282973;0.5159158852988721;0.6241636355971741
0.9292794949316783;0.537652052858554;0.8065781783504709
0.8144363916571115;0.3540583547687135;0.8801074637056451
0.5562863859021708;0.1256990555941544;0.38744942289996065
0.35364910673240335;0.9244393070454481;0.8680483645300889
0.48872396013957387;0.6290869670133183;0.4619609050204113
0.1336803003505046;0.7190431746728926;0.7410936218898695
0.26260918092673535;0.5884024883841713;0.9208975008472038
0.9728169173069218;0.4138384986522188;0.5217686763924739
0.16219838104860262;0.45893402537596784;0.20512989709552165
0.5032761846396592;0.8722864799457193;0.4368658667661133
0.06662643948233504;0.4348812206523639;0.6253252840978659
0.31918655822126607;0.1657141627786678;0.11995919885693429
0.691281693215137;0.444917711366284;0.9917352580341804
0.7690956334416307;0.23545232575876884;0.10585769822879498
0.7192315379199329;0.4357859616816574;0.3761428502296025
0.527821062918358;0.06490707646887162;0.16661564349812796
0.5100852261441822;0.6978346009661044;0.7147013103422072
0.8657433816813632;0.2394971585475706;0.8078095574281017
0.6336575903659086;0.6461333188259654;0.4489474289717379
0.9198994981999817;0.17132061650128183;0.33994553020426066
0.9311251157694953;0.35961909404961756;0.907920358348129
0.5457994247988734;0.7241930684745812;0.16612024800849912
0.8682260456052662;0.37067355330446705;0.7116506425773205
0.9042046212078009;0.45045127563397436;0.8857852502892364
0.6117879252669207;0.6166073539953526;0.3520390311715529
0.12759290481178853;0.22589151458993828;0.30538789249172216
0.32294095398127687;0.5668983898647677;0.6682828671347372
0.5776506914623584;0.8765056117148934;0.8420769516009619
0.08116456771154257;0.8035120264218345;0.9681851608880904
0.6638382136941258;0.41006896109451796;0.6570051580512024
0.060034905293860574;0.9034826269570735;0.943362393142545
0.725120566540683;0.3959218850896099;0.04253887715515492
0.439245354995898;0.1535687794914028;0.7244996644011502
0.5343265770303331;0.7157279160446472;0.9940344883171387
0.4209487156842818;0.9779552151124113;0.32619437756374636
0.23437225109494642;0.6955881838657165;0.25036402461069074
0.8002307022398574;0.4920987508652701;0.3335829602531014
0.6040658433661964;0.7934017612569351;0.4819283009556703
0.661160225272766;0.0760356403355581;0.9117101690894982
0.7769815178300044;0.4235786288152754;0.15870690387843123
0.7755091863527347;0.3265992613866757;0.4234678809871335
0.4692488795584999;0.24287985877035556;0.826326805682433
0.22793762001138007;0.5477709815625647;0.0777094404881965
0.41337087960253605;0.35765165404011634;0.7758515612611209
0.15205386734554327;0.26324627189663063;0.04419978848459416
0.12669679366810482;0.40049229295236666;0.8139340544388002
0.9125282624148392;0.8878726423841472;0.010653760116950739
0.5359164094753466;0.4944637243421811;0.87105112088504
0.17103276499089115;0.9984801762779904;0.6787769424780792
0.9198624802206;0.6962670775120161;0.7159633159643177
0.2589717741106051;0.7281570428355338;0.2023126198558597
0.4384083462695798;0.43024436208684047;0.822610689153432
0.33550149533679874;0.628442277972244;0.2644957436351313
0.9291312780183298;0.9517823039191774;0.20298281376487182
0.020810414980323766;0.30124995124968523;0.7082739588130674
0.683161893613469;0.886270417292841;0.5107083119074279
0.9688503634053903;0.761925397315924;0.6430171743330866
0.368761655387705;0.9586101269624353;0.27668826920611767
0.8727968393409596;0.3083702102179844;0.9429120446280191
0.6802824322312716;0.09940999156153485;0.3857074517437361
0.7831231801783552;0.35458887855583543;0.25596847546495993
0.00917443836724563;0.3301995592638205;0.0012497314952502059
0.5949315268859435;0.157306950804884;0.3706695299116267
0.45910986322607283;0.8848289464871086;0.6128852086847487
0.3283643909860219;0.345429745891085;0.9018375328463534
0.13255127278154344;0.11354493862411963;0.805305477617894
0.542593886044956;0.10733224760001225;0.7818514291626245
0.45510364223106237;0.4239143761005745;0.18392823252610302
0.12304651035027425;0.9083781094598594;0.9604907541485992
0.5418413601478594;0.2291226735342653;0.9010761537363744
0.7647478680892152;0.7666837661695066;0.8213702873522603
0.2461400425420065;0.6651438653564852;0.1137627369877241
0.9385031460905413;0.14255733207254606;0.3668720221096269
0.054248556390622094;0.3255180771717049;0.2908709327170681
0.8699259504853211;0.8068253327041888;0.001322873618713083
0.7052540453790019;0.4949078785723293;0.7719872742477389
0.6474021784947473;0.8837487243847036;0.037394033002243754
0.421130262885831;0.12768444318122485;0.8242605686493305
0.6901969892095516;0.23328623652379066;0.5724375881562884
0.4991646011002503;0.08036098662358149;0.7615792785000051
0.28599760471777724;0.1558692682310161;0.7196719090082461
0.5531202465620421;0.31581688247462536;0.3505632958514725
0.8995596958542678;0.2297359068349153;0.3348735737946341
0.6458338957873274;0.6695288824172879;0.44276447798889507
0.31697516458387187;0.08914792409628147;0.15024732927137052
0.13688219658268586;0.6349028903441915;0.2633892973543276
0.8482902172965734;0.7656536388655845;0.3227564232337087
0.4563051696643746;0.7424671073167373;0.588088792662649
0.4768446555644298;0.594101823695983;0.13561496553819474
0.48353505111794803;0.7455569137425084;0.07318358159882044
0.7301758964588366;0.6285801616785671;0.21077649813751898
0.07566628182793156;0.11388204039438221;0.9761545620282316
0.7355442801314348;0.20054949837582026;0.3392659821842967
0.4587210508894165;0.4586801312190102;0.1323362347558864
0.8662339005769919;0.03960956262456006;0.1768697748430007
0.3902107608469948;0.12834951318076937;0.6580560609540198
0.2918110879469801;0.3500382119101524;0.729141904463456
0.42539392519560204;0.9925330360291068;0.5694697689969193
0.4672967821439421;0.42171347230828193;0.8319195530311213
0.8740667419087937;0.7510787964701007;0.8679498545653316
0.8628554240715339;0.2159894992700615;0.7515020959495995
0.8042326382909307;0.03129212452188812;0.7807827472777658
0.8923701212290323;0.7753367966206686;0.9024361505496533
0.8271811992342002;0.9135602185838877;0.7825021443902032
0.8420326241358937;0.6936934695203308;0.7997684811448025
0.5890601502569409;0.9944514158213437;0.18226585184163935
0.5032496725020397;0.7581503880386863;0.024830703234923646
0.8648638622936553;0.5088031456029468;0.6288241799651629
0.18325504104053925;0.6820984534256032;0.38164728494459954
0.46456416595112515;0.44690694878086556;0.33623660170527914
0.2573803615990462;0.3745013910585485;0.18740238073861815
0.6637910814191518;0.9771767211640036;0.34308621268053074
0.8124556604184054;0.09833964927276495;0.8142290434941015
0.5666941783671242;0.96928098901809;0.10171746279897464
0.2513796788825723;0.32657383872984547;0.38292219310036635
0.08083037998960085;0.14721326384704903;0.5134988823251175
0.7746997980180594;0.06379531423099938;0.8988090396109294
0.9358493735604196;0.504947873765574;0.6054424064194608
0.5570755285059441;0.9617219231675385;0.9727668608262668
0.6612732470861901;0.3140169263031074;0.1071245159869082
0.8086688618497022;0.5357817548969798;0.25943203244744817
0.5909815546354066;0.8413016392211707;0.376711016865783
0.16098055318498294;0.4115974013704021;0.3377692623119072
0.16812968186662935;0.6845754652411888;0.09189719458363743
0.36892246296108533;0.9202840188497446;0.38060403411970156
0.31578380829562913;0.8430191339240494;0.34129732866033324
0.3942171874750353;0.15335515030956248;0.2993011750849629
0.4237346476776682;0.4306441412572062;0.5158565560897626
0.42740760633217967;0.536806468827421;0.7998673797214267
0.4226736404285206;0.3746138057849694;0.2819338613521367
0.7367429437345997;0.3065681072188714;0.025527177882282315
0.7534344954406333;0.15795145337854355;0.27452448588134726
0.9268997539514819;0.2524520225052589;0.39516997456302616
0.06903139968400773;0.44930900245349603;0.07646115626474959
0.29916518439060236;0.22536503080777726;0.624749532166643
0.14585008949829747;0.3478672391302553;0.5410888922723261
0.22820690215529937;0.6379472398820655;0.6768724265664255
0.32627875197027645;0.4515440138986011;0.3158406968085712
0.7813904663842146;0.6516110029967432;0.8794279019546783
0.23698360044917022;0.796657797823387;0.7343286874790429
0.4690670767626617;0.403329917587393;0.18081982910044847
0.09813954985474316;0.5727581144732923;0.914437144940609
0.9972759524568685;0.9448580837619764;0.5203276400424238
0.13263854601360436;0.19385973566042347;0.04864806176939973
0.4609231353237986;0.20445412510011884;0.25490503891152927
0.08520576729740936;0.5689538268074783;0.8887867023257885
0.2842790002887503;0.9879175271214367;0.12803032825035
0.5886552545878563;0.5945109304870397;0.08115165216741183
0.7687502371237451;0.6667717991176977;0.7391334012016768
0.020770082265494483;0.12562809631413596;0.23758198581696865
0.9630534961068613;0.5354696790177181;0.452123704111006
0.8305406470727804;0.4570610444259362;0.08432359058125194
0.9594756835019442;0.5792221388832174;0.7678466489471659
0.3640297667791589;0.8631619156279791;0.29325071401138025
0.584900840226117;0.9205109994816365;0.8512656662821233
0.9206596460572708;0.7852260286576266;0.9556842550804393
0.9762472061995724;0.4428405177114004;0.9203281240937093
0.6581166193732199;0.2074726684842375;0.057870738125692545
0.3270409349839265;0.08603482818847163;0.6950097712865647
0.8777120665980466;0.8173564607523596;0.7946144331409546
0.4088754523374277;0.6262243910269073;0.34213789979448284
0.5063206526025659;0.5660567821225562;0.7380761750917497
0.38064520577460803;0.13293281853593164;0.538858051894717
0.8343747014133156;0.8946145150261057;0.6961986005064557
0.8796602665688255;0.511298463536888;0.4848811871593276
0.2912247055942704;0.9325715067539423;0.23569889140197187
0.4489723944497501;0.8645023604663717;0.6568166827917831
0.21389456813991214;0.48088763123698874;0.7727308072498292
0.6346860444276214;0.23293120164369496;0.2538167851416889
0.3963001809495501;0.8571401069089114;0.16967072242949321
0.9197539613429132;0.30107092382119083;0.8529681154702471
0.2730908055003639;0.7761800407725147;0.8383564486757411
0.6118164220120701;0.9078969880734282;0.00413705815608556
0.406116026756282;0.8809942978552308;0.9309290416370471
0.36841907359475745;0.11140473976822562;0.8888734773500021
0.4549963917874077;0.4382621662191786;0.037206514605887975
0.6441208583526647;0.15014683641840965;0.7145714145294404
0.11775267890142405;0.2167575130461491;0.7399216125521302
0.21517274817208232;0.6619332224823072;0.524718984987124
0.8433533852004343;0.0913593185385061;0.7283009608155604
0.688877527224028;0.19988902645095585;0.1331043950555535
0.5673052680433105;0.9015721098924119;0.3655983110189499
0.7634155151681563;0.10086428075729781;0.041988237703192044
0.8614938498279016;0.6522792122829097;0.7091324395214047
0.7362876269736597;0.923548012536938;0.4662289272925707
0.9935126343583242;0.20593524190040802;0.8625414833359191
0.7102093923600267;0.9275092883979754;0.6947763536840912
0.06363956755548195;0.7344856389241564;0.17937732225820802
0.353928675983024;0.7838739639906949;0.827493899058608
0.562418838852492;0.6346964202708958;0.737450874577934
0.08997837424086907;0.31652471822567985;0.06322607941087122
0.9780991260733928;0.9509267730020797;0.2614197980847558
0.15200524220039624;0.4122811695873564;0.1988896952795638
0.7985720781350688;0.01604918764240637;0.6018686579617439
0.4716001947313342;0.7658754901445568;0.7084043209798284
0.5037880611240844;0.0004227573909085791;0.5846157042238447
0.7728024870021042;0.4533934470045562;0.7350933118062396
0.7669710785979295;0.17922591674415356;0.030470245546337926
0.17328531941951386;0.6429491276698684;0.6842900333762832
0.6534440396290302;0.774847246994142;0.6854665620450519
0.22887922582424713;0.6214251623759364;0.9215134562464041
0.07333715101596217;0.830553367253393;0.404837147663897
0.9889937537727737;0.3667177624727238;0.3373835162352251
0.7341163939606815;0.721545113588108;0.8710699704799926
0.21068790626623168;0.5467671039003765;0.10522192331764846
0.524807127317433;0.1348239890548607;0.5179982031854276
0.06946918593245566;0.5333410429175774;0.03080051907632486
0.8768831330831136;0.12190213611824074;0.40861123013891587
0.18201236489227712;0.19164878647421157;0.7914282401577809
0.13884081442098872;0.7583981949279772;0.6157048320877155
0.9924023953988104;0.40955745452392933;0.4534954481375859
0.7658570111731731;0.6933251021940376;0.10099213620929348
0.38350813585474;0.2788303044232232;0.9199956837291786
0.6953439666519967;0.14520144223515163;0.00041206609926947024
0.14997355913058474;0.5558438410376257;0.19353571458074892
0.8391430628016053;0.4300760771289248;0.40526132057236586
0.3551259800772991;0.41927192760392973;0.7190279373878028
0.15400130753243846;0.22238857181863458;0.6079121435364179
0.6335601570528164;0.480309704154985;0.7431705539793182
0.2732362607529507;0.7663408845845415;0.4493852239075399
0.7392189717193106;0.23411419428323532;0.705004430682163
0.5199014046298472;0.12244651560007846;0.11669759231025234
0.41696376536269597;0.03117708257014562;0.46090923847711396
0.12186506514214801;0.18844654391815718;0.9566419794664741
0.7227481309466438;0.7355912680602233;0.5406008372865709
0.8686584114889645;0.19500448379591773;0.30923498004976957
0.713313874417191;0.9915621774826634;0.06036150623760428
0.9355760276863662;0.0653312926819768;0.07311423742202616
0.28446039547766133;0.4406730564667427;0.7361200624465712
0.9248669128257593;0.5116493196309102;0.6933001774655423
0.23446557340676133;0.8331288435623982;0.8073458043459212
0.969522891237775;0.6966632780502249;0.8832910674990962
0.6483992591516315;0.7711569922573973;0.2738343558885644
0.21703552748289;0.40158354336193414;0.24909186032834596
0.7700807278821277;0.007628151909774061;0.6177767111941856
0.8243516601104306;0.38943853891805646;0.43137100573879683
0.4133262575528375;0.7657903367075743;0.6057649332336666
0.34360743506264413;0.8585517931904438;0.22083644665559665
0.29541442694087816;0.05130980713644029;0.23435767861262868
0.9427934540146504;0.6563283051478589;0.049768084835544624
0.06332563508287503;0.4714745232468741;0.605009734122836
0.43875617476003204;0.2437034700198456;0.001942386901995663
0.7625133416064136;0.6526401478585807;0.36197586908126844
0.17831668135039802;0.9661379445738401;0.6216612808438396
0.9775165079236882;0.5887136565559592;0.4184897755273388
0.6816498378899383;0.5487763012088492;0.6278929388012862
0.559888248708035;0.6370079887787938;0.8656715927392313
0.7070440850045521;0.3237900771049602;0.35277196491168483
0.5272240776367558;0.5130732510185424;0.5448896943062415
0.5432092399954421;0.7002037239302982;0.37685307058429496
0.15319777443486937;0.36322015076024605;0.6780660398253908
0.6892744228707504;0.40476024126238497;0.4941478572745278
0.5464319900666887;0.9100049860721794;0.06694897931935995
0.19250210353976605;0.9016875808235518;0.36029918676722184
0.703449298573426;0.9056874038265662;0.03842587256085028
0.830482209396649;0.6169801956839527;0.7589404216878738
0.000961046253222575;0.7046981261152397;0.31412565317291397
0.9785621976612877;0.95630979339446;0.5495918420882175
0.3163135452730218;0.20441185082826008;0.18015332496950143
0.4644684189865783;0.2666924196279332;0.43158556575106233
0.45570691412903874;0.8004194431433466;0.493286976102725
0.8800247765723851;0.7548964353237619;0.7025870392981959
0.61947290974306;0.9660339696580819;0.22237139220652147
0.24402405543552175;0.7301012742586095;0.7873080763363076
0.3231612703532013;0.16152797186393597;0.691530966947648
0.8007385126590869;0.6331032616858373;0.5412723357500854
0.2809540738933426;0.6293849448931585;0.09291405379209183
0.15248066305109542;0.6050526332420372;0.5146769555588641
0.790048668865537;0.9621054554799929;0.28386480720201246
0.5586854366010613;0.9546000844501442;0.24745623161794006
0.7042260524684666;0.5562688840324355;0.46351587994758703
0.9803138939904747;0.48775070583753244;0.16754133684950634
0.1321075482710633;0.5960687806961151;0.4582311767572229
0.14403043397485105;0.8321380874637849;0.32394744557303634
0.5189104539828934;0.883170283933674;0.039621159740562906
0.5083667074731533;0.19766068310887763;0.7585348849387248
0.2025116050965744;0.9719299342895715;0.5355533653956954
0.14312578728347625;0.6733723967801105;0.8032422670238694
0.25626985728572826;0.7039632981205237;0.872392306872225
0.5953111277069855;0.3775126177231204;0.5779300439526053
0.27822704006033705;0.7077775728499704;0.06209769423095812
0.6087822194214757;0.8817425678525501;0.31413091394139214
0.7335022883992507;0.13449814436752872;0.327697440178358
0.9392357606884694;0.34505994242151594;0.7492208016747384
0.33766930044958954;0.5472168472887595;0.7212942412369316
0.6462562879067824;0.5471368541200864;0.6989621057093018
0.44219914929541737;0.7738036728948454;0.22723196693243086
0.6482720636168449;0.0832278311733281;0.41452034181233643
0.5563015831470884;0.9241834466921677;0.30889761846818053
0.540329383046456;0.7043810540126191;0.8352422027243463
0.5709532522740243;0.8637193949112966;0.4124320950980227
0.036364125054081375;0.5210425162654276;0.735972128571752
0.06306268975733531;0.05961605590861041;0.28275311711018813
0.6820249761397154;0.5024025331269506;0.27132721206862565
0.43866609191735806;0.21822136590175945;0.6614556073034598
0.7571590548396839;0.365509239971034;0.5805571644870741
0.2817945619499329;0.3166073448752684;0.49104373805635737
0.7162423681875855;0.31934261854977586;0.19725422321920583
0.6974933423931509;0.2721363043245295;0.3297988657062396
0.13121123900861376;0.429825179741553;0.07834774682755952
0.32425844805711823;0.4162089404615119;0.7903372179647136
0.40640034229101374;0.9494095257687768;0.5317995692919845
0.7347171924006614;0.013547426566587695;0.549099921991791
0.21058137342879613;0.8771392080108057;0.4000196169049255
0.7734728504812117;0.49427632445801406;0.30059504883065047
0.13532630317583616;0.5352850843010197;0.05104140664637502
0.2807084503988295;0.7733394497340101;0.5766604189932679
0.291661833099256;0.10226878720406585;0.8487509579853684
0.023902051629007603;0.44912385613837746;0.9836925467669356
0.13451769355928223;0.11532077777995786;0.2747342291539496
0.05528851358907372;0.4975381978534419;0.45608604621689297
0.674229630759574;0.5267048456628675;0.6061456997562297
0.017030360445785542;0.5764020149709864;0.19757558776794215
0.9576921787005119;0.33697892080685055;0.48310758103266127
0.7427183057416985;0.15768167677347167;0.8217063132333595
0.531072066471435;0.9834758098961542;0.10446421823837004
0.07107653920581081;0.2834916756355188;0.036082842581681596
0.09614976482788029;0.5024151539399582;0.23885049029182348
0.23349005872393036;0.12862127775710297;0.2499420133103295
0.5715065810540476;0.5144216845185147;0.044428950146125246
0.5114905420226201;0.09535190156638307;0.18787017574615394
0.3324413218647938;0.3255788012168357;0.507427835380588
0.9175182394773043;0.036316013248321455;0.4819210425655083
0.7370214123228513;0.9549643837474073;0.15679380750657435
0.733984373478886;0.22514454354456104;0.12905533114604506
0.7768866732183137;0.9172191365571218;0.749178711158432
0.5047879565225217;0.3332724181382397;0.4527418787756621
0.6163850099842126;0.4722953284559056;0.16616042906734418
0.6446645854883313;0.30597859942336203;0.006468510865257016
0.852612520703034;0.564422163358106;0.7332815870548399
0.2544993207851639;0.17512301504088368;0.2341482625707696
0.4027906625834857;0.0437925851864468;0.28672933614550344
0.38747427907366705;0.37407746018832044;0.1085578795706561
0.898772872404027;0.9935497118235289;0.09000711958530161
0.4090586061050052;0.8704894189620168;0.7448385960834634
0.2862985509458611;0.5326357601527911;0.7481192259362214
0.5101777685619894;0.275806698919729;0.6206753268174895
0.8189281712095751;0.8984353431698808;0.45927669127522586
0.007883907820190772;0.2881534540888543;0.6486656192539528
0.4396841086924792;0.3590758413352413;0.8558898539612458
0.22500716623922268;0.6578065590072066;0.05936903695991247
0.88293048120669;0.8098817791293512;0.6411585723851841
0.3056078131296931;0.3665396023068289;0.18626341586533168
0.24286220173786655;0.3991367456277486;0.8351373389079858
0.7462485151388877;0.09516798080280331;0.8417063025140185
0.9012136798660266;0.013876800448919702;0.31615861822909586
0.25736103279418054;0.8391547126976313;0.20485772014786974
0.08023096845471533;0.8001517335084918;0.32822400775415783
0.4342752018078301;0.6206636335818597;0.20352339693563737
0.397177980569164;0.6384612459090775;0.1810746823523498
0.5089026922333261;0.0363427297405956;0.27532310381504577
0.07240317654639006;0.9404464667501091;0.08270044170038648
0.49907468561486557;0.9008991685588622;0.44736386375784765
0.24180132522450182;0.8641950206181483;0.6301721417029589
0.8588780821443629;0.37779657356679086;0.6616950057506229
0.9439951785975266;0.5504454076165787;0.8669115708358917
0.5849619976452635;0.05707587051510876;0.4789966748315727
0.3136920607534478;0.08326162707555451;0.9227744619080086
0.8040337104440181;0.3793020629222049;0.12225176665733994
0.77915674849619;0.08677862317193918;0.6156847068476127
0.4615120216775277;0.8314440214712656;0.8908998218249419
0.6591704843184333;0.1506200908521057;0.31112918037324855
0.9241388885341306;0.4880199572235848;0.35096498841480206
0.12239848390168784;0.4259942678700849;0.5534952972576127
0.7446439814986602;0.2397777619189041;0.8658028939188973
0.15290951728969715;0.655243073323827;0.9624073254155852
0.42480110942300975;0.5495380013135897;0.7302284204874279
0.05754367806796923;0.6162351655249775;0.008726211146780516
0.5791401289210871;0.27964513465837504;0.543886706926211
0.9559397733937136;0.731829807871052;0.3806344452912228
0.2957915217587629;0.48966957688024315;0.45690133269254407
0.36485356020478343;0.5478039312284065;0.5749364900044848
0.8433540493987491;0.04837126588191765;0.3083215130428383
0.4713122938979295;0.2652005457465031;0.515503605705639
0.23383308554165783;0.9182017293985901;0.09054164935424724
0.5280112046058387;0.11061732541380442;0.6240657193173621
0.4633886179818191;0.5846259575923498;0.22641219318308348
0.13741388274153932;0.08991627619346676;0.6129311215297513
0.16965354945357125;0.13969382088755966;0.4035324291515393
0.6672760724381728;0.8606213666911311;0.39324061262444043
0.006085158076226449;0.8027266702741673;0.2796131938178581
0.6584588252538464;0.7251469036669973;0.4461426296946227
0.4226024932265675;0.9480569669681163;0.20580217467394413
0.4779229151055191;0.7157275412379329;0.4430764065664671
0.06698775611544816;0.0019526453060123572;0.38379082412453336
0.12716602779312725;0.9610201192429064;0.7918737815853281
0.050471081201620804;0.4415161877507038;0.352869941252847
0.8992070810471284;0.5802760576615674;0.9463408325940884
0.3373278500836464;0.10474046913513213;0.17704016977730264
0.3167128920937684;0.2585952826680594;0.4051687957357287
0.9521787727755529;0.14051877385451916;0.23105360671054875
0.06984384470082639;0.7398515833603426;0.6868090731375717
0.8536820597554502;0.38604426813636594;0.9942900958805143
0.5631678970274563;0.0031924582199649443;0.7652956124760429
0.7776031191116668;0.044099299361176514;0.7604507905783217
0.009915685449154554;0.5283078369890779;0.28815740396287837
0.0278066678038581;0.8908733862713563;0.6283494172166822
0.5811784527693291;0.6327726350385002;0.20843790635706005
0.9161775062303392;0.5473348284522314;0.05256985847002282
0.7464048324767693;0.07215878620106442;0.8104147258531232
0.5866382376805306;0.8242139002958325;0.8224794730573586
0.6297973858434155;0.4258003482346183;0.3446931863345819
0.1065717901634935;0.9553666231957965;0.2118644851475322
0.7223019700583747;0.9481018838814356;0.7455244017162072
0.8362096662364713;0.08587158790989724;0.14256224337484047
0.7279208274696863;0.42262404198562975;0.8929284840523258
0.009136821179463461;0.48201554301190175;0.6004250907862986
0.8198298007019255;0.5530556959052327;0.8839158777716559
0.7877506444111566;0.2952265296978802;0.8862221762571274
0.2607685586451365;0.344385993204243;0.9206364122252602
0.941051328722855;0.5338991389032531;0.38676107428791084
0.8163852616986853;0.6061348483692629;0.14459691621010662
0.14548302460789253;0.2034465237577503;0.24934192904920838
0.7057363781280498;0.3817412446466335;0.1741466034440019
0.09531625393624998;0.14766152600368787;0.6322797085567902
0.3412872994593452;0.8092644754316878;0.564902261941463
0.8534879713019865;0.457066718893003;0.9117651894899247
0.9124966228368953;0.5083592411309764;0.012111971971386581
0.6656083880167436;0.07968788057916198;0.6579440255136065
0.7238100560103228;0.18010484986707143;0.7168024088494507
0.8504921882150704;0.37959850414090623;0.26576260510134486
0.5338001314315263;0.3603336390487607;0.379177774292734
0.8161767923075545;0.38587520066688985;0.614027253454929
0.1502538740333701;0.9316827724770955;0.9476851324864727
0.2312886668595282;0.05399758740490257;0.8905129503030883
0.9773586373765949;0.37184489342347715;0.7984021416451288
0.2869980060359959;0.8090050704998568;0.1260892352690216
0.34006178892321137;0.38815636791636354;0.27642079445776224
0.1636507071776011;0.8881126320714112;0.44280896458284613
0.3809431987357308;0.05626972752492809;0.9608863861740502
0.7895656585517831;0.617184975006866;0.5700041742844673
0.2617352822709357;0.47589979281821737;0.7198085047159842
0.6640819913491957;0.47015971974875126;0.5448173190792078
0.06513684524782704;0.2406095911022491;0.7182354441951142
0.09468651573097775;0.2729007543796914;0.790801259181591
0.7271554085384637;0.02845920655553169;0.8331277628349238
0.3189561032473478;0.006431559402383935;0.8890302927075141
0.37566069454360196;0.9992945386203055;0.3677679352199199
0.6593356231812182;0.06239089196236047;0.6231235723983901
0.17315055815566172;0.06169886509774325;0.5959950997284041
0.9175737788474361;0.78666760332511;0.31428093906406995
0.7415827800227923;0.7514114459355203;0.852958069787567
0.9647784354787831;0.01563484378717761;0.9974241603268725
0.12476339712904949;0.9944016468261911;0.6457813760470531
0.5843244203856195;0.05010732017056174;0.4661015524075214
0.43007704901277144;0.47257460106957294;0.8455322925160923
0.23513851013141585;0.5477060443921796;0.0694957939706129
0.8521570871294472;0.006019905102095713;0.9630139433706759
0.2875309142144066;0.6311794827718883;0.8947610767944609
0.37922202516367876;0.5426414935385279;0.829156211016625
0.4425421049196957;0.43744977878243263;0.38958365976322196
0.41861422551916483;0.02483625411171997;0.4357229059782336
0.3180084242270379;0.6268501457152299;0.009260592731667905
0.9489302008074617;0.11217211113294545;0.44184246670063065
0.9697796497676856;0.16393699089659197;0.45050162633188784
0.5497453479468011;0.15237741970191632;0.3990716008713445
0.2173076350212686;0.42345189560798924;0.747339714059752
0.3122655929276975;0.8088625563866391;0.1662613987041227
0.4661411425578059;0.8281079580293101;0.10568864934083122
0.48727522740170326;0.3425559628293081;0.19435005029322883
0.6290487472435242;0.9871761772525365;0.14791536298052854
0.69997976436115;0.4218094756693347;0.26818770181194584
0.7497001904730555;0.33900811769309125;0.5056455642710939
0.13449148149636025;0.8640913382782881;0.7616396391420902
0.2805385171793896;0.989525537348188;0.2225394483238703
0.2755732554903416;0.03824055209910904;0.37664776237510944
0.33642720767548784;0.943040052548108;0.0033275374330890006
0.8963854743676207;0.5987304355887557;0.3394943890388207
0.49321145808175126;0.9316385831524255;0.7360164585445829
0.522856652477706;0.12778374401789716;0.7822385107314668
0.4449205912171792;0.5248973411747403;0.2729318217294334
0.10589146770540381;0.5499551336824864;0.5301902055475858
0.960989724238177;0.19697438578313953;0.6224490641946632
0.741952968307521;0.05540528069576256;0.2698153889861381
0.17834625149893202;0.4000580832910683;0.444276999027187
0.8879883033759938;0.42071916879328997;0.27072902187739234
0.3971249770117039;0.11992975717934484;0.35450842632375235
0.37960035213298626;0.032269460789443816;0.9010576557092007
0.11037812814645498;0.4455558138461023;0.7411867531081738
0.793220998545433;0.27146810269014654;0.7225783127015221
0.27679451682813894;0.63043566211651;0.0041944392549685405
0.7130949292310317;0.1458753782137059;0.5028108178973153
0.371922127203557;0.045871215844749735;0.11564128963856868
0.5781242656767243;0.36515373365866177;0.18914596081068213
0.670112642887063;0.09388483022421856;0.7300832872464534
0.8311743766932911;0.03872632106500096;0.06273541018622963
0.40538129954801394;0.9005801773520554;0.9553657092972486
0.6659295749062132;0.9921517742481282;0.6695426668017632
0.16597742098511314;0.340476716811436;0.08807417830108322
0.721109223323354;0.14080630021280727;0.037984293483682596
0.21509418214307607;0.15556874700840573;0.7302599006088453
0.8212243599175081;0.004092607339067467;0.8135444276200187
0.16678771079656718;0.674271266706715;0.4205901213795027
0.36214347291733473;0.10879919810570138;0.7996742990328118
0.9819205797333231;0.34946980235335323;0.2675999505540039
0.2381100804532148;0.6591961079228558;0.38983628643661494
0.5727493144329656;0.860130667918881;0.4785271266256894
0.11888687396995468;0.41268259500445603;0.7005776332813172
0.02051941585206496;0.9331879196130359;0.8692422116154783
0.494647387501852;0.6249242876991593;0.8093986466503792
0.3786145393392937;0.7970178763236572;0.2543459858866717
0.5646532893400732;0.13418221725143809;0.6016510122562434
0.30078669789327506;0.4011342658405035;0.7114584010752222
0.8658072227053675;0.8273656324046381;0.3289524413912076
0.9161390349325772;0.12296516492146181;0.015110293149486087
0.22227342721491983;0.07040873477751186;0.45773558373883083
0.4798671017856293;0.621917141783287;0.9097517361371514
0.7252608208277932;0.16272766934259242;0.61252959586987
0.644873589081408;0.4391133508606395;0.4961189093943449
0.43873079327512354;0.5662744436067846;0.16522524935009952
0.09110126615549241;0.7769704228797017;0.4833580767063015
0.29698351981188154;0.8088070016438174;0.341961645509526
0.45980519193819847;0.06574224650913152;0.8383308032632708
0.21459511263950182;0.23457902639946693;0.7921528379858811
0.4629552107464684;0.40473413938189473;0.3819932690489939
0.2587495972072411;0.5729028059313966;0.4623705056030982
0.1930165327158856;0.8652082331994865;0.24723442266860607
0.04458621521456296;0.6824854593800617;0.7226936707117951
0.10796755129656344;0.694311694474337;0.5882851545192774
0.31096853456810314;0.85209176293413;0.8186426930327142
0.6087295027158334;0.1020381791201419;0.6946028627524655
0.9053383920930042;0.4142396347948186;0.7078213164773764
0.35551038826990866;0.13595896279346875;0.4382975039464184
0.9167393539013061;0.38786133913063214;0.02843418701260192
0.10649106237633987;0.9654456370038935;0.629845683744046
0.7311181671129757;0.44362215019877504;0.6040660444747556
0.05096387011579695;0.4926610747515494;0.10903273729479646
0.3747508422176913;0.7660942080121927;0.28590776593543754
0.2077954901404796;0.2721289621943066;0.5099902070484014
0.8272769368596882;0.9893316502830897;0.30552476767783654
0.0026247186292222002;0.47926367842063866;0.8215447095809842
0.8266250599427717;0.8944285895635968;0.5779503965066872
0.2338848045386689;0.9500826861668482;0.8597963743560167
0.8246340093364632;0.539614063298307;0.9461447932959229
0.712188637009069;0.48614274472591357;0.5522257885905059
0.1486533822035906;0.6794282943833846;0.27270603187626863
0.8636418470222222;0.8491556191986865;0.44322726518278976
0.4000595991909348;0.9235348311892279;0.4957063175877938
0.4544004435411547;0.3805098122615692;0.359956377630409
0.8842916784730971;0.3496202759070376;0.7794120870475201
0.12000394059640451;0.5998836968745029;0.48505578700180896
0.6305092392783103;0.9979703337266352;0.6975773231303177
0.33365188679081237;0.5315110209145025;0.4008758725598719
0.1646177583927252;0.6012852885834687;0.2994961056275731
0.5975274191742544;0.9594211633342791;0.9103684577357588
0.4803011013641335;0.7875867980666927;0.7816857546996607
0.1278206837240785;0.9375615081555041;0.6129883154162626
0.9746868279577513;0.9738337908686535;0.5770249594169624
0.23933385655681438;0.616137409574562;0.4093731885367352
0.17340869219557753;0.670839162292396;0.7423969486933376
0.5608430407144419;0.7279995910940208;0.052002264791934705
0.45450409078724274;0.8346318737769565;0.5061621208348891
0.3748058174837896;0.883630836016799;0.6908139768388136
0.20778665557659448;0.6801692043718166;0.8260288051638249
0.05355581341439086;0.9982606145527464;0.4344288473456991
0.21519271923516636;0.5886022757841118;0.2784290468699232
0.08267563879985285;0.1528733272809194;0.9873298304718346
0.4329796315889739;0.40142024158650325;0.5058898083825867
0.5717920434423188;0.8789440942303929;0.09175936119025452
0.3576647403334344;0.2705147451613815;0.054164601326402884
0.06412246423285917;0.14069877952537202;0.03582892917686309
0.044446312327185766;0.6158938364003693;0.9473033147929684
0.145840195840237;0.2195870744942663;0.611999075249108
0.3389422947326517;0.5721598556427402;0.39720042128152
0.7099941384535713;0.9387519535107919;0.810418443463967
0.5398160078566172;0.5814325552510663;0.36918591223778763
0.8912517840995845;0.9853245789759537;0.6822921739049654
0.7205702780295591;0.44003924276006756;0.5707208174352093
0.8557774946094676;0.5334928892159502;0.8900302193606899
0.8496458806773115;0.2195592164435306;0.2334150589027787
0.6483620334809284;0.21641231451353415;0.24791935625152905
0.6799385327219288;0.5521587009070077;0.9236947469403766
0.8768019864696995;0.42193620436632306;0.5693888583180378
0.3996239793314572;0.8645873695948549;0.7109300126200301
0.8802993426373685;0.0015691572674905174;0.3758347837038345
0.016298033238117515;0.1988324225620901;0.514265409275331
0.9146422454576898;0.37305455229239104;0.5585943229670692
0.014679948862213243;0.5777444398976544;0.9195344796980116
0.6766659404930163;0.0018242252525694225;0.10611719947427634
0.3533082190047211;0.2507928190139399;0.2063885617654977
0.6702350148414379;0.5080946851318906;0.02983618400779786
0.9946081614274302;0.46352582855755364;0.9727383731831857
0.12678316406887902;0.9229665975076828;0.18026585844719878
0.09443398697313954;0.7707957055713307;0.6594507654414232
0.8007358225489027;0.561432906712725;0.2430771649532546
0.16758811289155928;0.72026481940069;0.3838841746277386
0.3520786659291333;0.4563127968748053;0.927682624807964
0.3537557057272034;0.11382039104349906;0.557339276206425
0.4362637316194957;0.21028970401559455;0.26410346889316116
0.9735587363061206;0.5744133208047374;0.4879087559411224
0.8495811499387694;0.5581459037430079;0.47351063578124497
0.9073781465181028;0.8346298005349936;0.4310850136719163
0.7312305632859295;0.747493323963285;0.3819876668189839
0.5818682856376312;0.25341488821683;0.3580354872167131
0.05154159845250894;0.8497992678389409;0.48692153757495327
0.9046296667624744;0.4778729806652051;0.8615894539382177
0.017603850287814637;0.12892889406053132;0.8612646357824661
0.3891297009221052;0.5089648185339037;0.6924613355519675
0.017558882391956798;0.5476302518401567;0.2601446751711093
0.5997455976263125;0.7466148330980531;0.496255734170867
0.6627704761129192;0.5039126017149229;0.3585066681022352
0.9845811448354451;0.8890495483787332;0.2801826666887812
0.6781598951519734;0.8373802089452724;0.5444594896858234
0.5881398506287029;0.7391857059811282;0.9321546043870576
0.8740518429392196;0.7621461983496406;0.25686021330043596
0.006064870993737093;0.25671895007563084;0.6799026311149555
0.5093976838628561;0.8027958432937821;0.3005683015230466
0.7040159020651247;0.752873797131508;0.15707235991568158
0.9510487149826201;0.29726729588120515;0.7101629922920301
0.37505447913490586;0.9465557342568713;0.6587015939095944
0.21288657224928154;0.8318535149065492;0.24874194799883065
0.24734660663538222;0.255438986051571;0.21903163653889024
0.34962263954405925;0.8190627066408999;0.36239041355872537
0.4664835173441413;0.9600345543521768;0.11587435296166781
0.4244811294870733;0.8468044407797454;0.17429095562556352
0.08235862373124192;0.9689226979069583;0.9184257514745011
0.9177556356780832;0.24938998181615157;0.931953150906366
0.22451768592148214;0.15587978408914527;0.7907240475503046
0.24657075843738085;0.8441582485225991;0.8259945740870372
0.341115894244427;0.8268263524092271;0.9023027802383203
0.6698176036771072;0.006847237108600468;0.6690547671824825
0.135612835885082;0.005295775145488069;0.0818130535210645
0.7314840844689315;0.7549668644485862;0.7237195393659525
0.42003612181821026;0.3077981201329144;0.9272855955589508
0.10843776882535305;0.36060552707464766;0.1615457059735137
0.5216978995176698;0.3290469013976509;0.2252390945684113
0.41634909964267497;0.8939764375942455;0.01860074921894872
0.9741618215034848;0.6984264218095265;0.12521302370259213
0.35546529363614043;0.34388084370839567;0.15330157390713106
0.6896543690383135;0.7003936140625124;0.4649464149676015
0.00683980900716763;0.656508914275777;0.7953709467516028
0.1055475798318598;0.604141723856101;0.3638079929097582
0.19395145535303693;0.4029792001464544;0.3029725472205974
0.0815946755943705;0.4831668400369723;0.0275417366375591
0.9174006136352959;0.20276653048028803;0.42335729343432027
0.414111052903103;0.7416525228280302;0.9094122237430803
0.7034910271586202;0.04973220687383351;0.7367314998135371
0.30875289330975164;0.5809419670828964;0.9657182102937373
0.9880460062184308;0.8569505247880507;0.7573512854604958
0.23414014782387138;0.5563059625576954;0.09739421063782683
0.9572530713961567;0.2017466763624336;0.36304344896813046
0.38770418014541963;0.8523689615731246;0.12912329935389288
0.8771363552129039;0.4288900517538393;0.5180385722685519
0.12434344764766392;0.7054733530299423;0.3126843794656212
0.5063802520131979;0.9376875953220779;0.925548443745209
0.0824888294864371;0.30713424908147047;0.4260281422897332
0.03309595298202517;0.4692075269295003;0.5638131234682343
0.1436980355801979;0.8107913259347154;0.8751276243873967
0.07655003285011752;0.30650591010116457;0.973875894569572
0.6953189927892658;0.38701883918963753;0.3125313224566162
0.5811691831512823;0.6071947247922997;0.24947396761019314
0.5363200301175362;0.7810675179492725;0.5101724162093837
0.4225381088839162;0.4989051257443702;0.692807476284981
0.4894647445571394;0.021367326523992536;0.19621328537197402
0.22579713604646945;0.6320878457026605;0.03687036207021921
0.18975930796288332;0.03161848711439208;0.6020072933827815
0.6048660569887866;0.08878374425759239;0.17872467883997367
0.05125129370081194;0.21173047637119868;0.31349196278720437
0.20900808488231581;0.7119618673664134;0.11956829222044796
0.3421790578034357;0.2290778839576777;0.6949427392031979
0.05391953343273903;0.8735313598845933;0.32976988544636043
0.605668133279226;0.9987478844092584;0.5205873928170902
0.4557266583849138;0.28101226408901947;0.1445257699715543
0.01580604243249195;0.7324086320852918;0.01579193535565071
0.955168073934478;0.3039650915376805;0.8375939295898922
0.591536163663993;0.5241656408610604;0.9982368250267049
0.010593193861453964;0.7741442177758987;0.46596185937094714
0.30989239810152025;0.2757718945980717;0.7719416768723558
0.954006942154351;0.4544802987207214;0.9941057925615385
0.08555843644111683;0.7922355933574051;0.3453527662863555
0.3230102086370982;0.18887821729073373;0.5103119008510381
0.28995729842385753;0.2205422572464285;0.9758504694694531
0.6725762825302227;0.8222206530825594;0.9150925180470901
0.11222709094162242;0.34916915297453877;0.9346816495630572
0.0577355300921516;0.32945720234559195;0.7798623128924532
0.28569906348893037;0.3663001816553988;0.661518345698528
0.0017844704663556588;0.6973313746984731;0.5639365818099914
0.4483325242514635;0.08886251428254022;0.39594811014579967
0.06571366039712423;0.2666007836414448;0.9426984616486079
0.15194366578222296;0.9243640774843763;0.2440439147143164
0.15304577611610504;0.25060524620597735;0.2703212537718268
0.1327414798952462;0.7847362517138239;0.32025208118814275
0.803998402912285;0.32552871686674945;0.9139996276021276
0.12281373402379125;0.9158187904262367;0.38771694546574265
0.6420932657839679;0.46832776083215777;0.6991493353403968
0.6941200873984139;0.3587170001823575;0.2723859933664099
0.18451409237004956;0.8243330616491151;0.3405184170526814
0.5321189768304054;0.3629245557529377;0.3683663963755356
0.14200481249339714;0.26940469275653534;0.20845002048504246
0.683155185741311;0.20259702233044508;0.8595340103057849
0.3073240138164808;0.8135072145360663;0.6946204438421494
0.8087025183402973;0.7880976016350693;0.6317316408432356
0.3006357270767569;0.9607355408280979;0.042789851398510326
0.9406007823424265;0.9111705460433855;0.24722694145653124
0.32065020683043144;0.061822984204004006;0.7270008876682413
0.6031577020005138;0.3301147933433034;0.7862532064691766
0.010352357184685634;0.2557297359353844;0.2460850548815584
0.04588696615214627;0.4127194312818572;0.6814858140429844
0.670979959392102;0.632457179279264;0.12326911907759974
0.02810470657562303;0.7800422274527696;0.7933389650412992
0.1521323565175997;0.6828537732510381;0.9999686179204891
0.2354656057996003;0.3381783175175487;0.43826050750321555
0.7980058144470578;0.6799544721133537;0.7874496164006162
0.04558400385597994;0.3121674356270735;0.8612443297071098
0.32464849536513585;0.40304844020915276;0.33123828996160887
0.1522206178660389;0.02825520008596294;0.005865801318349351
0.4697496600373573;0.9780169708636389;0.5910499925977253
0.027725044021287837;0.009204698754965546;0.5155761232420287
0.9369437570921854;0.4519102615734466;0.7719971847765602
0.5160158048016887;0.20527006107879675;0.5971532455289696
0.0818729698287447;0.15716490020686513;0.37178569962412744
0.8533728817982362;0.6808851844138695;0.5486438617110075
0.8456592815367234;0.739588818490079;0.779520239684042
0.3289298027528459;0.7987442659874741;0.9922429747769459
0.41182443656362955;0.2015406757566216;0.8964277846700974
0.4600347590975459;0.3407210131648003;0.2428161560636698
0.44312331207803335;0.8304849112191911;0.31576440284868934
0.1595974161598881;0.5720801940726088;0.3282681934045324
0.5233866154602619;0.4071025217049229;0.30514109927453625
0.7882733193875188;0.13441379037938594;0.1253731071975619
0.9295862590139515;0.20722953671938305;0.7560079249745719
0.8632495104670137;0.18401067278203453;0.25479477490181146
0.9790713271531305;0.5894063922441842;0.515141101450095
0.5986121014158933;0.7767287780174859;0.8622825600431377
0.45215820683884644;0.23620036244361786;0.1357514937221378
0.6043177018900591;0.3496717216331374;0.9508240132315502
0.19312517682980668;0.9410373042130155;0.897902032047463
0.19182692409291202;0.7429124213868192;0.6980011316547985
0.004039664729843628;0.11603401498442345;0.3887496944492712
0.14602144787835136;0.5714500135594123;0.12213836725431781
0.18545881812677145;0.3106966829560097;0.5482672767765474
0.41917122255600303;0.8109845515218704;0.20415188490483138
0.20565588416361047;0.6514039184586407;0.6878628466432644
0.5412729535979897;0.4886671637580252;0.9335559630751962
0.09545298648910072;0.0178182546765272;0.9103666136041659
0.7814118171968956;0.982277799296108;0.9306572453249786
0.04375292562092359;0.4827984112223165;0.844902115197363
0.01581128150898059;0.04877081602764921;0.9570729098212095
0.39904637060298487;0.30280425716536197;0.046366009694453925
0.06345487047430731;0.6895290928298695;0.0007960999738222396
0.4577987677980534;0.21553453681217238;0.5065148476609839
0.9201691668401103;0.24607038775377343;0.8543382862716693
0.20389666448974197;0.8056537729386138;0.6542692374563202
0.18680147638784617;0.3683299927134437;0.6003290830708427
0.8735908697252889;0.05915924061042366;0.7399490038177091
0.6987817965493359;0.44388098273171794;0.2331753248743743
0.08561342158399876;0.22203791882910706;0.0953764868698247
0.2740647400289453;0.13283932687404987;0.08390033612605052
0.7122952071625223;0.45186678765882027;0.37061163973588496
0.8489216369153217;0.03345682010574136;0.6064518181977093
0.7685506429011839;0.815851593209287;0.45271491294053323
0.8657542448800625;0.11606282523494083;0.2673765074048251
0.7398559635238662;0.9803892938201129;0.08472646931818406
0.6892439340262407;0.33834734100938746;0.5448849618494597
0.9779896606854309;0.35470050722738045;0.48929364271572373
0.010355069401203787;0.20422363926618814;0.3506237478479586
0.8704429156569101;0.0738127269558404;0.6615423412283051
0.10389020288340245;0.6844718233335261;0.6997269248573478
0.7342678513670555;0.4936338592221511;0.033393546154250164
0.9325764711054819;0.7942114316645608;0.29032908406449787
0.9806268692605362;0.8108440981483891;0.00983174632252981
0.8604756776380426;0.13024813542980995;0.6920063832530602
0.7413512485058591;0.7087541371699246;0.028700175161473274
0.008757001524134944;0.12633169535206978;0.5018587133780043
0.5389623831856123;0.20966453666150286;0.6854160654108147
0.41969554830200995;0.08442193592858327;0.42931571573721106
0.49713416847777825;0.7299974557126163;0.23829474840833287
0.9781458059799508;0.1996487382965263;0.3950793649961707
0.12009966652048765;0.8282197658680845;0.8410311723717675
0.19952831055205822;0.5029403344458385;0.16644816748182711
0.2916569425797384;0.2322993936585106;0.8939841646202331
0.009784628483494373;0.5579797960631558;0.9505776728740357
0.5321946841682463;0.9841870181653677;0.6077625510503932
0.458843894213835;0.7795055271393085;0.0021702208585810956
0.5085588746954655;0.49146203837091784;0.09055732562688634
0.00015608971650682424;0.19302159508366712;0.1330589797352144
0.24524800315980977;0.23351445369388035;0.24919080079501543
0.47945881825961334;0.1402974053074244;0.4125356028984466
0.015535598007831108;0.5523135896221243;0.2798673277590019
0.291205723484238;0.5106447064039672;0.7440350667799115
0.002215398337306995;0.3185733686017008;0.847445079957273
0.16853337077010289;0.9641478107156616;0.29245059216700187
0.5118212714784661;0.2112885626654124;0.9366342153858179
0.030011591068001886;0.8408155153990208;0.10305893042273917
0.43666888862112774;0.0985860974773426;0.76358211853466
0.541837941514328;0.7301588679330975;0.08471419908780475
0.6554936801036592;0.24623178510000499;0.6854041189956221
0.5276847220579501;0.8324248951076725;0.017011899220542248
0.9469289711082546;0.33317745980231583;0.21688972985157018
0.4785741328873635;0.48718340053278153;0.0703871038123971
0.738681713977351;0.6771233645791254;0.32394266855004616
0.033901868261928536;0.8661193365514178;0.3186660321719572
0.5935879772261909;0.27123610204033843;0.06118651987031476
0.6950617283609195;0.4165144803170603;0.96619596851907
0.06125998188140591;0.40077753329002597;0.5431960626762794
0.2283160835392638;0.4382908070531436;0.7581247736056471
0.13211139986997866;0.7759156615121063;0.6893229295255983
0.3035010670632554;0.9299957422604244;0.526366237252797
0.6442294504678722;0.3091751603550561;0.7922267785750008
0.9219237554283315;0.8590199379546989;0.9524756783505689
0.40113863042468656;0.31475016217269347;0.5355616577203635
0.36233842645686065;0.683852764047686;0.39929691128880906
0.7905133788102511;0.7027969886071732;0.4010944379553347
0.7856173294830735;0.8644290348620615;0.3021433887727455
0.7011645797040551;0.4090222560452905;0.05293897270216463
0.8199827583223276;0.6702744744138205;0.08422480901060758
0.18320263748939924;0.5123113592568246;0.35059270185159574
0.11492694879486598;0.8550079257799341;0.10462622560435852
0.6679020138592975;0.20888054208484597;0.7251724700237544
0.8110747390745507;0.766121885744912;0.5665714082967667
0.2337077811037469;0.3948175246509983;0.6967317187075518
0.595330729412517;0.8507917293188929;0.3704013607537954
0.6858611349716147;0.16564229060680602;0.0924717916530281
0.5221230329151473;0.41037405968661356;0.7474881896571466
0.3348012703992417;0.3650226845368445;0.3479500968345478
0.6963536385238307;0.20721582964203877;0.02490851249929893
0.9779300468399607;0.890617367153244;0.6007542276317264
0.6434302311165465;0.1133267291093526;0.12395792484651058
0.30563347634250815;0.35545706491831885;0.0312183718074327
0.2833260314410595;0.267608706372528;0.7665257833415944
0.05182710429064363;0.20260707472320527;0.6981356690044338
0.004265517860460033;0.7245559078940863;0.6105233385418894
0.7652946588993836;0.1281059616129121;0.9334370187343973
0.04852364718800084;0.6432515443309822;0.7130803922973628
0.10127807953869927;0.14273824213265274;0.4384556330355449
0.23946914681675513;0.4898449091628111;0.11113902306609713
0.7717440849119035;0.8287730657292223;0.29451352791765084
0.3577763901343678;0.9094304011089486;0.861312026008023
0.03983834927209262;0.23328308593961922;0.1805089986978915
0.15075277514460106;0.6237895163550402;0.7319746146247109
0.5339114315116505;0.7282955210727172;0.5517807348137661
0.41580959382325333;0.13527010924281535;0.7544461208994134
0.22210431967680755;0.8879519359410258;0.9208111691169591
0.10329750718229036;0.7292372155412329;0.1550662687217753
0.12164275056982088;0.9657221690649157;0.7393821728504253
0.7663600263516569;0.4351680413403506;0.561549530641963
0.38346337589402246;0.3662596140861858;0.8805571734195539
0.43692793351844195;0.48309329101651766;0.05139249994427175
0.5619510294930886;0.6675111372870927;0.3516644525111039
0.355645199789417;0.9855902202182969;0.8337682597688961
0.7075060681359371;0.5675942320883065;0.7978410071323309
0.8808629471272167;0.8443251343436072;0.2627911041533595
0.19260137215603668;0.07436967932357064;0.1286259304206281
0.6816124484686674;0.5480121462387741;0.13942273661121152
0.44543105639859426;0.3453287027260117;0.35894415208737795
0.2539173346883;0.10060217195036747;0.5050398546837349
0.7120938027681558;0.343768536738855;0.19952140996839873
0.6988267125035493;0.3687877227610348;0.7984404079654752
0.8481752161385877;0.2377539483322596;0.3076048309299855
0.04588296473549125;0.6332103096442645;0.9542339697993983
0.31734614256994553;0.26730429968436054;0.2351656479520946
0.40132732124784254;0.387106716071675;0.023800182584812646
0.8222717163161204;0.14173919871772112;0.8300951745756912
0.39759492278657405;0.7729122282170325;0.402595698627947
0.26814248165207977;0.016706597711717897;0.23766303683838252
0.8182568833980021;0.7851719760579877;0.5595776569695458
0.1790703488406401;0.8691575888227825;0.905882117082484
0.47493657500486053;0.013219699749340452;0.6611221844518838
0.5272290051700276;0.7729528599983169;0.7560905815046719
0.369255944580555;0.2766371203104673;0.1894892395100095
0.02428740603000068;0.2745527747177723;0.9928562427214215
0.5008077644327076;0.22713501872957487;0.9452636713791706
0.6096316785566458;0.7603098002759476;0.29237570251538825
0.9582680060351401;0.46228339169502664;0.15902694797116035
0.6662980706290029;0.2877146460989116;0.9948619570899897
0.6337146749006921;0.9581689984774253;0.5282611654717008
0.19514154561784602;0.6864213701211034;0.6679761645165508
0.042009705970054156;0.5457512044666167;0.04122360948772319
0.42275368924639545;0.2305227979260085;0.8113939485001295
0.6259871846796469;0.9968201987643246;0.5433144249704183
0.016971991723528923;0.7618152781312038;0.5462183015802105
0.398126073583124;0.16622040907364755;0.1391937953593212
0.1997356506199468;0.13034416411424987;0.3179975047652016
0.03098622769512871;0.40546177146718365;0.8815484206633025
0.08240532546761836;0.5815897046128529;0.33183859905784574
0.6134191809869668;0.06816077164973122;0.585594529137966
0.6131917211752165;0.4648261191930426;0.5814602679117994
0.8749657585861002;0.37011861680797975;0.9434923321825293
0.152181888576999;0.7765910563133378;0.605832811051552
0.07373970876127778;0.7000835468269158;0.7318634028645942
0.6824770238156546;0.0583766621698385;0.26975484248848625
0.41676625743476103;0.0135628144023765;0.4652322209748099
0.39803279575492834;0.977662796427484;0.04901367432407522
0.3973360596111347;0.7507048068607469;0.31995965175311203
0.16696885788553273;0.9441104388795796;0.6664542991971986
0.5083112630234848;0.07016500680100157;0.6647959221507296
0.7566851140807158;0.40655572233786585;0.4691167699163692
0.39173219732627895;0.6384664440971367;0.26636816386020423
0.8158272044834509;0.6023173823820074;0.09162780566051032
0.5217892277987835;0.915489167112766;0.5834442757635878
0.47359558371016486;0.48493936131475934;0.49637217584021265
0.2946321585329701;0.1975168530145256;0.607972815093342
0.6043769692168869;0.15849605111036624;0.9030490862154281
0.6035752778220883;0.7312099097758449;0.8024599846462613
0.23273342849227996;0.4786969616478759;0.4082705716144144
0.34329079674663576;0.5571335230780036;0.7036543151922542
0.708257475754576;0.6234473905380832;0.578725922487667
0.8486815057876388;0.15269422814111044;0.008026795188495472
0.9881275927023959;0.02760963348882506;0.9564093800377732
0.015323021405149628;0.8013598606053524;0.2974825593160645
0.24910156734395394;0.4127185558857118;0.8872814817578469
0.8971216388209851;0.7477589682238636;0.24184245904634483
0.9759561225655745;0.9460137671656595;0.72400963165293
0.3365370113018876;0.3141776798776823;0.33160064841122694
0.5049153990805345;0.9689510381288723;0.9751064859512262
0.06434500421324585;0.1186331384700402;0.5626548692457032
0.8362569661870962;0.2473036555264735;0.5919491221102526
0.00643899861265107;0.7154872875645136;0.8847148151919396
0.8267359906119924;0.5881645666366749;0.6134343725631252
0.21979921204952058;0.011823356659890094;0.049975189772940465
0.1953575729739443;0.5312367784590468;0.4244430260190305
0.8830953909860554;0.5769823612497177;0.3587103320949616
0.9311273117620792;0.38294005233281214;0.3137768231175724
0.7858253526073984;0.13223302865504216;0.5683325499350877
0.7956773105978554;0.7433743266799253;0.001829234523823775
0.9388349677499658;0.43832891467295676;0.49411846919183333
0.2128171872214416;0.1938721017707874;0.45581032880672434
0.23269862783336281;0.04816872058772015;0.8315558138808715
0.9806920152366597;0.11025116441924232;0.3576963461287711
0.43869756625149103;0.3639153531694719;0.8306768138343118
0.9222335009394456;0.10993167205677234;0.4624652158724789
0.9211095711661443;0.8717785213254321;0.7344603091491994
0.8701138118710754;0.7377311006850281;0.37452359410822034
0.5634301382143178;0.4396954405262061;0.46919787605589003
0.04731829969091983;0.5888850790753756;0.47903017425642025
0.8511038913396122;0.954234284566037;0.3178323236266267
0.6433808824930408;0.0064042673577261455;0.03917180955690802
0.9404636498457246;0.21019053512401464;0.7029761077746852
0.37404129568202527;0.11766593837279571;0.508050701043882
0.8474289538142268;0.27431962122352516;0.1617415027574416
0.6441739155316574;0.8286136175656571;0.9505032237303553
0.040612634303846096;0.527329413128118;0.8412290127863471
0.48031267563999547;0.791169083432331;0.4915393479535707
0.744577759262707;0.03724667702353779;0.23462522442514622
0.7094537773277099;0.5252281628949955;0.5999504357783576
0.7449481104935213;0.7528177800248773;0.17188428233635
0.0005612909199811389;0.7809871641588434;0.31794677440144337
0.06737057912715305;0.9787413175589016;0.08690905221677614
0.2734980343789457;0.3535077549545691;0.8932945479187999
0.16281946129798686;0.23441618561472444;0.28071677441612986
0.37043309042188877;0.6107597040324988;0.8938024137099368
0.45437844830359475;0.30710235901405625;0.7457702916353531
0.450356773586715;0.6663260178741205;0.0048499081805191135
0.5586193253791305;0.3464822257553193;0.7473173097558881
0.3980329173455014;0.29032144202176957;0.6417195929180406
0.9180538392125258;0.10371744826820473;0.6299024215908468
0.7553926640618128;0.38692833257148407;0.9279878541666176
0.7095479778313342;0.26681114844971365;0.6701434267683338
0.2564766491714855;0.14326691127486457;0.5445146524014438
0.4331980239668084;0.9783834736746857;0.876641094831757
0.08999995441697017;0.4158562421345148;0.8669632103944777
0.006191392669123608;0.45752594670905045;0.495047086660821
0.21888033592373635;0.5235373895602575;0.41073214251845547
0.651533434322075;0.3217670741616109;0.42594599380389575
0.8206550432867523;0.01293683434611903;0.31643087024501393
0.024512293828635956;0.5020627106952941;0.03519513579389011
0.05004384277903906;0.20867444304994986;0.24494240384896826
0.6537263255085443;0.6278810669643048;0.34811789897995793
0.7674585036565175;0.8874056561400149;0.4180313241138819
0.06369528365804777;0.10629699263703418;0.4504964763914576
0.9812590331134532;0.9882292883829665;0.13183007357609267
0.9785700037506002;0.8419475626421219;0.41501709521135455
0.04278170825207783;0.2039530466756373;0.22342553294805645
0.801725280917831;0.08488022259282502;0.4219762141628123
0.2087266734445321;0.18550648596181174;0.2881348065684074
0.07662106795094492;0.7135661555452906;0.0638524919031691
0.9921136897374809;0.4998352777276954;0.17673204257887487
0.5683379759793384;0.42628039384084526;0.48105265377884965
0.22394548038370032;0.9531654445104955;0.5592688098172885
0.8845584877121963;0.6731376690621566;0.7743534097392915
0.03654185093335138;0.12119384416810586;0.8271662048403746
0.826276773167779;0.3302174318474749;0.07223787050601793
0.5888458777651018;0.7781281562239107;0.8219667244042677
0.50673249694402;0.4987668479093832;0.8653778414046318
0.07825324908078635;0.8784193357874154;0.14006891460087256
0.9368735855564427;0.9285295670006998;0.5237965461730308
0.31392257947466495;0.8194772517866996;0.8826198138959493
0.5232662649710225;0.26975879295895266;0.3175807932662782
0.22667136348791894;0.35814364756792916;0.28046955096329784
0.9877430238765005;0.22460979953918614;0.7560997844784324
0.12001781454221194;0.6395689686906819;0.9232739928010456
0.13061143324033841;0.7429651721919996;0.4259443712558886
0.7804554219501483;0.024085431793742118;0.1600681859336337
0.6823084577044649;0.45672011500889365;0.7678910508395063
0.11174328745453799;0.6421002075279575;0.1623567951003443
0.7812937113603703;0.8843445024872361;0.9969421097732073
0.6098661305388029;0.5140761157804565;0.9882940706008081
0.6817009035515353;0.42453614654231997;0.028940544494610032
0.7579030228604522;0.1783933614459956;0.40495928799602177
0.14749944661378944;0.38362179575774213;0.5486929130895392
0.4183157297971851;0.6575738436051869;0.6433719533660686
0.8205852428940551;0.7474278593576587;0.6098348257869679
0.7690864193446582;0.48518191100228736;0.448375933418229
0.4102626474675768;0.12198434134637715;0.8661451073043931
0.4288617802606416;0.7700151944034451;0.6348006046848015
0.46028832394040586;0.10282454337560853;0.15524239415251473
0.7892038601994953;0.3148884238637665;0.14523836791860767
0.337040321707584;0.529700274251149;0.5652141012040436
0.6861122009638999;0.667564772223054;0.14776450325242652
