0.8325500769703693;0.012038573084064974;0.066159839653266
0.5440168797285064;0.24931873348553413;0.21403964248282925
0.07873377588122432;0.2674749838083905;0.5623988246270493
0.19768452887613908;0.5876551570377634;0.5283314647694763
0.6087169324665788;0.32319174906182935;0.8884225722411925
0.06973170077998814;0.15800484554189487;0.6941104247490135
0.3876043112227008;0.1842641614574423;0.04055628779358478
0.3086466674499464;0.10977004510220423;0.18486492073480143
0.9075482300154589;0.621496437871293;0.27487270953325726
0.17134281967180187;0.4542702499823964;0.7007698979372489
0.9558151141674126;0.05607377712339845;0.10371904982401159
0.6135423214809681;0.49388870886501146;0.7386329267094697
0.43501766715662815;0.33087300897507743;0.631819958644667
0.17545577944563595;0.6314838171345416;0.6927280317342809
0.16242860906594225;0.02637027937714098;0.2161590685668242
0.011380951866807765;0.9972366040223949;0.15115484682864588
0.7196019837866625;0.7811928184615402;0.736192062370368
0.02102091221773905;0.6107950341738276;0.8146296055044783
0.8241660225790496;0.39538792944141576;0.02230725832521885
0.8985989969083907;0.9684592500904698;0.135070390687267
0.24656485580600096;0.7418215290360414;0.2299465718835617
0.6173717525682153;0.8292195980270151;0.8153984150118798
0.31632623855488207;0.11954042197887493;0.5340471076834648
0.012231031917724122;0.25574505693395677;0.7077298566167662
0.7019133889986963;0.25369468297796527;0.10412372428186334
0.4943732649191158;0.17852754904075852;0.622790784588217
0.9532909595216996;0.22110637608978068;0.6279135414380608
0.8291268769269929;0.5987388675819661;0.7154481420725883
0.7326036432303829;0.44389845608388656;0.1384227243065691
0.5063622937200982;0.7236536657467092;0.5920077162031395
0.08880741839457651;0.17804354873721961;0.947048076529495
0.6662561888714132;0.9532244857603409;0.9460366113232517
0.23651232760351892;0.9367778464416033;0.09860478336999434
0.8657308547653789;0.866675065657257;0.509264261161733
0.34412881232108516;0.22629076218870647;0.5771078992344447
0.23878497235053653;0.5836258260108278;0.1427308225622781
0.9198730657785493;0.2057260672279042;0.5291099621869769
0.5917740119596764;0.4635670644128995;0.30551141726077813
0.6493796582964981;0.026186480291599423;0.5678686351417922
0.6414414113113974;0.35310122041994474;0.9898842663378786
0.9558168472722268;0.6025230369186676;0.8221865338639651
0.9844152124693076;0.5078799017454015;0.6559158249499986
0.4932293104598471;0.11691043747288477;0.7590078997153695
0.9910713390853517;0.06388563086763444;0.9216476224502885
0.9120282142936331;0.07158094351123256;0.928346182684819
0.28030164669295266;0.19533028272495256;0.6391059144474078
0.6251726701478828;0.6271416905076472;0.41289639499696695
0.2797855944714388;0.6605049135664818;0.5981275176930725
0.5541787312883112;0.9216269592825055;0.8181145299424057
0.21191298223582022;0.7144147282495509;0.9165733670660042
0.5445705620817098;0.0388376338603047;0.56057893595609
0.9437605057247781;0.40697220227599984;0.16769965664164055
0.9288740314989167;0.5641747557510973;0.9433598001588029
0.3623632650038614;0.5128567606852624;0.9724901797686831
0.8287526851932413;0.42969583330019145;0.5395090161527586
0.28798815984656223;0.22179765606889446;0.013375303784522452
0.6416584001793415;0.5159934256687988;0.6477228771146089
0.9900385028349619;0.3777499972561871;0.12728702962962213
0.8972309848470734;0.6682388663194558;0.39149257150862105
0.3569818638611336;0.5577244771469985;0.13242994131177366
0.5852611566983561;0.6998194124828832;0.5584947009027356
0.9721476660744229;0.30819648393325116;0.17860441761294188
0.3726264373601732;0.5864423209433484;0.9580746028697782
0.7913378859882934;0.9523076907343049;0.21501518114698392
0.7464697470782725;0.6173316034622968;0.41086355247565054
0.30978700345027055;0.816559808426417;0.16592816071573224
0.017927883942174594;0.41787513659757825;0.5472509732883595
0.42716954535918317;0.6021700439253114;0.4441099837083109
0.9597041781883066;0.8292511111197115;0.8165291301206742
0.839769959016973;0.8082763084178538;0.40022391360131404
0.7868445089882583;0.45961697432557413;0.05476573414009378
0.8026825609547681;0.3678865099060159;0.5078620260437299
0.35025007882400805;0.03405322723960402;0.4517005772042927
0.5226860756119179;0.21096800885701827;0.8033898010576221
0.08182993709602449;0.8223339727271455;0.8432327940150282
0.6456919760795251;0.6160060688966946;0.3411816023806452
0.47871663639055473;0.1286177447271396;0.6924129788698297
0.4622896263951429;0.43393020964648144;0.24456992837443914
0.2843287789789315;0.7807811316616723;0.5835240277500254
0.31037396991605515;0.9066212792882226;0.3667271709455988
0.39701915128279286;0.3373339809062874;0.9605368949892257
0.23469275241782217;0.10450959772137713;0.7708195469610375
0.23845850644213495;0.13370502809881002;0.4984495446110919
0.06568250231099104;0.31329464911342664;0.4463160140338832
0.3461017639262107;0.37489435656354686;0.8802503860810216
0.38168538834252985;0.5423514192761585;0.4366342916455831
0.4718223281129925;0.47049432336671615;0.5440423416347936
0.8423893371182118;0.7113273393856903;0.1310179886621352
0.4091308893090412;0.1778874706530712;0.8698785477521241
0.9048888688152934;0.2762640677762287;0.3495395342347247
0.36494637674983677;0.8265539260515741;0.7030472147415299
0.36327795022654497;0.21590373952825292;0.640070571606433
0.21684547600398318;0.13559766972081366;0.14560660159071803
0.7578983069390005;0.5260361668653878;0.5468625868677826
0.2791526501839906;0.9278159910472245;0.23525011698982423
0.3869059651948147;0.5000357868314801;0.35925589981883765
0.2290259073578852;0.9227596594512638;0.6446583894617619
0.0524358535570858;0.19325960974800915;0.6637350868383014
0.7137862030416815;0.7371563682727061;0.04956833089475221
0.2515127377230154;0.0011864058015420564;0.9776887779133229
0.3173208018956779;0.14836894245137666;0.518411549389073
0.24141094171222077;0.8689314694364783;0.9055466216181097
0.9546188326050687;0.2864839767073545;0.8584679532083014
0.591986006491528;0.2906499105137864;0.5056339668009582
0.43154631814195077;0.06892593598467078;0.943267717535568
0.5646911858397159;0.7673308156442539;0.17101571373259672
0.2816964332484483;0.809522908454261;0.8171375227708181
0.8914338786170544;0.8298210682280893;0.26291314680050026
0.24081026583197085;0.3716139262305309;0.5526860562396033
0.2388367153869131;0.6704635507905311;0.6111981749152495
0.6381767015937578;0.5465869763859451;0.2299666536292294
0.6514127737341437;0.9484917486553066;0.6942032775753545
0.055307010613143026;0.8038047202634748;0.1577016294569632
0.3867344198085506;0.97918923761767;0.9263200065143328
0.42399542641824595;0.6378663435197565;0.6940306676629577
0.7338477438207394;0.05417056197118364;0.34700539405044295
0.11172385726519263;0.42964109308947207;0.7852745011944273
0.9018190305067616;0.7894428005403209;0.08069968139021644
0.9685088508458174;0.8035529956665132;0.9140686204293811
0.5926485389607441;0.4075254505109428;0.9957790000513417
0.0737384959003452;0.3286817931417819;0.24210074033485263
0.15945521838193477;0.7121916231054916;0.6652068334195806
0.43554033599075914;0.24672663123940675;0.8222338037281037
0.17553705512515383;0.4286593957754209;0.14520156783532567
0.5371157447607158;0.513604983090317;0.7079920618641891
0.6371984508972244;0.5282878517443644;0.04349099062584305
0.19634905242573308;0.11639760471078886;0.4731912507729633
0.5805433096756637;0.41287561616455404;0.27791344735665036
0.4360219435402285;0.3531396894146328;0.6244986188780247
0.3695724607950387;0.6613192387067185;0.12702916147601706
0.36043936915394537;0.8416941033270361;0.5474478244329742
0.7324423199800738;0.11624443084811176;0.5272378019875672
0.6127070559338256;0.11926916558013889;0.7858830575500549
0.5180150446546196;0.24099186334601386;0.8307147535985782
0.11718641515298833;0.30566918779770325;0.33123209090362704
0.9362110067378455;0.7807172126113989;0.8811419457025703
0.1104268064607078;0.23215823472471264;0.06784920387570259
0.9458903083753247;0.33100270232392703;0.8826602249974985
0.9846819101996189;0.4463387415743799;0.12615572721646484
0.5042212882216801;0.4306055151800874;0.34666331824336405
0.9856449382474785;0.14646709964868543;0.25780376383583936
0.8170206561621565;0.021434438797528932;0.12225236249688021
0.08791743916088035;0.42781671422858714;0.1806571914543722
0.5909812464259511;0.16258501558733784;0.3492307722258088
0.424422406540205;0.9442474208581354;0.0039935211877917265
0.30871756528062844;0.571442342530719;0.8560577977279972
0.6164461005119927;0.7428936913626459;0.5325321762759554
0.44336638058853106;0.22416585466867012;0.036339618143756525
0.9813673303754596;0.9439137551315093;0.07478960181320204
0.9263250472929413;0.29047945396351293;0.7145883078420511
0.22467096681615306;0.4386643780160485;0.43783205802141234
0.9674548454639912;0.2826166257865559;0.6221021608161863
0.9548791502098645;0.5136077409247328;0.28710429144741856
0.12909308932247543;0.9639014795482597;0.13794429213417292
0.13450756458950974;0.344179883413573;0.008427081241847656
0.8955450448461696;0.935330761769496;0.32137000957900674
0.4825901129303082;0.11261261969980851;0.08007030938033644
0.6390783675533644;0.6453900550094765;0.16526834496794518
0.1302991218039723;0.5333111536967498;0.6313130535789585
0.3203494368501095;0.34936133076943165;0.7156826052686751
0.20620574221225652;0.7926411894850333;0.7663126687309945
0.8720105310835808;0.3942622864678299;0.8490717505965693
0.5314311045964402;0.742994951996901;0.17585563064228138
0.6037912671804205;0.9037844719156451;0.23152710012499145
0.26893638125116237;0.6100581766659507;0.696220559527289
0.7834706777769376;0.7224674046157656;0.6546379071240417
0.7376452088745729;0.9845482473404341;0.5542105290817411
0.544386133977546;0.08305769273784114;0.23103331795756565
0.2901217773958136;0.7462939288172139;0.9358558463024645
0.31480621735792635;0.25794561818693473;0.8779380292201162
0.17678857171109608;0.07608290261519435;0.9702605598132493
0.5444990926077629;0.9594058838170747;0.18544518204466476
0.8800516272417006;0.39136927057391024;0.9191655171835224
0.5344738402951497;0.2164763330805628;0.16135065764122736
0.012517766226077032;0.09079593431212118;0.7549149639487537
0.22328618755029528;0.0781905253944214;0.35426225409678336
0.38923706459814966;0.41036825582148917;0.14937785441966844
0.18216363247585177;0.6362478563196524;0.6582508645441023
0.4247037966253001;0.8427239311879278;0.8834597956711485
0.3796754967677829;0.488976543963642;0.36230218792907354
0.8888854953137784;0.3675828891789844;0.7372205823007442
0.5487750247511495;0.8557368169410579;0.2353360868194455
0.7864654336818114;0.7553897986134537;0.16335932290408794
0.6683134480924052;0.8891337885016702;0.782750645457941
0.5828147375165493;0.6644287209127882;0.6226655469344932
0.4231907648570984;0.20989128213670472;0.2780818663875342
0.00494445926002296;0.40730966819336456;0.31884575617192
0.6414418357943119;0.512620595285891;0.6410380221935679
0.6245184763219117;0.8245838231981518;0.24099971526958996
0.234235129445046;0.7299047851265266;0.6195288027407627
0.6363849145845043;0.780512404447689;0.9869381474031219
0.09223710475013602;0.757425034210647;0.0787753077897726
0.3503926448239907;0.0865687191569845;0.3390212427557727
0.027318243206017168;0.6704625725737875;0.2575774684350063
0.07226283926898391;0.9783911069383684;0.4945558421152604
0.4718270729874705;0.6334807403686474;0.8924911535650527
0.91979392319693;0.45014570116431774;0.8554486289713316
0.7221638599683305;0.30297088660916005;0.8198542236561829
0.9506991327715258;0.03776674275716574;0.8555401489561328
0.4773810873854808;0.0017943423796031865;0.7014154808771453
0.20198134523792555;0.0926704698580213;0.4762622810478724
0.5282055960996117;0.7245350115390259;0.3029565160722377
0.47973653461874066;0.09171365006176191;0.7557047830510185
0.17018842002590895;0.03341307286971473;0.7696352995780117
0.8966147233943897;0.11687868689880554;0.8313886847043227
0.8178936066069585;0.7619044695333224;0.38702971572772393
0.012845686129487777;0.7133579717181736;0.7333952090029712
0.059749968977629075;0.32139330328777926;0.6338397846644518
0.3667336725101309;0.8865787370803182;0.5188305205954215
0.9603958715076469;0.2158091268975293;0.24991338562484755
0.8507444745504202;0.26193949435750163;0.2634071743578372
0.5987728722908988;0.6916992681775156;0.09225491045440304
0.8457824373708124;0.4629132397199538;0.25344185199976543
0.00016170588098862737;0.07426668733947606;0.01597855992043662
0.7180331101543471;0.9155077692822443;0.8256217378492954
0.9522661463053259;0.21622338012133058;0.2537250307671084
0.858988211411108;0.06676344683545143;0.6375475810175303
0.3538154213472069;0.5046143269097266;0.9932089396394513
0.334762999215763;0.7216604672814088;0.3504676728312177
0.7271170430017946;0.27318935917029175;0.5407766575874747
0.9802232665295769;0.8212758154057528;0.11950573427032218
0.3673143587765191;0.7087090159161327;0.17751919116938564
0.36149440068115135;0.15377629542912385;0.11360321616503333
0.49586544021048706;0.7175011101464891;0.4933495439984936
0.31897686477366183;0.6793865548446967;0.25330690994960026
0.03742723603860143;0.8200018968293163;0.5209711730519969
0.17357261042531058;0.3516760301094972;0.4500784249952259
0.10408739787560672;0.6782035528723109;0.9085367459559835
0.4779809157284718;0.0824899016209436;0.936300028485266
0.45754154994067797;0.1080701056902229;0.4822942684278647
0.49803910642098803;0.295823403764216;0.6867682342959684
0.8946825169519005;0.5737269219374774;0.9444323657595309
0.9678384968305378;0.895827836387421;0.766173120068102
0.96398807592455;0.1287957551438197;0.6334235315877617
0.26820983993140557;0.39121168671737827;0.13937808961741682
0.5377723756928676;0.05058570803405249;0.7069494017331895
0.8984495232845547;0.4941727485663937;0.8440007020499791
0.3802650296199567;0.08406877968976822;0.4496419683234628
0.27767983989421385;0.2396502374756383;0.8758576068648758
0.32920825171931734;0.6496002381130681;0.041924296609184064
0.6683941720095894;0.9568493608971439;0.7829771071078968
0.3429526480208086;0.6724143216110341;0.6633948583990429
0.7259337239226158;0.16563529593708248;0.10647269483244015
0.6678823830330881;0.9532371965801464;0.2977258269370676
0.6233374907971749;0.05258778816949139;0.19617558991817718
0.6424844384042769;0.8374659506574959;0.2647280956684368
0.027235991989723818;0.9603055941892434;0.9424779572217094
0.761977889526589;0.5494108442751342;0.9036159152371598
0.03877563462840283;0.5121346451156495;0.7471230787835041
0.7179997842540122;0.580116050412076;0.5195833178071649
0.04461302630291153;0.7426502559419605;0.46589212588594797
0.14798561989216963;0.7605185801439243;0.5120973293488512
0.7217954444472815;0.5259832873245867;0.624088292808177
0.738361091034451;0.4896215007239504;0.7877817090316991
0.8268373419914268;0.6035851563674546;0.9132087458204293
0.13672912160670447;0.6230049536052743;0.7678184940267133
0.7133621473872555;0.9375399892239841;0.923976145650073
0.7743208934180515;0.8788101067956676;0.10132758806132913
0.2007003255183729;0.6049699785612362;0.3437836475007141
0.3169743731780832;0.2229652157597679;0.048230269278210836
0.41979711447475665;0.6161437880104033;0.8305847556265504
0.9456403396585208;0.2661719451914013;0.9465164587865972
0.8601411483086626;0.7141966109404873;0.4091927569120881
0.919284419938589;0.7944889162450997;0.7608987210097393
0.956514661919414;0.2847705159703148;0.8998626795615355
0.6207660998131499;0.16282875639688987;0.34259819549961346
0.06286889162583742;0.0934362521269475;0.010048153115759684
0.7263375054367717;0.09263518620538813;0.31186585376960474
0.008268333869031363;0.3986038639703655;0.2618519527564773
0.6176847804956206;0.7506544331576614;0.41967171167077333
0.46684989478401895;0.6981783175097842;0.4060732597515375
0.04991876631480474;0.6899771539408273;0.9392961249565932
0.6642652229868115;0.4062582263250438;0.42077059620481116
0.23502061788623252;0.7925294275568927;0.487611591369548
0.4948839200315266;0.13603893280027457;0.46851920275197145
0.6635780575103672;0.7112724550165974;0.5580162807082741
0.7727067888710552;0.29110001596544033;0.05443744548049789
0.05906382425701551;0.7144691760667619;0.20712603109616223
0.35398257541566924;0.32070032998643705;0.10772385457427314
0.02958580679622025;0.8931520262646653;0.7200037231197418
0.8895990992065248;0.3713741462902864;0.34949828900165947
0.7566338584792085;0.4780404082638985;0.19202419358198186
0.5539505010230201;0.10289621001700311;0.1368675903607356
0.6863688351008078;0.39080952025373106;0.2726557329153362
0.5836681278303146;0.9160028042726399;0.7798375551391841
0.24403542940538647;0.5537717189358231;0.05442377841177137
0.06595916317071793;0.6338269112934133;0.1380039465749584
0.2789653664222844;0.45845735646522523;0.6416999131429416
0.5635984637668384;0.9112145428309252;0.6346555217228353
0.7677475863960135;0.8052299394856575;0.4799060107728378
0.08878855079416403;0.14276298801220688;0.9832437148430004
0.4041125691871075;0.9130683624307008;0.5213499333257859
0.7251830112045783;0.48910411738626425;0.18563806227420032
0.5899317595215305;0.8470485994509747;0.15495798320140985
0.7543780049793094;0.5132455167598883;0.31480806022792585
0.26398181356268857;0.989461891436385;0.5500801046339537
0.06707488230851588;0.7598802671027911;0.25707999919534863
0.1620988452263008;0.3164770783226363;0.9254348194306908
0.4421955302094952;0.37917284543422947;0.6417331526943576
0.03340167173592301;0.5413922141483088;0.12472507550656298
0.7493472850443669;0.14815355060162794;0.9735199677900679
0.3500828629711267;0.7029156297311111;0.6469087775950078
0.1677548002141782;0.9344200274044345;0.2579326689523421
0.17709353197917754;0.2961489771040251;0.7780887484046218
0.037092357708235935;0.027229232210649545;0.5932971162335812
0.5258949894130922;0.4321938037175691;0.15171579335805085
0.748705497356628;0.21645115082497768;0.8936828545462883
0.8496843026750903;0.7189660982693432;0.17568304394962442
0.06047787483120315;0.13184654442198096;0.7112645199319674
0.09207951696427585;0.609969164226093;0.914728896098895
0.3725275889139026;0.06999505158638009;0.7088656220517056
0.4965352372134114;0.6171979872415779;0.13755485393730482
0.9805741360639507;0.7280925659626715;0.48692176318623837
0.7273913431758917;0.6446719351435466;0.3290649194342866
0.9516930562370897;0.03828782189695623;0.5376821112616809
0.6451322853244174;0.42324909511247333;0.42940751169940616
0.5701194076079957;0.5438619368138657;0.9762433032963581
0.9910139418357288;0.29978659808390673;0.6487388551705392
0.37452784466775135;0.9911953763612946;0.11768801815175467
0.8387305337713877;0.4622925143689883;0.6614171680414704
0.3503567400254246;0.1576619680843553;0.7764715801117233
0.12279563367027413;0.01952631635047819;0.12614203027485915
0.16060865318072703;0.7597357959533385;0.22799026709749337
0.19188839202880792;0.42989616050379775;0.6743869942969044
0.0705189471516755;0.8688508250262179;0.9165457541409957
0.11412729342076255;0.5384158970747082;0.9401053950676512
0.2515544497130231;0.20250550512077625;0.5772200462213873
0.7090559579024065;0.8403518305927834;0.06155907418254036
0.7116052026981684;0.8913386897424415;0.505519249285315
0.5616601461098105;0.47699057595784844;0.41506631987567955
0.6840336282954976;0.4402930085228641;0.24469142188397042
0.9727276845655303;0.5332551295525515;0.2842647246402541
0.9940325601153891;0.9965553339384052;0.6068145513213341
0.24718443872860574;0.06805202414121014;0.6714954345256443
0.5486236597422032;0.6266862904406911;0.73085097506251
0.3911076613117822;0.5151628876401367;0.35715165132722626
0.861664592225453;0.3139654283110691;0.24520125628346956
0.7728905834255705;0.40617206689347995;0.2169530106063975
0.7837309804043514;0.4353013088206845;0.7030852655755996
0.28107835260082625;0.8725549603452648;0.309669552254874
0.8144389970530646;0.40272452680173676;0.9279081350251108
0.488224225632524;0.27143351256368764;0.6907270757498631
0.4119146012982835;0.9393540981149623;0.9933891093204064
0.06814158462799114;0.009159211731453953;0.9117907897211184
0.9607804788488633;0.5462680230087026;0.23423938622779927
0.5039257414627977;0.8862438537363926;0.17060075919564777
0.8795474492964572;0.18104643334312953;0.9186307413071724
0.08620816592142655;0.3303562955307079;0.3291836691643908
0.43631738894979766;0.8117902984435434;0.8387677876162708
0.8531504344747072;0.39129156293238954;0.2710093149644176
0.42750394542003944;0.35576146593882907;0.6601738956044872
0.8414441109225088;0.568064386140116;0.0669115445215438
0.42327625301026084;0.6394856551834054;0.9339086069689058
0.6833671711747538;0.05251882139487729;0.9998539368757995
0.9863053469446833;0.9915880599265775;0.5340209817433649
0.7424074509776405;0.7695428871510736;0.9793729643255579
0.5053215265858967;0.2539328292453543;0.708716640804333
0.40985824865264253;0.21885918108410107;0.011929532239053353
0.14788355913096018;0.2587185564544936;0.9652902361685681
0.9095085200466898;0.031678587674218495;0.8575094449395633
0.4044326996428832;0.15381061838442533;0.38071197334577644
0.7463641266648952;0.07131033093504602;0.5149082629404566
0.20225639429253206;0.28058544823710585;0.6899259572992916
0.3041497142909445;0.93296787957811;0.2728400364767267
0.6258217620254984;0.9603822036874691;0.10459991943151525
0.29272815235479277;0.5983566755374292;0.5138699783161891
0.4094443137413881;0.7431830659963533;0.9041679475650918
0.043289813678602074;0.4785115564681066;0.6733001899252469
0.9375185929204375;0.2490567000300985;0.6687179673682103
0.45408373120909895;0.8136232115633638;0.40786609137388075
0.305367719171199;0.7628070206078109;0.4103816355108503
0.359675784145813;0.6167303928823005;0.4654511774298129
0.5956949896906236;0.2557412038349024;0.06251456615913742
0.5469496695126802;0.5719997679893066;0.1260901787038009
0.6115806005324272;0.9921719460170119;0.4977870503146825
0.1480422163671642;0.4335568558229441;0.5423696659885006
0.6971252941302436;0.7959175819829675;0.11564389155160626
0.666239287102704;0.9115056144823083;0.8511407531387931
0.22203221920491079;0.5479948309250541;0.5979596499632032
0.15458384487540078;0.023654230714840407;0.7640390149237297
0.06246224776613063;0.5907564472782948;0.7947481306434495
0.22019575806791591;0.78164202102752;0.3967405077530428
0.3480996137101816;0.7150720893607586;0.5161738838303305
0.36294327720277997;0.16489996843995913;0.43123850280920206
0.10957429627655368;0.8490428225768685;0.5109085149403615
0.7372991637283834;0.4711238465406402;0.047857849194698265
0.815569524834094;0.5309850150648789;0.2795705826110376
0.7090319691216478;0.13844876782011917;0.1566869918038014
0.6409364531636301;0.2240521274498496;0.10144076827959625
0.24217882335842855;0.5966155533222238;0.501034962881806
0.08917861423291651;0.6249256766612559;0.14152087601908914
0.3271182911853491;0.6202523116379819;0.8181648509973863
0.7949759016334641;0.6947823271151572;0.8186087372551809
0.7980522341422972;0.29220587851303736;0.21268590900262319
0.42057589909489024;0.5730708952734882;0.10102516719681687
0.23890031509322907;0.22319977140878522;0.04626039239971502
0.2075413979128733;0.5454189870621837;0.6000529653298141
0.4866964135493914;0.37802923525613386;0.12883295454347055
0.07167835923972765;0.9452755004970151;0.8279965290446284
0.5978039482073217;0.07701331127809319;0.508047732482127
0.26108431304874025;0.46169807937676566;0.9832475557534716
0.5557110723521812;0.5245438747591301;0.23855184853705602
0.9643925913382169;0.2605332303338077;0.04075863460275286
0.30239910795220826;0.4773712582117352;0.061161499725611024
0.1326763335935066;0.21047444655913505;0.8743227249865517
0.1000810272949898;0.9907233191680787;0.01746180604424097
0.06671295238759634;0.42543330586023176;0.7724962054080186
0.5539131577992288;0.3636128301879993;0.5200032519199879
0.039966187822886745;0.04939834536252208;0.563747813010518
0.682300175843986;0.644041215976247;0.335932403865951
0.891830400799918;0.7046694126173227;0.5762412931774382
0.12846266117448346;0.8363233136867484;0.849170300122377
0.34561855352852155;0.4254603724794179;0.14696139150483367
0.15223932708881915;0.4563207600527247;0.7902444352284796
0.6688030467247738;0.2942029670532458;0.12740614015565377
0.0502062788699531;0.0811657341817349;0.834847666637577
0.43755446962408207;0.10321923779852693;0.7823648286657369
0.5880559667217797;0.8293295583059876;0.019232120909212558
0.8842093113441897;0.7930415768708505;0.029600479636527344
0.906603302069206;0.3323973904746823;0.1477401863294696
0.9205877686557822;0.20530991032699475;0.7254557469426841
0.042252752259725246;0.49951826934618326;0.7655504144121106
0.3823232779853999;0.8391691910822402;0.989596491587911
0.20331505795003935;0.4915313372150808;0.6881365219474616
0.6290915879760809;0.9988464642871497;0.982073743204134
0.9920617583826119;0.5314450283210609;0.8149619477460777
0.06287852785023074;0.8134560528552153;0.8023320272570558
0.5570270419939887;0.09504085023717646;0.616303624489306
0.6468663745429628;0.1703631804451735;0.7468451569059075
0.4282333183485427;0.3497262708270368;0.9711863474079862
0.07217693276209025;0.39120859105351646;0.14365192767898516
0.9318622889681107;0.2025050535183487;0.4904426681086427
0.4602430319908156;0.6008682421524559;0.23193882255589493
0.17351336272692408;0.9784124251302694;0.9028331859022998
0.5789388329960631;0.9668276360761524;0.8592952099706148
0.2428193278837919;0.07679313042981373;0.8928710388590183
0.639305870509927;0.3036807890243447;0.014420461685588193
0.3050838679800225;0.3548715809195432;0.9045584404270772
0.3545178739856166;0.33846820404827305;0.5765999194003151
0.6621023199818302;0.7195114418826013;0.8942842217833397
0.6790568700431641;0.6740434039106409;0.8644103210756681
0.12247396477662043;0.5905870484318085;0.6364392473167134
0.6233322933787994;0.8213664717657617;0.21740750575362378
0.9715199097190869;0.8392844678575858;0.22530176297943794
0.4998770875220121;0.3689718687020177;0.0640872362311431
0.877997026681633;0.7038341765057687;0.21709607672739917
0.8978192282624757;0.1988264488986149;0.26129945960543655
0.8495539852468598;0.08708475962697437;0.9047635266457313
0.16101500071918695;0.5723167016227396;0.11831882158570894
0.16279796209946562;0.7188420796198123;0.6883578814616563
0.028106926052430703;0.8850881742730445;0.7157511434971007
0.4056486648094171;0.5900010579644047;0.8988118964148787
0.12781848595585832;0.9389322169485429;0.8262042406374962
0.7220495636424448;0.13749675164093234;0.6663018157504865
0.540890881572883;0.07114883075863232;0.4408409275959586
0.8751685313538092;0.6379204740273606;0.3574153972086216
0.9977116305185036;0.6482741793893374;0.31115772799703345
0.46487599081547437;0.3210871011924272;0.045191953551666275
0.4805542093753984;0.8347682571144565;0.6863124114425628
0.23382494755366345;0.08668976775978066;0.1431066436301075
0.9148403886215052;0.49657179642957006;0.5051763320579232
0.41813137625013974;0.922528477741885;0.5177471746803222
0.22946034329261222;0.49835194448427167;0.3978616534745846
0.3735716447017735;0.7443879174013387;0.519044640684136
0.26055920225945206;0.14875702509040878;0.18092763679646995
0.5982853018493677;0.1279795301325154;0.9242496476678992
0.915317180246037;0.12684128113706816;0.7285258940004226
0.5571219089182761;0.6017367593964918;0.6868129817811457
0.41763817402840553;0.39876834474233325;0.23140766725170026
0.1477659269574052;0.06368252448504019;0.9279548064016886
0.14372291791750724;0.13020527947459892;0.9363391354266889
0.621678067282525;0.29437147447494805;0.800899541625283
0.08097473875576933;0.39686475029666834;0.011876426133799578
0.44520377232194075;0.7980419783455783;0.34835818374945027
0.9569105917533192;0.09816545045303782;0.014817953334094192
0.9825313797170093;0.8571966276932098;0.1483935759921058
0.15811008910148472;0.23238027253497728;0.033780771828718414
0.022599896044670387;0.26983316426347803;0.47967231873316873
0.6047370404081999;0.990044139051073;0.12407062987665418
0.1281931651396624;0.3346893470231127;0.6732582891501907
0.3571563922961094;0.7324827710890713;0.5184948336082276
0.560254072787836;0.023642516674544534;0.9590306796359818
0.003970629017811533;0.8207456599000272;0.9803279616306456
0.8850705272199197;0.6006195095261305;0.47642802734049683
0.060596000026182484;0.8654212338171478;0.0833082582334197
0.16548543915046598;0.7830521926708994;0.7381063906629889
0.7740429061213335;0.7509992867368978;0.5555061130148964
0.5156361260843078;0.3557594243004668;0.44273895684470854
0.3716795569173096;0.46132154047391927;0.7021431545795512
0.43634958956310266;0.4512079888565289;0.87504590014147
0.03363015741932285;0.8941295084537717;0.23802016835807072
0.14436837826638116;0.6138987523098577;0.5540308541278781
0.33162366849856895;0.771389223165594;0.4814788376383188
0.21845096760795102;0.06191698411864788;0.6075207026098884
0.30607910177672626;0.8428845556197495;0.6591167824295892
0.21295535554366096;0.5418455812446047;0.3468622473987252
0.17840773495257534;0.058795667319638256;0.6868353168980763
0.2123659824189852;0.7790392446943184;0.8207156451123073
0.565465081645463;0.40927016441866504;0.8245187467294137
0.3358052064123631;0.04665545310265795;0.16564094496755177
0.7833750204958613;0.5644579497336533;0.026577498214008233
0.040187482826642196;0.8260018059982471;0.8745966653807816
0.6546744134120127;0.274323759122749;0.35083306665868197
0.847364875716807;0.5276799908637295;0.9515874671748943
0.5152347203911414;0.16730086311342007;0.10137549389426814
0.7355308126814213;0.924461216333948;0.12697332343965717
0.9074487850936476;0.03012797607972051;0.9259126550297242
0.3753990685448996;0.8024822570670946;0.2008537806932339
0.34435906716;0.10839030321448262;0.20878260855676045
0.9550154709008681;0.5252338019992562;0.7105695969738143
0.8759204659775094;0.4091278963055993;0.9340152050424265
0.01222876366583081;0.6774833632494919;0.982389671738925
0.11213069581897517;0.2522940404933348;0.873032466980877
0.7576593085411333;0.305617798739521;0.38189892044423823
0.46561223478483516;0.6349386500388304;0.20317593487458796
0.4569335385344795;0.065869707580543;0.008317225420053531
0.43966308762304884;0.7944017009360076;0.885748312688145
0.4553333690023813;0.3701496992862735;0.4648960395848689
0.557465609949157;0.6139628631873331;0.7326315969161235
0.992376720966471;0.7337561263872816;0.7646368743625728
0.8132786885172036;0.9022691394412804;0.9907790665348907
0.6582891738947548;0.33044016195526194;0.25788130313788626
0.649103980444334;0.5373958835301053;0.3482127045070126
0.02488973223076829;0.7158413518145011;0.08802492963982778
0.22887807232364787;0.6859525352633148;0.48573676081837247
0.6679978730219068;0.8089182097798862;0.1488700316547843
0.9697128588903446;0.7971078868827199;0.16184333413888963
0.39041195235119164;0.001114281779396431;0.7389860619310235
0.7890000646788373;0.09995428753371849;0.7835630137616345
0.15974547345105394;0.4967934438442001;0.3270695592848264
0.4855210229270346;0.4348147516981117;0.16513232346406193
0.4904648032308738;0.7517981156993867;0.9985642125598376
0.5068207884969964;0.013758610233480462;0.7618397885760068
0.2772207873140442;0.13652052932280667;0.11539309605286796
0.7352453428500457;0.12348521716019745;0.9204670815272101
0.86930438798035;0.4779455129913438;0.8334466466857565
0.35794785970399357;0.5193902636444698;0.5003890858934301
0.7691195413599574;0.5222271716055084;0.26548438355961523
0.2812342748348978;0.2041897184313768;0.040012482208255706
0.33761697500593235;0.21788091948037236;0.16108132110598605
0.777909641841976;0.9847204042230473;0.6674262216925999
0.12388155697818293;0.957288468683828;0.7450654134784661
0.39072134077305276;0.9270667271863468;0.4489983306094768
0.2891675642084165;0.6149937972937158;0.6626357845445738
0.7790567687364498;0.14697161707463147;0.7561811086515504
0.5185038152978619;0.4400268732913182;0.16783460618276225
0.8725530193557985;0.8732395749023446;0.36153926940785497
0.31845628444054297;0.8226696435075707;0.02378170053960138
0.16100810350068895;0.5755568249938056;0.30610766589664173
0.1452786026686691;0.8553112847762377;0.2299266967772554
0.8418772091113513;0.8586367038175416;0.5004810465381798
0.13930166765424634;0.39910922018650397;0.4515807176693184
0.38842095801520804;0.47195215434044235;0.5605228353912488
0.18296302189944824;0.45319464623358086;0.9825291095793409
0.916618410538379;0.2153453577075103;0.5218095554361245
0.06043894265668759;0.5098991195630058;0.26822343769421486
0.47714659776849366;0.9982356100868137;0.09320760236642278
0.8328839838851292;0.9419803715350014;0.5853343388302331
0.514583319218784;0.1931980429869442;0.06395177519942186
0.9665684412701151;0.05067007391844358;0.5448556873561071
0.4871067460995;0.5050073326131322;0.7058745838468965
0.4914627459561842;0.31435001349820735;0.045512252609256953
0.429885578429432;0.8932208281189792;0.4073580788703294
0.8923007527790233;0.9089955632863148;0.7699567856431878
0.41771124069469057;0.9024376420502623;0.33729331604881574
0.24224207740436454;0.610766518166675;0.10551539125510767
0.8327282407133355;0.28213830875915746;0.28037890874185234
0.709352493619773;0.48511121294112913;0.3437566157371976
0.6466146969533122;0.40160228353044736;0.6769435383224821
0.6165501294747606;0.6104150925352966;0.1551425825794266
0.07387431715090231;0.7097184919769728;0.939036350203226
0.5009094075704676;0.4477355498022211;0.35331122464749765
0.3135265056260145;0.40653753578093543;0.4022957256639743
0.9954708269771716;0.4702717878351945;0.5342920613409681
0.35643367114451663;0.6432800470349413;0.08530851413115081
0.8686906411942098;0.9679306151425002;0.9649292075044922
0.5057459734119115;0.8717904692385754;0.014173465565149757
0.10606548098739121;0.6276769710498667;0.030153306658668777
0.4491134066897685;0.7639233182667077;0.21478474426425065
0.3654011671642964;0.7037976274911912;0.20129093998709058
0.9836781671571797;0.8243558813419355;0.7883205068902026
0.8913886254259913;0.6089051255634889;0.8673396930277882
0.09182361965412833;0.5049162480116096;0.7515726675491173
0.7952742348276551;0.008958222202236632;0.7667789663757125
0.9223568810190345;0.8426111511066461;0.7135055804612738
0.7706595997905176;0.8744108415769134;0.1334793115937386
0.8078937949880106;0.8549037247377154;0.7746715900833021
0.6798680094655308;0.21439418137966804;0.3952254198582791
0.261614835042562;0.806101013547597;0.16242048904883033
0.3548476091815903;0.23346864690733238;0.09781008516820189
0.41945376265821954;0.6340076474121988;0.7757890455760078
0.48221165622418904;0.12165401367203366;0.2455297066710247
0.2938677775021781;0.3070357288185036;0.8481094266218473
0.4555857930632755;0.3612769135201249;0.10055380937527858
0.44705807795648256;0.42111947314683984;0.5860697947535378
0.23895327553436507;0.13672144953603105;0.37050826883908283
0.2962022014404002;0.4902541237920658;0.8370844683369172
0.9341947539704807;0.155351927942739;0.2023905547953625
0.655324677619084;0.4101272087832316;0.7146616287165416
0.6702589550003579;0.5481213335238575;0.25701828135959603
0.7015764778395012;0.8635802451198061;0.42203689839405034
0.13926611933955557;0.6166658561585817;0.5943984433078401
0.2247091094373691;0.5402605607170863;0.42864170820272784
0.7812746167925032;0.7891700869781869;0.8837308841201118
0.9507568795819586;0.026922643154017822;0.3460176529396075
0.05660217384032529;0.0001652281831981961;0.6206261829869711
0.44869084040273377;0.6685272636021622;0.5357252804213706
0.7010956223963383;0.49414959580723095;0.26880460006606366
0.19313484795726166;0.06676663276773398;0.401163320882991
0.6061365732512791;0.7844605110252544;0.4284234870581146
0.059007892431284126;0.32558893488012464;0.4937949732790665
0.22368210140931166;0.6517080254149832;0.18115165383084775
0.004887676583846479;0.544549649579695;0.9571291179900265
0.8136503198073739;0.009663362366897688;0.5238814649060869
0.7602106428274177;0.9405625099978696;0.19501549791148243
0.040908332369225864;0.9058224311660622;0.7343220618778383
0.9101243000447967;0.3442066389073949;0.3231993433574091
0.3308003303903223;0.740046296299502;0.6227275577691183
0.20637602229617713;0.8412368685354384;0.2889684270516827
0.12231629987030068;0.6942929164391518;0.18187917256897257
0.043287203868088375;0.24795735418197473;0.41925197962585015
0.6212600716992079;0.9997829512416438;0.4966684992410556
0.20155947643738936;0.672307084322558;0.002941187849576532
0.559707438756435;0.8900653598033259;0.27925104413151947
0.585339318992976;0.4241879328678032;0.7567580077612446
0.15755350864454465;0.6513841237943753;0.1816501417854377
0.9467261582909616;0.722788130376468;0.9210497475605205
0.15293094348354375;0.0021380793413882104;0.9121786660779667
0.2246302290141332;0.8072691200369647;0.25944455928415777
0.6613382746202446;0.9326456794891105;0.640220584133817
0.5146729495684774;0.47696683726623357;0.1313466818760578
0.8000046975474635;0.46855872454995984;0.3621369523056356
0.26324826099414955;0.850917987628469;0.2933642923265244
0.22153089251975155;0.2634674733769684;0.6546066619384167
0.4428185077567045;0.07104507702581908;0.5648965779698535
0.488079865567163;0.3070831655151274;0.6297944029790428
0.09873904370563591;0.03462242007990213;0.894466462972339
0.5925938382222539;0.5148234210417589;0.8138469885060492
0.72613144586782;0.8451230536555923;0.08395886731732294
0.26215094177176246;0.726444558113176;0.564189581283895
0.7057655543528344;0.8563266153614028;0.6008944342179982
0.17846483661290158;0.9325390196457418;0.3713503509439744
0.387954679258387;0.151535882730103;0.15437497476785544
0.13977925340774855;0.5255165972202768;0.5381456270819907
0.2997841904563897;0.4688198420808347;0.3646457120938261
0.9894447541371668;0.5670259933844041;0.20220218225507114
0.2649691884591939;0.8538049895206274;0.41206037510340165
0.528812429024291;0.8870439876631725;0.3630355554530774
0.27194332445043;0.6857161437302866;0.942919156020954
0.46180002851352053;0.0732964992291828;0.43500230488995595
0.8999531717709823;0.9049753647408366;0.05155323143551793
0.16145671448967847;0.6592192004949258;0.5631093809135618
0.031013314174984208;0.771112563247425;0.1347863518128598
0.4898649710614664;0.32280380094321737;0.4581270916569923
0.6296029005672324;0.5896328962609425;0.8038149045190914
0.40338896242550015;0.37176011840220835;0.3476697410947279
0.8608240499630727;0.9835816481526428;0.17378088715951578
0.47147796014984544;0.9690850907423655;0.07976681718931022
0.21578756139471944;0.559808051802327;0.8305041217219834
0.0664957288551089;0.4006561635418171;0.6547195372845522
0.8902038298454124;0.6896368766623103;0.25721110994474405
0.7675707185904141;0.949491935212046;0.7929423517666089
0.44159672897996094;0.7297373525765954;0.9906060153781695
0.8274999521508981;0.2924630181403479;0.42040970021685564
0.6797096840506572;0.07342783249720986;0.8381721623972637
0.2975838068521822;0.2513306263713011;0.16488198384811614
0.6294756293964947;0.7429580900275544;0.6798124386125218
0.28489972520903695;0.07352367347111011;0.8870226126581894
0.04169067977298524;0.587442745469272;0.40980122174289657
0.14583284619268377;0.3873973813573105;0.8094316500112353
0.20577279204080867;0.7842813668263011;0.9845186877627894
0.6887260776057342;0.3257745313596315;0.852814150515242
0.3208235962726168;0.04205778434084917;0.9447209622150533
0.9220134285225342;0.5939145461954886;0.10365246509354187
0.9880195055311246;0.8183848149952568;0.00743108660667291
0.35767045975366885;0.8702800771222965;0.7702610332032683
0.7363353763105688;0.5103999533240894;0.8864813707345968
0.6274620353568777;0.9014191667694927;0.8984748059933115
0.8268327512841465;0.4548533515291766;0.8453109711166272
0.28575304170213445;0.9060749475158668;0.3433076246026585
0.18516714001530077;0.3759859949444807;0.6080470208302867
0.24018652922258343;0.4257998564736897;0.5119226732959907
0.12778403604220023;0.11588528871756998;0.8942686536518442
0.2612116190074568;0.40811352746764606;0.6809479032313658
0.5945766823848008;0.04362870680053177;0.595246680731583
0.5462317673798268;0.7987539468631522;0.986135311735354
0.5299802949108339;0.5072323654366561;0.4183157314169711
0.6488345401915088;0.9613706696052424;0.7560853944223824
0.6925678438813322;0.7057934005225062;0.9198120930003911
0.5307535253063208;0.9631130619564205;0.7601301676264803
0.6028386872160182;0.3299663373344017;0.33981499488168554
0.5325049664098724;0.5267528887140002;0.2647592324577699
0.7746245119674529;0.5687516535147723;0.42153974450660736
0.9750093759491412;0.5688657294052952;0.8842707892493465
0.8818263267194548;0.11893399611422495;0.7868897775986986
0.8806785032916522;0.05158059635362644;0.27306864562466093
0.17941957106051465;0.7616619977412108;0.9532861817091695
0.5244070687474158;0.36702919860049277;0.21771631411829595
0.7053289830953553;0.04221932370060577;0.6347954411187611
0.5333459443194504;0.6660299513896826;0.6696640324367275
0.9324537938740921;0.39525717433509133;0.16653259406754128
0.27115266695809437;0.5407441805135501;0.8478381184510141
0.05132042482157906;0.6916138992504681;0.9956336494898277
0.48915218782693215;0.8778113978170434;0.598029242310884
0.16279407231966014;0.807710366365307;0.4989760230412488
0.8372078533594578;0.1296206482019595;0.4895961729200792
0.9559994313565504;0.7703054249239263;0.9480899840101681
0.7538363895387761;0.8333923196085311;0.8853343880833185
0.8718993098584383;0.37555323682623387;0.5802717159236329
0.2834277173056555;0.4360366117686657;0.5994203457302507
0.3323566335191013;0.48541862661346735;0.8569113024782737
0.9964820484008101;0.4010433756124516;0.4505302493013056
0.5311276602948687;0.00042050520444425477;0.3593198352121453
0.5017432005529578;0.355331312777296;0.3568198013724241
0.4532663880817329;0.15391031321658732;0.29778079721191
0.42266411338121246;0.9264972787562845;0.9619276369088648
0.2657177610615422;0.20094184871598675;0.5380567348634201
0.3931526745061701;0.8367019343013289;0.3098217592668785
0.5451168531817467;0.3923594056732126;0.8464984960131798
0.15775072241597254;0.22250608798170735;0.2077303273854444
0.13844389133136148;0.3862786159330839;0.13166542573073492
0.789801065980707;0.8964030356203677;0.4218150290844932
0.2207072282284901;0.4692895002395172;0.4514624640641729
0.840713347370912;0.7833612498767679;0.5447289640076666
0.7398062777366872;0.2941519080207017;0.5138148650311467
0.546297570126605;0.7664439801290701;0.9028564296540617
0.5940525012307688;0.599334948197263;0.3659233557119075
0.6426941700251544;0.23433714506094727;0.19363020029498468
0.6241416787353355;0.30141652955953113;0.4208100676911277
0.7109809833569432;0.11597003659496485;0.1390600346683365
0.8673288982981952;0.34741181631762574;0.4213353366198972
0.8054979944122637;0.29013968992730166;0.7107966549536403
0.5708496589290591;0.3910545623020215;0.6355491457076072
0.07376510645772127;0.9323449215653331;0.04434374577303657
0.1532090213054078;0.29579839672274233;0.6115062485033405
0.990414506256393;0.9439298792134325;0.07345133298591322
0.9872245119449635;0.4666466360802147;0.07534660160980011
0.16192593308002312;0.9006335292677896;0.2193715940529024
0.09592684791964068;0.4962385936119251;0.068580293764405
0.04622106653254643;0.4037529830868509;0.6288069948463945
0.9381550297356885;0.6597565485769634;0.8575014931911461
0.7308585341477362;0.6471260817808508;0.3525917272541973
0.11125665637711035;0.4674406284539545;0.9292597052421739
0.18911368463166456;0.6560870674525984;0.28330943998721314
0.1470709340856714;0.4486381518622323;0.06071880305087507
0.8113120838136342;0.1909329650658531;0.6581886808519317
0.34862506447697494;0.8309083771506042;0.761685471792941
0.9431388241229312;0.13551398762317524;0.767174112792375
0.7274745030536521;0.6834862339237664;0.5864133468175828
0.6969433118117391;0.3533788290828115;0.960121664994272
0.6372066458398036;0.7398647154564671;0.594716885932286
0.9952908621693727;0.485552263429045;0.525694405510934
0.6661524680671201;0.5105236572134263;0.38046442526294244
0.9845163522490561;0.30618031091308684;0.59765132282055
0.5368506408268421;0.5224365642099796;0.5572572545384881
0.28809726994545637;0.18640812196135825;0.6806188310303293
0.09403136163679626;0.645965125402299;0.6768276612912043
0.2407696102337915;0.012132743343823527;0.8772699257238729
0.8823113441895218;0.3765572563860189;0.17465635433810456
0.1666584683292348;0.3221719441718721;0.942272682930458
0.07873112128562487;0.12981340191092028;0.17552313068551872
0.30931742759456493;0.4177236104558787;0.3915217004760505
0.8645836914472625;0.1716494858017681;0.08834174478277856
0.9012657052210526;0.7219395258064673;0.255215088253241
0.47035392693337263;0.6765251639149338;0.15164561779605656
0.8712980906259463;0.35791924838997835;0.2480465302926601
0.973900806359807;0.18411667852013458;0.7679699003141595
0.9686764518637799;0.5822564298148933;0.6828588128886036
0.5508294649134645;0.14316674857074274;0.581021529988803
0.9533679203215372;0.8827283655007487;0.8455885033796764
0.4167119658261593;0.44473411874092117;0.8064994910903429
0.6347414434434447;0.7614612080332861;0.7569370154508457
0.1786450695135523;0.569884229259101;0.5084096201721435
0.2739667852696511;0.2890822118999715;0.6399325603778406
0.1682010477764191;0.3699716419790722;0.7741063871241313
0.27219093083473844;0.4399056507605764;0.16028398935487598
0.22035223604931709;0.8794719333482504;0.8685673948070712
0.7127484800546642;0.8210021062495364;0.2985766590021536
0.37077264234413254;0.13882884289519004;0.6465382077111197
0.03751602436112522;0.6800961682968535;0.6721144022602026
0.8854175258887557;0.4394125686124465;0.22689797193556827
0.6749203829519541;0.9222121676735642;0.12683526634547415
0.19832655570851532;0.9694623201001247;0.22856111052119799
0.09457949363030838;0.9597991754485465;0.41974305365031583
0.7071422597703314;0.41349627615061213;0.17452877268489186
0.5481486409041462;0.4827570752326755;0.7878680566537059
0.3672242039100292;0.9211137143447277;0.5989393872495281
0.8261640413309987;0.29636126429155263;0.27073076924187534
0.25327568733493;0.39664403572150453;0.9650377362035785
0.01676112246477024;0.580708183811184;0.0205145928978816
0.9014475370939242;0.38740257228879726;0.03082531715161907
0.9091860169953638;0.565999084450302;0.5407106709187819
0.27775797135900604;0.5982409653680666;0.042282327279651755
0.604043784232545;0.6936225596553821;0.45259468282194204
0.4388369256521666;0.595677123761367;0.17080539253597438
0.9340850106235457;0.09922411288354105;0.9651831824749568
0.5225514903363144;0.7536460982859101;0.47053968138331526
0.04773161906486223;0.643688043328437;0.36667639447294265
0.26765887436150504;0.674830851271126;0.5029329747577268
0.9967635162033083;0.9211273576519193;0.35843862555625183
0.5607774989403752;0.03559925403958253;0.11644826484155135
0.692146561314842;0.5825296083204282;0.6272591818786106
0.9066592038132781;0.8392512124225683;0.5920724067119898
0.08281013908481405;0.7684778912798212;0.8092430013004607
0.09598820152041421;0.09853699033580743;0.021482615875286548
0.47075875342619067;0.03980381246669218;0.30494689418761656
0.33266270347315474;0.4220647417063954;0.8178231667458723
0.13944207696998046;0.8634895574159543;0.5460594945631401
0.42056288251003027;0.36619750060388423;0.9352535033928455
0.4642821475198431;0.4741067729871732;0.3611074593283372
0.6388234334745924;0.4296042534193607;0.5571996523702486
0.0064204836775629825;0.8663573400956489;0.94616393722671
0.2724516633039409;0.8321526355064849;0.41599092018647743
0.5540706382067782;0.7378819520366241;0.8598029057888674
0.20184401934600005;0.6255051777035099;0.1767692358609274
0.20122492630597455;0.16233906121680208;0.4016686438278865
0.2481622362277467;0.516763171706943;0.8703826118619932
0.3849623920747596;0.31348797997068234;0.6480097355926461
0.4140015349540268;0.5851206589111645;0.8973460154647529
0.08847741430143197;0.9925606001599979;0.9444628784049157
0.41948822644098016;0.5049422755215333;0.8995954556775948
0.9272352253340692;0.3276594418067553;0.4459296154333823
0.0029562929593544007;0.6757354140789729;0.2409532265171318
0.7263308621072819;0.9427218473330252;0.03193774907418345
0.23128013189786434;0.5387976057880784;0.7081473847895423
0.5873680604670424;0.4359073917871804;0.7953064621026795
0.6779224732760476;0.9019012080284186;0.8896390064579919
0.13431799270673195;0.5683689115115536;0.8924617033885084
0.39427673406453034;0.7837093201577149;0.5751482186254089
0.20806317908172522;0.36525713387503034;0.9099445154036638
0.9502169249367167;0.18944134476631724;0.36283647811525443
0.8397943264069206;0.7859903846359052;0.01320011850742675
0.8932234633469825;0.6738801140482281;0.5320303651481826
0.935525225656018;0.9585718616063549;0.11757913000371845
0.7861486094457776;0.35863424996799276;0.6703265321912739
0.07127831140324403;0.40007939019685557;0.7833947938980547
0.147787381471305;0.4001762404999687;0.6344580071587878
0.3525060391835224;0.5737515613983171;0.7154194324370747
0.764476948412821;0.6220681927867585;0.6084481310616398
0.3329879429141702;0.8039533533018169;0.2497416592387982
0.863635548528806;0.7068510729988884;0.2328958645574496
0.6646661906603449;0.7147605901105907;0.3992091191010674
0.7863105239739928;0.439340495962371;0.7588209424210123
0.5054628339048071;0.17801953847932772;0.7867245882712751
0.35574505881464624;0.402580828502877;0.21259726232526577
0.1783334189639426;0.16889754348521213;0.6752119931825394
0.48987060129974114;0.3190142786201573;0.16997666073058237
0.84632248674768;0.009415039251546409;0.6709066007241866
0.7525593160030399;0.4044116599504183;0.04953452124384139
0.774438640224899;0.7054634005103522;0.0399226976487842
0.4612770031982568;0.1385451731524714;0.2546949657245068
0.9097340746261643;0.1967688127324333;0.7353718953624125
0.7989643702475451;0.04565463423204019;0.2957345913282766
0.7268794690460999;0.6136102731656834;0.2146133973357236
0.5772026626598438;0.23558899578793846;0.8456808613909153
0.29551299503964257;0.7282153604255288;0.15916543059084942
0.20996119306563366;0.6847040843992978;0.8046454748152794
0.13784833225898752;0.9321279358433405;0.4282803210836189
0.02636843634682562;0.34435702358986797;0.6335670787616451
0.47876220034450956;0.6155588774448466;0.7387555810527434
0.5424144372211386;0.7500575193123176;0.10765705287766048
0.6125576936925666;0.7157417963179408;0.5176300904354665
0.0863830065433765;0.04726973549609159;0.8896590991565346
0.09184088114018774;0.11263469856881037;0.5532449694477775
0.9642810024953425;0.3502984468362824;0.8939549739324221
0.24771534767772452;0.7346478261543522;0.9229536914522051
0.41295611550236966;0.813089869687071;0.3279493467676895
0.6877795126470617;0.17365357584937013;0.6762408015326367
0.035940507854000936;0.08565758585562044;0.5986967263168087
0.9004802504604197;0.5156140322613595;0.3079456721864424
0.20540945978412883;0.23847848688255746;0.02772628683195899
0.7202697587119231;0.723026329936302;0.4220404028674153
0.764761893178523;0.047791234504692914;0.33850753561799485
0.12189254845239816;0.3590313439287226;0.02272600038013728
0.8239339481017285;0.4456152169401356;0.9141868774651171
0.0653210199292712;0.10300542589601758;0.1981346016439811
0.3291739353689749;0.09251776855651794;0.42366693316816995
0.8662664555320728;0.10458002648291875;0.4763044568739072
0.0676307028798584;0.44299271914829796;0.2110141010257256
0.4017665346644451;0.9553542364351364;0.701695079928106
0.8984503163472761;0.7701929809691556;0.42622751099528566
0.54578171041163;0.987162999740254;0.9815814299884028
0.807345199092526;0.3557003168788473;0.595738853161605
0.19725245348343468;0.013127235420702155;0.9739942794039811
0.6805091287939022;0.5609666057092211;0.8180319187924081
0.8550705560414035;0.10894956199759231;0.2130594139101758
0.9012946947936064;0.4060144704114611;0.48085557526674005
0.8650799893164196;0.8623249968913981;0.33129791968155775
0.687889956786511;0.37395601674373213;0.15029144801705185
0.838588992314282;0.9783907814284831;0.07597489236842636
0.3961614113593751;0.8025799134267071;0.26333804886069956
0.04282025425968061;0.5418447236257664;0.6642905601528135
0.9202961909153387;0.9395429319703599;0.22209313506514572
0.963615731142302;0.43027982632226947;0.34252512639988464
0.3020688482426491;0.1874523297060703;0.7902111555128826
0.2029473088201088;0.9852786003323617;0.8159893880044436
0.7781949582645932;0.31169450703653256;0.47644324009502026
0.07940025262944361;0.839591567365077;0.9725437450807709
0.3738014921480811;0.16082506877838298;0.5994052880300438
0.61970484829174;0.1448950568316214;0.13594900722932257
0.2728100306195699;0.061066961988605395;0.5502591601324329
0.21063806253439088;0.5209324786471863;0.3315694049145903
0.7750688781167585;0.6784064988134603;0.8570384659202456
0.9522867639953391;0.4317704646226518;0.8173326885307488
0.7162621829113561;0.3094471872634956;0.5472555767916014
0.293689892965628;0.05185137064747802;0.3188108394852255
0.7513987531721803;0.6529773712784936;0.7433516900244316
0.94035895094455;0.40685040283874685;0.8896272132853046
0.38450193206315564;0.6025673828418658;0.9319992819031194
0.6864546336889229;0.5370008360153493;0.3857187897099936
0.2319260077684815;0.30291555801006287;0.7358239445806986
0.2601107434061163;0.7911772374635582;0.1199953858246885
0.3527584925235677;0.943277859526145;0.9600445444109178
0.30288636902746957;0.24563289307912628;0.19146275076430952
0.8361011187485646;0.8868272695765931;0.990909740525616
0.06111965524204599;0.7322263281537295;0.18630148443708627
0.18148121079804835;0.8395620448173416;0.8850172686398431
0.23225374439701418;0.6966215415367852;0.22911894294017832
0.6552990579293154;0.1160698907677572;0.42341101859507124
0.9060155306283717;0.07324783173943261;0.1145553421426867
0.21900404573815846;0.9123722696912164;0.8889188518585481
0.5191155057315792;0.14610575193633069;0.93446804864069
0.7097225367925076;0.39004640941328894;0.8345321728601947
0.4177155087652167;0.8307902960251988;0.8577905859826805
0.058680745958093694;0.6342006107709866;0.6056120840434468
0.6671705542699214;0.5270879886727174;0.7862268954505336
0.4595990213604363;0.5209658677610709;0.7888301708304819
0.8126838460315403;0.48666485572259677;0.16002426657193514
0.37588304418283724;0.2939868743970361;0.9508820690095912
0.6080045567760174;0.8480235327408985;0.8526194025165945
0.8267249512131587;0.7964525558642221;0.8522605510787169
0.03975154720556917;0.9726445401305425;0.5456446567796773
0.038087022421045336;0.6101412266928551;0.6570882910044603
0.9870886513841234;0.033606957401616455;0.48672696543036353
0.3309602085108103;0.8521151484403311;0.8348653046941181
0.1399019046514165;0.18788659442229372;0.14670759022191127
0.30405231705637736;0.8055236928750988;0.857001649906337
0.9091995680523383;0.42483273971074165;0.9021204249430698
0.73866689586957;0.23554978956293326;0.39897093774124714
0.11852279771055751;0.0413196984650962;0.7722779059253203
0.6459974591501583;0.22115114287003435;0.7295293316692035
0.9327728280172315;0.2305043040803657;0.011582405988559308
0.7483328065405431;0.8957548916583902;0.5050495215819306
0.6665833807857999;0.4789363435455455;0.16118754061762486
0.6821979594057763;0.5504730138124857;0.6607498658118303
0.9479664639778114;0.38573724658203457;0.2601852721006588
0.6057338639818377;0.7969581529950737;0.8977372822878547
0.6487249450587894;0.9267032497007005;0.3250578698223522
0.4299194610551862;0.3533573696107498;0.9966703512764854
0.07443591003198202;0.9172133623864621;0.6359448430376674
0.8840290762757911;0.9929660941156733;0.16729453718951082
0.9332374294937661;0.36053521542894884;0.4383956514108781
0.9860022360513803;0.7589239431969748;0.8786994027920944
0.96952488635299;0.7526352062456924;0.7492258504635608
0.4275993820224654;0.6495526895500205;0.7652035253227764
0.2145982489933359;0.837112232426995;0.622255871350236
0.9849723946294571;0.4014572251342553;0.19913911291411612
0.36860356661462346;0.7854363923088458;0.62844860569239
0.6146719926555414;0.4928548755287393;0.06504429408025603
0.05708787080742206;0.9445199807267972;0.20929830600187083
0.6377661317791056;0.777137766198737;0.5019596131642272
0.7772457732824826;0.328683910735435;0.365379368485822
0.3156936272622468;0.4808582047438287;0.9034426367009711
0.4091360571249013;0.05624727204118063;0.5435344424635866
0.3437725054501769;0.723141674314649;0.35855753880526187
0.1770089964846011;0.10002062733838568;0.6518323135057881
0.1139536643254494;0.8973261925255279;0.1962483005906691
0.9296668136054508;0.872838850446162;0.8725165822639744
0.20926829386757384;0.08424764185364753;0.5355075063493132
0.1305602769958779;0.8013258623008197;0.5457439204601416
0.9117551706388484;0.01160848841340778;0.429936896332182
0.23991144719059576;0.5476379483503862;0.14707861512077725
0.055593342507561094;0.3459357959002921;0.7659209218743039
0.4939344550998157;0.6715791540398993;0.7733910594253227
0.29329330463387293;0.047631283134466074;0.8685679772762557
0.9012729414067747;0.24521077232774557;0.1311252986563063
0.09520170194864375;0.13691900208069008;0.06117754013410459
0.8498858326232207;0.23267730114609497;0.7777066870941274
0.8311847088248665;0.20737929800311827;0.1560932127191017
0.6468423457466581;0.9351238623399989;0.6329117125816858
0.7081632480205917;0.10867094311455316;0.5651941156449944
0.6056334290142596;0.04720896604316294;0.29962595057092434
0.755863667352498;0.9878338081426259;0.12456734910129741
0.08612741705189486;0.7210747237731914;0.43720055260404345
0.4415495872255446;0.38331545454574156;0.30866877227534073
0.7125927680885462;0.7980495917071256;0.6843998328268455
0.05310624471911485;0.44286237637326364;0.8851360612120637
0.4212207293196051;0.6134201458414396;0.8680987950323217
0.2726303949116162;0.7462783505988315;0.9543248860462925
0.8744352222588736;0.9796305607223131;0.6841663438306113
0.37365502371528125;0.21001058954966856;0.7192748581151321
0.5199768649594873;0.8288737544759306;0.590697872979027
0.0966883630673766;0.08563187493154767;0.512753975622383
0.516707508757044;0.9021699614328191;0.08115935453037826
0.4352048264328886;0.5602694232127865;0.989295416668045
0.24794807822356468;0.820861546633486;0.4353656135038865
0.8628305085702873;0.6427164214944916;0.5462690617603462
0.9523596080318018;0.041971688561389;0.15852506594545357
0.5442941702526306;0.5021433986855295;0.9285245824148184
0.4783143964088883;0.47780265951925893;0.8132672480688675
0.23606890055969354;0.9097508484738244;0.793682661253917
0.8972393773337604;0.19059818547833174;0.684179294022952
0.06930134018388745;0.8934434241373811;0.4338169152255935
0.6003927046932621;0.2602425213629139;0.32210101760611
0.8471701039868358;0.9811223876327801;0.049329179233489784
0.7238268325490739;0.8905587868249695;0.3311174203136965
0.8159699955734971;0.15731118345692918;0.3180128022436117
0.2557876834460344;0.7806847837870404;0.1759721569281314
0.2376268316123411;0.6829801702821238;0.9752337135184218
0.011722785942179348;0.7936747096319022;0.8429376212581914
0.9987442973085258;0.9292206886966092;0.03271604690172991
0.5799157167255576;0.9512043192962621;0.26669966474689244
0.5050529708039172;0.43561831312539523;0.007835452188771797
0.24660788790297672;0.7393339559110788;0.13674033326501356
0.5153288583178323;0.3354773771785897;0.8182444467252732
0.7903355744589052;0.2413102029035743;0.11187655809056951
0.2535897538212487;0.6304716197187782;0.4109420846838012
0.21196468904500154;0.5248273127164373;0.1774009208261622
0.21011325967512162;0.05113177756095133;0.6592488897564299
0.6688170753731;0.027392948185076316;0.7811744277681448
0.18084113670121782;0.03842269188285674;0.6397222337966121
0.3484004715276725;0.3039183758552475;0.901252907063994
0.42023476844501073;0.0035441945302756572;0.1776604232460055
0.4874095021147208;0.8748167413918131;0.42808266071166745
0.15435856124361758;0.3817317856692256;0.7998374469580978
0.2660591156754366;0.778220286820585;0.07545484724918117
0.4306286471233872;0.17538837500696203;0.06819260218137901
0.10435891921667284;0.9507655695325727;0.39468711510576393
0.5094670216292363;0.6584600290289028;0.6084953237731247
0.3113482228269099;0.5172195574229043;0.371342279890303
0.21884590180635255;0.29948986248456966;0.056743689568179545
0.8817583708926603;0.9209440124492605;0.05497788132956849
0.6868383270346886;0.7521275987664389;0.9164972086783654
0.8018098549154704;0.4247313447590607;0.5615637672237823
0.008495859764592884;0.5662081696160445;0.939408068659348
0.053090947345176276;0.48037867332999074;0.6671708443718707
0.5780527905908055;0.2235779513216144;0.568977293068336
0.7524800394471866;0.8524231078749352;0.75164399663317
0.5131032380510059;0.5414180884742092;0.8868123810754107
0.6837795393115764;0.8707161323544906;0.20182724069419344
0.4651780498398598;0.8947954114394138;0.2595417171240243
0.8898988889605958;0.5814024938702523;0.08863628066045115
0.9056269973239665;0.8878031567898362;0.2700925766358686
0.6157872668363509;0.9359441488661603;0.6200587017589234
0.6083580800798088;0.01601186760399398;0.5854716334938833
0.9996586637564518;0.07989560455154932;0.36774843359583553
0.9389464747070827;0.6220270892844801;0.9875008365031139
0.19991850057576177;0.41213868468366033;0.4561852386032832
0.04001135695728586;0.19338777186475464;0.3013537947911954
0.650938207447261;0.9438560391044678;0.862222660747879
0.5416383919616703;0.8859022897506577;0.9982317959743902
0.2415633432433829;0.06929125979772899;0.48574645626617063
0.6837083329485102;0.4846791461564517;0.9111565928072918
0.487916417031926;0.8513793621844163;0.7325827193045232
0.5819779650678668;0.5680262148783366;0.4023431866621576
0.1650918109795555;0.7722809200176588;0.4930753797925642
0.9012543739830414;0.7611395964269325;0.4166224097971002
0.7453007832864526;0.221467732015723;0.6088989267940639
0.1358826891211815;0.7417180554966784;0.8930523479726811
0.12259951959543147;0.9513139585018663;0.08274628144696305
0.49109878102056115;0.20099836138194338;0.3545567418513774
0.7881789071163638;0.8702031064571076;0.834602573510224
0.615527640562585;0.18941222290977622;0.6476863796220855
0.784051873849516;0.6877961342920796;0.6303693927939953
0.18863068596027932;0.6276240209573368;0.8493334495028931
0.7594366935296313;0.432458194409418;0.21266198212391318
0.8389485911154234;0.34546459295234666;0.20090111489766693
0.6803643571575981;0.9281119454030903;0.9726720115615469
0.978785598505109;0.3907909847859733;0.45519081553501395
0.6565656791236981;0.5321531564033138;0.4564327901026024
0.025276429597612338;0.5914628342194382;0.010851443889994372
0.5956201306648596;0.341881920846298;0.540438325277074
0.9299438094254987;0.748199952262459;0.3284443438117203
0.46622120084871044;0.8304416250599531;0.7693863886564103
0.7521676651539141;0.4792817829620585;0.017514635317906202
0.3595042541757062;0.08254555371071393;0.4941830071415987
0.1970428907788716;0.14734592579621875;0.5989804084416858
0.8814344469616516;0.016000553102547554;0.765338549358037
0.1048227272455019;0.8212870410726493;0.8806486438164498
0.02689096785165812;0.6019955536300127;0.9456888996356555
0.05127333371784892;0.4312671625126627;0.030185732552938993
0.7296397037678394;0.08365386929541829;0.9284919043243263
0.008047777837171033;0.5647307453080669;0.44326720700394495
0.8241052084473559;0.3520033228291314;0.6311002312659011
0.05511408082924796;0.6315914597520287;0.5305109592826144
0.5834753211450147;0.9731991256373511;0.1095481216017421
0.00635074728831353;0.5895842448023093;0.824226811924363
0.9621809220255382;0.20158380542021082;0.5175021288526214
0.6812532998916486;0.1202024172210675;0.0037263934174586177
0.23907690233806367;0.6833445022388606;0.8145005986922134
0.23328471521667338;0.051949562257534776;0.4194414458242792
0.2733993811383415;0.7745123655745302;0.7833522583057241
0.9831580474578812;0.12443916310664649;0.6845257389159498
0.43222030055221783;0.05562547376954785;0.2685381641760416
0.5307308477610656;0.9955687565112288;0.9444797535121741
0.1712401061284924;0.09935833710474107;0.8198937591788807
0.5904312662573467;0.17386380165837956;0.15062630606983596
0.93695248361991;0.18315321228829484;0.8886190953788236
0.5645302876660876;0.09057084227443024;0.23361686574907747
0.480465588264659;0.3571196203206284;0.5808148286022466
0.19001849779847946;0.473957914483078;0.05662545381080342
0.3257513786622924;0.2575900174515283;0.49062538872650685
0.7046336085527661;0.6626160775277;0.32757309581092553
0.9714214265599194;0.38349199077968676;0.6716660326738436
0.3573744081892446;0.18761686427680146;0.7057575472661353
0.01634885020847643;0.05910075487338151;0.8754880988294682
0.7726572592628946;0.08187089718121165;0.12023132260538016
0.23480070037276946;0.5180173841908312;0.7178010214181408
0.2865870788227375;0.6209932863111071;0.30316646968872796
0.9343403022177325;0.8827683339097401;0.30752086359591424
0.6199996802678698;0.6404109869164105;0.3027613332582513
0.5139510915679965;0.5296679353758265;0.5899655930722956
0.8547504874074993;0.8766760233393545;0.6974831661387002
0.4034088201821612;0.33665041222443093;0.7219057672434687
0.4152442181820615;0.977274967028861;0.18064518373435223
0.19101214091340568;0.21946877284743238;0.02790631428070367
0.7212624756750603;0.425197242453093;0.8583894173285369
0.2404562721442448;0.016698391320031702;0.5350687894063048
0.6524184447228942;0.05520972154419301;0.11005733268994777
0.7560030752250751;0.395057717196031;0.027026104609494284
0.4015220461196164;0.6754912394846968;0.9854141460216631
0.4439152337008937;0.24687906324298348;0.8663580174454562
0.22032955437728452;0.9300195040449698;0.3352009673595112
0.18438291093673365;0.5843954823465441;0.7014332362945672
0.28894375054239707;0.6954795096678528;0.5693300235607732
0.7093268216433979;0.09542100035789447;0.056961693465885865
0.9358990820934202;0.6613882477468482;0.0493468275582013
0.7010518175970453;0.8454907030944045;0.9474446918670815
0.9917728924328849;0.3242934145598244;0.5313496890059082
0.3324827547630602;0.8818868716871611;0.37662858363307705
0.2975282838335416;0.9367580487331371;0.9300245128912016
0.39187461545038027;0.05791009443209705;0.9408103089392714
0.06263041345621712;0.8042702469786961;0.19345941752595563
0.7870006925125547;0.50417832378794;0.10470464644068678
0.8107669280320126;0.28004596084335864;0.4335959782071498
0.8732774643628499;0.0988356948579655;0.3447847648802651
0.8957595079668446;0.7279746822061934;0.9427842958261433
0.6588002131117453;0.7715810755876651;0.4831857575654245
0.8687082645226576;0.5051036668190156;0.15549360323776285
0.2008418842839712;0.877706751160177;0.04533826005679231
0.8725109540632254;0.3574090517843166;0.8407257808010704
0.8296958349145004;0.7662386993113228;0.15598364483456473
0.4793672074082007;0.9665416235292632;0.8760898389826624
0.5165784400186081;0.6780502882181977;0.17364505341520242
0.559344333946898;0.8718392064643347;0.9665904112843716
0.23557236624920763;0.8911889204050432;0.6325208423259657
0.9097362701429059;0.19035435637261278;0.815458722146305
0.4711215739027047;0.6746547301362638;0.4471992809825581
0.3661142420568435;0.8686121883559091;0.2604846320588998
0.5703443009852508;0.001361441052927792;0.8757763983649333
0.4117156271790985;0.30616206116751776;0.8592927756816916
0.39156394844702946;0.41255939550579734;0.9634921053558404
0.6961431804249474;0.7823018456598516;0.7108354931872891
0.5245672301955918;0.039844158968057375;0.08163028397098226
0.9805345539664;0.922770439482545;0.1726072455041383
0.7276520379707297;0.2251315975208007;0.6770178486061234
0.9022645959256049;0.9120348328976086;0.9909116966065908
0.20198954770242128;0.5717730140973659;0.9741384019376945
0.2230695324602736;0.9571110560070246;0.2515807103718781
0.12478599915009303;0.1167985114848129;0.13760453744773482
0.590413693813888;0.9868817154518051;0.528447046139039
0.6345970467265606;0.7060851487726071;0.29222072998378357
0.4101807201699579;0.618512802208363;0.732224438079209
0.8188397485500513;0.6125344503572108;0.5885240305786962
0.854344855347999;0.07624210454896951;0.796790703938687
0.6276916375220223;0.12402979621687538;0.681086617622097
0.9668887503144024;0.9360821782637017;0.5701735805151967
0.9840798422683337;0.9768742514278491;0.36186429504419126
0.3835296718051725;0.6601453078240865;0.15785398148175267
0.4276428527945896;0.5397857655132219;0.5868515357980026
0.48597454188876943;0.359989701648359;0.01398667835565115
0.2375087547137612;0.46160415135232025;0.01127107105557823
0.6935514001149772;0.3302260245160137;0.6216143533589163
0.07760290856297702;0.9425750788348574;0.9507300405160417
0.8865515115733782;0.9005965881325891;0.6719716821643216
0.3459114416078668;0.381194687152722;0.8974504562780038
0.07633015464377213;0.3819445243209597;0.31117568140538365
0.7641473626839392;0.9629318256614805;0.890067360212192
0.8052829841541871;0.8031147285293435;0.49394405765752003
0.9523226190707849;0.9146342583228225;0.37204264580076807
0.08161536887880738;0.12003678153636965;0.48984860424690657
0.8370927899091308;0.4719121994898364;0.6954805737251006
0.3309561852409897;0.5883151183775752;0.03196755993003386
0.3131442350671163;0.47031256060353555;0.9905872377574245
0.4918098585490336;0.8189614290608114;0.4434598570960153
0.8131633815433829;0.48413181527807003;0.3505075516619013
0.8500144881399787;0.5683827514663471;0.9600871118369768
0.525472362355025;0.3163438139427026;0.5891759517941603
0.4867939648540408;0.46688534776783086;0.558023208641196
0.13786494054740916;0.6119430829832666;0.3182444158680795
0.907689277501406;0.677574767723244;0.9123917514315983
0.3720636538820369;0.9878958747039598;0.30216646756261445
0.5352206958318305;0.7009241218089299;0.5340416066444768
0.7716840619192095;0.7949814124164396;0.935884681410858
0.12301582690083834;0.05459045770820359;0.9869370322325304
0.4124528406702612;0.21310210050761202;0.1815936862269415
0.954130786992793;0.7574339107173617;0.2410058430389479
0.17831622900685917;0.9236379330729708;0.13843443549897405
0.8909114463558354;0.5144098053655239;0.40444457828265246
0.675951097744903;0.5027900998526761;0.5056107755948147
0.3065483390668552;0.880229884980496;0.4267721382503975
0.7138802802384845;0.3035870581925063;0.1031627446365253
0.6215337830934778;0.6101650326456325;0.10930894010138026
0.3976299415228508;0.035806174295012094;0.020983563841352137
0.8716971748882199;0.9762809827805743;0.7488381441422953
0.17275317244608224;0.6733983195406938;0.668483809531505
0.1448674234556483;0.9220044840804799;0.06852864102122602
0.5778999558622728;0.7596279749669761;0.8115462229760355
0.7912812558910869;0.16821574856559907;0.9771521872550347
0.8670365214147193;0.30859249828750157;0.29357054628769863
0.36375719848124133;0.26090320794356936;0.19264115425104011
0.37968524525840197;0.8110389205150245;0.6957194835262757
0.23596662346411534;0.4699180471178047;0.20675168858735615
0.46071692845715473;0.23767577673035012;0.0027713674017112444
0.9383131860733186;0.19211886727472494;0.7589909549843882
0.4137075153045655;0.5367474576887388;0.9092467558280226
0.7567196215628071;0.8913486069428269;0.6290853460308284
0.7511391775055614;0.5845535665223965;0.6946238351841426
0.8569501570744467;0.930476403852796;0.29515561210573704
0.4082999600394871;0.7764575270431188;0.06648652986144077
0.5859360277725103;0.8815923741844381;0.3464599081899057
0.40979706352608625;0.8516876054566087;0.06909426195952151
0.9013381842468797;0.5742949108990631;0.8974880535325664
0.7092913224316783;0.6831089884517614;0.9551627954085673
0.7238081866914082;0.7068906038365864;0.7527733086000072
0.2654898744810148;0.42071590733768294;0.7559737721140533
0.9061460078737948;0.30194908783160257;0.34702940641522806
0.4959660009068486;0.9970423891327557;0.6809557329198619
0.2813384530401756;0.721595199985777;0.7440597669333806
0.495373887694457;0.75468391985553;0.14608085086235412
0.6794956258672514;0.5778096559961716;0.3476174741146797
0.6768983061315071;0.06832251142200063;0.930141994954033
0.8157358482211277;0.147709279262633;0.14098476962226947
0.3531609842636614;0.25521997274267194;0.9185159193124438
0.6259108144801201;0.8156682944827612;0.029315470273658883
0.4439470318730533;0.5118091674381241;0.842948940234908
0.9313993831984756;0.2323791049834807;0.5671434353564865
0.029967306171984176;0.7513976721626945;0.3174525110220153
0.6974265664191396;0.04091834265876615;0.008372798491240951
0.7089955616431823;0.9290547574819555;0.8087600958771808
0.9024758507450326;0.6152393921648918;0.37083941035279777
0.9833909782815758;0.681904248006236;0.8601180439095397
0.390128270908251;0.8445275733425773;0.8701242331752678
0.7684128341670616;0.15581898122456916;0.026390831127178327
0.4030904464591548;0.8122138742284817;0.3661037862377189
0.8576239198875617;0.47072521336315;0.1748650906830599
0.2552125541173459;0.4812946786055472;0.23030885561826497
0.5500804059120272;0.9131299575662725;0.18873767764308302
0.3452830695665131;0.7237186398055409;0.12714883424218237
0.22945128881444787;0.0350076663803468;0.729966526544017
0.8195905506446388;0.28813697974452424;0.38761033043953685
0.3710660670628787;0.47865248422424145;0.23717147267568384
0.477829739974559;0.5959207608265641;0.7578446247178079
0.5840249617262601;0.19527378907123738;0.06708284558586164
0.9043533761730203;0.5425384779251693;0.4922560995943406
0.5919502324819794;0.5223643087873037;0.0733509691557146
0.0901999300525117;0.08733037392110676;0.06571163767244403
0.4276556140008191;0.3325274249506084;0.38175131145134333
0.9812293661061827;0.24691404354481927;0.914203958235184
0.5602052906714041;0.2353777372889242;0.754116707775674
0.8561800393772497;0.6454749419348318;0.46167051427835304
0.5356261540601118;0.465609044935014;0.13388220706013854
0.828811647504018;0.1627368539359948;0.504186566561568
0.6231781923949667;0.8238242764781711;0.5400434436756848
0.6285313107654636;0.09590201216731198;0.5493911612266461
0.7589313488844269;0.8574704780878291;0.8983324271989562
0.940712745647213;0.9225367451683402;0.3296451614035977
0.5065292795832191;0.8210190493145891;0.12400033466936666
0.6206353471771896;0.6295187479074766;0.19945740003662737
0.6123823951792076;0.9270592185341524;0.6313944978065966
0.21521585232717222;0.9099404238883725;0.1255755659893426
0.8449159633351029;0.4254350101470553;0.1789362168658315
0.5563027150914164;0.9974027709010611;0.28573903382334365
0.5013229179569922;0.8903477352336041;0.301375355813815
0.623737894160129;0.6259438336085664;0.5142277476382654
0.6030189662120884;0.02289657488125374;0.4446417082902766
0.3060516595237813;0.10152730872629512;0.19028956423020116
0.03547221935624589;0.6082881563423995;0.6545175490626016
0.08370842127546851;0.8970157488636081;0.9787608050316198
0.17304602073453823;0.17744809492839297;0.66968451670075
0.12379072567681482;0.08253174075262881;0.7689275077939777
0.2227572124673315;0.6366254993874713;0.08544604538984224
0.5645967499223992;0.3010655827884129;0.6366058758078924
0.06970111382590727;0.8661470371671572;0.3173227002819574
0.24571191832914385;0.6293619688527753;0.0007827666272997025
0.1284569358128338;0.5431648569806315;0.880446718947908
0.21201178160089196;0.931924387498205;0.5115573765214382
0.7873340950342033;0.13984654787952377;0.9676887858148143
0.21966489319048077;0.8204898566584977;0.2184903505198137
0.8074487741866039;0.8446243585030828;0.8239906372550102
0.3810337962270781;0.14003648241674438;0.957792396384561
0.7580633636751514;0.46506771464600205;0.24707683672581437
0.05279112853001533;0.09410323808070975;0.6416553740477663
0.4047662793714646;0.6516349394936968;0.5518646950915826
0.004958277206331241;0.6996704530794632;0.048767555130364126
0.8201947497404469;0.528003091520839;0.7804491955004838
0.8157414113325394;0.7923003168003403;0.28030590196879446
0.8583950211172707;0.5628410438509801;0.2761197797688659
0.9237956640677174;0.9263033138747949;0.4780928606537981
0.1444186552984119;0.7201075517574778;0.9202561025792589
0.6118253942631418;0.7052655412742326;0.18241998123669245
0.753104273002003;0.7908456101806188;0.19166839992748852
0.358363331695038;0.41952496914470294;0.8603749159001658
0.3785278888809326;0.4955577320420582;0.0749760409175172
0.9776713577549679;0.6065963361963342;0.3497929188283321
0.23123932790413315;0.2781062633501502;0.8301374829119118
0.4507260081787233;0.4195245397090793;0.40138081289949923
0.5706481736360651;0.9154033200225536;0.26048851326714595
0.583724943101716;0.516077133184313;0.4957778193999801
0.1457721456943818;0.3621762623176146;0.5039293973424509
0.35549718103865247;0.10979862103783677;0.6861404193052746
0.3531569393650825;0.7093246756475057;0.42213392396386973
0.41813370119652316;0.2494087366403328;0.3400839165262972
0.8915300910040507;0.4137341521632598;0.009796195593483104
0.3888639895550712;0.20187607699319676;0.1099083080125165
0.3495373791982854;0.6047450652189585;0.10677544252598459
0.3512109190870236;0.0028474597261317625;0.2722902073958928
0.1404530505748064;0.7821480701371856;0.7393613633782903
0.5291717612610941;0.7743159847835168;0.6458607366376099
0.8864537171998366;0.06264359868240377;0.5682783984784324
0.2479587462317423;0.41908079826540545;0.5564577608917824
0.21532485285380176;0.7614127059340161;0.01337901554665899
0.07467343913492874;0.04655421323052966;0.7306825227015744
0.07375352506139377;0.5306555839226442;0.6987683361322451
0.5001750619321632;0.7436289284443444;0.32417278504126756
0.3830123265153106;0.4174405609360201;0.8748751644681969
0.40226781116991206;0.6100691502392326;0.09347399873059736
0.6702454018951983;0.45509528231782614;0.9727663116545888
0.6707632045734605;0.36059134452375285;0.3697477558879221
0.06641212531692686;0.5270246701768898;0.6093839034222283
0.2663206297534936;0.7606754632397026;0.5464501276366707
0.6095398000837512;0.5887727521729322;0.5135670933971775
0.3684914789087389;0.37875401501540495;0.6992062688480487
0.5090190536226247;0.6327760522378152;0.6267138269478935
0.1459878160610374;0.22139058035772452;0.2253862632168837
0.018961944137026898;0.6916956847474904;0.886401928689801
0.7665901042874366;0.6720626406296938;0.712156574300274
0.12439340223011008;0.19808908662405755;0.275883594060104
0.3046702152310271;0.9768605150019025;0.27404827117964414
0.17870110176046172;0.7516661618835219;0.29724051688434117
0.6947103829863294;0.2564610391559452;0.903502272656524
0.35165766170647295;0.09684123869811878;0.5863128136709216
0.44174506968074023;0.7767992468654233;0.3243920486123645
0.617951986988376;0.8340491837366326;0.9331006386395279
0.27633113173787305;0.9017642129248242;0.28515172284644563
0.8499121196969038;0.26508912489572045;0.10609055121941535
0.6698734309570008;0.044967650578107254;0.5316649515927554
0.9997581830749644;0.4661528092200464;0.8401446611103912
0.594117253281909;0.4116640576347693;0.97565875878198
0.13482894921594402;0.02211417256401227;0.13149823196144617
0.9400526939598715;0.037285686600875056;0.07727878998839566
0.09938757482757199;0.4482845361159732;0.11894111957514264
0.33987898024835506;0.7312962566438862;0.5043185578217031
0.1772735176746444;0.45596541624658893;0.4599566321344368
0.7561846589829945;0.6790847652321328;0.7332998266436418
0.3715276607804596;0.8018498343188116;0.7414736180739154
0.30611877888156436;0.6307439783416838;0.572699842203224
0.28006761073710673;0.7792979447183516;0.903116499677942
0.5555099533430035;0.5169628392583909;0.1484569372057435
0.05777249699605813;0.4340035888016144;0.5571259409569477
0.5214533647541811;0.4188318813753388;0.09344669331170596
0.4914190915860547;0.8070910710077188;0.9824653854175023
0.49285666689772434;0.11519516264867657;0.5525353428521532
0.6586999581805263;0.6868661880855877;0.7136944926297452
0.7156575289606205;0.6705363050489143;0.5372826908378657
0.9965130516004536;0.6044743305023759;0.5466098605077184
0.8853458197734755;0.2537449863886998;0.8201564646099222
0.30698864228921385;0.6747443001440835;0.3106174535845916
0.35859205324288224;0.04583947186778259;0.14357373122109018
0.15104694825436038;0.86828930190896;0.21893428895859846
0.6439770148704325;0.48737396597421456;0.6335962804773272
0.10535170691228712;0.3409091551452784;0.008149106395364814
0.2357505567093513;0.6456164434576562;0.8580947239388592
0.48247864484195735;0.7702638361594115;0.409262805107529
0.5705358948782937;0.8697018165839622;0.22692852639098227
0.909240238202496;0.286019804271769;0.21739511141553913
0.7456874828230446;0.7111914880794746;0.6616771658162752
0.76562547997456;0.912258064771034;0.583823245481983
0.6236549230425983;0.2034492972034596;0.25223014439072333
0.09865151915850778;0.27676807566635564;0.7091866337131921
0.7055446157096563;0.6561349462851408;0.6874391026390391
0.6213402571203348;0.9726776655514586;0.900210925565267
0.3321479149095924;0.6555789801358565;0.07459102561608555
0.42833743049328854;0.9714326368284338;0.24002090745731552
0.4004796045285062;0.026161866874814588;0.24864685787895335
0.9626896327629783;0.6675228153014849;0.1376229025691017
0.2159149525555436;0.8989403309878247;0.21215296899672664
0.9560853887217845;0.8445893456413687;0.5057499788220869
0.08749612612459634;0.6508330361309539;0.2620633419235968
0.5984818317236544;0.8713301681369043;0.313667141769594
0.6706835489769709;0.1738917287067725;0.2830203455910706
0.634083652940848;0.9880186308765333;0.936353021029858
0.2993373567705765;0.35926044800498935;0.334350130122798
0.5203562428903472;0.5024212822145673;0.24471419596471378
0.5988217568584503;0.6135589698974012;0.9979663304597739
0.18497633579337847;0.03724471033576893;0.13855001639768116
0.9536499842755524;0.6381870215599046;0.48462721139496523
0.5439141518406441;0.07631344609130097;0.34154171507527964
0.3298121008335312;0.9280116865754544;0.7898687803879658
0.015770603364793856;0.3345028045172652;0.6988860524130873
0.3039268455906775;0.7228849484099937;0.9664642853471636
0.024105176343945378;0.6037068361155782;0.9636997598255789
0.7587139630996859;0.49910418877245377;0.34128106963024596
0.7222215886223368;0.7968495833812238;0.6197068419131893
0.568840416655457;0.050253582291654;0.2738783485471914
0.8851261781378272;0.17283509732945368;0.3831899073878863
0.36478827109447476;0.5448085055601164;0.9926002680258159
0.08198978152839331;0.444785553768553;0.2977313256715626
0.6805433606940362;0.8790169736956562;0.013615515926521882
0.7752979207781129;0.7944359432446052;0.13263764741989748
0.5416535773853546;0.8751710148487637;0.6452104170064344
0.3964607656559238;0.4843042065152511;0.015586427436140471
0.7182958495146721;0.7117387876468749;0.1001897302007736
0.8685248257608718;0.4928501936163787;0.9224278145496324
0.5427072917124501;0.7081704916400269;0.8693946470895035
0.9158330266391524;0.39767652111943275;0.8332751787305376
0.15470002462263244;0.04319368273070223;0.8066645827701465
0.8112416664641842;0.46222619533486053;0.13120955590597672
0.8608968667390893;0.020861998515412594;0.9554690589052791
0.23222385782219068;0.7758608888437671;0.38140457249589366
0.6770087318070147;0.6240599436290458;0.04447346284067699
0.9807130684734079;0.6464282057636036;0.8856898765164637
0.3079010617303565;0.201775675880986;0.05128736353196117
0.4708490455571799;0.14407787200454014;0.07132709885650246
0.14214842475771494;0.5714676838409979;0.568599399891936
0.7085296659793613;0.9040610718931871;4.8772582552314425e-05
0.7663364003589547;0.5375159057013529;0.6084485032693129
0.8286222716276422;0.5915110628940294;0.5265635612944662
0.29752783750380896;0.8444277859871656;0.41044302414492384
0.7369651804461513;0.7171033566668474;0.2235556367703545
0.9120269128399053;0.3407149108459042;0.6611484044305984
0.798673086602989;0.527259933692363;0.7138397398200883
0.9130566113570349;0.5183613725903928;0.04839510208405706
0.8687901829375997;0.4293723920151805;0.8697491708583119
0.8300104236001009;0.5822412870822048;0.30700353642837686
0.3028488175605648;0.15416583524803484;0.2513617920972373
0.7518255427424112;0.8083238079872801;0.5246351875605334
0.11549544333021866;0.9743718613253246;0.3224527268172853
0.5951929162182329;0.8054458778508023;0.8296523908173599
0.5485916239059949;0.0525198760390686;0.17146625574485508
0.1600527434446838;0.6248471096782361;0.38346709538812807
0.8025131557923221;0.4187972251882507;0.6894023577075792
0.03685398263541595;0.8807528929079315;0.7631803347532394
0.47585008529118533;0.4569601346199722;0.7499509199613579
0.13797614553595716;0.35234808128319894;0.5970741457038689
0.6241889157249597;0.7705049452499917;0.7333501549986575
0.6911701439650144;0.5058352987207004;0.746324159611842
0.15787769207204394;0.9201058143047488;0.21172855007739833
0.9901292201951295;0.998761172440109;0.5138611998560281
0.4109521191050377;0.7389320881694678;0.9884816252963421
0.11391124456956292;0.8262483277581149;0.9195832454831907
0.5305375850879382;0.2953078686909584;0.885810610696971
0.7795857259082103;0.05182105367995826;0.21793257003549138
0.5827249337385286;0.16400094964006784;0.8163443963600923
0.4243102872777177;0.7401270953341855;0.9113055884514576
0.9848369186039228;0.5170635931674524;0.7601445000333047
0.7008367603448642;0.08926398967954685;0.07069836912392613
0.20776927024728875;0.9827983101317038;0.9081480059332212
0.33934775821515595;0.4822072204867457;0.7311621751023183
0.08068854884659282;0.7673405661588676;0.6763833033997785
0.22810032898963828;0.9389059999441624;0.5459322443921982
0.45315120207378623;0.6793781999334284;0.079053237762159
0.5695085656350802;0.6391425460647334;0.953175268384734
0.7799031845791191;0.7563332256267706;0.5598794750858908
0.11230473203452396;0.009274787017410913;0.7708051640852426
0.9208992631649259;0.24952690127849897;0.5017862130781062
0.21693873074518544;0.5446496802005654;0.5844148300841643
0.057510414489078454;0.2775116802894243;0.7858445287025189
0.6370345823760345;0.5822617559066663;0.4495889324584931
0.27304251330428986;0.02162278429487674;0.236947841755502
0.4618920564994101;0.08063691371941129;0.2544048038763661
0.209237393241003;0.898689229460722;0.5977087005452513
0.4025615850291555;0.9216925526209792;0.08255189825090736
0.673220962051062;0.05867907674550177;0.05733409681643009
0.7389478382019102;0.1786054906492185;0.5797099475325992
0.08318278765227993;0.8950336588082075;0.6813118310955236
0.9169410263973033;0.4942649753179411;0.7077122454716542
0.26322314446625295;0.9281021308217464;0.7380683138287462
0.01676385105216882;0.8175956134973835;0.7272689454782906
0.4073095620720014;0.7061672821867643;0.37524515269091907
0.4457515900265312;0.7719167925964716;0.8061791673479942
0.18419690910255693;0.9957493099539307;0.09785888627205075
0.09976630343105863;0.6412394309368822;0.7529245150949325
0.9692837553114905;0.9491913969174339;0.845539174705582
0.1830721580660608;0.2607674542982156;0.029627919667438496
0.9995204536172764;0.023091765033090517;0.15526005894422723
0.9785632002728283;0.2931899073101;0.7734636271704974
0.7194095773957137;0.9463625236556344;0.5331316472592383
0.8576113845709202;0.8112397744729145;0.015588788427720823
0.4096465870086119;0.7698111206036331;0.6542796867356349
0.27160095878423474;0.33325865116638254;0.051670660898983645
0.23951410536469464;0.94570263121007;0.10870501883181571
0.6979465485328465;0.12412983354538432;0.7825721887477657
0.21320432276838974;0.07182708340067756;0.5787119403322619
0.2003596030444632;0.43223116514013404;0.05214944334046678
0.9281416429485014;0.4399066146374567;0.8676965299249828
0.191699112058217;0.41595660653648914;0.07542101532295653
0.12031454934353858;0.6592153318638201;0.6360509413972807
0.2828611881885631;0.5588797669850063;0.30574498176691034
0.03237470322747027;0.7777065409407836;0.2865404624889909
0.9124134000871529;0.2805625759125574;0.9893951905446459
0.7778570718772856;0.45571044103462754;0.09661995337615847
0.6230786260925502;0.4830763994574745;0.12345076971845426
0.8263751800693429;0.05648922046874005;0.02196135677447353
0.14484108547043217;0.19111302686386977;0.842681023549871
0.051321342097388034;0.24936730480196856;0.8378508044820453
0.6658157170070119;0.3660007455557527;0.4069450072087708
0.8059790525059765;0.7164630480001768;0.33958151622068233
0.5733342141858245;0.2754023126896442;0.8483480647790865
0.9302833356371204;0.9310636722257827;0.7590623938286616
0.18616183238816553;0.7831767923710988;0.7130644074926776
0.37439379763130143;0.41851844137296124;0.717361501961384
0.48048192433155046;0.4410532079105276;0.09218118214776916
0.21004354315320417;0.9450428361055699;0.21379620962785906
0.5248121111098796;0.17009475506080818;0.7075452667321193
0.05674024135086553;0.13749553855783747;0.31268722285119477
0.7479722657313558;0.9928132979342033;0.033220989181237726
0.11858651147982813;0.4951765377956604;0.9563041162539061
0.28923094504853863;0.6889685529684332;0.8140096886358489
0.060509254388892764;0.3896196227636287;0.9218476236231137
0.04895662906578924;0.811465458038052;0.6484504378102506
0.554478698454031;0.9389767998761004;0.31984128884296614
0.7774297260759356;0.71769572021264;0.5808494252074288
0.24047242283611014;0.29612182117531993;0.03548930554292806
0.384624551691923;0.9014670350914928;0.4122472501103627
0.7020617774920627;0.5555513506403621;0.8264443095039782
0.2333773955376297;0.7986658065270562;0.31362595280737804
0.35440534748503194;0.3031682097178112;0.04232513483658196
0.2846224998508603;0.48961979390557053;0.938297359415184
0.408970692198084;0.7031029641109899;0.9262011410685174
0.25366156476007307;0.726367964677535;0.5788139621087929
0.712720589474498;0.583202496118971;0.8999181128343474
0.4833653365918815;0.7995188494282306;0.9110480663263401
0.07114530802292685;0.06594698274049948;0.2952487280915309
0.9581581126079107;0.13231870821767466;0.48453697034613497
0.504011535851317;0.7297430110652424;0.367943516001193
0.8510824620882996;0.7379315821845563;0.3646224896057879
0.7296776564151591;0.6364950552142843;0.8263926020408064
0.30862545406943476;0.016162558738930244;0.6731470362073193
0.5134694659882488;0.07727294419962094;0.7868526848517677
0.09505587067963106;0.46738490030573754;0.009203007145522912
0.8089620571925407;0.5748071060115845;0.7073201272441045
0.714579132916102;0.6367958734644094;0.26328152088314427
0.9943136836165574;0.967885518727241;0.7208814178306974
0.19214997673366319;0.7826430452696278;0.6572136883329717
0.7176209335996947;0.4272936931574146;0.12631842680993044
0.7157486793614942;0.38728654750175284;0.44100295802173883
0.49082323095635216;0.5368124245669522;0.607097883587247
0.5850223687065502;0.3570546355470199;0.2292558993112115
0.7326403895118498;0.5882518726675716;0.47604899950903534
0.03208659393668112;0.97638449298617;0.32824190714187795
0.003911295211906474;0.30900096536962596;0.8161051716192258
0.16007842459325794;0.035426991294960186;0.9919708337869524
0.02642991385275173;0.48533049067033773;0.5519888458086798
0.3514539594522684;0.7246936874391712;0.15576414130645677
0.4578691185602043;0.11917007950805925;0.10064500759575812
0.6717704580535045;0.12497901729568783;0.24353097190013884
0.49273720085973105;0.3164310588381213;0.6208974460789026
0.5284912755504321;0.678456017676769;0.8468275052978983
0.8124746133371222;0.6816087089100097;0.9484436220566351
0.17735189747722901;0.9146851718099556;0.6534116164730668
0.22874161301700935;0.2967486666226037;0.44566588378095195
0.17762211047584564;0.619339968655272;0.7872868980524954
0.8552681152972177;0.27905567658718977;0.7350888755471532
0.6677503509110128;0.5392532570136405;0.5442241115128381
0.646381644531853;0.23518030849532212;0.28886863581139144
0.4206180552771369;0.5116184699926474;0.22255070670450183
0.3784376618726063;0.14996549877023202;0.13195332376112578
0.29815060042416186;0.7401311679412642;0.31995737159031923
0.2100970478369325;0.7456400578365706;0.2887373253436938
0.8412417999493046;0.6741780771433857;0.341784471367119
0.9891255898633607;0.4936119522206325;0.1949444201219993
0.39881397094779747;0.886953673224713;0.21397729968795665
0.6237554555147603;0.024215221245648455;0.4626176304903651
0.7308116148307302;0.9321568946319698;0.34324655729359865
0.49163766115128926;0.3896648509449606;0.6436629814790665
0.7175412134204961;0.10579125523116262;0.8254924712127012
0.6484889565808905;0.4312987201818753;0.114125248195307
0.6494862767153295;0.7451683523928697;0.2634259753638526
0.46309517338524364;0.2567828794405881;0.6944691884421571
0.17207101607306263;0.44233764767739137;0.37847528325091295
0.5393583784944612;0.4431010564368655;0.08168637685677738
0.49103564721288084;0.5800905191389273;0.6472824858472842
0.7134169690206716;0.5007383931846024;0.36837379543032234
0.1652209324418381;0.6126547553902743;0.05681187855004288
0.3619864707999412;0.8285328911985157;0.7537999275784794
0.26885562765476156;0.5540410632194204;0.9139403164453153
0.8682467635303571;0.19220620621938866;0.36899889599656355
0.774828211859789;0.49354932720039557;0.6834108639255531
0.12029490865862147;0.696353420213673;0.7262287452928737
0.6044387512211666;0.8509440989723449;0.5288285064581186
0.3380450116105773;0.45199751556670675;0.911818751587165
0.9448072003977638;0.4570835972052596;0.739774946309705
0.20808134132892986;0.24146174412661114;0.6934079608471199
0.4785944008722006;0.27378381238450833;0.5668443760746077
0.8078290138607993;0.24195838596718966;0.781449374197491
0.11298676054376489;0.13536913523242078;0.24497826965167557
0.3764940334780944;0.8474653784659292;0.5593009375392585
0.9506950197903363;0.3501225217560944;0.7119670677526413
0.9304906311986626;0.5047312122159379;0.3783688776729103
0.7419519863090842;0.9361239527018945;0.4413632643063151
0.047741408468707114;0.8035998561086897;0.16092416312982105
0.9493653747616337;0.7723054189753951;0.4191359585144927
0.2745972597190903;0.10030489902074846;0.9858610914954296
0.21271853923023754;0.5965956734127096;0.6435558590817168
0.995289729568409;0.7397403114939763;0.956157251132595
0.6607095496707138;0.46490383877333696;0.3787552884048484
0.1640022387018193;0.8527069742469179;0.5221007039080183
0.8694904864077405;0.6283742218174506;0.38669036957253433
0.7265503134005754;0.21185254540812593;0.045279917139057435
0.6785737696894427;0.7423743515380286;0.8781831138677928
0.8505401411807578;0.1628699924657403;0.1633235996822403
0.9809615141418688;0.9866751991050522;0.012704860503047422
0.9468569883978782;0.2823278165914632;0.5936564439865836
0.03707979658438176;0.7358411988633455;0.5751135926444392
0.8544969536094962;0.7660053590000797;0.3781870792844799
0.6753306119408968;0.12265363476702007;0.815667362426995
0.18404685352888972;0.5762652917598203;0.4638704210984348
0.2959893727770081;0.0958826324774592;0.9838500556469268
0.47870114938806774;0.4011286556776926;0.3179914258788288
0.730544870337605;0.05218247584883973;0.6903486913767831
0.19115840986110644;0.24069477504301662;0.5214040510382244
0.9293615711202193;0.8523798207274152;0.17217375463800633
0.6805130323277119;0.02927785788824544;0.1942730192310751
0.138962460730488;0.5866140335688775;0.3864994041902309
0.5575012951030381;0.9902431583260634;0.14464137838142743
0.4867814019485378;0.9466736277861304;0.9392462311155463
0.5975514711046727;0.00480814769189164;0.23096283968622788
0.06647872645167952;0.26127670602471886;0.36819108245813037
0.5878711336623929;0.731721638992983;0.03987884775215933
0.9758443932383241;0.8532725266992411;0.7937300913177185
0.26027936288938314;0.2791192372024712;0.7408181441627268
0.027442811661616884;0.4523885484889161;0.8760629881690585
0.42337508741473096;0.5016310925805878;0.46916511035208763
0.7827478104965209;0.8376686717683635;0.7109967295639955
0.16382630327976855;0.06371513952064878;0.6728695618095805
0.2867800448341713;0.4806500253721846;0.021213201396215187
0.5552832305919392;0.37847559753059345;0.49812436231451473
0.16121511833667757;0.44926871355285625;0.4440859583346235
0.8235879095049853;0.4866357449528369;0.7339651511756479
0.9809621008576546;0.3185852796967654;0.7084007983262923
0.9928343840117037;0.9940807262861406;0.18021313520792004
0.24955574144729553;0.8867378887847976;0.6486680567386294
0.25771686740298705;0.06252488565095193;0.6285902424460352
0.9773394122566168;0.34904045007075046;0.41395762437879713
0.39077304407393476;0.29370029492560845;0.9399364268598192
0.35396171437956125;0.960365460758335;0.3123836199181669
0.3995663669320588;0.3102026006291736;0.8466506954399734
0.23381805221184404;0.20062325737045472;0.682259601528682
0.20659080304769273;0.6312039420043822;0.25069887914370625
0.02111263129902341;0.12366684760367608;0.10655155567016017
0.7241432771469007;0.8167493547451226;0.7539826396436734
0.023108714635117655;0.8988161168194121;0.5684917849044161
0.2441737060769965;0.8736127593460992;0.6755191532109512
0.9436507640829696;0.6778348906225912;0.007687116744184319
0.7545774244420739;0.9190902897052038;0.039833931980834514
0.4595370838415169;0.34647401975747283;0.42636673461067365
0.5621269174534346;0.6395734709613019;0.5748931053733937
0.9430161041678888;0.5969836258042501;0.1964690525648598
0.33389841314276014;0.32964135784821536;0.607424052146718
0.8277465476037523;0.4985183206410213;0.2994532571416929
0.24394862475526768;0.9831498428786725;0.471562188287724
0.16028812850359142;0.21266610291321197;0.5698382042722924
0.4647009581339173;0.4785010046160634;0.550250176958937
0.7125642159726904;0.27844078734634214;0.025008739385071088
0.9932823752765094;0.7347710579457706;0.14609643920990656
0.23682013349880682;0.27778467372750604;0.13633347389824424
0.7600968021032722;0.10724433469927075;0.2958396425563786
0.3187973681193105;0.5017505583011471;0.5391784589889448
0.28119797778088773;0.5132988245763332;0.735939604614389
0.21827722280824224;0.5481332259283529;0.7781029201381423
0.9905714520592764;0.6841585697278004;0.14101708100199972
0.1203915962068367;0.13921958557259162;0.41359999113992807
0.8132566063957211;0.27572533994085247;0.6827106816579587
0.8201301974617496;0.07444534418966364;0.18498729401065694
0.23458831113759993;0.6168357633552856;0.15514860190918756
0.4441522591202314;0.9196871252027073;0.6441643297287296
0.28542129191176735;0.36087650890865364;0.8427181401809435
0.7349047252923604;0.8051931338016317;0.6908088492331523
0.30695393634094603;0.7606120511257407;0.8942082021119061
0.9942650268144213;0.22685086191111659;0.6239095223209169
0.7031777593392107;0.9484672328781136;0.7012886648488286
0.40835547863727417;0.4703861004178628;0.0709201232031198
0.3227890088007881;0.5116111339934417;0.5334059347667532
0.2839866228537352;0.982359383578545;0.9969109513249886
0.8268450952271037;0.7970353811511349;0.17377584839359117
0.45013417139324774;0.9911009423864279;0.5978260234154973
0.5302004735444469;0.3922889580116614;0.9211495024802357
0.27362123752923995;0.9538493903525346;0.4810594216312317
0.5275462098044359;0.4137640968761328;0.4665466637977773
0.498042136799011;0.4152018136320129;0.7580135813933919
0.9980351333484453;0.07302205009249507;0.5001345851937864
0.5527672522723434;0.9425198265613522;0.05421125574436192
0.26196276219352577;0.4244413141392035;0.7997173510978771
0.40472819573620145;0.886366351417742;0.9221998391912173
0.6664895287070308;0.6712697451915369;0.01932706347690072
0.2338459627216155;0.3241100684542133;0.20729796333136208
0.68908085048697;0.4522576171223238;0.6695066540963909
0.30495800936727324;0.984363528766458;0.40834547148442335
0.4577096735870777;0.9845626767369123;0.6102267332029092
0.5689231145050789;0.13307870776699138;0.6808052563804958
0.6114120773196176;0.22682098876413959;0.10402796450631213
0.28802056201500204;0.028769191220425316;0.8599712107326474
0.7515614224804524;0.30491508845877735;0.43795386521629087
0.609881599037975;0.780747576833124;0.8324176778077221
0.5706635240159905;0.3047371798792581;0.22148028748687676
0.25016067953152366;0.4434489085298907;0.6591756600104985
0.5566650394172639;0.6052044132820483;0.32371700098676437
0.27539614509606847;0.31341586555072376;0.6647003171001478
0.9437009812199608;0.9177718480755728;0.054860032998264474
0.9385964611772971;0.3966197343842166;0.5767883676291461
0.024012422371038844;0.6676902519695569;0.21732320956930573
0.17528599560027003;0.16106553310773408;0.5868698772197853
0.15693179283991987;0.37785383667932027;0.1864373659210321
0.7716244839892817;0.015921692846282975;0.3308560498345866
0.4398177698900586;0.6477639411088829;0.9103826236111102
0.24056835820157552;0.31723716153401615;0.9916334192487171
0.4228955535222917;0.2910394824007576;0.0778802977540054
0.9822771496270276;0.7311258460184914;0.44716920353617906
0.26460513988911316;0.6749687868727776;0.6744093155575915
0.01786866801824405;0.6029748847814074;0.027693178267475305
0.44880532818214436;0.34890027960615055;0.9673585776398715
0.013777372665189414;0.3798519845843583;0.32055435964650547
0.6141394123886778;0.8450744736849679;0.2801584472445934
0.8729043527382216;0.6202966317108515;0.9670284397977119
0.9077099476747192;0.35804484314739604;0.6019478902001449
0.4989775303968633;0.9132298660060916;0.9194691902878391
0.002064151237019196;0.14185152165253012;0.39373241432877903
0.814782261852752;0.1287711805271926;0.9971469982108335
0.7159830453469739;0.38061716028445713;0.4136543649319374
0.24246239326530394;0.21319902007019464;0.6153221309324052
0.9840186577248434;0.7201134675868839;0.18279429763839372
0.2538788918109003;0.29831719514769917;0.36081540282783264
0.27139795531942923;0.6281030992225376;0.13556478767021674
0.40096288653095147;0.10190486350201622;0.674979095737872
0.4479466553937149;0.11676243873015901;0.4360175361614147
0.49535880821358225;0.48921838172678067;0.3112583416904745
0.03996170023508172;0.8270739196937344;0.5948974788075633
0.1140259579349594;0.6604079316214979;0.21732884103599903
0.9514055365694768;0.9229948707421771;0.585765347181613
0.6939853622278445;0.2673597309425697;0.4982082110562458
0.34423763228189674;0.3074393584879911;0.05851392316214665
0.887789437225563;0.7014852419204827;0.8422281074300056
0.40463005942031316;0.9552722075107107;0.681314925662008
0.11947694813360532;0.20044775900654832;0.6441296726358215
0.7185069457696458;0.6439365483247764;0.7564770301760873
0.5656165669168995;0.009356852389467263;0.8065971755112519
0.9612709442505204;0.5620807397921183;0.20557795301324744
0.6772487255471908;0.025640521244899794;0.5935261297416216
0.0367942629215775;0.17524213340304762;0.8046326684241094
0.4356889688887525;0.7851445179904878;0.5017014388374044
0.6260550484915752;0.777897205257543;0.8254234532476041
0.9882555836279575;0.8280662813809742;0.8532133325866113
0.8217854394761558;0.9270889870093069;0.45899298663025
0.3971756676084993;0.2799769373011429;0.18477622770755286
0.10864177121500984;0.6752272882818152;0.6433901126274187
0.431049489478162;0.3508123540240793;0.23606666159627254
0.3937055185627433;0.8585961497012629;0.6469555390487315
0.1034459591223027;0.0909917523706657;0.8946415556152936
0.11529868746419669;0.21463665057357795;0.6602340116799539
0.5850147205579591;0.7978731504383941;0.8243753004247023
0.3123297305278908;0.5370777869808067;0.02922867305491128
0.2504845443278727;0.10048793962065905;0.2889782959633336
0.24310271127935557;0.4387053410272882;0.8556927296047382
0.7214598490063671;0.129015736518573;0.2432575280034447
0.03440516491073076;0.12099986988809142;0.8161245782917057
0.8180697863692035;0.6255542798284359;0.06804363195893459
0.09331333980986323;0.43708798574759133;0.10736285733192363
0.5160492452105258;0.6343628911397826;0.45941926052863147
0.735968662603656;0.5523236005819921;0.3345826445882296
0.44873434042549454;0.5221286426305953;0.7395958084369396
0.7804156493310803;0.1106638267572222;0.805867427887873
0.07167181818791546;0.13065191270472476;0.8498129818691595
0.7157120646398585;0.5505156888448836;0.875296138585334
0.9343283431876892;0.7179285692329697;0.5434652216681758
0.22439096520441948;0.5470159044197582;0.3897968375788301
0.450732908285326;0.05865870486696001;0.9301249970545998
0.8323793795687455;0.2475927412839185;0.9159953959262235
0.9173197947484976;0.3662667547164393;0.06830807852415344
0.1097484159263038;0.5284031650097661;0.5624925622462473
0.7799432933050259;0.4134207118497656;0.1168889326128929
0.15327323733734977;0.96851787997752;0.25663816335128864
0.7107483277412558;0.8990541074061125;0.4929965375595242
0.47389991711080703;0.10873949417547302;0.21368679225156217
0.08141121329445034;0.302863935564891;0.05857969081541681
0.17873068522708613;0.029674890640253415;0.7518297415324245
0.05969637461301791;0.2888279958488601;0.5810433550784059
0.9835625360657163;0.06829496480688246;0.5395673194939385
0.6768860808872983;0.2298855073299616;0.7433442938863427
0.7056870581482441;0.7464521644210449;0.8472451420882989
0.9229227805039869;0.39076042297284563;0.22489751261171154
0.8593866656690706;0.09060447931763926;0.17926905967590345
0.22482829807743543;0.4886899480447461;0.43670174169833353
0.45240270403474325;0.594131508540008;0.40397651018557046
0.9200997038515746;0.23468026352088267;0.5581971010329394
0.7982262266437115;0.48946444873594064;0.7582585996893381
0.3186450381522905;0.6565749138208543;0.008461309622996072
0.2857668761433009;0.28626841221289834;0.9420212936360962
0.3945109349163426;0.023453977706822893;0.7327228382486519
0.47237638007239957;0.130024203845167;0.2005720176620439
0.9453815464625187;0.5833895463224041;0.3329761191553272
0.6112284047600195;0.5479665461192917;0.9946650763934312
0.21183309232335779;0.3288743766545892;0.023059832139390335
0.0468651078280955;0.1295115642970487;0.11969844261033358
0.9182453228290608;0.7431476984076549;0.31494098716247476
0.08242318344294519;0.9819622781739744;0.9604014454713052
0.5450817957270957;0.06455510797722808;0.7104968361852994
0.6728000488418441;0.6165900451561358;0.6103276596179534
0.6782538487634435;0.05140987406051656;0.6380434654975432
0.8573826453913299;0.25199920584568436;0.7561158224376894
0.2087151856617966;0.6019970497063334;0.8122603743694322
0.15681231316814725;0.9646857619037682;0.3995734082406721
0.09043379378859473;0.575901211931033;0.9888548535745061
0.24984792891055607;0.8054509168222674;0.3537501781698593
0.7389961584216884;0.3706331285782206;0.4151523792605851
0.7054316859264881;0.6888002835943243;0.3789829513779658
0.4683019230615195;0.5531865093858281;0.9607979196314425
0.7069169573661015;0.8932832755727229;0.026847894102106973
0.9458509097286585;0.5088982702164898;0.4171432762377366
0.09030118809685506;0.7744531437993964;0.36347371122454575
0.3016621494074898;0.4533068819133924;0.8130954197411737
0.8457699988169529;0.6751486212052744;0.6481430096102593
0.7747934404954846;0.00894501838320716;0.7128539407142707
0.7969395451076129;0.23845512863231622;0.42271464325226205
0.6501895006647854;0.20161181141688111;0.43730365002695504
0.25204085716286373;0.5591909966321643;0.516938640341028
0.7821392285947892;0.9175208927310606;0.19286749217317045
0.5691530162405254;0.28406522053926464;0.7670173555327835
0.2980532853331761;0.5215584066742643;0.8298983891429944
0.7533487451835452;0.105284505114978;0.2689356793748755
0.5564433137650835;0.11454412955278104;0.9597102996319997
0.11180692786082769;0.21055601591124884;0.32414399417526363
0.6041974949709801;0.7308520319793484;0.4310835973200775
0.9792634374303276;0.497544722132346;0.8556169028319462
0.33579200089707084;0.49375656593032713;0.8569800205294842
0.626812888168848;0.5010952794570688;0.02998497887357421
0.42009411061306356;0.9358667376457591;0.14748630522298678
0.09834097259263863;0.14637966959902005;0.06788090174451278
0.26526642835501113;0.1839119633829177;0.2846201470986913
0.6711479563681508;0.06030727612182618;0.5251017488008644
0.029634070886589536;0.13498701804031343;0.38157296345661296
0.53159483615112;0.19949241481257673;0.5230347503934591
0.008875933644937106;0.2990214211005202;0.2581681286242228
0.005706847656160474;0.04405130440849703;0.0779712564187971
0.5859095562115543;0.28276828546493604;0.33576329971527274
0.8140634668251865;0.6330839617556243;0.8508102703695252
0.1907998254002723;0.7573027680847128;0.8301187083450738
0.43382896035143204;0.6727300415660027;0.5837353309024207
0.04398054913706173;0.4552961681129353;0.7758999455249619
0.43870493624063545;0.48029819901335613;0.0948215806424777
0.16027111646820524;0.7687965789266421;0.7302741620559785
0.3581071974617357;0.4476799553398102;0.3398020968684695
0.591645221450637;0.7945551848417164;0.9353925449102102
0.26786810698186914;0.1797173046547369;0.7401109045370144
0.15902849560829024;0.9156609885030369;0.7068887012346903
0.8587565139682478;0.8214229008039512;0.3895254549432189
0.8909929748601841;0.4019794447966645;0.6862922382314433
0.5467674746843003;0.31542162947076535;0.5878862719286146
0.449728527010015;0.7027070812330056;0.12985739266530782
0.3410194910271912;0.11986799196998399;0.9800937756462149
0.12381459993532173;0.22743573296975683;0.5058960821184434
0.6208250715321395;0.2559964274535276;0.41088936721599445
0.17884208574445404;0.12453192750024711;0.14090414938711882
0.9773183988494354;0.15821572752512514;0.6529829351692299
7.593498215996419e-05;0.7746400298036404;0.8103602409614091
0.9229605998769178;0.533771948243622;0.2289198016356182
0.027971139122353494;0.028260343544326272;0.8047689899816433
0.6236709774819343;0.3933610856010109;0.4190651023079329
0.7566239400111532;0.4215889719972892;0.5940340868545343
0.7660251713209959;0.4844859366112221;0.8445946531689469
0.19769335633583507;0.04315666309721955;0.023728495359043422
0.28843468576903253;0.20359481373862776;0.4959994713639472
0.04814182420539426;0.03643354550341171;0.9934967941763798
0.804152861110214;0.6582626414019087;0.6403593223560031
0.28546116952477196;0.8236129141821478;0.9736999499818628
0.20558295295613183;0.8438425272917055;0.7568812577327123
0.6253071396629947;0.3721328325957727;0.669914380607316
0.3422738880694326;0.6024890610412662;0.47880762250025566
0.5621973557776735;0.215878781721219;0.4870224226162798
0.7123240004055362;0.43387130649229266;0.6343816270389873
0.5643664029580053;0.4052866547773638;0.5591388098226803
0.21528071294318796;0.1963337245533241;0.5460606237241388
0.9575216109418486;0.9399276197360008;0.06980139383951134
0.562445788513873;0.7995354356584973;0.0870975139383362
0.9039142999725328;0.17864720422950708;0.5259010411773014
0.14127818437221318;0.6468327884299985;0.4544620653913235
0.7658607884589054;0.5238520009663701;0.7724384984266539
0.32955588097064614;0.861331214595667;0.18704108923314522
0.48306048583354244;0.41214385363026995;0.17630510008345168
0.31678018834759203;0.44358024225516013;0.7401881196296137
0.990153438942928;0.7133592524425605;0.04352595312594387
0.2301541099316946;0.2453999534706065;0.5157243168118584
0.3501774129324269;0.49641581132853463;0.8193289827024967
0.019710007938177565;0.5812538690848545;0.5852228647543107
0.03101616118547168;0.4612453569163163;0.9968077852295971
0.0567662683754665;0.046799572577907345;0.07243718899819618
0.07763189517473734;0.06203101117720333;0.1782320284722717
0.2827704639131292;0.35116855786896317;0.07288895830175535
0.6425651243379187;0.20146783046976735;0.8090281243713815
0.7717844761774071;0.2692361070737108;0.9002809045658559
0.006574889403795581;0.7178718461073813;0.20711302397836928
0.0723702353763721;0.7402880833485369;0.5175412868129207
0.8326993174599934;0.6203837663335479;0.0757331186443837
0.4087358315759978;0.9826025338256763;0.31662240931341334
0.7501903694007773;0.2401434935665061;0.18801724967396394
0.305388378117346;0.48962110203906284;0.7174180535607396
0.4112895844196425;0.13132058761560517;0.31442512122433897
0.71413444715177;0.5634628792567281;0.8861673742337778
0.8629586220347429;0.8449599114561579;0.17665522306242132
0.4912221472327082;0.7867749525667076;0.19326581352473893
0.7423010343499942;0.7087417937973582;0.388602292077995
0.22692951900070124;0.4990269392019596;0.5705985011528706
0.16887819105423374;0.7129791444453668;0.241418019163803
0.48148175220692757;0.5439480711841573;0.48377489805843177
0.6593950149555425;0.4816343538789578;0.5375174904394483
0.5093323582561298;0.6067024588702682;0.5780442718724207
0.34292344907810113;0.9782448189886714;0.951092454173885
0.320814457124757;0.9080242334541619;0.1232154963674279
0.5903569066719445;0.17146867680079347;0.06473817093492706
0.10104049263125003;0.30168448068274933;0.4199049436052523
0.1325606475104193;0.2812135874274525;0.6346017725928308
0.735596888302794;0.7299454206252612;0.30133584099599797
0.3122046912304419;0.5078866570828182;0.7884047711864571
0.23843552260469458;0.3452745980550157;0.34709487384478344
0.844088332252782;0.027319485645577624;0.6118262628639726
0.24980474436223987;0.29258917135239115;0.3606061881711251
0.780084026639589;0.4403492011521124;0.9480554687662469
0.6880978608754987;0.6875405997725637;0.6503875601544941
0.3512795325209451;0.10541796221776212;0.37191717087988585
0.6970814896023313;0.7486283265448708;0.40495929504775474
0.6958828694888064;0.49716415415002935;0.5321298422805859
0.827875216374006;0.046545274580854556;0.2612092730217441
0.263904243758157;0.4383849329678495;0.42543783238253785
0.9063593278687224;0.3512159910574858;0.8177175500597693
0.38867045473341233;0.3055238307753425;0.8060679725269224
0.6900725782790336;0.23918767459987145;0.8242610935229975
0.45637342850293783;0.27927040990452;0.3259114634411363
0.827137475706432;0.008678792993733753;0.016163400825404572
0.6554068015118161;0.6606944538636034;0.4712838834856474
0.5960484763023879;0.33965967376166617;0.14261513502355094
0.4792484562958145;0.7484034651529371;0.40466776824132955
0.4517199654783778;0.29070237748027583;0.058601064109680134
0.5868714514217579;0.6591547065070505;0.42528889300356654
0.36627988522624044;0.6716653477827776;0.5764031135101424
0.2386402697748662;0.4502340088672847;0.23695594119414443
0.9180593705944713;0.9048816819454899;0.7828190177276001
0.42040423158543816;0.7284862698463547;0.7025744842520498
0.9492786052741997;0.8868906965493428;0.18024506921920003
0.16679877730599202;0.06112842734715196;0.9749643784829455
0.11094680733706996;0.10918488294230422;0.8551338857620252
0.24316144900675873;0.17987152438084597;0.16812089776620243
0.4392014020510263;0.326139703178949;0.7708699614987009
0.54097527602051;0.33984017689642254;0.027527771001740975
0.33345419829318335;0.7163887172015732;0.9016140219896064
0.2899949586057805;0.3254830221260193;0.9988667797037164
0.6252280536943269;0.7214154368736823;0.014242939239722419
0.728971951923976;0.5916507467721918;0.03191195992468843
0.44723268644057634;0.4638148171009827;0.6071080800517102
0.6991442548045238;0.09442435228122159;0.3507509622571564
0.5628325536511387;0.5625091331783432;0.6508354872000518
0.6505656155320659;0.41774157902857734;0.02415695695475406
0.29275899898122715;0.36323664826678914;0.8683313152898079
0.42259454031921895;0.675752042817054;0.9490401388489234
0.40815709457458504;0.1604028709887324;0.4237154691678686
0.003260109392867805;0.24353010137569642;0.6388862879158926
0.42557529487767054;0.06640217761135625;0.8434671571150563
0.7763098959675089;0.30999077922499685;0.31396371372882537
0.7517231466713512;0.38507364377795383;0.5208801522145932
0.04568283057569822;0.5338480212709792;0.5690670666955168
0.08607211721795094;0.6888589408632048;0.5410454422832915
0.6882388875070694;0.27631358437417675;0.2200640020930429
0.31864053861601527;0.9924534563137133;0.4001445179455313
0.7046992107121829;0.7173449196176486;0.9362091519610192
0.630205470471199;0.3076000996363373;0.632231846333953
0.43691572286192515;0.5560826389559204;0.6302443604045875
0.21775564114249768;0.478244365936354;0.5035659496517213
0.7522939102488181;0.25477874621054974;0.08443530583774228
0.7384891232491247;0.6472714253492154;0.6837017851274392
0.44161279339957993;0.9181404550146528;0.5178690331321887
0.06817480252750796;0.06854135032619302;0.12572533753004955
0.16801578141475226;0.6673523147949724;0.2904827593690358
0.5438732193418295;0.6778664079921143;0.04733659779684929
0.6039888637925743;0.8692228472065979;0.8729922213258617
0.12411110065263886;0.8660343658597076;0.2923276309716366
0.6282664538297712;0.8777819659794102;0.7207256295106833
0.5011157203741256;0.9334122164457841;0.28597755648854994
0.49571036114657285;0.8212696745986766;0.7758854781989976
0.8344395538742748;0.6999515856688473;0.6519580156605962
0.16514311113455793;0.5204492032548369;0.09993511073657857
0.7211650806302106;0.5073749460013853;0.1256334844807775
0.4488290373498176;0.7585524956762816;0.15733112288113482
0.8389299287972248;0.7711479653749775;0.619117511653963
0.0615570056571495;0.44706672427947713;0.3711087410056543
0.9453646681174448;0.1719392142989402;0.07231926923863974
0.43790695222315223;0.8091864874218199;0.6730775100356555
0.861605385552217;0.9415788894187541;0.055786057425431634
0.3637487976969557;0.3065003596171578;0.25241895516808144
0.25240084398775486;0.9428475452354922;0.20770296728191384
0.6287382658990246;0.10667265716760821;0.2872912383651768
0.9794987441786819;0.07212460222792971;0.9569229891495039
0.212490782920707;0.4895361414534164;0.5949046280932766
0.22133297476877556;0.9815795819752688;0.7283040071359631
0.47002237452975804;0.004710134943275435;0.5467125384361677
0.6812372245452257;0.008219953613667674;0.8438401547571632
0.10034020220477802;0.53216819424956;0.4529807579449213
0.6101062836513432;0.929378736734214;0.4951387617704335
0.5296115316365918;0.47022487948096536;0.052455564303177105
0.1834357785402403;0.5151794929842078;0.5947792885366217
0.5632567763346373;0.982130346686282;0.8885985017299108
0.4917244069579271;0.5851965449844068;0.402401479399616
0.804019276985776;0.10524893093880217;0.7318422695993749
0.18362847706073437;0.5019980027919101;0.6252412836283818
0.9120263889212945;0.8272013975478831;0.07109250337590134
0.6367276284511814;0.3614716894221135;0.03254717131808882
0.22673974615048997;0.828180984796989;0.038653528223923206
0.6916983786078506;0.9885759428179539;0.997648427422519
0.8757113200793201;0.3360969504825855;0.24457479883502187
0.10561630197638916;0.2805268588993587;0.24892877068746977
0.5349656824003832;0.2667572787001927;0.4876012122302231
0.04364174390488673;0.7093450594215351;0.7473504034734716
0.8440583094170168;0.5928863269037266;0.4143229114562992
0.2918728631770737;0.32118985691361024;0.2704950252672047
0.5961747650771192;0.8622011565595185;0.2433249170304529
0.04311635251413026;0.7294187662252888;0.042193295476367854
0.8846744411353618;0.12215046457815981;0.3175501559254662
0.6406196200398971;0.7572046701156714;0.6434819446957815
0.6888641376203523;0.9052830332327132;0.9104016983362752
0.7529141322895048;0.8753870715871389;0.3317151113728254
0.6066977930407559;0.7199894537988754;0.41965118183303696
0.9752681640997022;0.9701997399632617;0.06310147125244481
0.8721117355724832;0.096281893474233;0.04383627431716142
0.7858984931199087;0.1396390019748155;0.4622915103408056
0.47587024761696106;0.8035715952618785;0.8957681115076701
0.4128126108982185;0.9156595958194809;0.18457403863164412
0.11508328391076417;0.03757305378498088;0.9457756332263034
0.6614273794623091;0.7951194504933771;0.03410418345179911
0.2722128492685092;0.7492693672666944;0.801172878345965
0.6712318908025272;0.92584387829433;0.8542447970929989
0.3510551652008932;0.03445484288729195;0.8528953044425592
0.8579749317379508;0.452264505465402;0.28630458453463226
0.5185439521742017;0.23887229212656047;0.1745013313442043
0.21295782534418672;0.5075456459810623;0.4180031937676485
0.13516106823986151;0.7929934283754608;0.8446903167145478
0.7227587696378127;0.8436910133968767;0.1657265167761307
0.837141561066717;0.7247100433009042;0.5969791153750922
0.5329912894309681;0.6435486351702182;0.3793906591107714
0.9369566241230224;0.46949620619272625;0.19833226905942558
0.9374729209194316;0.13286216184510258;0.3317429639976326
0.09069406828491555;0.8001984661922726;0.0009747736403659113
0.41070666708354997;0.46028817610760087;0.8050262616689422
0.49939976678398135;0.49969207358530676;0.32163019055890896
0.2861453979803539;0.29227273988464264;0.5164385193333536
0.8835636205708202;0.4437406015859996;0.3256016307448035
0.7121187991845391;0.04955720083156134;0.7472292176810142
0.20351449687343148;0.6793959328468051;0.051653589375794895
0.009043945026466993;0.6935776684431648;0.7222652847545487
0.9239890508167306;0.7550188270948314;0.5027914562532189
0.40293042621106767;0.10149029683218025;0.4313746329996394
0.5388045424297158;0.9676664201953358;0.722235817792958
0.4156735751869368;0.5773208708754416;0.5819298697387445
0.378762577637502;0.21504547747105496;0.11031259070068733
0.5872757480819109;0.5071989374996763;0.9453909001890319
0.02703319943814808;0.05537285021815963;0.41381709743482586
0.2654208772042773;0.6350869986395432;0.8616813423377786
0.7565329072648342;0.777608654306144;0.34843120027655206
0.19491102702491248;0.7958809152115288;0.960865497443275
0.4299731994251651;0.3784414651592265;0.4349811782249242
0.05693745352455459;0.8669315868259196;0.6376394067842895
0.2863980820114891;0.785652297508522;0.1915174785975381
0.5921090841383089;0.4126515888467961;0.4739089866596786
0.026797451539252615;0.5265173884633485;0.6464312002003813
0.7094060447902972;0.5919601759831886;0.9187071063145024
0.5393273205756719;0.3603973146624817;0.8002851263346004
0.6759561976209397;0.8212536776009233;0.4923302790022598
0.8619619652752923;0.5917706252490835;0.9264222610604874
0.1844871356584885;0.7779785206107761;0.2288407417164795
0.2189896454714897;0.21722375874857014;0.26160964758436245
0.26876718615049944;0.7353281106290693;0.5552005413724959
0.985386590286937;0.7939315428891042;0.2805215666616917
0.7027699393848882;0.6644445577816835;0.024852165553346572
0.8568245203577021;0.04181189218965442;0.568622959502191
0.0805793345778898;0.9769477013097517;0.6025486627151436
0.38407384150364965;0.2573648775344749;0.8702166236372847
0.08422043804796786;0.5022177969566362;0.2885571924173943
0.08533278749818951;0.020663726427079587;0.9607791780312739
0.5974745379493009;0.3137491462617489;0.4570741154665863
0.9975637917136086;0.08577040062632713;0.3650777892666407
0.5750719693509742;0.982932087391368;0.46352291072862517
0.9061360199007533;0.5678253578425612;0.5446088220269929
0.959203748930143;0.7662142282744097;0.5211201780665856
0.5518895584377026;0.1616715501479694;0.6823193503900996
0.023455890874411245;0.96577656838432;0.16073772325133695
0.13610855814515044;0.47546374066185304;0.2312250320121979
0.21095970147764465;0.4476849022185776;0.9548277648335454
0.4935986417678322;0.884921969256019;0.6696024131830306
0.016887826264183392;0.8032605933520781;0.8153997766919472
0.9732843337039181;0.1350915225791477;0.8317635669542821
0.5983888099020082;0.2754871308052904;0.6787394947744678
0.44222920187496917;0.7727217562598582;0.8694198976281039
0.15133987830889228;0.04493136984345447;0.10466383183011996
0.3114943276494855;0.9125859036802455;0.837864731319356
0.06168398587930024;0.8295280419549896;0.9365631814681571
0.7005189683540264;0.13712462440360684;0.9524875237305331
0.5267116451657045;0.5753894363462158;0.09287354357440114
0.8641814860009656;0.26679878411581415;0.4846028470282435
0.8563121733220312;0.756384494096341;0.420407670740905
0.14709029650545424;0.6323732907262737;0.09472250621628375
0.6912765171222996;0.01386690455878481;0.5965253559611112
0.6921432805803499;0.5158135337501312;0.21093700134293714
0.2565142847928106;0.9037464944875836;0.4123593336562208
0.6638584077963452;0.7678425743230357;0.4869085037167308
0.9177597839643903;0.4310393211575466;0.3383963644566559
0.3950156463322214;0.5799296260223815;0.11667702133913382
0.7904655540235411;0.6983941956678947;0.2074943259854649
0.9146750233382089;0.2498913287961989;0.24109171948753338
0.06200065875247762;0.38340291188885;0.6230501053766501
0.8120274239933771;0.47605904798397847;0.708793142115602
0.0842052872382133;0.48572036224605875;0.8607978943315705
0.1495879372756861;0.4397084428524334;0.37055214033741646
0.6269749499498598;0.9407084211098103;0.9816172336657575
0.3844544656785409;0.20946300349657576;0.15175873241142257
0.11675074140177755;0.49843606890473824;0.16803095626372477
0.26598943892868754;0.012296117731391942;0.2995940083927633
0.03849235898541448;0.30851320346242495;0.1268353929921744
0.7321409724642371;0.07330087870446456;0.5784160171262807
0.157209429394653;0.7178327079213007;0.8446992311348595
0.5835900159875518;0.6642304687118691;0.35645585629591003
0.6590998567554679;0.16929353797395552;0.8751245212500501
0.7417777445453725;0.4458616354241358;0.7458379870180716
0.7235387654901497;0.640398706654032;0.8148592539273071
0.5568483603700747;0.5226919878700859;0.8446429064277595
0.5747142408126419;0.0887192693560942;0.7806483409765012
0.0699162556797518;0.7807045920651647;0.19479369446852146
0.11602845594279587;0.9582684179885993;0.7404582284202413
0.04566184220682912;0.6199129170304344;0.10975432721630274
0.1075071365071758;0.90867924379905;0.3832219459099899
0.1944126369607837;0.803080070964939;0.24843796107424876
0.07099365154979442;0.8746861164024398;0.9682397924410793
0.12485014718599641;0.33669761109983254;0.11086859643217073
0.5412035574666358;0.16638376392181953;0.7731538615655861
0.10443907715082046;0.7107222839960828;0.4184757493563296
0.28755499660153083;0.025712385005793315;0.3828051633229761
0.20118172767024944;0.791371305436702;0.6842721435522495
0.5624463121079131;0.4544955400147902;0.5503994123019913
0.19823312867298848;0.7691237742200391;0.9030795420728398
0.5606461227266143;0.37344491384905554;0.9580444630460688
0.19176691542346447;0.16161209968283696;0.16408407939118752
0.16397812468020612;0.6936284877730545;0.6007094191495049
0.8180237764341759;0.07690850937961091;0.46309588069334484
0.049896444293257014;0.035791024791560266;0.7152836852367969
0.9919555291057242;0.0661442375614767;0.5491690851177737
0.9219950567827256;0.12480187426033251;0.745395277184143
0.9400440521874743;0.09790593464942343;0.773889953353495
0.8891057687527872;0.653793037800481;0.1077846021280886
0.23394693812188405;0.1713469358985753;0.21768133415780477
0.21278672945388877;0.12518341441984726;0.25534668226799206
0.9295206080211774;0.6432126766901638;0.8602941601388618
0.5163163300852917;0.1408730345842013;0.47362645860173647
0.5307121557451963;0.35789627263429835;0.7616499005550752
0.22176401695611114;0.0429430017990412;0.35814474614304603
0.34469614598797793;0.3840591961620188;0.3440650182178563
0.30203629387424136;0.35516369268030223;0.9709207503279038
0.10753466680549106;0.2523271626184759;0.7967230792796364
0.47202951877837596;0.36406186106813887;0.5001064783307484
0.10063548432355784;0.7920035100340211;0.8117006514585616
0.592142716626402;0.8232992694086037;0.42232906124696257
0.42940705588808237;0.025763804663804457;0.499883625816572
0.9223711578079243;0.21402776534790924;0.8775355268141044
0.3831093997180425;0.6491393961090797;0.3790738316086404
0.9284449328159914;0.7759313965679079;0.30346261537176644
0.4781774088798467;0.07879075357033083;0.030012931380870467
0.11128771794446635;0.11618571419062051;0.1899398405688738
0.6256533838839906;0.681834122893903;0.06533861149362896
0.7967840343349051;0.3092976219165098;0.7587357160575431
0.5578493528688029;0.002170843281058432;0.5568235435446524
0.31313512929945686;0.20147571172879886;0.315009128054869
0.617083675090322;0.4272940350016615;0.42012712364690763
0.6491622059860711;0.357998775699118;0.97241867414632
0.7915986758976069;0.6359779559695324;0.43328445443100694
0.7843655486273318;0.7310652179125886;0.6071124843982394
0.7261411215485655;0.7488298820801914;0.5332114221793698
0.14952821702679986;0.2142659321216478;0.02814488606937604
0.011411280797550272;0.28185450771267995;0.07773931698923842
0.8034507917795993;0.6169894516341969;0.9060173410877963
0.9626050121060864;0.28820449269889903;0.907233757641587
0.05548377362913859;0.5509949379770924;0.8122553503050947
0.5225766217097085;0.3037432113559788;0.2685625871819465
0.9950032557879945;0.2552690405523731;0.29811312231780807
0.7726935177694287;0.929990843075694;0.526904670024048
0.34493190184540634;0.3740252116089523;0.9205545511623222
0.5641421191407218;0.8041285314435714;0.31183568737123635
0.6678094393522631;0.9117473136538278;0.2754706117764749
0.5809812406449494;0.7150213098240997;0.4301284344824682
0.8821261198545869;0.42854731341112107;0.4311800198171518
0.054287552337435874;0.49210089048810435;0.19496002285885805
0.3728598869040002;0.9846680569106894;0.26596675989186513
0.6642896715310788;0.02294350764694808;0.9802787324786505
0.8256983331389302;0.1629126923020927;0.9358408861075794
0.9120048963662936;0.6479368582300699;0.04283359659810526
0.2904859907640156;0.7920944068329854;0.4067797082407618
0.2098303539389248;0.4676289791911177;0.5514773761769894
0.7345646712210624;0.938993362018866;0.528595838173016
0.7088049791656259;0.30804827138937474;0.8814358769262296
0.446552569987568;0.0835480455119969;0.034892866190306626
0.8103368368091376;0.3487470103238406;0.5625321813785322
0.1358198348248829;0.9143299118366245;0.3171046670927129
0.7169695963136475;0.2560812926513816;0.09539537212073956
0.1207948148197805;0.476437262475114;0.24761567244016602
0.64601320413427;0.2496418306105629;0.16065750278586188
0.5709864824212152;0.08742647064573394;0.907414325335694
0.10670999481115506;0.28205965892908114;0.43336352532811995
0.04374920209173638;0.5930414848546138;0.888359769008006
0.4799632959045945;0.3777323791416537;0.01322562747240319
0.355926297399753;0.5827340467088884;0.936400462672167
0.5604189160903702;0.33623918285099985;0.3084688600201201
0.340452175352263;0.7401227562849466;0.8698935099712007
0.9464889695332273;0.6038558265804614;0.9052536240464338
0.8464070892111794;0.2789563731403809;0.25068552915144016
0.8090274182245069;0.38198620852764564;0.5701707235786788
0.40555093847260903;0.6890802425066388;0.305427705269981
0.08649780227331894;0.09224834244784896;0.7817331255405844
0.0019724372252722944;0.8292153674868842;0.004926650011958134
0.4610341150260102;0.6376388002016941;0.5513385799536845
0.776922780785881;0.7114321801185196;0.6089014337061466
0.41750338428685374;0.07448124960335822;0.9186254862879337
0.3416093628662201;0.022045543833828174;0.11649356836103941
0.6003746274723448;0.7038770344439605;0.33374743626929537
0.5687122307811281;0.44962071367552237;0.32375755101634496
0.9783168716250773;0.1440511152352124;0.3329711738748423
0.751388259408924;0.7178563550505075;0.2971007403303063
0.9557399024624668;0.5791854438289842;0.2824672366623704
0.9308226270514119;0.7172060460697426;0.9097257610072311
0.48136043679066387;0.19648622667301008;0.28672504482636074
0.5393022070739054;0.9442770841853255;0.5219890142562795
0.3532167017661204;0.5290487209875777;0.25077668540871345
0.175445606655804;0.763671188267631;0.16489380388567965
0.5555273424897857;0.8067030036940372;0.7098649788191657
0.9004040919949629;0.2999719237744851;0.5188672087215628
0.36625530685969965;0.877515827976323;0.7050893110290891
0.8221785462988049;0.7181438328361884;0.43395760043421916
0.1646063590120268;0.5108002621631327;0.24167788844162763
0.5838291476259084;0.6181742443445287;0.8983379293944357
0.6134355722286954;0.9481574298361315;0.5704740753895763
0.272585871278063;0.9994426614152407;0.020340583890636976
0.08137992094412361;0.541361946761016;0.022961979474854455
0.4942055154629049;0.5251683652858566;0.8658337237272847
0.9459547938681983;0.39561045268700934;0.3695569354284559
0.6862540919851862;0.09254665814399177;0.8976415783241802
0.006091150992883709;0.15662396177177162;0.35521221054584096
0.45732232204673795;0.033682152002019294;0.9250501432985553
0.5585029790265739;0.07802070219186097;0.7010437736581503
0.3697507204623304;0.8664262348872256;0.6214802042959278
0.6834051607321711;0.12310940152375693;0.3238499597024186
0.49878147583487553;0.8905298242776051;0.6915918173868036
0.519791280349068;0.32481506709744645;0.1579869196464494
0.1830861430248989;0.8367830269952508;0.9301758655102454
0.3676313528790527;0.6528126942683761;0.3481939497737039
0.7672389561351115;0.24610257356901044;0.17306004964638833
0.3757316581222586;0.4340611672278263;0.657364678917779
0.9168707273595474;0.36574461938812775;0.2807566854970215
0.435004498099288;0.15521989126945557;0.002897936315612859
0.7791400703105923;0.09056130962602849;0.5096425457245084
0.8715406114921753;0.10279223878789723;0.910629004272266
0.10104141452708992;0.4636988697318989;0.673046409902274
0.8775597751619337;0.6571024707188411;0.7085660502266949
0.6821314646645257;0.750076722940511;0.8356145938390248
0.971388788333641;0.5268075694740165;0.5567918713006856
0.6888553540934936;0.6147435629080287;0.14127670981687313
0.7738220043031963;0.8946732530798677;0.09476913195457348
0.6165703398383409;0.8286273709639033;0.4824936309547597
0.34246783313055706;0.9550016206144528;0.8637679437495551
0.29796397286747556;0.932648045475352;0.8436414098772166
0.08593284009990088;0.7362045558443127;0.9496885270055496
0.9300075142443808;0.8753638745898097;0.9641345633486527
0.9532281960631722;0.21980822090406937;0.7545199651848244
0.7089452343350937;0.8080840610515339;0.09255076080071867
0.20489069966166062;0.39552239163424086;0.8038932534705238
0.38962727990775237;0.7607958797782925;0.729570923881829
0.2381887322911953;0.47911479312458416;0.2976709935165571
0.95525327278848;0.504452878062868;0.6940488958689395
0.3737427331588232;0.7018369189178933;0.9617903206103509
0.256943816192857;0.11475812654770734;0.5660547904413772
0.4556704908791879;0.2859804276792378;0.44992135614798767
0.5984002990542704;0.7746511134847524;0.41167922189990847
0.5593911183118103;0.490893042155524;0.5680274973907353
0.11352277653598009;0.4646456651311155;0.3706450734545952
0.4896590203162794;0.9216543211825956;0.4504398645949058
0.1697377663221895;0.6413182767533904;0.4828934461514809
0.4525499706132403;0.6900323801736098;0.27790212100169853
0.5314833347009611;0.2129278283005448;0.2606438175290843
0.5431866322944886;0.07574841142482469;0.4460344506451279
0.6910117489512864;0.15395068322525085;0.06502040394096142
0.8913435428017735;0.2365906379026792;0.9397810244910665
0.11257274212635848;0.4126750604977617;0.06781418401078976
0.4700442301438361;0.002879853179988845;0.5663396602042609
0.8097243644588303;0.776348002693911;0.4809951786027826
0.8071441282854794;0.5544758568252821;0.5978538991938269
0.7588471009823452;0.7574990834823186;0.13434933328226395
0.4474712559669983;0.1239917924313283;0.660590313931961
0.4146316621074905;0.42661808532351664;0.38643339010926225
0.92723076100228;0.2449113830585753;0.023975202774879634
0.10955945432463288;0.8142679414538446;0.24327633277016503
0.9827549854665232;0.6413042887084932;0.03141056838565537
0.484112296402212;0.5650844968045883;0.2045339938187457
0.8309467430226781;0.5150439482940795;0.3940292642222065
0.7682107825182798;0.16688853634764422;0.9641782519521008
0.825251051952721;0.3545580094983294;0.06235929341712443
0.46317772168409954;0.47182026515130204;0.25756360497945185
0.6562972672873892;0.4283839119859377;0.8793653338986177
0.49481482284566103;0.13651006527132403;0.30689615323351527
0.7421876188109082;0.5969432472683356;0.19320145651642961
0.2290334121694121;0.34554734469185366;0.2933779076823111
0.3759434944765373;0.8868082146109473;0.7501484033560039
0.9263424890475691;0.07819248043512683;0.024160217108724513
0.14191576110714588;0.8893136090552473;0.06610820416672225
0.3758635331751895;0.6344605646310951;0.3297115793316172
0.8469743838442861;0.28369834691772566;0.6163248843163593
0.5031143748133697;0.04084844724619918;0.7525633433942519
0.6957996008639399;0.6399357129381842;0.4136871829160904
0.2688542543162764;0.46090328155862803;0.9759534765933898
0.3881953359578685;0.3784821969245853;0.790752661495368
0.5446983431596177;0.42846919023154617;0.8682570349905792
0.04361467346867853;0.5809843719513677;0.43889879611378557
0.6004165545128921;0.08078588079904614;0.8617305606200818
0.4046264072884709;0.18162791515377075;0.33579054460818236
0.8598941860337976;0.7501947739449251;0.4041055240616004
0.3166320054703319;0.9846187780810248;0.09645366522461296
0.5181161212585024;0.3949839717280129;0.24386448947115735
0.9208282589534659;0.6098831383515307;0.9439509602896866
0.6185666413553677;0.16721070480327127;0.09125618992018403
0.7190711832327664;0.15903132142126486;0.7948785734167122
0.7526941720756665;0.7721114538921243;0.31493731786510926
0.5431598744788145;0.93520542055474;0.8329654556681351
0.3833647669885205;0.20308647690488768;0.647018666714279
0.6777612415331147;0.22078829797574062;0.6845838983529595
0.620088691932359;0.3349785091945938;0.5116425228321382
0.3084376539045359;0.7469253578472218;0.994595174197797
0.6375183932135446;0.7136781883293988;0.2898988386933812
0.9081380515237718;0.20036254953837407;0.15305022413220626
0.7581525008513569;0.6774288285890365;0.11374655723920735
0.3657061482350712;0.9205459503479066;0.4589201329086656
0.15575346812770985;0.5366963256211001;0.09217620710647911
0.6606705743616399;0.9341053296917312;0.6236862665648346
0.8014070913903149;0.6777526539021969;0.8713677027417823
0.5089530464392216;0.9043737731170791;0.6151259044677223
0.8534962232312142;0.6875330455534097;0.5802130595788867
0.2252908977555328;0.07295173660401466;0.7718265360693609
0.37812614664958466;0.8910095846971142;0.7094302382624692
0.13170474401318766;0.1301258681453794;0.056057535524287716
0.4398264100306719;0.3379420341983109;0.10896857290166162
0.7496597030508605;0.1852926805954016;0.8798250295736869
0.8968120088894582;0.6690735184267682;0.02465789740235058
0.7550774268343609;0.846996027527362;0.5323114032400833
0.49063343492430744;0.5477583902183382;0.703921012079229
0.5588948203946054;0.8063017621327084;0.8934880995207951
0.014149260310249545;0.3370113064074034;0.9932096357665877
0.4841382277426146;0.7682363167537847;0.39313202252582014
0.3018755040716984;0.882106784632072;0.4441595063784747
0.3737944604505701;0.32575793407944875;0.6114573270717629
0.9880648267547117;0.7371124142059461;0.8366878927751705
0.5730595714724984;0.13981739981869523;0.22156948330043935
0.2159489342006664;0.5701993689268336;0.4530629100664809
0.49224738728680884;0.4644954931659929;0.8483180940113617
0.862498464747214;0.27315785298472717;0.7758860002013926
0.9126371275280875;0.458688144994146;0.9398544086090227
0.3608533441885863;0.2464358157828157;0.7631336656363493
0.1843324273857625;0.7638683696999625;0.8551691644943393
0.9262311884887466;0.7357139796566219;0.0778408977135665
0.589323847731584;0.7709888374888983;0.8349789547979735
0.6608688344173376;0.4562657163081194;0.6491531313442278
0.09825217793929264;0.8727708562720625;0.9585518477458559
0.3496339073638629;0.08473922402251277;0.37936555337411093
0.8603401672689578;0.29063341309287494;0.22500328235262113
0.16344338266865044;0.758063995731036;0.4741685046544314
0.5079247155628454;0.4132391049041825;0.9198350227215109
0.9398124042672237;0.25533764352487254;0.555709746363235
0.25808212597296565;0.2872925599532743;0.8995414528872375
0.6293649757711582;0.000875799447213943;0.9072590195566282
0.3335576079349142;0.7717945823021565;0.8605534213105613
0.7631944967043683;0.7652179261620008;0.8297430519702009
0.0805888052370255;0.7064205758010267;0.9725260066109268
0.5815899979459145;0.4323141787071175;0.13137849633486298
0.7629469571392479;0.8659991583730648;0.45699687566711955
0.6102582643005531;0.8824287020617488;0.8716939686861594
0.1702778867049386;0.38098346544387696;0.8474161747316423
0.8128396029635837;0.7055068151313687;0.5722393832483347
0.8605859212656607;0.1586549771385113;0.05619297220952235
0.692668009438254;0.824287658389845;0.9109752147901901
0.8106091011092491;0.44880913326915195;0.37501090255442393
0.6545611649269871;0.4841451404773637;0.6129693449082811
0.09945027984543242;0.7554768763055294;0.9510437667672225
0.3739542476525485;0.5470807925920546;0.4538992477663898
0.8899408154630057;0.6368547474558854;0.5520641093518434
0.08812773493797865;0.30118764011179566;0.7635324665172694
0.4283734403869036;0.05194101612485613;0.8268226035935521
0.2887390501467292;0.9184117493560446;0.7302422773704738
0.3711753236269837;0.8550989670801031;0.14715073175241522
0.00792988342677714;0.6868790875916594;0.5916979657572299
0.7853341972819323;0.15827409555173388;0.13020905762483548
0.5057767646502962;0.38870132583414707;0.3483209267900874
0.5145627471873413;0.7628257241696266;0.14602479211658026
0.42162198471457535;0.6008932003009874;0.28308789911356913
0.00642472683072115;0.8855613764342575;0.34546455586377156
0.9999924689998204;0.7319383142385923;0.8018472952630226
0.1385204349139364;0.32649311590707153;0.7100577137387097
0.5734686832176377;0.5792333721339091;0.5297138336596856
0.7639881552713201;0.8428687335482575;0.8166618842149191
0.5229971410124817;0.4362925181115552;0.08222176031133022
0.6762342605931713;0.40476571612358503;0.27383414242769144
0.7026858778951328;0.23224570564881264;0.4769465577637464
0.15629232838238682;0.42226370562816606;0.8255531072338143
0.4384908566880773;0.8993550927533646;0.581600125909682
0.7395745527285887;0.9010736932227026;0.03554954325663651
0.9115440554959297;0.3960174747936157;0.20348827631864586
0.8360123898686481;0.4154394342909449;0.21726957839024397
0.3050305667408959;0.8086507604588584;0.35111842999667253
0.9895874330012073;0.30122975614680403;0.6743166411627678
0.14251137494750643;0.1210868819063391;0.6439000434602243
0.6104060876328031;0.7236193236291507;0.7246979946404577
0.454088472233418;0.18657904731439734;0.9869326025208294
0.8309635245660653;0.38916245027098906;0.9644175848653521
0.4125908742855656;0.13697465259521502;0.5503187182128217
0.8607513152843306;0.797593958278789;0.1038667357690296
0.5603258135296331;0.35021982004748864;0.3695029481139793
0.6286285589678685;0.7038997602452561;0.5174577095231602
0.46691712934601903;0.45343676269973143;0.8078327429699464
0.6800998093362108;0.37778316996856776;0.6501372806809687
0.1086919918513437;0.46300276749427793;0.9262313673191181
0.012384980001232337;0.960917245540582;0.5334821498585303
0.5631508917313727;0.2247770691498282;0.9699511649617003
0.8170136814549378;0.7233248013135133;0.5307143298205856
0.07070713898425496;0.16752491906141387;0.6258798763955642
0.6711801543888722;0.8367761178848743;0.3908692295994656
0.7242620666879577;0.7895687332171248;0.2229262914961263
0.633158575833793;0.8677787370718757;0.9668826536177525
0.6594183801193199;0.0131639622487707;0.2937672383537562
0.6050914090859171;0.49293800042848435;0.3254363320723733
0.2839461594046303;0.16658940659714827;0.20609905356706537
0.5192189663310446;0.8354095056849108;0.28170481201944275
0.6482541851439948;0.08636346541509665;0.5961615446819004
0.5637944772306644;0.2452897650547574;0.11768091585463558
0.22431071679596404;0.24145171810516686;0.6924367083323378
0.8345878653059164;0.20591138942111398;0.2741707242439392
0.8921195404614625;0.0022807040944603507;0.6714887974725404
0.8366863163566122;0.06422690122432473;0.3281971991923782
0.7249080549870206;0.02344218230558326;0.5387231490191806
0.44146542979355863;0.06519146997332315;0.9787591859517843
0.1024609463943793;0.558530775706644;0.9308761949763507
0.28973824108001167;0.1626917194957268;0.47990204835350014
0.9073910988728537;0.47700609714955355;0.9959071717357351
0.9328671154112245;0.9799231270361912;0.8023503082382991
0.6604103089910636;0.8481855694426501;0.7497532856202054
0.2299870754930473;0.11899622577448088;0.8757302183499249
0.3638294418493916;0.920538226926278;0.5242381530851016
0.43002479549953354;0.9098569452334933;0.9215993736074434
0.6530087326181385;0.6528278068292541;0.4090369223279495
0.7826809019665235;0.008481966646000316;0.060209783030706676
0.30443401825437333;0.6798497055084199;0.83734392414508
0.059047222963885426;0.6388228069812047;0.418897943403038
0.8749408548772161;0.6085679412626054;0.18267385455471663
0.27106816615787876;0.8774525562677499;0.41349989210755234
0.482766148284683;0.9420443565176332;0.7256067498960787
0.6329185896634211;0.8380494716485694;0.1869118679760604
0.7270053596516366;0.8802744048750343;0.43090413905722336
0.2980131593305847;0.1330135169369302;0.025188825645491075
0.11476200949772553;0.8647367130295567;0.2575835586419668
0.921960091305106;0.22976968578305934;0.5179230352498605
0.021477907090952764;0.5410532568765353;0.1664137885611935
0.8473192602455246;0.35246085630967994;0.9445577272355036
0.15187774191763792;0.12463841781821328;0.4345880094211759
0.6192979043341422;0.8658997516021791;0.6357164319961022
0.03815911001530492;0.7068946336849719;0.005392385215527207
0.7220796252654422;0.9849006489428674;0.33634110115694027
0.8065949460444726;0.46266581094567094;0.2106923172650762
0.5071968395817728;0.9548631962860388;0.1122818116165013
0.8365706682371485;0.6625293935905593;0.47803167590696904
0.5672920431108809;0.003651400282009165;0.5700860810823736
0.5482831474347045;0.6380916642733809;0.6072482668700719
0.8178979242469728;0.35966747514915576;0.5864642186973879
0.7420212510315641;0.08485514335890298;0.01887031190880306
0.6416945118463437;0.1696136769019173;0.6912303496781206
0.6740547283726032;0.9400553955533134;0.06999200388402593
0.4151731733561931;0.2572769997795551;0.5943564935828574
0.7371687013250964;0.7554743954624896;0.5362334454010194
0.020661631433985583;0.8920858921703293;0.07990565482995682
0.8985589125110522;0.8028872748562376;0.38207134443280477
0.7915859018988486;0.35165066590238336;0.5779621413617759
0.022791955151400534;0.6773102690121585;0.48241162057286135
0.4772236026804336;0.7751504865909691;0.6015347739416782
0.5739732844054787;0.33638709496386876;0.2542139311615158
0.7894139600684451;0.3542503827332456;0.44205256913919266
0.9568105215191764;0.5822362584193469;0.7808916399106705
0.1066460432224754;0.35911091377607274;0.5290563157266943
0.4621624348954678;0.84580287506565;0.7830091210332598
0.363384798279224;0.543400102116944;0.8622736476690903
0.6554992606075558;0.1693015958083568;0.5874498438575192
0.9214011948127152;0.2870068585371457;0.4025697342844343
0.7196073765854621;0.21071575022183253;0.5128921863783202
0.11525957043279333;0.9437965027173997;0.9306871238752241
0.09845899128588964;0.6295182728806743;0.35989590030771734
0.8607035121383084;0.8976519548310248;0.9974692486466317
0.5757798336046905;0.5587567654882976;0.051926730622320894
0.9795944982062592;0.6260888839394665;0.2076148021774762
0.6152015724306154;0.18991811415111093;0.9008816860058965
0.7167960806783823;0.12428439118461654;0.08643172494106999
0.6991591806346384;0.3441986542750328;0.5881396480226352
0.18412542374744612;0.29333120360080234;0.9522818677785873
0.4213573563897557;0.2992648032981198;0.4529411240102882
0.03454157594961038;0.5382335775250863;0.5997794877630216
0.5612765167939667;0.37926096879823223;0.8685843073474638
0.6427210450363088;0.9871786929727471;0.25593792979246166
0.6258011410497075;0.04110381532887941;0.9302287917870528
0.1092002071632493;0.47760084630487865;0.09759784205400712
0.9381131336876434;0.3477888538849725;0.06510593433145873
0.5915854360996403;0.322012815619767;0.5700581837583587
0.47346309056949165;0.9803422799967879;0.9409950890691261
0.7425806129289588;0.12379900385193154;0.6450200586698154
0.568938218646389;0.17366822596695752;0.10415587484772926
0.835725821946343;0.2258793759688884;0.7009395050208531
0.9520555947232376;0.558338780272131;0.9668716537001222
0.15058209933135147;0.4140060256338832;0.3473207844764985
0.40905141868968475;0.14546808283289459;0.6551652061165943
0.5124209948020956;0.019794583456392734;0.9671391622692752
0.6467709923315029;0.6596986082569914;0.22363686301422292
0.7935650307822428;0.32536073607128435;0.7625824493945477
0.8335297882479105;0.17658309241881165;0.7796033512702205
0.34069298534296066;0.8962181047678253;0.2343323335737515
0.8867847232519377;0.250723819719437;0.34741291918959805
0.6011574599254073;0.4739617365476443;0.3569817065978569
0.2819989843408154;0.8855895961532853;0.21688933957072876
0.3358584011460578;0.583535942601353;0.3645066216734817
0.09525696613068957;0.7429851147470798;0.02380082122606797
0.34162926079052913;0.9450992881100462;0.18873436499889418
0.28231296087842284;0.605395648810203;0.8210369743496413
0.1415665934991559;0.40352512158379217;0.49697813884584974
0.3078965915173877;0.5856764013101817;0.0356862573627722
0.6122313255982392;0.10517956260005978;0.8179151097885169
0.686092959434047;0.7980676102291896;0.5106040416597467
0.3886082382316517;0.2764079130380258;0.14258304798654164
0.8594163161280886;0.3416295157195619;0.003291683120860256
0.4132546488895037;0.41750817596644807;0.6712031722935758
0.3969209381337452;0.18488887432428702;0.4783143077306222
0.11679619802650798;0.45283208279753717;0.7955464592574435
0.12833969053313032;0.2981348107943175;0.5930977269824987
0.8526281772814713;0.9357412671053942;0.4021984793703668
0.2250358439750506;0.5888006687072503;0.24302710478858058
0.5240285437347414;0.0070325815807738;0.34018338916683777
0.7933102696241628;0.9043706482844072;0.5909889688331578
0.05515624971119093;0.8928208990614068;0.5129433508778859
0.32610179275874074;0.8139794988346394;0.03541850801303481
0.4566757156806843;0.6595661458834615;0.9267524358193862
0.807685898221815;0.8639758158522538;0.18324723901722606
0.829509241577429;0.26018865076969144;0.4123964696903226
0.8301230976368036;0.4641090443079906;0.604724575926419
0.24545829652992712;0.1750740898930776;0.553401056832002
0.6266695438441967;0.08357210221372746;0.7841989215466163
0.6545038110179398;0.6235664635772064;0.8170210884205649
0.00212225763148588;0.3393766415421925;0.985176794087111
0.4420191454144652;0.8125555177683143;0.0858593628099743
0.1488755415047659;0.9794949421702183;0.6106808967680167
0.5518726538833753;0.26733550187409005;0.3120966996119403
0.8823088360580581;0.7117896288815938;0.9112647287893612
0.757629772329868;0.3061194096051647;0.9366150876477327
0.49139844368818686;0.5385897389675518;0.06002888349452118
0.7528272162253888;0.20115318336514976;0.8814523479489337
0.27005910606330386;0.3258540343191354;0.6107778626473767
0.33353957596995887;0.7081055779451624;0.619976016021387
0.2399685992946159;0.3302326383667421;0.9991393191636784
0.31041257991180826;0.9775363944547112;0.336472274366734
0.1850854667711085;0.7006026228065089;0.8898368029377761
0.6103987891912727;0.8223947924141101;0.5147005962435868
0.02606560992164131;0.25504577025304587;0.5817736349691408
0.6109546631179986;0.5538817069223301;0.5304834811538239
0.17854989455532277;0.732732659368421;0.3955952836614983
0.12596748065062935;0.7040456826981141;0.009755646165676146
0.7266071165441482;0.5611420432690102;0.49456071971501214
0.9958719168860048;0.8631629008367082;0.5292720952614619
0.3054340470189131;0.4226834396513419;0.5286240384722221
0.4710971318624395;0.8134150729208401;0.5379211553087897
0.2814096759182032;0.7482823709661998;0.6420310831575565
0.993604041586004;0.9287855901665385;0.30801248119727753
0.5349134023805111;0.6657993306049992;0.792543649975393
0.3138084899030348;0.13573534203915205;0.7128390424945593
0.9162613146664692;0.9191658614433403;0.257400827700912
0.39497413195837217;0.3981721331735212;0.8577847453492405
0.3255564515218693;0.48115413250783745;0.40853800567024323
0.18822497482117884;0.3513974668668375;0.09226246134070437
0.5390662574858274;0.8845662097395158;0.3873793382219902
0.7564787034478564;0.3178018728560429;0.32050356437455807
0.32875731949543874;0.3462424989858508;0.2257974310934584
0.7893119587330657;0.13414059931334554;0.3069925723089033
0.5085988618044793;0.6123009248446146;0.024821996197907814
0.8337957399937219;0.03641888293955775;0.881969120437799
0.9761262055397072;0.645904571417154;0.8852380779080972
0.26068590993546814;0.3401274951665755;0.9065104415616931
0.24080835315930793;0.7238504976042045;0.7336759396516771
0.8992337094353228;0.11369155352102656;0.08105227010402372
0.6062376363284057;0.08885539626370209;0.950823150121191
0.8954746898646285;0.46015163291375416;0.9505626751516602
0.3038120952255434;0.49780855755619735;0.1915116368902109
0.6262753818656102;0.9292919141550202;0.6979371761050931
0.4754552262580135;0.4433023422628506;0.22927232259018693
0.13923637211442408;0.6984086603451621;0.3419550341241585
0.9326265323089513;0.6469675149863742;0.13214158327732495
0.6895269684656272;0.8533277442095867;0.7661607007549236
0.4729740734473793;0.34891501813617876;0.8512497694846964
0.6985128701373288;0.831840095204415;0.6365204301697616
0.8149136558643061;0.3187751227183099;0.6568368929222959
0.212300272369204;0.8814493578480053;0.0336327740095802
0.1968669804943458;0.904822166723645;0.8589214897768489
0.6025787741954247;0.7150052402237572;0.9839414097059641
0.33396188731962606;0.15018973367623267;0.860098502239218
0.6573128081472057;0.8265559094940302;0.42356607351470654
0.8073582155532203;0.6128183764841454;0.4747572161878487
0.8518455439264765;0.8074768065510473;0.046559630295364696
0.3340405997953837;0.294112758586321;0.12347243403666353
0.08349984140830502;0.26522016063369114;0.2943462458202377
0.34592376078239273;0.8732024186069207;0.008528516059480018
0.5420672542937223;0.07854143278814918;0.8504999948019378
0.2787712172448463;0.25878632125840695;0.26911715953210547
0.7155585209237185;0.9671352850353097;0.608492235199005
0.6411690589989684;0.34916205475901163;0.00023637044280266917
0.5519189950389614;0.03901979881458195;0.9779352427234789
0.22651452041111975;0.6944728947708013;0.7491910652721283
0.2995951824167391;0.3049806108060884;0.956564577121282
0.6599552029992363;0.37366118170431417;0.09244195833073754
0.6356287275128508;0.4333495018457584;0.14319133659484173
0.4591800789015219;0.9391950791129373;0.17153717751401498
0.8651127367701552;0.44178195452291913;0.6970254555808958
0.7960745763672039;0.3702335780714696;0.49754828257024697
0.6910250325000417;0.8657782712211716;0.5806477437118401
0.8288322086063737;0.1996629075231674;0.21475320357180916
0.914505001361674;0.5379145583099255;0.5968026935688149
0.5702261873488224;0.08365823107227932;0.8348858317263028
0.7796780407698964;0.1940823653214626;0.027312517057197616
0.7285073260464717;0.09227622776301714;0.8545941997899116
0.7219856177569491;0.8111941404643177;0.05878736073440016
0.1789641772576881;0.9440735674464201;0.1928079337140599
0.6884550631559638;0.4298670878812514;0.6883408304139798
0.25121316308356545;0.1729187388587059;0.652062107452215
0.9323666913214191;0.47863228799076296;0.1626528192841299
0.5945108969991695;0.0717611970781864;0.6095049897968281
0.4809261915031692;0.058115959474276946;0.46351858738345997
0.959109484226866;0.8633740762064732;0.3394300903528371
0.9161315585151122;0.5433172137255761;0.37455261861748357
0.6948478810099006;0.34066144964518175;0.9267649411558183
0.5429341007980583;0.23862451888063063;0.4209102526742017
0.2754683461676718;0.0458282899131226;0.7576773032968542
0.5344384430137353;0.2584830833391065;0.7433632091907951
0.5672910500154332;0.5634411533396428;0.5509282676440187
0.4095508814736889;0.7641011686900467;0.45520369648040304
0.108042957086669;0.025832894423524544;0.5073276018375054
0.4939577648774668;0.7393576442889332;0.29851237255309204
0.02848286255891397;0.9982045264952373;0.6128361508813955
0.5489231392121282;0.24617702630708815;0.6307024058867866
0.7683374699577944;0.7160542442235169;0.5680482228547589
0.8007155895541028;0.9670774798634291;0.18271406226320386
0.9947374442413283;0.6456573562698744;0.4024633821550876
0.9473515182599797;0.7146440608832066;0.8402857015700196
0.8807801580514959;0.08817191441779404;0.04873773203629672
0.9198044272594641;0.39891930427378663;0.8333195450924319
0.5797555726772404;0.392241553696566;0.2228050296994949
0.14252715397646032;0.0830335097111754;0.13876307684935785
0.7894300882315686;0.9077611085073782;0.8946668803844307
0.5392933363207167;0.5241511341064059;0.8800781055292697
0.9163673971380066;0.27585250616992973;0.34849736189358316
0.3843680754138671;0.6182099966561753;0.4332257520370264
0.5727742167407561;0.7932574422648656;0.3831048838201989
0.9938419988766306;0.5666914191689079;0.4325866092387848
0.4206660247188163;0.6460566755774159;0.4400630713921104
0.8758883381919517;0.5922296544567384;0.6300836683492168
0.3470315570354072;0.35946128914720654;0.32547281766144287
0.061765904479339495;0.7006082170144164;0.03999764441575704
0.7151432034393432;0.3456529528637504;0.4916467108546143
0.5849242193384069;0.9515864137892237;0.1728907498530997
0.8065462112283348;0.24761929185622333;0.22705632668624232
0.6542052276474273;0.44572110834246714;0.8280800459417315
0.04561357347793904;0.5252897055287874;0.7333119814897435
0.8823441739609642;0.6114877158914859;0.2801520439903322
0.4809239324945688;0.7364575756882921;0.8443996178714396
0.7582538600721542;0.7717218380200442;0.8733443458755568
0.33731329803155696;0.001023219183347801;0.3157370335804256
0.4705305974326852;0.45288212241526127;0.0818266471490382
0.7919386254184916;0.6280582227313808;0.8536330645626966
0.1549737793407694;0.7798706773036178;0.8494445247270558
0.5072837944706178;0.7541921074426047;0.6563133595626836
0.8749405656484027;0.6080398008128025;0.59659769399077
0.2900507508001565;0.7876362901274044;0.2845851389800379
0.008470595304231776;0.9630756984619883;0.6765362961495732
0.5408236784922573;0.7776478502129278;0.795080825660814
0.09137439810565495;0.32793717550159485;0.4176289274167906
0.03569417505641559;0.24901632763560888;0.5220492706744891
0.5707926729681007;0.8593573612334082;0.6032749375476574
0.8492621625360379;0.21869886626242252;0.6351923068757271
0.5451065983691407;0.7126314558932629;0.6232453363049026
0.11517118321426345;0.7543748203534725;0.9215969928336892
0.11731905267368514;0.08424053934895492;0.8635336062727346
0.9819429190574709;0.0360335617867259;0.971405143177408
0.20963965552974428;0.5480303223167113;0.33730581877840415
0.795778490627436;0.9008769084245561;0.19839919842522613
0.678661306129694;0.13926701831596644;0.20500448575644903
0.18834622862198291;0.6455149837449613;0.10810266827169279
0.20989073659600643;0.29099005492768304;0.378397849177587
0.0922081582094062;0.6724076115792333;0.9156590847535069
0.3402069693691181;0.3237541320887819;0.3465065889075243
0.25345053634922876;0.4890393409471563;0.08498105202466966
0.5060402137340776;0.4738509803520612;0.3864115862780856
0.0005696999623717725;0.7664739042573543;0.1693614908645683
0.7533054629681375;0.254415900487434;0.85958897138886
0.19687379999454613;0.5735668279915761;0.9015750084209581
0.3127655696477917;0.8917513358546948;0.06664596546790558
0.11025138639336352;0.7628314994595558;0.5034085609314758
0.959384307378098;0.8101389047622821;0.8698183503853016
0.06806059390981967;0.6134131470594456;0.9473639247400228
0.5697937046363385;0.5065601962679022;0.22187978246204854
0.42434397646010935;0.2984363131808574;0.713145146235011
0.012108800517408924;0.14396772605170471;0.9115172551795823
0.9749527663243746;0.5160321356124334;0.7102434310344853
0.989661805956839;0.9429286317003829;0.009123215143605812
0.9560198921591374;0.993168776510522;0.5178330270910108
0.10996901452111085;0.6157928499404219;0.022945207049598793
0.01299140987981462;0.9262965156371981;0.3145875529976677
0.8544129221131015;0.015548721854995784;0.1113497349031225
0.32269344396233024;0.10001526392172688;0.15067929113143486
0.23922650016637348;0.9359174868966244;0.2659183665310747
0.37381273932176184;0.8521809903024529;0.6422640871588603
0.47448473112431766;0.7546880106644223;0.9120901336915803
0.2476041554395827;0.8373731532825203;0.55715724370764
0.29193436923980587;0.7473056849553854;0.49611054131025434
0.06310970376456138;0.7036166399019037;0.36427479742620583
0.03727217644339864;0.38144330771366475;0.6566304138481915
0.8575940784686539;0.20785787229180896;0.5590658786504639
0.527333044724644;0.4814939986366934;0.5977178599822115
0.7300681813071722;0.004501615176356055;0.6830952194564042
0.562505380735738;0.41696623354762385;0.7628450594081361
0.6182529628623975;0.7803178884516231;0.00832683614432883
0.09603335496083065;0.9097920975651802;0.26082447739174064
0.059192688024699236;0.19601196587428316;0.7763348854007924
0.43809271918373993;0.08560512184087843;0.5269962315306896
0.3675871805366381;0.6629689511320959;0.9452855337845522
0.7843146869208392;0.7418244065446906;0.9725607789478362
0.5683003814571798;0.8418233304672157;0.5261370348080072
0.7159664939829267;0.23609182551602004;0.2268397744917907
0.7264414530007334;0.942241299513498;0.6827911483714216
0.40376748862340817;0.5985242096602887;0.5179919797372927
0.2363179572383196;0.6179609191706756;0.183554573621302
0.3486489330331791;0.016430838343167276;0.8524564279814547
0.7272684372824827;0.16380489772110174;0.7687238501261843
0.9939823275226148;0.9545678321155032;0.26518327528518193
0.2756365165403458;0.935604748040376;0.044475410891333444
0.2982620615860353;0.4972863417376764;0.12873227709874557
0.47610888240540694;0.8057392931381504;0.057680365138138456
0.2535653358649893;0.10728367368160086;0.42078709443931506
0.016063273124933608;0.7955823536206998;0.03561124390456738
0.1069433023640266;0.6588858136220099;0.6078549372341315
0.9812968566430165;0.8342492398153895;0.06288863274108836
0.9845841301964852;0.8384468450557457;0.12979387273091747
0.5623594595543986;0.5334373178127823;0.5917270611962103
0.7544276339699465;0.5674295762523084;0.8713928095477761
0.7696006607975366;0.4731380345253543;0.4926742836242406
0.1970025518012608;0.03811584838096571;0.07068405344805984
0.5600060285065381;0.17644585579750904;0.14451051729517095
0.3247702810632691;0.9827312224483504;0.08372623880912378
0.41505931942214425;0.6911391003024747;0.6808696568636615
0.5919570593141747;0.29925340910299736;0.23473115022114044
0.7797843504765776;0.20562683822972316;0.349754492027489
0.011684618098308786;0.6435496726439699;0.2449857087205337
0.04156585326009965;0.10096435923406144;0.9407847598196479
0.5192535971592044;0.1421350154441411;0.04925466665762479
0.436502099518296;0.33155327213727503;0.9820346801516565
0.6586667918586242;0.4034995143493466;0.8361928845667106
0.7541604416078377;0.9016475579545137;0.05762960116253324
0.06938454418083739;0.6035260967950533;0.9269862137872912
0.22986903384608826;0.18467792674503747;0.9208318659422181
0.15009848486595456;0.92194621230313;0.8458342693134385
0.7888158205498641;0.3993511641765799;0.8980811910482653
0.9651388701223778;0.03006281626913898;0.9513348436516815
0.4703406716211088;0.7145531443275476;0.5444911297853583
0.5905451495026913;0.6030858907233952;0.023219186469303432
0.25829548547882253;0.629378521810925;0.5266383005131008
0.5472510333185528;0.06604851906513376;0.9636362840095328
0.4456428393178543;0.09619871522076717;0.21715828987371733
0.2612474677058415;0.4094664533031286;0.13259096713074636
0.38266133543342407;0.4214964942112911;0.3466200372179762
0.9911695101877859;0.3116021506420662;0.9725885745033446
0.26570680470896024;0.36570126563233174;0.7990905360313263
0.13920694668218914;0.08215959428837416;0.47389796522868877
0.5911659601371281;0.2815302183192353;0.043344895582846266
0.8380850743379104;0.9746638621679488;0.5398267655975129
0.41596470870957014;0.8354643769849011;0.15692591788173282
0.8220865557601127;0.9831771950351944;0.31301173150051464
0.03552044508296981;0.7906030096574483;0.337571191619352
0.4895286352870364;0.30254969944347965;0.15665563124222814
0.58316424937783;0.07536349511981022;0.05813076578792553
0.19880613605124808;0.032852545059552596;0.5818774592433311
0.5549538062325723;0.7778457784995503;0.3962517942781255
0.430288745720375;0.7073085929121249;0.5466045208106713
0.7316324023899703;0.5720607937327934;0.03554478109010373
0.8330447858015331;0.3249958724650226;0.0062321232890849565
0.3784674504575364;0.38811878654805565;0.7150187234654461
0.4024141075599521;0.04227866528395541;0.9046940327294887
0.2564466538120507;0.533861060856916;0.9339026472392676
0.2675164629548682;0.628280603089728;0.5961710080384142
0.6900528473701937;0.6930734322453954;0.7026116389037842
0.4748069659898573;0.9878209293081757;0.9929325255941317
0.9832190027575118;0.6658502808346121;0.29729962668286547
0.3591249830855483;0.47073150921661433;0.6306681668844774
0.7498707195468229;0.04838796121727118;0.8725278235500036
0.34945203992491547;0.730831509689176;0.8489635247094227
0.025314883599540705;0.4786319581879269;0.652191054113064
0.16609458379783937;0.43017494597242656;0.40338620108305434
0.2683363418902417;0.32316539194710947;0.09581775289514816
0.2911129477555301;0.01564699883403553;0.5255514695491146
0.6013403359412777;0.07744484534340879;0.9195709381502161
0.40344592367982923;0.5824382750155057;0.22646986243475276
0.015749187665426545;0.7479780916333307;0.9584972524482034
0.3745000427871161;0.19847215175126953;0.9320568302487341
0.1912896492535605;0.08593088870833276;0.5211744183951308
0.5740633212694958;0.5296803574399266;0.7032606556635986
0.4896947939880638;0.7170622301813062;0.012843719678629961
0.38631458578554245;0.7037496563705771;0.46841875097072083
0.49900009754357166;0.9544970665152228;0.13907111860275578
0.5173809148041422;0.8823974624715036;0.3101053450436656
0.3536259642227777;0.6462048720150251;0.4536173318481903
0.21321358686736813;0.020105232628699787;0.7777549385783183
0.9135862559716011;0.023224906237861;0.8705893694530993
0.7453402579715137;0.5212774692212458;0.5987599781781124
0.8777363907996654;0.31586942043895916;0.764562803747244
0.08087059799825702;0.018225422859925566;0.9182651578494022
0.6865985324126639;0.8316709580932966;0.5465071597201715
0.4465953121502838;0.8575188732739435;0.5445163339743981
0.821513678066657;0.4217383790449266;0.5272927820550078
0.13437823355511158;0.6377263620725315;0.026230666669447844
0.4096829149623884;0.9132869443482412;0.8864988293447167
0.48004263654479773;0.4166410267600996;0.9736735786328234
0.39840887208774345;0.9166219102263503;0.29037926434208416
0.0758411118032728;0.45721584539253646;0.28849840946810634
0.2581477818279774;0.777562831597317;0.4712821579091233
0.9272332047573937;0.028972770042286156;0.4889388810301424
0.29501510722016777;0.785429408148764;0.5568248466106663
0.003924322556264737;0.7505330999757714;0.7339704051309386
0.5303556940777934;0.41374640013453723;0.5067682539993653
0.7313076161342343;0.3055813884142565;0.31512092726130103
0.5521696581104861;0.09208450732156503;0.13911026648848202
0.3316335870620878;0.7580290159515625;0.15939919556948168
0.9092635689541824;0.30358688298689507;0.13947183783581496
0.6385721536319677;0.20627315598837814;0.8482028874137048
0.502453238219282;0.7487806038853728;0.9718730324681305
0.09849379414195414;0.3364676824952355;0.9453201132159997
0.4219051624920125;0.8744783728540477;0.5828553424188616
0.9768028706339741;0.8671273645954393;0.5965043790902027
0.7951288084575667;0.8892605607210515;0.08271825483787842
0.36888665869347204;0.31592848554792985;0.8351425248895461
0.8932001139336099;0.20432092991460804;0.868501250045216
0.5895277512058231;0.3808790515785876;0.40210272712127393
0.7993804996669205;0.692674121421147;0.8317165252570765
0.2927463517010084;0.013706131464146787;0.9806936845235212
0.046990473137946576;0.6147880374734119;0.8764597962406467
0.6401747720647313;0.29582585770470327;0.04223076690788241
0.4602405757015867;0.9470018759259051;0.584413004737745
0.9837362455917832;0.876698891503303;0.43851446041456144
0.8850162727431177;0.6977735856784989;0.8765663221092018
0.9652684718879311;0.29172187340780176;0.42538438198951345
0.8905470599870169;0.793813748939042;0.2657959517869144
0.549706311804903;0.8343976429621367;0.687775883732288
0.7345851367030799;0.6765979647149795;0.1988566644585541
0.6496878991493885;0.4019575025365366;0.3512951865616225
0.0431639443769255;0.12600367890723807;0.8874826785973681
0.20795962463788298;0.611087370646843;0.10001416258773665
0.41114703895184057;0.6933702253153007;0.4742216606496462
0.6660739990573167;0.3054536398203762;0.7736540132404266
0.43331616515780114;0.6191347703943817;0.7863129011246968
0.8053378934138692;0.8124643658445904;0.22502721169211304
0.9893930134447131;0.2536352075791737;0.5958689708465988
0.6725746594985986;0.5846806576340496;0.7066396568640688
0.505639737199806;0.05975726824701699;0.5842584621633317
0.9711398953103325;0.7957529083310537;0.2595751404261808
0.715395957930295;0.484461568514974;0.8999104373971002
0.6163327116562175;0.3753675550203506;0.5350625623642861
0.0073478289152691945;0.14986032590005316;0.40882134226781175
0.3898029863866972;0.7612618596147642;0.767969120023424
0.8874026272383132;0.5292677107036042;0.06625957610358157
0.17475510647624037;0.44535753471547035;0.5472851206435275
0.14016448387157077;0.5877443584961489;0.16314447405540777
0.8392736919366771;0.5974714814341197;0.7078735276649887
0.7567287310247466;0.9369721591622525;0.09999344381925324
0.02990975058168832;0.2993052531007355;0.4241987114531046
0.7658045411485567;0.42209066716639565;0.9273818625773422
0.09501812938311582;0.28155355218047573;0.8745030133805201
0.07797523775966053;0.35848934001138166;0.46271270100403894
0.3296213261393568;0.6752810755383897;0.8873257178949306
0.29057369445260917;0.08301585438214976;0.6601678561708455
0.5472655883710869;0.6566979175922967;0.8417000022934508
0.044451508491878955;0.24179599385189632;0.16623972949425003
0.6986683445442263;0.31738859221253746;0.22787118937120732
0.7509395907057257;0.6238441358275052;0.6180947022251757
0.6852056105349272;0.2880863719322503;0.38597057355467335
0.5353288388819918;0.1173589802533136;0.7044034725542967
0.1451416329150319;0.4701261195048919;0.4156295509981265
0.3866073557875813;0.8786342611654065;0.8787815536392559
0.06039669264822445;0.8938590420643959;0.23054113006387222
0.9793589915711052;0.8120735000798542;0.4298162831693215
0.3554459419879096;0.06161089917392182;0.5445854956681829
0.8996890342140601;0.3537777070065604;0.4323399539967109
0.8312336617028926;0.009856712140796198;0.14081786278234587
0.6543268531683846;0.9736055686905152;0.9474501529005985
0.3815967393007782;0.43970711775970783;0.14916765220983585
0.5367747135987762;0.3728154288589788;0.4594493555613177
0.6312083099544735;0.9863124098369981;0.7977576740292264
0.1343402623268165;0.5596869149871244;0.4600759856285508
0.19329771472286494;0.6679163992353269;0.022754040705993517
0.013304219261449202;0.380771495769059;0.7091416819355248
0.9414066936774803;0.5206464718251702;0.42139034001401954
0.4062504941448243;0.268889631782516;0.046164310584349444
0.06347376168747465;0.4222139168095491;0.5780624570313941
0.8578723515072061;0.47067119710867245;0.6276390659070205
0.27881408868454405;0.7301428644877719;0.9383412548977514
0.05246910173851638;0.6087899362677285;0.41941240723439377
0.9122054469033645;0.028556165253109222;0.5486092528233131
0.7723478478051277;0.1556701079331848;0.21578898023928816
0.5845905157404593;0.08916433757533493;0.1690422855524124
0.7736261821913019;0.9065629920863688;0.012066103056737165
0.1726554085021884;0.023188372295001813;0.35068618041083743
0.042925200391561336;0.9396647428390521;0.8791000130030717
0.45295172091810965;0.10358466946914235;0.26714361509726936
0.44197248383156706;0.21251460230339125;0.8461731985791268
0.9504465151525648;0.2057512337729872;0.23318509930824516
0.5991566207049739;0.1911353747642025;0.8759696557251558
0.8980826808350202;0.472998404711206;0.6476900594532221
0.9028231783124252;0.5190881393296424;0.5598173284536992
0.4469464470976141;0.21766989719187735;0.27330024166395883
0.2833412755334943;0.7861893431377063;0.795581101146553
0.8106658391114352;0.12218865450362215;0.7476559435512953
0.26590972201087526;0.6184298948399408;0.08424312680705903
0.38193034905084156;0.27006959537565023;0.2720902101261756
0.8055571605043356;0.24527757097665748;0.5403359393215378
0.09173551428624827;0.05820703084260792;0.011133756460143474
0.059238005213770206;0.23822809431396974;0.27232430455939494
0.6830772680243027;0.1891914915610875;0.028244923756079565
0.9448111844862442;0.2604111854957555;0.9177869323397883
0.7623078376458295;0.3357802241964183;0.8141431635403392
0.7498635699408948;0.5212513570719635;0.639060019742626
0.43130312520124225;0.40072414328701533;0.5852820639845335
0.7253507684849985;0.3088234728137711;0.31014954281049945
0.9137981681854586;0.33117737337210973;0.977184438637993
0.20353147614181766;0.0712300537824746;0.15301298945916197
0.23175265234110276;0.8549758956209673;0.7334391436042377
0.7182513803316156;0.5502897903908018;0.3603669257329911
0.6597626920337932;0.571567518192847;0.42539924670686735
0.6708822610285607;0.8158365355825477;0.5710094431601154
0.4131797789445951;0.9283382820812504;0.622967188312061
0.5284317923383239;0.6983864445255014;0.5484786403896769
0.023650632441905795;0.5702818920156703;0.08725824143446081
0.839308899134797;0.47172828427086233;0.15373298271261682
0.007284643138928848;0.6544022826327035;0.5056683329629676
0.6891559627896652;0.9321348707755368;0.7728878216159054
0.9889024178559378;0.816864383387976;0.9066286976311354
0.827211949097828;0.3779123102779308;0.39068543587696714
0.8486716987685853;0.14734460404919714;0.15512194249076539
0.3531475584596452;0.6982303784205448;0.45780446962734556
0.237628100359228;0.4749862905860822;0.29741103953983805
0.03835763933588243;0.18456068395176972;0.8636271968030931
0.1316026402456424;0.20117331571832897;0.8742267924025154
0.7243271568464366;0.9399210667786454;0.32016990465775297
0.9286592110842409;0.2131624777743274;0.5238672219878753
0.3894301437545057;0.6598463666524615;0.16642547931560225
0.8408263421014768;0.9325593844033371;0.4244481287966093
0.04804049811169697;0.20823817325688032;0.9598683572814963
0.8766423097396987;0.14780505761168106;0.06421360484946681
0.33715754395654884;0.640177446393355;0.23053886608097507
0.0925389623456856;0.9497519951841108;0.22390277614524634
0.5707732501153404;0.3334896053092784;0.03759873506551914
0.9721871587809263;0.20536396392010514;0.7346114267308652
0.7444940744445545;0.5434870865576072;0.7129377491279774
0.12278842842346505;0.06504777375631754;0.963224047292257
0.9798782197662638;0.33606153953368545;0.4414980036365994
0.4890320060399699;0.3152930882278344;0.8949651390014274
0.6798192553749745;0.9697110946679406;0.5897045275856097
0.8547691629904038;0.21928990374906243;0.922416224665469
0.5144781910521423;0.6376232512235366;0.24012810064334644
0.43549434677593346;0.06729986744883087;0.9350592981560201
0.0333156219969184;0.17730427109923963;0.007456115882559122
0.48806120794905916;0.7938236349563321;0.8876521525032216
0.14828432954250947;0.044716828202026715;0.17608500325823084
0.19873077875437106;0.5959039588158845;0.35408433495857483
0.4105032010040428;0.16195162752255265;0.4785160854473999
0.8627882643472928;0.8344075142367674;0.4909719052593181
0.8356234363692534;0.19338379951540374;0.014878547843878653
0.3389558000477022;0.8385847848389272;0.3291533875077812
0.8560643627875326;0.2326030336733963;0.24512563639060592
0.9074194070064834;0.040325842907381615;0.13167007110692786
0.31382356905297426;0.1891184634062627;0.9490502054345934
0.5164946450125992;0.1741202777994918;0.46761750480038455
0.7056782539079812;0.9281265692404029;0.6610659073559085
0.40397525568970893;0.5460156707138886;0.5313096587918608
0.7188952896335655;0.23702716424460568;0.4724446510768082
0.3267028706982502;0.030732920764015348;0.9267648008634229
0.2559525143218587;0.5545068645403266;0.8626146651175003
0.6927523050352804;0.7812510634204278;0.016815458811443196
0.2366495216772897;0.15716321220640161;0.24461172113316831
0.9943595612482434;0.7138339245013244;0.1024335592608503
0.9570754367031994;0.20483071742527126;0.5649737918529412
0.14273915083849997;0.975433694957095;0.22608113099063376
0.6059067280711199;0.5457669484018988;0.44857054378645056
0.21325675216626372;0.5501571849790696;0.49735279125871834
0.1850424286228307;0.5619500784432898;0.5065299972125897
0.36731366200494564;0.5420333312734373;0.45271332290630883
0.6806579031134068;0.8466365936031913;0.6466330689167082
0.9942486250558611;0.47246973261726366;0.3235699407295529
0.15817359457920355;0.04569844773326415;0.3291258331468442
0.799039776864055;0.866686346312153;0.834414929267325
0.5344997233245569;0.8566805207407348;0.2808342322338453
0.7358233352490507;0.09900289371017557;0.5751957810268588
0.963271783264488;0.31124392936446155;0.428210145454467
0.8106889259472351;0.7273785936755399;0.3995246236762636
0.8232797240407724;0.9763364092108034;0.2086946365241914
0.5205306615930155;0.7793328480634629;0.15148914245199274
0.6839648038213322;0.6518753823270826;0.07961986638453245
0.44163759385003865;0.0900869040910025;0.21166264637375254
0.19757079824191703;0.014580441750793982;0.1888934120352287
0.8321523068045397;0.19426049018065727;0.252218845937096
0.5760009847034187;0.15073795817460411;0.4001752963845929
0.4358588454165192;0.39846799639807795;0.25421434080813976
0.3290664633413559;0.450383529477279;0.7226941349493153
0.06894060200419205;0.43853648509166043;0.7547873712365714
0.10806131313400125;0.38533650136981146;0.4176636490827189
0.853672438554198;0.44225463183733915;0.9727731069404165
0.7137131733757216;0.6035613389414913;0.3354422081857581
0.5041208275390082;0.38983576711162815;0.7648648741645401
0.5014793609148668;0.06659452496349716;0.9387295420492697
0.7316672052955633;0.13524312215180756;0.6890717519158094
0.8500217011805993;0.1833511037271236;0.2474717586921389
0.9676132170811145;0.6248624487028609;0.13572541656993187
0.8732065921969575;0.2387320318630961;0.3340123535294762
0.6755158643238925;0.39936925782025057;0.3583024301622113
0.5150801689717449;0.6862229134645423;0.8824912046473158
0.0006212169587331839;0.9415374153411444;0.9362757683283188
0.6164579479388277;0.9072054913894481;0.7284862126715529
0.5497125541616436;0.5085983939504065;0.2651262934406222
0.6228849359374726;0.5839292171957113;0.9052457085490726
0.4517223437269948;0.2949341246730909;0.27401819231669
0.5453324123121062;0.9418298804520157;0.08788828444706087
0.8171708305928155;0.46289074526295826;0.7618872198576228
0.1276881525416188;0.5101386329805117;0.7830886747702069
0.7515022920643324;0.2776728437779158;0.46500501071567535
0.1727641985432956;0.16062784182119305;0.4553018587114188
0.2888548143391727;0.7243313147284935;0.015484069611072626
0.7227404683002561;0.06813133690086126;0.30273798113328676
0.3231392891102237;0.7751338718093518;0.8738652389308061
0.2685969847546966;0.9435716440435892;0.6953593748206464
0.8528288409397717;0.14695879182178673;0.4329011510752626
0.5432766635805234;0.5224193721951983;0.3160377337770667
0.23205951050738427;0.26872751774653414;0.7784370698347912
0.41789848896794124;0.940650474673836;0.7263018290013434
0.9458241505567812;0.1232437640788091;0.29496170453066095
0.999421869803302;0.5781101492967674;0.6348995930585378
0.9815764044117473;0.49048494610253734;0.8228956757480783
0.5057578184363903;0.2041728601042141;0.7151963138810971
0.011794597110581173;0.9352812846663979;0.6518017398391833
0.28781854517416183;0.11158976012019461;0.8971211439563661
0.23115539390787865;0.3939805312401288;0.6647514645553517
0.3501046158970923;0.6913061269523564;0.13976058821385406
0.2783259438529647;0.60111145191593;0.7982746235195222
0.1346059577256964;0.7809470167288662;0.22699034382912997
0.09842001108771803;0.20972511450532316;0.4457789775529981
0.46133038334392273;0.04810934651702148;0.5788522282529343
0.9696111858175241;0.8358326716808724;0.39519448629183185
0.8407786343320778;0.49323348504534215;0.46971556419787297
0.2901026716057479;0.25689362706068486;0.3610143273027283
0.8638610556268321;0.22863867270076887;0.7146253492595103
0.32109977941883516;0.03466642850805468;0.8670080691021805
0.3033312542333274;0.7240180984826577;0.2475036913233255
0.3575566718037173;0.6673608989644987;0.32457723254961224
0.5207802623278228;0.5857550123597254;0.248897176226895
0.21903006336254316;0.49347694395368213;0.5856708755667382
0.18286122839043462;0.35570684971561717;0.4267513584916356
0.09779980960559342;0.8286944851765095;0.7266241158491883
0.59593997426174;0.02534487517980033;0.7020352626232946
0.9080319494200307;0.08294125212988646;0.40259462021576486
0.6737257911865051;0.05183648087193371;0.3092960304011958
0.40850999282755407;0.8640020535416165;0.760242452420332
0.671718108539517;0.3598545326472655;0.6819584087527846
0.7786865944371142;0.9136340166668747;0.8704094152875111
0.904414368034846;0.28592908726376687;0.6295110469717063
0.8061016913146059;0.4534578093760905;0.2034771369218834
0.5671528490407203;0.295901000627661;0.2776495231775242
0.20538757439382727;0.7256748152045271;0.38197910810430713
0.5613768641072523;0.993168235508457;0.761561333377553
0.290387464608693;0.283100332597476;0.5631225861598846
0.4407299501759825;0.23964253217017817;0.6565085293979531
0.8652429345888202;0.05738586397528478;0.8997740389005
0.18256474029489078;0.5922435252238545;0.4035053644911374
0.33560575220963507;0.7187429507286862;0.7120620751916579
0.6325850294360424;0.2745778566771244;0.2201452792580436
0.43762486980683357;0.8521376632241312;0.14003032296219609
0.17431345838030332;0.37859324869311484;0.13243557730232958
0.009161479010018625;0.03288969000805664;0.33479258868390593
0.6041070185315067;0.4783053507626279;0.3464494348625129
0.3992725223744157;0.5659504316972899;0.39734171911426186
0.33609614970845225;0.8154991010555692;0.6490898780814688
0.30775752607020934;0.3720841037988156;0.43430690554688944
0.22172803491015203;0.680470312613778;0.9133892411657019
0.26606862503310025;0.10574615250584296;0.8215878882478549
0.17051825252523933;0.28858205567130735;0.7407409544399217
0.13580737538140963;0.6379402131272772;0.898176597412907
0.2652830600960149;0.8494941876847445;0.6876682959206616
0.885950960244786;0.7823634763598061;0.6601662081273748
0.34731747163507565;0.7892803675338769;0.5246797412414707
0.6108831554840394;0.41878977660573113;0.9591321613254281
0.9000956471456367;0.8742251301226863;0.7117259817413658
0.7664579070739485;0.5875127332197151;0.00995167161871302
0.5474514729928648;0.29253675847418903;0.72996404221509
0.9764173783758484;0.6427794230504316;0.10449853741978465
0.1384616404001081;0.10117571750478005;0.43883220001656276
0.5749281310205082;0.3587528388135235;0.8568026215901476
0.1962542035516115;0.19642018724474652;0.7787603514871378
0.8785669136553524;0.8942267571740966;0.5003842847235798
0.17699068076462388;0.41387833364353344;0.13140944421167422
0.026140695245186585;0.1359697824046796;0.5750947543664467
0.21209113559839743;0.9180409772237452;0.17841119305118291
0.14777107837735326;0.3285414096534769;0.5863717516094141
0.4621434535557154;0.303499621865679;0.04077560537078506
0.5630663654472884;0.6966677206137105;0.6487713714819257
0.5447173476577849;0.36800909172779706;0.1608277299695945
0.6316612283646164;0.48784330036153556;0.6244519293819366
0.3123079398879055;0.5774265315434902;0.07505966051634738
0.22187878830373053;0.017588147364221873;0.3734039230747115
0.17126526008845333;0.5886356971063164;0.49759987885999624
0.20274410163159629;0.7698356775459168;0.9768639740022812
0.91072959936267;0.99808949059146;0.7492228659021685
0.2772957260103558;0.4647405756047336;0.9945764532312351
0.29581882570143825;0.8497112811839018;0.5478462946497317
0.3414841467850085;0.6806366233746937;0.4768205087425338
0.8608818417295171;0.7897868394625187;0.6168186903452101
0.6644147038116038;0.8695411020785035;0.34542408031293537
0.27907473282457673;0.3353070274314467;0.20950051624061827
0.7798206643280856;0.7041318701171384;0.06195394809347732
0.9545607099725052;0.5703645244818935;0.06332441662189792
0.6979091323206603;0.5269654730346853;0.8477240802697408
0.03399929292450321;0.9683065108826974;0.4424690866769
0.4709012623748917;0.6529841690838887;0.6783432354895157
0.728428676698386;0.16257756578486582;0.3701300946092858
0.30284600260374195;0.14618049726778193;0.17013994107981067
0.03201918182842711;0.08212343323563454;0.8773725207104349
0.9605610748894677;0.6662135538110938;0.5556929513352262
0.9601491226473925;0.22569771902841695;0.46455479956867973
0.9409016100707581;0.9630197153371521;0.871475104594639
0.22444860370739828;0.29103006915793916;0.7202769381918568
0.3108776724730993;0.9027741871683053;0.5239466752520155
0.03235427704628724;0.9432641296478389;0.02233499596776456
0.22812165403343787;0.2804280572047845;0.19092963180978773
0.9337563220865652;0.8451129263536384;0.27257627843011023
0.9455349264329544;0.2376074321125201;0.792879182950607
0.5653184263047691;0.7932165634520666;0.12360245682736182
0.6665975019560123;0.6019496931520343;0.42046337910389764
0.5097337995420028;0.7262518713298179;0.17157844510292308
0.8890717302799327;0.31097281523048215;0.9702736156906878
0.7706944035207585;0.7308492095502395;0.4788198396353559
0.23072334435848163;0.2928295831604555;0.5870964861672276
0.7048347189725823;0.5771671785940102;0.6082958502316722
0.6017610153549915;0.6773072596824224;0.23021643015452875
0.8883643150585402;0.7841287470664299;0.9437901213194858
0.17519039538544168;0.23516777968149316;0.7504207508756996
0.20233099548916356;0.31725651720750536;0.37872552242706536
0.49399581427145045;0.7006478982170629;0.6564882325892804
0.4850197773661732;0.8373352495268944;0.05149612684742855
0.6179045507965482;0.36795336684689317;0.47737819591636854
0.34937592722117294;0.6369773413864475;0.2979900258536239
0.42321554613983325;0.24491564991488646;0.2161110386506102
0.5726870528633733;0.9454638419393804;0.6526788674670664
0.4601941730027973;0.17492086300743648;0.4392775877396641
0.6762869841099367;0.7739769417014479;0.33170097969158097
0.2851046153006479;0.9116638168865172;0.3068930999545939
0.8220821277184804;0.8852409921797812;0.29699572336285207
0.874693235376773;0.2816562275121578;0.9546441025736826
0.19949938382318477;0.39834009940449877;0.8544717366492242
0.2395480317446399;0.5117013082106183;0.3758029178658655
0.9224000182680054;0.62530906261081;0.39597547702419544
0.9928091869385731;0.9111058660133593;0.12881194502742344
0.7394528766060784;0.04304279903648456;0.3875482847548499
0.8976351136480087;0.9487256173671492;0.5034090803017125
0.9710938876536479;0.031195691214219723;0.801599940000856
0.6272128117911773;0.1993252934930302;0.2651673009018891
0.40879708941283965;0.30703760774096145;0.7168008197438875
0.4228179144998635;0.7078192387927187;0.1287824575166273
0.5743077675880807;0.2658955829914036;0.5470239469084958
0.11253383771866032;0.3236448640484023;0.22771924826831413
0.7628864305305971;0.995700765232151;0.32116694753549613
0.9459052851123315;0.9124047455075301;0.5032198597215886
0.35887690164590835;0.9412006502529735;0.5867466436215758
0.565163170730742;0.5663895160691098;0.006562999680999049
0.4821799972198376;0.563487050013396;0.7819220163372417
0.742104607209116;0.39444104270163216;0.3385617142708375
0.8009905295084832;0.9971869385206696;0.977659956414461
0.5574825596657705;0.5729009504504914;0.15205444322840211
0.7425279664102223;0.5652572156744491;0.3038504908220352
0.4127096943396962;0.30970419537823024;0.3715631923150795
0.37832349453376013;0.8279208236167566;0.739305814979605
0.9661393827735314;0.5919939278106503;0.6009516355479367
0.16916275307858986;0.42957205958115396;0.25974053672818165
0.1978761006400731;0.49268482314290896;0.11383327883616601
0.9044688090280335;0.6790286752236462;0.4787740195214548
0.3054504543564829;0.35280389175006444;0.3250190022144379
0.9301484000820636;0.8996548032294331;0.1545026142038115
0.04213761035107266;0.17941280189715292;0.8762446513069007
0.024344866715223512;0.6923678580992847;0.33501209837279733
0.2378119558500168;0.5796930454360676;0.7213515596188634
0.941617149148088;0.35653609190032765;0.4311996733738237
0.5077900522066257;0.06001581034256698;0.19482879786703844
0.6024784189319248;0.7251293413666615;0.07988430068286556
0.33143275102225866;0.038573489018899565;0.5038482062068675
0.4554545967085233;0.5267336001584562;0.09634783619775467
0.1264922722175964;0.9702626258450108;0.8185191918297577
0.3916163287010356;0.647304779777852;0.6698944217869615
0.3734503170677226;0.5216480933772838;0.7316456353993993
0.8474186510921471;0.1287283757177533;0.7129482950787384
0.4987483804706828;0.15067323598623172;0.6632653347894842
0.036046937468954154;0.3383237120432345;0.8464333244256529
0.9740089784529863;0.6181743116504984;0.8179460904024002
0.7746498312464511;0.9471857011667062;0.8527776580077788
0.935706755653191;0.3207514015438271;0.24365709946119418
0.7567571028711089;0.0786105711868702;0.8967343972636587
0.20927089672104215;0.27294200663659285;0.8587276875205446
0.011245590903108504;0.9809350577579466;0.9690224625368492
0.15356862127593374;0.768382803531734;0.40707795844224637
0.9020588162263216;0.20353023974544848;0.4674102940592142
0.48176266276447954;0.7141279738376649;0.9304969462900798
0.7385811341561033;0.5004843717423114;0.05751422888648006
0.7756601067246599;0.6594771577982372;0.6888434247409096
0.32713314064755095;0.43598346900527285;0.9891376849858221
0.9249121991174396;0.31541015156378926;0.8797036737195476
0.8999928618874669;0.9057728886857425;0.11537334088937456
0.14240277273662805;0.8430662968906669;0.2845181735815556
0.48557734982187717;0.24290786157981936;0.633016329493063
0.16618859753456727;0.5668761179761412;0.27638648091803075
0.07910480534854081;0.4198086099734194;0.1292794950565206
0.6640442162839609;0.9302256239213181;0.8470528928879241
0.015843760230016102;0.784020512485078;0.3579622034214367
0.6230553707060967;0.9920662634012833;0.9159593241880737
0.44580804752547476;0.8252271845891498;0.31221836044165185
0.9060526559575112;0.7803825965462345;0.8692166355682337
0.3369460705437881;0.3667258394958588;0.4571786482613849
0.11495415296705713;0.7124666024756436;0.11900684153751628
0.016796349489859974;0.8926588588437959;0.7647444952486461
0.7451874081854729;0.364050626361075;0.8584867629275009
0.6075989888135506;0.24107470478169868;0.8562622479816634
0.13476462361007846;0.6113816461874425;0.6593697438089481
0.8306821507018768;0.18970922576046323;0.8899494472676704
0.30634033450533804;0.5137009424287835;0.11574444506260007
0.904454216299422;0.22028432217445004;0.9412917322423409
0.7796201119749635;0.9460343116824762;0.4375037134605365
0.8798469172738232;0.4955035853173201;0.8588366970187276
0.4485254363859629;0.6576627103895447;0.04587640017194938
0.352882939419186;0.5463026889094781;0.0653655950281895
0.8427099335111469;0.5028856061161554;0.6806166641621041
0.12451223996877814;0.8628573576833327;0.5875416727187392
0.3402901084725277;0.18569481111392871;0.7174859799848299
0.4324533940943507;0.9637514067635942;0.6364920056779816
0.19666148606225553;0.669975289541759;0.7616429912995049
0.23093107332928975;0.478416505597135;0.7107310766556311
0.8352731487134438;0.9884171640091521;0.4384368197367531
0.00537453625458173;0.6490855994890519;0.8597069026459017
0.13844799882686532;0.14383618904517415;0.46411728632799865
0.49275982938265006;0.19000675421356306;0.34261452612789123
0.04846942916443109;0.4287893588291646;0.20809210385432864
0.31603796384118577;0.17023381843599616;0.7269736260693502
0.06132034497001948;0.6332584041431046;0.728996395843162
0.42519541734405975;0.8093909988362418;0.5760688482909145
0.7210395176821084;0.718986720616193;0.8668250355934708
0.4631313432485247;0.8562919727657216;0.9154418554506164
0.10827413874166847;0.3862325224145263;0.6672230405761455
0.05132009898517775;0.7184080077711256;0.5638032076146862
0.3369891889512031;0.5968029314751419;0.84499024181664
0.9293274597480587;0.6822861649592629;0.4194277309457519
0.2744950012049149;0.020439683998399794;0.45262314119879654
0.35710702440127784;0.3292659162810808;0.9547216976991788
0.4811778576337645;0.4708709509810656;0.5724700976294456
0.10841179905989728;0.8614791089581155;0.39367543808553673
0.08603961727100196;0.787246789311161;0.6071915606124507
0.5105250677817587;0.16035734355385478;0.6740245528643775
0.4281954411940364;0.14287518687857392;0.6212788822755012
0.7447593346820567;0.6536272244277885;0.13986038197089878
0.7346069934587727;0.8231713059615613;0.1942449394088801
0.7762623465817222;0.7962465439731365;0.5557611084038685
0.5836564858715697;0.7054168585122056;0.26809699561010614
0.08148504697995262;0.5956013237864267;0.08366303365209904
0.01867416992851967;0.20899679264946036;0.4169639260698569
0.22663759546422213;0.3377884250031441;0.46470764711435175
0.9357361752638825;0.988268296883058;0.710852060325326
0.6928155774731335;0.3493003418265942;0.6630227445219303
0.09971453539604813;0.650331673426777;0.5756578478504865
0.982643337475436;0.7393518284701962;0.17041884699417276
0.7677585261886639;0.0604351049274191;0.09410853325900537
0.7492143294536713;0.4467118343692904;0.18626422069985882
0.7131243947178093;0.2044271312483752;0.40239400284983784
0.9909863113168417;0.0007960322568483225;0.006271165199550066
0.37035118237997755;0.9923633123736318;0.9601574191980872
0.8359791094914192;0.4265780101732839;0.5692113901082929
0.4519448763227395;0.06389733388520236;0.32313992304381356
0.03171030162379207;0.7585876426788302;0.5047143772028109
0.6009530238573514;0.8143740664870408;0.672593487900197
0.6055642857061465;0.48197883839303013;0.5837435002409593
0.37032853663307996;0.15524553971114796;0.9064766698783159
0.09004716871045282;0.894945500974413;0.48068679107010714
0.7831225331748897;0.6699550309272679;0.7466608235869938
0.21467745013966766;0.6535494570677219;0.04589478585367601
0.3972272619384529;0.26370076504883744;0.3249263100403037
0.8021742425226466;0.15701615756709064;0.5469965458442735
0.06029443643558885;0.6734185498177826;0.7446201479257328
0.23268779038079124;0.856180706116601;0.2513969287915475
0.7640000464626358;0.9415514559221609;0.8707963912968866
0.26918788104445923;0.6552778521169916;0.4268602674060896
0.41138017648032177;0.060556596197419155;0.3567189321690293
0.2424722278863537;0.6910409543636727;0.8150056873363776
0.7245618459029711;0.8924249597156757;0.32201118742195955
0.4735813391919096;0.0490270308227897;0.8920047618546924
0.8092699267890845;0.8990981170063248;0.9805083262404368
0.08637556766123577;0.4938365620210624;0.2117920793111111
0.49164671559398665;0.8410548954106487;0.020136772397572167
0.7149536737083062;0.5586234208277381;0.5584582802405023
0.8827172470455548;0.8826273259329208;0.3495138992415463
0.12439649149130572;0.3589511350821143;0.8964351483207842
0.4986709199893642;0.3167423112649309;0.6768481001335795
0.5636462876521257;0.4052613758966507;0.9521805564356176
0.13460174079104903;0.8096581754299358;0.13817951172440635
0.5516452678240457;0.7504908652879941;0.3431863722111145
0.10206744803669243;0.7981995872945682;0.2534966683552409
0.766052576942725;0.8757726655111735;0.8755779920963956
0.45560807037995477;0.16139276201064068;0.3945167138419725
0.3374269481504377;0.6060972339984638;0.5726897405018485
0.5869254501514831;0.4712062209636495;0.9702611887903129
0.8525470232687274;0.8727912090806642;0.6829810943919083
0.112723355816567;0.5205215532869955;0.7735392710785043
0.5312331809499259;0.804422670792004;0.8573282575840449
0.3944828577623418;0.5165793055487075;0.3625313174657344
0.022643771919822142;0.24048848910393616;0.20563198314307352
0.2296134215945328;0.42948720750340763;0.5217589209591909
0.286215252657429;0.6651736130203111;0.37423238315704954
0.18306323376055078;0.0443273387727946;0.5149007933926172
0.27170160379873776;0.3182980915368915;0.08717792966808591
0.23386617354264183;0.24172403545940935;0.11711871724699296
0.4364609375593893;0.24294627503632304;0.8879702229477763
0.20098543075493647;0.7948591095325245;0.47886062785089467
0.48075030827010445;0.7463431425832767;0.2594449401414992
0.9014734690809515;0.5607095807621605;0.3934566573611463
0.24394630525096705;0.9692073013289426;0.06438970105327457
0.6208817544097235;0.9860800147074315;0.7000408366858337
0.08524496746989074;0.5191780925723596;0.7833583089794297
0.8494709939767082;0.833484321075367;0.5781652364734994
0.542437452067406;0.8917510937421245;0.610606223181263
0.785137032530966;0.20265635384728442;0.20259129449647084
0.534567558466767;0.1467561597621746;0.8655298022508692
0.906572491652296;0.24198749919944984;0.869607134915368
0.49301313822545234;0.26492594714506346;0.6516568776662567
0.129004641120257;0.9019062052407718;0.45629039716231545
0.28141040078751034;0.553132510066627;0.7647078076392916
0.13144261619271724;0.806871987351774;0.8437935322992588
0.5049087337200617;0.26863608900542457;0.7815201467480292
0.22629891254319556;0.5861643499960507;0.534531558482372
0.9120991561248514;0.05288398846716913;0.1582682363138006
0.9410333488392454;0.915502781934342;0.2624759227390965
0.7419818215129338;0.33370911613679655;0.33681119161888173
0.242111372276557;0.6322186155356064;0.822051420160889
0.36072853664867366;0.06842665544608295;0.5777730075291597
0.954145014231596;0.5507029592261178;0.8845538360050572
0.7754744665381103;0.006329333514796809;0.47487335089860205
0.7407693046711068;0.6021727871485787;0.5512359449104596
0.9112087965374662;0.27091026125469075;0.49055835221667854
0.6376649145800487;0.1831963817572092;0.6973554561630938
0.6589150559137108;0.2841606475483156;0.1552503426838283
0.19005890088439925;0.33128239041081864;0.489292151016001
0.19862867441903975;0.6260612193340434;0.15010349086818775
0.4325035485275305;0.0286088926984156;0.8742176663924623
0.8718330353765447;0.4608926542308748;0.5146396260094891
0.9641640902751665;0.32620312245309935;0.3079776075553956
0.6664722979971086;0.13127573158850514;0.9809938050354072
0.09008583481119292;0.06555076950024419;0.08396287213828868
0.06982494244079296;0.03449128650526778;0.5177333497028744
0.8755873818853392;0.08808499080421073;0.14381949854110787
0.5866994437740195;0.08393942060591442;0.41338577994554615
0.49438780059960674;0.2060337511902678;0.6212510641631521
0.06327327334774568;0.034477041053702084;0.9244678116091896
0.9251539447880601;0.13410517976190328;0.18847092723993253
0.33774240369474073;0.5944035385012152;0.18954353859373796
0.10905798462184157;0.7600521931262544;0.5396194871369008
0.23283956442853682;0.5379679478964514;0.2910094064188653
0.1642568814136921;0.8518810937844082;0.45933334697992034
0.22213130737205267;0.5624865919178308;0.38912861179673286
0.011857082586777645;0.07491896168496703;0.7670089379940638
0.3755484380644313;0.814087480835669;0.6904104099870352
0.5723268031018839;0.38875203739249076;0.08920458570368306
0.8186375222020817;0.5044321349897618;0.6392882877129676
0.9239798337789965;0.42812444324239207;0.12278088012017863
0.8348165891441596;0.3507381679160726;0.01872801999964735
0.053187662029732796;0.16465129346179042;0.9290558963977664
0.22547577539699637;0.1814819371562949;0.693927073398532
0.7646766821436392;0.9900099206528178;0.7909330687317065
0.7700296257318948;0.931252750740661;0.5372070838132522
0.19374058832575158;0.6836109741057003;0.5411507179792374
0.7222318165261506;0.3394576455091086;0.9048922258829503
0.9606870194879527;0.2462313309853077;0.9570612033292679
0.9646951085028916;0.4745550712693615;0.9051425011270694
0.797137165525855;0.17531450840814344;0.9572038008476029
0.6537335796423773;0.4168708948337564;0.09493100972397706
0.3739798047263424;0.39779481332879363;0.16179970829762047
0.7025569002428997;0.4319301538815269;0.7192513605661166
0.8874607567257683;0.14382623321857257;0.16942954182634118
0.6052652685545449;0.4281979563390328;0.4062914403489728
0.4588998662770898;0.05370020790200236;0.7662873133294757
0.2893252270532293;0.7437283583432218;0.3205992687625481
0.7285973985247124;0.5126027829780627;0.8256417887796107
0.4486368925673341;0.912668642188755;0.25035238190814335
0.1927029585101555;0.39458425024042987;0.8623591948248802
0.66842729023367;0.23651832823216778;0.6274385034974589
0.7985923668597915;0.9591728209597007;0.9622443748244782
0.3832676844284485;0.15385117309573026;0.7671839948174695
0.33870147147561414;0.14643816676183619;0.4577368268971891
0.26306757350080046;0.1362144539817286;0.3328767137783547
0.6416141453442917;0.020031236129586127;0.810153783528203
0.03590763503702521;0.0462217002257469;0.4647313496236123
0.6481245302260121;0.95387488711374;0.40637792962979014
0.8458064751932081;0.9609754976607862;0.6929643879471329
0.6272253034674481;0.9556490130674983;0.7713417421655734
0.8086398216782209;0.0035854523274611028;0.07898246233971296
0.17456742379866874;0.17140133336365104;0.2700441786789475
0.5299688152955314;0.8601812574441035;0.4850910989037315
0.718438872781005;0.2315779543341968;0.940153528082199
0.8710793135014099;0.05309688064294771;0.4839639635331109
0.29568601170876363;0.612026739531491;0.27356154693739
0.5759716476585356;0.3104684473237176;0.5690991522305889
0.649557603476923;0.6107592625150758;0.8112346077638912
0.3987282939165273;0.25331758349772826;0.846405100097313
0.5318947733569962;0.7116409794389651;0.4927193646051875
0.22524252161415625;0.2968943219860348;0.1885884241176642
0.4293739948258275;0.9531183828075229;0.8142834422248487
0.997777225495221;0.9098152924469116;0.5631241514342785
0.17688854480777771;0.4619991856409902;0.9478406535115189
0.3905725336164253;0.1590779314731613;0.44625640184374304
0.9476003908644225;0.5039353147031802;0.15941800354375468
0.46477919313485305;0.8689984998991513;0.09270118764873636
0.4174115696392935;0.25828134113190127;0.06765600929045468
0.08111261808643822;0.26635770409015025;0.9233147741520487
0.10111613220432347;0.4978433991026836;0.8201252891971813
0.4325504953731629;0.30331643410555;0.5932955617709673
0.9665265420057363;0.441895341630289;0.8880421099438203
0.5539719534287022;0.8845461315950925;0.02359099654018537
0.599835040546669;0.6810440564190869;0.1324862802901332
0.7735028415434545;0.4497805362946272;0.3949449222999293
0.5972866027153201;0.8717136276156192;0.057088705869708156
0.21464424557981587;0.3243818001041747;0.20849500416957112
0.4592560511824402;0.9401040692194383;0.017303001058437184
0.6509189665746129;0.3856898735292963;0.6573351761028428
0.5500539106615893;0.2428279481962412;0.564587847055424
0.7561344641304207;0.8114966084236646;0.7083490204985058
0.6160992648707482;0.5000672928954576;0.4423243284744113
0.3408382102587798;0.7818814441550791;0.37996898197795204
0.4922575701579899;0.8565303499567828;0.2236196009740623
0.5287993582089233;0.3466355851809828;0.1354606974142205
0.18248279282018098;0.8420161319333547;0.018732207999286432
0.2983161107301362;0.9655404571027545;0.6270403633545227
0.5940734284009473;0.8443562703788366;0.7913531590309976
0.11549326363972157;0.13250329704419372;0.57803725388119
0.5927988293932782;0.9024051450840802;0.7114660300474593
0.08029006712176912;0.4336237314243001;0.3765109509699931
0.012662791754539549;0.8356846580689371;0.19081405080719838
0.12628125397533752;0.42265349286096565;0.3862181935594222
0.13031356834966223;0.38750078896531337;0.41878182559606114
0.34824217816232017;0.5358272449721878;0.2881524985023566
0.4611890147168224;0.4532212098359816;0.0024330115649261463
0.6538866866343144;0.8326996240751592;0.0007466572886370981
0.14707245779105915;0.46087966766008925;0.7039847101917929
0.0761239622025427;0.8986334986123129;0.9862332617862412
0.8269660997421777;0.41513108897863105;0.17652850174877222
0.22260925319005953;0.47935075906302715;0.39139341262989824
0.5132925003879037;0.1585248419757026;0.03445772891084409
0.652058485369099;0.8160865500719975;0.04263624476236072
0.5147717688837129;0.09791335483276764;0.1229300157739357
0.8911765763609534;0.11465969595157188;0.4488484524124673
0.630066307724911;0.7518628981518635;0.32989338999181483
0.19558667689499099;0.967232957390087;0.03938346029625339
0.9732441461508261;0.9108443709184235;0.7798018792967122
0.1738540960793219;0.16387348969742654;0.4938550202570491
0.05880560649836053;0.0076322180558012764;0.042428046037018885
0.1465762661514679;0.6166413261360117;0.33022929931321643
0.6952367371578619;0.526103238437301;0.17918469266234283
0.15926651199600272;0.9557237707986541;0.3904052006506
0.7045276533281758;0.00667680281891192;0.9455839955321605
0.7730932503336481;0.7357842014688196;0.150592413404655
0.6573487289532;0.02433250075744453;0.09425460172458566
0.7168060503388051;0.5650363302498267;0.03147439933189988
0.3234696924473418;0.1009843382659249;0.1739731455128164
0.034140977699892106;0.15666341868717382;0.9643421385395884
0.23191803131747923;0.41532004473445394;0.07109357287692264
0.6888623091352952;0.4331755389742785;0.4325067764775321
0.2601727490050276;0.4222615138458432;0.1518067477935261
0.7734684657210471;0.5211604458154536;0.9543672932437431
0.2027338875474185;0.014776910120630204;0.531690159965292
0.07583439253929813;0.7733404953464068;0.219867962386321
0.6331060293568702;0.5126177471847464;0.6048226737698366
0.9042053624557737;0.421372599549215;0.37330265055994505
0.6113342272940457;0.9158591292992646;0.3046931012914118
0.8973615886890033;0.2919332788727176;0.6583681908490701
0.41141802178000786;0.12463408734999049;0.7995072084369911
0.7509912730189628;0.33471885746121544;0.73277224323592
0.40861965506513587;0.5957216377354264;0.06155243223874751
0.1744248060253898;0.6740002112679937;0.3608547878830358
0.5369009458436417;0.3561509500695562;0.16561593294121235
0.38761185248179764;0.8067918364929975;0.8497713170280518
0.6052725700949622;0.7502231660911887;0.14738781008505009
0.4639955232663975;0.6010507724229034;0.9240137980556833
0.4115980129111889;0.1723010371223629;0.41809842515153317
0.8937791440583452;0.598276585757;0.7758410153406307
0.8929429525505246;0.529627260794163;0.9585254984828626
0.6826925600940337;0.32358920214449904;0.6174435813621765
0.5599410730555271;0.6379962168175544;0.5780355871186382
0.4360365178750931;0.7316176103573073;0.6901443999525152
0.2919343460569773;0.6224557853977619;0.04252254649220688
0.5247084706518875;0.443574281886442;0.8726727425418432
0.5357582600065465;0.014544988549805016;0.15449435040894577
0.24345283814314422;0.8260652508897275;0.09677451534260906
0.8962334407567845;0.8063666866911796;0.6463200440970805
0.5283751431307134;0.884334011780652;0.5021093642333948
0.9742522764577518;0.26812871531784255;0.9378699219815786
0.01975379972733693;0.9386769462150166;0.9288267220442489
0.4167590067215551;0.3348676083287352;0.23049248163312863
0.1866910751891191;0.5530218430702986;0.0025055774367339634
0.2885110828174128;0.8360467413779581;0.7152440398944682
0.3053418629142195;0.8881658720412516;0.8906242145996902
0.5089909342045708;0.8503941359612444;0.5519110789200913
0.11813435225074376;0.5283310436273957;0.7795718533953477
0.32149272520320815;0.9804149485470189;0.760002428408721
0.761885696409812;0.3791955031140375;0.2967928776601576
0.8402592258501309;0.2664074104888813;0.3712843766795145
0.348403948381385;0.201841054193297;0.13874773620458758
0.25846896700394284;0.5923389801362444;0.9629603308471897
0.17540181006695588;0.8507860713095567;0.504322299484626
0.09132950989480948;0.2644642340112324;0.730795553658966
0.6698762530736248;0.5527421615052454;0.2366020102825458
0.9560160893209678;0.0991520546775072;0.6696988859894331
0.5174040354476954;0.20246698519031514;0.31823495708088656
0.3194273097184046;0.22432408152224492;0.5795272232800378
0.686520633820292;0.07399821486844493;0.6014657645170499
0.448646287937862;0.35922438290699776;0.914628995528973
0.23421391608519526;0.8559035695410188;0.6018936568708698
0.46465926900639665;0.17641228297366307;0.17526218264542093
0.6027738705001227;0.7509288923068186;0.7414013508364161
0.37354902473923324;0.46044553772362684;0.10124985604629089
0.3330314974738806;0.7377054725257225;0.31409549742043685
0.8892037284358267;0.7328923020887558;0.8017797473567023
0.6066660800910277;0.24601760269948336;0.7422151677237164
0.48270391690072223;0.22529358319416948;0.46028464360716415
0.24876253672259108;0.21860279118389792;0.25031064817600257
0.6220108066320267;0.7434053475222265;0.7542761942441989
0.9179854371609952;0.8317550441425148;0.9144606475652859
0.3499187044995181;0.09504042676172486;0.5963359091363735
0.6084810766120263;0.45967171271629326;0.06960414124620584
0.011541423673487095;0.1596574356138346;0.6098864841723798
0.6808822737002426;0.951070262469299;0.19116979806169276
0.6634152607301914;0.21118643898888112;0.9130461794193656
0.3919247419483337;0.12145881668089453;0.6200720405211264
0.004680505224903264;0.5908297254450958;0.6649569579167295
0.942502085825434;0.39852344826261454;0.6874195531657711
0.8413226228003015;0.0699880479901488;0.826744581399553
0.4837251926111814;0.9246589158790732;0.852323340297558
0.6286932599983247;0.3952734439665254;0.987254730276134
0.5817515093024004;0.09177427639232516;0.678430619763118
0.9458936050740572;0.1457835972841679;0.9195344124939576
0.007411256819254031;0.2835048238708753;0.9461273108783599
0.9342631102871656;0.9069812477991714;0.31993986568701005
0.6846942200275875;0.501014127933351;0.28992343659955977
0.5169824359261292;0.8561834712067538;0.8214560533082531
0.8445827362691732;0.4728909275902472;0.5784165848664217
0.8694135797628423;0.107169095843627;0.861302216768089
0.9394009267398412;0.7638050000181227;0.49407706297831877
0.29498642308134304;0.9493794529242155;0.465358782620403
0.1382958974882611;0.5906698003531888;0.7318176771430785
0.9787260473836705;0.8557291955356299;0.4385289859208831
0.42955502638640597;0.8474139305644603;0.7068468667500902
0.179269884636314;0.5856483664931885;0.14152272413489186
0.49741102990241304;0.5439635476278672;0.345710723342022
0.7650353534913952;0.7291625108103728;0.3097476281790835
0.35049744664822746;0.8880212640343487;0.7226872246460613
0.4069014241776686;0.5302638839093895;0.24493376689962454
0.10730138765008135;0.22639834658386782;0.5821803307781936
0.7642677713125168;0.2548389387484912;0.06560129584439411
0.4892242593120173;0.842066938623963;0.39870409877588264
0.23726810493615358;0.7464724778470729;0.3907456877341856
0.7287471582363038;0.8592982191005755;0.23565814020820008
0.08413571663854169;0.6476276430166694;0.5727515455376104
0.6095698229728637;0.5422014075869993;0.4239395989887357
0.9841779430194298;0.47101840508297577;0.011555660988419647
0.12305130318480195;0.7901520474687733;0.03742466039184911
0.8626620837070568;0.1105645340901823;0.9551056768291198
0.8776651838858288;0.883630167600609;0.4353289970432802
0.7523752527617518;0.3559961612501785;0.841216157201507
0.030542538457448587;0.2784403905024587;0.37991584073732143
0.558195467232926;0.6626639143371698;0.12309710524401463
0.471943499740208;0.095251686900794;0.13124318754498698
0.5382258241641464;0.020802498742539366;0.9415268290558464
0.7788308958645369;0.6248143876466096;0.0643058350322887
0.27839774894427594;0.5519946225291409;0.6985912647507996
0.9668495329492343;0.30321028861480315;0.1663878183024472
0.8930246421891996;0.11169752744122374;0.11864649009156347
0.07470781209013;0.36747367911367523;0.4335133841002191
0.5306651231351331;0.8702183314928429;0.6269575661179906
0.5808770151928062;0.24679796142499022;0.5183148565230319
0.6217912738903928;0.08895512483570256;0.004390717204886374
0.35752903186926555;0.0175294399737147;0.7057841392019866
0.4115869758541425;0.0645491132279078;0.27906579514869023
0.5425670838524232;0.8778078668165255;0.7619359084458522
0.23247117693228292;0.33724823899038503;0.14964185568063937
0.4266956158069286;0.3349607247127234;0.7150173870008376
0.28044301779097525;0.6036875050886658;0.6749074106086638
0.7416256053384344;0.9108302888813018;0.9789393574475354
0.6640289222646978;0.16312000867334997;0.7523368275308038
0.5923589443023127;0.8150613912860893;0.8435367173582559
0.37315038433751235;0.4471339687335091;0.5669137428715523
0.656987519389976;0.0961557586422791;0.02514550286434647
0.14022980565864562;0.3047639041001472;0.6241896373025528
0.8217595760058929;0.9385705425862532;0.6934913853616503
0.6944641350337536;0.6005846901730084;0.06413825948190066
0.14514605866239128;0.3849439201890493;0.040650059590731535
0.3068900377219923;0.8785451931839009;0.5179675574539758
0.5848312164196858;0.6457358659245702;0.10289987723025051
0.7964955740102682;0.14990707180597873;0.068169186848412
0.12684983199653999;0.3138117113927169;0.8181820689688418
0.7751668221998245;0.6128885585377669;0.35402175197672614
0.4485132218920145;0.7958573774494863;0.43882339400638704
0.37431543230788156;0.7696527112259932;0.39449417934205133
0.6016222361456898;0.5192960066530375;0.7141954818476438
0.5087231276221608;0.5512894310961404;0.7223620198979296
0.6029205756033156;0.11767611210219142;0.890660299881598
0.42552834995864786;0.5576966743460614;0.6792651697284907
0.29249726857144764;0.08265264795443605;0.18795436312435376
0.24150695702540192;0.8512514997468527;0.4234652708088471
0.7825697577027326;0.9622268990621616;0.5527400638857064
0.07638226444322382;0.3026083744957233;0.5796656603839605
0.04714620916253287;0.2883499855905709;0.17112539880681998
0.11518494716763661;0.9678820606506335;0.6917094878146325
0.7671839127606545;0.2110962642624351;0.8953445948208754
0.5623757246906634;0.6414494956560413;0.44165428031164244
0.08583943232508873;0.10771648719236127;0.5071155691278318
0.20270762140443122;0.32955192439488634;0.18652951905801507
0.5136310478584046;0.6278161223562262;0.764337832780996
0.16689163232129522;0.44171862656616556;0.4626162012198839
0.566287838339008;0.6602806950089826;0.9276896731750532
0.32812154013038886;0.29202508815327277;0.23247696696928222
0.06024671448862784;0.4880370992001066;0.7010380317756796
0.7001707487347512;0.9526937805350145;0.9608292386242004
0.94554500364296;0.5576464733242973;0.4195070314734577
0.6680513363857006;0.15160180318044947;0.3234934322197369
0.9180167940457375;0.8873819427123414;0.5166019816082515
0.8943298702667509;0.8778213618922956;0.8079296497316489
0.4327546738125859;0.8468881221258989;0.7054468773665877
0.4225578526093856;0.7017152083989772;0.28461899466552887
0.35574998126776114;0.2017057670830752;0.5731540124071246
0.5952647005242999;0.22810059515789294;0.06436616694722508
0.0760125780246046;0.25980530392737844;0.7730595614841672
0.5604396945784544;0.5340194218804223;0.5823682508472505
0.5642391853381241;0.5891620056680097;0.642212256385452
0.8104974412215933;0.3061308995431018;0.8054989624753515
0.07159196723708017;0.8480617201540649;0.16337423335556944
0.9659739587639319;0.8412558761270807;0.4826290297656939
0.32881188116804816;0.7704790417103267;0.1061335411414579
0.6925628982398764;0.26718448081586266;0.7477243182520907
0.7045048735314511;0.5104332974280407;0.18896318338207996
0.9138460145170139;0.39499160952114;0.06293513220002034
0.08712713955608142;0.8654309917016609;0.010376623953730624
0.47135184990179635;0.07882292100053223;0.5060471310987029
0.8828298363924749;0.4980115352496266;0.20986114149874946
0.12989939931166483;0.637318927380232;0.9157405490010673
0.8701905191483061;0.44856255864973926;0.6797646426383543
0.6922243575839411;0.9792587393070372;0.32509839428268517
0.2259901392238004;0.31858280789246085;0.15306217363540764
0.28409594301735264;0.5391843142913354;0.9364007279662614
0.4053774234959815;0.16283485511616858;0.6099074316130076
0.4832112308871378;0.4175013350669602;0.9302197223649319
0.8203643419573973;0.9546003685666973;0.2622532237037445
0.593599155929882;0.8593779800544237;0.8907716303485731
0.05485104047738454;0.8682852173091063;0.39779693421560025
0.1377310333356575;0.2267970101757646;0.7154043842995328
0.26730766155148245;0.9111265527859438;0.9360681937547665
0.048554855083468795;0.8116103222593404;0.21601276552716553
0.4484910974266465;0.05449581186856245;0.7119282723473148
0.259383939645108;0.2216890665602953;0.004974629430749999
0.8624933582257974;0.6888733457972659;0.9654061372088587
0.7148186926344582;0.4551547994521318;0.15228287026546516
0.8410595337126217;0.03508533326715235;0.988836095075646
0.3016317936972496;0.7398255718203829;0.8541375867681547
0.9944307045090041;0.06884641573172834;0.34854689687305895
0.7242904239048447;0.4933187952063739;0.4741384971031588
0.9440661512810902;0.449685155010092;0.35589347817652717
0.5519037980050766;0.0696277954940816;0.973247114679861
0.8711103279818996;0.8643209753033533;0.6768083973901584
0.40629463451284586;0.1939575262610318;0.6798516064910919
0.6440197320374338;0.1051414327073611;0.06929113534079734
0.805928153603118;0.6914863262987099;0.951169780114618
0.6044286768912209;0.06470830473399813;0.5487367877947388
0.27596979986413683;0.057599926210604946;0.16084364479385205
0.6602504426927011;0.4962611195275093;0.3776494803421375
0.14095112043071079;0.2527446657998581;0.4794916207685752
0.6553908529852958;0.21647455843008634;0.7650860383950697
0.15590923142158808;0.2987459377158316;0.8663358769055577
0.3205342685613657;0.05368022706126807;0.14926397976997807
0.6294125816858678;0.598267607130667;0.6591994589955853
0.27873240451107306;0.9189387255762319;0.2011920746700634
0.5228109842150025;0.3086074770188091;0.8894732514205119
0.26286432260976667;0.21953685484018326;0.04319742224209833
0.260791747262772;0.9966101277334527;0.626112500659128
0.9799462187967891;0.2056497178438853;0.2886744537917394
0.6902508860464962;0.39482514586498596;0.17528082584087157
0.07068074181813644;0.19897185741325563;0.48015008853711827
0.5934875990002658;0.15201151317415273;0.8173237702704507
0.8212876910160336;0.1119561998961629;0.8593732652768227
0.08700569582801054;0.21009463035906295;0.394881414149156
0.05933442447214832;0.4976515988394431;0.5859531201346885
0.11733720697101069;0.5825992195856377;0.024434997026398397
0.7967862443654045;0.16731479531479487;0.5823989521870278
0.5045975785276452;0.25350425022584466;0.3942645427677951
0.05771669580439487;0.913930532785105;0.40934075116128155
0.6537202766070747;0.32495351807348327;0.48824548382779165
0.2761562853596463;0.4992768242605098;0.23588230328577242
0.9547870450552125;0.33490174625866154;0.0423142736405836
0.9841364589389244;0.6614790538140632;0.11593376831756308
0.4626367575313468;0.8338934910170559;0.9385678779702792
0.7268164826086932;0.11642626962048286;0.41228607131299544
0.3637115299222581;0.19789612463260153;0.29518777510855243
0.27163380517684566;0.8359951045220233;0.7095292125428208
0.15221035895478652;0.20838172219313134;0.5366708421428908
0.904904596754056;0.2099164934445228;0.741173436605664
0.5913549326729793;0.9252957318256774;0.38438968969282183
0.6267324583743641;0.2214757626487397;0.4159778876404774
0.36144897762846817;0.1383015537459783;0.5885510252070992
0.2482945709535992;0.2799736997031813;0.0035514226683455163
0.5496288703784051;0.8955666512633889;0.7925688944103904
0.8302378794763234;0.07362004166482772;0.2366475167164629
0.08256669795825522;0.7534697460445824;0.952482413128198
0.011746393390423604;0.7204681576078446;0.5831579422860652
0.8094523397053512;0.6645938048414278;0.16790342695685012
0.763418674065611;0.6713948072674208;0.21108522402253038
0.33499041297613463;0.43786554064710304;0.14640127029144245
0.563257503101569;0.34595655402426917;0.589086291761391
0.08883776915807617;0.6416488088358135;0.19468198089108246
0.9200208273457172;0.7435289398762251;0.9977016833564437
0.19831156287485896;0.3009294264847753;0.7606144502550055
0.8686505880817728;0.7224870798791326;0.10799471795679094
0.7793899354022646;0.040848383601919;0.48348039358972905
0.6156256793466448;0.4103331088287625;0.35564521304159447
0.8580893029033747;0.30338720376696915;0.005749686502638407
0.2884343738874885;0.9832702298478073;0.022420822525570983
0.9806695601974665;0.6357182349295457;0.561728330828195
0.020959071562954068;0.9850249847061848;0.36479307504843994
0.350088081784675;0.31247642088971184;0.8950369190775799
0.07716224793218518;0.09224368052370657;0.04608220955039377
0.9930808990826359;0.8660734755616151;0.7602305553896961
0.5177600123500498;0.9529807681734788;0.9713873208298943
0.2500640659488014;0.3495266777304289;0.23188488400425622
0.5192884805323665;0.34002232553482803;0.3150382754580322
0.044753697403323245;0.3246460327770829;0.7021951331063544
0.2212485001534399;0.6392468646848991;0.7406922429163824
0.4492826759565802;0.624490820897272;0.9479106361549301
0.028802178120431177;0.8520623267139137;0.430240181765953
0.793939306441621;0.16572208991224013;0.6215244037144383
0.7838505288177896;0.4155888096173984;0.6785898406020544
0.7414725531503231;0.05286976961923873;0.8251459867916233
0.5030977067962903;0.8236787577804976;0.9454643539524683
0.6421814612216511;0.5990231947635312;0.965301938931758
0.32752800811297045;0.003564601898815134;0.7649453366583092
0.5876523796809167;0.35296168157465435;0.4184227244147758
0.07979576827537782;0.45478214879134515;0.6611429466561972
0.9369925576469615;0.2866378550252088;0.1614650718360896
0.3606148829407374;0.1686807774931769;0.7063293702151994
0.42584899715914526;0.5950386440943285;0.582246961628025
0.378330932449345;0.34969477841915153;0.7233437851544346
0.4534915146756823;0.21387297510388947;0.1424747694174885
0.2843895759421201;0.6794248577755196;0.6762133326465062
0.694928739914996;0.0954758910318283;0.3047644734995205
0.878163261941023;0.0032361503948341586;0.6684409589925957
0.7863895556716343;0.1438468559259385;0.13009519844973094
0.2654982007526252;0.5721287260542441;0.2240127930745539
0.5847796201298313;0.18936406097212688;0.36862157301451415
0.5118590453691674;0.5348679990913726;0.5268154670006188
0.5569530260963206;0.14307923158252311;0.20729968982737423
0.4216746002194379;0.5871059742218735;0.6941511921632448
0.10325461523593238;0.5344199772359879;0.6288115358593199
0.6674239898351676;0.7155040028652715;0.6416616943316196
0.7752026063020565;0.9671434002639386;0.4989154125438382
0.8035417767907498;0.15842500615967292;0.6461068413241742
0.7621615212677014;0.6661914038846519;0.138977472405988
0.5787677680613589;0.4249004914421043;0.4475477936322646
0.13731021521136877;0.8883357828549081;0.7744582855128739
0.5723598481482716;0.2739796705042966;0.9728808142676135
0.12914058704492481;0.704234179319087;0.7414408729476767
0.2875407781209556;0.7474294222802431;0.13997007667220596
0.2197931928050978;0.5857165721327846;0.8671672279027182
0.8799392276035796;0.001522586124328651;0.5153902799114507
0.3344917773369299;0.6727252444101132;0.09170613322950649
0.22651239686088565;0.09595891379412358;0.49670475156969296
0.4577099153129093;0.7484500210742765;0.6915440500581342
0.6014883610532994;0.3817653758011673;0.05986144200318222
0.4371378360411844;0.3900819265995732;0.22470378323153395
0.8975146752593464;0.5275202681294561;0.8070442464875959
0.7192349964045878;0.9497854866647663;0.02068307196201613
0.6819673549607385;0.3536651232280067;0.03181040898054477
0.16058808622746723;0.809593394828763;0.8463649372309812
0.2503642226747239;0.4102726735325589;0.351821405775107
0.7880935012227488;0.26115246846547857;0.8584258147478526
0.9335515972326253;0.32236596750420377;0.202445772749702
0.3848738439360052;0.20685606996571315;0.12320918165424888
0.8713831166509282;0.4540005754116183;0.010072509930128981
0.2765228623108529;0.7985403030074273;0.4281129129558926
0.5232143151564534;0.5731121596810788;0.6771481841084435
0.4310026877900083;0.025468661626321998;0.455605303671591
0.7413753662282969;0.30449605457379036;0.09132013629014246
0.1822473614991964;0.9847066780837602;0.06176783662332397
0.8121983655685489;0.8023914891813392;0.08778039920745973
0.39286390400932614;0.862511447349947;0.9031181393885053
0.9613175158211481;0.398032343662984;0.5836546452380702
0.35544206102397413;0.48173621287676416;0.3941144771963607
0.7411624281417778;0.234296410954434;0.5871488911275727
0.20439126443076872;0.9774363331755491;0.9230023316416711
0.22318050088642905;0.4945973194091938;0.5412589151772342
0.7693589290761071;0.03325824105929831;0.3597136351942052
0.7871836238468186;0.45940094432677225;0.2646290749090503
0.4696237732620253;0.5061945355645139;0.40021267998875043
0.6358551167794521;0.22073621419912426;0.3532886444228175
0.19233843910844506;0.11437581916071604;0.9943589924031782
0.6091739815358169;0.10980825521520787;0.7321453172221383
0.6325102478318947;0.8631282208315062;0.15213740815156407
0.3273112859223829;0.4990349658033292;0.9890754088096404
0.2368739756558237;0.33872578840758205;0.7322527204594971
0.2856332719976259;0.8478077430868032;0.6388518876349794
0.9594186427999699;0.5442174538149999;0.04777792613328158
0.1669810152347072;0.393670384595447;0.6147082957821769
0.8816903839210599;0.5772059266835662;0.8204450919969167
0.3806045623951396;0.65787339088979;0.8306579986726371
0.7174926087302387;0.6676367661498984;0.0282546393487888
0.9451522010506794;0.7145721618485767;0.6767216244251997
0.25242240967380347;0.2517501988553177;0.6025450751916492
0.34112193839035554;0.5067917650816974;0.7427959866558099
0.16134293922303677;0.4580788853992588;0.3690829007814699
0.22182652647153367;0.8934444021442566;0.24243042434908335
0.24150871799788942;0.43290932082907707;0.28279318287739974
0.4121205988666722;0.9175179008697799;0.27828211215761045
0.8474573568256318;0.12235139674605877;0.3174938560744226
0.24936724632053486;0.7535940723732131;0.45805214484422174
0.46018391244825807;0.6518303369870481;0.45814637013754766
0.5123688248113908;0.25940917751586523;0.7167657978385678
0.9214805647914149;0.7485504019111844;0.052450185976315455
0.6763027910505679;0.08736241482205898;0.49949621659914245
0.43343382336940794;0.9424645542398963;0.14833881907719282
0.8331210265319893;0.39906361103204735;0.5935534103337536
0.5629680841601141;0.356419648516195;0.1805402981701575
0.5934744590630437;0.07998814037285684;0.15590076052327806
0.5019500315651916;0.026365137311189835;0.8338372248656765
0.6766195793881361;0.15730145222353376;0.8144688680314781
0.4691330576260575;0.38167593959325585;0.6468003926186168
0.6691012895496197;0.3242483902585147;0.30492100223408714
0.448666556991153;0.9040586366430892;0.11149240673458971
0.665741806988042;0.7242496586945584;0.5930089909997599
0.9975519155162551;0.33527738764219217;0.7407960282850935
0.8970713026165101;0.7620454329267211;0.9902274842770714
0.0801953217046455;0.23807543022640754;0.3171282406143565
0.8868533607302421;0.407035409925799;0.21172665554411108
0.3465815758970624;0.6119609223748129;0.09008068394955948
0.783428980392885;0.3974068665432554;0.2672801702766173
0.5078957307372363;0.2179642211282944;0.7558796567021816
0.9970469004130902;0.45367086108964816;0.1534715238378016
0.3718832575171054;0.9408610175073914;0.6559573222767892
0.551166119334479;0.2037962141666506;0.9267346484530666
0.10855601098277678;0.230215762888194;0.009435382245799762
0.6581077422185269;0.9107190033199254;0.41852392809969463
0.11505677378565449;0.11606455514418867;0.4303766928970211
0.09191074712513414;0.2178225266971594;0.22521284591386792
0.07209401425166784;0.8485212592622122;0.18644917590346788
0.44031175378256093;0.9778014103462825;0.593350342845196
0.7182069026235709;0.9239022012627924;0.0987685777540167
0.5691975765114422;0.7620274870297877;0.8498428954729639
0.21994825678443786;0.008690724418168871;0.9492734051830396
0.2022381022180072;0.5216272883999624;0.1798993671232686
0.44297809701755986;0.32890345947344757;0.26972967587143715
0.7965574708132285;0.9941445818240199;0.9613496070728458
0.5009534548390495;0.2076881408222293;0.44276648415964825
0.6241922370136854;0.7635598084992838;0.5305231388752367
0.1435755109589365;0.9856479977698728;0.6451330512907609
0.4124338970791175;0.5347241730799142;0.6830907675618882
0.5480955372504138;0.20585489990348305;0.9122986270001784
0.5882799625768558;0.41651741459450276;0.46566985060555965
0.0008244882631299744;0.9283189691059858;0.16994817691041286
0.548849906855285;0.7561480774968148;0.8687694678525656
0.09941350604663624;0.0668587757200273;0.3567786872944625
0.6236001017961597;0.24445333826658755;0.3683297298803584
0.7963247255008225;0.4201084824469353;0.9736961774939198
0.5785719987610681;0.30585335475155895;0.8256175311847647
0.9041015869303412;0.009074151750813164;0.3611234179587661
0.9034824689604601;0.5439520985039903;0.2634982034623864
0.6533064947171437;0.13219264151885923;0.019252939887293485
0.05311697273158522;0.7827644177465386;0.17072446942916286
0.11862302031162075;0.5778822383100152;0.5270706714920295
0.2677949003903769;0.08879266110363648;0.6401673487965003
0.8210516002182097;0.7206092532387107;0.20188177552552666
0.5596010062878977;0.018917814542538935;0.6963740005139814
0.0699189910736302;0.32282737796748084;0.3610682161418488
0.4669651650442297;0.5324126602198852;0.5501745843401199
0.12305087575581541;0.502939856498636;0.016637057454835125
0.799892473424514;0.025542349105393658;0.612325165316482
0.5649330531070859;0.4863410886639251;0.9889546636850018
0.42817193156736777;0.7980183392386522;0.6475407942231378
0.507562968256532;0.6532122612395246;0.19462446897493524
0.03765798030766587;0.9271037487076802;0.05893630478911693
0.12335240873146913;0.8408224825786196;0.6447221085732814
0.044042623595820674;0.10108135259110962;0.8381845762895371
0.5061055845372634;0.6756035347270308;0.6670025153581999
0.7378739507018273;0.3357930954071926;0.5484929401755483
0.1240287897129908;0.8961729458858502;0.7684507313527533
0.5885113832747074;0.7694359817839661;0.13520454626399947
0.8013026122950039;0.02830242928228166;0.31457725257448654
0.7942178773152705;0.7590351184211683;0.11088978182591214
0.40940382252873786;0.049635317914029975;0.648815405169083
0.230242704966641;0.6944543300430576;0.9566515017285467
0.4307768011504223;0.9669372523072499;0.26176343524079093
0.9655655511010499;0.6983025827921504;0.16481826536884792
0.00401050613036702;0.7766815635845981;0.9162808881779175
0.8259703472679806;0.19042658186489614;0.7261978390161127
0.25819582156694654;0.07073050874502518;0.893461271998716
0.5424393843270979;0.8656290954181115;0.3888186268107896
0.5423874221228883;0.045195739674040336;0.19652055738135565
0.5173781839165684;0.37200965020562293;0.057454071084884206
0.9363783062551486;0.050797032584083635;0.669895090457176
0.8011024087854677;0.3725699133425483;0.16874117722843995
0.023755179046240693;0.9057429778065352;0.09425773583330832
0.3199354568639706;0.9813183924618872;0.47435869612044335
0.7432844107231861;0.10396418194855395;0.4152861047962505
0.690625096444577;0.669323039344674;0.6267684173337591
0.21394509273421336;0.6288903820629266;0.867723925731621
0.6212973094553218;0.5983827987985639;0.5678499016788936
0.8853441625311205;0.35419397617159054;0.7228470631852767
0.46642431290013253;0.21474619479286383;0.9324577394045641
0.5818860405047264;0.6196745436917414;0.6569663951624548
0.44611506283692126;0.15766537467391173;0.015342239551443648
0.6804206725113535;0.22204209620239157;0.16634692124588735
0.7853517139518316;2.7163589776724173e-05;0.8454777655200871
0.961727682975437;0.30564951158649933;0.8164310673067503
0.47108801167365;0.07304793739523929;0.35687221477658315
0.5671665126604752;0.03783542701446352;0.8423815822425327
0.7807423693118093;0.44937417942844426;0.49317257382123614
0.9425414548230148;0.7960566560931952;0.3675133806327242
0.23169937382324357;0.30605859002129576;0.7346998906655269
0.3561265089657496;0.66931100286132;0.5481668860805532
0.7565672922019444;0.8731459252347715;0.5247258312921224
0.6312251635606742;0.5687101000090151;0.4523672564154181
0.3186669161729435;0.5667802987640788;0.6116955423082608
0.13504570786622405;0.5789592311349513;0.5474222146651628
0.0026085511255918847;0.005639390497934382;0.45887941493827245
0.6537498502762189;0.9423730731872768;0.6889794590361339
0.12932221008466505;0.42731576197082344;0.3271890561733657
0.14342081376841498;0.6122028759103616;0.04021715876465537
0.6072569397570664;0.3463896073602495;0.5117933518358428
0.15460359966413584;0.5551805781628981;0.027646685061246234
0.9405138447619416;0.8027961939706953;0.5579705356113368
0.7860890126418123;0.18510217835170717;0.5817009197785298
0.4899834063222277;0.9104476518156912;0.9556740439183283
0.1579517926035654;0.1115650486113885;0.7674205652326123
0.6830508032807269;0.10587828553083378;0.9003513909208042
0.7974798701710984;0.0005920005504375103;0.9117153281749656
0.01461397723168878;0.4388022687333948;0.30265449014495316
0.8508040532602661;0.3043136597067053;0.9109406598311471
0.6729688097776899;0.8090313240197062;0.234012604255585
0.2093240287409931;0.5336861084703468;0.7882488484323613
0.02627732881378264;0.42072838976384475;0.1473692093705269
0.4251231640616192;0.06740341401900452;0.02610406460576087
0.9812545657300118;0.683081808535658;0.8394627485740557
0.3303646706307065;0.05884787953034798;0.40296628816134783
0.14624979604631294;0.05095187232908627;0.5033521020238453
0.4118509416679865;0.3172017226038384;0.21552796123594842
0.6473465061807767;0.08568798442144554;0.031819207668487004
0.7206826760369208;0.7170610740490706;0.10412035084399363
0.6864406589068471;0.7704462522222572;0.9451396730924723
0.11457224624287254;0.03543968464346248;0.3670815270778037
0.2579718057682814;0.6923554817240783;0.8479568075411249
0.7966839924024346;0.36945461589227035;0.7003903873640677
0.35048473925108004;0.7506693572938866;0.5675259124608629
0.10579431326566846;0.7856248291388611;0.8456822727497841
0.3461683432231477;0.5877097309903784;0.7597026400031168
0.8364245870284768;0.07838308970074925;0.8749470990145214
0.9400467430954801;0.23064859021948259;0.975526072310239
0.3236214687474366;0.005334135104364202;0.7054656310663455
0.08296443296521139;0.8244611222254026;0.8682157788343037
0.1588210809712124;0.024356806278366894;0.21385176156655228
0.8386914757918916;0.9027788151725471;0.486531925373627
0.32650532224549567;0.037940477899208624;0.9530871636418699
0.9879399010464964;0.4101215969625298;0.28441603881071664
0.36693542104517896;0.522922108878033;0.0509944113312234
0.23671783243204536;0.08350287584398375;0.09838291988616832
0.4623199073840507;0.2716453233068834;0.36414792185563427
0.9069769076484963;0.4933801947982479;0.6892371728761911
0.750951245067806;0.3973425721264432;0.506462668527104
0.7912590366885562;0.5766510430505227;0.24827038940660817
0.3945629933953002;0.39965763139593846;0.25829217167172225
0.17349485833218548;0.16930566786668944;0.7830031387889397
0.37519558035583533;0.6201088226667916;0.28888536919729035
0.11595329183273262;0.7654493750286899;0.33241457975109645
0.001107779766079564;0.2623796786317967;0.5069926636520067
0.6829649938182636;0.3203451437529341;0.07630665831331107
0.6742747705065015;0.6465323467402908;0.11003958670243152
0.9170529273108923;0.37867458375703344;0.8282463005436121
0.002988926795508995;0.5777850851625096;0.42663602589246574
0.08488906546142261;0.8373823711644954;0.6344588597541834
0.7394721252542477;0.04944190628644385;0.32664572765689326
0.03310874999836433;0.11719595077378742;0.7246102602201616
0.3350113413370256;0.9047192505503612;0.35001566204966283
0.9752259064506386;0.09572645599141327;0.9943616930687117
0.8896099444460128;0.18720242527450992;0.2746160529747368
0.03362488086250348;0.5025045669497626;0.7131862803687605
0.2596875561801938;0.06421177220449326;0.8994521585865068
0.12549550077343485;0.9703612810676253;0.9087040051007605
0.2650144509135287;0.8728517341892319;0.26071987406802755
0.19962773445667747;0.6935300879269983;0.8555114215428691
0.20998478854781988;0.6811680369553753;0.5428811016641462
0.553439527723531;0.5672942101714893;0.841474492498575
0.9342230510793501;0.049019745160110206;0.008028336234291
0.43540115814950897;0.8836938222414662;0.7868322864843909
0.35433597583142984;0.4833914053151236;0.47014119906168894
0.22987208205744558;0.07631349672689691;0.23629631245437444
0.41045300952637476;0.4777290458648915;0.2043668464677173
0.7633573539701849;0.856608418140903;0.8580497813265696
0.19582373093284677;0.4382657534768768;0.964983354896405
0.7991697781637597;0.2946989652677654;0.854955131076376
0.8559030373741573;0.06594107015984019;0.9922389894299971
0.12991154397216742;0.7644786677054226;0.622703944097635
0.5224601807690427;0.8519540810732371;0.664634722049656
0.26661077560380864;0.775412649391798;0.9631170962455072
0.2066460640181117;0.34334153376673826;0.42043492073489064
0.9232762868296398;0.5637008163659879;0.7051845648106898
0.7208510550159936;0.9290489622851346;0.3686180983111522
0.4362132075740127;0.44332732394441066;0.4240201009517077
0.17114131847709635;0.750429134189345;0.6962183804467297
0.41023265602060777;0.5056322030346126;0.05644216927103762
0.9206324540011224;0.6486669563072384;0.4599818034350416
0.7658551919760437;0.3613042254320695;0.5666154142469003
0.45070233759675804;0.7074572895576956;0.14411836745229045
0.5211658422016187;0.4764173367279322;0.7880025280192501
0.9963241239310769;0.29961218684397173;0.5679697681909653
0.045442309468339714;0.8623309788393186;0.998326489850722
0.4485209245453452;0.13516200616652307;0.4498600303737331
0.9967137851425616;0.878169501035816;0.20916243856570382
0.7907908921168066;0.946818847193161;0.5900591716843957
0.7082171611891138;0.7801879177413963;0.9459422709522787
0.25182041385099263;0.3912364137380957;0.8724819767898893
0.7516512107911176;0.7449853122115281;0.8912668460444352
0.40502486628183054;0.28303712681910176;0.49543555899401714
0.4797314726188233;0.07499361442438979;0.08166424839508413
0.3767502285556541;0.965622724012896;0.8019279224188742
0.6817177405580137;0.866653570624686;0.06916253950507667
0.15262647682147634;0.18177586978493887;0.004953003211913054
0.42336965296690343;0.25437480597752926;0.8919061178738906
0.44479304535522757;0.6785362541682965;0.09396518830981604
0.28345356772404917;0.10352650996382906;0.14596848274008023
0.41321597966214807;0.06637185260648049;0.2564533237119698
0.5539690371960158;0.7582301965452335;0.0440665085266706
0.344362844083424;0.884596163118008;0.31888551926380027
0.3747520766907345;0.9864744300799709;0.0779136642474163
0.39988303655068536;0.4176189048189154;0.04525841470637981
0.6458782794896517;0.5165476555740699;0.4714424164105432
0.2657285352985952;0.5689150100590457;0.7076207576136907
0.6473183214582096;0.18520882688345064;0.9359443879305002
0.8043331663979083;0.016575403431355662;0.590952460548984
0.9845316177542478;0.3304774679221538;0.01049504974827331
0.7443583139513539;0.6275582283381786;0.9558320946278835
0.7585034943966721;0.17863832401012703;0.3874849877859815
0.906120780423117;0.8529841208409075;0.9479491213064547
0.33061870663673487;0.2894484887804336;0.44662941550805213
0.809764886601045;0.5270903296145815;0.8361834486065708
0.7499385427058941;0.35074902935987895;0.1735926149783944
0.5470309850588703;0.24023807909828598;0.9024317739609715
0.46130730970311296;0.9219026208321928;0.25744173224134637
0.8187177414636632;0.2827265012975092;0.5271101365380025
0.005926568716666636;0.16401737108032644;0.7932737961328485
0.10664812964122394;0.2938760094315631;0.27975976812831604
0.7863183206014247;0.4924129420833844;0.6885422623435803
0.7435138551870374;0.4226843644682087;0.3831614382041446
0.7899991954010908;0.033259504157399644;0.646033648914087
0.4499035828182778;0.5896567021649218;0.4324989634113027
0.131435473632473;0.6455504317057594;0.45087740861270953
0.8069674116924199;0.4538993800456751;0.5094199999391311
0.512018617429701;0.3482893289667456;0.553735044073365
0.7782641360401998;0.5435740081844314;0.8286260285866069
0.6247322593623367;0.2031587508255044;0.6339487633595838
0.6631165499083186;0.032115761144811406;0.2264462469525359
0.96574599957686;0.5610039632672976;0.10421314425918204
0.10342754732147275;0.25962903695544803;0.003173150334737751
0.611868472377732;0.26747756987072735;0.5890443835872708
0.5558695161429505;0.09097018335932683;0.9664108110262369
0.4610768491915892;0.9048132706893184;0.07922955495769934
0.5434147624946446;0.43887236912263683;0.5922448421415208
0.5822579272827094;0.40740060348432405;0.767916679288687
0.9148889410955288;0.919676119542658;0.02557694951232392
0.8368366728319355;0.91470537607912;0.9193724553691679
0.03367995581390293;0.8031797897816947;0.20129697751061448
0.8362181907978053;0.4974032238399987;0.37842213555487025
0.792957486641476;0.8385980930863062;0.6018292047498363
0.7561861213560678;0.609092957741738;0.11788213474775666
0.1750034994431523;0.46255105979545397;0.8855911146447281
0.45478283586870616;0.7219837257037479;0.17775760763642223
0.7936504140436726;0.815874701816626;0.4668005346920684
0.8919114927408298;0.209626953190016;0.918990751642312
0.2608808959823561;0.6098988268295448;0.719565814012294
0.2937446455032787;0.965774916401534;0.7092246069427324
0.42538252309580027;0.8146746354298259;0.051672981522194905
0.8311938480867769;0.3851236269228251;0.981105495205313
0.11110165059132882;0.5840040885438564;0.04149508817271319
0.7456943099119394;0.649699175675417;0.3100884376650711
0.0019462845124533779;0.5712166179460209;0.6831330033362278
0.24384463696237169;0.6328548712409018;0.8735850351733745
0.5267676466000423;0.8682391224971137;0.24535476174718063
0.8872631958967674;0.08880406394091389;0.8647177711296975
0.614719749552432;0.4345908269811428;0.34756864998079107
0.4142847541291348;0.11798031606081727;0.21460646010024065
0.19790978270373583;0.027724167196206073;0.755847064035267
0.13133695012591584;0.6150902423795022;0.5322820259237798
0.02740372405813818;0.5348908857078428;0.06464773238551325
0.8588146830692847;0.2255318694456384;0.6811082573790382
0.053817356787790316;0.6544610845261196;0.9775317860129652
0.4166396878639269;0.2983833401125332;0.07169366285032097
0.8046548064510899;0.8261898091310865;0.5358928290265078
0.08857155245104664;0.36450927063070415;0.9442731991450274
0.40336036988110757;0.719346382313325;0.0026691685383165575
0.8429848181984091;0.9220738345964317;0.12332833461044124
0.052580319763756544;0.40038151012639067;0.21797843641814518
0.1079569284416062;0.5084106377423744;0.13913607494045976
0.547918165185546;0.5076860391087988;0.5253477103750618
0.7884317884009384;0.3361443208538719;0.9820945554427137
0.9638839375100738;0.765744486766588;0.16480490572861528
0.8938215357548787;0.3078936299533144;0.13127372244596391
0.43979658097137597;0.5844235979531005;0.22925084879737423
0.5465437109228685;0.5736925673618672;0.6519093774255342
0.23891936696001814;0.4577936657330587;0.37404374757688474
0.2999729694214107;0.5763455699846044;0.16910255093964532
0.739678882245305;0.17622466706127227;0.6789219293366757
0.45137740229759526;0.7548704532012234;0.499182531304865
0.3093839245362665;0.37870977603867273;0.24655413775512147
0.8878984878261276;0.29687628807418986;0.1940039965424396
0.6194648887199385;0.8750176437295116;0.9666764916455679
0.923521493271327;0.4920004883072734;0.2958693042613154
0.7798116451370467;0.6285034984568187;0.18566236459814833
0.22329398348401885;0.0791331567386151;0.6938061770572928
0.7765896841238604;0.4055870983433981;0.3542374959486646
0.6090826682947645;0.2610604799852366;0.4135160220802341
0.36251335001354845;0.6780811413646324;0.7870218117430754
0.19179313023256817;0.10337890779314673;0.16989023944331716
0.6720927796226516;0.2740676129430525;0.7922593517930356
0.9894803758907205;0.11795145153116027;0.6562543264878051
0.22968267976647705;0.40422488728160866;0.6780567391736517
0.006256881835227435;0.9723676017262518;0.0365346625980707
0.5383319241517769;0.016000287704161065;0.30809342147648366
0.3928411893037279;0.2523026542635187;0.7046578907705626
0.14343163493702216;0.3298783088225342;0.5265066663594226
0.7050377278655491;0.39125591780905355;0.9553898983309264
0.8110553164659571;0.03524805399251241;0.6176333837457721
0.5128509123553151;0.711923120081798;0.3032534284132017
0.9482063631941875;0.3217890820505571;0.8444077642784048
0.8402654190287494;0.506397342799243;0.25804366594398076
0.47505659703826475;0.9384414768247823;0.15235696903103046
0.9170719120325291;0.35084824103574175;0.12767614624081003
0.0414646954937663;0.8380572115052712;0.10162143535405033
0.9492533323597527;0.23012676184154146;0.2659022105084371
0.640592889954961;0.045402619316666226;0.4541738909998795
0.7345551922202235;0.4284814322981887;0.5829922817691668
0.3023401504451102;0.8670412169618913;0.0647243362026162
0.9465423434298665;0.5577487171411375;0.34253896143759
0.3082559394788199;0.630263468841944;0.3166652594500785
0.24190695615651014;0.532222732433682;0.6358041779887128
0.3713247218938185;0.5139925890126321;0.8551337886951911
0.762900150655114;0.7095653595971274;0.46195209468097187
0.4858391786568388;0.8128824324527977;0.10768103201797896
0.0724743340996914;0.3678779638448396;0.8691994223614252
0.10009154740053727;0.5593886100165825;0.9331320286679382
0.7550191562370742;0.9367721062937299;0.7774544243809144
0.009463624053671182;0.025639738538146717;0.48798320685997987
0.9995497712442355;0.7296749281602413;0.2656243062103689
0.62405429004015;0.6158317273798364;0.15094507552494552
0.8331395040140619;0.3406369248789928;0.16956094466434357
0.5314831924924379;0.30291205726770054;0.9206054392287957
0.6616964114665222;0.7096424164257823;0.18501863977925614
0.1425657433472115;0.2731823170456703;0.05869746118080987
0.24381683614359584;0.5899745064369305;0.3694239475501597
0.932090744325873;0.7972615600054703;0.9308132802591449
0.4866566319467016;0.09881332446466495;0.19022813806881345
0.38701420155789923;0.2563948852942308;0.13132104075047035
0.12806369390236227;0.8525709838829946;0.43219480450449443
0.20846175167611813;0.07350158499590465;0.2110878337922778
0.9599593284431586;0.20608062556934892;0.11945394258790332
0.5721250050980031;0.9715122293883103;0.23818963961042838
0.38564393319070145;0.3670418921389359;0.5846623318759812
0.5027533507653171;0.015626884149707254;0.038266854542724826
0.5792270344655263;0.3387032780319975;0.10351773259885233
0.5101821464246911;0.2167580754766023;0.6239630354494415
0.8913608485450709;0.6089141776699287;0.17686216008994837
0.7071007699001821;0.8086386697144293;0.8881982990924375
0.817593399259229;0.7001172212314717;0.49638268950067865
0.5894117354095731;0.6809718209816944;0.8091382949262897
0.7613685500566073;0.4661367199165918;0.7960570938640346
0.4918405246112515;0.8110006009185232;0.7177377689574224
0.09856620853956355;0.2486087918100247;0.08465123185009216
0.22002617194535778;0.29232416418496165;0.8885547705979189
0.45224820921646836;0.0738463582861475;0.19679497448437644
0.01026868869943831;0.5158839071706665;0.5907205451115946
0.09265730875307632;0.5232459989462831;0.4142239466137393
0.3170735976590979;0.012228707294880459;0.036225584348046014
0.6939608890035068;0.45100704029532757;0.4687651720332463
0.3565124775442885;0.7017911768181286;0.8601289784518582
0.5906264021410891;0.7459790199616342;0.7273750279352172
0.2898668068153728;0.37691074577625416;0.1544603793592535
0.7941181150324412;0.5648859729901599;0.08657244296449684
0.8479279179477855;0.8370937284056459;0.9349900758830081
0.3908947610580247;0.6619247366273764;0.516364276801971
0.1193626230261634;0.7841313810482341;0.5767017082982198
0.37543746264880395;0.526222282423182;0.604802440158151
0.4028161061030071;0.77971249722524;0.3705943559499768
0.5561047651074776;0.08149009676606878;0.6262349382359358
0.32111935124722646;0.4051905885460332;0.8797538851021536
0.4763195176615086;0.7816281621766188;0.6441941393369978
0.5012663739806271;0.4897324563463633;0.6107653116411544
0.3011081566426407;0.7222241304595708;0.9731627223045407
0.32032120473451886;0.19015578241186193;0.9842391112209318
0.9893872269731321;0.9890441356075257;0.35004468889394336
0.051411304005343106;0.24098074046877926;0.9927297654022932
0.5516192098779946;0.08639972026471154;0.12700118016396789
0.7409152334296;0.1848452216699331;0.7794715073512137
0.6087827782789836;0.17817597896453263;0.9968472869460235
0.8331381146083451;0.372779736411866;0.9217097141749999
0.2383026125180332;0.16478330284223697;0.314978684899461
0.49352976436802654;0.7616978452950587;0.5822808959804091
0.09654925843647388;0.838255118995279;0.5782570969789139
0.09846262150591356;0.517977638081438;0.19289566884886344
0.3455756063008486;0.24778826623283612;0.8192392233354312
0.35058077988984415;0.15040963054391387;0.7739314224900024
0.7250438279472501;0.5482558447802347;0.482198824622036
0.7271930820020316;0.16456814980845047;0.3736680815857726
0.2633653633350217;0.3846287615141283;0.4056033873926471
0.6599340617070047;0.030024331407106364;0.855147651229553
0.4849199765912654;0.12191184163171931;0.20625146759413926
0.8095806531079701;0.8346462645581021;0.3151182963475797
0.289108394269846;0.42513909859279864;0.04478089001661523
0.3420219837163433;0.09332802725439537;0.795368584863107
0.32612523847143726;0.8023941734713453;0.22989887703629408
0.8418832090362921;0.5069813421005939;0.5018599008765761
0.6853940613574095;0.4734313590438809;0.7407130918153108
0.44299760536678456;0.9862354397640039;0.4912087880093242
0.7212459687073938;0.8169812656830527;0.06020168128967052
0.6035242290032278;0.011725543716930353;0.6137090957692388
0.881272596136882;0.6427584496850377;0.3231181079236687
0.3402033795577395;0.573904347977697;0.6793788319667988
0.4311682737721493;0.5591373751103464;0.9319845587355733
0.45335356336415256;0.2325705192223868;0.10676151023573954
0.039292295525555354;0.6707049125885065;0.5633170578138881
0.16192304752018793;0.6426707903603266;0.5181035090224094
0.7211656692792981;0.6369010775622005;0.5432504981798502
0.5028924268639794;0.2851386448178451;0.14115856356492507
0.7032182678155641;0.8912998926870397;0.4960530388881439
0.9092781968179835;0.7378179805687213;0.37909323919806026
0.8090105718922499;0.16795644464110393;0.8458186710456025
0.45390091451338554;0.29638739419591764;0.4584300247359586
0.33329604045108974;0.7499887673551763;0.23970325305143292
0.2112346560357512;0.5258205853283179;0.359837087488287
0.48461215905849975;0.17087191582433037;0.8744680695736634
0.9443122409060872;0.44010364823669956;0.6616479988853173
0.30062069547586;0.2619012185654147;0.11572635249981222
0.6282107248555933;0.4478475600284313;0.41283228261118265
0.7340925482883242;0.09838916009507293;0.6088084718124309
0.3624172166623897;0.8289440274677276;0.3401690917535649
0.9736578866433678;0.5269703198351614;0.36595919015241907
0.9902458954626128;0.33729708689820304;0.5694858411962167
0.3070107457870307;0.5340415410865397;0.19050780130249867
0.8420631249058785;0.21582761151622265;0.13766797961894395
0.2615756111221048;0.7081243366696685;0.6699671072643946
0.12546006826383893;0.5496661099677703;0.6969465831301106
0.6344660169844252;0.4527028471887907;0.40714873087008074
0.0715231885094404;0.9513796301700693;0.5143020905486624
0.8811377293054027;0.2921932730330783;0.33373740126546747
0.4159981603442663;0.8220611460980717;0.7398506400163559
0.5501913098994236;0.5218730984029337;0.3657212998888907
0.6809837472271113;0.3317555119600335;0.5827341407029165
0.8171132562328991;0.4346260410935956;0.33948784923228803
0.06458044900419602;0.9289378751066686;0.44300862098050053
0.6838395827630882;0.21852213800347198;0.16458122881602089
0.016821716834353406;0.2239960264408195;0.2863065240552848
0.15990365203996904;0.506254621630524;0.045068176600535303
0.7573445935141152;0.2708948873183149;0.7252553904282213
0.43665440249349985;0.02866453416103487;0.3968088790435519
0.27930929810690563;0.2985754474092299;0.3829586311657074
0.6114279795338832;0.953274119327804;0.9205307164336674
0.1689966442660037;0.8611432761706578;0.17347793043888493
0.6424648611284977;0.01564059821640229;0.7926527352757592
0.5702825992149347;0.16187935688503186;0.05418525924747808
0.5339872287882098;0.6359169605464486;0.508809326543314
0.01549513569981087;0.20175115987476622;0.9593334227528976
0.27756607680498124;0.16843009701310896;0.8540941499501556
0.8084289315038105;0.23520764509352587;0.4498965429807349
0.7678318554714922;0.7527814424447383;0.9474979098264906
0.4533493367978828;0.816322191795287;0.5074029681783523
0.6222125735722206;0.5641396256807208;0.7185620963775131
0.4501167275647784;0.2118332003405935;0.10005825606924434
0.13923397117564174;0.8301021478373086;0.7410394522355205
0.32664305593042375;0.9606550985410907;0.9865969925899917
0.84386091992135;0.5328178508282908;0.7254848098411346
0.35946145353060277;0.40641140212702775;0.7417200699340216
0.4045389870120314;0.4623739174833549;0.061869425936228795
0.20634565636213797;0.19026375447299593;0.2769992336063125
0.29319731338436916;0.2676264051513756;0.6128492079469979
0.7855880637944678;0.1498343382305738;0.30486682310906776
0.7168392612744047;0.03546061751584528;0.3365945312528569
0.7124682607046986;0.6139381476550612;0.5243903693290428
0.30142709323890626;0.29559001609928337;0.1936591996259298
0.775799978341899;0.3664654148485268;0.14648571708599734
0.7297582924723771;0.1426147361171508;0.4584333369303123
0.46789721569177356;0.241405818595116;0.8033109490018936
0.2251557901948491;0.7698092236907241;0.8023553867895612
0.3888283088764256;0.8253728997891034;0.23708158784203415
0.42695808275522507;0.43733145265606566;0.3843936920430855
0.20619646554135096;0.9238352726874737;0.8499939645347174
0.3095661491527437;0.6732829652008675;0.11653698536732127
0.5270830024987804;0.2794673621538609;0.8097877941144558
0.7967117547119854;0.6120998384371249;0.7860321530426077
0.7014726515007127;0.7919490646778155;0.911589278623975
0.8204044190809537;0.17950760574102298;0.2289538234459526
0.6992555028536798;0.9281923229619689;0.896699010690154
0.0565547921603069;0.7320944372577661;0.018892932560517273
0.5002226288009683;0.4977309863254298;0.019458775165888453
0.8700628584374557;0.922906001194626;0.10786861539866399
0.5137544997906477;0.9727475541983537;0.012779039814914017
0.0871429632618993;0.5992278333135184;0.1948618178540945
0.6199049105331829;0.7790170797685979;0.10392038480281507
0.6156564085263945;0.39350854889156783;0.7357929768608829
0.6247044510144408;0.3180897005645109;0.5671071566251473
0.032323399505239325;0.8361735550975665;0.06862509550478046
0.7348314676886916;0.7193750775892075;0.7633454246376504
0.5529948479647128;0.927612819672181;0.8746861121870589
0.49328882174553157;0.47071795682623196;0.714324221165099
0.3520181696492545;0.8431381752184037;0.8689356171114013
0.1439691818287171;0.1856069898947067;0.9886087422734213
0.8840286127923461;0.8855696475327367;0.7061206600607323
0.7929490835014412;0.5330925277967917;0.8652087851009147
0.12148089353537617;0.3735018769260239;0.3429561072314481
0.4864478114216304;0.053316534575496566;0.9602842493017961
0.1271789125056524;0.5692417821266041;0.15593536890794268
0.36115394866837836;0.7234122797441235;0.6009238697022098
0.011366510066555535;0.7986024146441697;0.17201637385420987
0.5885390388821415;0.979576855689209;0.39353968406419815
0.8213691552686414;0.2578094182681643;0.6424925041421677
0.18981081910153863;0.19895487844860793;0.8035747714768768
0.3338842739615874;0.16366741569528875;0.4274649332227164
0.2553471390748536;0.6557193445119246;0.4682211765974481
0.8298028680555907;0.17892651397787118;0.8681273056140062
0.98486913740882;0.02010314449415973;0.28228749427539435
0.34495948981089597;0.9127494809345182;0.5703256408213877
0.21745087523132767;0.5764619698303883;0.5615821431639088
0.745181737438843;0.5667440824375138;0.9496905720174319
0.3710550841979974;0.6440536246112356;0.3551538570905677
0.7576197862995622;0.7905734805554991;0.17932156378361863
0.24166728681976712;0.8483495988726913;0.29966718931808
0.6083296134840256;0.6408975674620033;0.3075965297277421
0.12349657333293107;0.020019285112394813;0.47019396521276713
0.800409085336392;0.7623734740917161;0.47137584115541076
0.47128494120011466;0.8474058886210455;0.26231082843922693
0.48172925836471836;0.20028341586601417;0.7235482668851061
0.9413954726978815;0.79960921394463;0.5798771392892415
0.26847629220437985;0.4047174406142383;0.8113564934749417
0.08357093848064134;0.05966692375432048;0.7575833356750765
0.1784794695072084;0.8037691806481251;0.9498411513096491
0.07110618283737058;0.9201172619973623;0.7664030390876346
0.4853023706868419;0.4819858552974985;0.6316239734661483
0.6742159377188471;0.7222987840779603;0.41232036305511743
0.47863151077930544;0.5813020163313325;0.5577128451049859
0.09097553358331556;0.837218515315556;0.14565921563779016
0.30598113201989563;0.6300065082636115;0.619121874592048
0.5416099518418106;0.7215119441601432;0.2658514840601238
0.04569613602478739;0.509702410618064;0.3147870732800585
0.6247897685326885;0.5608967455479;0.9947177053350271
0.22296977490909087;0.7330819354148158;0.4466158132565162
0.971034695431907;0.6210828896185275;0.8716739078817018
0.5565567954724346;0.3328728249746712;0.23321949595005265
0.6469025022313045;0.5387524801894751;0.2889505242928945
0.35063536058064093;0.12097590351889376;0.4136297118074981
0.05767321917832113;0.542037478718111;0.28417987107241627
0.35711512331368345;0.7251851292287945;0.7632192381095337
0.8638935256511378;0.9778094336085651;0.0868064526052148
0.1231057620746665;0.8699341117500677;0.2002170891823558
0.34590443994760833;0.7239288556314777;0.6041158977851893
0.12407591748315816;0.826325123467943;0.22759979139669917
0.5403320843599115;0.8266419329722635;0.9573216955477324
0.6743396079463757;0.8105278189646452;0.22922207128423622
0.590213082471254;0.8706473505692356;0.4605060228905067
0.6952874928842093;0.9317486645233025;0.2912003271322958
0.27895533483398927;0.32596756423986073;0.5605439399285544
0.6678923585887948;0.6027753268261048;0.4384707663324744
0.9107197749202607;0.28281860487703103;0.9214818429836847
0.7215898472657672;0.840235113541493;0.25821135432921594
0.26088360574251257;0.3282970725608373;0.5596030155425441
0.9022476924011155;0.22542160128335653;0.4219050922207169
0.5644284097269425;0.9471605587522902;0.22623986054278822
0.37290188480324704;0.7721037299331944;0.8897169612254391
0.6309712973457077;0.3577509461618228;0.15482446650578163
0.5189142660448163;0.05769538903762028;0.227880700182848
0.5398046677055849;0.8977496581068463;0.25530717946342674
0.4738708592678892;0.6695067363536689;0.8318292735714484
0.6040541174964771;0.23607340290134582;0.5641032496909305
0.676061028117057;0.8615327644277072;0.09136333390530749
0.5460034051135351;0.5128332603270864;0.7067179132724999
0.12393710605726105;0.47555963499145215;0.24935582952103608
0.7751022078656892;0.0170769405982949;0.081389324025123
0.8086246056801742;0.10894123284477308;0.9772036396463709
0.9598013962623384;0.3422117660786145;0.07803132966209247
0.20181347483062362;0.5822177075691433;0.7824508069535351
0.7258096555966567;0.6602764658149924;0.4139333782642146
0.07125938405873022;0.5592756407851983;0.771331504100003
0.7546785026929413;0.7879516171531898;0.0982367783902125
0.6830366004379403;0.4656334493814418;0.5556554381004162
0.5337824330336133;0.9838654961303736;0.16303364320810754
0.11142496779786626;0.7940461502995906;0.3117052662471549
0.9138963059039907;0.04437922090441848;0.47403075017534524
0.3586026124781293;0.9000582322024558;0.5002406809882805
0.5354408137347507;0.5164388086003168;0.2456974939555333
0.4717699291007049;0.33394268335026767;0.27202472864680094
0.9069784639712728;0.13905694531315682;0.46432440019344223
0.21121407606220655;0.02139402230268561;0.8135031329478212
0.9842344141922611;0.3957361455774313;0.32118348437583644
0.2436711895189274;0.34097965921705975;0.3988739173953646
0.35621138257138873;0.9334151004037384;0.1192517606331962
0.35362755827873427;0.19028199128278522;0.24133558517575338
0.8077333165629726;0.4492097573621713;0.8086498752704431
0.686788278763098;0.7251024052966787;0.12940097850656085
0.6010445347242845;0.15299812753901487;0.2888879668737907
0.5964899397950504;0.0735924815530361;0.6057372606230146
0.5056359129807302;0.30741089344139105;0.9068678665769421
0.524296306408016;0.19496585418889967;0.9306822968245458
0.10630880185969416;0.33910210075275704;0.4444703409293582
0.5826601706425296;0.9553920039947628;0.34514678259426534
0.22466857269858098;0.6385592089737504;0.46105492519375657
0.6680328398004738;0.9235484115491567;0.8164091835349243
0.6254062916901105;0.5817374129358497;0.15849095135745417
0.8425105260910893;0.8499191911888592;0.5711203498908032
0.6518999943887446;0.49694856507303775;0.8531319575975357
0.33800599227267913;0.4081895052427238;0.04687139233525828
0.5108358682193627;0.23010367061735737;0.6512134263425111
0.6118213044046038;0.6995599957939449;0.5229756417431527
0.776031598320478;0.4165075267296937;0.2530163575027149
0.031003978518760023;0.8209213356904796;0.360374558457515
0.08633828929307164;0.03133324445570085;0.291323756484817
0.3013022928941602;0.4358653597571891;0.3103954338313355
0.5701428749057377;0.9110031050711992;0.9071227377794874
0.7451312754027914;0.22001364022967795;0.0815152785746901
0.4023654809192282;0.6018471721323039;0.4187594189160061
0.6337454778886805;0.036474019514448064;0.7884729679627316
0.5515719522717687;0.5102455434643297;0.6894037373000932
0.4653706118319082;0.6338579590728232;0.604723195948495
0.5263019308404236;0.6829290905897071;0.16799270501275598
0.002820482849553052;0.003918188140102918;0.8097463796199922
0.723686148243292;0.3828962788039455;0.6476152709591054
0.46812792994314634;0.7133558184954547;0.08726148095087782
0.581836072937429;0.43257396235905765;0.10781334790893615
0.6320850749347311;0.6154691264555815;0.341872005437862
0.746678522858579;0.8303661462918491;0.5038817845667747
0.47825899412981454;0.3828623698381989;0.060407284413317885
0.11037072258618597;0.3825750076296913;0.9764024062119279
0.5651928272008933;0.023253422915321842;0.7498567319409303
0.4041910756262065;0.0011412020084546892;0.26367417718905395
0.9201399510314734;0.2057163693902737;0.26188083235409343
0.7041109710064608;0.23784106753251455;0.16314518185453097
0.30836029914909746;0.6694682384425006;0.255705802044049
0.6308350495297408;0.35176482292199485;0.7976356344777751
0.16824802847222453;0.8340831524025416;0.6697917722347022
0.9923878585269712;0.9879858654657481;0.9372546804194978
0.4513720715602053;0.8333219314163751;0.34222209272804927
0.8067909747136093;0.6586658994913993;0.9780990951167043
0.7696479169500223;0.5788654811079689;0.07590218886196631
0.6131265930166634;0.2154468960586794;0.808334376773812
0.5040033680886139;0.0530842080598346;0.3834562018994615
0.3878587712151479;0.2003636927209358;0.5417893936007259
0.4462674127249828;0.6117013148920326;0.8186042215060308
0.6538082705247678;0.3727679292568703;0.3657688180069891
0.5696166054059986;0.7830620979845058;0.340776761810094
0.481331756805909;0.8890573721302162;0.3409700521016218
0.4320554944948286;0.11182740066595964;0.4674162985005791
0.133896461565575;0.6729492064470688;0.8653363707905212
0.0078017696709538065;0.04754578165319567;0.8784265599776798
0.8433597928218083;0.8619006996961984;0.893605471836285
0.6060476865064549;0.5991512217923798;0.6833798216714141
0.12080948991823304;0.44840550995418915;0.7560231625348321
0.4345671748024509;0.36287608085068035;0.8725328843305382
0.2654864087504333;0.7071218983072455;0.7294996621888896
0.4750247648243895;0.2176055840635973;0.1943196998718174
0.8557060338288425;0.3879031768952589;0.2704143505226989
0.2976574990165958;0.18660237640310828;0.9103229381474958
0.5338359061882878;0.450311251535221;0.17086892147401855
0.5972212526821807;0.6730874429596887;0.23824955704707285
0.2700989432003661;0.2605328331784532;0.9827826272639713
0.9358613020165784;0.35806878819311827;0.4793838885359747
0.7616862750372205;0.9871826690096193;0.3803107657927365
0.5405097698081106;0.4977007002851369;0.9133820284423312
0.4087766582006578;0.9294667335087583;0.675089539751654
0.9279124740763339;0.8395535776281056;0.12860774085561577
0.9855715718295572;0.22468611044369513;0.10798262094019828
0.9146244469669161;0.12821202039571045;0.527367969998456
0.6355194123972254;0.7072575150849506;0.8884331743839413
0.18305710394971475;0.14039631277783593;0.09021684719851186
0.7934413035702541;0.040399305963822574;0.9797629125392767
0.1593649125641705;0.6952791553710905;0.5296969190177973
0.915978785587528;0.507022828482532;0.7386403732349187
0.35846956223989357;0.028656492152896007;0.7469862088106946
0.36544855338688575;0.5633999837169378;0.4852493913319694
0.10918792595689664;0.37396992013152563;0.958698896273161
0.7344933683444789;0.9577830164215815;0.9605598238864964
0.6951897376510812;0.8167676841302457;0.18278954153724403
0.5787263939270214;0.6612487725710294;0.46459082062976764
0.713553429395473;0.3414567658525266;0.8725200141332945
0.039234779818935084;0.5162612540695329;0.29425177360921184
0.9076628459744281;0.08045435059641126;0.2436071854470121
0.6221815705116929;0.7001591305104798;0.8435299673580765
0.6004067580399662;0.8239428621515018;0.1507238552900425
0.25514020011191896;0.9017333883213694;0.6847127742648973
0.5789623919284904;0.9569833223316621;0.18445675760851765
0.1584370727460136;0.8746111211670214;0.674065810783212
0.3527262595794255;0.5206683640496744;0.8480130898791755
0.24017137317039106;0.10089277995299528;0.05468042908316484
0.569502076875899;0.7614323119815595;0.7210195853769095
0.7347196182968461;0.2060106769187443;0.9999338026308331
0.8062110285448647;0.3999448774464065;0.07845951604834867
0.4702340141342022;0.16936638310573304;0.7330594576381559
0.37686566102237495;0.7701422698911948;0.07391033966105254
0.6462803738027885;0.3536056993447787;0.8984908910265823
0.014825719191454145;0.9814861765957339;0.9827507949641671
0.06465611687533668;0.18448095343685877;0.7782171297073636
0.02668825994857771;0.5712997767989463;0.28983483107146457
0.4326845614247913;0.9578109854451751;0.7447780940584734
0.6271639475614987;0.5638264398500006;0.9382873352581512
0.14789129140424462;0.31354126441659846;0.18708318940502477
0.14816574034659402;0.5205538911654299;0.5942897185342411
0.9030155708866318;0.8226620756342389;0.1928053718431868
0.3164670764126176;0.8003956671818964;0.39917547921611385
0.1723672892987178;0.7405730539260118;0.44851631285808025
0.9639422580412944;0.6013061516351487;0.6764999053725491
0.7450886454027151;0.13629674840614214;0.6613701322758694
0.9024883489896873;0.20615542004329357;0.88566158580676
0.05362434827879903;0.6486877994612799;0.1925653013838311
0.14025408992373567;0.3308778282475674;0.8789590490426024
0.2875426909062143;0.18227890080693787;0.3083899204345104
0.883895898520325;0.8026547353887401;0.6545250086554312
0.6504945258868496;0.5278725270169475;0.5722583695017867
0.34148861204473;0.8528804956580059;0.24371763376483946
0.7917591150450445;0.8959956880688612;0.44652284280341814
0.11968245301162628;0.37852819415960137;0.5760493073709945
0.12344094664116123;0.24098433358233584;0.407250275968458
0.06045206521094282;0.8978515830195449;0.9921646047023497
0.545502622300129;0.45765101167038713;0.29709175376618757
0.897505950030931;0.32422086678615736;0.5115468958420567
0.2520146718565879;0.388222959356211;0.8487618079078888
0.44790418672959587;0.15402588741370182;0.9184908994902721
0.23513485054169792;0.6266579895241721;0.966533890109011
0.08710708710589177;0.8042740640393348;0.11160426753539487
0.7149070381600321;0.12490606212579514;0.018893873691312457
0.7258967695287452;0.19979102996461118;0.34533698817476677
0.006335633509363281;0.1815698574652499;0.8628420502753501
0.32141851389977616;0.45238740860399695;0.43919606812313494
0.2540428331894784;0.37717640134551655;0.07601585875037764
0.11527571940584891;0.8923440403108502;0.8619461294356358
0.4666276577959604;0.9171895164326639;0.7520195551539904
0.14824572307221473;0.6286218359029074;0.08519030659477445
0.4556202933633333;0.9569140018167546;0.9836562508090299
0.4104997844370286;0.5621919020689705;0.21326252200930107
0.5722705958433265;0.1977269251357433;0.17931693712388563
0.2528134416663276;0.5927638683251011;0.6298803615348944
0.7674078098615635;0.14944074426155673;0.6188795676975454
0.8465763141013836;0.0849250387025472;0.8283275643587485
0.657212254058925;0.2939476304039077;0.02215679766803802
0.6078111570833336;0.3714267775778406;0.02489446661847272
0.4464489327008544;0.5127878917231654;0.1550087268338347
0.4640028805501152;0.8806896329945895;0.4592785282184322
0.06641374863398719;0.5963428111210692;0.2511421008799628
0.8258382427258727;0.021735856839813383;0.3051155865887466
0.6449805859427246;0.7298760458155137;0.011084274528445737
0.47184858577882827;0.8618622644911434;0.7473290949660635
0.8965955066567091;0.9981044637744498;0.7462334043601456
0.4934192222248799;0.9665761473799138;0.03945286234604961
0.2341126602513831;0.6949940582686145;0.9427752661952391
0.6084521740052776;0.7544764851331364;0.1845972771971377
0.9145751354714607;0.721306864276711;0.8496151540930366
0.9543617475265344;0.9662065116135204;0.8220056864087525
0.718097700437125;0.6915691806923159;0.17893416002738105
0.2631623754168957;0.008320543992265672;0.936155673854861
0.9446368849184718;0.12621089599943724;0.28301034738457387
0.02100219363875011;0.28062798817394297;0.4874672790701874
0.10333451444682029;0.41990020605861356;0.21502493192532324
0.9020072121038737;0.4365136795276785;0.15373890350196395
0.6200534094139345;0.4378204567839411;0.8719123167661584
0.5452141827191149;0.3573576478352216;0.6259456862472935
0.791301669111266;0.8904545712056082;0.3405926784349206
0.2126761064788404;0.22368571070619125;0.33884975551535157
0.6297757287481441;0.6706699703964626;0.709576382996176
0.3322272108507748;0.03960070672470162;0.5964584129470594
0.07233777252158513;0.4873222059742439;0.40078505645237916
0.6006835994380639;0.624991758689692;0.19347071944261252
0.9461449521015886;0.9295121430600806;0.4876607257231932
0.8656680536361758;0.30173186268055485;0.8369259203641558
0.6638922443681079;0.9678816328704284;0.6868236473486524
0.7793072234021422;0.4179434705677868;0.3422015565964196
0.46316116338511426;0.11408244928294042;0.9127047409545805
0.04675700580408915;0.4098059866180541;0.5787644819268766
0.3754752678934008;0.9443681807889844;0.17442063461688695
0.8505114272240537;0.24387460406162598;0.578638002770539
0.4840211708361817;0.5768043854796866;0.9453994677018621
0.08922764356582225;0.22843528448125439;0.1254662771656856
0.7955197607023639;0.8463425069063798;0.23311369414913863
0.06719667876624336;0.5937760485492254;0.40250688718112293
0.7676227485706955;0.02380363582208822;0.8298737616853847
0.5833620870691506;0.639107788983049;0.7272123878082506
0.10134986208333585;0.9692318702809282;0.3459946163693448
0.903994931708653;0.3466270148405197;0.9192313148935248
0.6206039800017944;0.4273881981755996;0.691629583109018
0.603997569011862;0.40192492871334273;0.05395420574232501
0.18084350930686655;0.8409344656964096;0.9519442253144076
0.4923011225416124;0.19256911635756246;0.3521553290503163
0.5940901306682026;0.5292725578389356;0.4460207391073058
0.02644836225236602;0.9245922102746195;0.12205153311438155
0.6164577773134219;0.28333965508050907;0.5512829874712268
0.3586027092716212;0.5897849619887081;0.47352187467890705
0.6078851040807425;0.17438834272188242;0.9302748902179603
0.9823902975731431;0.13457734301750235;0.023849948280895483
0.6432572542981794;0.4010772993322813;0.8854427537417292
0.6342777045445791;0.06460417093111193;0.003793404252557253
0.05110220517369546;0.37443421570434066;0.5514655534755483
0.18004589793850978;0.8187443991841973;0.3271058952651724
0.6847786297707024;0.984287521615142;0.8747247425147809
0.027475751942239612;0.6425685868006501;0.9451103635372078
0.8625077913641626;0.9804391412668035;0.1569099281789248
0.3599335497375057;0.6577354877002615;0.296255847885293
0.20734492995515086;0.8998113874008579;0.18144475407873217
0.2030464632905793;0.6718700051523415;0.27729113643862735
0.039083332797227976;0.5228474005758383;0.7920954081756866
0.18169308210227297;0.13941943020367753;0.3950563302086021
0.3042383964115123;0.6774880246722711;0.19116644437040275
0.05521338133381393;0.03277225506443926;0.30636157447124357
0.6052085201667302;0.7321443367791236;0.6216546051417039
0.3352916212031183;0.02878319395671569;0.9984230210106617
0.4603302677979705;0.6560711128642592;0.621866986805902
0.7509907603821129;0.5209366140033421;0.8397205930881532
0.6663434930783895;0.9765154782467461;0.41335646974443285
0.8066311856379934;0.7286495044251433;0.7284190175172546
0.12999039291898096;0.3676167566799332;0.4929525621099835
0.6583146914572341;0.8917114534410363;0.37674853782259077
0.876104346394817;0.5879715627174417;0.43304598257957927
0.6254307431439847;0.30383436915267326;0.8554540360818602
0.3290539371681127;0.8173781547476993;0.8166361563549468
0.7816220192788166;0.4727421848633331;0.705689947116881
0.6761702616163804;0.47105753192756317;0.7233971902443866
0.11882203933379742;0.46207297637102895;0.232595368740237
0.05642401738819791;0.9092834151730076;0.6555774190849822
0.17264697813091212;0.5447408135836533;0.1708189440080986
0.48269977811535514;0.2386593898002063;0.3786709474397756
0.8655696754011127;0.06464789828880935;0.577196314274084
0.3239124587716895;0.3936794916891867;0.08011625096731556
0.7478868209746268;0.6588922145544027;0.2138105559128366
0.7723286225019963;0.8728310819981822;0.30662986852129626
0.3258369887122107;0.6504515953865618;0.7246650829199087
0.564864347840445;0.22020845687599444;0.47610090490309565
0.4492644206323132;0.2537532141208585;0.14818647264918128
0.21218603341160314;0.21941133334783003;0.7074669239258666
0.5724072510257132;0.9112472121349506;0.12950012136311806
0.16113471908569343;0.09619066428750167;0.7833402906432863
0.7996366078500551;0.4184890661654158;0.017394302331139366
0.7146128711600557;0.7798943112806042;0.062241581227991505
0.3614928054970534;0.2734364902240455;0.0007266460293969823
0.5143168589700842;0.3665612833096715;0.6173797311345789
0.24430918703396398;0.815044504777416;0.25978232083925235
0.6977872983170841;0.5443779384166572;0.6207234469576879
0.9541932423674018;0.016279381493452982;0.43226353014978525
0.5346163012014348;0.8986787215536601;0.8255741275981681
0.47772605901789456;0.4532235860085262;0.827745140802706
0.6958213323267541;0.15008056877325726;0.49568973455186127
0.0321440144979237;0.3068497288362426;0.24375415415489166
0.04154987374162644;0.8721091125054243;0.8323630038444706
0.30852470359594186;0.5228043076816798;0.4687591162654975
0.12925060452922632;0.6309948296442731;0.30551391069194134
0.12031777898857576;0.9788962995742887;0.5886635824415027
0.7266979896857662;0.38064233676435844;0.5388345314623495
0.8782889633319638;0.5997859468458273;0.46548313524160945
0.5917536038856803;0.2604963294813373;0.8500679444353286
0.4345152441821307;0.6281769473846253;0.09289381979240052
0.9447676016992056;0.9510334861989599;0.3615203584356844
0.6591966795227464;0.15059859142085308;0.7128349276332806
0.7604182448589247;0.7427849768930861;0.39370876315397074
0.5686941156100292;0.994479953682191;0.3270887808031029
0.5701718340094193;0.5463419759608742;0.9925950155457642
0.47442180865228334;0.23344377503867808;0.5020785391499515
0.5441288823900793;0.11966366180682997;0.5727801004841317
0.4679251499538828;0.007931426722792234;0.24468271121729723
0.4351691086304249;0.7658841840829544;0.48319287337950545
0.690593732634069;0.656416426067177;0.8986809045825259
0.9911169173670638;0.23599124823132756;0.3945172398976835
0.09487181099452413;0.8259446253067553;0.24489451696531028
0.8281433792857689;0.6167655496009992;0.7538241533080388
0.5123236563957634;0.6484287492844668;0.8258983906921622
0.8118611491986577;0.9645409336167597;0.9059631439115112
0.644731488486155;0.42761527042163205;0.5182344105635057
0.6706687008961304;0.2998295969823944;0.6779171033531971
0.9560865550149442;0.7279209822432066;0.8282859154010812
0.5642411232302587;0.5966315081520187;0.832590800749804
0.14520804850573055;0.7904513165835569;0.8176247037282351
0.7719221989067049;0.10337808063119658;0.967649940029414
0.779155266698617;0.7619148177588015;0.8093799658176839
0.20646278730547718;0.13034996226450013;0.6097606322539582
0.6155263409281205;0.7798190334173934;0.6525378525425488
0.435959743279145;0.5048217908761587;0.7238769971055428
0.36725269709781416;0.38216029723609113;0.6364915863752576
0.5539011071092439;0.929643909331085;0.7721726503635042
0.6581670670387935;0.19891553293322317;0.26515843039406284
0.785245770662401;0.5913431863656493;0.5765143615881014
0.39141970412097316;0.5326311801793906;0.38962211688068604
0.1503649063063065;0.9218646871754617;0.27245713050454545
0.49324899860308025;0.24806650472742642;0.38674643710207435
0.7687316938754292;0.41214938881993923;0.528687236948861
0.85666915685561;0.5215827179287142;0.3626574007322342
0.38226201965436934;0.4719234779965136;0.1808975842791506
0.3022808756843608;0.4453554301123953;0.8170351693606394
0.4673666864251297;0.8263785296342059;0.5462210100628815
0.16187513354299454;0.4035394040714214;0.37551749076605867
0.7998714815750437;0.5321394291066396;0.8019634623815831
0.9284634598956948;0.6074559579241734;0.4953423187545093
0.7789158212021068;0.8101970676006316;0.868031397159697
0.4052928341830291;0.35130848950708415;0.752332986674409
0.9705297157880767;0.8758298608689826;0.357975755906368
0.02789727030650435;0.3508128301766177;0.5047507028808013
0.5542341197874149;0.4543557665256982;0.9605953195229071
0.7037539692885338;0.4461171574766065;0.3148311594873201
0.44129680709879715;0.8450663116858049;0.7220392034459885
0.8196300679764928;0.16741390646253407;0.22233391470941632
0.718782874897469;0.25528747372062177;0.8671952748020847
0.4699254825216639;0.4356756166181286;0.842932303286421
0.04039417742454443;0.21131557319477312;0.5879974781249305
0.2892406374020031;0.07193660111757016;0.9712636029757937
0.8919555494501888;0.626259275706087;0.23728842239430703
0.9103616422680995;0.20417272550009602;0.9065433805936731
0.4401552056236806;0.4310050657373936;0.4308253288088265
0.0465119262507967;0.5233458692023706;0.29336608276135223
0.26273546391275604;0.7769291950970064;0.37646124560390426
0.6380634480743046;0.9448094335722779;0.026415289238203243
0.2878942482530299;0.7148684009329602;0.36491320922795933
0.6095728687838609;0.28487458173997804;0.9636782553995801
0.9417358962887203;0.1863914712658381;0.7773455438512695
0.630097388757175;0.4293880073757139;0.763934065893928
0.4548910142449182;0.4577014073258965;0.19803940324983071
0.7964001871768205;0.2676183663603069;0.7376766139008158
0.12065011294794703;0.7519873683314571;0.40091563108755934
0.9406030718638139;0.7998390284142851;0.06895796351538264
0.41557338319932424;0.8762970267454597;0.8186138503825733
0.7925369661321618;0.8520145836864316;0.9567153235174759
0.7374062411657899;0.8864761966015181;0.6053424954331933
0.17111847698298832;0.7179942746725518;0.9776431453279399
0.8896333062930023;0.8393343349539024;0.016567271831400388
0.1642850766225873;0.22039743220461416;0.17529666542589029
0.08854852030371718;0.3037351480173375;0.311704542150421
0.15009388099187704;0.7438180893626196;0.3491604285760087
0.6361332512588732;0.6992533309830012;0.8923946538155441
0.6272450311683673;0.9744872469445887;0.3904226398059514
0.39764243366206864;0.9851024880171514;0.3234080262908905
0.2198523159412603;0.4955467395492661;0.710428577414972
0.4581066697395352;0.49283875918945375;0.8177196453902097
0.03835188439782178;0.24966107845158902;0.13576760721542858
0.7258376315094518;0.2637519853467458;0.6236436477476222
0.7705183103977176;0.209633289690611;0.011146513656622337
0.05563478494883933;0.6136615526197678;0.9773604810255291
0.06076804073672104;0.8538766342709562;0.8575197942601054
0.49787826844956184;0.5777893710683868;0.732860073284054
0.5762268559095649;0.8931391301687105;0.03616864104596895
0.4158566162636952;0.17924545883742227;0.9123600592434883
0.22598173985196468;0.5777450759022635;0.1385379178888101
0.7646646388011183;0.6584574394691453;0.6759012348889549
0.755254330780787;0.7713790179437671;0.3445447919289317
0.6931949630748463;0.7236447725600585;0.019049038605339907
0.695510891085831;0.6985693345023034;0.7604236325972887
0.27588805994464516;0.04156312715787813;0.7164432383869529
0.043343992826619604;0.8194021583843597;0.6274852347350179
0.9852118418939013;0.7539582683538292;0.013888262434648913
0.1496251025548988;0.7521026819718059;0.7234639043105531
0.8083971116956878;0.5817574549430232;0.2619360532448034
0.8731687729687552;0.6277929998459485;0.9293721263071122
0.7187747859343442;0.6318608651067292;0.7666809379247018
0.18531526825405453;0.04478978556617541;0.40563657649800566
0.5108689599369437;0.6475949887255177;0.0034609219027759153
0.34912949795860126;0.17225304080142834;0.20611365312540808
0.7905661440681135;0.3615328332773585;0.47093563452643683
0.6272766533414372;0.6643967750467422;0.32970224375550417
0.9525241349228363;0.4217373466213843;0.2675471614520004
0.18648346261792237;0.9483469377840449;0.40854905032817124
0.9152666426378429;0.1877536512956557;0.3044558314864704
0.2681356808029449;0.1855075310302664;0.583767107351897
0.3370589277260777;0.5045491983922797;0.48595400996738325
0.6654586035843341;0.27579400934165965;0.4030273979620065
0.699303353056887;0.06917377762337129;0.9384522996061357
0.228349580019237;0.4161905319505137;0.7647696829909024
0.11840211920666976;0.6573039416235624;0.7606198000732322
0.2846845241152055;0.049070794130956275;0.9293411730203262
0.41226018737391157;0.2733267866532355;0.9201016238722386
0.854526898024818;0.4915117940317282;0.9581893417942715
0.8874311265434334;0.6560023035981096;0.770905528171324
0.45620733200684405;0.8256270588937288;0.8231737617937198
0.5258963169025701;0.6368799289918199;0.7957576599229623
0.5454580314384747;0.7833109236429099;0.8565506812028533
0.7299284301892554;0.7243522602989999;0.05543322778292947
0.6933295056137966;0.30029018649975103;0.2179978094145989
0.5190376896026712;0.6330688498741457;0.11481676890742654
0.2627595736324302;0.6064510500829514;0.11842185963360097
0.9660638146097587;0.042397344661482705;0.410784436802617
0.12290532985001201;0.7169740114405239;0.25474166111929786
0.9384742122946939;0.680359699922789;0.12983611727639943
0.5510071689022119;0.6883369153536186;0.02698314090174181
0.587476182825438;0.5657460942363205;0.4431472477542846
0.32069476926043927;0.6300167271780697;0.3212736973122149
0.546370410112358;0.9983570583537192;0.05384882862563867
0.9890296562866207;0.27922660943037014;0.7337120172741485
0.12497100076379952;0.7657838930420703;0.4938265612270626
0.8412501539093614;0.605502357431543;0.37088066700736866
0.4389693388657723;0.7812758042617214;0.5056667375108136
0.6230366229806004;0.4558033945229163;0.9807100414081167
0.9060607306565401;0.7583508279096691;0.7146051851989615
0.11685920914264347;0.16685387092976556;0.2922065761821905
0.21518628346555047;0.6518966806761817;0.2658954009441845
0.8900281949418596;0.41334547764543217;0.7380822199837778
0.058991638815544145;0.05091102752273169;0.96514167894267
0.33214109152231686;0.5016400625540508;0.9413860282764821
0.7006663229005596;0.8771781720512318;0.1603786119625219
0.03179980886688116;0.5674840251212973;0.3716130782463357
0.6360306137674958;0.8765881623917482;0.5959206137620123
0.843272594825743;0.8709322699083817;0.09435211933974286
0.876094618750253;0.3317381314043796;0.5244227530232366
0.533565433344167;0.4555281848301128;0.6584137871833887
0.6161217283080691;0.8149562356020984;0.6928165950058479
0.10205156516138125;0.8570792809024895;0.24962023174620251
0.8061292585524612;0.9397023491263319;0.7205944895364983
0.15381352436539542;0.9063995664818194;0.8618185873401972
0.29566680165288606;0.5360337405669754;0.9875335032541518
0.4579272852950743;0.6924223319472289;0.07787179433277525
0.8509447781664683;0.2259817803530949;0.03610764531787525
0.3479965516741891;0.40536735415000147;0.6065757338771978
0.201429270667703;0.7721374384594033;0.918694437454154
0.4699048991081467;0.18171870199258755;0.6117781558769487
0.18629876806925183;0.29664693530443365;0.6775786141696473
0.6430098672627058;0.015203183973964363;0.7458752996330589
0.36239001070667365;0.14480364061044526;0.6413237372481615
0.9192722591985331;0.9795081975614048;0.04928927290860652
0.942025951393195;0.521141106796271;0.08365787615694764
0.350858958003366;0.556982774510984;0.8294945646189334
0.9215045857605776;0.9064859378059297;0.16278913287797614
0.24420793715467892;0.34759843635980436;0.9479700627722784
0.1547903384621001;0.9865480795506385;0.06849585032011651
0.5679664793473601;0.8142918414593152;0.06969232766954159
0.48003310009997435;0.9594690133863495;0.41076030273615916
0.3280469984340606;0.48206047628550486;0.7955482891231566
0.4414690497979;0.6502308636806127;0.11871455389603858
0.9267356230964289;0.67320869855561;0.5555037866147389
0.6662822636245215;0.9024637915335907;0.494743558908018
0.7821680507814416;0.7154898856824331;0.7878464592452276
0.2055409836544826;0.3142647377016897;0.783587315140821
0.7792074554732092;0.23482969506987728;0.8960829300877915
0.4476830140330147;0.4724069430424356;0.6992434764386599
0.28654265694091174;0.5461242220212726;0.5427747479588065
0.5457035383787523;0.05555745683269575;0.9452103269379727
0.3209990368548171;0.06133301847842698;0.15649175653471548
0.0972046209341596;0.40356795005777135;0.9392381687565124
0.36138057022331604;0.448519163154547;0.15035761768686873
0.1138333597038016;0.05933523725978507;0.17706036803253888
0.6569282652601955;0.6586819294346452;0.3945849772074511
0.15315058618196586;0.3365974610833584;0.9191068108058766
0.469349072499168;0.6765071072110547;0.18573462069282565
0.6801641086505161;0.9571693019999931;0.5280710042034483
0.34050220089052186;0.38999147157062475;0.3755418689392116
0.8056752317894528;0.22817433968999712;0.19559037829306625
0.45579414353392067;0.0029187131755860074;0.929056681446259
0.1608868960735138;0.9471484080493974;0.57892944398605
0.027870919554691342;0.19262238841530088;0.6818922907173592
0.5753051562306271;0.5072436485285947;0.4670996769608362
0.4943370000030507;0.4766954088798451;0.44675624755086807
0.8882412244059548;0.46690754217611674;0.9406303406348197
0.87678346008585;0.0452265640653291;0.5942366629786975
0.9906087495361997;0.7356192630027368;0.2719753829286098
0.15268735749861195;0.7411351364529942;0.4654818091610241
0.06420559660856928;0.9333913232064781;0.8514347497488368
0.4317813787095591;0.8051900097634215;0.5108551911577688
0.6881379242933924;0.026348722624013776;0.4069964439071182
0.6220354498119536;0.010434015460101254;0.7658638750633722
0.18960651684047214;0.8707969223451952;0.6050926922072964
0.9106292369109398;0.14855153831156576;0.791748019891017
0.5230956623502119;0.6144052297596243;0.15390649792485
0.719488289435569;0.4649968631595889;0.7598139460670884
0.7023412654991765;0.08045982024499176;0.34485599944390866
0.9606183966746527;0.9081370942553066;0.9855765835817324
0.20632487674914657;0.4524364153784832;0.8141196757353704
0.36895658908767304;0.9707131050735593;0.15436436936543863
0.8985731326191623;0.9901617435819985;0.22354217958125533
0.3373842207469394;0.7693293561035328;0.3261491166355962
0.600899454192735;0.05904489913332489;0.449750429589884
0.4126487225830544;0.02094409402401831;0.21758173915054768
0.3466686086389358;0.8624136259365325;0.11795037733403502
0.10388918207676479;0.09526729743376039;0.35220741193869864
0.24285500500599966;0.3417973611869507;0.33086077781341006
0.1468837772046495;0.5946712477765902;0.08714418301841498
0.6099104221106164;0.050591347997123726;0.14691095137101895
0.5913114868736661;0.4779029731074841;0.39011520126563703
0.8446743125705504;0.06965676078922445;0.7780119480859145
0.5707992529403217;0.835694589356797;0.5923529708470493
0.9392241319347012;0.07893713163584515;0.9775562993268508
0.9227529005303348;0.2509269502337772;0.8732613168852356
0.6388331298865448;0.9281287992765875;0.7589060162840802
0.33079456511398475;0.29898657700034004;0.460022410926207
0.9268597027796447;0.308013314562651;0.45006231911237304
0.010150420508315605;0.7954419460074774;0.9872325526249536
0.3898892692555701;0.7317392547235251;0.13866554945967002
0.4085808255960731;0.8665804690932977;0.4698842528826086
0.7557029247623912;0.9798493969938464;0.7623060270023093
0.8734479462335273;0.8423419818848626;0.8311375662875384
0.2608298368593258;0.98671817561038;0.05879448136863885
0.9551070328724718;0.17044475302194662;0.9527389177788922
0.42884956199056734;0.5914588397937909;0.24657967707124995
0.5514868613653936;0.8765709384589963;0.71985631693677
0.043163569545798586;0.4034112448141012;0.1956342450542865
0.8605495552298643;0.06154569913968333;0.7363594556181008
0.004255486666559616;0.7879347624558802;0.04270239459002945
0.86057158846582;0.012410268355854015;0.6051721073251098
0.6348994150728829;0.6104644596228307;0.1611986251940989
0.5030759641670801;0.20117196669300919;0.6836398497008529
0.810964457559305;0.801502309760298;0.7190333996268863
0.042307260094335386;0.7806316717870019;0.08958016049011364
0.11536120485066548;0.9927633691789807;0.5979684859705889
0.6885718300965565;0.5941001380313311;0.9750478323257815
0.8836677376988539;0.5808620630916159;0.3988202591853932
0.20811568629474408;0.0815074579156514;0.5946116298021678
0.8136406395098038;0.533912133862371;0.8731873753267967
0.2769413291631262;0.07001264017485631;0.5269176655910417
0.1373814973797246;0.7057867823161009;0.784747868724437
0.3336707717864684;0.7283969443971835;0.12838837077716925
0.15148268085200467;0.011163247719032432;0.08043379986302468
0.433415161746588;0.5250655448837429;0.8745160529396048
0.588550144057612;0.07675270062447814;0.5604593481472491
0.15695437523516398;0.9325534810688763;0.43248944384757215
0.741785554474614;0.08180917871403659;0.6470773103268223
0.15590262159344814;0.47614832956271236;0.10703158330243434
0.2611954392635557;0.2017639085932713;0.9378795348191727
0.2963722662422188;0.17972880342288156;0.4517727350001175
0.6837236633775633;0.883845746462574;0.6191316026750973
0.5693843990362512;0.6963491686698331;0.932284040139929
0.03575857124521975;0.7566313972118903;0.29922006772484466
0.30634038855512646;0.26338355119221624;0.4500729637034344
0.4096733171391169;0.9489629549339901;0.22950205597122064
0.25000073507177667;0.9886803046903083;0.4447924160075043
0.7057897666369535;0.8427286456470066;0.9029134593206555
0.057498950118005876;0.21562031901153367;0.6870270451862739
0.3455393002972169;0.6458459435779037;0.011937314844688851
0.3450922771167687;0.2054371884259425;0.7214084555048599
0.6193789637401595;0.9389436516095373;0.43271159590871755
0.8918254450999147;0.3764246248199167;0.9818902083587553
0.5854722037587023;0.6675624508339824;0.3145345625047292
0.738266031012005;0.6824404008913953;0.0607341151741545
0.2616626794283343;0.7275331741614177;0.9776221290405253
0.05539917798500171;0.19466798562536136;0.47664809608031533
0.8548832454190334;0.1914611976043631;0.13462969067170705
0.7305368740718695;0.6660427500741587;0.6602547160669908
0.051487635961138145;0.29353402532280426;0.11773677882327449
0.3556298263386829;0.7831450309303709;0.06403706311632984
0.08639068735293176;0.9975047452678278;0.49680565785263286
0.3198036148077126;0.06944494645409238;0.5611650066977107
0.17033776554537272;0.9115435175783986;0.852165520724874
0.6556969419186973;0.9330794476455511;0.7697710636317934
0.1529041300096745;0.24249612594331682;0.8747264381794848
0.08797108777678819;0.6597622336070131;0.18573479450237196
0.9180998619612785;0.590388587453674;0.781364335225831
0.40341593368502804;0.35425442433505927;0.9938898916144021
0.11461000356362672;0.6515269136509779;0.9196294910175027
0.8113714068806727;0.32849425911386543;0.40698361592891275
0.8997050217245224;0.30227243360681466;0.8840148535361506
0.782417027240064;0.6005882057508236;0.8364332280413411
0.5530912038191217;0.9113936706714205;0.09311835057225182
0.08086017686854274;0.9658273380933583;0.8293289225943612
0.657377799200362;0.085200138339249;0.8251513275074516
0.9233207226462193;0.7499804857822989;0.1407529534738129
0.08468482172320357;0.4844413874749649;0.616449663224417
0.24415957395006815;0.4852693084999492;0.5690377051797195
0.0584454117422748;0.07026432291071105;0.033233323608414245
0.17758015880741684;0.7073031298044801;0.6610932186567132
0.37572221119392135;0.9874356837745362;0.6948502678151759
0.810067471516392;0.17926724806742333;0.40698908999013395
0.5708287925274769;0.331506532773407;0.13931370426580014
0.7065336549240037;0.7286707058731313;0.9808997094414038
0.5383388209208104;0.9023048962408542;0.9497383412494325
0.07944644225831832;0.9763524167105873;0.09860141522179089
0.8574257000116212;0.6784807056442065;0.6759823344815215
0.04078062755800482;0.2311764291327364;0.8922134037558295
0.902755598794157;0.18613211154950737;0.0705181817775754
0.6131147927973266;0.053385702108742605;0.11436008174659495
0.8907677532701113;0.7384443600265205;0.06562858270741245
0.9407009702044223;0.9113292330463151;0.36912868527639253
0.3227059248767169;0.993760295650514;0.44938838347515075
0.6112770095542056;0.0939985419445446;0.32000438331229397
0.9427399701277129;0.5499084078809726;0.38748835132978665
0.8639746306135768;0.2246212851437175;0.02452406150457609
0.42057549443084474;0.77123476888341;0.37273231646931027
0.20956592064676816;0.7632971828464689;0.4166226112317868
0.9388665307780228;0.8134660814272567;0.15174400274486932
0.25107210449463424;0.5241077681240438;0.9889949676985358
0.027421679221982576;0.8088541211063318;0.27448057789963287
0.1193987057089555;0.6987106467853067;0.860796266419419
0.28372447231016307;0.4482823863691773;0.6604637138338809
0.32629797673319116;0.9210591320447863;0.20063134018568518
0.9386644535907455;0.5273093757047976;0.24727830920465066
0.8912460872011071;0.01236011587454211;0.18349772213761462
0.25488090769068605;0.18712175680932985;0.8803722484190526
0.18729415493985857;0.2319908141988578;0.0962622987573325
0.4955411340871897;0.547546738645996;0.4801227570944727
0.4945129356813929;0.3845029807936635;0.9901353561667856
0.17636335616716203;0.4856194951024474;0.986569175256539
0.673153635659987;0.8804616829061701;0.05648774508543242
0.9776139103628857;0.9147228892667935;0.28794626755880937
0.20329263152730503;0.626231002959467;0.10395567636392622
0.14919018894262626;0.7411763840964785;0.42618021684796537
0.756453590619963;0.7899475389370294;0.14051999666113646
0.3001234271573354;0.26110909736669907;0.12506587991692575
0.8132952980786343;0.25144401153919194;0.07763437284099284
0.955220646596533;0.7115636677721201;0.4004983239840544
0.041286568282018044;0.8276807139734529;0.13324897323950824
0.691485774690446;0.27505733325096693;0.3774421477539932
0.19000669830046457;0.43327710032283095;0.4341325016986739
0.26558449896469793;0.05311189296742702;0.1354492155267698
0.8534757721409869;0.34147698615571787;0.7437863560305811
0.13084488755272705;0.18510928794998693;0.34331431101285936
0.2575296626154031;0.17940266005729266;0.49688228332748285
0.48483295689620376;0.7965374806983362;0.1705276251892236
0.11765771786241275;0.7601595914919689;0.1397499186911917
0.15405331639661546;0.4757675924078322;0.1924430600170286
0.35823080129086604;0.931970040033276;0.3447175777125885
0.25710752936370784;0.5777628085292315;0.05331246161937042
0.4233922281512029;0.23841970796052236;0.8454067704220551
0.5489768219357821;0.989935099528357;0.2497318360110734
0.2133625494587288;0.80293102568295;0.6319046159782284
0.8841524084911523;0.8487957839192624;0.21322161768934378
0.9966696204804154;0.5213805232884542;0.09680927210441481
0.8858045402335618;0.7307979426132234;0.45648785697946004
0.7864752978862496;0.672257338156016;0.025018325898615523
0.8241980183084743;0.9783691781840042;0.1619054129491282
0.45397620311421427;0.6470091978754411;0.6352564179882649
0.3268061009206824;0.9386015679949959;0.5189716787473118
0.8219347879893908;0.616404069120477;0.5499909935523023
0.3654430473578496;0.5415104167143856;0.6401616686571792
0.11922785047774342;0.1788685773473354;0.6036240098190342
0.3094545638499583;0.9030483722104878;0.5597454077892066
0.936512084774637;0.44883789716423783;0.06468106255569206
0.5576567996261579;0.583891158870916;0.7170203213944671
0.720939374517284;0.6231436382500914;0.1953609151967618
0.8707371078656041;0.8264056116396209;0.09861112397696337
0.4141431686507624;0.3990561736863012;0.3253770979990128
0.3054866261947543;0.2466216748011012;0.22494065120979956
0.07474149919749562;0.960468214246983;0.7551635529830971
0.6499135752128576;0.5879305432977383;0.16399578143405424
0.4173052828370487;0.47089056615021874;0.2787110270767855
0.42120025441709863;0.33144861295969286;0.48289708288735933
0.45596508998955554;0.512323570554633;0.7334401046720835
0.016626034608613005;0.35908827133452814;0.5524821637536469
0.7459526688254132;0.05348532344594703;0.6587462169951062
0.8838158466088067;0.03701577137165146;0.3198346586235692
0.7978201052856057;0.28800318010763626;0.9289517181872825
0.28949570768887034;0.5505212293780012;0.7660889732505584
0.32062677047868837;0.7736634942865857;0.7680674642876884
0.05162768144877583;0.06109378944410482;0.07964094185409798
0.7470008819808701;0.22136393484973793;0.33955096032386944
0.038421561083549105;0.79507422188966;0.9188221966980509
0.8295662850885451;0.7242851890620499;0.260318345697674
0.5683169732811213;0.4299023140947209;0.38795944227618107
0.4767655987122109;0.6268027720895544;0.6306684487547619
0.3999664339552724;0.6793026872005048;0.9463191050800552
0.6036261446435752;0.6293570324457791;0.33585143205622314
0.7316271508992832;0.7794597095680726;0.15580373467769393
0.03950639603396544;0.9312273478634172;0.2841415166705199
0.16243087862577033;0.007059032086445982;0.2246530504205244
0.04563353489355948;0.1853644208403299;0.4836462673411419
0.10004751705634396;0.10512350606459386;0.49548481595083793
0.26001796104960173;0.5225242511789879;0.6445476394015118
0.08001032978793854;0.2542814938843059;0.35163161811510435
0.3604813674265226;0.2960691853699081;0.33757493322431775
0.900769276050246;0.16926159692853937;0.6205794398838509
0.20719940950977023;0.5497877881608169;0.7653665157861724
0.4521243346856937;0.47452177828282405;0.6651619133127784
0.5312355815255625;0.8817351199039642;0.10913113561882726
0.2180006665103006;0.13031745143241436;0.6001281964149515
0.8100914634717252;0.27321394582325775;0.0004642920232803549
0.09888515002586784;0.716613273532397;0.18930176201075088
0.06121468180610756;0.10711473312866637;0.7513727199705976
0.5475473431268881;0.17354997749754042;0.9608054467569249
0.21394236878894535;0.2774579319417344;0.5457916468959719
0.5552480089070848;0.815765421711716;0.9070499198832452
0.9180719834410691;0.6590467414123486;0.18745167327397227
0.7564408076690323;0.08700414093968667;0.01018754022273749
0.9408419469281865;0.38166269047623025;0.027989055791442508
0.9889835587050975;0.4559878418023412;0.7254040618825489
0.8423475376564713;0.6764371524620592;0.7993260690814241
0.7012103293815212;0.7575530052319199;0.8811490674032204
0.42451333694714966;0.7525420494204156;0.19998380217420486
0.05280026803480986;0.24791058740586913;0.6210175959487546
0.4783903000313612;0.8339876374135655;0.08510906623953829
0.6115150814790867;0.14789363345582973;0.5634783291824754
0.9537904577089183;0.27816801902993693;0.06876297447974122
0.2999951083521979;0.09062310399435358;0.22043129312852316
0.37418698309485343;0.10854168543604625;0.7392194660975588
0.09208089101710826;0.20693768125665013;0.5866502107702795
0.5361330583832378;0.35348868226186825;0.5526282844812785
0.7491115383939975;0.07919514152077389;0.38751719433310416
0.21262359298568922;0.38194242230754993;0.02136799640786302
0.049122496167066654;0.2298402832273293;0.44035668889619484
0.7555506719328267;0.7952989650469;0.5992937983319154
0.19507242513606893;0.6685364979400434;0.5726046924022538
0.24463356491606514;0.8149800585570294;0.6284327011585326
0.24335486293757358;0.11120829210203653;0.5549900996436082
0.7732967699831292;0.8730636643345865;0.30286436912378123
0.8506530239856908;0.833472627698819;0.8281835885353503
0.8699658312864473;0.4737828245699057;0.43543599462143767
0.7763983185435004;0.7177091510378729;0.17190589302876025
0.8704095347987195;0.21933778537008408;0.6647696995794263
0.9953497423815959;0.8869542631816553;0.3881689075121949
0.9723883469998119;0.5954737091548591;0.3630219082191828
0.6799836400680478;0.5889037982118733;0.581533268729346
0.3343569630095079;0.025687243490017164;0.84136429475356
0.40735148291343204;0.7147242255635247;0.2897533397556369
0.5038412619736837;0.8783220927145177;0.8710594549228485
0.10943423954624953;0.3740983059017171;0.1671030352844458
0.14915900353984757;0.5332551289237311;0.1788401018852116
0.3226100760496817;0.22427076694820003;0.1787554050848288
0.1663023534348702;0.4839208204353793;0.5728776724226874
0.5986550042654792;0.7943293515073655;0.9497219940417148
0.4929903916396241;0.5371443143606259;0.1651099541685772
0.8418165308874084;0.18067056006878757;0.9014059544873989
0.4567575494250863;0.13244694769668164;0.085690321290813
0.48928514389409594;0.31528942357070067;0.3063246503835194
0.16540616536432184;0.46853471392852586;0.2327556353094855
0.5128015004394731;0.5731160762349068;0.6232198620335885
0.8642496399292118;0.08164225958673854;0.09916164514135661
0.8198616731578221;0.7088219357159763;0.7577922716353824
0.5773018208475523;0.9574020571055074;0.6949067886262326
0.33447033488086664;0.08004487976669827;0.6749194118041465
0.2908116600595565;0.33306461817416566;0.25854715806054773
0.1959356804057394;0.8533845729096756;0.8713937407582651
0.597639213768985;0.7078889476049908;0.5866958287254589
0.6966069850835633;0.4010664770208193;0.4143372746626365
0.3462870339888898;0.14965727303741116;0.455820040308195
0.22860491750959322;0.7944435861179533;0.2498970935605218
0.9558072356774299;0.4261609428877471;0.3337635783877444
0.1350437286598134;0.8368348824513463;0.7060994126215345
0.7195884266786516;0.7069922452642933;0.7822511372985527
0.1923514645922615;0.06727870080122067;0.9663150768291782
0.3588750701300153;0.8767286876339574;0.8034560867295212
0.1044991733476689;0.14102985902370324;0.6003385157725495
0.03881417523399788;0.38225532972715814;0.2923735912779998
0.09223752695984444;0.2362198128817118;0.5759540285290299
0.473390314901864;0.8369129441148416;0.18151574671436688
0.21410536807648906;0.5773893283253084;0.3038407282482557
0.28703646130771887;0.4985913684791834;0.6906228668729016
0.5122689169109004;0.35264036802259413;0.48612781961895246
0.654141259859781;0.77627288514659;0.24323602709611425
0.7242048786136834;0.6897856818651161;0.03539045158900611
0.5205581021768492;0.5576426760894377;0.01682466681420025
0.5989979795578692;0.004905535249603132;0.004969105542157792
0.34795020067462923;0.0983990088717358;0.13287700331800956
0.22014677978610964;0.45732966320879787;0.8854662619648969
0.6052999026277001;0.372087057710237;0.374144540442082
0.591542258801577;0.42856550247530756;0.8809882162381287
0.5891215213406192;0.4627122986381432;0.6564500001252037
0.1830147608463577;0.07417041167781735;0.10919788042634038
0.23161053989851665;0.9021758184964619;0.3878971672889666
0.3065030354749111;0.09427810168970785;0.25573738576641025
0.5468882320867088;0.2768811624088605;0.2247588739251396
0.2966811748869568;0.16311359603097952;0.3242196047671647
0.8991995225720845;0.8930329561690874;0.9248704070361758
0.0033284288992568856;0.8522304193547368;0.7415831761906833
0.1588232760429067;0.4662066689544334;0.20511930347850826
0.03769344468524127;0.7879848474865861;0.08460371220127472
0.631739124861874;0.6303687519547412;0.8869008942880174
0.6246203913121339;0.6490899967032352;0.22222346961148098
0.09788281175014912;0.7715398877049723;0.3438754328699515
0.8613201761358011;0.2559283693056994;0.44614708978064277
0.6990287949763212;0.0039035951279218217;0.46485908417041155
0.17927166096520053;0.10569298235336533;0.38752633130828684
0.10781842025453459;0.42720254589340156;0.5475625968238704
0.27190255443207745;0.5968944594663174;0.9000066028185518
0.0410179559299233;0.8870127369101348;0.16566343283863716
0.9650845810117187;0.45341733344969837;0.6227171538829097
0.0013040195947606747;0.5507101306899753;0.7595570704417569
0.5955910931398762;0.030695510648340307;0.14117849074694044
0.7885775055625702;0.04683723944782159;0.31817810058357043
0.6850570705485509;0.25104292765775893;0.5516345512855411
0.8730117028314719;0.23909494022343425;0.8218633584168461
0.43818866342017426;0.7698392406347963;0.3695875430297545
0.18541507506956667;0.45974616872137863;0.7205946527412616
0.3197527308883631;0.3878916034905745;0.7271755279746928
0.7003362566516407;0.0007080466743909497;0.37457250956625454
0.7350489365887259;0.013192943551328606;0.5468957976579438
0.20260346138286067;0.7739195280780603;0.2570088972066167
0.7487199897575589;0.16157908735889304;0.32890405100725995
0.5359165606982178;0.7456500725450067;0.7372572656804895
0.5108373987479753;0.2040831430614093;0.21981081308375028
0.14974159962360745;0.7125187374766445;0.3804496594761324
0.514796697996196;0.9782169054033742;0.35218647734828623
0.857319292779761;0.18520604465110424;0.5983357531327238
0.5152235854220716;0.7716646998961303;0.6135298931952815
0.26015684680363904;0.028843672584210833;0.5588720537677343
0.4169075564230823;0.8482582940477003;0.8306640515465226
0.13097036523325578;0.1831614585855047;0.0952159234622445
0.21141507488552103;0.30118929845964415;0.5662183370183883
0.46536031881627227;0.7518196438293065;0.3374623628566693
0.4894835942344128;0.2826141322826299;0.14660733520599856
0.6843029726129197;0.11787019783381658;0.8200522526003069
0.8787002103050455;0.34447817652836743;0.5119598808980015
0.8063135551917547;0.8638820439852658;0.8582707097018178
0.21408865432900281;0.9640034402959085;0.9034808714496196
0.19391279324048938;0.7442330335714099;0.4983385109085059
0.09110532001922378;0.8742701581715444;0.5539306283007651
0.4853465339377905;0.17758733094682888;0.7903901038391457
0.44515735672037493;0.8801327834015797;0.2476462038187599
0.9099250161566009;0.8576245019362567;0.33841484801588195
0.8369809302723481;0.6902067668023234;0.5923269179043403
0.7847354356976886;0.9620112298119431;0.8803810236005357
0.9567757208507335;0.8047344938152561;0.2858357362982752
0.5848150986711791;0.729088775163628;0.8105184219804591
0.04290697087410977;0.6964961166177851;0.6846103456990654
0.19159313186966576;0.20103846860666352;0.15539902530900995
0.5524972249872978;0.3648280898435199;0.872523128631382
0.15071452657986717;0.07533499970888291;0.5562505256178312
0.11980591970300292;0.7715726821648341;0.8023390228566031
0.43277462170895453;0.7515327096979495;0.7298136370073768
0.6143726453488084;0.8166501063296311;0.28347999778615773
0.8658384023432781;0.18840711995349246;0.2470704331705199
0.9634303717127132;0.35622527859006525;0.5057883464242346
0.05516384714193201;0.2533506771006647;0.3222679889885778
0.05433348405159233;0.4569352575781851;0.027697116552215184
0.6955572336189022;0.2101834786197374;0.21250561228604314
0.8479129680963315;0.13665568995302235;0.49308606222694407
0.6548345026541563;0.4938961473961796;0.9800756686640442
0.2629204740557367;0.8193235568215396;0.007933390061516943
0.9993007535740628;0.6502562575223786;0.3570257549453838
0.7488901308572062;0.7306099089500897;0.32915577602676227
0.4284883390146478;0.6327668555892549;0.2524577260938441
0.30076853810475124;0.3917639400875741;0.012714763284722541
0.001000464499223308;0.10556441944698125;0.08316418242868484
0.63584852740188;0.15622549245153372;0.45998980874471607
0.045493860281710874;0.2802138731638737;0.473706321552383
0.03711991846220619;0.6131676015541617;0.6117204931271374
0.895242394598725;0.9722130373285759;0.8664393126550993
0.2963091842861062;0.5843998639923367;0.6386210256288662
0.7051020618854247;0.5657528200564945;0.21414284045550203
0.5340429974574675;0.4259067797357009;0.26731284126514776
0.06257000834744719;0.01652517555586619;0.15019200365499374
0.04802982509756348;0.4705774938497176;0.22913116176188775
0.10649633075915232;0.6658427997569957;0.07895350167771831
0.9478350615927368;0.487145523917763;0.9526260886361979
0.438290923619322;0.15116030970329508;0.5787532368551306
0.09438032924542117;0.3841891176767256;0.7297713384188511
0.15910898473952406;0.9227378838535071;0.0739841154061599
0.5454356212534741;0.8519473091674871;0.8482642226690404
0.4611687354442229;0.08991947297593295;0.32939256021403185
0.24915202529443048;0.5364021034728479;0.6998530735624799
0.29585749779512527;0.4284222022292764;0.5812659239695783
0.0999604548154076;0.9545917260502631;0.5756277922758817
0.9540416451371393;0.3837698063545507;0.46089075012212144
0.028787430807964864;0.049360734027176556;0.11511589813897949
0.5505167229293673;0.17827872076068274;0.6888671168998585
0.023940778380864947;0.7553544893917821;0.8417689087209115
0.05790238567878292;0.2868368442133232;0.2076124107583469
0.34176649205646037;0.9231903242891943;0.39881444626465357
0.8653455686755627;0.05769204799672156;0.7858973186432108
0.6511002341864113;0.839325058335224;0.7390785441518214
0.036443637366696646;0.018246782238278914;0.5043050499719299
0.2730237296865926;0.16967602752401534;0.20694984464755417
0.48944968830808455;0.3267411638547285;0.030161744219567077
0.8055788955192965;0.7262226913839791;0.2971070121540563
0.5535308464705022;0.9949195960979119;0.4052844754265198
0.03190583319225304;0.39860793389298066;0.8757451083924183
0.05520967047578118;0.02592681587445589;0.6067921395922541
0.7460466037993905;0.06047364332262761;0.7772028204660538
0.36412714873718355;0.6639574592844646;0.6298506908926153
0.3087169049384497;0.6705762932286453;0.21886796049536072
0.5620428706650379;0.8119301826441729;0.975127877132118
0.6774457637775253;0.47673703869401896;0.6368555837256837
0.08123127627438709;0.7512893310658769;0.446859095893668
0.4296810196447355;0.8002562838474785;0.39707126516556235
0.3084743493883778;0.47170831217094056;0.31377359870573795
0.9753729249925083;0.601679716516041;0.7542133304575925
0.2969612610961997;0.9926777843566518;0.4728159318191977
0.47558630310177985;0.546859725633997;0.3254451664591935
0.3278992549706531;0.8902189343137776;0.7772833995862607
0.4604333804916285;0.8261761856247353;0.6168092633394782
0.5440208846829051;0.2948206788903178;0.3268917061925284
0.16569304300691756;0.8389797310741361;0.5210010235786723
0.7929903558785595;0.910054995023509;0.5917983317010814
0.6354707969491653;0.5533561837405342;0.11802113298354666
0.5834811451183111;0.7855093843920679;0.21744117135843455
0.4745891936854456;0.8657364950782698;0.688751838926036
0.2075807081069181;0.43260467383146606;0.47409022556601466
0.2759830130222922;0.8257734655764725;0.36117378773065434
0.6666915253862602;0.9091638042812119;0.09702371985262581
0.6806154092256145;0.325739677689701;0.9213938418623892
0.16104615179907966;0.6715648480012293;0.9816964999488406
0.5863533323231385;0.13331154805868606;0.5385264131525761
0.8503171518923707;0.8249846907030549;0.3660182156711762
0.9732123107988778;0.7589767088424656;0.13163034808554586
0.6931165786794193;0.5132250623376698;0.553568901938021
0.30310769414155314;0.8013211539571397;0.31030396542290384
0.6985195354869878;0.3369501308726265;0.2856429291877943
0.30421983217625925;0.6066666185163719;0.32158781393060143
0.14976269813716192;0.7715221671216039;0.3619321157339098
0.2210715111799082;0.16168553079377534;0.8488797690675008
0.3243648206995017;0.2055945984127775;0.31403580308850887
0.40833342084078084;0.9658054635250791;0.5098314194866111
0.4756069686311095;0.5665702535487798;0.8321915522467007
0.35137040561398847;0.6450375003584692;0.9183915419900313
0.9573741837679648;0.01207424128761092;0.269832941937307
0.24714532275538448;0.2684182558031608;0.716156776891315
0.46956384943140705;0.8094428018268441;0.5217100754102286
0.09172583669447765;0.7605158993699143;0.6092623199328053
0.46070360854298753;0.09888397444377339;0.7094376102731411
0.6930317008374782;0.15540975557953673;0.5330436811368047
0.1607189598050297;0.7976846735252204;0.9460251554685358
0.6169856584468579;0.8877830925672182;0.9005164381026706
0.4766467164901076;0.7123914510124922;0.2778959523949681
0.37777729569143803;0.6262874297534795;0.2692756423932706
0.7505168152094404;0.9118692223488707;0.6549355385073783
0.20575481357334324;0.7673865370605211;0.28220774408656324
0.9590639890978928;0.03700160868532654;0.8332069749751
0.8856260424453319;0.7246008153652562;0.42469424571803527
0.7651648953786239;0.7761287968525918;0.3497414017653261
0.010876675340995567;0.907837721429687;0.06875410222524025
0.2827594908748583;0.08603137354793766;0.19631247321488887
0.5016949450182498;0.8582468896523028;0.6185849998237213
0.9408071877915191;0.7277456896243734;0.6846435530400103
0.3877370837525037;0.7470480816444323;0.9176413921072615
0.3558256350968728;0.6010658049222493;0.9627938830677405
0.6908386140113486;0.48404021127017227;0.7786217989814967
0.02355596779472069;0.1630128351266391;0.46485268559113235
0.9364858503205831;0.49015860420221535;0.503535531990802
0.18884195591865593;0.7269662339695617;0.2792401968525201
0.40447974689883737;0.8129841829730292;0.7638657655907075
0.4242157870916651;0.26049949583770904;0.5262409191324772
0.2541610175922048;0.4709405149182453;0.43027019528457633
0.6010665613013008;0.3019788930222086;0.2678473899475262
0.40240410265075377;0.44964417906433485;0.06729031628716275
0.18362560245989235;0.6993597665751713;0.20709054365460444
0.28702754105442574;0.45899964107511526;0.20141306454817132
0.6202652128614629;0.10775909228058334;0.8208917287116362
0.9967797964128986;0.17997767729689407;0.7207038674808687
0.518593168000211;0.36967823059096927;0.6932418665826602
0.849303546693183;0.9962646603105396;0.6043058581625673
0.22483270555730495;0.12101829818982468;0.8055064749587042
0.5003596202469769;0.44552826387723765;0.09317381642330913
0.04111124917102993;0.3731330626965975;0.9056399379168844
0.19451676064505896;0.7028510753312529;0.666715853882471
0.16517772906925654;0.847264488056636;0.6072258916491406
0.03185970195671961;0.3410570854228613;0.837423856408761
0.3072292133867648;0.9239504072795198;0.17226960352726317
0.19774230339804333;0.7374330540209697;0.5090013662587906
0.756029918274287;0.12695430518710005;0.16776832291147403
0.03016722678598538;0.5786308641698437;0.3665850628358923
0.6078760479228545;0.5382405396915002;0.18553190235925998
0.463434989648843;0.38697154084640184;0.2971992293996304
0.3083260061874069;0.9729787593265672;0.8691081986665451
0.2682720226949924;0.6321657337827084;0.2373115813508212
0.31682158950769657;0.3379759643615844;0.5097474801004747
0.19894469874867726;0.4856590408039124;0.2096810008370832
0.4736162204283031;0.9628791786817413;0.06946344076423638
0.5362713832548052;0.5531546427564105;0.6651984119334367
0.97250249640234;0.6904622560790029;0.9836740801583311
0.20777036902754742;0.7322025688085889;0.8840806427704538
0.554525271276838;0.050021507312696945;0.20262597059773169
0.043784758703911075;0.2027522131963475;0.5185932866734074
0.7574619717815804;0.4749309070264699;0.1600954064369522
0.4337854294386728;0.5537623437861066;0.7852659703658008
0.7800553917651858;0.279587888003616;0.7364200330097912
0.8918447264251679;0.01650400567947219;0.6960526318752687
0.2008693870858803;0.04318394358298183;0.6226902028266698
0.9376220297633907;0.47061077951178276;0.8598752622619
0.8885013321895758;0.6753161049506504;0.03121646325251748
0.003857782901733775;0.48690916329982303;0.5550072152788311
0.004809450665874571;0.7187099987515905;0.9310277023888148
0.39140151615927987;0.14482944654904173;0.3859862689708409
0.48109150680124857;0.47481952688286744;0.04156656987047258
0.8890474717006567;0.2088568639134578;0.33363557539120337
0.016860532900395464;0.8936552000746325;0.540344527725167
0.013904962207948457;0.9298030430187508;0.9349217297624439
0.3567835693786875;0.40300195726846855;0.4671980590202318
0.5072280489803765;0.11832183736774782;0.6499861075571098
0.0796506634326315;0.2519055641340313;0.26592387082979263
0.7609269244334058;0.6263671849125879;0.2930372368325165
0.4629024330657051;0.08250553858241338;0.8085993374372736
0.9196116077401688;0.25198926687364365;0.2864092426004331
0.5291007205505199;0.9303118006836266;0.09907773042357226
0.6093314199654571;0.9512519975402717;0.7595954208493724
0.9758459504013887;0.9505217729985508;0.5909634267096386
0.9989393718804749;0.04205565926787169;0.1577792046209059
0.2114464639377004;0.3744709017486729;0.06590732299761748
0.6643273484445167;0.1523702299310178;0.03873335956944046
0.019136762666148055;0.5363833060844432;0.6280959809999244
0.8368281427662367;0.2216022721962524;0.1898220028722566
0.6816586419557505;0.9278292292290018;0.5344988876688965
0.010268981926188525;0.014596237516362742;0.18777234295916123
0.34512140978286643;0.06180970844068456;0.18697006615689127
0.10789407931645978;0.7878895973343557;0.6728734407052982
0.6987001729636675;0.8363930634898579;0.533796597274782
0.8878639781468187;0.9063331900682975;0.0008317985884656043
0.9118300095571997;0.6808146925361547;0.5031286966167225
0.7756645511153015;0.38892536348753093;0.27300041848886225
0.6437602114896476;0.7274897098959519;0.676042922223438
0.1316523576799138;0.9073284946320941;0.34940972543623594
0.04661166288278873;0.12982109768977346;0.12022112424219278
0.5692574948426622;0.6937115069441728;0.12900902501374378
0.4373165266914054;0.015786876173727316;0.9204680380229547
0.8611182932532067;0.04145512998696954;0.4222673705313563
0.5459330994426267;0.8217605912587016;0.9404230937035777
0.9055981722326664;0.2756267183695563;0.20651645935522378
0.04116452587736963;0.10302939898603725;0.3184635697637125
0.22920365866564119;0.9208003110689637;0.7634429626751998
0.13218491148572686;0.878855003000898;0.3285205177182958
0.028186999337110996;0.5632348115968006;0.3178365105473313
0.40710170035091375;0.597060662321356;0.17840590761107378
0.7461782139357191;0.593254773621759;0.9450634043892853
0.9702444611908788;0.8077039831089519;0.2281568020976158
0.4354716601202602;0.8117271554915702;0.2532311860719134
0.8810165177563983;0.583378891798225;0.7529691725692305
0.6824516071896759;0.2005326414919013;0.5214946708969372
0.07580748722712749;0.3873870477016452;0.22577537318312713
0.9073729110008165;0.971839296765428;0.5291938718326002
0.711946409016176;0.31554178972625624;0.6972076454046517
0.9705252308148;0.8314643629633274;0.8998146029347935
0.49066192235523165;0.8254348368788718;0.5427191480199078
0.44998901662322277;0.0032908741562233113;0.16190012992944403
0.506489101817687;0.5439485135775174;0.6413576517104315
0.5435671428934487;0.8790284752987186;0.6395145895638035
0.8999123049251458;0.28749170457073414;0.14255746267678793
0.20286014260545915;0.3504831461123169;0.1918125262956185
0.2602437712412683;0.25903435711394285;0.4560680297923754
0.4685325160148074;0.8869600243010494;0.6813080276512234
0.6282828783014986;0.4997363895190896;0.10746350310482078
0.3212789992014643;0.3420894567167849;0.5628565330882882
0.6372697395407784;0.5514159067512133;0.1294934808919287
0.22181003483094808;0.6008305851443403;0.654614882020133
0.8981028571032077;0.9413004054701151;0.8845997493137115
0.6361422306714365;0.33111427619849276;0.39822856799698225
0.055293049020421314;0.2466037738462551;0.2974625031345627
0.8498822353378249;0.1176890585709569;0.9046143670744466
0.9213153505850402;0.35749459021030994;0.8959477179254812
0.4412078864893285;0.5069270765036387;0.3220850347819386
0.9313416376534261;0.18437266589305024;0.8540905641561746
0.39946790131389687;0.1996509712369703;0.9426966062321996
0.6376371301034658;0.6938138119741517;0.6611605979570223
0.7622709729745117;0.46842328980216297;0.8040249830224825
0.5155747901831452;0.408118596494367;0.372373809150507
0.18950325316009353;0.8682667962465399;0.8305684864847399
0.1069274150353049;0.2634870295892717;0.35179470368969834
0.4079413707493065;0.525239811910552;0.14409771062879062
0.4036981964261035;0.1563625958146675;0.13601236676426043
0.584058768922886;0.917784081572357;0.5964104574439425
0.4797117194810434;0.9901252990691654;0.7685531490617705
0.4547058186547901;0.06164768937829246;0.3550473956957013
0.6100683238901541;0.6204188516601428;0.5023300444541798
0.12388357350623269;0.637479659752184;0.14304766748201636
0.31201514233917094;0.7204356086945637;0.5372156282937726
0.7264933122542053;0.796072281662691;0.30674233202803414
0.8065206890661714;0.8436021665459466;0.28033583641806936
0.13514656157672522;0.4632763489222047;0.1391566520196963
0.6148877719669823;0.38112193258566873;0.7037161092528011
0.3534539681804285;0.7772373956839664;0.2548146718927049
0.8208723946275537;0.46912840089911056;0.5641050593908828
0.04262823365162871;0.4913850687832342;0.3735605580770506
0.15094702995414866;0.42532171330848456;0.43095272571332066
0.8973490100492665;0.9572953157891609;0.9581838096488051
0.21316034577354348;0.23865352343585555;0.3796021671358988
0.8897166074437631;0.13474995299936676;0.2219446110305714
0.6887115969950698;0.40223341432714166;0.3177258762894104
0.07112805560136704;0.9919453754880229;0.4815455541088207
0.5239151380067045;0.3647334724082355;0.2786907972284618
0.7823970300431725;0.949793237297499;0.36501204764842055
0.7570501632220318;0.47752179820572394;0.17918904953368142
0.40177027268432297;0.24948710348930347;0.07826292609783025
0.828468441229261;0.8383180182605793;0.26961358367140387
0.349978310599129;0.9549847741735491;0.02239307247284983
0.7993128797308128;0.7403634442599223;0.9992187023934241
0.19990196275883398;0.8881082961133483;0.8414675030881256
0.7919398985146766;0.3098857928211761;0.16144237658256977
0.550513815835021;0.5241466637406474;0.9632661706556058
0.44633841289699694;0.8059633884488647;0.2709079241628244
0.9039028749359852;0.834266273813059;0.7671867298488569
0.5044558369221536;0.35784161639321077;0.157779849118305
0.9883108266933555;0.36818320209419897;0.2576716353127265
0.7743323114694135;0.05604473265115062;0.09147339150382017
0.7744889744066816;0.42468387561487486;0.6597278115750685
0.5473576592682649;0.005612627790051894;0.8228755934588156
0.596049090920163;0.5878743147489875;0.010673232320970283
0.7463902079399255;0.23415619939165655;0.256375078069613
0.9229293210442936;0.743821253372513;0.03084570136160736
0.11875656370066057;0.03912765479077607;0.5079293729732189
0.5014475717516043;0.6064439309487607;0.9108475649432867
0.4839943320046406;0.7703798594843574;0.44604776405912583
0.859089531435872;0.8196279512487106;0.2529714411982873
0.4978126599857219;0.16382190841179312;0.7858843707081626
0.7340249447232531;0.7109873633023766;0.4846962334191649
0.7332939696248589;0.9119082135422207;0.48777808663868105
0.3532514770834846;0.1270526283839425;0.19217925285938664
0.645395812186642;0.16288579154145533;0.8991465210801076
0.16317847658916884;0.16365038741130367;0.6598877029723893
0.04796414917963532;0.3698607746839081;0.45952725937923
0.0873535580305197;0.3807123541863321;0.1616396959525389
0.46163784678161446;0.011442907862543428;0.7757521241740774
0.09445626947780628;0.19820618162938386;0.9105522484041751
0.5536262054652804;0.6144920244515892;0.1512525858773025
0.3012543053214721;0.44778921771281377;0.2163319922076875
0.5446133592018493;0.5433697799166383;0.337832840779984
0.6228835086852108;0.9055881750034513;0.29245558197154786
0.931706891999287;0.5819613878776666;0.9210800708994054
0.9623257624002136;0.5509178805101391;0.012158315835360312
0.13915824980885072;0.2874837015424534;0.5031695184094719
0.06387570649492058;0.3128758941558655;0.24456510345682525
0.480717827088221;0.2612188672695851;0.7201737119413681
0.6458664804657482;0.4821590583900073;0.7715011130146865
0.823057863563623;0.4623477891426231;0.8766739046126187
0.7017085791732731;0.2009240167623665;0.45550754144130223
0.5417473234707368;0.9388528891313723;0.981266161027994
0.14850368014246507;0.02023597468313254;0.5520474542055746
0.7475141905884206;0.34376485113406074;0.9376787250843278
0.9922013475719191;0.21767058390168026;0.5129182458200657
0.021837241087266035;0.7129351734068838;0.7685249439121155
0.377767938879623;0.990511569433479;0.29323491880921704
0.964093459227362;0.6258078023374444;0.8085265447410794
0.23025874727791829;0.07056981763080605;0.3181560867498767
0.34035780645890956;0.5489543531527697;0.9115362976100679
0.8145535315463394;0.2489900247536625;0.8048292352216156
0.18091838395491122;0.017579022408609313;0.6898496164986085
0.6126696162162382;0.7192749815542921;0.3965560211503233
0.24109707383725965;0.9855139855622445;0.24033466988034358
0.30756195487192783;0.8489476022105217;0.7485974278144123
0.0024783628049152018;0.7202318530793451;0.0073801433418650975
0.32687572544503085;0.7587024180375106;0.03909305155000653
0.4287306308880715;0.973065523829398;0.30513481657165953
0.5489451749530815;0.9322503180485074;0.5892577775493962
0.7690501760480954;0.7521985797563567;0.24005260055928723
0.23729624534337312;0.7283592653991992;0.525678447774626
0.5677965255115061;0.9908770569295302;0.21079710793592232
0.48823048824679605;0.0780011766692329;0.7260713170894963
0.2219054439697027;0.22374921247383128;0.3750623911512878
0.43540040717076856;0.29885889932182697;0.2092294488820564
0.5684056829505398;0.7362262445834049;0.12298788484759793
0.274898731902289;0.6204374294404262;0.45021262310062027
0.8264011088769414;0.47505498076162334;0.8785784372600384
0.4358292184583369;0.0009354467061343241;0.9586736073926376
0.5257935994560891;0.8132397771528169;0.8193810448228651
0.7631459754414769;0.46431929756526125;0.5625241597993565
0.9804776122771874;0.5290465119220048;0.6852917722570455
0.16571895556680105;0.5237372648687463;0.02747514971444298
0.7525770291664136;0.014861815357159025;0.4460231509438093
0.5798573201550012;0.6714886709213645;0.3148128500716414
0.8087441566406947;0.9587686609325697;0.6398069712894602
0.11224885863835776;0.310190774987116;0.4437837127504489
0.1395649883714256;0.2202811006328127;0.9353605207492784
0.9218309756788352;0.2294551718521879;0.06149654855736186
0.47061284705992823;0.5200001338885637;0.5690317668914608
0.23311646729936764;0.41401732730497465;0.012102974418827794
0.6924873255662536;0.3644714143207648;0.0026041792205233616
0.8934446291759573;0.9502038588979412;0.23768652237347776
0.026715694777732057;0.5049441310754631;0.021207285403674447
0.266324290443818;0.5891273999250395;0.17383652281137074
0.8163766450374276;0.18078122866119106;0.3383956175347306
0.9353199302633407;0.5882729941845668;0.5945299224486587
0.9867308889923418;0.9756810738445083;0.4317809971259592
0.24837017472230483;0.6046116460716967;0.5762124798012077
0.9417120157222271;0.800537920911629;0.5023895864449553
0.679533155425024;0.15622094152962096;0.96824566029451
0.8706328533536521;0.4271575236464049;0.11109885673919184
0.9472563913506241;0.36744718163875645;0.7900279788875915
0.4454947257517754;0.1071071749581115;0.3847069681452029
0.21669242911351982;0.7477354793506218;0.7921889747174625
0.5939764670034547;0.1590900420269591;0.14232917197512007
0.0301290395908812;0.7528976938942818;0.9281842561203273
0.00693046037722389;0.8939703209654698;0.3275479143037573
0.8309534879919142;0.6714158856502932;0.403568378358105
0.22662230303908482;0.6501563276861099;0.349600203589553
0.4752116910669961;0.21416863834932887;0.3817686471775432
0.48309654332231255;0.650241053015452;0.0006968921609056267
0.9656032064193709;0.06128711156666622;0.6932269862608814
0.9507064919699626;0.1443316105688116;0.4793846672365062
0.8715801592915182;0.5826128083989225;0.9200368964396086
0.16531412148752822;0.3803142575647396;0.18531302895450863
0.4637225782812472;0.09647578839586946;0.8624003256389852
0.8407761588442118;0.009990910206788883;0.7344801779389978
0.6276631739529724;0.4918058535083355;0.050541174001249245
0.9134113822265602;0.4927909236044148;0.9148460593432391
0.3883170073406307;0.9587431411688089;0.5204461192644253
0.9284182323693722;0.9095442895382291;0.5024317030348472
0.011773935850757145;0.805720893082021;0.601894320319616
0.1649505074658374;0.4042810875908358;0.7261799840162325
0.8462902568758489;0.03521949696487969;0.26951444549917813
0.8447453679092843;0.20133200514881178;0.15245212848989753
0.6164378371208148;0.10415107097777687;0.9168337693599434
0.6792096847491491;0.20079020471395015;0.622643197871366
0.5010967095309254;0.4270835802341577;0.27702689635974265
0.31700291507803446;0.21916334555354566;0.5938551549381443
0.0316675403950718;0.8785842067767021;0.3966019833125347
0.6134408587729714;0.002929096450696944;0.09189595890469293
0.763720946588112;0.18071222321030533;0.3144287978117296
0.7305438436828873;0.6043063848179892;0.955461495169171
0.197456025994592;0.961361207736715;0.24114116890967974
0.5892260676864478;0.7106980052961005;0.0918717062077723
0.39966553533863747;0.638898138447075;0.5917520888923434
0.5601415526692012;0.03529186185670086;0.991570940634019
0.5867739845499554;0.1670850871775148;0.054984076643671
0.5233813989946258;0.6224441394402596;0.2583545854835322
0.12152633106260902;0.9900484063938413;0.8507251171682563
0.2177675274218298;0.06134042394311401;0.8373160011729474
0.7431456687273672;0.4137723287065428;0.10826378438054884
0.9869152563200873;0.7425140257624121;0.7446411298248501
0.1658235412046416;0.8837865575135047;0.25676847184099283
0.8127198528305832;0.2707796634699309;0.3043139133725138
0.6366495473064383;0.5411282041605345;0.1821483996259291
0.30954868376247546;0.7504057687267227;0.096548013913339
0.43045404553855615;0.9956204949294353;0.5738195858178944
0.007657206144396245;0.4747373508465855;0.6064126289117046
0.5144926876048509;0.63145602326034;0.7534873382805487
0.28550850500208924;0.296441111225793;0.2240157132725994
0.6859656711723734;0.1472305807104386;0.6357497521205929
0.4955596872521151;0.6664916862760005;0.9123191723789184
0.9521874436887832;0.02646154354068153;0.7868698561889548
0.5293470948887548;0.4777942501587005;0.9268994994645479
0.17011469930409784;0.8872257212905219;0.7623702042929841
0.551237879954818;0.3519283923204142;0.6111765135417971
0.8526009846482093;0.4766448716856403;0.7906843810676341
0.6086647267820251;0.6196628505041246;0.9018945179583299
0.630805269215656;0.4398991952703425;0.1388572219007962
0.037146592830627156;0.4931296130192373;0.3856127997359249
0.31046872303124773;0.963269819204217;0.06011643034063452
0.4885473720557608;0.6330579130647838;0.7390081038548214
0.37070544830638286;0.7536058676118063;0.7887942936931066
0.3550692177733442;0.4142215246569697;0.5166420757696651
0.57098144412543;0.07960048445533818;0.3444312525530945
0.5553511126077457;0.15588387866865017;0.9828689745465135
0.4935956838659181;0.3023191492919567;0.2757381481298449
0.5229847623882954;0.260517919889104;0.5197095691146216
0.3838157203406134;0.5186190153018214;0.27982093707908984
0.960930997516165;0.7733092021307765;0.9762727215019564
0.7262806798648003;0.2768416831346038;0.8175840952347986
0.3585060023452219;0.9104756620935671;0.6419867440494456
0.7239489124189099;0.9303511262280814;0.6300708786129612
0.2182137940139256;0.44176520501494954;0.2788777883019036
0.05910609198654193;0.7985492238251629;0.4958982164425011
0.9071756617543599;0.8112530251925678;0.1363675944444228
0.05748904160241808;0.6987296241472765;0.10512745859171513
0.1156875105280265;0.30359890285264757;0.07979081022678447
0.31976879801288205;0.2933505339380753;0.13620431166537927
0.7979536970602726;0.48191239374814543;0.31224009377927375
0.654088106469395;0.40314861929571;0.2523532216517813
0.5947572619916693;0.9779274311966769;0.21156886336365033
0.19811836453088105;0.3096285515941992;0.6997729872170982
0.46457020999802157;0.6179644912529523;0.5847091353340832
0.7681987272411333;0.7963838168322014;0.47845418102487214
0.6721964390618428;0.46524108662052477;0.9897929617019655
0.7955372237417447;0.9437781500471636;0.8223592464221321
0.9091393683286199;0.0744335238674223;0.7876911888835435
0.8592022819472411;0.19557160246607552;0.8539126437746111
0.043143784644515626;0.6625535822085717;0.33216710812195993
0.7860419819313753;0.036866619075540785;0.3118402959803709
0.3605852053234029;0.8930826335484143;0.8135833145935312
0.8888659499801504;0.5791274302790603;0.6788148300647461
0.4581205929479266;0.05302553022189216;0.8334868391046423
0.8515802708848532;0.33582403982433995;0.22754537271606134
0.342391901940439;0.7576812593684318;0.41579735608944846
0.0016851119493770383;0.23800888697010514;0.17358610156052057
0.40487562146537104;0.4465700707318683;0.7604546072660598
0.2581425599245655;0.9407832616128248;0.6254712762195538
0.991592964161351;0.6417492770586924;0.43758466140849805
0.5259287343737399;0.9845491032665743;0.7543355196921421
0.8318527638583281;0.015316686567389937;0.3500263242912587
0.09845014202889824;0.9502429966651741;0.41334468171433614
0.48995833211736983;0.3295295102574315;0.47946421838051967
0.904166718819257;0.0447199332401933;0.6644889557176318
0.650400386261843;0.13893639299872085;0.782929047467756
0.37904590408593475;0.46603482227241155;0.6538969443006933
0.4997359080302841;0.14122889956037976;0.349626791950969
0.5273920340397951;0.8732269283350785;0.26030701626126884
0.40955742678174556;0.6649134473298013;0.4786555846378321
0.44468930504367576;0.5045841944298306;0.9991110894128059
0.39385554653995436;0.5085070295924754;0.6857351865521284
0.6950226859689013;0.6023038729782196;0.42638007847118553
0.24680704119474062;0.3216180161437836;0.5897547334098232
0.5188490455781726;0.8038346722140652;0.652639117839117
0.0442048841371534;0.3832929534237999;0.6333505215264884
0.23871700835905751;0.1120728269731639;0.8339322279842072
0.355625409354309;0.666305212933487;0.5184004337080416
0.5423594468823505;0.9805104217116962;0.8926556381537276
0.23702438691233174;0.31810446115348856;0.5972474292983968
0.8177063684002748;0.7470035249380051;0.6661185270454215
0.7127527533099397;0.8675521636441376;0.7487419748223105
0.9726667286821922;0.3161532813526561;0.46617952768934556
0.7465855004500798;0.3087073100294627;0.8616098786325399
0.711507057043298;0.5879504357748809;0.532562992865502
0.491431607214705;0.4206948659831736;0.05154004999810313
0.3210175956446214;0.02440565321787791;0.02943569039852456
0.21311528162188786;0.4093049854322104;0.1762061085474632
0.13203888021625343;0.6530542496415319;0.1862022338513145
0.02613160200980158;0.49074189804221136;0.8563247499241864
0.9977607494696651;0.7499020723512175;0.1559477270361589
0.019743352799014402;0.42411508818316923;0.7542871064437069
0.5587264187339882;0.44253512800644645;0.6267850128961263
0.36486020235671357;0.4686189420994119;0.5597796489248
0.5464059689757067;0.6987557872687857;0.5260987694881533
0.19563631439764817;0.8840795017033981;0.6054883592196714
0.3089893966378294;0.08658321655419254;0.1394377502053008
0.961145601121567;0.7890340794277763;0.7602357448962955
0.9738678732402312;0.6285711060253122;0.6510200635549305
0.5955196063896675;0.9215108384434444;0.3378513490993722
0.06007454947141333;0.49203022730563084;0.13700126110011546
0.34953765098715905;0.6631310254237899;0.8819940392050594
0.9211797961848948;0.2474571599518437;0.3387042402968242
0.5312006609098622;0.991498848813303;0.05747429830836326
0.10750781038801449;0.925443095007552;0.44139337363982356
0.2960687642420674;0.7076914251095693;0.18521034426749994
0.8902188438507507;0.5668069490520271;0.05958870985316156
0.005017247198532138;0.6877935665044485;0.5251154185750213
0.14282148443408704;0.10333214209787445;0.5956866267095141
0.3993002092518566;0.07453155085226992;0.36795634165860724
0.7102474074063903;0.9115888427787339;0.05682661298730474
0.395765212215337;0.19642045107487238;0.4067011110359682
0.3358153302493133;0.21204408186569113;0.6322259596987645
0.23433150627744848;0.821755365326357;0.1500802542055374
0.6763125681908978;0.9933880961054538;0.4152025662055939
0.6389461479130368;0.25011591976290504;0.8031124082389802
0.6514115039323571;0.229933410483511;0.06382142334548013
0.6469247319783612;0.8880624871165417;0.5946207209937173
0.5638423664024148;0.9206992209143822;0.9835166042601404
0.9091313699813318;0.0857641735132002;0.17449061218641115
0.5878734300613677;0.6915918840234433;0.943500726694999
0.6746955559252096;0.4864531614509571;0.9777993307514531
0.3743253603797623;0.8243556096434189;0.6467653669343052
0.2331182877428657;0.922502236694186;0.9356602960687305
0.7364458454616251;0.893244089853892;0.4686787810170966
0.07333291167690759;0.08438858044602138;0.2912685666870005
0.574117040379921;0.7382645255065469;0.596157877478347
0.06264386715200898;0.7301908422311341;0.7494206197782705
0.27863386738507134;0.6025259844235548;0.5697425778075157
0.07936295400295235;0.889317790938344;0.03391386620221959
0.7113357890975162;0.5618914389962167;0.13788568930192757
0.42814709416434504;0.989046753095794;0.5024926396825102
0.48742118963429304;0.5831529981618286;0.5548795808037477
0.5220739169365156;0.47539976046992216;0.3043532612188553
0.6228525581547525;0.4737347788434697;0.8414554076190405
0.7224153147663449;0.14694259068064275;0.16760136694364947
0.32575129877311837;0.4525098889010847;0.3421231339592977
0.35063256635829765;0.84622660659549;0.6104099301468395
0.6154824536723624;0.009225432799779942;0.22152135030909803
0.3070258018247882;0.7074253598508341;0.60143227386595
0.8479066749281452;0.7413777770003147;0.8588822921685382
0.602531201881098;0.8871898226979236;0.25847402051276014
0.08518545876870998;0.35180625367371277;0.8092618534573982
0.5357885467997109;0.2850120919635242;0.6826175755247275
0.7629483250206007;0.03430949497841196;0.4178891999095551
0.659928262871977;0.8153898036470354;0.498140201720371
0.4961455065957816;0.14742528211140338;0.9154090016823875
0.8927139082496808;0.814980069209799;0.8894341591182617
0.3718420828490394;0.843730502134425;0.8753120620204105
0.9360903057866139;0.3916735698416516;0.7127750873764428
0.8661906483658364;0.27047742563031096;0.11809783138187502
0.2634201657854185;0.8458864346678058;0.0768169311442587
0.08995411701713907;0.993502207014488;0.10641832424408215
0.8152610494263657;0.3025810140576948;0.6720826812527061
0.7126058042765171;0.12098190782100338;0.6494684504073651
0.24636007492745593;0.6242399024025609;0.2652274409227082
0.3915250212960457;0.7514032559199739;0.8224880531500733
0.011268404504822915;0.5877871401291564;0.5666202516816394
0.6593470634047528;0.823820144277787;0.2567931693632949
0.05824581839867238;0.234370183320465;0.26036244628534855
0.5491583933206059;0.6467506697451085;0.3629912869380879
0.8638262439855051;0.3345444220668201;0.6203210173128794
0.40407498882954895;0.5444019873390019;0.7437485794579943
0.455595359468264;0.4195722695062043;0.8968225082420812
0.9958789733948598;0.6991684583473898;0.8548489530998769
0.8503188841933241;0.9339093367239277;0.011862804641164626
0.8298346729489493;0.9948101306292247;0.19888384765775624
0.7165894245677709;0.5824220873094492;0.6189869236126403
0.04099165886951006;0.5125828266004273;0.9621566102046457
0.9361053713275699;0.7135000194388156;0.9280902717748031
0.27178538316231005;0.4517969683276948;0.08338683503371402
0.3469957389309014;0.3165681578516032;0.5201186191561019
0.314612637540591;0.02950975929914601;0.4080546636083542
0.8200827992668749;0.2513690407367164;0.828464246033957
0.4928641165115;0.7941399135380618;0.3722025965302014
0.5394490103568153;0.45749948373656324;0.5827053330151127
0.6208455352697455;0.9477960728038682;0.7955228371373929
0.9954490475961436;0.16003608055371732;0.13273619402931924
0.547254231300592;0.6548079494649685;0.833739406896285
0.7379529125684384;0.4938868281159433;0.682647244889351
0.42987723182057125;0.11853888858314299;0.8179741921576739
0.36133388299354263;0.18739342398244252;0.22217428325245947
0.49468414150098206;0.7649200090857113;0.4950081832536063
0.35320258040343955;0.5014614890141283;0.23254506279659692
0.907443976848721;0.5608208000808819;0.3641745331262882
0.6013447260770433;0.7837950080010039;0.7211255884532267
0.635157318369762;0.10742307177893418;0.7711578945559084
0.3436270896699053;0.18353841987603847;0.9189869771691966
0.5394672360837306;0.4239517006961574;0.7291800479979317
0.6169776313965099;0.7471757504442573;0.30475973640870035
0.036759892939801087;0.6302752550074039;0.8707414871455021
0.39920953005912463;0.8457378653630133;0.2899043835039786
0.7726387828511989;0.5058759894260171;0.6872707789660871
0.17852510310275216;0.3311098950510577;0.31783608735946156
0.24532820957879398;0.7911244237184022;0.3645892496671109
0.9418947575995582;0.1277855309992617;0.0125035724159277
0.945111624893173;0.9482291351754555;0.13984248084316264
0.7548664616528836;0.5924884596042471;0.34693574361574797
0.7001518264833885;0.8482778531749359;0.9572201461090721
0.7127707968784521;0.44680866947692777;0.42313047582498553
0.24534935644465328;0.17033776131575196;0.6659924717232489
0.18489368217095692;0.274096135795477;0.5545661429251878
0.5292487860525407;0.4015462762591516;0.12862996977924235
0.8669349652339586;0.38550204368366614;0.06618867600053324
0.4637730840177955;0.18707690543257682;0.8222174552048264
0.5614105837021073;0.9525733144545487;0.41066305588670593
0.7384891558022556;0.3986462040315919;0.30330224994582045
0.3432892997854077;0.7140019201438406;0.7835267529220465
0.7310625277460232;0.2685338857632037;0.00424744160325885
0.7000347951751319;0.6823998064398368;0.14869210503532315
0.400051638942027;0.3739362572309298;0.39307534290571244
0.7868310436556757;0.871783751849937;0.2538336828336283
0.8591197829025107;0.6442808263383004;0.6675624602767157
0.7418547606017721;0.6448827607018801;0.4393415834561768
0.28855866445008427;0.41156703429486974;0.6740866924700905
0.4386928343536438;0.8640304461369968;0.5050592780485713
0.7275112238145103;0.10882445601595214;0.03641644747961359
0.633204996347041;0.40037626430470463;0.2951389342775337
0.2898645637048165;0.1205965973715557;0.8882920756143209
0.31960819903564586;0.9454190981513989;0.3936594774187103
0.5938142328946313;0.8155467669302141;0.164061395566947
0.5757649096516501;0.533548678878283;0.717859765438048
0.21605495920540563;0.4994640647615112;0.8002756807048066
0.5588446970471096;0.10661350731853414;0.24401926726805412
0.23474163933292003;0.517341144161916;0.47620207893801036
0.504403330517048;0.1806333646953885;0.2442035447216364
0.6610983309371472;0.29852881547354326;0.4557921136468617
0.7168067472556745;0.06278060225616378;0.29389687504826834
0.8963484676699268;0.9748789110574005;0.8287684585542938
0.7325135380611263;0.04430526284225911;0.3769762954905783
0.19836000781667584;0.9257557603009877;0.7459742076922667
0.3291336818638452;0.20173726347187926;0.0498354983218563
0.504719436170669;0.9664135744685405;0.8724637559969768
0.40583136285276955;0.8746927607426447;0.6899748710669209
0.4376662026097953;0.5441388387089562;0.9012961288883358
0.9934100741292705;0.8548028036937073;0.7966128802168715
0.011475297610606283;0.0003949189098481076;0.9250796789025177
0.09406294200140708;0.008852407385223637;0.9024035538230406
0.08406565100118979;0.33288162737190574;0.14604767499433924
0.7058069225567067;0.9114871884897585;0.1414251847913056
0.21349395358692624;0.5616408464115159;0.49988516862675747
0.2680277934274091;0.732276649642991;0.1394660289626588
0.28435450374123217;0.6283824109683225;0.753155762840307
0.7693176297307762;0.5017754700487379;0.2022441617312959
0.18052973065039857;0.1840618524940172;0.24474113152489718
0.3374592145006824;0.4509035117851742;0.3303472615323505
0.021213258364945586;0.7656653868218728;0.876590161277265
0.5097049898514393;0.8374068313054205;0.39838671408489235
0.5018140174802871;0.8626856473449946;0.792095183360152
0.37744868362011497;0.42233740901977157;0.9571125509912308
0.9499726997806278;0.78695094238554;0.8575632052178331
0.8702069665112713;0.9939988305749364;0.722744084896481
0.2028135493109955;0.9109158162459026;0.06176072468452665
0.3173299940662201;0.904934353143575;0.10281220979829298
0.8062740513939459;0.8195337495700483;0.7859595169572924
0.6006235847736892;0.8851964339894386;0.22665053602076224
0.5101399357160182;0.8178952906093403;0.26646687452952666
0.6297297825243353;0.890536782008488;0.045536894021810825
0.005720893149468331;0.14513661816711265;0.696739294224841
0.9720731461409933;0.09886767712220335;0.40544819622446526
0.4798156094824403;0.3696963659165159;0.7247309562985045
0.5209902248501154;0.7436481176402838;0.15456029527074255
0.9302561613566831;0.5489315581939775;0.32158396595362804
0.7705179532452265;0.3447100290072067;0.6747017758532292
0.4911934607824797;0.3007609224629836;0.7519467238085383
0.677031566452535;0.2128353793528357;0.9632998031005762
0.6022978562106234;0.9065750698160017;0.27445643751286786
0.13644541497738305;0.026666303213799813;0.9409586631981061
0.7602436370961007;0.983175669172861;0.02405727158364701
0.11847995290121194;0.006147927891613447;0.8163297092506481
0.2858896842718055;0.8644735416124465;0.1661462843481437
0.4121144558193659;0.9577571835774141;0.2298955737755607
0.9839791026531559;0.8561324776691857;0.07526665012868616
0.09776151669044064;0.6072079401944627;0.521040936911217
0.26046486453593864;0.7251558979186515;0.6784716389747542
0.13912572279404756;0.08128741431068709;0.4713732479528383
0.04762211266068783;0.5705098189508989;0.08396559850309482
0.12170584332374301;0.6813057408954234;0.32045643503685606
0.5119450844512387;0.6493071810144917;0.9719636672454993
0.36741859516735964;0.9897087600388882;0.02166109952151285
0.9278424793593952;0.7928285534622153;0.4723021039792692
0.2350015173202752;0.7654856286381541;0.14837334973332672
0.38053361993496615;0.5561120008494682;0.6229117755381872
0.17238115330453774;0.7699312920150345;0.4779964650406169
0.4200911018219482;0.5790880246603606;0.7993728833042346
0.05474261997358032;0.5681640545850342;0.6894834049965368
0.03338616088581148;0.11542896959248417;0.5083806042761847
0.7019151250335476;0.31528401092754355;0.6425401650815011
0.7935054854042096;0.8413492721891105;0.994053747690282
0.9702407477169459;0.7546139445347011;0.9986716975911382
0.1127231994929363;0.6263619992377452;0.012683205762725747
0.8986748571943662;0.6418085154198133;0.08976004372157764
0.0375296504005026;0.8906920111662592;0.16539137849257846
0.3955719500183812;0.38915442021841795;0.4333997279252352
0.7003598688882794;0.844200248607314;0.04195745691754482
0.05590092604043384;0.5832565764298154;0.3559151938041194
0.33291455136429826;0.8076388607262731;0.4349956332265844
0.002435658099675053;0.4980174027279626;0.26649840659629853
0.5544241013637161;0.19866916310803062;0.43692688828732995
0.9296381307322796;0.0015361850868864657;0.7928165090795106
0.4330325035301932;0.7120383490363751;0.9400254353116058
0.8545276770668029;0.6123515815518786;0.8278500975392691
0.032101828268966015;0.6815905690155428;0.4893381472699302
0.6160980871897103;0.9245831255000436;0.3537113587807744
0.290948777297958;0.09174101285310454;0.8750112655945284
0.08894484752641496;0.309355463606791;0.47484959608718624
0.9472016595284226;0.38123050524215807;0.8456587698507163
0.5149528359873405;0.6079672684065042;0.2936650108276879
0.26110073362882147;0.5595962134931907;0.5879207051602222
0.40039175310819475;0.11476289720232657;0.22475429408556935
0.5919341147421724;0.6099855582526857;0.17851705765617298
0.37590807827746064;0.24472465040949265;0.5581711388159755
0.9164730650406393;0.46481977740728075;0.9719463107340707
0.4046056789140917;0.6943055663076101;0.37875530735395246
0.7427880576055743;0.757496111231747;0.6514339561537194
0.7812978759257051;0.6616310720305614;0.7194572613464684
0.1394575713801104;0.784621339317745;0.6810248237771964
0.8258278306491514;0.7330543794153273;0.7338058289853998
0.4507903374189165;0.06810223202818455;0.4653476358027787
0.8471098328428034;0.2276191665963797;0.751090111537821
0.9078208340776018;0.16147552755246442;0.9448179177054601
0.647559341314545;0.16927340826923531;0.807314824824225
0.9267963879078346;0.9786011910073553;0.1106808470410845
0.6279850925902278;0.10456496379766766;0.2464434618926168
0.91426935098649;0.5922317782308995;0.8438148433029875
0.7827893737514271;0.31602024773859116;0.11434913471930808
0.8742508435776041;0.657539242478938;0.16287109315703563
0.26580668432465393;0.37714213312642353;0.44594836251795444
0.25427563095501116;0.42902803312170223;0.3985622408018056
0.8762405105561861;0.8193291572158968;0.7528130726459502
0.028896192982528657;0.2213991529823509;0.3603360576078548
0.6520760358365546;0.8774436141751012;0.6594606260934766
0.8407996366650374;0.3302072274370059;0.7471855990029197
0.5784676764237251;0.9355630727309622;0.5844498718553016
0.49817082554785985;0.13663663989059716;0.016688197759664236
0.9696265883224013;0.08935150007695769;0.7464242950297456
0.24229737843236954;0.447157299634809;0.4210008288216416
0.5352993833596053;0.7675417082919308;0.39860129728043703
0.32658258156922537;0.7735167765706763;0.6103878253798859
0.8977332227186138;0.5059522842959023;0.8216418921380909
0.22104813177079108;0.9747412147122199;0.2076519625581128
0.5631852392189685;0.7029313345806291;0.5918414241973732
0.09439566716061332;0.7415408510980626;0.058217759563624405
0.9421179912541247;0.5018784698168187;0.06682527324032927
0.9796258978327952;0.8554555401914035;0.8307018085925979
0.33049284989429717;0.5436292163644801;0.8239437356340764
0.1429207856438297;0.11750231010733148;0.5622282384110511
0.8579276764010823;0.6579939255084115;0.6440331641550479
0.2749274601855499;0.7463798488166254;0.4422557177176911
0.8436983648458841;0.2734759719828044;0.5502664842108758
0.6684826836998614;0.9935209105214315;0.130171937940062
0.4865988067164235;0.8739286224547993;0.5275177526837312
0.3700438260973393;0.9721460751326579;0.02296628894701691
0.617238614165709;0.26265712106138217;0.3958540674885096
0.8755381888157328;0.674950204001032;0.46545418023878615
0.9826917482737574;0.4870289881093881;0.553791629434255
0.016815469529853244;0.39129371578770533;0.1945481467945258
0.8428031711908667;0.8505394364620161;0.1392421554594344
0.82674585380287;0.6315359756705177;0.27427675883540104
0.5764493043925447;0.612695535361479;0.6936359724908989
0.9655736087930944;0.8300420687834683;0.41757018852573413
0.030149466298518668;0.24224766712370172;0.15658493133798346
0.5405861412481368;0.8096560797714045;0.27462482339359295
0.3314499680509366;0.5853908184871427;0.677178751030548
0.4374614623384836;0.37958283419678407;0.7112109250411847
0.42127306211300986;0.5179392743974739;0.22705944957875646
0.9883406143174638;0.8934291950333565;0.7109733076968687
0.4859513934760412;0.8010097739802547;0.8281825453568341
0.34311479539104495;0.2913280896423188;0.1141793897656812
0.488799973191235;0.667769528116019;0.8244937272834354
0.9425465723094676;0.861508827927239;0.10445238268695112
0.1397053599262582;0.9219195575632091;0.18196279096672774
0.5065096227745246;0.7883938827152029;0.2432062246133575
0.637517514616245;0.6423951151728587;0.0041598549859319656
0.062459380883998605;0.5140349088490123;0.6818328629602556
0.07476233307140212;0.27254878042503594;0.801621596655356
0.7317972886036413;0.27969833044437553;0.26335244424077076
0.41685588882794555;0.34537601431010434;0.33268567201819743
0.04464963763005514;0.8942873530322135;0.9974174190326923
0.4138219167288375;0.9194627621926759;0.44439887008165524
0.9676103870984638;0.14536437915699818;0.6794669377792962
0.7129120978313539;0.09984515930692417;0.925132783824645
0.4568580367739544;0.6073899901659365;0.5291737532604162
0.7391867697328163;0.3101139340984004;0.08629387621975504
0.05854742706552729;0.11279005576133372;0.5533259251967285
0.03999418152617429;0.5308106491034167;0.09082759031584908
0.2741002246114277;0.2932346985602312;0.7864670889034766
0.1959167884237506;0.5850447999720098;0.8471900122566873
0.12724369408392333;0.8414474078602047;0.09437788416538384
0.0034244762170035914;0.4178810682628318;0.43206176809165087
0.697862813745426;0.7852177195020539;0.09874126261734872
0.5455336109029337;0.26324813320395213;0.1589721219621505
0.9497684713915377;0.2163413559100873;0.3592829557277738
0.28531170907597103;0.8304256740007779;0.03326433860540967
0.16726193694028568;0.26337396335546803;0.973564888322274
0.540517570130455;0.3559601753477233;0.3187588805048157
0.8483600070441135;0.5137364469151585;0.35330628482819115
0.0362722423008075;0.42729079026732664;0.33287787168041927
0.8032136935347683;0.10886590664125939;0.2542374271770512
0.3191876533047604;0.23971417698723418;0.01704442867220579
0.17112177298223097;0.2681688910397355;0.3185264719221207
0.2789359293419922;0.14345247703206898;0.979848154253026
0.5472181238438721;0.26043408226956866;0.10460263336992703
0.632280606911408;0.5350766969505862;0.2966626312309302
0.12971156277479756;0.17499577817273881;0.02188949736236645
0.706936980542742;0.3782175881135881;0.14188318003175826
0.0915827248597535;0.498285805475728;0.007080530555991005
0.5189777299561789;0.4022141898729882;0.8234391166838245
0.9382904895815638;0.4359507388457722;0.14848480620962123
0.6006667575674026;0.6197450844107565;0.9656722678330074
0.385828261764138;0.21329972474679693;0.46197675807928584
0.8553059116082806;0.5388648110466484;0.7977165647287714
0.007327089006520127;0.6660263495984781;0.275793592939637
0.6205622763108515;0.3052659896617347;0.2392468493694705
0.48733890829491233;0.39101798125599274;0.17781866919840517
0.39870865320882165;0.8092477296819454;0.5931833139358005
0.43218485522154027;0.28511350487514175;0.8953961241784768
0.686972625783149;0.5930722736098478;0.1609979442719378
0.9391839374707927;0.22732443946517267;0.6432267907380962
0.29119026451659424;0.9686220263529333;0.6511576764591527
0.6385504655651276;0.7834215489125067;0.4216941375357587
0.36946683433775407;0.09770925058003477;0.7131384870994846
0.14094122872744774;0.2995778598166685;0.5570702154408325
0.7735831911003378;0.04349584078379831;0.5686168444788297
0.18292206795864585;0.8527438559423484;0.7839568065811684
0.27568527387592745;0.7439706462041226;0.09822411812906007
0.46013732642354477;0.4901455373969319;0.8739227890417746
0.6172630178756213;0.991775902425052;0.26714965951042
0.5015859810597343;0.5597124338307384;0.1457771014381165
0.8376880769589995;0.2619070634146986;0.1642171164351619
0.4833726741528024;0.7352374545139816;0.5309853548655468
0.11636690701772856;0.7836394726289243;0.19852996480258045
0.7574405998408477;0.1389877212776528;0.3917997160605021
0.19235171033632226;0.34835999386674177;0.3915330546728807
0.04678310613093739;0.4858162809304126;0.1189450712887814
0.7236115152452691;0.21326443620157098;0.6567850949587698
0.16397443011176327;0.6026230098843852;0.32179503485196825
0.2742774112069517;0.26162350993607375;0.5570134900935616
0.618432129588519;0.06176549007943166;0.0558698398630203
0.721042511500586;0.6940745382670903;0.27835304291920593
0.08638676847924431;0.9321952698607984;0.901814289886815
0.8013695773450997;0.7154840993449529;0.8306244287411264
0.14692087667727738;0.6537486602519565;0.49950850839269956
0.09386950160727248;0.47192549652738247;0.8644599542485196
0.14362869073594242;0.31638100184639806;0.2026291223929958
0.6349813289713075;0.4467978820478853;0.41333459800022443
0.14053119815804582;0.6296556194615195;0.8152418177020836
0.575216469648389;0.11036044611424123;0.04206532473307245
0.10150434393501506;0.9231854076371747;0.31021832766466995
0.6870002900434135;0.7097129006160728;0.7841489894938991
0.8160131307285906;0.7451704014451845;0.965875933443137
0.3675233808775277;0.6769104148544232;0.44521537164577074
0.7992602139991531;0.5508111186385573;0.4978141735928765
0.36468606291333217;0.2415100501274402;0.5948228457271245
0.9519110091357699;0.31168853394913054;0.11557218549506032
0.10228416351339586;0.9298103066262516;0.9491953736684444
0.1337608057968248;0.008529731359273818;0.35472977451025656
0.3366084804964006;0.017432814578803857;0.15757238978208998
0.5821731579374794;0.23444550126750918;0.10388211136832415
0.777899025271493;0.9172751070812427;0.08334118903619192
0.6420802709476391;0.5430944811981572;0.2967027776485266
0.45312436308955895;0.453297881514203;0.048684385881119896
0.5029850736630976;0.5050411032145153;0.6702675140740797
0.2901923533920374;0.35043607175908953;0.8018997911186686
0.5143187419800896;0.24856768497081005;0.9650902673110134
0.7752607065535608;0.4315242034808051;0.9949245122998126
0.015867073773026985;0.9827199340298223;0.9443683633246169
0.6989450793816755;0.08779757129520405;0.6326950335326321
0.2963707412171913;0.5499757782442453;0.14481041971102138
0.5512073596159645;0.1280639799467771;0.4840113257707004
0.4993110077211743;0.21458700259464403;0.052129184623559977
0.5722463019957994;0.5709004578761128;0.49194744213786823
0.7602556114282297;0.6121945108979797;0.1416453559710199
0.6377811226299938;0.12951343486274136;0.9415203698056479
0.6259288471805565;0.6115407596519862;0.03899773813962304
0.30906725344930375;0.5094884897329084;0.8619692906791288
0.9098326713692746;0.6384238300152847;0.8980643453670031
0.46614798782640454;0.5258820899927406;0.07922519016316754
0.7386959081792066;0.8607207680063416;0.47845242070023064
0.7680160999022767;0.9303382692324934;0.17430918952171848
0.9578122197409529;0.9742241013219198;0.8482879579933927
0.9742325136510034;0.05139225231409983;0.6079786472174614
0.4808289270153979;0.865122617787858;0.013850579409512287
0.1562325169385116;0.6253513857748434;0.3086095417532807
0.03453132939895809;0.14112349419421488;0.3038205511682359
0.24201186543249475;0.4697631602362371;0.18342657652858574
0.23708700291733253;0.2350801062863218;0.522629637383789
0.9966080689857829;0.9395875017389271;0.6386652081765791
0.09737662816285753;0.08023171251389638;0.1951485003146547
0.49289771802102245;0.7015763375797885;0.7957413128255767
0.4770860610379919;0.3265318604288415;0.6451071474294855
0.8171710894184214;0.7414585766127361;0.4015425759809913
0.4139995976864792;0.2292438066007727;0.21831890170290358
0.46333684156354094;0.12172726156454838;0.396020410177367
0.7459931674721203;0.39955097510763704;0.08016211254521721
0.33969850286047687;0.8345668011791325;0.2902279916602847
0.8889189383687038;0.13371196101078597;0.5553571291870502
0.7219142791522585;0.11016442957738093;0.27538614875950607
0.2620425296899661;0.6767254266899932;0.2026079290993067
0.192977757260533;0.3943761721174561;0.4832886583546083
0.7997197065911823;0.8396935840983301;0.5083116348246061
0.9185203458339763;0.3015468170193343;0.8672644396950732
0.6093585914629214;0.2642549438587788;0.4977225237491564
0.8768166715334365;0.8854385990864008;0.22298001335818152
0.26844294479577124;0.480713710951573;0.8211452149519892
0.659251834009903;0.40029028040352377;0.07294309824494549
0.3831452723604797;0.5891438572428953;0.3823983487593984
0.26281011645246644;0.3072866335041381;0.24674239129802944
0.4208828073913622;0.8793054537458651;0.2612176171604409
0.977209252361236;0.42790895966563236;0.544246132400187
0.939875170511718;0.9961483605762234;0.004909522643552933
0.7579541335170994;0.78923609820872;0.0864768677891844
0.13063402845078065;0.5622313160337672;0.16509769487416004
0.3071883779816694;0.5621304773823625;0.4026582899539436
0.5516920077016296;0.07948154004627173;0.44981196335824625
0.38041831540965076;0.23517309910146178;0.7533191903187492
0.8688187234998613;0.2015929081606409;0.790351972095904
0.4309398404873612;0.27339523506320873;0.2072932475352115
0.6036225136782788;0.09381238096338995;0.6132488087293412
0.7713153030077279;0.365280827099848;0.9698733510707818
0.2885565349703131;0.8596632490135044;0.9717749465469046
0.4500711487131883;0.5915858966576443;0.41092385333553283
0.5800641880746235;0.5955421004996704;0.7895111261134703
0.6220333893592348;0.34618160156051914;0.5741513405439762
0.20274599761830492;0.7894238029037365;0.11700735349568536
0.8963079728493888;0.44768716190722313;0.333769278143458
0.9372403143738635;0.9570154945351649;0.48125134664574676
0.6421318354719711;0.5959179167613545;0.05959801033308598
0.9415194995130456;0.9262839555025218;0.9579539150094284
0.781944733889206;0.9250313550601941;0.19457177825496696
0.13039607934919473;0.9299458778261664;0.9024403409982751
0.24432023597802865;0.027426390997419392;0.1049701296033716
0.3995628289641441;0.8295428228418124;0.8490060018490413
0.392987433257028;0.26327656937662003;0.3999179086923277
0.8921087466586044;0.8110434719538522;0.9271102261563731
0.3372494157421414;0.6809705139044235;0.9885225253296738
0.7839517495638348;0.9688493898970761;0.24637878679903424
0.8484400556731977;0.678141143317774;0.40189939113342255
0.37163620572864686;0.11277606725334222;0.4192098293562587
0.3773421864512738;0.07583457183680864;0.05056968261808814
0.9102456162975062;0.8480343315639892;0.35472881327809747
0.3683672701541716;0.7071212294341629;0.41467319950737747
0.2916005931416217;0.46790916369724944;0.34873473981646685
0.2108421466639575;0.02401404228252213;0.803239724363344
0.08169379167461788;0.5996057928824307;0.13099302511276956
0.8346032544278228;0.16580286229403374;0.9463736972926112
0.37156194742654813;0.8002621849224986;0.9566841608604705
0.043356034995417736;0.10339482717903015;0.4593774997104235
0.9952031178815395;0.4181242733833225;0.9100981289103983
0.4102600147007406;0.903985733833342;0.6405797666450106
0.764804885976918;0.7986937946753835;0.2147895767557998
0.38828221760042103;0.9791073897551682;0.11076764470869804
0.11276407057906146;0.46956340147439546;0.8874529472731109
0.23180525820303577;0.3755748527698277;0.49275366803159626
0.8205308558154575;0.8312749268871555;0.6753154068352575
0.4183123547505422;0.286252406666465;0.9548776070475007
0.25702010469794856;0.5816316453407068;0.778605208204991
0.6191829762929455;0.30822048943741076;0.2974579992527546
0.6351151557790425;0.845304758270114;0.7696154140179579
0.2349169986871934;0.7384364286720041;0.11805774159274773
0.5155014811912569;0.8910728926979019;0.24394964423656118
0.5517783150058846;0.4264288384335879;0.5692223305102571
0.7702173615869454;0.07957345872228594;0.28508680921951823
0.03878165693515778;0.054735922586019004;0.9476128221652625
0.0243330949977536;0.43438692620079167;0.2847323797628444
0.02290781124054575;0.739932418103316;0.4796165041425532
0.12198278980183552;0.5570818530048821;0.6912771905267787
0.16480239141360153;0.5702325389351395;0.5695875940989873
0.3313029394153324;0.9714074462925352;0.46754568904882554
0.8263567881939359;0.2847119503048845;0.32637754281752196
0.7637395554106831;0.7206630538639155;0.14089596171483254
0.6057682217564906;0.5685528076374303;0.04082167384080526
0.8131838157442297;0.4765543430237459;0.0619202103506894
0.5010026849363625;0.2573323951546882;0.10921945128041388
0.05829140346162465;0.5841850471582357;0.8657624745215542
0.4211043420019783;0.14079573755661556;0.4193776377692928
0.14779430903883484;0.8515335661056059;0.15151795937160983
0.47176435583751186;0.2098044434838725;0.814911475650542
0.6097622759840778;0.34627875493086135;0.13152029719575864
0.7334626568182248;0.29895300630854615;0.6897491801132046
0.07032080638394522;0.17512928196478295;0.022008548126823402
0.28639533477271273;0.7841791638504968;0.4191246668127575
0.8305555937998572;0.38326214454294505;0.6520120079850407
0.5013827762880799;0.33979137880853794;0.8216669392140017
0.7064766161019296;0.868371406247907;0.16979305916542964
0.3958030878223371;0.04582128368720817;0.0032088456247938435
0.8435039397982556;0.29844925935300126;0.6454023166535218
0.17037169137612806;0.5424995338444233;0.4099616903197987
0.4750885040279388;0.8460743670250308;0.06411627833909361
0.14480582024034605;0.28980592247740766;0.9521296383617159
0.9535510671879186;0.9340816819275218;0.8647714210450059
0.05547991923526818;0.6709987757009013;0.7782610276981807
0.5184176890591138;0.3093426724418322;0.9626035377962122
0.7988603578844455;0.6423845903341812;0.37417119203034777
0.6335818425874999;0.9419350977190702;0.9326140640951833
0.23996011181498955;0.31331927073974153;0.13111267064142684
0.6698645372773633;0.5021995133409545;0.3718078568494452
0.7850896559895487;0.5605864836187272;0.44000179680893925
0.49935185135052496;0.2077602125375021;0.41844036247579475
0.12399758584498921;0.7884230399531608;0.8162274513627766
0.43410242523706744;0.07834301157210966;0.20248160238798474
0.9061730047449473;0.669624391073432;0.5044024564197366
0.27715384459263825;0.9510707018437411;0.5158590146068597
0.8153537282029814;0.7669138364588689;0.8214639069747047
0.22955402049064177;0.8442603451003445;0.3269373326356282
0.882902608492537;0.5855264802972362;0.16094908622050963
0.8834880553722723;0.4838651540882314;0.36639126891665363
0.2921639640392161;0.22786784395332726;0.35795669519949047
0.880151157194054;0.7642483079883614;0.395837362289294
0.3993890205477444;0.07858369842354007;0.010814914279660193
0.27027957230231325;0.07532361320533276;0.35871395165142117
0.6727811544709753;0.283866445023364;0.0007988849481754823
0.03309313839161232;0.6290460156352339;0.18408248188160725
0.8943270332396613;0.7188460270271534;0.9250429101761911
0.2873239784650681;0.782003830631895;0.1836745559316042
0.6341931327336757;0.75060496942394;0.8480094854599717
0.4422066854525415;0.6737583889624833;0.4904532522685966
0.022081886967571407;0.20134518572195415;0.6609320400241738
0.48640915868597;0.8025598771702032;0.7063237436222409
0.4601293345292329;0.11301748602190331;0.17331131626063578
0.8997745876595185;0.8375430177763383;0.5016494651565643
0.9779636590372707;0.4150427698906838;0.03332445356393876
0.8464145044528609;0.3138445483086185;0.03187700924514314
0.7404956415232969;0.18372210697696567;0.05850831846064086
0.809128394985935;0.6990485437788758;0.7308902851214575
0.46103090314019557;0.8728275260792738;0.18082002222180105
0.2832328669066122;0.885371143892107;0.9605151448173018
0.7780400944134649;0.8037261950188952;0.6537308058349012
0.7977747072558586;0.674657324820558;0.561437848033782
0.5336230541832442;0.774448332330182;0.19822441275159342
0.6083701112460816;0.5837430228036851;0.7018665179035709
0.34628904923371884;0.31055933824381055;0.8024647887766754
0.9960405472868141;0.9166135738854426;0.4372388057226325
0.5295261205931866;0.4791063040702227;0.9094281417247104
0.6052999361831736;0.09340543412422209;0.8952795668437424
0.90235760724083;0.753586739316645;0.5224399316146757
0.6583139850900245;0.23111892186687455;0.1506480035277208
0.3778034362754217;0.9473346330747805;0.6516602174099068
0.38058108987537986;0.8684750042095876;0.04314884738568692
0.6622448971949912;0.6106905513363131;0.21857612525124182
0.2226882553596209;0.48759548414108456;0.23037303848598611
0.2614980249402967;0.338425148293514;0.2666114490910563
0.9912510528427317;0.9379626849561163;0.47673974105646655
0.33177394544225924;0.20811156094218008;0.7465475021777018
0.6926425127433832;0.9539634811259811;0.7173399125535007
0.12263123457074365;0.5109828208493877;0.698269268387926
0.4887511958910845;0.9263668645613715;0.6306595509156475
0.026209014917130347;0.25440601965294307;0.23436252153994608
0.6051530625909435;0.894321412974939;0.6963395160438605
0.6681720899703557;0.31177894070913204;0.6194416084298697
0.16526975175631664;0.7944256431418151;0.18418970642023347
0.6002237973241406;0.3322488955326137;0.9611142436268403
0.20082354326733542;0.2577858926115797;0.5230819353764669
0.6480152358242615;0.6751405404886429;0.8256266723214485
0.42359100427219576;0.42715733330416084;0.7025717536745122
0.0736178197048557;0.7629934748243766;0.4380766238073578
0.7940463849252124;0.377034592798825;0.8530635348509815
0.09487371285939483;0.09127698614631607;0.9397788222192089
0.020700581579018107;0.4301918593797458;0.2737882698179108
0.36903137923991236;0.8525297446525066;0.3063826345084819
0.07709152083336879;0.3162181584600159;0.6177817914849447
0.627879363581367;0.7300147834585422;0.7222183897456163
0.5371397811262828;0.9761516394197607;0.38674448179264753
0.21605736763713557;0.6070110792837878;0.5976806104100257
0.5073676489249159;0.39912516194067305;0.41076408245666984
0.7948729720364546;0.5947018290928462;0.08864977725415946
0.964349063685166;0.7842397167736397;0.6023767025267907
0.12044577705753479;0.8993863770138252;0.8640710593832305
0.5661048336759412;0.5840268683019371;0.901541999493465
0.04731670898724838;0.28330631586916755;0.7558305474079012
0.4813208796273142;0.8609491327227788;0.9618058729807609
0.8235485460745875;0.05616128200681747;0.14794929105781662
0.604956762692655;0.3547825216402615;0.08114674079821405
0.5675774733419969;0.9543661943086857;0.6799334504579627
0.5915578389748051;0.7059106807813745;0.18921310656031776
0.2754791725886091;0.9120373778374147;0.5248612685438051
0.12007602478107471;0.05788981960316775;0.43624352317691606
0.26924686328278724;0.8482334210951495;0.848591785734475
0.868160570337959;0.05651424665442972;0.4782038476003192
0.6100093684251465;0.7193102075495937;0.27230923163112286
0.560707724544425;0.7560260919161238;0.7237098063552551
0.993670748327378;0.7590680484179549;0.6768480473783026
0.3829950822648329;0.9839418154643977;0.640543318277913
0.041353486000490935;0.47657042074212486;0.6155529057070968
0.23307833748502238;0.2622748826807587;0.13398389348911321
0.048863848002915544;0.00249607819633213;0.45724283254199494
0.39311798567314615;0.9548678689478458;0.8006184441258359
0.2526180328562516;0.08520102603056756;0.10119052890221047
0.3648017597526979;0.9752501783770994;0.470133457207105
0.6366622905533719;0.34788807562209234;0.3937435683881322
0.894211384173121;0.7753643240179454;0.6703735544423133
0.12968446380932575;0.2720685007462432;0.7094006237083759
0.5426459578242439;0.07654658965322514;0.0815191538002733
0.2558213393041293;0.4408144977088019;0.13688469862813069
0.8148473034916448;0.4051214022713433;0.958774830329637
0.3932236165625149;0.1792617648376783;0.49563793202079887
0.5211447377797632;0.49572306083659823;0.2640159516601376
0.20521944188909524;0.42928371092063555;0.09285321588186812
0.6956499389607419;0.654832189655398;0.8257913024684941
0.654874142299302;0.6177444862515358;0.9509043885718442
0.6102217636369801;0.946079618805198;0.10363027218053456
0.9914729744657371;0.1344581890509685;0.4099450118347685
0.2960837092019726;0.938998428631681;0.3719492936150208
0.4681793070317225;0.7999264691059152;0.49975359562500754
0.6240691543552908;0.07329175553251654;0.23607833558327596
0.526014028597632;0.15791655140224536;0.48188034316899764
0.2958066978384666;0.9835665999225255;0.5432163447522986
0.32395850808608284;0.7643575214453046;0.5841295313845853
0.7926707221535773;0.17397845878634743;0.9323476486012793
0.7320071883967025;0.7061123481470899;0.45168672952583955
0.9945886122720256;0.49362594624232514;0.5114848586213034
0.7853169093038356;0.41942446482759044;0.7563321034019029
0.5341298371090062;0.9951909044471077;0.9000418490254687
0.5982453559265964;0.10554266467010498;0.04310877024060522
0.5206517929809852;0.8650515961793847;0.07745588409537496
0.9871245439309903;0.045722495157427434;0.4385405427415817
0.0027695760461221575;0.24168296079466323;0.2258546291711604
0.4698035724567181;0.47204721257768;0.7966737910102955
0.39848130689027705;0.7616387926702235;0.08904604705836439
0.06652626633296232;0.8035641573746303;0.48570519008641977
0.7858729700699608;0.6798424787900533;0.6738897581303909
0.20951194957448516;0.4445966823056001;0.13246127782174444
0.5456139731945097;0.10773060062702855;0.09144573049614957
0.8915973571281915;0.7992499504436882;0.8449621730505911
0.5215543768756391;0.4577181413334426;0.5625545674041612
0.9749871571859162;0.4907727802918749;0.3813304125906162
0.3942117484078407;0.682286325224317;0.4108444280637812
0.9470093419583964;0.7591818567225219;0.14812150572541505
0.7035756797276638;0.8437644603838559;0.445130949377905
0.49251077092738604;0.6930277972971904;0.7821506553443829
0.49835513853466995;0.015039436226838898;0.4510070921174897
0.005699036822471859;0.6359111617222019;0.010883297272264114
0.3183936121944293;0.8187068224681442;0.4945825305193119
0.01920495402835798;0.2551996754211854;0.11722636746529858
0.08057375930345045;0.16499584570901482;0.07260879127724373
0.08015856159055612;0.8969011590372694;0.3160981110758494
0.6619256587789636;0.44980711725402645;0.10663478568334617
0.1920569036602262;0.6437042483740497;0.7830447145307389
0.26822759089533244;0.9346092350459981;0.18944755809331615
0.6347469308163047;0.7447822074380476;0.12982576735329743
0.5384639348339322;0.25290047695764817;0.16854183046414795
0.16738272205705207;0.4605075831764408;0.36514532577887493
0.021253944226996002;0.656800158417493;0.6977666972066102
0.9567634408033353;0.7566790238802622;0.9526657572444054
0.5681412187942805;0.273886646259488;0.7376191853242325
0.1872935174670064;0.35626720117524946;0.800759514267068
0.24679934517668745;0.6746212116709139;0.21553255012994765
0.41272709579481925;0.9512359706576494;0.1435468413976002
0.9401209605765726;0.5016115287684253;0.11656932668366038
0.9939146773232156;0.7446828982906478;0.35115711554059015
0.05064041676638453;0.24387983572680239;0.43229118115325793
0.6589952722293484;0.6916857751467043;0.4014535276405301
0.9561585025066809;0.3669789072468278;0.5626986249579957
0.4335886118481581;0.6724774894888711;0.4492507492657334
0.6247997754734647;0.2395942184776373;0.7113158819269065
0.592104904515414;0.8400043855413128;0.09418540639059747
0.029698294526101066;0.8170711508555056;0.2396036596477189
0.2613030743739533;0.366184825895586;0.939693583697041
0.03570126406312568;0.9754556601907092;0.23099758671824344
0.5331156841558728;0.5320118289178988;0.4873241826686938
0.46531935497414945;0.07401785832629382;0.8445208326746175
0.9288941284614297;0.6322441067480019;0.3405454639318477
0.22321345676000492;0.8116951417736723;0.08972860705915964
0.13254669233498917;0.090399167164533;0.05031507827590087
0.275253224622626;0.9069847178268245;0.9544140682672928
0.23496641172060373;0.7160089330270101;0.7263164731330936
0.2718898015037081;0.2570510164178579;0.5070398810680723
0.7068005241599997;0.5544099970474207;0.9176786610536843
0.7205221869140824;0.9365124019936321;0.11289257356742677
0.8278318784289904;0.734789824935694;0.31055588712553917
0.15370452273798518;0.9413966087718436;0.2033264417892674
0.3373883667304831;0.6378006458692299;0.9270060869553143
0.0034617071197398097;0.14647093935938915;0.3109406363824643
0.11940879171441421;0.01688303475579178;0.913739632232912
0.927238124277101;0.7373223073572684;0.7185987220904082
0.8162223378460253;0.8398735262966979;0.9532165327814853
0.18683455229507318;0.7421561350309852;0.4570482386723158
0.8761224547844885;0.8021317160413349;0.9082572607420815
0.4093028253819655;0.6750277516777133;0.08246504609947725
0.47130855925425497;0.24225011083931014;0.091686066051763
0.614384212511995;0.06965943945474617;0.6072599260711944
0.14446809840785402;0.4948831890322928;0.4904933758799226
0.8408058725272276;0.2880359561141762;0.9393196267534475
0.19802648326003458;0.6001597949833415;0.07571607159083127
0.658835423785709;0.3098696678275654;0.15911972217331605
0.4438223473323666;0.5324758637321542;0.1233699279078434
0.5275592315667093;0.12945952668891314;0.49010278047616884
0.6766449495222436;0.9527471656423909;0.8564035428715896
0.6097989468270466;0.01438963774112223;0.7496809403214844
0.10171048474558542;0.19064850275215073;0.624457123408022
0.2162397363303219;0.8681272514900141;0.3391106679636342
0.6543067277125627;0.16830065869982347;0.12648997646031557
0.38384346488099175;0.9618587121559153;0.9881311821634401
0.327197513166239;0.49690216325075665;0.12393401952626448
0.8083229091663385;0.5891495570741927;0.32158315620191924
0.11264069020071299;0.6463481091138032;0.23072193100394867
0.04447339681199336;0.7257069671616119;0.8412444904778562
0.2074077774391716;0.7491972347428637;0.1885200150401759
0.1928381431650663;0.2677702442252844;0.35810051195222936
0.7970561526077001;0.010243383566878816;0.3553954026014432
0.5805967859806813;0.3231268656759091;0.8901570165982516
0.39419729573393714;0.5397230417917955;0.03428371010756459
0.9143942532864126;0.20465016155522198;0.7868633872383656
0.95994970335523;0.4682600138023888;0.9701174567748438
0.9234420840058474;0.4046808725847827;0.07970218184470079
0.3460977129760616;0.6415786015139738;0.9413410431488073
0.3046517507326485;0.33598878974540236;0.4515645882965367
0.9275974623752943;0.7168771405324712;0.9240469389018797
0.09398874447997596;0.575022610322095;0.5661752659839061
0.2105202501225404;0.5241715185067298;0.05506904228572862
0.34767041025714496;0.7389607378504877;0.5427807724062865
0.3908989953504751;0.1799552465609897;0.15604535018598442
0.39281992875302196;0.944637660465799;0.28870093600442814
0.9071893968014134;0.5936260828529699;0.44959002715870866
0.6780768739089484;0.7098106812220348;0.14932246457972498
0.2778519984899719;0.2207230158655341;0.04007459133720215
0.08233110934435428;0.4601080255060416;0.20594917963641568
0.3739181180438528;0.36120996703591857;0.414179019712135
0.021875715944841834;0.42906195347112364;0.14291091306528614
0.3342936785633448;0.631094293973012;0.37792197549124507
0.5146830552824886;0.07552270066750777;0.4367194595475493
0.8792288337080127;0.13960794674078436;0.1332576544322951
0.5733937353300866;0.65611073493169;0.5860034643801496
0.7032595127050613;0.436717796939905;0.6423992899762422
0.44412904588624325;0.5268027690613156;0.2859742099339968
0.6760834866256259;0.8513589137913417;0.4442993517269421
0.11237523842912711;0.1402568530370415;0.8407729574316366
0.15023051267594356;0.38997860945845786;0.2626399855201472
0.22356868206378255;0.547653976745377;0.9805629386432835
0.8010389783436326;0.41355484625727357;0.36801076253377496
0.9773556249136175;0.7693336639583586;0.7082173870823448
0.43571328633568085;0.9316350525273336;0.44176521786103196
0.13079634851645927;0.8010051954684556;0.9249939626128504
0.9561162433992154;0.5100179045125478;0.7136365865722224
0.018359161644586952;0.06554352102157324;0.7357630688152006
0.13009836165771027;0.3699264085157805;0.4574254186237572
0.09414096455278942;0.5566305811739847;0.6542615502754147
0.9662650891501908;0.0494631704035432;0.03183093065185316
0.09678163387979155;0.9128984254275616;0.5279613198680896
0.1586128024468354;0.8028692347443168;0.64074695326272
0.3024637732438541;0.1523614175847514;0.046585771533504405
0.6498664268316138;0.9725031494612727;0.2752216352483129
0.2900321807148085;0.15071824568072656;0.4980264986428794
0.9894334467211772;0.730546212602495;0.3915141075651184
0.4050954044497733;0.4218128962280242;0.7916209494439073
0.04262362587239776;0.6440799052716052;0.7023162265932418
0.4016719494734944;0.5500599288290458;0.9929619410364645
0.5856342463527479;0.6435508285647672;0.09674953269646402
0.48807264971535924;0.7419254210001622;0.2667257601779103
0.7687991258234053;0.6987057482252733;0.22825098196572624
0.3327374937673613;0.1575017601432669;0.11431625111627342
0.6298298917616506;0.39007823285934684;0.2605245820859061
0.8210769039009301;0.28379419872045886;0.6814183182286565
0.904932414005358;0.9998472893290923;0.819451493481125
0.20384942929691652;0.35301340996669794;0.7739053319703478
0.21234396003601697;0.010882046999979189;0.8222085321681286
0.47893821338637;0.5474615761148101;0.5928680917951766
0.3237691800971437;0.9019310913350498;0.23774626167478563
0.03940855481067862;0.10092490614179783;0.4790626787584926
0.9618536057309655;0.6573935322170111;0.5994181470024799
0.9044068629533075;0.015330048651395978;0.05347948709034822
0.856488961536715;0.22500078552892444;0.35702374059290853
0.8368300956441515;0.8231075644111081;0.5604007672596003
0.9594885845731151;0.42255908033359635;0.09555576200829008
0.8595066589097228;0.2591040357960305;0.288761949627387
0.9319648933867136;0.4302105880126421;0.8551625206624163
0.7305660187795546;0.24991229774189716;0.7377247144250526
0.06947035671273838;0.7424812330028934;0.7849456986355138
0.7823776741891867;0.48237843765025046;0.8783797847422592
0.9878595142969224;0.8134318620453127;0.5519827076273442
0.34605371590172274;0.06847652146442174;0.251246031847308
0.9810682659811037;0.10298537066499303;0.954434175175505
0.9645754184845551;0.22924867913598757;0.33723480160363806
0.5803255631202304;0.9360050228297858;0.7987990050141904
0.7947121001358246;0.44956095240242;0.7034716722158232
0.9872617525719836;0.6529571038213445;0.02848536437984861
0.3284953511100267;0.70202309411708;0.924676459555232
0.9677728706488525;0.3269476403081525;0.0843007590743261
0.26386121465549517;0.17670654293394672;0.21031897895733187
0.6965544153368023;0.2817794158012453;0.14974985936049157
0.08054958419150027;0.02784820987162462;0.1165265990118669
0.874492387938373;0.7672711454306755;0.475905865589187
0.6667421220965835;0.3906546684750678;0.008861930654468275
0.27524002999461994;0.32465191005280325;0.8982706935291455
0.649781554985178;0.9434990439057754;0.13138450190245776
0.8106116943422073;0.6354206001259461;0.04404896806875103
0.14645517202186664;0.31572937198923823;0.4433260801179816
0.027327329579603377;0.34629146072397887;0.4629128662334302
0.9545204075757993;0.21345670856450294;0.6681191132072379
0.20108428575850767;0.3385081570503139;0.8880776259618365
0.20853780435421676;0.8089890903821194;0.24457329805072592
0.8428318401371051;0.976793038772789;0.26877592936736994
0.42958676435822984;0.8755657662196847;0.28690835663919456
0.5757880638189335;0.20916042216926534;0.28255330175131343
0.6883298368263604;0.03959717510762917;0.43214399235077683
0.6096322958193487;0.7729439587759993;0.47980282520024653
0.23376630891276073;0.7201132306374348;0.9076758551794032
0.020291911944129604;0.35628447754814796;0.3676802701117231
0.05089061496563152;0.44035837086217666;0.8915988727369518
0.8566744670100531;0.143232964505415;0.7187332593869872
0.3909230256937042;0.6402473302556363;0.8970024859956253
0.9986901801116077;0.3689001620642257;0.7531793979977648
0.749262557582824;0.9560653070352643;0.11451806553560795
0.5594641883370289;0.8293293124045514;0.08797775162571753
0.0612353662026035;0.8029308006581691;0.3396112766682601
0.7853146303002518;0.12601012499182318;0.5882335503317293
0.45460391753612206;0.8080441015643779;0.5486214253567274
0.6726570784975505;0.590448517921769;0.6884334475988358
0.018762090292119837;0.9239813311387918;0.6211487166158738
0.25692000905786216;0.2124228170749618;0.47278470462321154
0.806671863373022;0.5521771428597068;0.6322964916705455
0.23275528093975117;0.9822962813324012;0.48226836397441697
0.7760402129196147;0.8056575719590664;0.2614772515746012
0.8301763944736338;0.5767520548813198;0.534277965520405
0.7887494735983291;0.1571709354688834;0.2677418188316767
0.3722277653504843;0.5190509222522314;0.9457836382524378
0.513509958396925;0.24555636271849013;0.8170603214456859
0.8487222985160504;0.8305691308440669;0.780524205383091
0.8700262761091383;0.5050458739592069;0.33392057594179303
0.5603027715136539;0.22237707232409187;0.5232295793223568
0.587821957811909;0.6910384390546823;0.39741984964648824
0.23277861377577758;0.9499116749872165;0.01072606601030468
0.9562250719734121;0.8223814492763173;0.5805151384581753
0.3462566284995052;0.2367253467934326;0.3626694871306674
0.1505027849190136;0.11186706963734483;0.42612294474784973
0.19977570561345692;0.9326842777048562;0.5318159197938415
0.07476761463359394;0.8763673723828607;0.9656486271183451
0.4694355659155819;0.18210894109824138;0.014481129193621434
0.39210468445734914;0.020424653221563616;0.3049227173930471
0.29171779370148176;0.8590946994509715;0.8582386776066849
0.3520217116600497;0.04220571203387291;0.11452289944852867
0.21297460359142606;0.2502741282442049;0.31707158544492
0.3710301256040036;0.4609624522799939;0.46032201485657487
0.5606755911328335;0.44032327272237604;0.8886458851869969
0.06029033274273876;0.7254662572972569;0.08257662943246113
0.46662897151441374;0.899409595013893;0.1503520851982677
0.8403889528201444;0.29121819712361097;0.40452794322114205
0.839207223299851;0.3153482142127243;0.7283814996477622
0.048467919961789674;0.0013407721524603122;0.09996240984819604
0.6377090958051898;0.7588002486804317;0.5131408059669688
0.14110956986732992;0.29626279917134335;0.5836055807883382
0.0019136236915500149;0.4421767956101147;0.45751549918036594
0.7153307642123724;0.6585813081114803;0.5769033568645618
0.8681763403244711;0.9415102976970522;0.5216293706133208
0.07954498641606178;0.9584879443221456;0.6208988779498666
0.7042528390863921;0.39597641163650044;0.6140432424190579
0.1420189124935357;0.12289182109459529;0.7289723353498858
0.9811456069723232;0.8425109903239504;0.9696009852552566
0.5045837251285072;0.05415208553945061;0.23908056602237504
0.4800878392452498;0.3533812881234837;0.8593666434842808
0.364215278953979;0.13392159744479537;0.6177208190830535
0.0006657601072396213;0.9413726577038822;0.1603456447645395
0.6597943749648085;0.11627684955934792;0.9870895881342792
0.5863221296744044;0.6569363036978032;0.8009875803777433
0.46484118039832567;0.22792310440620445;0.49342899910520455
0.6101840660440829;0.2836092422100004;0.07769141897689813
0.7869280856481514;0.22653544863386443;0.8885453404971743
0.5844088716241566;0.12649449380970568;0.6355736818469349
0.8598814893989952;0.4492070233262184;0.8296948486751207
0.14165462700200848;0.48434186694542747;0.38057781515790023
0.04958446149996032;0.852966995459951;0.22845407838285015
0.11253435791353406;0.6618946857579346;0.35068720744238246
0.21972096227426496;0.0869284824385066;0.30533144060523
0.583477529409204;0.18912194102323587;0.9243913483688295
0.2414854685569484;0.3312836097750591;0.36427260162876174
0.9969766971485434;0.24400502790625622;0.01918874483319133
0.4902460215109321;0.45300193404294675;0.42664577393446923
0.26930684246925396;0.5106432205993522;0.12589589163942494
0.2696037446505023;0.963067926440985;0.8097319294592535
0.5558548872737676;0.26227748116177074;0.6683138588247852
0.3143326586336833;0.7165948969476372;0.34915977094572814
0.8488218745507238;0.8612850539063773;0.0040696490958292975
0.7136401675859334;0.9752379137576563;0.3154398550700023
0.1937926524597342;0.5083329415993134;0.9632099262785542
0.027336210607593947;0.5212982951094076;0.8441266125081675
0.36863393467132033;0.13729332285439744;0.6261479592704715
0.6236947449142506;0.4169148371298095;0.5566639909813877
0.728542775365207;0.6089732457111418;0.8514437972527328
0.7873527710808698;0.13949734283381354;0.05798718757480281
0.5102276144134473;0.7788066423581824;0.8757556097639336
0.17283525754082874;0.1277489540293939;0.8807004076690295
0.2439905699948075;0.6692024594578561;0.5634426707570142
0.8067730757705007;0.520381270155795;0.5874632688929486
0.0491581822761723;0.3059419327143864;0.06680018336362425
0.6059449560884118;0.776589665400088;0.7263150404155657
0.14356147963109533;0.8640233294444054;0.9306456099902255
0.007200369540686036;0.8156774602596453;0.277819096187611
0.08687916345826752;0.9542119542826428;0.06939675339004947
0.13244627602723946;0.06021057350666292;0.7228061050663607
0.7001058268970789;0.9443444502672319;0.3727385998595578
0.967454011238928;0.20212903919143843;0.911972604679372
0.3542770265754138;0.1443797035000104;0.8996107035649965
0.18592728134960002;0.682179642904362;0.02637072593526657
0.5788441710435458;0.9116268298305452;0.9281504872669254
0.15832260154529454;0.4391369300076774;0.1169323271925351
0.8995789437219652;0.16309649996937603;0.6208041407336813
0.21600019532568537;0.01630095339897597;0.08702522198345519
0.591730511033328;0.09446261408281553;0.47038807557347717
0.540468893929446;0.21974440092816216;0.7793020924223104
0.4985845979687058;0.8107405637981739;0.40563876425629264
0.5570291960603924;0.2580870612502044;0.5112418761933835
0.5539555879051602;0.6094146721034214;0.7488418744657122
0.4006853050142106;0.49958065487800385;0.3716340681216219
0.14491493885975681;0.6939591990600286;0.4305842495356823
0.795781038092952;0.18880132337677902;0.058485698759822236
0.7849955312429518;0.0027358242235984154;0.6367128021617972
0.9830686803557631;0.5781699192862504;0.9179169289493369
0.9384211090128831;0.7687867252306805;0.5486641698287275
0.2825692590587824;0.8165414293242518;0.20376336556625285
0.4942492250734979;0.11676416754593211;0.5870887423989346
0.10756929675294769;0.33068551077994546;0.9339299946163667
0.9877562503452951;0.3862662688013273;0.930252253836401
0.3849496128155201;0.7980964955579388;0.008649325668097507
0.35005824729635016;0.6996933085205757;0.10175477167117652
0.8255489813311016;0.5993027288746302;0.6689782431846637
0.8188195968664632;0.050233015070022646;0.10131696153452252
0.26477938994903805;0.45075146734711724;0.4609646831789772
0.8487556082190297;0.3447599001953535;0.19969134076715145
0.9790409640220108;0.7991529991055886;0.19791812737376757
0.5441890731620316;0.5376269136090114;0.5817735211769959
0.8843474306661022;0.8002758043174053;0.7767078518668239
0.485391138404316;0.2748955593788146;0.08796432565165402
0.006238026038950961;0.6613053638522863;0.10402990924616184
0.7092707480893946;0.48321452729509207;0.7958964909120763
0.6860562364626394;0.19225986037725795;0.9257909501421027
0.04476093362281808;0.8186434743161906;0.6737627648896882
0.7207198672597747;0.7056700984695994;0.26279671907059354
0.09755688150598107;0.4562406676113029;0.45505901764381806
0.32708927395595067;0.8745669165383139;0.5359759305063472
0.40917266478309267;0.8064431807868429;0.1186978971537399
0.887018940742142;0.31225665429363714;0.47483843349436794
0.45827003467910676;0.02469299786611434;0.6652164222750904
0.3015443142107478;0.4230916044481622;0.9605662384039915
0.2604562557657051;0.2363121391050813;0.6429270543438662
0.7746374315775805;0.6781810678933108;0.6734455257553873
0.5795137361668609;0.3664820599299524;0.6913389824841975
0.3520505396295749;0.843610691174998;0.441683014929242
0.1818151820591567;0.22707835935951315;0.2203986545918113
0.36701517314386145;0.7106435454237988;0.2924056975071555
0.3575474378604455;0.8451437671438199;0.6346195093347914
0.3366468843371374;0.4479850526759428;0.13309851722972388
0.6013529929711352;0.011530241136617936;0.15456559502138356
0.19557382175233673;0.8083021612208477;0.4789049055398892
0.06923533924368175;0.18765014174689099;0.12996669062371025
0.6780868767310948;0.5604964233470482;0.6077016876475579
0.5570085450713749;0.21264178565921754;0.9922578005542905
0.4316265678227834;0.07841237606522855;0.023028895945616523
0.21535008597645;0.9619055323141946;0.9755874279263939
0.16339252197548815;0.6218696354386356;0.16491703862919704
0.10987494972631373;0.07157355654766184;0.27572961085544667
0.08214766221561776;0.5007948248567162;0.23119262721888456
0.5131271081747896;0.72040919503239;0.21961727592361946
0.2876251311676614;0.8376719973914851;0.833486514380407
0.029892430192416497;0.39547942089452637;0.4669632410898752
0.019334963296548047;0.8367912950031529;0.3344634819614527
0.54915482842954;0.838164631296616;0.9717151713103459
0.09896111240466676;0.18183369859204912;0.34141403762325084
0.6021392179686154;0.5619575317084541;0.6162471812908485
0.08014795176974143;0.3494792587515284;0.3211826095494005
0.7151609410438409;0.3939957962732854;0.6974278932010708
0.36369342272887994;0.267267603283903;0.1765034492572286
0.9524091783588678;0.14071445892631007;0.7565010324166116
0.6472608181635487;0.4426703334388782;0.9494525233274557
0.12434161615810468;0.8499073199122361;0.8038891667150869
0.05422800291232455;0.15358582458168735;0.9107440839245722
0.5395955380906745;0.6717003540949924;0.21150688450405675
0.8604751855637005;0.6264136203077125;0.48250483850373493
0.22102671595830015;0.5326991505073299;0.6645864050797894
0.050954735027376796;0.9773738014504031;0.6789948215833712
0.0884534500325942;0.3336411012558812;0.8269901733685107
0.8130210495363335;0.022247904280733977;0.315703949695056
0.35830857281806106;0.33134028940176996;0.07767405114263715
0.7793432808609772;0.47747097704591446;0.22052188055435995
0.5098510933237245;0.16966984197181811;0.6685280855165122
0.469042511078374;0.356578839089553;0.6356007403754633
0.8700670528666413;0.17637535801670257;0.6924561683348321
0.4552866192145403;0.07852614798234103;0.49631785454581234
0.43323407907506106;0.12563851751640498;0.44321056457937424
0.5652481732806506;0.7256469531728497;0.5763023075939921
0.3258236530622397;0.13519508513167167;0.46713533639556715
0.8031299802362061;0.029490955058227075;0.6447485185372075
0.45364163830087156;0.24368197568362038;0.27468940914020434
0.46754975510850905;0.3721013011599552;0.3155924855325286
0.944761727394328;0.7240086187268674;0.979428709007622
0.8473390678914724;0.05967186002328262;0.3621010468016811
0.9530875622825786;0.9809200672287657;0.0009713040433581011
0.5067301603825995;0.5033123945344948;0.8310205146991534
0.977432480792832;0.7976729531491763;0.5365117166990434
0.000492031835833795;0.7364467042271762;0.9978631866481984
0.19751485254065393;0.5880013542623869;0.10985856463740229
0.1533568312150445;0.46425513807771;0.40503039193455825
0.22404557770650735;0.7500624933628772;0.9767398952184742
0.06916621052025207;0.33242176916946753;0.9126714159464511
0.9325928471705832;0.8357345568916559;0.6790542450281402
0.7929366886738959;0.38082358522102866;0.5852894389877553
0.9514705186340217;0.9555323645600843;0.33579548554106864
0.4722415730142556;0.11374296679277851;0.09237321410675292
0.3575488468481992;0.0925873996251233;0.8834463048247015
0.9907564456893491;0.19491428566070068;0.6569235081102631
0.5700836607793477;0.9217123445393711;0.4916499348095209
0.31310853859489807;0.6671646621608068;0.4075371350431326
0.9585254534557026;0.8026077708490293;0.32228385364298784
0.003611093747818872;0.04220981615739028;0.3296401401557263
0.15397415505400625;0.6436121395982718;0.7007771853225625
0.8059634565393615;0.24325224631301712;0.660642217140958
0.41586302136459063;0.12841410009998988;0.8642833019216523
0.014028185910895052;0.4344200752147839;0.932163663119414
0.6427803563603436;0.007526867972332929;0.5543366150914113
0.7140582747735603;0.09574720226934419;0.34444449140366673
0.10433427944159834;0.6208392441414765;0.6051002813932941
0.5518788523818119;0.8071651844349591;0.5615541034318379
0.18297541981844012;0.8187482345339004;0.6146672701852794
0.007603385603170976;0.04544510166711524;0.41116615996264627
0.6659315655693774;0.8880221350745843;0.6721109076930536
0.43238760564858825;0.40818521857482015;0.325845784123604
0.670181210505033;0.6083743862239975;0.6586137966004566
0.4526236295395337;0.3250847542628251;0.9798769322018721
0.08165316894516994;0.8218447666124686;0.42678794193429836
0.1498420697417029;0.7286223878143265;0.5487995944410594
0.7059522435844678;0.7457497764171604;0.36806490105740175
0.5241395838130287;0.8647432983219863;0.4228055368428142
0.906543874297744;0.03539906982879526;0.9842446775484757
0.8316713377644783;0.23189658199161534;0.6964198656397708
0.24681391187260693;0.7711932997340961;0.7328817119018979
0.48686625979016873;0.24313202236895193;0.15557367867105765
0.26596029065219806;0.7693216286075139;0.5162593707993256
0.7422360726347493;0.23788599203930239;0.8726778437081452
0.7450152942717831;0.30494823929781134;0.7801801679704746
0.22347891433697198;0.4867236869802273;0.2188304427156631
0.8587925927848179;0.8975905705105722;0.13638122093383342
0.2452148626431574;0.12305156962487873;0.9596360404820031
0.23027539502422445;0.2907690647288944;0.8740606376630344
0.18266135333419153;0.42734860917735606;0.30902522997763116
0.7160742760689307;0.6636955936656532;0.08702286780784818
0.9126043635920156;0.2809862924359168;0.7425418254487365
0.23275169100328896;0.861221058614003;0.2709297365720982
0.6899637309674088;0.6332731862906934;0.48496931469529336
0.47538710090416536;0.8573595503962838;0.8491858269915717
0.4680276737503548;0.9998934362018925;0.26254919064725446
0.2904105491650305;0.42299647445456967;0.8753877552449006
0.7333215217079619;0.175050197385766;0.2936173085951196
0.6793448193824403;0.8129227624997961;0.0508371502207452
0.5235958701164148;0.3600366991444155;0.703021429461844
0.1908642142974959;0.02211735810075599;0.15072845048125116
0.5970305841242437;0.7941095601211262;0.2981291155357474
0.3393848155044644;0.7761058962394504;0.4720650465517313
0.7301146048659622;0.6779602193700085;0.8367895576485402
0.9623937845802129;0.18099116037818352;0.19226110369134575
0.883317117270628;0.8408267047909509;0.1137222870973762
0.05267256880799065;0.6824429310614236;0.9462567599448922
0.6431512844165789;0.30928746057440526;0.9410095762558072
0.9044754479416076;0.03259381389058269;0.1432710371288628
0.40147964923817314;0.5493354887780095;0.3253948022996068
0.041572226190434325;0.545131358032651;0.8781435955235047
0.9589235318793391;0.6777671943643435;0.030100591836236146
0.8870036132808421;0.5457490873732701;0.4472735600652191
0.4353921212380928;0.11290032906283731;0.6888081062102285
0.4452269309113587;0.8581123121389168;0.7009762126730157
0.6082248192866764;0.6359845310114198;0.5090945064762035
0.0677968609192231;0.08629809226237062;0.7788421532195674
0.46977937743313036;0.007223116624775039;0.3649253580535169
0.7441617243107062;0.9150802388825761;0.36122667056894653
0.4015303518567458;0.42065672668629417;0.2855980250732878
0.6057426199940457;0.5551071092255645;0.638844701659021
0.8016561970916467;0.62919010030442;0.3497115703240874
0.5332782365381207;0.6720299384166227;0.5845877248181103
0.46841349416887734;0.47469994063168586;0.9636563384526925
0.8644284429108575;0.12450639521357587;0.45542171401725173
0.6164123645271923;0.13060146575423193;0.665305764285218
0.020739982890736086;0.10084793016238425;0.42637123188425075
0.35937578397805303;0.613523198037053;0.43175529883407704
0.34132258387757763;0.7894002795250714;0.4582131970904022
0.8385105467489917;0.9284989723572639;0.3931188710699286
0.022607430120349714;0.724009581409917;0.39863432490848516
0.023435262657138578;0.5685653813553034;0.6172111669967463
0.13987115755339852;0.1665556788571122;0.1481561925402859
0.5114162200132238;0.9556977158011846;0.30759303329058296
0.634908511324897;0.39791293875905787;0.17570810590015884
0.5836757748832766;0.2855055673818392;0.3572329445628094
0.5994994072747291;0.4455335865839316;0.597287898215385
0.6185398725254894;0.1559677308275328;0.7690176177173407
0.5668643904396864;0.28503746054760815;0.17295373386697555
0.25751233599001744;0.5258657308880302;0.9841373374684743
0.2858199016582589;0.31350949216620994;0.8419040272349181
0.15999337728361462;0.3618493027517943;0.24569089878391992
0.7680382051465422;0.6618325692714049;0.40014876359242124
0.3204544956309521;0.04892546889049787;0.4690694694445098
0.44998042984932296;0.10995228490088726;0.8398752246552005
0.586023823437013;0.11502534996742864;0.17778023421201172
0.1250105266783058;0.5566904979423074;0.12766669351079707
0.7259606201766654;0.7840255175398629;0.5808003084075216
0.5128016603520524;0.9590242879253995;0.5649041673116083
0.5207645457162193;0.011144936101468716;0.8371849755418269
0.5289727998717476;0.7607442908632746;0.2887414292566237
0.6012148815575808;0.4597095681888528;0.2427409427345697
0.39223602610431396;0.947835234114705;0.8708219543000514
0.471088905623124;0.4288074880574869;0.01296187153799111
0.28942646007998696;0.9247898797958928;0.9118645455874399
0.7941559576844123;0.44822255000886546;0.4899642198902633
0.21509289772915863;0.0771048391098752;0.6796307825323932
0.5313348204483352;0.6970638538215129;0.16180631317295124
0.8277255524484575;0.3373483634671599;0.703206766515807
0.6010015579623517;0.6008159181486539;0.4903647265030626
0.5981573271505987;0.18134723528645746;0.340283869151514
0.7676626890939989;0.730090734845679;0.5796393185574301
0.4414745626043596;0.3138874564199752;0.41522455794227975
0.32233826380010333;0.7942536648720273;0.3865679360854274
0.3458357610265703;0.5048923324647495;0.32418753166045455
0.35121231827928656;0.3568556815716919;0.20197427119993805
0.5528047911946393;0.05879512366453277;0.1510481712883497
0.979143824263016;0.3675089917045077;0.41515056082240387
0.30534424968262674;0.8446878805662347;0.721556870011827
0.423760634526653;0.5242992026130759;0.5712969816145769
0.9552526652400178;0.54766947821322;0.2841288485532667
0.11127642077654376;0.2164727160236426;0.1789247919236555
0.9692474199025092;0.6564669668246897;0.6635129866448625
0.5676093526965514;0.8554122191944608;0.24246874017327436
0.5991842391610755;0.18703812534677167;0.9043443814018082
0.3457971653920787;0.2637841743115156;0.553085290446609
0.6089821160873188;0.838127550969298;0.7079994644857427
0.8023225142844688;0.6840614834758036;0.0059076055179838605
0.028134059576528814;0.6266444225920809;0.6887564232023609
0.5130305187761686;0.48806745658062956;0.35158969983073995
0.3494718044713083;0.42483356062146793;0.2736283928807888
0.9907335963525001;0.1748408361194873;0.5904633452656365
0.6261916498450054;0.6776053829431784;0.4923083590774394
0.7546923707223195;0.13017825474554678;0.03840635176087959
0.6106768879082795;0.15815726294374577;0.9264985138070956
0.6025886502218957;0.4207774530829398;0.25215634328641323
0.6002275392964523;0.009422759358902466;0.25331193740805835
0.6358093992926108;0.8266483034754524;0.4448651809356039
0.621209240727012;0.3582682020762522;0.9356140275563083
0.698356872325132;0.5966378096782825;0.4658192356708618
0.8274347462042912;0.6383412813234673;0.8367818906452671
0.27486775200122715;0.03222698371164978;0.143488624833775
0.7618655976188455;0.12308329729936218;0.6542144976871258
0.13696521178722398;0.5395847161521156;0.09714461404265518
0.4785920456334637;0.9934890653944158;0.2495358863306607
0.292364479820147;0.0425986522653774;0.05292135649181062
0.7430255985002701;0.7461803913377124;0.3001433631484979
0.8445048352498041;0.07737851037635934;0.7167926316115573
0.16783471710514375;0.3048683095297613;0.121556701457183
0.3124608871211443;0.8823830412167112;0.9475548390979173
0.25353347086632694;0.030417307100267466;0.9675654188599545
0.3325334493002492;0.3915142378513119;0.1821996708076593
0.5292890206049674;0.9518559187392994;0.4874944080462511
0.9639769184372747;0.9486617376289714;0.44496834002000996
0.9162780265742689;0.30200193605459236;0.7047264767881052
0.03977416932546496;0.9771343480560035;0.2816248660619054
0.45912020971281964;0.9161519879726022;0.9010192965729459
0.29668054720400383;0.8719783502461589;0.317936407775088
0.2284821729369111;0.5410791550602588;0.824988698953908
0.053466852703202616;0.7116175442412509;0.9881179200671546
0.5132961065325794;0.8143456386466085;0.23927245231999072
0.994901998215785;0.8965173346671658;0.5066647480584836
0.27579815195642976;0.5605213095188594;0.6613577472132994
0.25200144775641187;0.17663131319234748;0.5572419458287308
0.8069724990925431;0.1552043742978766;0.046165094727398936
0.5707663894983127;0.44377235161809736;0.19137078934636387
0.19332665726935594;0.5407675634211832;0.5546624550857897
0.5804594300654302;0.646787942368311;0.43847380337251474
0.6323661947973545;0.1955269874242178;0.565066641156986
0.46519944210207154;0.041323982710262275;0.5263178380649306
0.7743006150142955;0.7457904597698384;0.8375626147840236
0.24233530516411428;0.4671096608488079;0.49118537006325536
0.13909498414255694;0.04178016181497324;0.8984480402110037
0.7551101495308535;0.05802483453835472;0.7757112998474089
0.7280909372609515;0.7914613809353144;0.16809763147490664
0.8930382280433976;0.7884264120196058;0.7542191225556906
0.1355889888191505;0.22485351306422352;0.8071027457740263
0.953544811265927;0.9533267808562179;0.16532890636424857
0.42115819378376085;0.06154199311330222;0.9434108723343338
0.8795760079268435;0.21683974909253856;0.02797250949388841
0.15415256444300374;0.7090024909791397;0.8673790455522112
0.42953970229530947;0.5083381450789086;0.009472621264432268
0.9850310471591897;0.7983665696939595;0.7998865879020076
0.0540029936843579;0.6805225946113407;0.9848469380118586
0.13659029170397796;0.7749249054278156;0.5398013015426403
0.5943835611594931;0.6589214008903932;0.9407928240887804
0.26306355016474015;0.4918530398077834;0.7101669739098161
0.9005253265090298;0.6089434035762318;0.8761851154286734
0.13346418843486374;0.39999431952009945;0.2010086358732659
0.29962508917821384;0.04817408314837068;0.593897052698089
0.7448531135984536;0.31182957418215296;0.8366598693966906
0.08796172402436242;0.27452713491594183;0.19147303008059124
0.5074224838369157;0.7518538393462443;0.7566100237117267
0.4841153570650383;0.24034112312500633;0.389111792693969
0.8928527156146071;0.6913630314706513;0.7357795111417189
0.5204660306481864;0.49633757015560775;0.4436527073219798
0.7004528333186898;0.5497786883470324;0.8584769977773662
0.2971765839236822;0.10568552015800492;0.4237865813566335
0.33411645544015645;0.824593895294207;0.5358974389204931
0.2697656479835807;0.45416828740105764;0.7554676584044296
0.8007659896511844;0.21114491782934908;0.8817804979657194
0.8340638115650765;0.02360109037244873;0.17477735367377967
0.889218108334465;0.39189730821626245;0.22853462684249404
0.003283919441590122;0.599731352321253;0.7275260304779717
0.4149165154735678;0.8437787647537489;0.9682686144909547
0.5790684770418666;0.9265632467505613;0.9118093851819385
0.13964379058547416;0.7523744970729201;0.9977545092200396
0.7744030530528786;0.028180162085659433;0.21559901448123742
0.8379319612873278;0.2643042179155899;0.3299421982219086
0.6067446415310155;0.35962052546169354;0.19319703862104332
0.0790519975172067;0.7117752740588398;0.8804178381532614
0.5220217401390667;0.4255590873626328;0.909352843172082
0.1864692955088849;0.9182642695444576;0.5547634153223964
0.8897298660420053;0.8881459771971847;0.3241942716033802
0.7403259589195367;0.5190867561230896;0.9606346497240482
0.7562690688473598;0.4590064225602396;0.5815875103078447
0.7381324034633948;0.4006531224468315;0.8183194539041643
0.578922089650797;0.17013810413510433;0.07065003056281383
0.924101893329194;0.18544730306885737;0.2733666656765704
0.4400967481323206;0.19070142138823365;0.29426128627805637
0.551885979011236;0.5106554427773963;0.41052456597831766
0.8744256777640851;0.05805243019008888;0.27029453576147533
0.747236591986787;0.9105190378990087;0.3462091653588836
0.7469490214043937;0.17836345412800436;0.6890362296054594
0.6975777574981762;0.9715582243421196;0.7845442646123778
0.5488129291677575;0.6823104511294394;0.6613268722596071
0.132873156767358;0.38523663185566204;0.8429643655270531
0.7733413723393151;0.3427757240129744;0.6604380030768057
0.6002213441008593;0.49945642455091366;0.9655887335168354
0.19201916576729738;0.6427942970809871;0.27435185986738564
0.6695977360540103;0.7679939522940267;0.26672211526635303
0.5018010755107352;0.6621995752585422;0.20660745957876192
0.4431233820451097;0.8584261482737187;0.7354810880057407
0.7872744205268661;0.6501111356079554;0.8792300698608052
0.5679874652028903;0.8284586081324424;0.5205946930978572
0.0007254231507278774;0.1002585053048437;0.2723577409870418
0.7553523541208056;0.44834871456265846;0.6174913348686931
0.21269159414191774;0.41737152044723447;0.56957331427385
0.9813253024686979;0.7900267524483908;0.39677384955348427
0.3431338599879713;0.37240556855637996;0.03886723737740849
0.30297073115993667;0.10057246812027354;0.8001925309339739
0.11892070407270083;0.3159104824442447;0.5993950750299913
0.013130539522737017;0.9678637442892563;0.2851211522012388
0.5370494076107625;0.5985593383525676;0.7397216784326386
0.7055269242031295;0.21526628105926582;0.583507037015401
0.30163092584602713;0.11804358854433972;0.8974839026192545
0.17293284798762598;0.1446221481801948;0.9674403649639419
0.0245645969988999;0.37511972929583604;0.107846759057033
0.826939421766841;0.11321359891361038;0.8502564318807588
0.2178959901548877;0.2501634474273864;0.3164503383688567
0.43585472349429877;0.21933762287350167;0.43490625451158793
0.35648221635081356;0.716884445521264;0.10300847731865248
0.971887734271598;0.8094333406142029;0.20319848754271919
0.15939875984478646;0.6910113436364744;0.28509242798015366
0.023963530457009274;0.10891204726296055;0.9733441678515181
0.6216235734528205;0.490567128155304;0.15206422167286504
0.7268728474203757;0.12596289599501542;0.0015885367989925125
0.9567360299104937;0.13404167970572267;0.1815651852871063
0.5459520645240119;0.3218603737507272;0.0674183127389012
0.1890827252780003;0.6160886455643381;0.22228065448937318
0.4369276455963643;0.35609550800296097;0.7830946951729848
0.36409538206409575;0.5189995406539962;0.05363042380573091
0.3602273600960728;0.9776164843966975;0.21326766162557786
0.05866422746980382;0.5423526184991808;0.3966301101579487
0.1996138960220919;0.16891767942310476;0.2910234598676431
0.18755554462137458;0.6649354045389917;0.026590821243953955
0.5739193954579579;0.8153358492345709;0.652642044888178
0.7307283309714887;0.4503019949996798;0.3700525610425802
0.7641183894440065;0.5380128086971782;0.5884759055821227
0.8799494433318946;0.7407733624037662;0.8026279341700326
0.8029701551931695;0.1547716289366573;0.6257268587039253
0.37530128718227185;0.47444221745690596;0.08551542479482288
0.3956130497999999;0.6229168630041075;0.18249087856370017
0.05593258562465586;0.45969188337757194;0.7027411371582113
0.6064892109321708;0.35056147334626175;0.784903684058374
0.05072426050312229;0.2638300466596406;0.46126325359613285
0.6841638816617917;0.17050095834283496;0.5328146107368421
0.8097169747746088;0.9585324258395123;0.6786941509102022
0.3958615288865305;0.8398552270293375;0.818649501289009
0.4704954682818351;0.8921509988902946;0.5473586402925936
0.9679171608318687;0.5835465425000466;0.3902339509300229
0.236471225841422;0.9233378185771279;0.26794745547427445
0.7209349723209462;0.03931810535417801;0.6503112443944333
0.41006615202574914;0.5384073831046114;0.8946337851523933
0.38399033491164114;0.9310087773441587;0.927994125271847
0.3145659976009;0.06809455497402161;0.6623125537878057
0.016088132598518823;0.7403925726049914;0.7695823797361516
0.2176763958767972;0.44007345773907824;0.8345526112113962
0.8152639622281049;0.8715788577434692;0.13382506531240468
0.509710457289201;0.2848522467716157;0.361675630093673
0.7301108602588704;0.021360855925248612;0.8334392553844086
0.035675309082000894;0.49752821178904516;0.7350918298769388
0.20905724305267415;0.2366308873160885;0.08199162263962079
0.2615256094080941;0.9113548114558868;0.37042876260149504
0.039607211414171895;0.6861552963035251;0.49637996861162914
0.08712641046486524;0.7623253637422062;0.19131560571571327
0.623108224965131;0.8163370041144538;0.4095334455990318
0.44894496853951127;0.2268272577354994;0.8015118871930729
0.8065004241193;0.031034913391501773;0.5165230069898151
0.2217010981523203;0.26594516746918073;0.8216933074805374
0.9288938382292075;0.2344795415427935;0.9201979668232962
0.3633995443337139;0.6101267846430638;0.6778485775527873
0.19033790885783375;0.4930553468057619;0.8216452711178217
0.7672174375713965;0.032921819925648355;0.7003242472277224
0.11656926735485074;0.76273278138125;0.5639062808251338
0.11759550794500562;0.3595905865440552;0.3934680482371512
0.1905106683810016;0.5733738612158504;0.7709680488246302
0.18610819705649406;0.07244195739224102;0.900730251859447
0.18284096534048355;0.6733711629210115;0.5421275138746743
0.6503803594039773;0.2255222686517394;0.03438934950941064
0.3194487251032555;0.8388769962177062;0.9627031584671069
0.659949859350341;0.6536003412767976;0.8032257914725603
0.4228690199594425;0.8658491344434878;0.8071322683240247
0.9302179751919416;0.0785703428822423;0.5776362724149396
0.6538651875477534;0.7331824568276445;0.30866855338159926
0.42545443781038406;0.8540850501265341;0.5129491772543363
0.39324695687094324;0.7011374103159993;0.2085693098612258
0.5611097369904635;0.019980993776807288;0.25971831090193076
0.9932145266445052;0.8070636318614496;0.1044211051925541
0.6051474576873651;0.37476483185529286;0.42820384122156985
0.5160938315248944;0.9383691044943758;0.7352864881349056
0.8931145723866353;0.32646445291478454;0.2089493088029759
0.8583326480232945;0.355292311516645;0.5226932138562832
0.7972725697561296;0.48204681530440985;0.042581149608745816
0.860294052487264;0.10925339062272732;0.9831454167996099
0.4344239949300259;0.48982100304704723;0.7529716768891248
0.3871657685909857;0.19959625782731727;0.28449638516925324
0.728404782820033;0.9734438109728482;0.9769591805351747
0.9314347043656707;0.20801144005230654;0.08933625995286143
0.0070930176568618775;0.32120986700556253;0.7222847874494991
0.45870535237273546;0.8055646104272459;0.3157574253636677
0.8592637138448078;0.6584283600410509;0.02313967311581855
0.32883434505352593;0.47867602813925103;0.9600548228511734
0.8283914191852818;0.8331196292687381;0.41750652268901445
0.8010739888315402;0.9064135499932361;0.9768464878971764
0.05187801178349183;0.8875093802163131;0.5811258460330058
0.9743698434248136;0.8691748818910405;0.2023647602031392
0.08504077844152458;0.11268028764445481;0.8006722644646681
0.10154848028174301;0.3458597839100729;0.02800989675744381
0.9250460811080142;0.7351730503399241;0.7506119041894295
0.8275779148856316;0.9828204303410462;0.8965294958435028
0.37470354073013035;0.6994585263711994;0.43342601387468116
0.033577636777932685;0.8085029776997312;0.9999748432621941
0.07169326706485468;0.8286627433429625;0.1846087260785113
0.7269835223936447;0.5752569501433801;0.3546899925280167
0.7243021362981523;0.5936914175735687;0.005813318131983269
0.2552271760953503;0.49523697303213365;0.6761877887315493
0.885801550494773;0.24872175563233656;0.8661878001219053
0.06334738507505722;0.7879005052845808;0.7500931505369823
0.33448570770620134;0.5814961988115774;0.9604151504774452
0.5143976668921706;0.249278754446546;0.9889508679037564
0.5094221487679365;0.31063950161830034;0.32193291289351644
0.5689863143553603;0.5255732049884587;0.9387512774692167
0.6294755262579208;0.7460925434216547;0.9280800391260848
0.9245175681992233;0.8259433383830653;0.46193888362055346
0.42575049580959234;0.1842522215539758;0.2438252203291611
0.0063833251342662045;0.8199186666021877;0.6841024562615515
0.7041002179680131;0.8389431374532276;0.5145383624230082
0.8364290360224057;0.5467345627973418;0.10887849657670678
0.6912363209485909;0.3649851755507214;0.6904574161804167
0.3823052113311626;0.784704050434767;0.979522879446835
0.03533549116605139;0.9348997265749834;0.6280203504911098
0.2547500994964983;0.8817351837536801;0.4392128896178321
0.8452693111560843;0.8965045009693282;0.5439357053287954
0.06481637932671314;0.5262134226917944;0.8550525591144345
0.8768855322708561;0.10051355509444715;0.5433534304836548
0.7192476603710869;0.0508983562520019;0.7280995861016166
0.4146986566581289;0.7932314330979012;0.8375882057046028
0.9818738270136609;0.33502605414347153;0.7560280155937539
0.5236515623847008;0.982695436577521;0.7077739631807605
0.9142157509000076;0.8293698485408955;0.5015266053067915
0.19907821879491372;0.8703215916628578;0.3191811683685827
0.27548345566486665;0.0001593923704258371;0.3665996359784769
0.6123878050498298;0.47845819043646765;0.40691874604941447
0.4431688835659624;0.29313108912322616;0.6081043374087114
0.4314819571105387;0.6319781879615786;0.9256632776815124
0.29296167540890605;0.5566349008460119;0.09417402067308966
0.8193436691424482;0.07268402700414633;0.9855032603946356
0.15838596438602948;0.9355719057808086;0.24233682067875495
0.860251634652055;0.7547137004150166;0.05374181533832545
0.5769027809630463;0.1741905165992601;0.1973001172320984
0.9913175351366385;0.3757868778689386;0.576934669600475
0.6638240967500934;0.2352680915622578;0.27304551530040566
0.502151488109165;0.06917681816601273;0.6923928905993265
0.6092628248126427;0.22278796084003627;0.7849348215278301
0.9990952640696085;0.3617260874010676;0.35814978510534123
0.020210538085248864;0.5080558707984573;0.6563767956700922
0.11501045987896885;0.024822630788100875;0.79083147901222
0.5481113049964893;0.2848465604506146;0.999905841253664
0.4422679316713938;0.1346089985751744;0.8153419560445939
0.8689408698501594;0.9545599602635869;0.013027807342009812
0.6600250668295564;0.4867361225217465;0.22077045814753626
0.1288204007752871;0.1624313049761218;0.21568590252368713
0.5360694998712089;0.5816487511131873;0.2812832919131034
0.419178368722084;0.5150925186765093;0.3655195053106658
0.4236777893544956;0.39742868666055786;0.4609436308713668
0.6767562019868041;0.011577838097071136;0.015183443480943248
0.5996780409219405;0.5920468919529195;0.3049225030382384
0.06143542530656465;0.4706477583941143;0.01383607588128899
0.43466875059165155;0.26074276888320413;0.5350972998368729
0.24689206995515423;0.10414674889777509;0.8246834133537359
0.8055377173975988;0.8812783720011294;0.6285788719498351
0.588108184667821;0.0041825219696274285;0.889163854103604
0.759062906966032;0.39098025461989494;0.8300245780136332
0.5732996211042951;0.8177649031864063;0.7030043495089785
0.07944551188007754;0.07525725868436539;0.5315230525290856
0.6397951841816267;0.06332826009276493;0.053132866728392125
0.5989436574703998;0.3637149692989139;0.770026344698931
0.36552625353150736;0.9056088275554635;0.6769477174068914
0.4443406724069737;0.429068519957166;0.09394669678368639
0.05399871374532361;0.8944444035282971;0.3855203125728901
0.021732796519249975;0.3535431583122952;0.8437956908530372
0.20544677380228094;0.8212169833818912;0.25561311655700714
0.16323900319832851;0.5568666624410623;0.507111607675007
0.7290854292558219;0.31634321363557105;0.4244343763403785
0.7575022990665665;0.13559949285926465;0.6527826489553673
0.5182661938737859;0.08991740725153385;0.048431293945104814
0.029458576196653374;0.7023995496007486;0.29580180883566054
0.7088948115522773;0.7038697967492765;0.8473704318405972
0.0759331794059378;0.13443050513897925;0.9051417592141183
0.3741245822297753;0.7887876146919031;0.5404437014882897
0.045176943406529224;0.9107747322773044;0.5087954025252216
0.41715821275883913;0.5780217039521702;0.4260516998646684
0.8734704502593531;0.5424085734498801;0.23475053784134492
0.35950438468660284;0.2336794895376334;0.33515613489479923
0.37799926540250606;0.4092742695213739;0.0002907534224143582
0.9491475483523756;0.7301578644605777;0.707843050241325
0.6073204891298979;0.15206713068775435;0.41841093293592113
0.5438765344137507;0.4871547644134905;0.31310518725017034
0.5651525498871836;0.7021937247200452;6.248632477778848e-06
0.6776338175908381;0.8248682392350123;0.6583995379355125
0.5015731476486679;0.28559110249129505;0.7302239095438441
0.9762944185364897;0.13064699017026127;0.7611338624601367
0.148767705203113;0.9067263306334246;0.13027152791636798
0.4060410118927037;0.6868541516523233;0.5691548388147278
0.34060967331832614;0.6563086940344008;0.8648174907077254
0.2077063299347297;0.10522975305232485;0.9184496368457072
0.4161599878572635;0.37001676554231455;0.9710740789645144
0.4676975994294277;0.47855283983417174;0.013453878261908359
0.3758444375538833;0.827446389180624;0.6291322970125887
0.5978284946915469;0.6338728356639985;0.4903259776582003
0.36340585654955415;0.15323320345841762;0.14783621281246484
0.414792017305902;0.4428404944408866;0.4667557978436051
0.4998119076642382;0.8413262693170598;0.7143619111264972
0.13993390225952507;0.31357975411643646;0.9825427466702521
0.7223908717110928;0.9323391646636063;0.051673614933523515
0.27664406071685044;0.8832430329636868;0.7639962150881057
0.35998449956902234;0.16365866684315633;0.35686665217321134
0.7966580664563431;0.302660480126858;0.011516518527732833
0.5157775629152259;0.8459173536986182;0.3793556811805424
0.4645347935215106;0.8391876748567091;0.11802010392667772
0.456064678985885;0.09490827894136711;0.986052923506065
0.6282673442954992;0.7845856220263424;0.33227285397842177
0.5276804148059907;0.5491867154052393;0.36611011776643865
0.5910124898825385;0.7835959566543489;0.867943432307555
0.9808502221845714;0.12060904188483113;0.9276527945671115
0.7657301068226183;0.7849799218063664;0.6905393212108325
0.5193214542803124;0.9603127004741274;0.9179946580831582
0.8347936580180193;0.5770256086179723;0.3848877518842142
0.9570362895614267;0.17028351598168867;0.1793353891848496
0.5319214708999626;0.46278257695750935;0.15447635491681067
0.24383675369998437;0.6990264160139652;0.4094748529555289
0.07198238498286347;0.8610966917420311;0.757324940796627
0.47642089928106157;0.7998361889274606;0.0048314568391950585
0.06855683192428974;0.861253078024903;0.8567830825708079
0.40341582043568247;0.08840416270794127;0.6285137321876146
0.6798143398279854;0.7116995446243797;0.25242482026810453
0.6733039038048932;0.5080469316043541;0.42325730056661515
0.6107122562015236;0.3412440163731615;0.9965796849815778
0.9532581406149715;0.7984792694020358;0.7316133343809353
0.8131336899724995;0.5766435162507639;0.859801885219827
0.4332352873957348;0.7917131266879966;0.6867489792114341
0.6154997356630042;0.03882075362058435;0.6112127488921479
0.8582529561304577;0.9918589423746967;0.7794838399935997
0.44827507569160263;0.9471489437252408;0.120390331946165
0.17387239200513294;0.27756366800642884;0.8922139011518555
0.12128992264815663;0.43674996958746437;0.4012615567142438
0.8660347270153483;0.9478151931055795;0.6107532810230641
0.6640279078532866;0.6972628874404011;0.9935775563153361
0.9527229190979583;0.18164976982733716;0.6267241659174272
0.3422228571225535;0.18102052117260248;0.01885914215547102
0.058763177364971386;0.2402832903311144;0.17998281790071002
0.5882905749453867;0.7933385996973512;0.8021088797946618
0.5384375356065233;0.7858075353371918;0.6444982556773661
0.19455205386792718;0.9398346639671208;0.06695479506504942
0.9184812953797123;0.773101381488362;0.583846648030424
0.4211314396740561;0.6149652841267551;0.31305068601909625
0.6276767247176416;0.3481695243542047;0.3480666952891992
0.6813050191351753;0.738982415956651;0.1929132065022202
0.7549886459929053;0.6562656465465682;0.7259799569882223
0.5730673806328663;0.6098504156141946;0.6459457386854777
0.08962466450900863;0.601886112220599;0.805324725279187
0.5004773347048552;0.8032165328429492;0.10478354638146603
0.984127910969489;0.34965760375738875;0.026841778017921425
0.39282091780958295;0.622182506324405;0.5123064328902929
0.06829440209373039;0.029055104539564502;0.6241622346842066
0.887529351303211;0.8438692303763966;0.16297481696712557
0.35359180769496545;0.8660930065474287;0.3454988868823319
0.7462710850666933;0.5128253558020383;0.4696722549118548
0.720383906217973;0.9613876633176475;0.09340799858843118
0.5228827405047617;0.16544798235157865;0.26578677116393035
0.3878916856429665;0.5003115989937131;0.6069934719453249
0.33107354876952666;0.9862837366861662;0.5904026484485574
0.5065172783364342;0.5478516663325075;0.4600531577328515
0.5918901574963611;0.12081879482211644;0.20786478965089683
0.4559877673427045;0.15749363922627235;0.4993236531788744
0.5556284917636742;0.29506687197499704;0.11135012884599982
0.6170271948922221;0.9530203230252612;0.547753233052866
0.9488842870110082;0.6353565846265475;0.3649378567804822
0.32979747727622455;0.8341922731191775;0.7114726829800745
0.7577075579342151;0.1123513372372853;0.8024788085398544
0.9264561567691902;0.7425263871135475;0.7459081010070119
0.47012819792794147;0.5645258790287521;0.05146484232394366
0.31749940070971894;0.5115637876903683;0.3164912541279943
0.20447294551189865;0.7360095592198473;0.15579890550002617
0.49962757411474124;0.3313445229759713;0.5294821336317569
0.36965974804370705;0.7523592737656888;0.35376239950294897
0.8376328035763552;0.46806303156753926;0.1352439892524563
0.7365289774632423;0.6269607655450766;0.6307426875204595
0.9520828049831874;0.07533694558506387;0.5767799077336414
0.8524434859042083;0.8747548223714543;0.7849454203874564
0.01943090237427547;0.7619308926040402;0.9965737795193079
0.275556779484468;0.08083391511052329;0.4364551375453005
0.4461686733494067;0.7809419288164228;0.08727389562004106
0.04012723497458326;0.4880962051815505;0.5664905521970698
0.01788595614402466;0.9697757121258473;0.4200529561148979
0.16317471036966424;0.9119257811122451;0.8326867653034166
0.4563456702439652;0.6829621341374977;0.6448871449120027
0.0717586523047321;0.2791439705223874;0.7298509897350081
0.08368158026494188;0.8496625613182066;0.7947916068767806
0.8123311723216474;0.603512222710234;0.1256512366641378
0.5259526828730278;0.8539137625096546;0.6930907263439106
0.3534584723806953;0.4018187134801372;0.6854439989787877
0.7907981051000913;0.031785966018649026;0.5015086161043785
0.3893537293551632;0.19238994502842988;0.5468929642805477
0.7151220824633585;0.7260418545067195;0.007473801990208306
0.5685584258926968;0.2004379986197078;0.10277409728042552
0.9611868060364641;0.19705855322351062;0.668017223838028
0.3774902773112042;0.8862322173364372;0.6024846788776895
0.5665771523346987;0.09587452528191343;0.15338000968607046
0.006596728502246907;0.2660301958274941;0.5123632550906151
0.22341498039091934;0.5577454539597162;0.6423876238703093
0.8690607613260448;0.3371096112083124;0.06846856309669236
0.17295958929031308;0.7164663465141454;0.23501346208267682
0.8692732315843484;0.7853016914952085;0.2449613845908356
0.8254484041885357;0.5456232905176558;0.4960516591127928
0.3358772866564894;0.7100950478143778;0.6668527273154671
0.012714628070694345;0.8559575518077345;0.6859387141978428
0.8566322803611665;0.7709325084164231;0.26235045417046954
0.5175941208117394;0.6371210452312996;0.5246311139781654
0.5920951695369897;0.7669452477485886;0.1320946927898604
0.9974650392343849;0.4534751095356385;0.537088173913311
0.8323427426174924;0.010738282955540246;0.8798382973235035
0.8774658128240924;0.411535247411132;0.2825310789673471
0.7492702762292226;0.02281622766692737;0.6584444930358254
0.9930410116918446;0.15977605542728857;0.8226837598343625
0.9527823614556451;0.6115588703559767;0.6133782674764038
0.5358083433211247;0.5378234469478818;0.2029176667802538
0.1667008593061482;0.6784610854582901;0.7642671789154905
0.6768871014123663;0.4573583892359675;0.4779835287031955
0.6007795333403038;0.41946998838151606;0.329108658312946
0.7272759862302748;0.4680129034427113;0.10041612171031666
0.2832744116675112;0.3372224984223402;0.744301066820818
0.85579370836982;0.8881586432898392;0.10273706751770861
0.49194111301089927;0.4422966616734909;0.5053597132902962
0.6632951012541902;0.8666670756933582;0.16184476576807194
0.7564677456374821;0.7054696907050196;0.3908250540808491
0.43496194975363167;0.48223943066293207;0.3460405714907595
0.8243029216462333;0.030109836635089926;0.02711158799494051
0.28413193958614436;0.9674312063554761;0.5114077506981487
0.4644641912138864;0.7837350823741103;0.7368607667656907
0.6107038698545207;0.48147055205156264;0.02126434473686134
0.6347426582653929;0.5549720712660379;0.7549162853053429
0.41991743861459363;0.5754378417705693;0.20754727353978386
0.8007109829967023;0.2379313111976319;0.5928377610992066
0.772783015101769;0.17856699010318933;0.7820433998844895
0.6621049478363699;0.6854473334906108;0.831626380340077
0.6625184228402177;0.9690830781421105;0.8383298196295977
0.03661480055694244;0.8947178620264435;0.9311931317638817
0.29498129356338;0.5388195251232847;0.49934368500366977
0.24228617143685272;0.6142851202685709;0.10707539853864745
0.43476956949046586;0.6616814030684416;0.6592944571718574
0.7806131525991831;0.5805073696510146;0.48841309643108455
0.4211808776430416;0.7945683040029178;0.58704253092143
0.14111683223860183;0.936261840334031;0.08557734202925649
0.825744967451987;0.9535858615709413;0.949748483621659
0.1345060457508256;0.10781135653691643;0.8502081617345434
0.7948733526235336;0.1925687252525513;0.09421133170700746
0.45637623155966;0.44453431763300455;0.6627066301464631
0.31318759280069386;0.7245337385375212;0.8523852594597016
0.5759069250452239;0.5127192889415494;0.4687909603903163
0.9274403941931336;0.6011785662532682;0.10608958762191634
0.3989580473718546;0.5293781397028317;0.2998597817068269
0.9577877773432067;0.10060482170008189;0.6808397079043255
0.7143973040171119;0.2657229913468002;0.37265909385440144
0.2200953850201457;0.7716550127684174;0.255613241204229
0.8930217175031572;0.0203780323979863;0.9296165400175324
0.2762525768860693;0.27758091943007823;0.2337391247553473
0.019734670393021236;0.22193350310371207;0.21109189939665118
0.9771490258035084;0.4173130586748094;0.39605061627909555
0.2088214761803565;0.705559969770605;0.8416886331642498
0.9269265563668455;0.9355648313315773;0.0723048620030683
0.49834473210304076;0.42917959017125595;0.5505902607612669
0.3221367386366343;0.04768606057913993;0.17756603704966245
0.1385959431312449;0.6772238063260866;0.5925019993247947
0.7675118135541015;0.1640368449464107;0.7133926826407408
0.7551282649523287;0.630092516018517;0.9422046079508817
0.48767359378545483;0.4993668843181551;0.19963574476706825
0.8176983658497837;0.03218274413800282;0.5724993689342708
0.2321837218885613;0.8881589025886731;0.9368600599254452
0.9702003366173128;0.6604156172785898;0.6822946790330788
0.8231882050378239;0.6604115502058568;0.823829049871578
0.2996819547425542;0.2195659716314441;0.05672871076021235
0.15315918150491514;0.5794528185360748;0.40882666453486705
0.2579374871925767;0.22633053623923594;0.08850262364352846
0.1823043048509686;0.8828707831773691;0.22613970916945625
0.11556846186651926;0.0803804196173713;0.9471288376612638
0.4174424310939545;0.46321624975804776;0.14961755749753192
0.4631625576347167;0.3313162027791996;0.5495106332490554
0.06150841700785181;0.9525611723694147;0.38451911168314434
0.2299982534578413;0.6789710277144373;0.38088815954123567
0.9402440053144203;0.2150071129384119;0.36847420170803935
0.18251075742928147;0.29358059197880904;0.09406540032946897
0.6184880762463849;0.32946644274373704;0.34580188667725464
0.7078231860815578;0.0890541445178481;0.5412825897908653
0.19005856498021245;0.4669710267143773;0.05511454702814533
0.4621095723452404;0.8643801147896631;0.5473298823525244
0.48232490926946003;0.07811694831361227;0.24425881783267311
0.5948021148170137;0.028660390456991203;0.8611714276078225
0.7737747979909606;0.32343223743266747;0.5638290936905628
0.1292201372681554;0.35290979102922804;0.07739124992723212
0.6242631169357901;0.39463249162197067;0.6500707854219242
0.18807916546390413;0.889549093413389;0.07478591616584807
0.15304501524958736;0.7931519332984578;0.2967932675478975
0.25931133727608313;0.12118746550271231;0.8459354122626382
0.21952904773966064;0.8221384421142065;0.7902510010127193
0.8679429942416913;0.6466926994254182;0.8731802387756878
0.02369077225019145;0.6886971246387976;0.18767393645995667
0.9671701092669317;0.14166791266807843;0.508316524372028
0.8087780931120582;0.8325370816941103;0.621977690641338
0.6456244686427351;0.09484571577759282;0.15664592066580962
0.220283769312414;0.4105287421944268;0.22320522844720048
0.327810527613993;0.058060089779782054;0.016664585650757346
0.5488820940736946;0.628060557992743;0.8280307504097771
0.21608919721589825;0.8734365724188834;0.5852811390039357
0.6476072896389805;0.6764620941948426;0.3459048197233331
0.8080449045807865;0.4860606277848821;0.09126886978238802
0.7709372796876144;0.900909723299487;0.26344366922319395
0.7812533325240075;0.531325365180383;0.9812937637980432
0.9671231851596171;0.36001557276914586;0.8983696281616151
0.8429995421270386;0.539667675891867;0.7013685928612976
0.5175841563932224;0.021364046363004707;0.5922630138557891
0.28786046532955156;0.6217047606852067;0.28484845313396223
0.7783048257397768;0.3402475831333732;0.7042003027426504
0.7353688426670603;0.7389639689471135;0.8536103206201657
0.1109924926885173;0.05156461162902781;0.7099173414670853
0.9538998287127934;0.29887264682899206;0.5508469520072584
0.6913788354899495;0.9624943795719482;0.36227844211499416
0.4544541416258737;0.11396186789064833;0.6729479685186457
0.014015729472185101;0.9661687040608881;0.27333351799762207
0.781256645945253;0.31563596552488427;0.07278371123395422
0.7429141925934719;0.6683730866336823;0.38401798454262137
0.030830119399880673;0.8742540779575851;0.11777793108255374
0.5680980294347829;0.34626521086309736;0.4327539700365226
0.49299799531239197;0.8001518244334164;0.5000903653541212
0.46318698097408506;0.6851669776321;0.09649361336333517
0.5089975161795123;0.5635688230178371;0.83847259412492
0.951743058132928;0.10387581420330261;0.4330484252143657
0.699133819513763;0.9280667134703453;0.7854358780248256
0.0910103864192422;0.5619331054114591;0.46504322736141057
0.537925667677503;0.9121152092169493;0.035176632197075564
0.5497394736173297;0.33798081953649495;0.5741714834776798
0.7321634018049412;0.6657731499880029;0.0844909951821049
0.36416885506244023;0.9863618672155942;0.08773517457090463
0.9471395184263899;0.9745602610530971;0.16975392889517815
0.3224615592747636;0.8793379916874347;0.7856573432992032
0.20354593063670268;0.8075194188267576;0.6977609026468656
0.4578903213663321;0.3167277810650767;0.9885308800365042
0.8064603493605178;0.3775125059197535;0.35289373357761566
0.537039777506996;0.04299201769359784;0.7363722578619434
0.6683547803950785;0.1873906971954522;0.8442984325912614
0.3458220699954261;0.988071364568351;0.5856525979630218
0.3688127167685261;0.4661119341686586;0.1882331342186926
0.059518562379159756;0.6501301857866602;0.9579333483471905
0.08438651323988333;0.11448197356725598;0.28216386942734906
0.9011028130927916;0.3064748121207381;0.6282333195197081
0.9656003962494197;0.4478145401745952;0.45669055431996664
0.06688685398313265;0.5537154846067983;0.5612966429172283
0.39734239868776233;0.5876895109341811;0.06731750548055682
0.3006807911010627;0.5700563350060871;0.2844384025340314
0.6645429747129665;0.720534454456559;0.003779140916668422
0.0894932355696666;0.3075705446096765;0.304896340851176
0.3312509829056597;0.16114888309009245;0.7373217440343617
0.337878133172429;0.8602488258481732;0.9270625491844151
0.12541148457900486;0.7108949617445839;0.6797404477065752
0.7426908158913944;0.9729164485933708;0.9159051541553406
0.502319001835289;0.5131719463827036;0.6080583533616748
0.7964604866165551;0.08915707364138525;0.7893653589053601
0.607470754884835;0.9422718784568493;0.9673668312817856
0.5357552153477019;0.543554872985045;0.4632997298231807
0.598503433137334;0.6054023344147362;0.7641482168649232
0.6198736533402924;0.9295846553648512;0.54166090214917
0.6809044742424136;0.6634019512458401;0.010923124730727318
0.6493802364902715;0.5391666629234855;0.839530001720034
0.00626620187489535;0.7157645764182038;0.98448887776966
0.6595512089180434;0.5543706900812232;0.4472991855634877
0.32528651868709557;0.989293872584995;0.4759614445595364
0.21666357821351556;0.9227095263959747;0.40404663556275067
0.4454528898516291;0.024578860050244122;0.11239657337071685
0.5663989986215541;0.8075939160089144;0.8945511334196515
0.20519877677373521;0.6099364329996713;0.18346453293790688
0.5439983227663721;0.31806686538338225;0.14896261135422695
0.8888670515743197;0.4400976814547216;0.4871214231170743
0.287790991109108;0.8192741093980745;0.7089243570444556
0.4252087945209705;0.44044040381956795;0.041105937863254116
0.8881710289927893;0.7273337934064131;0.25327382010361876
0.057108143912423914;0.008514558995203148;0.40075153239418015
0.9386962399573904;0.10582278320784322;0.5709200610762666
0.08607937917051223;0.41546083862816063;0.30301937418040803
0.15680199677754791;0.39454355597225976;0.5951872913892329
0.21254416753289895;0.2528142325749929;0.80066508437405
0.9408373990825454;0.40211186995837933;0.3303821365137901
0.25642728699959516;0.024549523425457354;0.6745996892059087
0.4989899257198659;0.6893789543431463;0.02880241960416563
0.8753555033395691;0.9497683647618294;0.46331834860839816
0.8518749269049252;0.6886650454896239;0.7698072993099514
0.7745103851869395;0.9170604264404231;0.7466366076685377
0.3545121915261519;0.30468930962397966;0.3675046079272304
0.9346917880936199;0.03711326883013433;0.451543634422105
0.9184716480203371;0.9472225292171206;0.9521042619296468
0.9342891111906537;0.8912512172685141;0.4202351062643018
0.6116116371809827;0.37315945089342006;0.19769086774590128
0.7260460613268755;0.47432492909450796;0.2452740149877064
0.5523689211183925;0.8687937487287116;0.3469301564887559
0.35286282562962457;0.2702981790053157;0.6600833465297563
0.5040422784877866;0.6614382381583688;0.12069626350043972
0.21009362012768396;0.3618507554711582;0.8910302086287943
0.8418907777826199;0.8208806835640093;0.3916359023245747
0.36488063887727507;0.2657486382169114;0.43870324242508496
0.33968405037902916;0.488112319003677;0.3942262557195745
0.5867319773366657;0.9716898483347329;0.7723381877476938
0.9064560655747415;0.8684318425778097;0.2897290172206488
0.5746437506784746;0.04331602417040492;0.22380469277768789
0.79659458818741;0.5039141692935186;0.4980519852406332
0.5508940977762491;0.617620334093396;0.11302453133030421
0.09390635900899147;0.6027335811752125;0.5151082964105554
0.41937806500832964;0.2601906635450151;0.7637882499622498
0.5102543287094344;0.846086209613015;0.7532123895793144
0.009484864690480266;0.7013440190474418;0.3293514158079198
0.7737189750754387;0.07181048012770908;0.5246676628439683
0.10930337298002346;0.02849564097009938;0.22950152499441423
0.31793943980552264;0.14171694742070273;0.031344388006903756
0.0704285787211486;0.09883466400578766;0.3377866586480428
0.9742064714244557;0.27372260335168164;0.21503850638546262
0.19767112513105578;0.9937922900089807;0.7016850868561127
0.22626665248164424;0.8055509829531463;0.45664197813478213
0.9950308095201643;0.731569477088842;0.5248104251292056
0.570269953873874;0.4758675082220659;0.3420943516957726
0.4284050971843546;0.22101557720424225;0.8234947336748832
0.23257436370783813;0.19579025392044602;0.8339225861305583
0.08681150527342074;0.11594661762362513;0.7910585288493385
0.363489267619724;0.8569997591032912;0.45313855058044483
0.9319130335538903;0.1883325195859752;0.9711327862440642
0.8115059797197707;0.21009208988579198;0.2116135153886296
0.24383757859169508;0.853733854198624;0.5006053020040937
0.0753925004053756;0.9416860194528075;0.17441011915466775
0.7616742083015293;0.318633137376513;0.5804925341915284
0.7729311625907169;0.24996174569717677;0.22242221527197104
0.9999847370290293;0.14778714065293275;0.6411843788641111
0.16168707679917604;0.12351219043725647;0.9200425160075141
0.27035600076203226;0.02158167106579334;0.6186777529119823
0.21705617833737967;0.6440882198048634;0.15405106210616204
0.9187275473729437;0.4927291941684553;0.025944623394312916
0.03731166393635699;0.06969860169815134;0.48486667099844305
0.8765990587421708;0.8767859713378032;0.6540365408874097
0.4890459735875984;0.3649831516036006;0.6693296783503276
0.27214830850155736;0.8629700499508685;0.0132677997134526
0.08737586543868314;0.4383514271505877;0.8239414121590191
0.17952699585569054;0.23984894120250433;0.962800148149144
0.3168955899248874;0.8156060602682539;0.5965588098959698
0.7423283428545088;0.13993165225008042;0.9892715043323624
0.4389182062225483;0.667009943632383;0.1289618807595012
0.579278316152696;0.42810824731489794;0.8285699028705846
0.38761332229566026;0.9643791756084495;0.3673648561605224
0.015504420384219841;0.4161242812740641;0.816935891049339
0.13898435030837253;0.45771553607933213;0.9222013884843469
0.02900891592347976;0.6866202935310441;0.38897577879677425
0.05603794097156101;0.13709310212091963;0.23342453898873294
0.2722072350863317;0.7948380673233566;0.9338586700634589
0.6062788565761039;0.17137696869370234;0.9582374400270209
0.6929678858727387;0.5613813897564718;0.8393633572019712
0.4004907136819531;0.4810732262837174;0.91563873561423
0.5410966262993057;0.5779954451576728;0.6379120135221209
0.5489209226528852;0.7354000243947029;0.2802199624068584
0.9010276115747434;0.09093677406193923;0.6705510257583357
0.5808788526515205;0.4808050119074079;0.7004660148217658
0.37086452006060155;0.28224641794446237;0.721873084478241
0.6795482809708683;0.6428931980286393;0.34993794873915707
0.07104158731299914;0.9082675953314903;0.9568910088360805
0.6602868869859465;0.8683440010586658;0.04622101196539563
0.5783126869463487;0.8847404562186433;0.6259397568990014
0.22486314229821003;0.3872422186650625;0.26362731616309865
0.5681445613470473;0.4667253058885926;0.024567189397916245
0.588149385768041;0.11813996183120012;0.8159934326551364
0.03729301192136558;0.217354743641627;0.8697118140399588
0.6046687589179551;0.15768367021884888;0.4287324716502535
0.8821699240865687;0.8787491546461442;0.6832134396293943
0.13931619676183793;0.20514938210125988;0.7502996294297162
0.2209539737608518;0.4092559346476705;0.7721193578094492
0.7589726745568237;0.4316190657577256;0.0652282454843367
0.8219428156923111;0.862707625065182;0.9774709019741441
0.08891190693926354;0.9725324821385051;0.7316787198673234
0.024489034394620912;0.2886653045847045;0.028890713256012224
0.12768576725616887;0.8736729743662196;0.7766592960129144
0.18364588735390386;0.6913449817078597;0.09039763450838845
0.5848647242905181;0.39968619191187316;0.844278575577042
0.4186182782176445;0.6188459780261436;0.6228528600378332
0.8492751135931093;0.9585762148135362;0.917927480449161
0.2787893935374901;0.7677162183114701;0.7688569551977711
0.7812829626224507;0.34577723507841096;0.24925987342227962
0.9603928116275214;0.8953585178249003;0.5283703791548172
0.6803233669387866;0.05169544353703004;0.10913190911593773
0.7643933365732335;0.9674364215844522;0.6986847584531377
0.01949398000770186;0.7511727457907875;0.23773003388370728
0.9695349053143354;0.5156319123246681;0.4029464578492289
0.29449429114300374;0.3799956988347991;0.6357288052770039
0.21639941151628228;0.3727597742710691;0.8744367662981353
0.9875431997358746;0.3567851732127145;0.17927971365837625
0.1304611804616822;0.2372721962324179;0.7101019582931682
0.8356505606863865;0.9891423175043031;0.21214739295183105
0.8327823287499188;0.13103449342188223;0.9651931749163877
0.08889059257358112;0.004938871067272421;0.05616470184226119
0.8427077933333541;0.7969003467110654;0.2539660537054965
0.1931595235290947;0.7029973827824485;0.6692180866222388
0.46003247108655565;0.43127215132282737;0.26427211138659323
0.406349655416385;0.18650021997761235;0.7960101505127938
0.031383008509260346;0.40331308535427424;0.3517295192683779
0.4277872929622061;0.1039113817139189;0.8133570891281676
0.6133527950906708;0.006560240005435758;0.3276720020576084
0.22664224282361722;0.17686975451248343;0.43384622397432304
0.4242502033223694;0.15302456480025373;0.09678435393200036
0.007105391907783365;0.19474875017005744;0.07762817938993916
0.18473412652245413;0.48460185145560275;0.426199191951668
0.8835049438027064;0.012779763258125576;0.7854695956963351
0.7002020795455207;0.734246513694672;0.5527507977915954
0.76650337989977;0.34471565706446916;0.8110046142709917
0.252371141034878;0.07807307413787357;0.9147579972033866
0.6062188927316763;0.0685436536211651;0.8787856044285364
0.4326931761336643;0.4928964550384063;0.2730940486455521
0.27903129269057036;0.5131894251556799;0.5049641963499786
0.6774140220740071;0.29535445975142205;0.7470286964679349
0.021102064354320493;0.9557994074182558;0.2571783093543425
0.9578956464248;0.6362695554983518;0.08937016978633328
0.5365302477638004;0.6751482944857288;0.49394127571382485
0.3906501839466904;0.5285989748556319;0.8340527574375797
0.9161300803414983;0.6431279493785922;0.3128563112114745
0.05527871129080397;0.5143455058461527;0.30704796639485954
0.3412152035048578;0.674842731104401;0.8957124270028307
0.3844677379629111;0.6896302062685183;0.9102519529187711
0.6131640750763746;0.4516283725912439;0.3000043857170114
0.39527224764362445;0.19054715130221134;0.6158431531032434
0.1891329864908199;0.6711032365520961;0.8432579161718637
0.5186147483642121;0.1203572703460144;0.1299216012540566
0.50192597637789;0.648473527592027;0.8156744237432441
0.8728206634340984;0.4009771835463902;0.9102066639979564
0.7792687501216021;0.7734390403208937;0.899285930805076
0.13009256713246053;0.45409306780881376;0.12810732958955606
0.930432765327768;0.11875009742818121;0.37309094012789823
0.9761681924118258;0.6712387511635795;0.3415192423123906
0.851851306350706;0.052553652215746594;0.7269166403153873
0.34612992900204775;0.846795257005853;0.6332301976210946
0.4673604937746203;0.6815651181880367;0.6521395709299678
0.9717155025563488;0.08885003863539376;0.22677766956391587
0.14713708918793988;0.8844277154237561;0.07635414507247995
0.2216892082693469;0.18982271842029352;0.3825369392970288
0.7718809436587034;0.752842661348242;0.5067877089454124
0.9483599945127101;0.8821543260125999;0.7711410980033563
0.848450709849009;0.8175733994105321;0.45397722600051593
0.3932360596780283;0.8498711717011493;0.7543689819406602
0.40401910625359405;0.14701756533006527;0.6087363418662327
0.27759737751962765;0.25861402069397066;0.09585830846488974
0.28632321968479635;0.0539367992865879;0.9330383826291011
0.48273280461559864;0.462909732838768;0.20757441516650932
0.8798039894523897;0.6862503752070257;0.42740342549479304
0.8895564342141649;0.0012837626669609525;0.10163341193525566
0.4691401926741192;0.6398379866304444;0.24000845141187788
0.9656730632545487;0.808427251416933;0.8961115678372176
0.9000719126307432;0.24347758904927075;0.06688660956482284
0.7070719902353824;0.8170760843033021;0.4382884792605658
0.7385386525211776;0.6866909993765606;0.06726093996568328
0.6635240755575981;0.10799425051211009;0.02323442338113535
0.13775145607302008;0.1456965215540338;0.6468839529182767
0.34574413012426863;0.8937528622355504;0.6644619171120573
0.7947361778905875;0.338745312409099;0.42122711292543324
0.8967346577144456;0.7444754990210094;0.6222896691274863
0.15922992386538926;0.13424645415794334;0.628540290095066
0.3673284281447533;0.6805222498625009;0.49483660926059014
0.31302598099550916;0.9595965233701965;0.44574608853905673
0.09731979766608023;0.9657047928870971;0.9584643677687629
0.015217263244495016;0.22799428703857516;0.0020828091491255085
0.4981012336647386;0.8928843959349535;0.5372791220345062
0.6230436091124738;0.3750010516674568;0.2073982251147265
0.844101437535772;0.8377045232574688;0.1062496110955683
0.7133398822515551;0.8430143845190801;0.6121622309266009
0.0762034176750479;0.8820243911761253;0.9979631120117903
0.35331546211200304;0.044912681174387736;0.694327410285265
0.3842475172655063;0.11162619530373474;0.22160122631051526
0.8424003005323835;0.584108185497423;0.5323373708134952
0.9582575162878847;0.783102010996858;0.1385230830733245
0.31322150438915464;0.9470120828429877;0.4190458549087538
0.8011948222313205;0.3771056576324887;0.5665295562198898
0.04821472041745323;0.49573415959559297;0.5048170176345994
0.6362633141351605;0.012336470216048445;0.03306058150585045
0.8830543055753756;0.38100193934956894;0.7413154969666658
0.4609282580401387;0.12258509857797506;0.35975510158470014
0.3569297446281352;0.5587468874091636;0.911228287084497
0.42019631354414366;0.8067542873593302;0.31676872987751503
0.1691221221705249;0.40157563969571886;0.6630051090702959
0.7921300202617024;0.3092325249483895;0.4359490567028833
0.5299645120277335;0.11819371766387987;0.6710750387089418
0.4549899525300878;0.16595545354478292;0.5673788626811356
0.599454797375974;0.8231159637464682;0.5374044504347353
0.6323401791429681;0.21037453827245334;0.20794336479671716
0.500245885513816;0.65416540595741;0.6918015825861754
0.9781584068546452;0.9240487007489515;0.9540203401765587
0.5708987601335108;0.2875458031989033;0.6713946373560243
0.38599625584244845;0.1674698592750512;0.511211595298534
0.6572897980532975;0.1714436532170568;0.8869231498217827
0.21634647926367667;0.4945103242052974;0.6254605751060198
0.37324654987112404;0.009296506654868697;0.8495866114259936
0.8097107126544346;0.9790317952045922;0.8395977911016069
0.498558021145343;0.21619269175422995;0.056025962566540244
0.775274364731481;0.5948982817234146;0.21856182434635774
0.087079531966612;0.5383976241372257;0.7785040364329243
0.33822125873264863;0.7869676269089888;0.48771531381203703
0.9898381291497066;0.1852367607409695;0.993982040334188
0.3010279156961245;0.444043851878569;0.2194820346237032
0.6328488734811948;0.7755600660730539;0.5871774792106644
0.15962868467280622;0.6187408534800926;0.10987766321747894
0.05800843525930732;0.4252857677590116;0.46233934611802285
0.5518532752211612;0.5506908279254041;0.6912063809863607
0.12239302029497567;0.8309787155697135;0.21114956771283055
0.6268290997203952;0.7241914436186616;0.5162913270611398
0.2700330648006578;0.6163395622521413;0.41092493442497957
0.859794898417289;0.9657213888544461;0.07735457326776862
0.8669438442547228;0.8973027209119446;0.575880234642967
0.8659067934984298;0.9453756744799593;0.5995507740182534
0.9116963047020717;0.13873634620434405;0.6794250125062177
0.9984765924451844;0.8128591758628;0.8677342953379351
0.49299717411377186;0.6010039151106789;0.4704573450862646
0.9456699070492695;0.6462979274827229;0.4907329874153967
0.2350404759310767;0.9360101788510518;0.316522228400415
0.8801651673444433;0.34796114372458065;0.5403981442469028
0.19630776484636747;0.17404953568329096;0.6347147233729517
0.28931405524848364;0.7379028766157938;0.0791940872793282
0.186419785025138;0.6571621469576613;0.7103091187430035
0.30299104436223756;0.07847103066179706;0.46984735438817093
0.5395804172337468;0.9989302531243964;0.310442354584926
0.9965345935124778;0.30136769590121026;0.2109028208543705
0.9250717161491943;0.9471507647231721;0.32844912450082897
0.4012674286787392;0.2291177114743721;0.35312958983444576
0.5893975783503912;0.6962082686460442;0.3558479536499819
0.7739148055490278;0.7275683663847446;0.16363247698074768
0.17179299212518317;0.9572488010915455;0.09208769176721021
0.7910787052890669;0.30980042910491334;0.4730224330289099
0.42750336692567126;0.7747562787666062;0.3358442809353013
0.7216220266816232;0.36343032712109447;0.35315711691740015
0.05148746469364385;0.7915729121443512;0.9263347550060204
0.09604495038949112;0.1722785807247592;0.3563892000148725
0.9809745741675252;0.970357748199619;0.6265076537503345
0.7088482029886402;0.018189673879222323;0.8359192991577391
0.9290310218157185;0.15842705322862372;0.4760436165910995
0.5805762129705022;0.2551383463573156;0.3784836753585602
0.6743944614027579;0.600479348351699;0.5897155397936843
0.8251043342273934;0.22917331084989956;0.6141244247387464
0.8255183464945464;0.11107693515027028;0.5798045098376501
0.7947274970474837;0.4609611523375702;0.6966210842300296
0.38184068838126173;0.8660745583453703;0.9444360859768494
0.8436482272757349;0.5114210705171213;0.24540667547250217
0.574171821128904;0.7113466037494214;0.11726245722197148
0.4515510684739964;0.6073577016303491;0.06131618493521629
0.006894085108324566;0.5871420975510757;0.7483803501681302
0.07073250855116253;0.4589676424535645;0.5102085929878479
0.13248455198630227;0.4267196522335682;0.9717046162825677
0.04183761283205667;0.0027137970841246695;0.7494046268400191
0.16760140380398136;0.18067768963563946;0.7379304220834008
0.9657200937605579;0.36783108892104877;0.265678783272864
0.5528437710236381;0.29067242015160366;0.28026284641525434
0.7053973935438087;0.029579472736766643;0.3662466205228684
0.8852260792513724;0.2042245981171119;0.9274628309015431
0.7687626033060552;0.14711359223298914;0.5958692825278417
0.14086309384575368;0.5606671302146682;0.5703555490944101
0.768114670839566;0.33966777048758656;0.2598933722927972
0.8963574069005743;0.8473262946290878;0.9092922123228033
0.537481925659411;0.9189883812049302;0.5466342054417763
0.1407297867651206;0.38822331066556903;0.846830063470522
0.9252323768964217;0.8883428364009722;0.8553250080586374
0.9364797846080067;0.0017566839422618052;0.22142651896029253
0.47663834350291734;0.3102247150719556;0.3155149954884886
0.6829881331276503;0.9019223967307076;0.17837870777683784
0.44219147809529336;0.730380395131344;0.5299486001142244
0.31444988340422386;0.7621504390890322;0.29247805939294846
0.6609890172701587;0.22939278463992718;0.9094189041259212
0.3995122619285333;0.7689673228846438;0.5929748544689364
0.8074577336555352;0.95851591901991;0.9208613602695004
0.34577453661359236;0.4930168521095827;0.8279881199347541
0.17869025136549999;0.0072770187903344885;0.7396301874189745
0.42206668796573976;0.4891236029693278;0.6468118859365095
0.3818765525186627;0.10330204178557334;0.8998613350282708
0.025361350001875005;0.19356055255545068;0.07691753407120971
0.4093759827971969;0.7598965103952084;0.8255188804912323
0.4171714025264034;0.40049826376691844;0.2983231071800675
0.4184867285268721;0.4544780031100073;0.5058635450519274
0.396363891571361;0.6872881143985384;0.16818237389095314
0.7889209407203596;0.8617897567365724;0.27437804568605273
0.6032564861418553;0.8457952121305359;0.4049712335812604
0.5591569222305215;0.8745652683683435;0.8330202099254032
0.5374822905141534;0.43583769819938256;0.8939044963067245
0.6312574993693895;0.39381782688952083;0.435964399865574
0.3118116652241171;0.7722362518116483;0.8935767778473602
0.5931116590922919;0.10539394887423337;0.8703471276756669
0.8535976850186356;0.5371052165809855;0.4911378813696412
0.8157328633326979;0.6721681937826548;0.9027834286947772
0.4840133159755027;0.5783944319164396;0.08635702060426542
0.24527433309820657;0.23840297171491165;0.9814174523527561
0.6124874652936808;0.30448810739621823;0.24032525132858673
0.8481757826573182;0.8439402102702657;0.397729577628117
0.677986091614546;0.05029717466654493;0.2913655745464674
0.900727631896935;0.27881071289397263;0.958345939793176
0.6797574896983712;0.08296331096399445;0.8867422943638694
0.9822275253086286;0.7456427647458107;0.3995982370165123
0.8355746368556672;0.3528764973283973;0.11580786793439857
0.9897820038245811;0.3971360010325007;0.5766121797572104
0.05442924611525812;0.5765729463822399;0.70935860778756
0.9957936877275648;0.7812736748167792;0.4239376915853086
0.9923161342285111;0.4271229141372034;0.23763791081354546
0.0570687079356752;0.8989387940676925;0.4134512612841379
3.970261208485759e-05;0.6641343394916716;0.06275431232340833
0.5196757130352038;0.2500177431551076;0.4526452842059622
0.1310238246935096;0.14692995094732775;0.5362250048244745
0.15923232820121702;0.6615098391138123;0.06737447486060255
0.26866044325355;0.9653999595905578;0.7407962415379449
0.9024024595097371;0.5864064324149693;0.35383950573302947
0.941583308484656;0.8048522751581534;0.3389092666110889
0.2160808359789459;0.044272609017985465;0.36702107252058236
0.5523281333554845;0.7908903664860416;0.7143206213750182
0.41045654286377287;0.8231820456780574;0.4476329717906964
0.8539164760984365;0.1656114982147564;0.8425300492746616
0.37247586059786153;0.705297087317348;0.41457409812565416
0.5769286475638141;0.09079670168035714;0.22632248299397661
0.10142340591189614;0.15974674211808315;0.0546231148266465
0.9991419919375044;0.22881325424726306;0.4985981780947285
0.8977213484263183;0.7833645266534253;0.8523493868347308
0.9730535674757039;0.23436922133784388;0.8967517168808302
0.90671160678954;0.0444951252559902;0.2950823188955176
0.7340824559079786;0.48030042260625216;0.8159228405734238
0.11147217976299495;0.9438948711245392;0.20611908201398754
0.7056921337761634;0.7245947441963152;0.4386987310413407
0.36729728832547526;0.5467242108562982;0.2957640353169796
0.37369883118753133;0.8241300921437883;0.30674356444601447
0.9309924982643796;0.3622124139790385;0.6282129574588878
0.034592720233717955;0.41973302229947484;0.8440060143196287
0.013953204738155867;0.24585127956268937;0.22885770758200585
0.04686884964044069;0.30373802779497694;0.08971265286744623
0.13316816746256988;0.44465964906571687;0.0067392463221580545
0.921942062087612;0.25684843724538453;0.4046596946719422
0.9971644396409173;0.5166850072369625;0.45166198142257774
0.8180629305162759;0.03591475031032898;0.8648166134610891
0.12385227448528391;0.8044942448636349;0.6997828407542961
0.8558837685284266;0.07027111521756246;0.9468734111089104
0.6272306120037616;0.46141798154657643;0.864604002053575
0.04757024803624432;0.17004653079516352;0.38138545349985686
0.49518272115906803;0.610431716946548;0.341058587085303
0.6833319434742976;0.9334406134887989;0.022102648796764712
0.3335059510787488;0.3077764496683838;0.9352301312977052
0.9309795772946889;0.3422485924077687;0.3936101459207243
0.23392957869681208;0.21742915777061156;0.9122020646230493
0.02379911878723895;0.7543891553541164;0.9538267541873721
0.21651084806670562;0.9621576734995939;0.14584823570238126
0.7844864522733566;0.0741683851305015;0.1298668605082547
0.8146734945606954;0.08192737263527305;0.5742908939285782
0.2427545992805462;0.6137946247993877;0.7020973619127168
0.30072212514472985;0.7537169966875301;0.01783667148038315
0.22442913008993126;0.3339520890651645;0.13602160390686346
0.9384614981860856;0.17583876876635118;0.7670459905464492
0.539464772305693;0.4309218672359174;0.4429566816599695
0.8867244255818855;0.6641653519880556;0.9168344188237327
0.9190831413833627;0.7150277110329973;0.5213876400667643
0.6836606508286059;0.2942655830065978;0.33771981735070666
0.37523056736282634;0.5235803064157506;0.4772075293466532
0.2548094380039553;0.7647552074078977;0.7170049564824221
0.2816385526301759;0.3608614810853563;0.1553382784527998
0.5376590681605066;0.8388974692719373;0.9975602404889811
0.45165263242430775;0.6609946031113662;0.6266748640147416
0.138933809971598;0.4356983385611196;0.05816092026074515
0.4256832628245494;0.07689353779640673;0.9891300113857034
0.7603928658154337;0.0641793891505048;0.8361018324812507
0.03053568145035479;0.29474084854170746;0.11617708960241657
0.682385361473877;0.06474685989914442;0.2494494480024737
0.5205783946908052;0.8759933514489763;0.43408924063968324
0.32962470427554413;0.1860390703137761;0.7907335047628116
0.3597828757173759;0.6290354542531931;0.0742442264908928
0.4080800636774775;0.2819570164181133;0.2170759240838971
0.5636530080775737;0.6075370156695874;0.8278864161400237
0.807833077945131;0.7662668896141229;0.5033695644965659
0.8276783991675936;0.29360103899327816;0.12566490275614772
0.853338887372058;0.15986567173813804;0.6644268326341647
0.6616455143285208;0.6883527082234315;0.099075908793536
0.881108289767827;0.2636445219243261;0.5149896418180085
0.46681466355012347;0.09554248671402044;0.9145741208281225
0.3462563369709214;0.15919764755978016;0.5331076643531415
0.9265852998356751;0.42071465404338493;0.4876939364908752
0.8569612142933529;0.9878765408372714;0.6352898546679326
0.29688647153925296;0.4726435642753629;0.36230532522791137
0.47010610213435;0.734398338186843;0.18857841258587693
0.08397213195346565;0.8425692106867944;0.12516394069022652
0.21214482937645474;0.3641532924859888;0.012268054555954255
0.33535914692648383;0.00049642797373739;0.31096241668630664
0.7478072038067662;0.7991488017639318;0.5556256208490835
0.6480108898635186;0.4968448174028671;0.48179645027630646
0.12669661060055248;0.5929490535892541;0.6467067164448973
0.23003373272744354;0.2519677659729095;0.42596428125913
0.1536798966001166;0.051004770933344656;0.040020141266060794
0.02034780595839536;0.48483250327235483;0.8314303628591473
0.13581791525499687;0.2262519369412489;0.6619401531884781
0.6915088209387039;0.0377988380710752;0.020712275286149162
0.24366556184781074;0.07564581692281713;0.1720140968738728
0.3568711999454187;0.27345744648521086;0.5675779721627009
0.005389885328941246;0.8297989462393532;0.6732517141693793
0.48180204978470254;0.8511628237611897;0.8774081742056066
0.9015079739577515;0.5496116424180938;0.9111753196928734
0.01639894105570816;0.2616976431202165;0.8519656329493197
0.5949457428040518;0.8772048385428811;0.4784288740828879
0.5380628265336104;0.7186140493283628;0.07730118013340614
0.4108450390640398;0.6329152602232744;0.9538545856888057
0.0747777821872514;0.4329205418510157;0.8073392173829035
0.996145237607074;0.515698675593144;0.18642044137678004
0.44887993456393704;0.9359236171649904;0.3437595894149017
0.0633233199141543;0.08254768757426922;0.353206692478916
0.27590602354799454;0.06443473861065963;0.5799396305827396
0.07305464784148097;0.6765997714901596;0.1778790906890001
0.967815138752073;0.10022741578428362;0.13075887058079427
0.8118444911690207;0.9748053494143042;0.5533145776863125
0.8382747047250891;0.8099082642481102;0.00355985492234967
0.8373324929315017;0.05581538780458084;0.8792111681829672
0.25125260410789463;0.5418703343834755;0.6549334856000304
0.46988722249451753;0.30849752990737944;0.5272496111942043
0.4842912938763132;0.6826472464938482;0.5135822404129726
0.4732921245974009;0.9741289923756795;0.10258728683429508
0.07732057931445646;0.6119613864199718;0.6774169684810175
0.8843138808563975;0.767067060343371;0.420409296172755
0.7553362487356394;0.47529413498031237;0.7349791174652561
0.6055358132345442;0.9229003046569851;0.6208420889398613
0.677048606854519;0.4390862740006878;0.04468204295911282
0.022873138178838293;0.47753985834776835;0.6591984482703422
0.35628790710303937;0.9228502908283626;0.3358471923631078
0.043561615816115395;0.9324957115097658;0.7473231098207744
0.21757195659634954;0.040031043701583835;0.9801979844967079
0.7455786938685056;0.3800511833733665;0.5009527898040864
0.44981606749307756;0.14495432543057185;0.36650951170778534
0.5268404356486093;0.33228995386941107;0.755204556041269
0.4062048002768228;0.9388326113484694;0.0058884903850481285
0.08216222018977959;0.8360271675636806;0.8733525866128393
0.3914727200626591;0.05750538408212069;0.6936837945990543
0.6146946252727709;0.7220884418427052;0.558960931471345
0.04257656471018645;0.3816238715587663;0.960196089018693
0.8278609806767314;0.12227119803532716;0.3943895163694713
0.310911479629297;0.7795106434333765;0.10723321453952417
0.9401918945727424;0.9087818239721154;0.637959365702545
0.9475380320031582;0.5659812419434713;0.05539943149307747
0.3395822363557788;0.3440208562574931;0.37020345585791137
0.7771168371668459;0.7420060108151443;0.8395284919452033
0.26824271181499304;0.8889801044891581;0.4231877475737198
0.3617693099685343;0.9469427757382364;0.4816358927348351
0.29709131616918016;0.1781627534041127;0.3410051792258917
0.008900517728397062;0.1210016852581306;0.40909619300421596
0.13152431198761783;0.7325566099573009;0.6899344671881487
0.07944228286779231;0.4878964210196003;0.3334004795823361
0.09061545531762094;0.6647508475338324;0.959806537662277
0.2790451224746181;0.4168554160928786;0.827947188763455
0.6243047249094617;0.9939926070727971;0.36822659562238047
0.24177029447602438;0.8820128615854328;0.9861252836875548
0.4924391219236648;0.006912624803818379;0.8629697175222005
0.8482831896639086;0.3079455190696714;0.025714603175647444
0.022038857243849352;0.11617287333235837;0.1836953597245874
0.5432414722912006;0.6205587807911649;0.1560877702153215
0.49331640926728637;0.5238160261893197;0.008933750040807542
0.06773813729489109;0.6906145464102269;0.816150592847899
0.8506747945487654;0.5142636407955542;0.22572255750095538
0.7299785663000578;0.2662269946395053;0.05903959311367146
0.6455599713130873;0.9247669214805518;0.5905554344367728
0.6373636344005105;0.41229416928823304;0.6776237949218583
0.13884440945505505;0.19417630145924814;0.7831388459160247
0.6531754994633179;0.45048816620415566;0.33032590190449707
0.2535919639559634;0.8791127539531512;0.3394005498053898
0.5024586779287356;0.8936449758729941;0.2557494718206488
0.13442769073898464;0.3389128992664182;0.1781868855212707
0.5833491854764006;0.44195439134567005;0.7961057038949779
0.6989604206555512;0.43728244191769283;0.9793556863201531
0.8936535873038629;0.40828402794760654;0.6844222007037273
0.8210505310920906;0.44002243481376646;0.48070077072315454
0.6406179475624784;0.2508311418617054;0.06432401807824295
0.7037896616691699;0.2595456778289057;0.6961692947577962
0.1862783264492971;0.5153644846594871;0.24334620495018888
0.5833198198254151;0.22161799245801184;0.8019732168943912
0.1579048820317106;0.28754376759537514;0.6267402163480134
0.8312796102700812;0.2669311340653958;0.030867389135754375
0.3015878536783072;0.6843028043051693;0.0006702444501842653
0.5044437910262421;0.22020216967013384;0.018291360132386192
0.5228708844186266;0.3808653291272086;0.9125163992649041
0.9116514223843866;0.5333480819349522;0.5301147426865492
0.40440180888607435;0.6182633756989772;0.6326209170656786
0.4284540873657595;0.2625718168742347;0.004123348572360297
0.6709658037061157;0.865873050333898;0.6190058684553654
0.7279021545604077;0.14416277659661092;0.12539104179802607
0.2778969361778497;0.6639361675681672;0.8278796469345723
0.9925880075634204;0.12746717739609936;0.3041464397205844
0.29131384500544366;0.833914690527097;0.923449139496101
0.510184690244014;0.8436589410114811;0.14510189607045598
0.13667692647605933;0.45040328122880013;0.18580101944495653
0.5187477393149149;0.6574393894570909;0.8117969581925856
0.8401924047884851;0.8716688350261038;0.9565014563448733
0.46409569239685067;0.47721151501011627;0.509901171457807
0.745323088283402;0.16933841231192315;0.9133174811858568
0.12673682806503606;0.9820398165389225;0.8642117073959125
0.40479557230980245;0.4044484957468366;0.0377246717839943
0.9838237232690767;0.33626121213213167;0.5963114006302693
0.42059914991096947;0.14706391298240673;0.5139841196607854
0.5318859866545076;0.08150769526015167;0.9168482429134696
0.5924742354269259;0.3241699056548868;0.3822739345372538
0.04184799113279569;0.9123628379194891;0.7006538416976752
0.9606568171618575;0.5607131916857065;0.022015325743196534
0.13061560859956556;0.7776571951273028;0.12405209011094664
0.453252208648782;0.820337465755512;0.32232470279982917
0.8833156987564689;0.1984734462488803;0.4318689189198852
0.51111242305932;0.5650372396162107;0.2937540275412075
0.8259749370305174;0.07928707245762245;0.3572639502767073
0.9637920357729673;0.08579405935670803;0.2630049485917725
0.8742175237172038;0.17015391239527466;0.00855272348151459
0.20817126977797928;0.9982714509280892;0.3541837395807932
0.9200345372242232;0.5645243100751448;0.3163698069982167
0.9093430183383141;0.2252616490456456;0.19417253981372362
0.28141512734287866;0.7494743777083348;0.4481837305504769
0.5962140724656472;0.761152500314331;0.5097105487354673
0.599861704339536;0.6524569998606083;0.10123502325990175
0.9069224506637787;0.08488121374763002;0.4837037508601937
0.4153837306763397;0.4833459939907192;0.395171006254303
0.19038216641586403;0.9435319202231144;0.5295811589160246
0.8843435986232381;0.9571493855964704;0.2912601142798319
0.45944456042661974;0.4620106846497426;0.708086624076271
0.03396133169664883;0.13629204459283417;0.27976130647157227
0.267097829296146;0.7106531574019991;0.8279978969056858
0.8143785885429613;0.8284769991171707;0.29105091409201334
0.4578609466788195;0.7530124458341158;0.9936298297966214
0.9077278657167517;0.595107471234176;0.7671877789198236
0.8393254592900806;0.01982454996368943;0.6973726925402597
0.4550435983465576;0.03886702471712222;0.1031349120214039
0.615498396851879;0.3894361576487212;0.9105443288164268
0.3347787352124294;0.9032668949515161;0.5099778105093601
0.021303370307796277;0.6243113317204702;0.016453746152783943
0.7830321196669973;0.6173390232269782;0.7059141957256505
0.4863338969703176;0.3598246119003399;0.7652674260330435
0.7433371101355292;0.5026763851407509;0.39850478359726427
0.8314399247586416;0.49292142876121015;0.9093217167431403
0.07860817396160813;0.48757792388550814;0.008214052803268146
0.9516182143470551;0.857069608834121;0.6999495068964615
0.7234082078724736;0.943601678566643;0.42570661347647765
0.27371295402522067;0.41245344808613726;0.7693531899505749
0.053732162332774225;0.8357113864325763;0.885674306071729
0.3627174846723116;0.10355563680874358;0.8470624856225291
0.41331745760039695;0.4515418137699416;0.5326402573501039
0.16444341862186296;0.4428565633941216;0.8148831593468928
0.35949658083117786;0.6616115574953049;0.3178819692926391
0.43053899143399366;0.5127853504963529;0.32656670284595457
0.4328713430788582;0.8042115118309319;0.8253483990615965
0.3958798005141194;0.10838862551981732;0.7896409601614368
0.3336810255119348;0.7115279491200949;0.5735211323562818
0.274843869356293;0.4315342353126689;0.11930826700180519
0.08509207190061197;0.06170899694126086;0.945639647339332
0.020458501963539155;0.8030131599029251;0.25608998603349464
0.4404707278537333;0.1232378971897733;0.9596625397479287
0.9269517834456283;0.014462892674291461;0.3470526174283757
0.18133353082874304;0.7078987402188132;0.12789358267860573
0.16127721129337913;0.7694574583503102;0.006334761050051929
0.38265588638830195;0.9772497902268749;0.9002676154118588
0.3715291089339734;0.2698467572315918;0.8568527736130703
0.10683274828932043;0.10186599713345412;0.7804925241806255
0.9279661907056834;0.6072808065727445;0.7344830734532671
0.27729327111774515;0.3656698914841745;0.6136463207234497
0.07065301087724807;0.5523156000469358;0.09418830597121253
0.2983307087907896;0.6669943909469719;0.7524184073997031
0.5889599094138089;0.8347203033700897;0.45388864434188625
0.1268509206798315;0.487595970617026;0.16049216981414793
0.22498616677166483;0.7031903007153774;0.2740763599526662
0.9901961657552937;0.5185271899375716;0.7205801968267433
0.7641085410788361;0.9300037140486969;0.9687410248486991
0.7645763025539292;0.2628053792179452;0.8049853997505373
0.7300747841604901;0.7268197005948116;0.5512326677781171
0.5008478556193144;0.8633843710494791;0.6342540121179678
0.5807411023556462;0.5244783995775454;0.2858629223254163
0.019907748718688945;0.20351443197621855;0.33628199118232094
0.6912419025201344;0.11955085289003486;0.2513310555406748
0.37192187694985024;0.5444550745161929;0.5466901545792704
0.8261795167625166;0.7406787041634493;0.4141126376356875
0.19668912109786063;0.2623104719290892;0.1576705936989241
0.7946646704230811;0.18087534681422224;0.9083406694406299
0.7270142140547079;0.9784507433924655;0.7195425711890926
0.38638393267062854;0.18875563685540364;0.2272507111136497
0.3666327849499498;0.20543078050342967;0.41988320656572975
0.13309198248858967;0.7474792983663835;0.5483670770672284
0.7347648956521556;0.6682259923005094;0.642977397100236
0.9059016498170245;0.38584765477743166;0.1272120258746422
0.6237953986890366;0.5476406384157169;0.7849108056886956
0.8290442246316156;0.6875461740753066;0.8638440393291582
0.507562749998246;0.3385427421300581;0.10212389455740878
0.2692284991219127;0.45483518770331677;0.2302337948926263
0.7870962054246304;0.34929743044672545;0.7385400139965043
0.5962039993429159;0.9310995282013985;0.7517991196947406
0.512939916373174;0.7916142696256625;0.38923957577267587
0.6255653763578389;0.7046436490438711;0.2914124090834922
0.45391903358802854;0.5137023373047688;0.01606036879397521
0.4935726364417172;0.1983301065292149;0.5471011937885383
0.5883038675299836;0.3620533963550917;0.2223736705595999
0.48516963878377006;0.23316920742694558;0.011126107009386543
0.44000673392087863;0.20508485663059228;0.9717653352205072
0.18644688259231146;0.16500158708691348;0.013506325244189155
0.15901624305605477;0.7064405483851822;0.17629762710802277
0.1099470936261393;0.2534274635111031;0.8066345117724488
0.6448820219267515;0.324428173514016;0.0762656514991481
0.19688255144920108;0.0927587732537617;0.6930846690623998
0.7341665126243849;0.6717809820164088;0.4073580136543661
0.13001746527564673;0.045296941977556626;0.7927761729318418
0.033734646142361546;0.9004075522737881;0.9293583213360277
0.8939894584640524;0.9333797943680904;0.46949224025902603
0.06542928529694414;0.5023456324092234;0.5808331103190383
0.2473432898049408;0.15175912946322312;0.06649257418203902
0.24132847320927753;0.32915381863313575;0.5467460311965736
0.33564030295121294;0.3832366877078345;0.7775698395291586
0.7913306885730328;0.20840616478623664;0.3909180119553225
0.45960205572846824;0.8706932922759192;0.6709290590252276
0.15265536354308995;0.2820261369297232;0.1374913922825136
0.8724351495914877;0.5811649619712737;0.8525587727119965
0.6307989273181367;0.5440152797568238;0.5611813657489151
0.8073477341160475;0.6916868341459534;0.19892423585348362
0.4599094969890126;0.15354434707989773;0.36595124943792956
0.44585396929044274;0.7183720921762328;0.6918861557755975
0.3246843143717547;0.48729326686761154;0.04132943640504749
0.7836918137213418;0.24955220815441737;0.7901367441425821
0.9471602855235385;0.9884690572407681;0.1021182432686637
0.5404903506464399;0.08616246386623316;0.3771273696690136
0.18092861636077073;0.9153649220099661;0.9697964991473241
0.6122042127962831;0.07611558917170513;0.34037467747262384
0.3489443882973964;0.8680367773741431;0.7006622406633435
0.6869719616118904;0.38395477181684;0.7370568713714788
0.534876634036565;0.21613217527384543;0.2730972689393808
0.6789421597940472;0.8514551923415916;0.6235755598500133
0.9595838190806968;0.7401006223908554;0.655200627928965
0.45728877116481115;0.23438600404015397;0.8674800453347198
0.8222265214105497;0.9469510081834626;0.965579579131421
0.10199552169726667;0.9778241925804978;0.2704529819881969
0.3557541536067519;0.3207393929354988;0.11447570989908773
0.3069650327005172;0.23227347665333908;0.6731840005418718
0.29346300407786663;0.47320037514019986;0.6709687467393869
0.6671238956927841;0.8300438395655945;0.0857401445961612
0.6892736636168495;0.9963310131621701;0.6514704210584411
0.8313692419753735;0.4863345136318188;0.7019396225530955
0.17363096553228907;0.5775092480280019;0.41232236995025384
0.8715180440718612;0.3381831857091563;0.392888742899253
0.9179349617974806;0.8199305567424842;0.36837651073078226
0.5070996247631641;0.2358126276716942;0.6745652910489934
0.8618518665504828;0.4138990702671057;0.23529987873592728
0.8007138966986945;0.8932411718236326;0.26008250787945486
0.1259665611048073;0.07670964603064012;0.5927653343052868
0.9607207433087394;0.08880489064724595;0.7064931511405541
0.5552523943481096;0.1291000598861165;0.42900716940675887
0.9984306003583182;0.43167838113686363;0.8050623003160456
0.008949135754793947;0.3509036370979396;0.01523094751615861
0.25311099129395087;0.3357201012423954;0.9232382571694516
0.6878245700788629;0.4058744106148753;0.5467164837978917
0.8383524975782627;0.96462946860089;0.5553228978433632
0.6701194150884382;0.4494975925633917;0.697700743621905
0.19793923019516813;0.14996962642300604;0.5773397686197864
0.2561661869991033;0.23278226189456197;0.8818619075004249
0.9602360314586169;0.7996152548517319;0.3403214003689933
0.9484107153792503;0.8840471804991761;0.38550972421582463
0.8772766949527049;0.4569637644533824;0.7765152738556061
0.2523150095044333;0.03320265897519026;0.6954385912982587
0.17492978262784087;0.2935822227859143;0.41437728899776893
0.9121575852488143;0.24678542113222446;0.7783972617162072
0.023198671785821356;0.7546021941472362;0.760574160371198
0.47506673926660903;0.2457540321460835;0.5762991546446306
0.5611764588817065;0.24940642474251307;0.3723161679095025
0.1351202453738264;0.21718436414495268;0.5105094873533637
0.9095027379128391;0.3184212396500199;0.35440616633124133
0.5745011750568796;0.46739474748609167;0.8694549398769463
0.29059416535562177;0.4304668661330613;0.6119441973149019
0.792763973612701;0.22163275747966726;0.5770886841425762
0.18744831297848008;0.4141837820620923;0.17510823838615908
0.680516558652388;0.0703054550290253;0.6628060079252858
0.05475816793373134;0.5554420911957205;0.5911054550572858
0.22570213636468728;0.6991956958048224;0.4082184841766632
0.10889209729452265;0.978714443654449;0.20527763165377344
0.2961476994009311;0.33962473978702623;0.18214024744478963
0.6730739823787454;0.36807812167651244;0.14030442873398585
0.3724252795656551;0.21414608715528372;0.01045423569626136
0.994988706159892;0.4091252773487808;0.507596700386666
0.3561363909364694;0.8288306992431155;0.7504178416806926
0.20437743945397524;0.1867003776573407;0.8387256436629748
0.37969932469267864;0.8380915005453166;0.4125210960663619
0.6352791197912008;0.7715324235157264;0.5546750645172227
0.8823065384287115;0.9823437853484482;0.04301456306337659
0.03864441670383123;0.11239424675785448;0.43889963237470186
0.9365832616582103;0.4856893393838001;0.07448310430094962
0.6327731371071549;0.40415797033266154;0.6275031093065735
0.12219479350985518;0.14978882575924957;0.40858163243437273
0.41934148280766514;0.4528968682812635;0.7413101509215999
0.11007315540149776;0.5868015538138384;0.7199721306640426
0.12768651020503208;0.9421036027647156;0.9158736098874535
0.23410390846950968;0.8207950735996802;0.33267376193457665
0.07259340346616094;0.2379340420558168;0.7250906221585461
0.7164250465226945;0.5306443342460593;0.8281066153850768
0.9832843324747044;0.20933596004289334;0.9272232915244994
0.07643097905007212;0.7407506149344608;0.20200161876071232
0.12856783730343013;0.031141308486519637;0.5275400368455699
0.04235901940405096;0.5197777628477203;0.23534476232657464
0.06741198074743038;0.6212659331957422;0.15548466540807826
0.5107741488699539;0.4868119727897027;0.15318800048015102
0.7048205389417247;0.9923712653746602;0.7143972975345863
0.4947887751923207;0.00470481877634954;0.8708543203985177
0.7235500800756786;0.034572500283076235;0.22059071723038004
0.15303213479829592;0.19648795926386042;0.49211981619818235
0.8187694086989499;0.5666272081657938;0.5730040140712985
0.6773738449655367;0.20044226261916354;0.36406120232292605
0.8957473255721417;0.852011953122683;0.7564371171532065
0.3109443025307187;0.13121721046323032;0.3072585867744546
0.03772183391634909;0.05136698849062138;0.53706574199414
0.6633177616166915;0.3849547497036677;0.4758535909976246
0.7314317692446156;0.004777878212368414;0.20935895859237708
0.7450369645682868;0.7978144643711755;0.6373068836320952
0.18666212029687423;0.6507088408458106;0.5704526873953741
0.28632480669048754;0.3829081441468136;0.09648506137841917
0.7389600759132353;0.6411124447606967;0.9225858288178279
0.7115958256152077;0.31998911952864073;0.580594999223984
0.977628630252139;0.31433579226955866;0.8578187855843753
0.782984612875354;0.7719140678231965;0.34645787604034906
0.448300898661082;0.587495306063056;0.3530589704965512
0.08970411996030891;0.08220628817440456;0.9651089051048438
0.1241174868568663;0.327621063243839;0.9729036584200242
0.6619605878630693;0.25719775976898185;0.470991011309836
0.15716982954172243;0.8456264797750159;0.7979428770391452
0.8683844635610058;0.9953463067135117;0.04784138564142104
0.9835128556297374;0.8286862004391929;0.679171251049481
0.5920433703399814;0.3149582086860424;0.7746707353260581
0.13664517948713173;0.35745160298003276;0.5664394614210418
0.9482192147040149;0.6099610884076726;0.20806297353270675
0.033954836975447766;0.853155117450473;0.5841547845737358
0.21338977364156275;0.0140980819924037;0.977116412552349
0.8722741799138415;0.9898509276793054;0.03372945638939817
0.33677473982255335;0.0984385275761317;0.0605780277055884
0.6802638778365094;0.724724297321375;0.9763846509477556
0.475595337375336;0.4288494368242515;0.16695567326118543
0.23653120449151155;0.22959517970514132;0.6164807271185134
0.6132645711323925;0.08356008950972416;0.5877690665825075
0.4584569005699487;0.993397682536473;0.4065812544361501
0.22190234507665696;0.7140481178575669;0.7753356818421897
0.8139541536588827;0.07672157230032173;0.2672179852101456
0.3975737083790426;0.8839398099338954;0.2446929280842528
0.7070400609412776;0.20237524500366832;0.14336908564391027
0.4902805734941068;0.4532299856404979;0.2572408921065906
0.8957349084553841;0.22585650834362658;0.8637211971019308
0.9866153233787714;0.7024845207873287;0.9824220825906703
0.6085809881308832;0.32783430941922853;0.9075268433277304
0.36576186470676175;0.9175916058758138;0.4461976796713081
0.7059394566537868;0.27821505879742614;0.9924241890817875
0.9749682369507817;0.006463035214470447;0.04211340943870223
0.49275134490530004;0.6263997156066963;0.8372216036715563
0.44605668335386706;0.796243602594972;0.022942825245882092
0.2576268865279393;0.5949812642750456;0.5353113365843089
0.7799115086997597;0.9413688092959551;0.5609694776285055
0.1608865303245296;0.41001809055631233;0.45413448589894734
0.6580071073381899;0.5570670686016659;0.07701888435682469
0.6649038587790789;0.2433635205683573;0.7179115515521861
0.8911911627138757;0.05629838973645984;0.64404638601508
0.265416497515229;0.7921999474634144;0.7296195612064708
0.8397950392441539;0.009466305775713058;0.30254053514110324
0.9869908309161226;0.3552420973125312;0.765044144722912
0.8017575793814722;0.5800962198256334;0.40514997912732076
0.22078810765766022;0.00720573233544064;0.4129441659634323
0.16781307787589972;0.19736962005203162;0.20137681548524344
0.7630870407700817;0.3966733096940155;0.6750550536734893
0.9458018530391209;0.6356897169012526;0.745144979008443
0.8347607281751929;0.03137842699253002;0.2056841427069941
0.5865842077727942;0.5242567652002758;0.47424652982916227
0.4105828404443058;0.9194190060503226;0.1076227703404331
0.6632014382037469;0.3596459839856425;0.52980526041977
0.7619771129314411;0.8033912195755606;0.1261547295716915
0.790769716941591;0.7496395381350704;0.09995561133074538
0.12819916660976716;0.10294132520849508;0.7871555530511973
0.19051567431824756;0.6877947200666916;0.023632057966333275
0.27614447994833413;0.7946550970415698;0.2626805248828121
0.15001065269206515;0.20206468915858355;0.4802219135483109
0.3576679423829967;0.02115458452704544;0.33374316557302985
0.4633927393425262;0.31404355046688337;0.9571944986364664
0.27206092556680694;0.8599500850293798;0.6773991737456792
0.00854982103495705;0.6440688744146332;0.8496570392980642
0.8023329049789217;0.6432334462860319;0.15581497902658958
0.22888142069258421;0.38180291723397375;0.22529142554792558
0.29428288005615133;0.991213481327799;0.8639511855462405
0.24410402977252188;0.12002825935955586;0.2286264306543947
0.09937200394492118;0.830799411904849;0.2656408257801345
0.4055352616065522;0.47121186565831596;0.19524148426238452
0.07617566863072045;0.41810365911945224;0.4953813900887334
0.5046004998467565;0.7532140511343671;0.4832785625078059
0.010378568137241917;0.47007178714290476;0.8623179675889757
0.31675412815404913;0.3318304061850752;0.6868350424355074
0.9944768650499534;0.06629242129478907;0.17092838879416006
0.10555763414483965;0.4341038628020223;0.2816863750614538
0.296775768517868;0.4199346455371141;0.5643507425919261
0.5126082853289806;0.6631105950381124;0.0029594235494272425
0.2643300138342273;0.08961487722033623;0.25647903594789034
0.22911983164448202;0.901458195400483;0.4547515666909503
0.9675731457319907;0.037112365352929055;0.7747809965323401
0.31851208039476897;0.7443785443125897;0.3314343215260668
0.7036135185978857;0.4540283520282812;0.6436253802577255
0.06337472396245114;0.7668842959524329;0.7287755619439312
0.6381533697044681;0.8855629375752946;0.4810146278679399
0.7004640942535599;0.5534360430423938;0.13771068751103277
0.22513722554761506;0.4247720906592173;0.020550085431977005
0.44694013667521526;0.4766016453244355;0.33659154210710973
0.47439371960521015;0.647164053377125;0.19850230886909037
0.7685179550434993;0.4223747326344943;0.9001529494547447
0.26910451772708766;0.911379939921924;0.7575960811063723
0.6499214394052071;0.10295201134223375;0.324707046874678
0.8632767786008124;0.11680579844207784;0.21648107479453116
0.2635465731833714;0.5598880772685029;0.11537053079342074
0.3343019955957396;0.40191042052609005;0.6072094044131545
0.2187719135551932;0.13401084140187547;0.04663370563343583
0.5756608783403986;0.2233264041766555;0.9790975559138531
0.9189795043563078;0.871405447068106;0.03949790848170387
0.516944462961003;0.7750682677424201;0.557313329271097
0.9990654143884701;0.25362831073599224;0.469984118410525
0.7266900836810183;0.5077853849303403;0.9664989256098608
0.44451864511841277;0.830430833720456;0.8909361519045733
0.7104467209971757;0.3284664212257803;0.29874664464454603
0.18958933083095086;0.00041126594601792466;0.05498417794938981
0.9273290066355285;0.7105701506061035;0.5246542259261103
0.07814287157287292;0.28269945997744816;0.5811114856539127
0.10444317520203517;0.3182339639866416;0.0600222467730247
0.8712113561178171;0.6576274768702733;0.5867936377509891
0.6671242451684408;0.12267988538127728;0.23888639678702828
0.5684177310595595;0.8437759521619834;0.6838118818417089
0.11756700139465937;0.8434492512965052;0.45322325720536116
0.4406865449972168;0.9087982512725638;0.1876995282242525
0.8270785808334535;0.825262583198923;0.004601711644822926
0.8039829393463924;0.9420488705758547;0.3871423928963339
0.2582331101269483;0.4203448621525333;0.23157177473201462
0.5519060419284971;0.6020997159702393;0.5640461488451466
0.09364645660489734;0.20555488115394271;0.3507229883888815
0.15239493734400555;0.6562999413795938;0.274872238983099
0.6704712170291748;0.42353948748222525;0.2266833613544018
0.21247933364570748;0.3181980325739773;0.8498643516137192
0.07500482866499714;0.6354957655377416;0.16445526899149632
0.6922482242986033;0.7141674502566344;0.6653855676273976
0.02037558722352939;0.6825750396702521;0.9884553056438566
0.8904720399778767;0.8132602223011548;0.2789404506688583
0.40079242727019204;0.9940141269618613;0.09453181441307668
0.5128638356985031;0.4669220603712372;0.6866594913691213
0.6383850179156517;0.44741027050685567;0.6210066843010124
0.30371449500399617;0.10551709157584355;0.36504264212889614
0.5977258983308499;0.04039850675032519;0.9662339628473748
0.7295655447862298;0.7955853569590748;0.4561979592300388
0.39543986866337744;0.02398132401389874;0.38730644655646973
0.35447506527197126;0.1493579048782967;0.015972414585351036
0.6947205065514414;0.7992719607225937;0.7567787650312422
0.1395353122102675;0.051334086470972706;0.35563321734123055
0.6917776940933849;0.5752633299074018;0.0548085538056764
0.9540032475973521;0.6753059977736057;0.13975013231266764
0.6292514682066885;0.4817956624196327;0.7883305134112076
0.4328498522997114;0.546089597914428;0.914307008335667
0.27015475430030955;0.8426777238591143;0.9134635786127723
0.5095044287542949;0.21182174830571676;0.8715488042550555
0.5388916884782745;0.06113086434993076;0.8189055544365944
0.24299440065047684;0.19342753691594328;0.1555748535910989
0.39501967122254655;0.39233743611065175;0.13642285596111348
0.7238905132228124;0.014477092376036338;0.8838294403464285
0.5336485553259683;0.9855789704682569;0.6141179041143711
0.532489280738915;0.49131756159752304;0.2657693636635663
0.2976788243947265;0.8104219835519537;0.40553951558254453
0.7159030191492488;0.38552130278661;0.7373238848917889
0.8416209828331398;0.2359054969449229;0.2650076864350194
0.5821777504413225;0.7810298834272846;0.8870284746267596
0.0936922022937623;0.7581381641725111;0.9025417009232932
0.4226089249284851;0.2585862635573495;0.5353787229826849
0.3174205112216564;0.814910478734403;0.6047088572674063
0.16859190802958468;0.6671609354993876;0.031848671862502176
0.6603582819952626;0.4540503265351332;0.15490420936949012
0.30781349183199125;0.026098097659290942;0.4500831396011008
0.9111820406014974;0.9418892928209069;0.029189635484350385
0.37301011401095596;0.14969951409147197;0.5388313154640948
0.5545506727767083;0.8273116091665063;0.3557634281616918
0.5645336945042138;0.6751047614398892;0.6447608780986097
0.6281869323516862;0.8803390975557472;0.2861373110607549
0.4153498112378545;0.019625500848129085;0.7688123721704624
0.6646176044330163;0.3781175009187555;0.2599839350088501
0.3917790776726383;0.8066121366947725;0.08632179034761689
0.7960421818274386;0.45381839300846805;0.14126123193378126
0.27242515888697116;0.5816886121373935;0.3366035602690818
0.42856629159903414;0.2330597665116183;0.4356041921607803
0.4572999830077039;0.10464498456683713;0.8119413986349834
0.9724887399590547;0.5427000538145514;0.02229868196131668
0.31080016090066176;0.4365162437335731;0.30847369536371705
0.20677671101399298;0.9606991905880788;0.29690535814359886
0.34867646154627596;0.12254686176777063;0.6600371975742083
0.24504284266779752;0.12355680020706439;0.43171306281888977
0.90391504829243;0.5123009934276496;0.28166593387220784
0.41518443882047007;0.4431583309101156;0.6740864997841599
0.8893839930526709;0.9763052399313161;0.2100079025113354
0.08576595975485346;0.18999663154495816;0.17289368800297178
0.36958722556719004;0.7640795059546663;0.8625143027708203
0.00953303734288824;0.9682305875353278;0.8496392972495379
0.28653283300482757;0.3145706084156936;0.8655342195901189
0.6582961189115533;0.18884350406753514;0.90430862849504
0.46562262397495424;0.5358015034343341;0.22658506436721104
0.20129028949477112;0.08097719190319175;0.6743408114029887
0.1131990003508968;0.9183202115531188;0.4334300151414121
0.170881106014788;0.750533097135052;0.9501361300977055
0.28225701534558256;0.19855394700595475;0.9189326177170878
0.2586278793983088;0.019891633735674596;0.47797748371663884
0.9751173422311924;0.645115345758959;0.6295784644567199
0.18128981017177848;0.25715587211354574;0.6570469392333536
0.7573033234665647;0.2608813842790969;0.47312156304709296
0.9920501525481248;0.4688980013680325;0.9845153354766846
0.9166640092357247;0.6420628789487343;0.24435591985690364
0.34879556197179173;0.7240633350576965;0.087089676819324
0.6334783024243197;0.187382129790167;0.022631198686748788
0.5011242563908227;0.2540911343800495;0.24572030435221615
0.2892530304468205;0.8887355238987534;0.6619610975132814
0.1910785677182122;0.10363171439198604;0.0570423180413232
0.21115620634363297;0.5784505991663034;0.13525369144268096
0.7468675222215654;0.5953439591326021;0.39321548793422156
0.5835269301488138;0.5384942533686983;0.4231854787643876
0.41536719536578715;0.12043444208902676;0.15141283408457495
0.026839819652850316;0.576098016569588;0.6028668157403894
0.8099952072118394;0.16796721447009844;0.18342063594985858
0.9474080544914073;0.2030947561942571;0.5447090774333092
0.8490371329560678;0.40906170353527826;0.1830680918827723
0.40064196059706236;0.5657335929310988;0.6510983949670552
0.7360412187836399;0.46739984687911473;0.9836959460482743
0.7521163694368265;0.9688409291572403;0.4695358329585272
0.8807410216036339;0.39894506917016814;0.9992710186107115
0.23640077902802847;0.7872320427723571;0.7844771201567896
0.655283114046468;0.46118907267021725;0.8909447551819939
0.4564664895691307;0.5802732522820745;0.802512446092057
0.42822138534060195;0.9625560213978992;0.20163081108673342
0.8029689563789726;0.49338740151401583;0.1285745993182016
0.3167338977623232;0.26309979590590193;0.7270805516455673
0.16132775272798838;0.6066467337795431;0.6178672601348851
0.22325028804722202;0.5614917943993849;0.005945569889238889
0.1569053789454603;0.6335976789253848;0.6960561980049633
0.4976744633161245;0.21038171888877688;0.9203021773367536
0.8560319435773482;0.8060812986004706;0.8314268568617419
0.7901202921962258;0.03258810072842355;0.5287398231849577
0.7611785615289383;0.08139209981914142;0.1462171199121719
0.7563829732342006;0.3317896977620708;0.1162258124943103
0.6236852148057744;0.6455473437156193;0.66463719556267
0.008849653108286448;0.2035419456573;0.7760276696446228
0.47130416828436805;0.8910645798027729;0.5569939586579921
0.9119328988024301;0.7645325964165376;0.008071637335566706
0.5763940456355291;0.11711246315774437;0.41860563635681847
0.15481486308529202;0.36484467749501037;0.572174744633505
0.8347254051951112;0.9617816248808345;0.41889251079027223
0.5854767384747048;0.799362781982751;0.9570516831056893
0.2348780730829665;0.9570205109385755;0.24533515308746223
0.5716475748384999;0.7113085045732367;0.3038713924630617
0.3819430444555084;0.17113712391836344;0.7262979024778763
0.8303539387559742;0.1237792026581006;0.517483362764649
0.7659614374652335;0.6315802594692974;0.5683703738380563
0.7913521612832009;0.3231311742060732;0.010055492789857956
0.676933364500791;0.4614806892352554;0.14186372689297877
0.11949144553562863;0.4825462722840752;0.4941296093606129
0.28865607443845087;0.9114964115690134;0.5713500615199775
0.12600566626211618;0.23147597020012134;0.2092178387557626
0.6721939859281817;0.6982569238101484;0.38655834220921126
0.4760305696028394;0.8314730451873344;0.6364191226244511
0.38505830037398714;0.6557968297818475;0.7525591425769013
0.8618217657534946;0.10761407892799124;0.8341625278698933
0.9815613480432764;0.9635229890603617;0.685607958263457
0.3529038069513639;0.6978507518389007;0.048668953393635306
0.6643177824233872;0.09889511900822123;0.7771738692031842
0.7573676648975041;0.41089982019411575;0.9760762577430872
0.1252019430003063;0.9732576808785796;0.1946870433854777
0.4956455810751521;0.24810489978071837;0.8224385556651357
0.11532369341197501;0.00545953460387294;0.7077589585566402
0.6295765502707645;0.9641267969870212;0.6678668019404707
0.22663183136840948;0.2007214694781715;0.19402218323747444
0.5740502900273343;0.3083720037561726;0.9777372524026577
0.9052161355808434;0.07211318067449302;0.443756579532815
0.335629109823657;0.7398956996628975;0.8700324044574134
0.908473476383696;0.0005345521674389175;0.9948969271394728
0.7699324539271744;0.01578564433483054;0.22194855110629386
0.03658433552265228;0.23744964757951004;0.41184063011909755
0.7814708529213007;0.8426557403366793;0.05075957399893083
0.3615431172413681;0.21688627987639653;0.8974144215810623
0.8038547888071987;0.12637811057021375;0.1449373372767634
0.16571369915797407;0.15960699630362163;0.2804359808096323
0.9480058744427178;0.987262195148977;0.3015928911352326
0.9982662597588148;0.9585065231195653;0.7682796202016935
0.007115756842303478;0.016556098183413526;0.23864147550158432
0.08552754451922817;0.7159134835823378;0.9423797699233549
0.8170842887248453;0.8429364154926571;0.6148150894207259
0.3215192010648714;0.16605455444973094;0.6795970188392038
0.9247834653178097;0.946360237166174;0.3702121609834992
0.9811711416970393;0.7976658929292858;0.0791149864389975
0.7209827616674217;0.8958225733667318;0.34437407961508537
0.8344762269157449;0.3750969887595852;0.35738511025826336
0.02602147877636396;0.08116504517875234;0.024357896294321058
0.9828912800052308;0.4408795775092511;0.14712669953074853
0.5170973909325233;0.47991890936723325;0.8344955948663729
0.4265268425282229;0.13015002869570524;0.21055443619497893
0.9052644135302892;0.7562348186061769;0.5670788318683234
0.23008238576845508;0.010669398964971655;0.5641859278412985
0.4446697652547006;0.8360538334840568;0.1459215526204195
0.5004087237767775;0.7143319471876814;0.8641929362998331
0.11158749332692897;0.834798042573959;0.6945503099041279
0.7450734802126793;0.8210033159348957;0.8048511484695157
0.18938052139465478;0.5588447188992813;0.9441678560883652
0.6967960653310813;0.785621749220317;0.05461989351252139
0.5702021205630786;0.8152787412499501;0.4778687234742336
0.040753097823554185;0.46720061956862713;0.701078863621944
0.6465307309371238;0.6817430974174414;0.666062674177959
0.2077183224081235;0.14515990746673402;0.1806126183642992
0.9305109167150413;0.9216654788771761;0.3730936040083197
0.5576600347877401;0.26862569785192414;0.37657763503850894
0.2679559561617795;0.01402332906050019;0.9735066962787274
0.2930210186005757;0.24102466326848093;0.211096541689757
0.2017047411815872;0.4508954133611319;0.09745372930028362
0.24583113445865012;0.35117211073780463;0.2826132145014504
0.22770083043729894;0.011254365421472179;0.10125540023993052
0.20608411075362676;0.9355560537050551;0.33309800453278193
0.022577699274419438;0.0877265940183739;0.2740589205003775
0.7464537966970672;0.9073515441850892;0.24199311763651266
0.9316497019507187;0.010015365300257484;0.847269583640234
0.31443053530335574;0.40497081292764026;0.40285491643784466
0.3371117149517978;0.7832761884868622;0.2684131400133841
0.5544023625022715;0.8895619073949212;0.22548086989943827
0.7160177206433271;0.4779049580923782;0.08642927947419377
0.3087569600753133;0.24642404022705888;0.9911774688731828
0.25430745704755064;0.23432850326774946;0.9139274866336026
0.10451577914403809;0.3175145624276853;0.45674528082622723
0.09636910995975223;0.18043563659336803;0.8720759542032182
0.9064693288092035;0.9624932134596882;0.6102510001669001
0.7404562018517505;0.06057473141482361;0.47410353341952616
0.31854122326332523;0.27894258407824735;0.3469107346476962
0.6659381988017972;0.3259589848174207;0.9801832645198199
0.8651089512800977;0.06772408799852991;0.9410396309047379
0.8265293669912034;0.02109026739123321;0.6516994882424473
0.2028992837180249;0.2090202091700234;0.16370052066870044
0.5634506466390355;0.41122278112622146;0.7360934251563753
0.7657362692581854;0.8272593021442651;0.9877841627124775
0.3909775616108564;0.9351090068900675;0.8591993956619783
0.25682033340972554;0.0450295199980707;0.5431495860244003
0.13354647272743203;0.22408592734860777;0.028581618099820516
0.1268081767212107;0.563230638235082;0.64948207024779
0.18654333721420857;0.6418914291320259;0.2834646829687131
0.002645754612187412;0.3333503194796036;0.3188704610326625
0.2890929652581532;0.6986017488600652;0.4062188079552923
0.3088420578299248;0.2447780203450226;0.2875044660219085
0.17480147879365504;0.5954117442877941;0.4866883592043434
0.9213595345548121;0.9015547228643889;0.504010235124735
0.5414080647081059;0.026795359689346765;0.17376465855954348
0.6883808722227849;0.9703673352827447;0.5140257299115818
0.02433750224133613;0.19002918336893537;0.48273447898321176
0.2911258047126378;0.3520844109552601;0.17828045437594886
0.7391389386975665;0.9668764748250647;0.4039660113435116
0.8120864401745834;0.6598924576471803;0.23713543714798524
0.17251279736737368;0.8370429242791227;0.45611278647073894
0.14887319669933896;0.18880721471711504;0.46714736167623716
0.15618601753011463;0.25679410727274343;0.8906486856971293
0.2997601222571169;0.7825393461119834;0.28502112061805396
0.9361591292330483;0.7799162301504597;0.5039012555908082
0.15272264886772347;0.1761831140680633;0.1382483535269211
0.9130269806887615;0.11076253701165506;0.14858239352710134
0.3370066766480374;0.6417732900021281;0.07670670683429992
0.8192558285629432;0.5021874810891739;0.9869251768737427
0.6738872904752793;0.4018906463404228;0.962360951491114
0.3513127741021108;0.6056216289449541;0.009727878125332157
0.09389358397132741;0.9037095271518112;0.3123940137501632
0.3450351732135487;0.9508310348127469;0.2858100138014642
0.3807914608175832;0.4773872787782376;0.8193688993834064
0.8027527895315588;0.47368740576444546;0.21858880071852382
0.7699727170428777;0.5347905371701873;0.045148037013118536
0.8339013896033917;0.44937817769964883;0.2858396732283972
0.6947544639192778;0.8629281341240516;0.25363276476721397
0.011704488987777206;0.9749520494556514;0.09416002091033282
0.18303639708777908;0.18580183759764002;0.6818130453648712
0.028253329550034345;0.8198170751716515;0.26678023600196554
0.9304648667287876;0.9102657089133451;0.900769680056946
0.3133958098275996;0.8836408508159762;0.48931506412792725
0.1311259953539914;0.059597894559997866;0.25696477701810927
0.4475284733538136;0.4534462650682334;0.8668431470261969
0.021034461888024714;0.9703636342307861;0.5353710339487847
0.29733913852087934;0.9264131807026369;0.03581433912588916
0.13750762572735908;0.45662401608707237;0.9892282260774271
0.4373247588719261;0.3740293194279066;0.11384803615512984
0.168158434962408;0.9405213640412391;0.7049677152532903
0.8755836822706458;0.51942656003138;0.6819509101035932
0.2679563730185127;0.34105847598680483;0.013859155971565618
0.10043027468169963;0.8968068526399459;0.47224806265313324
0.7092916171901154;0.809243352127;0.0034619920173781793
0.5589300298355211;0.695380839599245;0.11551887756052093
0.6102662440186859;0.9295949351246672;0.622200108175229
0.516973467240354;0.014884733476195677;0.9581619889438786
0.5100105848960684;0.9029497229487355;0.4795161423628065
0.2447413868696401;0.41781960975329124;0.7909453684130217
0.02487617783090501;0.12383799573682186;0.3604745863383739
0.058097578680393114;0.3649411708399293;0.5381006271432901
0.5973949454438462;0.04965613184237805;0.03163359411843869
0.8284473525940542;0.6507069842218789;0.15784283991432757
0.0529075855671457;0.9314962486332106;0.43178070564263815
0.9856012741939508;0.9748149863812043;0.23548890848201265
0.26309879994433105;0.39297569469573435;0.6439388629138321
0.5030573157921486;0.24762472254890733;0.1638687348391864
0.3380317144814272;0.5870184815750239;0.8755880979122967
0.7858374297667631;0.3987193670667093;0.26969043688034156
0.17007275182072334;0.1990663065904965;0.5102297026576095
0.3091960799012444;0.9188113030780078;0.46974120766643845
0.770027341172313;0.9930272894781373;0.5475828598112427
0.9862635433182649;0.19008192659767742;0.9729319491980379
0.02758015250221224;0.4540410128308545;0.193695335364807
0.1820276730319178;0.311025213916019;0.8081225765880495
0.6888599766284903;0.9986913912220824;0.1175222039648448
0.45557026244044796;0.9091398584787547;0.7905757852601644
0.7026172076548013;0.5234440890492071;0.6068566273857838
0.9170148943318324;0.10263432461153066;0.8500628618265059
0.3406396971782545;0.8507329442144318;0.7790941571236022
0.20194687608802286;0.2595697057730093;0.18348306401510228
0.91580909470526;0.7498758158379998;0.887697495360971
0.016148281470304227;0.43255015158016974;0.3072966894292286
0.0001795812825782228;0.8436075668345698;0.19787947331031086
0.25151257376785263;0.65220302404309;0.6522905916216704
0.2667488411842166;0.5484672432197306;0.10809009753598531
0.7563632206440105;0.9761107911479815;0.7683689582522055
0.2830522696939738;0.21493148147874996;0.5898900632551871
0.6808622984145819;0.1677007359097844;0.3849082810624428
0.8693238242865724;0.47826346633569583;0.335432221312556
0.9372523958478197;0.08172362007068334;0.6859039547670386
0.47612139824069477;0.3796146388013696;0.3790364537189703
0.8710202589865453;0.7766402340930646;0.15408629902966997
0.906287480750499;0.9739394254238911;0.39832910056691206
0.9580241910233862;0.09770423055401778;0.6730425008822962
0.02764300928473351;0.8113258610867563;0.31482233757364764
0.5023848422922719;0.18837300127550782;0.7545810475093145
0.9881562063355424;0.457424096760203;0.811111391490275
0.23231933981671093;0.6884419041662428;0.21365460921814072
0.41645655096225376;0.2989300352109;0.6949241843501189
0.5272823545462133;0.2348262942512418;0.729603407366731
0.8915839863293783;0.6848065132066404;0.641906649657972
0.4982860596449519;0.866387143173627;0.8731244558927693
0.4738802904982634;0.6436232124557805;0.41398526595748797
0.6917687892924155;0.43857049125728254;0.7220084438258502
0.04100352094475701;0.8406225414413779;0.5080183578013523
0.5336841532266606;0.20087589572412334;0.6583295302960889
0.6638740614711726;0.3891075751364792;0.8729682469753212
0.8146342144696614;0.06499380284893952;0.7691727675732029
0.6596549403669496;0.6059080701019216;0.3395720681019052
0.16751058007195174;0.6603077177701977;0.44209919864999525
0.8810164915076031;0.30204001037528927;0.40860501287372275
0.975138495570504;0.49103025045523907;0.323218823478743
0.0306431742724671;0.09957676599532472;0.405076937652071
0.7795373327419091;0.9414467727160108;0.32084666571638276
0.19748120541650416;0.14306861537691873;0.5554121544087189
0.38075618648403764;0.5246029773068563;0.3409335813157264
0.2346643609493838;0.9631065653645596;0.8236656047274469
0.9226574046572401;0.4626682681838008;0.048219899608327066
0.6379103377149518;0.31810280184531337;0.6795776590697634
0.5488343504004644;0.122596333769464;0.15106915807182864
0.3693563800273454;0.12898289542963548;0.26168071683799377
0.6052159260806788;0.24340665108289317;0.7467600803084912
0.17195593571343148;0.11384311729525931;0.7962538725051473
0.19952734637800784;0.10052476979314962;0.8947522577530724
0.14443809820988218;0.03695919022324723;0.32836808580255483
0.21800334618113892;0.1004770012784435;0.6614679446603552
0.026266799722410306;0.3363683388253471;0.7292740891133447
0.3575235261368451;0.21191154403717216;0.7014498475482702
0.8394290484978905;0.3435001317775759;0.7419794798644018
0.6940161457549368;0.5946838948924328;0.7035693106515096
0.3426312275081118;0.46449652940516395;0.2704096131568815
0.9338167568976098;0.9511391172748914;0.012995753673156862
0.010043586055688336;0.5037129661354249;0.43254726542665867
0.3673397579251565;0.08141075950437604;0.825684947531538
0.01400672371729228;0.6057837045249619;0.7138535378391175
0.43612727478342894;0.7308647578620712;0.5166649359157656
0.16904873732699044;0.2119140876617317;0.9948035614891279
0.37573514410052666;0.5199192957950595;0.9391876409204222
0.934175234373873;0.24601735264323632;0.7816875620829735
0.3723488280240337;0.4672466823563065;0.8675184929476243
0.7689277199655212;0.12689024714036845;0.16586451886456588
0.8864107483322293;0.0683446248725339;0.2670780567051878
0.1753567142520106;0.00710295821381457;0.9206772553980107
0.254989666592623;0.2797948138525487;0.31624668113766685
0.05247736605339626;0.6494639336513603;0.1673285687123649
0.17840645446355552;0.3608204518639132;0.6153164000366028
0.8662687578767654;0.55857331873669;0.8862452298891645
0.2220909877918752;0.7375068302102937;0.9008495689453255
0.21330647955249338;0.3622945751730827;0.508809786211689
0.8078277318780955;0.7926381393999729;0.5821352870653171
0.7680039111257482;0.659372724987071;0.008338968149172121
0.40550494746037136;0.22641964185349295;0.002738870112484526
0.3182025291034851;0.9859381415082223;0.09116935093422485
0.5629020518903222;0.4789486703020247;0.40829841664817457
0.5650614070847533;0.3307452435158553;0.275208830383635
0.21247424667316628;0.5465530741225832;0.5470576678329009
0.7311762806731117;0.40749213062378076;0.9854177457782161
0.014943836880932038;0.743783033192357;0.35851704108749316
0.5679255435850491;0.8616178360000379;0.6596084853796792
0.7491047446561186;0.09336976433982769;0.5361116116643947
0.14127336829566028;0.9034288269419677;0.5714197395354423
0.653703418671659;0.5494193453443444;0.9106245019686271
0.6213131810586083;0.18922389086364766;0.14462248225613827
0.1107107977038787;0.6200672711456093;0.05347645510280419
0.9021323037878757;0.7857574280159969;0.9329949065150187
0.6714061845293281;0.702775023745599;0.8196523307354147
0.07155553212008614;0.8146213532845257;0.5608323826746553
0.8726037644678619;0.8590973851370469;0.04829715152938885
0.5292223981934239;0.2871003873810787;0.6304370201248957
0.4424073958141519;0.8707564956619617;0.09105984843071158
0.6758069753264;0.9409848636905497;0.4768978486462778
0.5430403339645448;0.8971708466940239;0.06826852449973242
0.6551912478833267;0.7871167960251315;0.749695585898444
0.4572887707504256;0.5561207457209273;0.7825345716258395
0.8025941819868928;0.9749717186861402;0.1370420268197612
0.12093881051127542;0.8986100062375927;0.2873640697515335
0.9411734911742093;0.510224790648325;0.23129636698465217
0.07660135354617181;0.26571045598520804;0.28972112128725636
0.7189950066249379;0.15991621182047733;0.7335910892319677
0.33270901397327957;0.025361142663379965;0.10540479672508085
0.023612192288623213;0.9815601345905951;0.59430031306468
0.4549515508229557;0.19058882401501698;0.24219254168317916
0.7958285446240383;0.4223910851385334;0.2985697782181146
0.1812278455843933;0.09696948729180532;0.15913681583049388
0.9696566894462856;0.9887892346972588;0.6435458889684482
0.29994203085766746;0.40230573754250354;0.6581392528103941
0.6360964973951706;0.13845875545862962;0.48852849444796553
0.1764299832869055;0.6263465259756664;0.5113968568954919
0.5915103940619292;0.9651248055328782;0.2644049234754713
0.22595511771067467;0.2539206360730032;0.5195042451466657
0.38133678336608945;0.24128693493304598;0.328496485645125
0.8123121234391282;0.07055033513403686;0.1680686471124574
0.2886934512991265;0.37136597491530354;0.05872049038287652
0.05482724317308196;0.2691614248336899;0.1334117589060081
0.15694409100232476;0.4560505248047354;0.9873174882902919
0.41667258152678677;0.7904845275585106;0.18322690714622636
0.35123566678167817;0.4572505702337385;0.5679936600727719
0.9778702893384743;0.9377614479949705;0.804257011430077
0.3030117800775919;0.726108415183658;0.5547380048332909
0.3396915257549252;0.9287643310764293;0.018459491806178563
0.7314260729755584;0.8576101626850393;0.12448110871532947
0.941257351315091;0.6348681380403066;0.6042876276063769
0.36255425040792066;0.867014559040377;0.2396661964282275
0.9051133125860635;0.8883373334520693;0.6900539433321569
0.26585979464086607;0.7849403439601941;0.02861039668036125
0.31128726905199755;0.7731638260320652;0.052849945261785325
0.10724241496750242;0.9774781023496781;0.9052523023172768
0.4617911409706815;0.16061798405248806;0.5389457344102895
0.8504838751806606;0.2896001528165496;0.07260511594785224
0.2779562530281986;0.5935583807093024;0.5465254167149018
0.8756852440679407;0.1393462737144039;0.7042044422048797
0.6975384784820837;0.6392051922876253;0.13422682025906485
0.6716376923705171;0.9008678393422697;0.7642862707811567
0.16887274604867686;0.017813983030841807;0.15138276234323444
0.8296848520587325;0.5968965138334799;0.1976107489796316
0.7454744109196653;0.9960048371387719;0.31381316673205084
0.039259938890089274;0.40433191048850026;0.13643352196820213
0.8922241669907981;0.46967466069124064;0.6099600110490448
0.4536760757407089;0.9493733853665308;0.3614148649787803
0.40720768712420463;0.12400319738864474;0.27644671308978597
0.6025860458742331;0.6614418151197327;0.6066482733756521
0.6102274919690764;0.9513971292235447;0.5851049489458368
0.3212529824905629;0.9144513679027847;0.8326680793907737
0.6345028506613383;0.5786630945696292;0.581312407131144
0.1003509087972978;0.7325277356530411;0.8146721834528851
0.062433700885422994;0.30148599877999926;0.9971125744668489
0.04476799380364849;0.7718546414300684;0.21524231020741258
0.3700217335233932;0.7007204354243798;0.18115034885912273
0.35395679707904626;0.9415376300960249;0.029458314900468352
0.35975249882015226;0.6043506536728185;0.3805461015575379
0.9193203170849197;0.4890022789894046;0.11237287405858021
0.17206494533753358;0.5987210658198336;0.18602528760987114
0.058664580490784046;0.8131756895155071;0.7589563983372716
0.9033086803105673;0.012936367919222258;0.036090238242944994
0.23890495269535095;0.3505019333992273;0.8048666629210718
0.2725760048391258;0.02239167789797647;0.07798159478197852
0.12132194315471578;0.6433564987613226;0.15468997978260468
0.2965319919836523;0.6615726240737816;0.6892349159182671
0.08840599611744104;0.15848150218690116;0.6520725978922631
0.068270345827246;0.18158885051563478;0.30116511913757904
0.5913272989628325;0.7129144828618349;0.9151956079524434
0.30387242450319984;0.009506806061877038;0.9239866805238828
0.1644770212746035;0.622547846190261;0.6109778598568281
0.34451505018544826;0.5389167892876312;0.03554043782393779
0.49256324760702586;0.440073347376183;0.6934011097393067
0.009491032593827886;0.21536331389762486;0.6650160783200759
0.3988951477436732;0.33089699528754435;0.642873554256909
0.8955592328387023;0.2108374251945283;0.17280960708969184
0.1795628283689379;0.4255692628705512;0.8473770656252123
0.801940650737695;0.5707595826904289;0.36479152436745144
0.71453137806875;0.16020399380605932;0.01883830535172626
0.186186617188704;0.7303139878161885;0.5077248870268362
0.3529712338724843;0.803540481971178;0.870827219730003
0.5789445867892112;0.3688036111825981;0.7458071751483166
0.7532530802252385;0.8301870644677211;0.22805569914553603
0.9731628237827288;0.6112287572137671;0.5217977304015381
0.24804263708583663;0.2779138640055635;0.8819974636565235
0.5299507061460207;0.7255400768234633;0.17117995698158184
0.373595268486812;0.29466339859020674;0.5396867459567389
0.6542829308554752;0.5478709176969788;0.7673941311467957
0.3052763228897366;0.992227026752298;0.9647280276135475
0.6899713877272168;0.5895801662801075;0.8787983325122353
0.913345423993744;0.48774013025691243;0.5671866674644563
0.9351423197019907;0.6806816026626771;0.5461840879466779
0.9435748643424501;0.7327691370564219;0.6661491432002117
0.5671780951380198;0.3929414642283302;0.47468250196619766
0.28823919147008414;0.27474361141808823;0.17554262274461951
0.12245840922237561;0.731660323169942;0.740307365177187
0.7794797345099123;0.07513957319960995;0.8383415138646582
0.5677227355583503;0.3132645457547083;0.9274720751758313
0.5593640936242773;0.8114217671033117;0.9973283358671461
0.8900969366484217;0.13986923722148625;0.9987143022657567
0.5688126227784405;0.4055966146018638;0.4683811652817801
0.12202214362055408;0.5502516167302901;0.005984586279055959
0.12160104378769598;0.959716059953188;0.16468298395933556
0.3901676607853559;0.05325737863720281;0.3367721145829726
0.5060593560471238;0.9759304878040636;0.4195075264903174
0.33201632554524063;0.22923704197770833;0.1505583957990302
0.17592008148984095;0.5927845358892889;0.4654822620663063
0.4032272035857447;0.5130872906055727;0.7608305894013189
0.2806853767942713;0.26095765874488175;0.1735323058199617
0.6585236621445444;0.6701652691576733;0.06931902482010577
0.1099492630275335;0.4928069647034812;0.8888795020863737
0.23551240392850725;0.28363373823449367;0.1269013539716629
0.49380448178496006;0.08148001545881756;0.48355811901502666
0.6832717742572413;0.7529288416759428;0.9226676834659994
0.7376735013393153;0.0676266085908912;0.5851518646100236
0.8578252407832178;0.2977566843266639;0.8939626806330176
0.7854078277858644;0.28664697096535485;0.16431365171092482
0.19135682925919273;0.9792942809798912;0.7131198049114504
0.6306811318993281;0.4576733147468086;0.3351106824407071
0.5853431281414003;0.19262558671394248;0.12180334454460606
0.4251379692715165;0.6067216650531078;0.30641029993140445
0.02763437493563503;0.9717327288097994;0.8454692708692658
0.18829604166623537;0.8058480822589756;0.24417069784838474
0.9407093533360339;0.032770249126726214;0.363012934313221
0.7747498223611562;0.23981873383358387;0.7059896920949489
0.7608663058371741;0.8462897040932368;0.28749686763465077
0.4767573506678834;0.23900426759163673;0.8656551311561592
0.2318856735610546;0.5206602449576634;0.190389120527777
0.6692922429179329;0.6154667661627504;0.01301893818289801
0.8830956771727593;0.5526223368566878;0.4119123645524977
0.41358151634193374;0.43075650795443177;0.2617252777697757
0.1908001524886429;0.04245454769439572;0.3746502758984662
0.3654103598164914;0.7780228715718152;0.05443767040082359
0.4126279335024333;0.6085207300653028;0.8850734284595072
0.991851917134738;0.20031757600736655;0.6550483640665514
0.3805172205725751;0.283283266070227;0.7307609975812482
0.40266283464369224;0.922394918013061;0.5758325775509617
0.050649644013909145;0.7091425380690577;0.20618944595627386
0.8938220044274715;0.2700302498767827;0.7512912021638863
0.2873751981954371;0.3350710077004466;0.29940006078871095
0.5339246017919833;0.03246366745429574;0.2891725876565361
0.41651964485802173;0.38397020809700444;0.10215993358522946
0.8628336587458348;0.499766323794551;0.27325849436959593
0.4448600294734565;0.02592109738549042;0.3034057694436396
0.6334719417550796;0.598358324297742;0.17506786581878742
0.6589062112699362;0.21502833912434305;0.39482425611778726
0.21838341772904757;0.35142821183078765;0.821119614864571
0.0939675606582242;0.8615997041871878;0.3212941263028728
0.7545341076896075;0.7818402233745291;0.567570463410888
0.758115135742076;0.04685314231243498;0.6440974338203329
0.5900462178799658;0.5262756528227781;0.49764925702993745
0.7922336157342669;0.5379595300297558;0.9132781733147465
0.4534988685035033;0.962776466632646;0.7120083805102485
0.5315292260549803;0.3506723625818483;0.3640021022924398
0.7524198721544254;0.35523880773643257;0.42305325291386486
0.39862803749842013;0.3901927257142571;0.530914105271123
0.5110785412074917;0.05483700503127764;0.13915743109444123
0.5754159316389903;0.15660468637610192;0.030915375339207518
0.8568314235314556;0.930758588212408;0.3340759745097597
0.015718705882524664;0.7065703987451306;0.38327939159628255
0.2963264935438432;0.4570472923054586;0.7427682906390974
0.8490992262357684;0.033826503404147834;0.6573838068397888
0.3908815301652161;0.029814651796112424;0.5781116835037718
0.05366937421970963;0.5695598738360086;0.9538893049401452
0.4761100874152947;0.5360105206553591;0.9791217005914511
0.29813186369424394;0.10583922462075579;0.3849494620762921
0.6970885168044704;0.6545535350793598;0.4109415845801875
0.4998205824369192;0.4183064630999165;0.4964628942380537
0.8064244554382223;0.29872058222993214;0.7044169775606453
0.42294016495523146;0.7557824554442615;0.4943256639032799
0.6089222945856179;0.14982706584285;0.8628327436416512
0.2880221010680497;0.6655998439964805;0.30390851274879427
0.18647858042325782;0.12386279015244683;0.21455963387253996
0.6163133958245558;0.31657846251078503;0.19523772959945496
0.42795635287909484;0.05502561171923992;0.9554286077743803
0.26348017217210584;0.32511788439183653;0.9210391237275839
0.7498884071299613;0.08633929443638344;0.9577943149440515
0.5451824211299209;0.5555575651389554;0.8030891984224093
0.799239426696418;0.18144027935616613;0.9685020404263895
0.7427989785626895;0.6236791704137661;0.1477002290164603
0.44761230737905244;0.06517891217497729;0.4910966309722312
0.8046885847777929;0.25609489711243605;0.5939067992319293
0.9487839328937777;0.17548626972017334;0.2631881067685512
0.6879940870149409;0.1739254453175173;0.5890248168509686
0.3268401042695336;0.5445020581918434;0.18043695574179452
0.4917950513947803;0.13277574574153894;0.7403633574923749
0.941024811641467;0.17271847222819092;0.7676984637281073
0.22320303891952276;0.251755268301186;0.4863979085933884
0.3650867133084241;0.98405736790425;0.73797440695799
0.8330564841232649;0.8149013794415061;0.9080964284717263
0.1889777801024609;0.6829002996564496;0.7024460657056145
0.23868858895895906;0.1893988663646533;0.5815411772169444
0.8006562625868829;0.8236865609286108;0.7660749831040015
0.7812068241384021;0.5971547749140022;0.7717779332008585
0.4735588975591204;0.23249116171952366;0.6215102520725712
0.469202511481158;0.33571489159673595;0.2969094363104352
0.6326801910113921;0.5182635798718928;0.4644136066547412
0.4816650695137267;0.672539533102042;0.6253099602250515
0.7220982513105851;0.7730173525946287;0.43674497844856597
0.5963039917965868;0.8207692527962958;0.8297743859141258
0.43840476415778507;0.16299036388405252;0.8072656866274098
0.4778382247003996;0.4458395798845476;0.08229974711413013
0.7641085107122982;0.6471015559119835;0.79522745829079
0.3229969341946941;0.7956032765277089;0.6398605812168572
0.2079595815376698;0.8664594846183482;0.46903263143295515
0.9256029612711408;0.3917522909161141;0.5215600846914613
0.6880566309964837;0.9694049974614947;0.5086874201543047
0.1749149611668558;0.17201284880842704;0.9802978839569152
0.7834483728650463;0.4353057630161151;0.07432705993410105
0.8852495356216958;0.10939934744818747;0.39967469157948066
0.3560062311325395;0.2263651291626887;0.6096855436182247
0.9674185520182966;0.7289207367733338;0.11402270090067768
0.6857807780649718;0.5144435599706603;0.46910053250833705
0.11169887610476226;0.341056870337595;0.7342083775345171
0.6541379260857761;0.2948777974668664;0.004100610889068768
0.42359837767250796;0.27529943627672715;0.278647122770573
0.990708649166076;0.003844326404551457;0.09516359582701617
0.558149610389568;0.8730323555354982;0.7432508566432037
0.8959446913865745;0.5760256656409449;0.6782702857433073
0.2052825098714922;0.7219643594792543;0.22026157801935853
0.7545223097816584;0.8618471869464113;0.15879396947365643
0.6007164867336753;0.6925793619871178;0.29933358011854283
0.5327959667958824;0.6315765183601909;0.31510141855034113
0.20156384542462336;0.5559894491632511;0.7154875838623541
0.015835182172432072;0.04810161437109217;0.41535476767472634
0.7705926876293538;0.9866913897489986;0.7310838595698022
0.5192474246913684;0.7188122114482333;0.46864717527191657
0.8132113256418949;0.7744966363707603;0.0662597112004899
0.01603886461013304;0.8262888139511858;0.6238571679214515
0.6222722375516844;0.2531691865964546;0.9719815657951043
0.8158821744439301;0.3650596358480379;0.9032258055401211
0.685525444533396;0.7176299269863435;0.17102517964345842
0.2692146841217853;0.16897358796023243;0.41748346161991023
0.5470369804864202;0.18534004831119189;0.8195356883823495
0.8980053213254524;0.37714541815302804;0.6570819247917852
0.35569371025406815;0.009231472000527985;0.545078368269284
0.17816630074422823;0.3092009328074633;0.7771079691132113
0.43405789382567994;0.22773418993176298;0.5406747235587708
0.3632056182537017;0.18870878107514777;0.157958370528692
0.8502915414084111;0.21313058618814285;0.29834466797988046
0.9065683360911254;0.5189932556179855;0.8514231650295734
0.415421707071161;0.21968064847167956;0.7591852723875554
0.49009317439836164;0.35601097271729343;0.17113904177146655
0.8348246166299294;0.9177595269609925;0.6775644096188611
0.5875371856092998;0.048538665314810325;0.6050095654785143
0.6621773863279707;0.492708265767531;0.4460235629865372
0.3734604120828957;0.9024450815726037;0.34074378720928244
0.9484477805783739;0.050739411912277044;0.625769916249041
0.6563574528921652;0.7736106169805642;0.170673560991506
0.7478046546623582;0.32034396967422807;0.7645937911252869
0.07640053778794631;0.3434176076142653;0.5158273671422051
0.6650061218865788;0.2503136835024332;0.0070593358841057885
0.4817354614734184;0.38038585541569314;0.40575927564017356
0.28238304623165;0.9266016365474247;0.4732438209906846
0.4834799675892889;0.3684153068088978;0.7604543790952162
0.9050984248840084;0.33356818544774747;0.6840833292352106
0.8052201723740351;0.7056845176192118;0.8139074797849575
0.3783013710551363;0.19024628066137184;0.33403442446227993
0.13497426224961995;0.05450709059073533;0.15116802166690202
0.8959591373718054;0.3066065488428209;0.4828247232918784
0.46793177025179766;0.9993386623867307;0.04007331141017134
0.5219039284782822;0.15857680983097466;0.24342902757760465
0.7560757219456109;0.13126492097125697;0.7412775015983598
0.6959372121505735;0.7799380963306878;0.7264721662583269
0.08649060089446481;0.9457567569806851;0.31321541814369824
0.7862780056490193;0.1389310597984995;0.005804408110006709
0.5333987281246794;0.7709327970038012;0.9560134022949769
0.7800472431347969;0.04290422639170921;0.38872599701507293
0.40327023501760484;0.7069940941267053;0.156651066744669
0.827183600520117;0.277756046420646;0.29369911078565414
0.6991872813244707;0.23875965566005686;0.7375895301426824
0.9269112334560313;0.3137501327868446;0.5454593102220179
0.13555650310330603;0.8348057271444034;0.974673894099853
0.6949572235867904;0.5112748073287378;0.11865190670274728
0.6376561662891156;0.9188725277613001;0.7818514223241804
0.7090763171044343;0.05901609110984485;0.9732927632373432
0.4052323624959976;0.3170402767037249;0.2524523161434089
0.6824149852418063;0.044377017967960786;0.29471538749064763
0.8403965631889647;0.07184499445554837;0.6576011169800257
0.21940373409648817;0.2560424864658071;0.028960055037719146
0.9036367212524686;0.4328523225565578;0.8999271122761392
0.3836740422343583;0.9810972836432851;0.7586725338353473
0.5202684547966954;0.8374491572880235;0.24538333575879423
0.12939605041185975;0.11252460986313306;0.7614851915167982
0.8173229060940101;0.6619042664202641;0.6247300902450632
0.8522788776810704;0.14969161064963854;0.17281504728781905
0.9727463085672514;0.7807913879330719;0.18124995484466544
0.4337405834202722;0.4038815803531828;0.828060316491757
0.39889972391458595;0.0014881927151930707;0.5041290987276321
0.38732368226921965;0.3086277292218865;0.5857163279078732
0.6343137781947682;0.8871755686415632;0.23407348434172603
0.2969568833701183;0.39199553814165244;0.14883961218149167
0.8802034727156647;0.04218855516686637;0.27813631555621554
0.8516575834717249;0.087606229055046;0.9051033819761198
0.6867398605383231;0.5973080499742947;0.960247979685571
0.5457785694365646;0.09257048572642179;0.08612121871559242
0.12088953536986502;0.7686400871095446;0.3907182822049202
0.7395305259098822;0.8050602184465743;0.7642786281992902
0.8649005887381129;0.5259481252231066;0.9548154997395372
0.6808747702148246;0.07626331321474344;0.11293891008670875
0.671988055718837;0.05284549011975492;0.8601867946447415
0.8067124850018881;0.16042508914620524;0.3558243105300689
0.5080793171912432;0.5903461121671663;0.43255068144717657
0.6335894645559829;0.7215862845053963;0.815679249842088
0.1929302048158793;0.5274908828745921;0.4707199306073575
0.11793893411963063;0.1297769217154643;0.9126853841236949
0.49752490742016453;0.4528163353488188;0.925508352851343
0.3066044952678669;0.6930324782104357;0.2750228200799074
0.9143588111922522;0.4925860966978448;0.3437556935254311
0.5994955518072631;0.4080042332676791;0.7845709623682138
0.3294358076270685;0.8851165182794908;0.5946469147491314
0.6750073180092908;0.7592348878291804;0.8045115705711666
0.5532039208557418;0.8364436941440822;0.40893877093868614
0.25883921104648944;0.5355659200872053;0.4677331750091718
0.3809244836954646;0.11356839499566795;0.5860457445851835
0.37194549571689095;0.9612630604835795;0.8775627138036352
0.9360643909335621;0.9220983735077728;0.20977937634240051
0.4146923767499855;0.005220670000485539;0.5777119958486944
0.6274956515317449;0.0821293741822926;0.6576001426212801
0.6678511331230435;0.44525165265103994;0.7862797191607751
0.9565392492642603;0.9818862420507727;0.5704808664069292
0.0647894209212766;0.6452801135986624;0.1006053171390201
0.8917897240447653;0.5164783582067513;0.20459479358934163
0.6500783630620405;0.19015354396869955;0.5824673264577916
0.7884279158372087;0.9087773886711624;0.08283811641878136
0.19269322584502357;0.5860012593732299;0.09323779093783591
0.39439703688261685;0.21107967854830134;0.10333625109189948
0.8738230871248759;0.11945362409398885;0.49072645906085954
0.7323433713810126;0.806762783436212;0.5642110545053762
0.1743801146231736;0.386672431656643;0.6436530409390341
0.17914419384720837;0.14931726530869982;0.7440570129307087
0.04828312117014444;0.31209409200578553;0.8871786083433043
0.48311071722327725;0.7859546148966755;0.25728308668766575
0.47331512289888056;0.35733869900050186;0.3186433747956774
0.3393054765067909;0.9636257644101077;0.15106726439259466
0.5505951338871512;0.7103096265250365;0.7252651972294452
0.8118427079181589;0.9548466581760394;0.4409504312808862
0.51625010785361;0.4917503450159789;0.8501610680178203
0.5999521053714791;0.09425978982777838;0.05722572622082989
0.7755935619680768;0.7599951787272201;0.6359655186649703
0.9293629565310534;0.4695405861639955;0.9160033140950866
0.4521130045749072;0.9019624536670954;0.7221582944509308
0.7260455582671316;0.5409748188509078;0.4827075611082672
0.4773230905951663;0.7136403269967383;0.8785959628818868
0.17457123279911435;0.1034537102432952;0.24459407443119918
0.5733063554697969;0.4265778596965921;0.5079577079107903
0.4434339379289711;0.13254413368375928;0.3313736409414245
0.748093731912985;0.947661477810879;0.20401827558463048
0.9072412989800493;0.7946777268319678;0.8210816999213836
0.001437856724730735;0.22732099639786207;0.022234129935434832
0.7266046842842019;0.6253382481134014;0.23637284142141057
0.8292679482883667;0.4593143178477651;0.000500123005650166
0.8926949419108977;0.8053445095496311;0.5769677688780815
0.3245241198530855;0.849266186985163;0.5494235244311262
0.7923975396993514;0.9610014489854104;0.6049871120765199
0.267166049810761;0.3750406748070747;0.5654207667909426
0.21724032103262914;0.9538167286645284;0.5101467790100377
0.9214182966216903;0.43003858238209003;0.8139384959761456
0.11262800139526963;0.28975687948627094;0.5859426432562712
0.04939705063983246;0.49698074513543933;0.06858557077730654
0.2670640092375346;0.1141529343490244;0.6627828380273784
